qseqid	sseqid	stitle	pident	length	mismatch	gapopen	qstart	qend	sstart	send	evalue	bitscore	uniprot_acc	uniprot_full
C1hpah	sp|Q6Q271.1|	RecName: Full=p-hydroxyphenylacetate 3-hydroxylase, reductase component; AltName: Full=4-HPA 3-monooxygenase small component; AltName: Full=Flavin:NAD(+) oxidoreductase; AltName: Full=p-hydroxyphenylacetate 3-hydroxylase C1 component [Acinetobacter baumannii]	66.456	158	53	0	7	480	10	167	6.25e-68	212	Q6Q271	Q6Q271.1
C2hpah	sp|Q6Q272.1|	RecName: Full=p-hydroxyphenylacetate 3-hydroxylase, oxygenase component; AltName: Full=4-HPA 3-hydroxylase; AltName: Full=4-HPA 3-monooxygenase large component; AltName: Full=p-hydroxyphenylacetate 3-hydroxylase C2 component [Acinetobacter baumannii]	71.279	383	110	0	19	1167	40	422	0	587	Q6Q272	Q6Q272.1
COQ3_1	sp|Q5JPI9.3|	RecName: Full=EEF1A lysine methyltransferase 2; AltName: Full=Methyltransferase-like protein 10; AltName: Full=Protein-lysine N-methyltransferase METTL10 [Homo sapiens]	31.452	124	67	6	496	831	80	197	5.25e-8	56.6	Q5JPI9	Q5JPI9.3
COQ3_2	sp|P31049.1|	RecName: Full=Probable fatty acid methyltransferase; AltName: Full=ORF3; AltName: Full=S-adenosylmethionine-dependent methyltransferase; Short=AdoMet-MT; Short=SAM-MT [Pseudomonas putida]	77.411	394	89	0	1	1182	1	394	0	624	P31049	P31049.1
COQ5_2	sp|A0QUV5.1|	RecName: Full=Probable S-adenosylmethionine-dependent methyltransferase MSMEG_2350/MSMEI_2290 [Mycolicibacterium smegmatis MC2 155]	33.333	141	85	4	154	573	49	181	1.99e-11	65.5	A0QUV5	A0QUV5.1
FCS1	sp|A0A2P1BT06.1|	RecName: Full=Trans-feruloyl-CoA synthase FCS1; AltName: Full=Feruloyl coenzyme A synthetase; AltName: Full=Trans-feruloyl-CoA synthetase [unidentified prokaryotic organism]	32.603	365	218	7	22	1056	10	366	1.7099999999999998e-35	146	A0A2P1BT06	A0A2P1BT06.1
LhpG	sp|Q08IB7.1|	RecName: Full=Alpha-ketoglutaric semialdehyde dehydrogenase 3; Short=alphaKGSA dehydrogenase 3; AltName: Full=2,5-dioxovalerate dehydrogenase 3; AltName: Full=KGSADH-III [Azospirillum brasilense]	63.209	511	187	1	1	1530	1	511	0	608	Q08IB7	Q08IB7.1
QRSL1	sp|Q60CK8.1|	RecName: Full=Glutamyl-tRNA(Gln) amidotransferase subunit A; Short=Glu-ADT subunit A [Methylococcus capsulatus str. Bath]	36.937	222	128	5	19	678	5	216	5.2600000000000004e-21	99.8	Q60CK8	Q60CK8.1
aaaT	sp|P46854.1|	RecName: Full=L-amino acid N-acetyltransferase AaaT; AltName: Full=L-methionine N-acetyltransferase; AltName: Full=L-phenylalanine N-acetyltransferase [Escherichia coli K-12]	39.375	160	96	1	22	501	4	162	3.1e-36	126	P46854	P46854.1
aaeA_1	sp|P76185.2|	RecName: Full=Uncharacterized protein YdhJ [Escherichia coli K-12]	44.318	264	142	3	61	843	22	283	5.72e-64	205	P76185	P76185.2
aaeA_2	sp|P76185.2|	RecName: Full=Uncharacterized protein YdhJ [Escherichia coli K-12]	43.254	252	142	1	103	855	32	283	1.4799999999999999e-68	218	P76185	P76185.2
aaeB_1	sp|A4THF0.1|	RecName: Full=p-hydroxybenzoic acid efflux pump subunit AaeB; Short=pHBA efflux pump protein B [Yersinia pestis Pestoides F]	38.012	171	97	1	52	537	4	174	7.48e-15	81.6	A4THF0	A4THF0.1
aaeB_2	sp|P24128.1|	RecName: Full=Fusaric acid resistance protein FusC [Burkholderia cepacia]	44.509	346	189	3	463	1500	1	343	5.43e-74	246	P24128	P24128.1
aam_1	sp|K9NBS6.1|	RecName: Full=Acylamidase [Rhodococcus erythropolis]	37.773	458	275	8	19	1368	9	464	1.16e-71	237	K9NBS6	K9NBS6.1
aam_2	sp|K9NBS6.1|	RecName: Full=Acylamidase [Rhodococcus erythropolis]	34.598	448	229	8	31	1218	10	445	2.6899999999999997e-41	155	K9NBS6	K9NBS6.1
aat	sp|C3JY59.1|	RecName: Full=Leucyl/phenylalanyl-tRNA--protein transferase; AltName: Full=L/F-transferase; AltName: Full=Leucyltransferase; AltName: Full=Phenyalanyltransferase [Pseudomonas [fluorescens] SBW25]	93.363	226	15	0	1	678	1	226	1.0699999999999998e-159	443	C3JY59	C3JY59.1
aatB	sp|P58350.1|	RecName: Full=Aspartate aminotransferase; Short=AAT; Short=AspAT; AltName: Full=Putative 2-aminoadipate transaminase; AltName: Full=Transaminase A [Sinorhizobium meliloti 1021]	49.114	395	200	1	16	1197	15	409	2.51e-112	337	P58350	P58350.1
abaF	sp|P16482.1|	RecName: Full=Citrate-proton symporter; AltName: Full=Citrate carrier protein; AltName: Full=Citrate transporter [Klebsiella pneumoniae]	31.436	404	268	4	85	1281	36	435	6.35e-54	189	P16482	P16482.1
abaQ	sp|P0DPR4.1|	RecName: Full=Quinolone resistance transporter [Acinetobacter baumannii]	73.827	405	105	1	73	1284	25	429	0	533	P0DPR4	P0DPR4.1
accA1_1	sp|Q96RQ3.3|	RecName: Full=Methylcrotonoyl-CoA carboxylase subunit alpha, mitochondrial; Short=MCCase subunit alpha; AltName: Full=3-methylcrotonyl-CoA carboxylase 1; AltName: Full=3-methylcrotonyl-CoA carboxylase biotin-containing subunit; AltName: Full=3-methylcrotonyl-CoA:carbon dioxide ligase subunit alpha; Flags: Precursor [Homo sapiens]	43.517	671	341	11	10	1920	49	715	1.0799999999999998e-180	533	Q96RQ3	Q96RQ3.3
accA1_2	sp|Q54KE6.1|	RecName: Full=Methylcrotonoyl-CoA carboxylase subunit alpha, mitochondrial; Short=MCCase subunit alpha; AltName: Full=3-methylcrotonyl-CoA carboxylase 1; AltName: Full=3-methylcrotonyl-CoA carboxylase biotin-containing subunit; AltName: Full=3-methylcrotonyl-CoA:carbon dioxide ligase subunit alpha; Flags: Precursor [Dictyostelium discoideum]	46.2	671	322	5	10	1911	30	698	0	550	Q54KE6	Q54KE6.1
accA_1	sp|Q8T2J9.2|	RecName: Full=Methylcrotonoyl-CoA carboxylase beta chain, mitochondrial; Short=MCCase subunit beta; AltName: Full=3-methylcrotonyl-CoA carboxylase 2; AltName: Full=3-methylcrotonyl-CoA carboxylase non-biotin-containing subunit; AltName: Full=3-methylcrotonyl-CoA:carbon dioxide ligase subunit beta; Flags: Precursor [Dictyostelium discoideum]	43.068	541	298	6	7	1614	53	588	6.759999999999998e-145	432	Q8T2J9	Q8T2J9.2
accA_2	sp|C3K6H2.1|	RecName: Full=Acetyl-coenzyme A carboxylase carboxyl transferase subunit alpha; Short=ACCase subunit alpha; Short=Acetyl-CoA carboxylase carboxyltransferase subunit alpha [Pseudomonas [fluorescens] SBW25]	98.73	315	4	0	1	945	1	315	0	600	C3K6H2	C3K6H2.1
accB	sp|P37799.1|	RecName: Full=Biotin carboxyl carrier protein of acetyl-CoA carboxylase; Short=BCCP [Pseudomonas aeruginosa PAO1]	73.718	156	37	1	1	456	1	156	4.29e-62	191	P37799	P37799.1
accC	sp|P37798.1|	RecName: Full=Biotin carboxylase; AltName: Full=Acetyl-coenzyme A carboxylase biotin carboxylase subunit A [Pseudomonas aeruginosa PAO1]	83.07	443	75	0	22	1350	2	444	0	753	P37798	P37798.1
accD	sp|Q4KEZ8.1|	RecName: Full=Acetyl-coenzyme A carboxylase carboxyl transferase subunit beta; Short=ACCase subunit beta; Short=Acetyl-CoA carboxylase carboxyltransferase subunit beta [Pseudomonas protegens Pf-5]	94.118	306	18	0	1	918	1	306	0	569	Q4KEZ8	Q4KEZ8.1
acdA_1	sp|P34275.2|	RecName: Full=Probable acyl-CoA dehydrogenase 6; AltName: Full=Probable isovaleryl-CoA dehydrogenase; Short=IVD [Caenorhabditis elegans]	51.064	376	183	1	1	1125	23	398	2.4199999999999997e-136	398	P34275	P34275.2
acdA_2	sp|P45867.1|	RecName: Full=Acyl-CoA dehydrogenase [Bacillus subtilis subsp. subtilis str. 168]	43.896	385	203	4	1	1140	1	377	7.2299999999999996e-90	278	P45867	P45867.1
aceA	sp|P51066.2|	RecName: Full=Isocitrate lyase; Short=ICL; AltName: Full=Isocitrase; AltName: Full=Isocitratase [Salmonella enterica subsp. enterica serovar Typhimurium str. LT2]	72.665	439	111	4	10	1320	3	434	0	667	P51066	P51066.2
aceE_1	sp|Q59637.2|	RecName: Full=Pyruvate dehydrogenase E1 component; Short=PDH E1 component [Pseudomonas aeruginosa PAO1]	87.188	882	112	1	1	2643	1	882	0	1635	Q59637	Q59637.2
aceE_2	sp|Q59637.2|	RecName: Full=Pyruvate dehydrogenase E1 component; Short=PDH E1 component [Pseudomonas aeruginosa PAO1]	55.468	887	380	6	37	2676	4	882	0	936	Q59637	Q59637.2
aceF	sp|Q59638.2|	RecName: Full=Dihydrolipoyllysine-residue acetyltransferase component of pyruvate dehydrogenase complex; AltName: Full=Dihydrolipoamide acetyltransferase component of pyruvate dehydrogenase complex; AltName: Full=E2 [Pseudomonas aeruginosa PAO1]	74.317	549	138	2	1	1644	1	547	0	606	Q59638	Q59638.2
aceK	sp|Q3KGE4.1|	RecName: Full=Isocitrate dehydrogenase kinase/phosphatase; Short=IDH kinase/phosphatase; Short=IDHK/P [Pseudomonas fluorescens Pf0-1]	88.652	564	62	1	13	1704	7	568	0	988	Q3KGE4	Q3KGE4.1
ackA	sp|B3QA57.1|	RecName: Full=Acetate kinase; AltName: Full=Acetokinase [Rhodopseudomonas palustris TIE-1]	48.515	404	178	9	22	1188	4	392	2.62e-111	335	B3QA57	B3QA57.1
acnA	sp|Q9I3F5.1|	RecName: Full=Aconitate hydratase A; Short=ACN; Short=Aconitase; AltName: Full=(2R,3S)-2-methylisocitrate dehydratase; AltName: Full=(2S,3R)-3-hydroxybutane-1,2,3-tricarboxylate dehydratase; AltName: Full=Iron-responsive protein-like; Short=IRP-like; AltName: Full=Probable 2-methyl-cis-aconitate hydratase; AltName: Full=RNA-binding protein [Pseudomonas aeruginosa PAO1]	83.974	911	145	1	1	2733	1	910	0	1515	Q9I3F5	Q9I3F5.1
acnB_2	sp|Q9I2V5.1|	RecName: Full=Aconitate hydratase B; Short=ACN; Short=Aconitase; AltName: Full=(2R,3S)-2-methylisocitrate dehydratase; AltName: Full=(2S,3R)-3-hydroxybutane-1,2,3-tricarboxylate dehydratase; AltName: Full=2-methyl-cis-aconitate hydratase; AltName: Full=Iron-responsive protein-like; Short=IRP-like; AltName: Full=RNA-binding protein [Pseudomonas aeruginosa PAO1]	85.386	869	127	0	16	2622	1	869	0	1500	Q9I2V5	Q9I2V5.1
acnD_1	sp|Q8EJW3.1|	RecName: Full=2-methylcitrate dehydratase (2-methyl-trans-aconitate forming); AltName: Full=Aconitate hydratase; Short=ACN; Short=Aconitase [Shewanella oneidensis MR-1]	83.488	860	142	0	1	2580	5	864	0	1479	Q8EJW3	Q8EJW3.1
acoR_1	sp|P28614.2|	RecName: Full=Acetoin catabolism regulatory protein [Cupriavidus necator H16]	41.297	632	332	9	85	1890	32	654	6.33e-128	395	P28614	P28614.2
acoR_2	sp|P28614.2|	RecName: Full=Acetoin catabolism regulatory protein [Cupriavidus necator H16]	35.659	645	358	11	1	1821	25	650	7.81e-104	331	P28614	P28614.2
acpH	sp|A1JNT5.1|	RecName: Full=Acyl carrier protein phosphodiesterase; Short=ACP phosphodiesterase [Yersinia enterocolitica subsp. enterocolitica 8081]	37.306	193	119	2	1	573	1	193	2.51e-36	128	A1JNT5	A1JNT5.1
acpP_1	sp|Q8XSU8.1|	RecName: Full=Acyl carrier protein 2; Short=ACP 2 [Ralstonia pseudosolanacearum GMI1000]	45.57	79	43	0	7	243	2	80	5.28e-17	71.6	Q8XSU8	Q8XSU8.1
acpP_3	sp|C3K0N3.1|	RecName: Full=Acyl carrier protein; Short=ACP [Pseudomonas [fluorescens] SBW25]	97.436	78	2	0	1	234	1	78	6.069999999999999e-35	116	C3K0N3	C3K0N3.1
acrA	sp|P0AE06.1|	RecName: Full=Multidrug efflux pump subunit AcrA; AltName: Full=AcrAB-TolC multidrug efflux pump subunit AcrA; AltName: Full=Acridine resistance protein A; AltName: Full=Membrane fusion protein AcrA; Flags: Precursor [Escherichia coli K-12]	43.575	358	199	3	55	1122	21	377	5.11e-81	256	P0AE06	P0AE06.1
acrB	sp|P24177.3|	RecName: Full=Probable aminoglycoside efflux pump; AltName: Full=Acriflavine resistance protein D [Escherichia coli K-12]	47.137	978	508	5	4	2925	59	1031	0	808	P24177	P24177.3
acrE	sp|P24180.2|	RecName: Full=Multidrug export protein AcrE; AltName: Full=Acriflavine resistance protein E; AltName: Full=Protein EnvC; Flags: Precursor [Escherichia coli K-12]	45.856	362	189	3	34	1107	14	372	1.1000000000000001e-79	253	P24180	P24180.2
acsA_1	sp|Q88DW6.1|	RecName: Full=Acetyl-coenzyme A synthetase 2; Short=AcCoA synthetase 2; Short=Acs 2; AltName: Full=Acetate--CoA ligase 2; AltName: Full=Acyl-activating enzyme 2 [Pseudomonas putida KT2440]	82.016	645	115	1	1	1935	1	644	0	1088	Q88DW6	Q88DW6.1
acsA_2	sp|P39062.1|	RecName: Full=Acetyl-coenzyme A synthetase; Short=AcCoA synthetase; Short=Acs; AltName: Full=Acetate--CoA ligase; AltName: Full=Acyl-activating enzyme [Bacillus subtilis subsp. subtilis str. 168]	36.101	554	333	11	1	1623	15	560	3.98e-98	311	P39062	P39062.1
acs_1	sp|Q88EH6.1|	RecName: Full=Acetyl-coenzyme A synthetase 1; Short=AcCoA synthetase 1; Short=Acs 1; AltName: Full=Acetate--CoA ligase 1; AltName: Full=Acyl-activating enzyme 1 [Pseudomonas putida KT2440]	89.862	651	66	0	1	1953	1	651	0	1228	Q88EH6	Q88EH6.1
acs_3~~~acs_2	sp|Q9Z3R3.2|	RecName: Full=Acetoacetyl-coenzyme A synthetase; Short=Acetoacetyl-CoA synthetase [Sinorhizobium meliloti 1021]	54.714	647	286	5	253	2187	7	648	0	666	Q9Z3R3	Q9Z3R3.2
actP	sp|A1JIK1.1|	RecName: Full=Cation/acetate symporter ActP; AltName: Full=Acetate permease; AltName: Full=Acetate transporter ActP [Yersinia enterocolitica subsp. enterocolitica 8081]	85.15	532	79	0	61	1656	20	551	0	822	A1JIK1	A1JIK1.1
actP_2	sp|Q9X5V3.1|	RecName: Full=Copper-transporting P-type ATPase [Rhizobium leguminosarum bv. viciae]	64.198	162	58	0	1	486	680	841	1.47e-53	184	Q9X5V3	Q9X5V3.1
ada	sp|P06134.2|	RecName: Full=Bifunctional transcriptional activator/DNA repair enzyme Ada; AltName: Full=Regulatory protein of adaptive response; Includes: RecName: Full=Methylphosphotriester-DNA--protein-cysteine S-methyltransferase; AltName: Full=Methylphosphotriester-DNA methyltransferase; Includes: RecName: Full=Methylated-DNA--protein-cysteine methyltransferase; AltName: Full=O6-methylguanine-DNA alkyltransferase [Escherichia coli K-12]	49.697	330	165	1	16	1005	10	338	3.3999999999999993e-106	318	P06134	P06134.2
adeP	sp|P31466.2|	RecName: Full=Adenine permease AdeP [Escherichia coli K-12]	51.163	430	210	0	55	1344	13	442	1.9899999999999996e-152	443	P31466	P31466.2
adeQ	sp|P31466.2|	RecName: Full=Adenine permease AdeP [Escherichia coli K-12]	50.812	431	212	0	1	1293	14	444	1.51e-122	366	P31466	P31466.2
adh1	sp|A4IP64.1|	RecName: Full=Long-chain-alcohol dehydrogenase 1; AltName: Full=Alcohol dehydrogenase 1; Short=ADH1; AltName: Full=Fatty alcohol oxidoreductase 1; AltName: Full=Glycerol dehydrogenase [Geobacillus thermodenitrificans NG80-2]	47.721	373	188	3	43	1146	15	385	1.9399999999999998e-99	303	A4IP64	A4IP64.1
adhA	sp|P9WQC0.1|	RecName: Full=Probable alcohol dehydrogenase AdhA [Mycobacterium tuberculosis CDC1551]	44.904	314	163	4	64	981	35	346	7.96e-76	239	P9WQC0	P9WQC0.1
adhB_1	sp|P37686.4|	RecName: Full=Probable alcohol dehydrogenase [Escherichia coli K-12]	67.979	381	122	0	4	1146	3	383	0	522	P37686	P37686.4
adhB_2	sp|P0A388.1|	RecName: Full=Alcohol dehydrogenase (quinone), cytochrome c subunit; Short=ADH; AltName: Full=Alcohol dehydrogenase (quinone), subunit II; AltName: Full=Cytochrome c-553; AltName: Full=Cytochrome c553; AltName: Full=Ethanol:Q2 reductase; AltName: Full=G3-ADH subunit II; AltName: Full=Quinohemoprotein-cytochrome c complex; AltName: Full=Ubiquinol oxidase; Flags: Precursor [Gluconacetobacter polyoxogenes]	48.01	402	199	6	118	1296	24	424	4.75e-125	374	P0A388	P0A388.1
adhC2	sp|W8JDE0.1|	RecName: Full=Alcohol dehydrogenase 9; Short=CrADH9 [Catharanthus roseus]	52.137	351	156	8	16	1050	16	360	1.86e-115	342	W8JDE0	W8JDE0.1
adh_1	sp|Q9ZAA1.1|	RecName: Full=Acetaldehyde dehydrogenase [Pseudomonas aeruginosa]	86.561	506	68	0	1	1518	1	506	0	852	Q9ZAA1	Q9ZAA1.1
adh_1~~~adh_2	sp|Q0KDL6.1|	RecName: Full=Alcohol dehydrogenase [Cupriavidus necator H16]	68.044	363	109	1	4	1071	3	365	6.279999999999999e-179	503	Q0KDL6	Q0KDL6.1
adiA	sp|Q9I2S7.1|	RecName: Full=Lysine decarboxylase LdcA [Pseudomonas aeruginosa PAO1]	83.2	750	126	0	1	2250	1	750	0	1312	Q9I2S7	Q9I2S7.1
adk	sp|C3KEC6.1|	RecName: Full=Adenylate kinase; Short=AK; AltName: Full=ATP-AMP transphosphorylase; AltName: Full=ATP:AMP phosphotransferase; AltName: Full=Adenylate monophosphate kinase [Pseudomonas [fluorescens] SBW25]	99.07	215	2	0	1	645	1	215	8.54e-141	395	C3KEC6	C3KEC6.1
aer	sp|Q9I3F6.1|	RecName: Full=Methyl-accepting chemotaxis protein Aer; AltName: Full=Aerotaxis receptor Aer [Pseudomonas aeruginosa PAO1]	77.543	521	117	0	1	1563	1	521	0	771	Q9I3F6	Q9I3F6.1
aes_2	sp|Q9EX73.1|	RecName: Full=Monoterpene epsilon-lactone hydrolase [Rhodococcus erythropolis]	33.184	223	143	4	310	966	73	293	4.38e-24	102	Q9EX73	Q9EX73.1
agaA	sp|Q8XAC3.2|	RecName: Full=N-acetylgalactosamine-6-phosphate deacetylase; Short=Aga-6-P deacetylase [Escherichia coli O157:H7]	39.628	376	205	10	13	1095	9	377	1.3e-70	228	Q8XAC3	Q8XAC3.2
aguA	sp|C3K5U8.1|	RecName: Full=Agmatine deiminase; AltName: Full=Agmatine iminohydrolase [Pseudomonas [fluorescens] SBW25]	95.109	368	18	0	1	1104	1	368	0	702	C3K5U8	C3K5U8.1
ahcY	sp|C3K3G6.1|	RecName: Full=Adenosylhomocysteinase; AltName: Full=S-adenosyl-L-homocysteine hydrolase; Short=AdoHcyase [Pseudomonas [fluorescens] SBW25]	98.081	469	9	0	1	1407	1	469	0	891	C3K3G6	C3K3G6.1
ahpC_1	sp|Q8K9W0.1|	RecName: Full=Alkyl hydroperoxide reductase C; AltName: Full=Peroxiredoxin; AltName: Full=Thioredoxin peroxidase [Buchnera aphidicola str. Sg (Schizaphis graminum)]	51.031	194	94	1	7	585	2	195	1.41e-76	231	Q8K9W0	Q8K9W0.1
ahpC_2	sp|P0A251.2|	RecName: Full=Alkyl hydroperoxide reductase C; AltName: Full=Alkyl hydroperoxide reductase protein C22; AltName: Full=Peroxiredoxin; AltName: Full=Thioredoxin peroxidase [Salmonella enterica subsp. enterica serovar Typhimurium str. LT2]	70.053	187	56	0	1	561	1	187	1.03e-100	291	P0A251	P0A251.2
ahpF	sp|Q9I6Z2.1|	RecName: Full=Alkyl hydroperoxide reductase subunit F [Pseudomonas aeruginosa PAO1]	85.192	520	77	0	1	1560	1	520	0	896	Q9I6Z2	Q9I6Z2.1
aidB	sp|P33224.3|	RecName: Full=Putative acyl-CoA dehydrogenase AidB [Escherichia coli K-12]	48.359	457	226	5	22	1374	4	456	4.21e-124	378	P33224	P33224.3
ais_1	sp|A0A0A1H8I4.1|	RecName: Full=Aconitate isomerase; Short=AI; Flags: Precursor [Pseudomonas sp.]	45.614	228	120	1	79	750	31	258	2.73e-58	189	A0A0A1H8I4	A0A0A1H8I4.1
ais_2	sp|Q83QU0.5|	RecName: Full=Lipopolysaccharide core heptose(II)-phosphate phosphatase; Flags: Precursor [Shigella flexneri]	35.2	125	77	3	163	528	40	163	2.98e-18	82.8	Q83QU0	Q83QU0.5
aknOx	sp|A3RXB7.1|	RecName: Full=N-acetyl-D-hexosamine oxidase; Short=HexNAcO [Ralstonia solanacearum UW551]	41.113	557	261	13	31	1659	3	506	2.77e-113	349	A3RXB7	A3RXB7.1
alaA	sp|P0A959.1|	RecName: Full=Glutamate-pyruvate aminotransferase AlaA [Escherichia coli K-12]	72.569	401	110	0	7	1209	4	404	0	614	P0A959	P0A959.1
alaC	sp|P77434.1|	RecName: Full=Glutamate-pyruvate aminotransferase AlaC [Escherichia coli K-12]	88.75	400	45	0	1	1200	1	400	0	716	P77434	P77434.1
alaS	sp|Q4K843.1|	RecName: Full=Alanine--tRNA ligase; AltName: Full=Alanyl-tRNA synthetase; Short=AlaRS [Pseudomonas protegens Pf-5]	91.648	874	71	1	1	2616	1	874	0	1466	Q4K843	Q4K843.1
alc	sp|C3K0A7.1|	RecName: Full=Probable allantoicase; AltName: Full=Allantoate amidinohydrolase [Pseudomonas [fluorescens] SBW25]	96.979	331	10	0	1	993	1	331	0	648	C3K0A7	C3K0A7.1
ald	sp|H8ZPX2.1|	RecName: Full=3-succinoylsemialdehyde-pyridine dehydrogenase; Short=SAPD [Pseudomonas sp.]	46.822	472	249	1	1	1410	1	472	4.1899999999999995e-124	372	H8ZPX2	H8ZPX2.1
aldA	sp|P25553.2|	RecName: Full=Lactaldehyde dehydrogenase; AltName: Full=Aldehyde dehydrogenase A; AltName: Full=Glycolaldehyde dehydrogenase [Escherichia coli K-12]	43.284	469	264	2	19	1419	10	478	1.3899999999999999e-130	389	P25553	P25553.2
aldHT	sp|P42329.1|	RecName: Full=Aldehyde dehydrogenase, thermostable [Geobacillus stearothermophilus]	43.892	483	265	4	4	1437	5	486	4.3e-117	355	P42329	P42329.1
alg8	sp|Q887P9.1|	RecName: Full=Glycosyltransferase alg8 [Pseudomonas syringae pv. tomato str. DC3000]	89.047	493	54	0	1	1479	1	493	0	830	Q887P9	Q887P9.1
algA_1	sp|P0C7J3.1|	RecName: Full=Xanthan biosynthesis protein XanB; Includes: RecName: Full=Mannose-6-phosphate isomerase; AltName: Full=Phosphohexomutase; AltName: Full=Phosphomannose isomerase; Short=PMI; Includes: RecName: Full=Mannose-1-phosphate guanylyl transferase; AltName: Full=GDP-mannose pyrophosphorylase; Short=GMP; Short=GMPP [Xanthomonas campestris pv. campestris str. ATCC 33913]	47.899	476	234	8	37	1461	4	466	4.35e-139	411	P0C7J3	P0C7J3.1
algA_2	sp|Q48462.1|	RecName: Full=Mannose-1-phosphate guanylyltransferase; AltName: Full=GDP-mannose pyrophosphorylase; Short=GMP; Short=GMPP; AltName: Full=ORF16 [Klebsiella pneumoniae]	44.77	478	252	5	19	1440	2	471	4.3499999999999994e-144	424	Q48462	Q48462.1
algB	sp|Q88AQ2.1|	RecName: Full=Alginate biosynthesis transcriptional regulatory protein AlgB [Pseudomonas syringae pv. tomato str. DC3000]	94.866	448	23	0	1	1344	1	448	0	876	Q88AQ2	Q88AQ2.1
algC	sp|Q88BD4.1|	RecName: Full=Phosphomannomutase/phosphoglucomutase; Short=PMM / PGM [Pseudomonas syringae pv. tomato str. DC3000]	82.189	466	81	2	1	1395	1	465	0	790	Q88BD4	Q88BD4.1
algD	sp|P59793.1|	RecName: Full=GDP-mannose 6-dehydrogenase; Short=GMD [Pseudomonas syringae pv. syringae]	90.868	438	40	0	151	1464	1	438	0	824	P59793	P59793.1
algE	sp|Q88NC8.1|	RecName: Full=Alginate production protein AlgE; Flags: Precursor [Pseudomonas putida KT2440]	68.787	503	138	3	1	1485	1	492	0	705	Q88NC8	Q88NC8.1
algF	sp|P59791.1|	RecName: Full=Alginate biosynthesis protein AlgF; Flags: Precursor [Pseudomonas fluorescens]	94.037	218	12	1	1	654	1	217	1.95e-147	412	P59791	P59791.1
algG	sp|P59828.1|	RecName: Full=Mannuronan C5-epimerase; AltName: Full=Poly(beta-D-mannuronate) C5 epimerase; Flags: Precursor [Pseudomonas fluorescens]	91.031	524	47	0	1	1572	6	529	0	985	P59828	P59828.1
algJ	sp|P59792.1|	RecName: Full=Probable alginate O-acetylase AlgJ; AltName: Full=Alginate biosynthesis protein AlgJ; Flags: Precursor [Pseudomonas fluorescens]	93.655	394	25	0	1	1182	1	394	0	708	P59792	P59792.1
algK	sp|Q887Q1.1|	RecName: Full=Alginate biosynthesis protein AlgK; Flags: Precursor [Pseudomonas syringae pv. tomato str. DC3000]	71.179	458	130	2	148	1515	13	470	0	665	Q887Q1	Q887Q1.1
algL	sp|C3KDZ3.1|	RecName: Full=Alginate lyase; AltName: Full=Poly(beta-D-mannuronate) lyase; Flags: Precursor [Pseudomonas [fluorescens] SBW25]	96.748	369	12	0	1	1107	5	373	0	753	C3KDZ3	C3KDZ3.1
algU	sp|Q06198.1|	RecName: Full=RNA polymerase sigma-H factor; AltName: Full=Sigma-30 [Pseudomonas aeruginosa PAO1]	91.146	192	17	0	1	576	1	192	1.1999999999999998e-130	367	Q06198	Q06198.1
algX	sp|P59788.1|	RecName: Full=Alginate biosynthesis protein AlgX; AltName: Full=Probable alginate O-acetyltransferase AlgX; Flags: Precursor [Pseudomonas fluorescens]	95.052	485	24	0	1	1455	1	485	0	948	P59788	P59788.1
alkA	sp|P9WJW2.1|	RecName: Full=Probable bifunctional transcriptional activator/DNA repair enzyme AlkA; AltName: Full=Regulatory protein AlkA; Includes: RecName: Full=Methylphosphotriester-DNA--protein-cysteine S-methyltransferase; AltName: Full=Methylphosphotriester-DNA methyltransferase; Includes: RecName: Full=DNA-3-methyladenine glycosylase; AltName: Full=DNA-3-methyladenine glycosidase [Mycobacterium tuberculosis CDC1551]	39.437	284	170	2	1	852	202	483	2.2e-49	173	P9WJW2	P9WJW2.1
alkB	sp|P05050.1|	RecName: Full=Alpha-ketoglutarate-dependent dioxygenase AlkB; AltName: Full=Alkylated DNA repair protein AlkB; AltName: Full=DNA oxidative demethylase AlkB [Escherichia coli K-12]	54.419	215	94	1	19	663	3	213	1.61e-77	235	P05050	P05050.1
alkB1	sp|Q0VKZ3.1|	RecName: Full=Alkane 1-monooxygenase 1; AltName: Full=Alkane hydroxylase; Short=AHs; AltName: Full=Terminal alkane hydroxylase [Alcanivorax borkumensis SK2]	41.951	410	199	5	31	1257	19	390	2.8799999999999996e-96	297	Q0VKZ3	Q0VKZ3.1
alkJ_1	sp|Q9WWW2.1|	RecName: Full=Alcohol dehydrogenase [acceptor] [Pseudomonas putida]	44.61	538	283	5	25	1617	2	531	8.19e-156	459	Q9WWW2	Q9WWW2.1
alkJ_2	sp|Q9WWW2.1|	RecName: Full=Alcohol dehydrogenase [acceptor] [Pseudomonas putida]	41.667	528	303	4	22	1593	2	528	8.549999999999999e-136	408	Q9WWW2	Q9WWW2.1
alkJ_3	sp|Q47944.1|	RecName: Full=L-sorbose 1-dehydrogenase; Short=SDH [Gluconobacter oxydans]	45.802	524	282	2	7	1575	6	528	9.159999999999999e-173	501	Q47944	Q47944.1
alkT	sp|Q9HTK9.1|	RecName: Full=Rubredoxin-NAD(+) reductase; Short=RdxR [Pseudomonas aeruginosa PAO1]	79.265	381	79	0	4	1146	4	384	0	568	Q9HTK9	Q9HTK9.1
allA	sp|C3K0A8.1|	RecName: Full=Ureidoglycolate lyase; AltName: Full=Ureidoglycolatase [Pseudomonas [fluorescens] SBW25]	97.605	167	4	0	1	501	1	167	7.71e-120	338	C3K0A8	C3K0A8.1
alr	sp|Q4K3T9.1|	RecName: Full=Alanine racemase [Pseudomonas protegens Pf-5]	87.288	354	45	0	1	1062	1	354	0	642	Q4K3T9	Q4K3T9.1
alsT	sp|O31464.2|	RecName: Full=Probable sodium/glutamine symporter GlnT [Bacillus subtilis subsp. subtilis str. 168]	44.325	467	252	7	10	1404	11	471	1.8499999999999995e-107	330	O31464	O31464.2
amgK	sp|Q88QT3.1|	RecName: Full=N-acetylmuramate/N-acetylglucosamine kinase; Short=MurNAc/GlcNAc kinase; AltName: Full=Anomeric sugar kinase [Pseudomonas putida KT2440]	74.336	339	87	0	1	1017	1	339	2.28e-170	480	Q88QT3	Q88QT3.1
amiC_1	sp|P63883.1|	RecName: Full=N-acetylmuramoyl-L-alanine amidase AmiC; Flags: Precursor [Escherichia coli K-12]	41.039	385	209	4	67	1194	32	407	2.3e-74	243	P63883	P63883.1
amiC_2	sp|O85057.1|	RecName: Full=Limonene hydroxylase; AltName: Full=(S)-limonene 6-monooxygenase; AltName: Full=(S)-limonene 7-monooxygenase; AltName: Full=Carveol dehydrogenase; AltName: Full=Perillyl-alcohol dehydrogenase [Geobacillus stearothermophilus]	37.692	130	72	4	817	1206	3	123	3.67e-17	87	O85057	O85057.1
amiC_3	sp|P27017.5|	RecName: Full=Aliphatic amidase expression-regulating protein [Pseudomonas aeruginosa PAO1]	31.389	360	240	6	124	1191	10	366	3.13e-50	176	P27017	P27017.5
amiC_4	sp|P63883.1|	RecName: Full=N-acetylmuramoyl-L-alanine amidase AmiC; Flags: Precursor [Escherichia coli K-12]	38.802	384	205	5	103	1185	31	407	2.37e-76	246	P63883	P63883.1
amiD_1	sp|P75820.1|	RecName: Full=N-acetylmuramoyl-L-alanine amidase AmiD; Flags: Precursor [Escherichia coli K-12]	41.25	240	123	8	61	756	44	273	3.6399999999999996e-45	155	P75820	P75820.1
amiD_2	sp|P75820.1|	RecName: Full=N-acetylmuramoyl-L-alanine amidase AmiD; Flags: Precursor [Escherichia coli K-12]	44.314	255	127	4	43	765	16	269	1.5299999999999998e-61	197	P75820	P75820.1
amiE	sp|C3K9E6.1|	RecName: Full=Aliphatic amidase; AltName: Full=Acylamide amidohydrolase [Pseudomonas [fluorescens] SBW25]	97.406	347	9	0	1	1041	1	347	0	681	C3K9E6	C3K9E6.1
amn	sp|P0AE12.1|	RecName: Full=AMP nucleosidase [Escherichia coli K-12]	55.509	481	206	5	28	1461	9	484	4.999999999999999e-180	516	P0AE12	P0AE12.1
amnD	sp|Q9KWS2.1|	RecName: Full=2-aminomuconate deaminase [Pseudomonas sp.]	33.6	125	64	4	28	390	19	128	1.21e-8	53.5	Q9KWS2	Q9KWS2.1
ampC	sp|P85302.1|	RecName: Full=Beta-lactamase; AltName: Full=Cephalosporinase [Pseudomonas fluorescens]	74.719	356	90	0	73	1140	3	358	0	551	P85302	P85302.1
ampD	sp|P44624.1|	RecName: Full=1,6-anhydro-N-acetylmuramyl-L-alanine amidase AmpD; AltName: Full=N-acetylmuramoyl-L-alanine amidase [Haemophilus influenzae Rd KW20]	56.983	179	76	1	10	543	6	184	1.0299999999999999e-69	213	P44624	P44624.1
ampR	sp|P24734.3|	RecName: Full=HTH-type transcriptional activator AmpR [Pseudomonas aeruginosa PAO1]	78.893	289	61	0	1	867	1	289	3.6099999999999995e-166	465	P24734	P24734.3
amtB_1	sp|P69680.1|	RecName: Full=Ammonium transporter AmtB; AltName: Full=Ammonia channel AmtB; AltName: Full=Ammonium channel AmtB; Flags: Precursor [Escherichia coli O157:H7]	50.242	414	191	4	97	1335	28	427	7.680000000000001e-105	321	P69680	P69680.1
amtB_2	sp|Q58739.1|	RecName: Full=Ammonium transporter Amt2 [Methanocaldococcus jannaschii DSM 2661]	37.956	411	235	6	1	1206	18	417	2.06e-59	201	Q58739	Q58739.1
anmK	sp|Q3K5W7.1|	RecName: Full=Anhydro-N-acetylmuramic acid kinase; AltName: Full=AnhMurNAc kinase [Pseudomonas fluorescens Pf0-1]	84.807	362	55	0	1	1086	1	362	0	627	Q3K5W7	Q3K5W7.1
anoR_1	sp|P74946.1|	RecName: Full=Transcriptional activator protein VanR [Vibrio anguillarum]	30.612	196	126	2	151	738	45	230	3.18e-19	87	P74946	P74946.1
anoR_2	sp|A0A0N8YGA2.1|	RecName: Full=Transcriptional activator protein AnoR [Acinetobacter nosocomialis]	37.004	227	138	2	34	708	15	238	6.05e-51	168	A0A0N8YGA2	A0A0N8YGA2.1
anr	sp|O85222.1|	RecName: Full=Transcriptional activator protein Anr; Short=ANR; AltName: Full=Anaerobic regulatory protein [Pseudomonas protegens CHA0]	97.131	244	7	0	1	732	1	244	1.3099999999999997e-148	417	O85222	O85222.1
anr_1	sp|Q08530.2|	RecName: Full=Transcriptional regulatory protein btr [Bordetella pertussis Tohama I]	39.512	205	124	0	127	741	32	236	1.99e-41	145	Q08530	Q08530.2
ansA	sp|P0A962.1|	RecName: Full=L-asparaginase 1; AltName: Full=L-asparaginase I; Short=L-ASNase I; AltName: Full=L-asparagine amidohydrolase I [Escherichia coli K-12]	36.873	339	193	7	7	975	2	335	2.34e-49	171	P0A962	P0A962.1
ansB	sp|O68897.1|	RecName: Full=Glutaminase-asparaginase; AltName: Full=L-ASNase/L-GLNase; AltName: Full=L-asparagine/L-glutamine amidohydrolase; Flags: Precursor [Pseudomonas fluorescens bv. A]	98.619	362	5	0	1	1086	1	362	0	611	O68897	O68897.1
antA	sp|O85673.1|	RecName: Full=Anthranilate 1,2-dioxygenase large subunit [Acinetobacter baylyi ADP1]	76.577	444	103	1	10	1341	3	445	0	744	O85673	O85673.1
antB	sp|O85674.1|	RecName: Full=Anthranilate 1,2-dioxygenase small subunit [Acinetobacter baylyi ADP1]	55.828	163	72	0	4	492	1	163	1.05e-65	201	O85674	O85674.1
antC	sp|O85675.1|	RecName: Full=Anthranilate 1,2-dioxygenase electron transfer component; Includes: RecName: Full=Ferredoxin; Includes: RecName: Full=Ferredoxin--NAD(+) reductase [Acinetobacter baylyi ADP1]	61.062	339	127	2	1	1002	1	339	6.639999999999999e-153	436	O85675	O85675.1
apaG	sp|C3K328.1|	RecName: Full=Protein ApaG [Pseudomonas [fluorescens] SBW25]	97.619	126	3	0	1	378	1	126	1.5399999999999998e-88	255	C3K328	C3K328.1
apaH_1	sp|C3K329.1|	RecName: Full=Bis(5'-nucleosyl)-tetraphosphatase, symmetrical; AltName: Full=Ap4A hydrolase; AltName: Full=Diadenosine 5',5'''-P1,P4-tetraphosphate pyrophosphohydrolase; AltName: Full=Diadenosine tetraphosphatase [Pseudomonas [fluorescens] SBW25]	92.933	283	19	1	1	846	1	283	0	548	C3K329	C3K329.1
apaH_2	sp|Q9K907.1|	RecName: Full=Bis(5'-nucleosyl)-tetraphosphatase PrpE [asymmetrical]; AltName: Full=Ap4A hydrolase; AltName: Full=Diadenosine 5',5'''-P1,P4-tetraphosphate asymmetrical hydrolase; Short=Diadenosine tetraphosphatase [Halalkalibacterium halodurans C-125]	42.667	75	42	1	19	240	2	76	3.42e-12	68.6	Q9K907	Q9K907.1
apbC	sp|P72190.1|	RecName: Full=Iron-sulfur cluster carrier protein [Pseudomonas fragi]	92.473	279	21	0	181	1017	1	279	0	512	P72190	P72190.1
apbE	sp|A5F5Y3.2|	RecName: Full=FAD:protein FMN transferase; AltName: Full=Flavin transferase; Flags: Precursor [Vibrio cholerae O395]	37.294	303	186	3	22	924	22	322	1.6299999999999997e-57	191	A5F5Y3	A5F5Y3.2
apc3	sp|Q58374.1|	RecName: Full=Uncharacterized protein MJ0964 [Methanocaldococcus jannaschii DSM 2661]	33.382	692	432	10	25	2070	6	678	1.2099999999999998e-133	412	Q58374	Q58374.1
apc4	sp|Q58373.1|	RecName: Full=Uncharacterized protein MJ0963 [Methanocaldococcus jannaschii DSM 2661]	30.325	554	370	9	10	1656	1	543	1.7599999999999997e-55	199	Q58373	Q58373.1
apeB	sp|C3K0D7.1|	RecName: Full=Probable M18 family aminopeptidase 2 [Pseudomonas [fluorescens] SBW25]	99.068	429	4	0	1	1287	1	429	0	853	C3K0D7	C3K0D7.1
aphA	sp|Q9I3T5.1|	RecName: Full=Acetylpolyamine amidohydrolase 1; Short=APAH 1; AltName: Full=Acetylcadaverine deacetylase; AltName: Full=Acetylpolyamine deacetylase; AltName: Full=Acetylputrescine deacetylase [Pseudomonas aeruginosa PAO1]	70.52	346	100	1	1	1032	1	346	4.5599999999999995e-172	484	Q9I3T5	Q9I3T5.1
aplIM	sp|O33481.1|	RecName: Full=Type II methyltransferase M.PspPI; Short=M.PspPI; AltName: Full=Cytosine-specific methyltransferase PspPI; AltName: Full=Modification methylase PspPI [Psychrobacter sp. TA137]	30.084	359	195	11	145	1215	105	409	2.84e-33	132	O33481	O33481.1
appA	sp|Q8FW84.1|	RecName: Full=Putative binding protein BRA0576/BS1330_II0571; Flags: Precursor [Brucella suis 1330]	35.246	610	381	6	1	1800	9	614	1.0199999999999999e-116	363	Q8FW84	Q8FW84.1
appC	sp|P94364.1|	RecName: Full=Cytochrome bd ubiquinol oxidase subunit 1; AltName: Full=Cytochrome d ubiquinol oxidase subunit I [Bacillus subtilis subsp. subtilis str. 168]	36.585	410	242	6	16	1209	2	405	1.54e-72	239	P94364	P94364.1
aprA_1	sp|A0A0C5CJR8.1|	RecName: Full=Metallopeptidase AprA; AltName: Full=Heat-resistant peptidase; Flags: Precursor [Pseudomonas marginalis]	95.388	477	22	0	1	1431	1	477	0	832	A0A0C5CJR8	A0A0C5CJR8.1
aprA_2	sp|Q1ID47.1|	RecName: Full=Metalloprotease AprA [Pseudomonas entomophila L48]	47.059	442	206	8	91	1347	47	483	3.53e-114	347	Q1ID47	Q1ID47.1
apt	sp|C3K148.1|	RecName: Full=Adenine phosphoribosyltransferase; Short=APRT [Pseudomonas [fluorescens] SBW25]	98.352	182	3	0	1	546	1	182	1.01e-128	361	C3K148	C3K148.1
apxIB	sp|P26760.2|	RecName: Full=Toxin RTX-I translocation ATP-binding protein; AltName: Full=APX-IB; AltName: Full=Cytolysin IB; Short=CLY-IB; AltName: Full=HLY-IB; AltName: Full=RTX-I toxin determinant B [Actinobacillus pleuropneumoniae]	60.229	699	275	2	52	2142	8	705	0	850	P26760	P26760.2
apxIB_2	sp|Q933I3.1|	RecName: Full=Leukotoxin translocation ATP-binding protein LktB [Mannheimia glucosida]	30.457	591	394	7	331	2097	91	666	1.6199999999999999e-74	259	Q933I3	Q933I3.1
araC	sp|Q1JUQ1.1|	RecName: Full=L-arabonate dehydratase; AltName: Full=L-arabinonate dehydratase [Azospirillum brasilense]	78.596	584	118	2	1	1734	1	583	0	937	Q1JUQ1	Q1JUQ1.1
araF_1	sp|P02924.2|	RecName: Full=L-arabinose-binding periplasmic protein; Short=ABP; Flags: Precursor [Escherichia coli K-12]	59.568	324	129	2	4	972	4	326	8e-131	379	P02924	P02924.2
araF_2	sp|P02924.2|	RecName: Full=L-arabinose-binding periplasmic protein; Short=ABP; Flags: Precursor [Escherichia coli K-12]	59.868	304	120	2	88	996	24	326	3.86e-126	367	P02924	P02924.2
araG_1	sp|Q3K8M7.1|	RecName: Full=Arabinose import ATP-binding protein AraG [Pseudomonas fluorescens Pf0-1]	85.062	482	72	0	13	1458	15	496	0	824	Q3K8M7	Q3K8M7.1
araG_2	sp|Q3K8M7.1|	RecName: Full=Arabinose import ATP-binding protein AraG [Pseudomonas fluorescens Pf0-1]	85.49	510	72	1	1	1524	1	510	0	877	Q3K8M7	Q3K8M7.1
araG_3	sp|Q1ARR5.1|	RecName: Full=Ribose import ATP-binding protein RbsA 3 [Rubrobacter xylanophilus DSM 9941]	46.232	491	256	5	25	1491	4	488	9.3e-136	405	Q1ARR5	Q1ARR5.1
araH_1	sp|P0AE26.2|	RecName: Full=L-arabinose transport system permease protein AraH [Escherichia coli K-12]	61.92	323	121	1	1	963	1	323	2.97e-105	313	P0AE26	P0AE26.2
araH_2	sp|P0AE26.2|	RecName: Full=L-arabinose transport system permease protein AraH [Escherichia coli K-12]	58.696	322	131	1	1	966	4	323	3.98e-97	293	P0AE26	P0AE26.2
arcA	sp|P13981.2|	RecName: Full=Arginine deiminase; Short=ADI; AltName: Full=Arginine dihydrolase; Short=AD [Pseudomonas aeruginosa PAO1]	81.34	418	78	0	1	1254	1	418	0	720	P13981	P13981.2
arcB	sp|P08308.3|	RecName: Full=Ornithine carbamoyltransferase, catabolic; Short=OTCase [Pseudomonas aeruginosa PAO1]	86.607	336	45	0	1	1008	1	336	0	626	P08308	P08308.3
arcC1	sp|P13982.1|	RecName: Full=Carbamate kinase; Short=CKase [Pseudomonas aeruginosa PAO1]	82.201	309	54	1	1	924	1	309	1.6299999999999998e-168	473	P13982	P13982.1
arcD_1	sp|P18275.1|	RecName: Full=Arginine/ornithine antiporter; AltName: Full=Arginine-ornithine exchanger [Pseudomonas aeruginosa PAO1]	75.217	460	108	1	4	1365	3	462	0	570	P18275	P18275.1
arcD_2	sp|P18275.1|	RecName: Full=Arginine/ornithine antiporter; AltName: Full=Arginine-ornithine exchanger [Pseudomonas aeruginosa PAO1]	84.792	480	67	1	4	1425	3	482	0	632	P18275	P18275.1
arfB	sp|P45388.1|	RecName: Full=Peptidyl-tRNA hydrolase ArfB; Short=PTH; AltName: Full=Alternative ribosome-rescue factor B [Pseudomonas putida]	86.131	137	19	0	1	411	1	137	2.92e-84	245	P45388	P45388.1
argA	sp|C3K3V3.1|	RecName: Full=Amino-acid acetyltransferase; AltName: Full=N-acetylglutamate synthase; Short=AGS; Short=NAGS [Pseudomonas [fluorescens] SBW25]	97.921	433	8	1	1	1296	1	433	0	800	C3K3V3	C3K3V3.1
argB	sp|C3K475.1|	RecName: Full=Acetylglutamate kinase; AltName: Full=N-acetyl-L-glutamate 5-phosphotransferase; AltName: Full=NAG kinase; Short=NAGK [Pseudomonas [fluorescens] SBW25]	99.336	301	2	0	1	903	1	301	0	553	C3K475	C3K475.1
argC	sp|C3K2Z7.1|	RecName: Full=N-acetyl-gamma-glutamyl-phosphate reductase; Short=AGPR; AltName: Full=N-acetyl-glutamate semialdehyde dehydrogenase; Short=NAGSA dehydrogenase [Pseudomonas [fluorescens] SBW25]	98.48	329	5	0	46	1032	16	344	0	601	C3K2Z7	C3K2Z7.1
argD_1	sp|Q7VSH3.1|	RecName: Full=Acetylornithine aminotransferase 2; Short=ACOAT 2 [Bordetella pertussis Tohama I]	48.813	379	190	2	61	1185	5	383	6.0099999999999994e-96	296	Q7VSH3	Q7VSH3.1
argD_2	sp|Q882K8.1|	RecName: Full=Acetylornithine aminotransferase 2; Short=ACOAT 2 [Pseudomonas syringae pv. tomato str. DC3000]	76.35	389	92	0	1	1167	1	389	0	582	Q882K8	Q882K8.1
argD_2~~~bioA_2	sp|O94562.1|	RecName: Full=Uncharacterized aminotransferase C1771.03c [Schizosaccharomyces pombe 972h-]	36.927	436	273	2	10	1311	19	454	1.7000000000000001e-100	310	O94562	O94562.1
argD_3	sp|Q7SY54.1|	RecName: Full=Ethanolamine-phosphate phospho-lyase; AltName: Full=Alanine--glyoxylate aminotransferase 2-like 1 [Danio rerio]	42.512	414	222	6	1690	2901	30	437	2.93e-100	326	Q7SY54	Q7SY54.1
argE_1	sp|Q9K4Z2.1|	RecName: Full=Acetylornithine deacetylase; Short=AO; Short=Acetylornithinase; AltName: Full=N-acetylornithinase; Short=NAO [Moritella abyssi]	48.947	380	192	1	1	1134	1	380	8.93e-126	370	Q9K4Z2	Q9K4Z2.1
argE_2	sp|O68873.1|	RecName: Full=Acetylornithine deacetylase; Short=AO; Short=Acetylornithinase; AltName: Full=N-acetylornithinase; Short=NAO [Myxococcus xanthus]	37.533	381	215	10	13	1134	9	373	7.82e-64	211	O68873	O68873.1
argF	sp|Q87XL4.3|	RecName: Full=Ornithine carbamoyltransferase; Short=OTCase [Pseudomonas syringae pv. tomato str. DC3000]	87.255	306	39	0	4	921	1	306	0	557	Q87XL4	Q87XL4.3
argG	sp|C3KBZ2.1|	RecName: Full=Argininosuccinate synthase; AltName: Full=Citrulline--aspartate ligase [Pseudomonas [fluorescens] SBW25]	99.259	405	3	0	1	1215	1	405	0	830	C3KBZ2	C3KBZ2.1
argH_1	sp|C3K426.1|	RecName: Full=Argininosuccinate lyase; Short=ASAL; AltName: Full=Arginosuccinase [Pseudomonas [fluorescens] SBW25]	98.707	464	6	0	1	1392	1	464	0	941	C3K426	C3K426.1
argH_2	sp|Q3KCB2.1|	RecName: Full=Argininosuccinate lyase 1; Short=ASAL 1; AltName: Full=Arginosuccinase 1 [Pseudomonas fluorescens Pf0-1]	88	475	57	0	1	1425	1	475	0	767	Q3KCB2	Q3KCB2.1
argJ	sp|Q4K7C2.1|	RecName: Full=Arginine biosynthesis bifunctional protein ArgJ; Includes: RecName: Full=Glutamate N-acetyltransferase; AltName: Full=Ornithine acetyltransferase; Short=OATase; AltName: Full=Ornithine transacetylase; Includes: RecName: Full=Amino-acid acetyltransferase; AltName: Full=N-acetylglutamate synthase; Short=AGSase; Contains: RecName: Full=Arginine biosynthesis bifunctional protein ArgJ alpha chain; Contains: RecName: Full=Arginine biosynthesis bifunctional protein ArgJ beta chain [Pseudomonas protegens Pf-5]	93.58	405	26	0	1	1215	1	405	0	781	Q4K7C2	Q4K7C2.1
argO_1	sp|A8GIT2.1|	RecName: Full=Arginine exporter protein ArgO [Serratia proteamaculans 568]	47.179	195	99	3	13	588	5	198	5.32e-36	128	A8GIT2	A8GIT2.1
argO_1~~~argO_2	sp|P64904.1|	RecName: Full=Lysine exporter LysE [Mycobacterium tuberculosis variant bovis AF2122/97]	37.879	198	111	3	1	576	1	192	1.53e-30	114	P64904	P64904.1
argP_1	sp|P67668.1|	RecName: Full=Uncharacterized HTH-type transcriptional regulator Mb2303c [Mycobacterium tuberculosis variant bovis AF2122/97]	31.25	192	123	3	34	588	10	199	4.24e-13	72	P67668	P67668.1
argP_2	sp|Q3K7N4.1|	RecName: Full=HTH-type transcriptional regulator ArgP [Pseudomonas fluorescens Pf0-1]	89.831	295	30	0	1	885	1	295	0	538	Q3K7N4	Q3K7N4.1
argP_3	sp|B5XUC3.1|	RecName: Full=HTH-type transcriptional regulator ArgP [Klebsiella variicola 342]	39.175	291	176	1	10	882	5	294	6.0200000000000005e-65	209	B5XUC3	B5XUC3.1
argP_3~~~oxyR_2	sp|P52696.3|	RecName: Full=Uncharacterized HTH-type transcriptional regulator YbhD [Escherichia coli K-12]	39.831	236	142	0	76	783	4	239	1.3e-60	200	P52696	P52696.3
argP_4	sp|P52685.1|	RecName: Full=Mau operon transcriptional activator [Paracoccus denitrificans]	30.075	266	176	3	28	819	1	258	1.21e-12	70.1	P52685	P52685.1
argS	sp|C3KAH3.1|	RecName: Full=Arginine--tRNA ligase; AltName: Full=Arginyl-tRNA synthetase; Short=ArgRS [Pseudomonas [fluorescens] SBW25]	93.982	565	34	0	1	1695	1	565	0	1058	C3KAH3	C3KAH3.1
argT_1	sp|G3XD47.1|	RecName: Full=L-arginine-binding protein; Flags: Precursor [Pseudomonas aeruginosa PAO1]	69.167	240	74	0	58	777	20	259	2.9599999999999994e-112	326	G3XD47	G3XD47.1
argT_2	sp|G3XD47.1|	RecName: Full=L-arginine-binding protein; Flags: Precursor [Pseudomonas aeruginosa PAO1]	60.851	235	91	1	70	771	23	257	2.01e-102	301	G3XD47	G3XD47.1
argT_3	sp|P02911.2|	RecName: Full=Lysine/arginine/ornithine-binding periplasmic protein; Short=LAO-binding protein; Flags: Precursor [Salmonella enterica subsp. enterica serovar Typhimurium str. LT2]	47.951	244	119	4	58	768	16	258	4.3899999999999997e-69	216	P02911	P02911.2
arnA	sp|C3KAD2.1|	RecName: Full=Bifunctional polymyxin resistance protein ArnA; Includes: RecName: Full=UDP-4-amino-4-deoxy-L-arabinose formyltransferase; AltName: Full=ArnAFT; AltName: Full=UDP-L-Ara4N formyltransferase; Includes: RecName: Full=UDP-glucuronic acid oxidase, UDP-4-keto-hexauronic acid decarboxylating; AltName: Full=ArnADH; AltName: Full=UDP-GlcUA decarboxylase; AltName: Full=UDP-glucuronic acid dehydrogenase [Pseudomonas [fluorescens] SBW25]	96.078	663	26	0	1	1989	1	663	0	1331	C3KAD2	C3KAD2.1
arnB_1	sp|Q4KC84.2|	RecName: Full=UDP-4-amino-4-deoxy-L-arabinose--oxoglutarate aminotransferase; AltName: Full=UDP-(beta-L-threo-pentapyranosyl-4''-ulose diphosphate) aminotransferase; Short=UDP-Ara4O aminotransferase; AltName: Full=UDP-4-amino-4-deoxy-L-arabinose aminotransferase [Pseudomonas protegens Pf-5]	42.513	374	199	6	10	1104	3	369	1.71e-85	267	Q4KC84	Q4KC84.2
arnB_2	sp|Q07608.1|	RecName: Full=Protein MosB [Sinorhizobium meliloti]	38.182	165	91	5	127	609	155	312	4.45e-17	86.7	Q07608	Q07608.1
arnC	sp|C3KAD3.1|	RecName: Full=Undecaprenyl-phosphate 4-deoxy-4-formamido-L-arabinose transferase; AltName: Full=Undecaprenyl-phosphate Ara4FN transferase; Short=Ara4FN transferase [Pseudomonas [fluorescens] SBW25]	96.491	342	11	1	1	1026	1	341	0	582	C3KAD3	C3KAD3.1
arnD	sp|Q4KC81.1|	RecName: Full=Probable 4-deoxy-4-formamido-L-arabinose-phosphoundecaprenol deformylase ArnD [Pseudomonas protegens Pf-5]	85.714	294	42	0	1	882	1	294	0	523	Q4KC81	Q4KC81.1
arnE_2	sp|Q3KCB8.1|	RecName: Full=Probable 4-amino-4-deoxy-L-arabinose-phosphoundecaprenol flippase subunit ArnE; Short=L-Ara4N-phosphoundecaprenol flippase subunit ArnE; AltName: Full=Undecaprenyl phosphate-aminoarabinose flippase subunit ArnE [Pseudomonas fluorescens Pf0-1]	30.864	81	56	0	112	354	33	113	8.74e-8	50.1	Q3KCB8	Q3KCB8.1
arnE_3	sp|C3KAC9.1|	RecName: Full=Probable 4-amino-4-deoxy-L-arabinose-phosphoundecaprenol flippase subunit ArnE; Short=L-Ara4N-phosphoundecaprenol flippase subunit ArnE; AltName: Full=Undecaprenyl phosphate-aminoarabinose flippase subunit ArnE [Pseudomonas [fluorescens] SBW25]	93	100	7	0	46	345	16	115	2.2200000000000002e-29	105	C3KAC9	C3KAC9.1
arnF	sp|Q4KC78.1|	RecName: Full=Probable 4-amino-4-deoxy-L-arabinose-phosphoundecaprenol flippase subunit ArnF; Short=L-Ara4N-phosphoundecaprenol flippase subunit ArnF; AltName: Full=Undecaprenyl phosphate-aminoarabinose flippase subunit ArnF [Pseudomonas protegens Pf-5]	76.642	137	32	0	1	411	1	137	8.150000000000001e-33	115	Q4KC78	Q4KC78.1
arnT_2	sp|Q4K884.1|	RecName: Full=Undecaprenyl phosphate-alpha-4-amino-4-deoxy-L-arabinose arabinosyl transferase 2; AltName: Full=4-amino-4-deoxy-L-arabinose lipid A transferase 2; AltName: Full=Lipid IV(A) 4-amino-4-deoxy-L-arabinosyltransferase; AltName: Full=Undecaprenyl phosphate-alpha-L-Ara4N transferase 2 [Pseudomonas protegens Pf-5]	36.082	97	60	2	91	378	60	155	9.66e-8	58.2	Q4K884	Q4K884.1
arnT_3	sp|Q4K884.1|	RecName: Full=Undecaprenyl phosphate-alpha-4-amino-4-deoxy-L-arabinose arabinosyl transferase 2; AltName: Full=4-amino-4-deoxy-L-arabinose lipid A transferase 2; AltName: Full=Lipid IV(A) 4-amino-4-deoxy-L-arabinosyltransferase; AltName: Full=Undecaprenyl phosphate-alpha-L-Ara4N transferase 2 [Pseudomonas protegens Pf-5]	71.238	525	149	1	73	1647	58	580	0	729	Q4K884	Q4K884.1
arnT_4	sp|Q4KC80.1|	RecName: Full=Undecaprenyl phosphate-alpha-4-amino-4-deoxy-L-arabinose arabinosyl transferase 1; AltName: Full=4-amino-4-deoxy-L-arabinose lipid A transferase 1; AltName: Full=Lipid IV(A) 4-amino-4-deoxy-L-arabinosyltransferase; AltName: Full=Undecaprenyl phosphate-alpha-L-Ara4N transferase 1 [Pseudomonas protegens Pf-5]	73.406	549	144	1	1	1647	1	547	0	682	Q4KC80	Q4KC80.1
aroA_1	sp|Q608S5.2|	RecName: Full=3-phosphoshikimate 1-carboxyvinyltransferase; AltName: Full=5-enolpyruvylshikimate-3-phosphate synthase; Short=EPSP synthase; Short=EPSPS [Methylococcus capsulatus str. Bath]	68.372	430	136	0	901	2190	5	434	0	565	Q608S5	Q608S5.2
aroA_2	sp|Q4ZY26.1|	RecName: Full=3-phosphoshikimate 1-carboxyvinyltransferase; AltName: Full=5-enolpyruvylshikimate-3-phosphate synthase; Short=EPSP synthase; Short=EPSPS [Pseudomonas syringae pv. syringae B728a]	69.249	413	127	0	10	1248	4	416	0	568	Q4ZY26	Q4ZY26.1
aroB_2	sp|Q2NQJ2.1|	RecName: Full=3-dehydroquinate synthase; Short=DHQS [Sodalis glossinidius str. 'morsitans']	38.8	250	149	3	919	1662	67	314	2.43e-38	148	Q2NQJ2	Q2NQJ2.1
aroC	sp|C3K084.1|	RecName: Full=Chorismate synthase; Short=CS; AltName: Full=5-enolpyruvylshikimate-3-phosphate phospholyase [Pseudomonas [fluorescens] SBW25]	97.796	363	8	0	1	1089	1	363	0	735	C3K084	C3K084.1
aroE_1	sp|Q82M83.1|	RecName: Full=Shikimate dehydrogenase (NADP(+)); Short=SDH [Streptomyces avermitilis MA-4680 = NBRC 14893]	55.596	277	121	1	16	840	7	283	3.61e-84	257	Q82M83	Q82M83.1
aroE_2	sp|A4XNB9.1|	RecName: Full=Shikimate dehydrogenase (NADP(+)); Short=SDH [Ectopseudomonas mendocina ymp]	74.265	272	70	0	1	816	1	272	5.87e-134	382	A4XNB9	A4XNB9.1
aroF_1	sp|P0A1B5.1|	RecName: Full=Phospho-2-dehydro-3-deoxyheptonate aldolase, Tyr-sensitive; AltName: Full=3-deoxy-D-arabino-heptulosonate 7-phosphate synthase; AltName: Full=DAHP synthase; AltName: Full=Phospho-2-keto-3-deoxyheptonate aldolase [Salmonella enterica subsp. enterica serovar Typhimurium str. LT2]	59.429	350	141	1	16	1065	6	354	5.999999999999999e-153	437	P0A1B5	P0A1B5.1
aroF_2	sp|P00888.1|	RecName: Full=Phospho-2-dehydro-3-deoxyheptonate aldolase, Tyr-sensitive; AltName: Full=3-deoxy-D-arabino-heptulosonate 7-phosphate synthase; AltName: Full=DAHP synthase; AltName: Full=Phospho-2-keto-3-deoxyheptonate aldolase [Escherichia coli K-12]	53.293	334	152	2	34	1026	5	337	6.83e-115	340	P00888	P00888.1
aroH	sp|P29976.2|	RecName: Full=Phospho-2-dehydro-3-deoxyheptonate aldolase 1, chloroplastic; AltName: Full=3-deoxy-D-arabino-heptulosonate 7-phosphate synthase 1; AltName: Full=DAHP synthase 1; AltName: Full=Phospho-2-keto-3-deoxyheptonate aldolase 1; Flags: Precursor [Arabidopsis thaliana]	60.407	442	174	1	13	1335	75	516	0	588	P29976	P29976.2
aroK	sp|Q4KJI9.1|	RecName: Full=Shikimate kinase; Short=SK [Pseudomonas protegens Pf-5]	96.319	163	6	0	1	489	10	172	2.79e-102	293	Q4KJI9	Q4KJI9.1
aroP_1	sp|Q8FL49.1|	RecName: Full=Aromatic amino acid transport protein AroP; AltName: Full=Aromatic amino acid:H(+) symporter AroP; AltName: Full=General aromatic amino acid permease [Escherichia coli CFT073]	69.71	449	127	1	28	1374	9	448	0	595	Q8FL49	Q8FL49.1
aroP_2	sp|P15993.3|	RecName: Full=Aromatic amino acid transport protein AroP; AltName: Full=Aromatic amino acid:H(+) symporter AroP; AltName: Full=General aromatic amino acid permease; AltName: Full=General aromatic transport system [Escherichia coli K-12]	67.991	453	136	2	31	1389	11	454	0	583	P15993	P15993.3
aroQ1	sp|Q48DI3.1|	RecName: Full=3-dehydroquinate dehydratase; Short=3-dehydroquinase; AltName: Full=Type II DHQase [Pseudomonas savastanoi pv. phaseolicola 1448A]	87.97	133	16	0	49	447	17	149	1.7e-82	242	Q48DI3	Q48DI3.1
aroQ_1	sp|Q1GJU6.1|	RecName: Full=3-dehydroquinate dehydratase; Short=3-dehydroquinase; AltName: Full=Type II DHQase [Ruegeria sp. TM1040]	57.6	125	53	0	1	375	1	125	2.9699999999999997e-43	142	Q1GJU6	Q1GJU6.1
aroQ_2	sp|Q88K84.1|	RecName: Full=3-dehydroquinate dehydratase 2; Short=3-dehydroquinase 2; AltName: Full=Type II DHQase 2 [Pseudomonas putida KT2440]	75	128	32	0	52	435	18	145	3.33e-65	198	Q88K84	Q88K84.1
arsB	sp|P52146.1|	RecName: Full=Arsenical pump membrane protein [Escherichia coli]	72.167	406	113	0	1	1218	1	406	0	526	P52146	P52146.1
arsC	sp|Q9K8K8.1|	RecName: Full=Arsenate reductase [Halalkalibacterium halodurans C-125]	32.061	131	87	2	7	399	6	134	1.38e-15	72	Q9K8K8	Q9K8K8.1
arsH	sp|B7J950.1|	RecName: Full=NADPH-dependent FMN reductase ArsH; AltName: Full=Arsenical resistance operon protein ArsH [Acidithiobacillus ferrooxidans ATCC 23270]	74.641	209	52	1	61	684	29	237	5.05e-108	313	B7J950	B7J950.1
arsH_2	sp|B7J950.1|	RecName: Full=NADPH-dependent FMN reductase ArsH; AltName: Full=Arsenical resistance operon protein ArsH [Acidithiobacillus ferrooxidans ATCC 23270]	67.117	222	73	0	40	705	6	227	2.66e-109	317	B7J950	B7J950.1
artJ_1	sp|P27676.1|	RecName: Full=Glutamine-binding protein; Short=GlnBP; Flags: Precursor [Geobacillus stearothermophilus]	32.804	189	121	4	55	606	43	230	2.26e-21	93.2	P27676	P27676.1
artJ_2	sp|P30860.2|	RecName: Full=ABC transporter arginine-binding protein 1; Flags: Precursor [Escherichia coli K-12]	43.805	226	120	5	70	738	21	242	6.579999999999999e-54	177	P30860	P30860.2
artQ	sp|P0AE34.1|	RecName: Full=Arginine ABC transporter permease protein ArtQ [Escherichia coli K-12]	44.162	197	97	1	121	672	36	232	1.43e-50	167	P0AE34	P0AE34.1
aruC	sp|Q885K0.1|	RecName: Full=Acetylornithine aminotransferase 1; Short=ACOAT 1 [Pseudomonas syringae pv. tomato str. DC3000]	85.396	404	59	0	1	1212	1	404	0	724	Q885K0	Q885K0.1
aruG	sp|P80358.2|	RecName: Full=Arginine N-succinyltransferase subunit beta; AltName: Full=AOST; Short=AST; AltName: Full=ARUAII [Pseudomonas aeruginosa PAO1]	84.32	338	53	0	1	1014	1	338	0	586	P80358	P80358.2
aruI_1	sp|Q9HUI8.1|	RecName: Full=Probable 2-ketoarginine decarboxylase AruI; AltName: Full=2-oxo-5-guanidinopentanoate decarboxylase; AltName: Full=5-guanidino-2-oxopentanoate decarboxylase [Pseudomonas aeruginosa PAO1]	47.858	537	263	8	7	1599	31	556	2.0499999999999996e-110	343	Q9HUI8	Q9HUI8.1
aruI_2	sp|Q9HUI8.1|	RecName: Full=Probable 2-ketoarginine decarboxylase AruI; AltName: Full=2-oxo-5-guanidinopentanoate decarboxylase; AltName: Full=5-guanidino-2-oxopentanoate decarboxylase [Pseudomonas aeruginosa PAO1]	80.226	531	105	0	10	1602	28	558	0	810	Q9HUI8	Q9HUI8.1
ascD	sp|Q66DP5.3|	RecName: Full=CDP-6-deoxy-L-threo-D-glycero-4-hexulose-3-dehydrase reductase; AltName: Full=CDP-6-deoxy-delta-3,4-glucoseen reductase; Short=E3 [Yersinia pseudotuberculosis IP 32953]	30.275	327	213	7	1	948	3	325	4.67e-40	146	Q66DP5	Q66DP5.3
asd	sp|Q51344.2|	RecName: Full=Aspartate-semialdehyde dehydrogenase; Short=ASA dehydrogenase; Short=ASADH; AltName: Full=Aspartate-beta-semialdehyde dehydrogenase [Pseudomonas aeruginosa PAO1]	89.972	359	36	0	1	1077	1	359	0	684	Q51344	Q51344.2
asnB	sp|P54420.2|	RecName: Full=Asparagine synthetase [glutamine-hydrolyzing] 1 [Bacillus subtilis subsp. subtilis str. 168]	30.769	624	380	14	1	1758	1	610	4.0999999999999995e-72	246	P54420	P54420.2
aspA	sp|P07346.1|	RecName: Full=Aspartate ammonia-lyase; Short=Aspartase [Pseudomonas fluorescens]	99.156	474	4	0	1	1422	5	478	0	882	P07346	P07346.1
aspC_1	sp|P43336.2|	RecName: Full=Aromatic-amino-acid aminotransferase [Pseudomonas aeruginosa PAO1]	76.904	394	91	0	4	1185	3	396	0	592	P43336	P43336.2
aspC_2	sp|P96847.2|	RecName: Full=Valine--pyruvate aminotransferase; AltName: Full=Alanine--valine transaminase [Mycobacterium tuberculosis H37Rv]	38.624	378	229	2	34	1161	11	387	9.74e-79	250	P96847	P96847.2
aspS	sp|C3JYT1.1|	RecName: Full=Aspartate--tRNA(Asp/Asn) ligase; AltName: Full=Aspartyl-tRNA synthetase; Short=AspRS; AltName: Full=Non-discriminating aspartyl-tRNA synthetase; Short=ND-AspRS [Pseudomonas [fluorescens] SBW25]	98.646	591	8	0	1	1773	1	591	0	1198	C3JYT1	C3JYT1.1
aspT	sp|Q7WA16.1|	RecName: Full=Uncharacterized transporter BPP1579 [Bordetella parapertussis 12822]	67.491	566	183	1	37	1734	1	565	0	625	Q7WA16	Q7WA16.1
astA	sp|P80357.2|	RecName: Full=Arginine N-succinyltransferase subunit alpha; Short=ARUAI; AltName: Full=AOST; Short=AST [Pseudomonas aeruginosa PAO1]	84.366	339	52	1	1	1017	1	338	0	565	P80357	P80357.2
astB	sp|C3JXY6.1|	RecName: Full=N-succinylarginine dihydrolase [Pseudomonas [fluorescens] SBW25]	98.661	448	6	0	1	1344	1	448	0	858	C3JXY6	C3JXY6.1
astD	sp|C3JXY7.1|	RecName: Full=N-succinylglutamate 5-semialdehyde dehydrogenase; AltName: Full=Succinylglutamic semialdehyde dehydrogenase; Short=SGSD [Pseudomonas [fluorescens] SBW25]	96.926	488	15	0	1	1464	1	488	0	875	C3JXY7	C3JXY7.1
astE	sp|C3JXY4.1|	RecName: Full=Succinylglutamate desuccinylase [Pseudomonas [fluorescens] SBW25]	94.375	320	18	0	43	1002	15	334	0	614	C3JXY4	C3JXY4.1
atoC_1	sp|Q06065.2|	RecName: Full=Regulatory protein AtoC; AltName: Full=Acetoacetate metabolism regulatory protein; AltName: Full=DNA-binding transcriptional regulator AtoC; AltName: Full=Ornithine decarboxylase antizyme [Escherichia coli K-12]	31.148	122	82	2	79	444	5	124	7.76e-11	62	Q06065	Q06065.2
atoC_2	sp|Q9I4N3.1|	RecName: Full=Response regulator protein FleR [Pseudomonas aeruginosa PAO1]	77.754	472	91	1	1	1374	1	472	0	660	Q9I4N3	Q9I4N3.1
atoC_3	sp|Q9HWA4.1|	RecName: Full=Two-component response regulator PprB [Pseudomonas aeruginosa PAO1]	30.612	98	67	1	91	381	30	127	8.09e-10	58.2	Q9HWA4	Q9HWA4.1
atoC_4	sp|Q06065.2|	RecName: Full=Regulatory protein AtoC; AltName: Full=Acetoacetate metabolism regulatory protein; AltName: Full=DNA-binding transcriptional regulator AtoC; AltName: Full=Ornithine decarboxylase antizyme [Escherichia coli K-12]	43.86	456	252	1	7	1374	5	456	1.0199999999999998e-129	386	Q06065	Q06065.2
atoC_5	sp|Q06065.2|	RecName: Full=Regulatory protein AtoC; AltName: Full=Acetoacetate metabolism regulatory protein; AltName: Full=DNA-binding transcriptional regulator AtoC; AltName: Full=Ornithine decarboxylase antizyme [Escherichia coli K-12]	36.947	452	264	5	25	1320	6	456	1.34e-88	280	Q06065	Q06065.2
atoE	sp|P76460.1|	RecName: Full=Putative short-chain fatty acid transporter [Escherichia coli K-12]	34.169	439	264	11	25	1326	4	422	8.35e-45	165	P76460	P76460.1
atoS	sp|Q9I4N4.1|	RecName: Full=Sensor protein kinase FleS [Pseudomonas aeruginosa PAO1]	73.5	400	101	1	1	1200	1	395	4.53e-179	507	Q9I4N4	Q9I4N4.1
atpA	sp|C3K1E8.1|	RecName: Full=ATP synthase subunit alpha; AltName: Full=ATP synthase F1 sector subunit alpha; AltName: Full=F-ATPase subunit alpha [Pseudomonas [fluorescens] SBW25]	99.611	514	2	0	1	1542	1	514	0	1045	C3K1E8	C3K1E8.1
atpB	sp|C3K1F2.1|	RecName: Full=ATP synthase subunit a; AltName: Full=ATP synthase F0 sector subunit a; AltName: Full=F-ATPase subunit 6 [Pseudomonas [fluorescens] SBW25]	98.616	289	4	0	1	867	1	289	0	542	C3K1F2	C3K1F2.1
atpC	sp|C3K1E5.1|	RecName: Full=ATP synthase epsilon chain; AltName: Full=ATP synthase F1 sector epsilon subunit; AltName: Full=F-ATPase epsilon subunit [Pseudomonas [fluorescens] SBW25]	99.275	138	1	0	1	414	1	138	4.0699999999999995e-87	253	C3K1E5	C3K1E5.1
atpD	sp|C3K1E6.1|	RecName: Full=ATP synthase subunit beta; AltName: Full=ATP synthase F1 sector subunit beta; AltName: Full=F-ATPase subunit beta [Pseudomonas [fluorescens] SBW25]	98.693	459	5	1	1	1377	1	458	0	876	C3K1E6	C3K1E6.1
atpF	sp|Q48BG1.1|	RecName: Full=ATP synthase subunit b; AltName: Full=ATP synthase F(0) sector subunit b; AltName: Full=ATPase subunit I; AltName: Full=F-type ATPase subunit b; Short=F-ATPase subunit b [Pseudomonas savastanoi pv. phaseolicola 1448A]	91.667	156	13	0	1	468	1	156	6.58e-86	251	Q48BG1	Q48BG1.1
atpG	sp|Q3K440.1|	RecName: Full=ATP synthase gamma chain; AltName: Full=ATP synthase F1 sector gamma subunit; AltName: Full=F-ATPase gamma subunit [Pseudomonas fluorescens Pf0-1]	99.301	286	2	0	1	858	1	286	0	556	Q3K440	Q3K440.1
atpH_1	sp|C3K1E9.1|	RecName: Full=ATP synthase subunit delta; AltName: Full=ATP synthase F(1) sector subunit delta; AltName: Full=F-type ATPase subunit delta; Short=F-ATPase subunit delta [Pseudomonas [fluorescens] SBW25]	98.876	178	2	0	1	534	1	178	6.78e-126	354	C3K1E9	C3K1E9.1
atzF	sp|Q936X2.1|	RecName: Full=Allophanate hydrolase [Pseudomonas sp. ADP]	45.629	572	295	8	61	1758	41	602	6.729999999999999e-148	442	Q936X2	Q936X2.1
azoR1	sp|Q3KD08.1|	RecName: Full=FMN-dependent NADH:quinone oxidoreductase 3; AltName: Full=Azo-dye reductase 3; AltName: Full=FMN-dependent NADH-azo compound oxidoreductase 3; AltName: Full=FMN-dependent NADH-azoreductase 3 [Pseudomonas fluorescens Pf0-1]	80.296	203	40	0	1	609	1	203	4.88e-120	341	Q3KD08	Q3KD08.1
azoR_1	sp|Q3KGD1.1|	RecName: Full=FMN-dependent NADH:quinone oxidoreductase 2; AltName: Full=Azo-dye reductase 2; AltName: Full=FMN-dependent NADH-azo compound oxidoreductase 2; AltName: Full=FMN-dependent NADH-azoreductase 2 [Pseudomonas fluorescens Pf0-1]	84.848	198	30	0	1	594	1	198	3.7099999999999997e-124	351	Q3KGD1	Q3KGD1.1
azoR_2	sp|Q4KEN7.1|	RecName: Full=FMN-dependent NADH:quinone oxidoreductase 4; AltName: Full=Azo-dye reductase 4; AltName: Full=FMN-dependent NADH-azo compound oxidoreductase 4; AltName: Full=FMN-dependent NADH-azoreductase 4 [Pseudomonas protegens Pf-5]	45.918	196	99	3	1	570	1	195	1.54e-49	162	Q4KEN7	Q4KEN7.1
bacA	sp|Q57335.1|	RecName: Full=Uncharacterized ABC transporter ATP-binding protein HI_0036 [Haemophilus influenzae Rd KW20]	35.897	546	348	2	58	1692	40	584	1.33e-108	340	Q57335	Q57335.1
bacC	sp|P54795.1|	RecName: Full=Protein MoaE [Klebsiella aerogenes]	54.733	243	102	3	58	774	18	256	1.34e-68	215	P54795	P54795.1
bacC_2	sp|Q8KWT4.1|	RecName: Full=Dihydroanticapsin 7-dehydrogenase; AltName: Full=Bacilysin biosynthesis oxidoreductase BacC [Bacillus subtilis]	33.858	254	146	4	1	702	1	252	6.77e-37	133	Q8KWT4	Q8KWT4.1
baeR_1	sp|P69228.1|	RecName: Full=Transcriptional regulatory protein BaeR [Escherichia coli K-12]	36.719	256	135	5	1	747	1	236	4.35e-43	149	P69228	P69228.1
baeR_2	sp|Q04803.1|	RecName: Full=Transcriptional activator protein PfeR [Pseudomonas aeruginosa PAO1]	51.982	227	104	1	25	705	78	299	1.23e-63	203	Q04803	Q04803.1
baiA~~~lvr_2~~~fabG_4	sp|P51831.3|	RecName: Full=3-oxoacyl-[acyl-carrier-protein] reductase FabG; AltName: Full=3-ketoacyl-acyl carrier protein reductase; AltName: Full=Beta-Ketoacyl-acyl carrier protein reductase; AltName: Full=Beta-ketoacyl-ACP reductase [Bacillus subtilis subsp. subtilis str. 168]	43.719	199	103	3	169	759	55	246	1.87e-51	171	P51831	P51831.3
bamA_1	sp|O34731.1|	RecName: Full=Uncharacterized NTE family protein YlbK [Bacillus subtilis subsp. subtilis str. 168]	35.714	280	141	6	70	909	3	243	1.3399999999999999e-45	166	O34731	O34731.1
bamA_2	sp|Q8ZRP0.1|	RecName: Full=Outer membrane protein assembly factor BamA; Flags: Precursor [Salmonella enterica subsp. enterica serovar Typhimurium str. LT2]	38.136	826	461	15	1	2400	3	804	0	557	Q8ZRP0	Q8ZRP0.1
bamB	sp|Q9HXJ7.1|	RecName: Full=Outer membrane protein assembly factor BamB; Flags: Precursor [Pseudomonas aeruginosa PAO1]	73.421	380	101	0	64	1203	1	380	0	533	Q9HXJ7	Q9HXJ7.1
bamD	sp|P33641.2|	RecName: Full=Outer membrane protein assembly factor BamD; Flags: Precursor [Pseudomonas aeruginosa PAO1]	75.66	341	83	0	1	1023	1	341	1.08e-175	493	P33641	P33641.2
bamE	sp|O68564.1|	RecName: Full=Outer membrane protein assembly factor BamE; Flags: Precursor [Pseudomonas fluorescens]	94.286	175	10	0	1	525	1	175	3.7e-100	288	O68564	O68564.1
barA	sp|Q9F8D7.1|	RecName: Full=Sensor histidine kinase GacS [Pseudomonas protegens CHA0]	87.786	917	112	0	1	2751	1	917	0	1534	Q9F8D7	Q9F8D7.1
bauC_1	sp|Q9I702.1|	RecName: Full=Malonate-semialdehyde dehydrogenase; AltName: Full=3-oxopropanoate dehydrogenase [Pseudomonas aeruginosa PAO1]	89.135	497	54	0	1	1491	1	497	0	934	Q9I702	Q9I702.1
bauC_2	sp|Q9I702.1|	RecName: Full=Malonate-semialdehyde dehydrogenase; AltName: Full=3-oxopropanoate dehydrogenase [Pseudomonas aeruginosa PAO1]	57.778	495	205	3	10	1488	3	495	0	588	Q9I702	Q9I702.1
bbsG	sp|Q8K370.1|	RecName: Full=Acyl-CoA dehydrogenase family member 10; Short=ACAD-10 [Mus musculus]	60.606	396	151	1	16	1188	660	1055	2.4299999999999994e-168	502	Q8K370	Q8K370.1
bcp	sp|Q8P9V9.1|	RecName: Full=Peroxiredoxin Bcp; AltName: Full=Bacterioferritin comigratory protein; AltName: Full=Thioredoxin peroxidase; AltName: Full=Thioredoxin-dependent peroxiredoxin Bcp [Xanthomonas campestris pv. campestris str. ATCC 33913]	53.901	141	63	1	13	429	6	146	2.79e-40	135	Q8P9V9	Q8P9V9.1
bcr_1	sp|P96709.1|	RecName: Full=Uncharacterized MFS-type transporter YdgK [Bacillus subtilis subsp. subtilis str. 168]	40.154	259	150	3	4	768	10	267	3.21e-50	177	P96709	P96709.1
bcr_2	sp|P96709.1|	RecName: Full=Uncharacterized MFS-type transporter YdgK [Bacillus subtilis subsp. subtilis str. 168]	35.606	264	168	1	55	840	24	287	2.31e-43	159	P96709	P96709.1
bcr_3	sp|P96709.1|	RecName: Full=Uncharacterized MFS-type transporter YdgK [Bacillus subtilis subsp. subtilis str. 168]	33.681	288	177	5	40	870	16	300	3.14e-25	109	P96709	P96709.1
bdcA	sp|P39333.2|	RecName: Full=Cyclic-di-GMP-binding biofilm dispersal mediator protein [Escherichia coli K-12]	51.44	243	109	2	16	744	4	237	8.8e-73	224	P39333	P39333.2
bdcA_1	sp|P39333.2|	RecName: Full=Cyclic-di-GMP-binding biofilm dispersal mediator protein [Escherichia coli K-12]	52.033	246	109	2	10	747	1	237	6.51e-73	225	P39333	P39333.2
bdhA	sp|Q9X6U2.2|	RecName: Full=D-beta-hydroxybutyrate dehydrogenase; Short=BDH; AltName: Full=3-hydroxybutyrate dehydrogenase; Short=3-HBDH [Cupriavidus necator H16]	67.315	257	81	2	10	771	2	258	1.5900000000000002e-123	354	Q9X6U2	Q9X6U2.2
bdlA_1~~~bdlA_4	sp|Q9I3S1.1|	RecName: Full=Biofilm dispersion protein BdlA; AltName: Full=Chemotaxis regulator BdlA [Pseudomonas aeruginosa PAO1]	47.215	413	215	1	124	1353	1	413	7.51e-111	336	Q9I3S1	Q9I3S1.1
bdlA_2	sp|Q9I3S1.1|	RecName: Full=Biofilm dispersion protein BdlA; AltName: Full=Chemotaxis regulator BdlA [Pseudomonas aeruginosa PAO1]	55.556	414	184	0	70	1311	1	414	1.6999999999999997e-153	444	Q9I3S1	Q9I3S1.1
bdlA_3	sp|Q9I3S1.1|	RecName: Full=Biofilm dispersion protein BdlA; AltName: Full=Chemotaxis regulator BdlA [Pseudomonas aeruginosa PAO1]	53.431	408	190	0	115	1338	3	410	8.669999999999999e-130	384	Q9I3S1	Q9I3S1.1
bdlA_4	sp|Q9I3S1.1|	RecName: Full=Biofilm dispersion protein BdlA; AltName: Full=Chemotaxis regulator BdlA [Pseudomonas aeruginosa PAO1]	44.794	413	228	0	76	1314	3	415	7.62e-84	266	Q9I3S1	Q9I3S1.1
benM_1	sp|P77559.1|	RecName: Full=Uncharacterized HTH-type transcriptional regulator YnfL [Escherichia coli K-12]	38.182	275	168	2	4	825	3	276	4.71e-48	165	P77559	P77559.1
benM_2	sp|P20667.1|	RecName: Full=HTH-type transcriptional regulator CatR; AltName: Full=CatBC operon transcriptional activator [Pseudomonas putida]	70.934	289	81	2	1	867	1	286	2.4999999999999996e-144	410	P20667	P20667.1
benM_3	sp|P77559.1|	RecName: Full=Uncharacterized HTH-type transcriptional regulator YnfL [Escherichia coli K-12]	51.389	288	137	2	1	861	3	288	2.09e-93	281	P77559	P77559.1
benM_4	sp|P77559.1|	RecName: Full=Uncharacterized HTH-type transcriptional regulator YnfL [Escherichia coli K-12]	38.71	279	163	3	4	825	3	278	4.8099999999999994e-35	131	P77559	P77559.1
bepA_1	sp|P66950.1|	RecName: Full=Beta-barrel assembly-enhancing protease; Flags: Precursor [Salmonella enterica subsp. enterica serovar Typhimurium str. LT2]	36.695	466	277	8	49	1413	23	481	1.0699999999999999e-66	225	P66950	P66950.1
bepA_3	sp|P42810.2|	RecName: Full=TPR repeat-containing protein PA4667 [Pseudomonas aeruginosa PAO1]	69.686	574	173	1	1	1719	16	589	0	770	P42810	P42810.2
bepE	sp|Q57124.1|	RecName: Full=Uncharacterized transporter HI_0895 [Haemophilus influenzae Rd KW20]	41.724	1021	573	10	1	3018	7	1020	0	677	Q57124	Q57124.1
bepF	sp|Q8FWV8.1|	RecName: Full=Efflux pump periplasmic linker BepF [Brucella suis 1330]	32.791	369	243	3	16	1110	30	397	2.66e-47	170	Q8FWV8	Q8FWV8.1
betA_1	sp|C3K3D3.1|	RecName: Full=Oxygen-dependent choline dehydrogenase; Short=CDH; Short=CHD; AltName: Full=Betaine aldehyde dehydrogenase; Short=BADH [Pseudomonas [fluorescens] SBW25]	97.884	567	12	0	1	1701	1	567	0	1119	C3K3D3	C3K3D3.1
betA_2	sp|Q8BJ64.1|	RecName: Full=Choline dehydrogenase, mitochondrial; Short=CDH; Short=CHD; Flags: Precursor [Mus musculus]	39.815	540	306	8	7	1596	43	573	4.1e-125	382	Q8BJ64	Q8BJ64.1
betB_1	sp|C3K3D2.1|	RecName: Full=Betaine aldehyde dehydrogenase; Short=BADH [Pseudomonas [fluorescens] SBW25]	98.163	490	9	0	1	1470	1	490	0	991	C3K3D2	C3K3D2.1
betB_2	sp|P42269.1|	RecName: Full=5-carboxymethyl-2-hydroxymuconate semialdehyde dehydrogenase; Short=CHMS dehydrogenase [Escherichia coli]	76.356	461	107	2	4	1386	4	462	0	674	P42269	P42269.1
betC	sp|O69787.2|	RecName: Full=Choline-sulfatase [Sinorhizobium meliloti 1021]	48.031	508	251	7	7	1497	5	510	2.3799999999999997e-157	460	O69787	O69787.2
betI_2	sp|C3K3D1.1|	RecName: Full=HTH-type transcriptional regulator BetI [Pseudomonas [fluorescens] SBW25]	96.954	197	6	0	1	591	1	197	3.13e-142	397	C3K3D1	C3K3D1.1
betI_3	sp|Q8D3K4.2|	RecName: Full=HTH-type transcriptional regulator BetI [Vibrio vulnificus CMCP6]	30.814	172	110	3	37	543	7	172	2.57e-18	82.4	Q8D3K4	Q8D3K4.2
betI_4	sp|A7N212.1|	RecName: Full=HTH-type transcriptional regulator BetI [Vibrio campbellii ATCC BAA-1116]	31.579	190	120	3	34	594	7	189	1.51e-25	101	A7N212	A7N212.1
betT2	sp|Q6FDF5.1|	RecName: Full=Osmo-dependent choline transporter BetT2 [Acinetobacter baylyi ADP1]	45.827	659	347	3	37	1998	19	672	0	562	Q6FDF5	Q6FDF5.1
bfrD	sp|G3XCY8.1|	RecName: Full=Probable TonB-dependent siderophore receptor PiuA; Flags: Precursor [Pseudomonas aeruginosa PAO1]	53.517	725	306	12	142	2283	49	753	0	711	G3XCY8	G3XCY8.1
bfr_1	sp|P77930.1|	RecName: Full=Bacterial ferritin; Short=FtnA; AltName: Full=Bacterial non-heme ferritin; AltName: Full=Bacterioferritin; Short=Bfr [Pseudomonas putida]	83.117	154	26	0	1	462	1	154	1.14e-93	270	P77930	P77930.1
bfr_2	sp|P22759.2|	RecName: Full=Bacterioferritin; Short=BFR; AltName: Full=Cytochrome b-557.5 [Azotobacter vinelandii]	75	156	39	0	1	468	1	156	3.0699999999999996e-66	201	P22759	P22759.2
bigR	sp|Q8UAA8.3|	RecName: Full=Biofilm growth-associated repressor [Agrobacterium fabrum str. C58]	52.055	73	35	0	94	312	40	112	1.86e-21	85.1	Q8UAA8	Q8UAA8.3
bin3	sp|Q52563.1|	RecName: Full=Resolvase [Pseudomonas syringae pv. tomato]	36.224	196	122	2	10	597	8	200	1.6399999999999998e-23	96.3	Q52563	Q52563.1
bin3_1	sp|Q52563.1|	RecName: Full=Resolvase [Pseudomonas syringae pv. tomato]	40.306	196	114	2	10	597	8	200	3.28e-37	131	Q52563	Q52563.1
bin3~~~bin3_2	sp|Q52563.1|	RecName: Full=Resolvase [Pseudomonas syringae pv. tomato]	41.5	200	114	2	10	609	8	204	1.1099999999999999e-39	137	Q52563	Q52563.1
bioA	sp|P22805.1|	RecName: Full=Adenosylmethionine-8-amino-7-oxononanoate aminotransferase; AltName: Full=7,8-diamino-pelargonic acid aminotransferase; Short=DAPA AT; Short=DAPA aminotransferase; AltName: Full=7,8-diaminononanoate synthase; Short=DANS; AltName: Full=Diaminopelargonic acid synthase [Lysinibacillus sphaericus]	54.649	441	199	1	13	1332	6	446	6.76e-179	511	P22805	P22805.1
bioB	sp|Q3K5P1.1|	RecName: Full=Biotin synthase [Pseudomonas fluorescens Pf0-1]	97.151	351	10	0	1	1053	1	351	0	720	Q3K5P1	Q3K5P1.1
bioC	sp|A6UYW3.1|	RecName: Full=Malonyl-[acyl-carrier protein] O-methyltransferase; Short=Malonyl-ACP O-methyltransferase; AltName: Full=Biotin synthesis protein BioC [Pseudomonas paraeruginosa PA7]	70.956	272	75	1	1	804	1	272	3.2400000000000004e-123	355	A6UYW3	A6UYW3.1
bioD1	sp|Q9I614.1|	RecName: Full=ATP-dependent dethiobiotin synthetase BioD; AltName: Full=DTB synthetase; Short=DTBS; AltName: Full=Dethiobiotin synthase [Pseudomonas aeruginosa PAO1]	72.603	219	60	0	10	666	3	221	2.46e-91	270	Q9I614	Q9I614.1
bioF	sp|Q3K5P2.1|	RecName: Full=8-amino-7-oxononanoate synthase; Short=AONS; AltName: Full=7-keto-8-amino-pelargonic acid synthase; Short=7-KAP synthase; Short=KAPA synthase; AltName: Full=8-amino-7-ketopelargonate synthase [Pseudomonas fluorescens Pf0-1]	92.621	393	28	1	1	1179	1	392	0	691	Q3K5P2	Q3K5P2.1
bioH	sp|C5BMZ8.1|	RecName: Full=Biotin biosynthesis bifunctional protein BioHC; Includes: RecName: Full=Carboxylesterase BioH; AltName: Full=Biotin synthesis protein BioH; Includes: RecName: Full=Malonyl-[acyl-carrier protein] O-methyltransferase; Short=Malonyl-ACP O-methyltransferase; AltName: Full=Biotin synthesis protein BioC [Teredinibacter turnerae T7901]	37.824	193	109	2	172	717	95	287	3.26e-29	118	C5BMZ8	C5BMZ8.1
bioP	sp|O68826.2|	RecName: Full=Probable biotin transporter [Pseudomonas aeruginosa PAO1]	72.438	283	78	0	1	849	1	283	4.35e-98	292	O68826	O68826.2
birA	sp|P37416.2|	RecName: Full=Bifunctional ligase/repressor BirA; AltName: Full=Biotin operon repressor; AltName: Full=Biotin--[acetyl-CoA-carboxylase] ligase; AltName: Full=Biotin--protein ligase; AltName: Full=Biotin-[acetyl-CoA carboxylase] synthetase [Salmonella enterica subsp. enterica serovar Typhimurium str. LT2]	42.767	318	169	6	4	942	8	317	6.889999999999999e-68	218	P37416	P37416.2
bkdA1	sp|P09060.2|	RecName: Full=2-oxoisovalerate dehydrogenase subunit alpha; AltName: Full=Branched-chain alpha-keto acid dehydrogenase E1 component alpha chain; Short=BCKDH E1-alpha [Pseudomonas putida]	86.375	411	55	1	1	1233	1	410	0	717	P09060	P09060.2
bkdA2	sp|P09061.1|	RecName: Full=2-oxoisovalerate dehydrogenase subunit beta; AltName: Full=Branched-chain alpha-keto acid dehydrogenase E1 component beta chain; Short=BCKDH E1-beta [Pseudomonas putida]	90.634	331	31	0	64	1056	9	339	0	608	P09061	P09061.1
bkdB	sp|P09062.1|	RecName: Full=Lipoamide acyltransferase component of branched-chain alpha-keto acid dehydrogenase complex; AltName: Full=Branched-chain alpha-keto acid dehydrogenase complex component E2; Short=BCKAD-E2; Short=BCKADE2; AltName: Full=Dihydrolipoamide acetyltransferase component of branched-chain alpha-keto acid dehydrogenase complex; AltName: Full=Dihydrolipoamide branched chain transacylase; AltName: Full=Dihydrolipoyllysine-residue (2-methylpropanoyl)transferase [Pseudomonas putida]	70.686	423	120	1	1	1257	1	423	0	573	P09062	P09062.1
blc	sp|Q9FGT8.1|	RecName: Full=Temperature-induced lipocalin-1; Short=AtTIL1 [Arabidopsis thaliana]	37.419	155	83	5	82	525	8	155	9.1e-28	105	Q9FGT8	Q9FGT8.1
bluB	sp|Q92PC8.1|	RecName: Full=5,6-dimethylbenzimidazole synthase; Short=DMB synthase [Sinorhizobium meliloti 1021]	43.519	216	115	4	10	642	13	226	1.27e-36	130	Q92PC8	Q92PC8.1
bluF	sp|P75990.1|	RecName: Full=Blue light- and temperature-regulated antirepressor BluF; Short=Blrp [Escherichia coli K-12]	31.441	229	153	2	88	771	174	399	1.76e-20	92.8	P75990	P75990.1
bmr3	sp|O32182.1|	RecName: Full=Multidrug transporter protein MdtP; AltName: Full=MFS-type transporter MdtP [Bacillus subtilis subsp. subtilis str. 168]	34.389	442	279	6	49	1356	15	451	4.87e-60	209	O32182	O32182.1
bmrA	sp|Q2SZW0.1|	RecName: Full=ATP-dependent lipid A-core flippase; AltName: Full=Lipid A export ATP-binding/permease protein MsbA [Burkholderia thailandensis E264]	33.259	448	285	4	487	1797	143	587	3.0200000000000003e-58	208	Q2SZW0	Q2SZW0.1
bolA	sp|Q56585.1|	RecName: Full=DNA-binding transcriptional regulator BolA [Vibrio alginolyticus]	45.455	99	49	4	1	282	2	100	5.59e-21	82.8	Q56585	Q56585.1
bpt	sp|C3JY60.1|	RecName: Full=Aspartate/glutamate leucyltransferase [Pseudomonas [fluorescens] SBW25]	94.468	235	13	0	1	705	1	235	6.419999999999999e-169	468	C3JY60	C3JY60.1
braC_1	sp|Q9HUQ0.1|	RecName: Full=Amino acid binding protein; Flags: Precursor [Pseudomonas aeruginosa PAO1]	75.668	374	90	1	1	1122	1	373	0	568	Q9HUQ0	Q9HUQ0.1
braC_2	sp|P21175.2|	RecName: Full=Leucine-, isoleucine-, valine-, threonine-, and alanine-binding protein; Short=LIVAT-BP; Short=Leu/Ile/Val/Thr/Ala-binding protein; Flags: Precursor [Pseudomonas aeruginosa PAO1]	68.28	372	118	0	1	1116	1	372	1.2299999999999997e-168	478	P21175	P21175.2
brnQ	sp|P25185.1|	RecName: Full=Branched-chain amino acid transport system 3 carrier protein; AltName: Full=LIV-III [Pseudomonas aeruginosa PAO1]	77.346	437	99	0	1	1311	1	437	1.14e-170	488	P25185	P25185.1
bspRIM	sp|P05302.1|	RecName: Full=Type II methyltransferase M.DdeI; Short=M.DdeI; AltName: Full=Cytosine-specific methyltransferase DdeI; AltName: Full=Modification methylase DdeI [Desulfomicrobium norvegicum]	30.097	412	226	12	34	1239	4	363	6.34e-40	150	P05302	P05302.1
btsT	sp|P39396.2|	RecName: Full=Pyruvate/proton symporter BtsT; AltName: Full=Brenztraubensaure transporter; AltName: Full=Pyruvate/H(+) symporter [Escherichia coli K-12]	67.797	708	203	4	7	2061	2	707	0	828	P39396	P39396.2
btuB_1	sp|Q57H87.2|	RecName: Full=Vitamin B12 transporter BtuB; AltName: Full=Cobalamin receptor; AltName: Full=Outer membrane cobalamin translocator; Flags: Precursor [Salmonella enterica subsp. enterica serovar Choleraesuis str. SC-B67]	34.973	183	100	7	37	585	2	165	1.68e-14	80.9	Q57H87	Q57H87.2
btuB_2	sp|A0A0D5YL73.1|	RecName: Full=Hemophilin receptor; AltName: Full=TonB-dependent receptor HphR [Acinetobacter baumannii]	30.806	1055	587	22	31	2832	25	1057	2.1700000000000003e-117	387	A0A0D5YL73	A0A0D5YL73.1
btuB_3	sp|Q57408.3|	RecName: Full=Probable hemoglobin and hemoglobin-haptoglobin-binding protein 4; Flags: Precursor [Haemophilus influenzae Rd KW20]	30.743	296	181	9	1720	2544	701	993	2.07e-30	132	Q57408	Q57408.3
btuB_4	sp|P76115.1|	RecName: Full=Pyrroloquinoline quinone transporter; Short=PQQ transporter; AltName: Full=TonB-dependent receptor PqqU; Flags: Precursor [Escherichia coli K-12]	39.884	687	376	17	100	2100	30	699	5.46e-146	445	P76115	P76115.1
btuB_6	sp|Q7MQ42.1|	RecName: Full=Vitamin B12 transporter BtuB; AltName: Full=Cobalamin receptor; AltName: Full=Outer membrane cobalamin translocator; Flags: Precursor [Vibrio vulnificus YJ016]	31.81	591	345	20	100	1800	31	587	3.0799999999999996e-68	236	Q7MQ42	Q7MQ42.1
btuB_7	sp|Q8Z314.1|	RecName: Full=Vitamin B12 transporter BtuB; AltName: Full=Cobalamin receptor; AltName: Full=Outer membrane cobalamin translocator; Flags: Precursor [Salmonella enterica subsp. enterica serovar Typhi]	31.579	171	97	6	73	570	22	177	1.73e-12	74.7	Q8Z314	Q8Z314.1
btuB_9	sp|Q6LLU3.1|	RecName: Full=Vitamin B12 transporter BtuB; AltName: Full=Cobalamin receptor; AltName: Full=Outer membrane cobalamin translocator; Flags: Precursor [Photobacterium profundum SS9]	33.702	181	101	7	118	636	31	200	9.79e-14	78.2	Q6LLU3	Q6LLU3.1
btuD_1	sp|P14175.1|	RecName: Full=Glycine betaine/proline betaine transport system ATP-binding protein ProV [Escherichia coli K-12]	52.313	281	130	1	22	864	9	285	2.1e-85	268	P14175	P14175.1
btuD_10	sp|Q3KCC5.1|	RecName: Full=Fe(3+) ions import ATP-binding protein FbpC [Pseudomonas fluorescens Pf0-1]	77.299	348	76	2	1	1038	1	347	2.1899999999999998e-175	493	Q3KCC5	Q3KCC5.1
btuD_11	sp|P45171.2|	RecName: Full=Spermidine/putrescine import ATP-binding protein PotA [Haemophilus influenzae Rd KW20]	43.909	353	157	6	7	957	10	357	1.09e-78	247	P45171	P45171.2
btuD_2	sp|Q933I3.1|	RecName: Full=Leukotoxin translocation ATP-binding protein LktB [Mannheimia glucosida]	30.066	602	408	6	382	2181	107	697	1.6e-77	267	Q933I3	Q933I3.1
btuD_3	sp|Q07698.1|	RecName: Full=ABC transporter protein AbcA [Aeromonas salmonicida]	47.674	258	125	1	7	780	2	249	1.13e-76	244	Q07698	Q07698.1
btuD_4	sp|P55662.1|	RecName: Full=Probable amino-acid ABC transporter ATP-binding protein y4tH [Sinorhizobium fredii NGR234]	50.204	245	119	3	820	1545	10	254	4.6000000000000004e-73	235	P55662	P55662.1
btuD_5	sp|P08007.2|	RecName: Full=Oligopeptide transport ATP-binding protein OppF [Salmonella enterica subsp. enterica serovar Typhimurium str. LT2]	49.074	324	161	3	7	966	11	334	5.71e-84	260	P08007	P08007.2
btuD_7	sp|Q1MQ44.1|	RecName: Full=Spermidine/putrescine import ATP-binding protein PotA [Lawsonia intracellularis PHE/MN1-00]	41.076	353	183	9	16	1017	7	353	7.15e-67	218	Q1MQ44	Q1MQ44.1
btuD_8	sp|Q47T99.1|	RecName: Full=Spermidine/putrescine import ATP-binding protein PotA [Thermobifida fusca YX]	48.137	322	146	3	82	984	54	375	1.0899999999999999e-92	284	Q47T99	Q47T99.1
btuD_8~~~btuD_6	sp|P46903.1|	RecName: Full=ABC transporter ATP-binding protein NatA; AltName: Full=ABC-type Na(+) transporter [Bacillus subtilis subsp. subtilis str. 168]	32.857	210	137	3	133	753	21	229	2.34e-33	126	P46903	P46903.1
btuD_9	sp|Q4KB64.1|	RecName: Full=Molybdenum import ATP-binding protein ModC [Pseudomonas protegens Pf-5]	83.799	358	58	0	4	1077	3	360	0	566	Q4KB64	Q4KB64.1
btuE_1	sp|O08368.1|	RecName: Full=Glutathione peroxidase; Flags: Precursor [Pseudomonas wisconsinensis]	72.956	159	41	2	55	528	20	177	1.84e-81	243	O08368	O08368.1
btuE_2	sp|P06610.1|	RecName: Full=Thioredoxin/glutathione peroxidase BtuE [Escherichia coli K-12]	47.977	173	69	1	25	480	10	182	1.2399999999999998e-55	176	P06610	P06610.1
btuF_1	sp|P37028.2|	RecName: Full=Vitamin B12-binding protein; Flags: Precursor [Escherichia coli K-12]	32.143	112	74	2	433	765	104	214	9.33e-6	50.1	P37028	P37028.2
btuF_3~~~btuF_2	sp|A4TPX1.1|	RecName: Full=Vitamin B12-binding protein; Flags: Precursor [Yersinia pestis Pestoides F]	38.636	264	149	6	16	792	16	271	4.6099999999999995e-35	130	A4TPX1	A4TPX1.1
budC	sp|Q48436.2|	RecName: Full=Diacetyl reductase [(S)-acetoin forming]; AltName: Full=Acetoin(diacetyl) reductase; Short=AR; AltName: Full=Meso-2,3-butanediol dehydrogenase [Klebsiella pneumoniae]	37.6	250	142	3	28	735	3	252	3.26e-41	144	Q48436	Q48436.2
bvgA_1	sp|P0A4H2.1|	RecName: Full=Virulence factors putative positive transcription regulator BvgA [Bordetella pertussis Tohama I]	46.635	208	110	1	1	621	1	208	4.5499999999999996e-61	192	P0A4H2	P0A4H2.1
bvgA_2	sp|P0A4H2.1|	RecName: Full=Virulence factors putative positive transcription regulator BvgA [Bordetella pertussis Tohama I]	60.577	208	80	1	4	627	3	208	5.23e-90	266	P0A4H2	P0A4H2.1
bvgA_3	sp|P0A4H2.1|	RecName: Full=Virulence factors putative positive transcription regulator BvgA [Bordetella pertussis Tohama I]	45.263	190	103	1	1	567	1	190	1.6e-51	168	P0A4H2	P0A4H2.1
bvgA_3~~~bvgA_1	sp|P0A4H2.1|	RecName: Full=Virulence factors putative positive transcription regulator BvgA [Bordetella pertussis Tohama I]	55.34	206	92	0	4	621	3	208	2.9000000000000004e-70	216	P0A4H2	P0A4H2.1
bvgA_4	sp|P0A4H2.1|	RecName: Full=Virulence factors putative positive transcription regulator BvgA [Bordetella pertussis Tohama I]	50	206	103	0	4	621	3	208	2.78e-66	206	P0A4H2	P0A4H2.1
bvgS_1	sp|P40330.2|	RecName: Full=Virulence sensor protein BvgS; Flags: Precursor [Bordetella parapertussis 12822]	43.936	1179	627	11	25	3480	12	1183	0	848	P40330	P40330.2
bvgS_3	sp|P40330.2|	RecName: Full=Virulence sensor protein BvgS; Flags: Precursor [Bordetella parapertussis 12822]	34.858	1159	704	18	112	3480	38	1181	0	603	P40330	P40330.2
cadA_1	sp|P30336.2|	RecName: Full=Probable cadmium-transporting ATPase; AltName: Full=Cadmium-efflux ATPase [Alkalihalophilus pseudofirmus OF4]	47.306	594	306	6	520	2283	128	720	3.51e-170	510	P30336	P30336.2
cadA_2	sp|O30085.1|	RecName: Full=Copper-exporting P-type ATPase B [Archaeoglobus fulgidus DSM 4304]	31.092	595	365	14	187	1854	102	690	2.9199999999999998e-46	177	O30085	O30085.1
caiD	sp|Q28FR6.1|	RecName: Full=3-hydroxyisobutyryl-CoA hydrolase, mitochondrial; AltName: Full=3-hydroxyisobutyryl-coenzyme A hydrolase; Short=HIB-CoA hydrolase; Short=HIBYL-CoA-H; Flags: Precursor [Xenopus tropicalis]	39.521	334	196	2	97	1092	46	375	3.6e-83	261	Q28FR6	Q28FR6.1
caiT	sp|Q6FDF6.1|	RecName: Full=Osmo-independent choline transporter BetT1 [Acinetobacter baylyi ADP1]	52.51	518	240	4	22	1572	9	521	1.1099999999999998e-168	495	Q6FDF6	Q6FDF6.1
calB	sp|Q9I6C8.1|	RecName: Full=Probable coniferyl aldehyde dehydrogenase; Short=CALDH [Pseudomonas aeruginosa PAO1]	77.384	451	102	0	73	1425	26	476	0	726	Q9I6C8	Q9I6C8.1
can	sp|P61517.1|	RecName: Full=Carbonic anhydrase 2; AltName: Full=Carbonate dehydratase 2 [Escherichia coli K-12]	54.589	207	93	1	1	621	1	206	2.23e-85	254	P61517	P61517.1
capB_1	sp|P0A105.1|	RecName: Full=Cold shock protein CapB; AltName: Full=Cold acclimation protein B [Pseudomonas syringae pv. tomato str. DC3000]	100	69	0	0	1	207	1	69	7.879999999999999e-45	140	P0A105	P0A105.1
capB_2	sp|P72188.1|	RecName: Full=Cold shock protein CapA; AltName: Full=C7.0; AltName: Full=Cold acclimation protein A [Pseudomonas fragi]	96.875	64	2	0	1	192	1	64	3.22e-39	126	P72188	P72188.1
carA	sp|Q87WP3.1|	RecName: Full=Carbamoyl phosphate synthase small chain; AltName: Full=Carbamoyl phosphate synthetase glutamine chain [Pseudomonas syringae pv. tomato str. DC3000]	91.27	378	33	0	1	1134	1	378	0	712	Q87WP3	Q87WP3.1
carB_1	sp|A5H0J2.1|	RecName: Full=Urea amidolyase; AltName: Full=Pyrimidine-degrading protein 13,15; AltName: Full=Uracil catabolism protein 3,5; Includes: RecName: Full=Urea carboxylase; Includes: RecName: Full=Allophanate hydrolase [Lachancea kluyveri]	43.067	1226	660	10	58	3684	626	1830	0	980	A5H0J2	A5H0J2.1
carB_2	sp|Q87WP4.1|	RecName: Full=Carbamoyl phosphate synthase large chain; AltName: Full=Carbamoyl phosphate synthetase ammonia chain [Pseudomonas syringae pv. tomato str. DC3000]	96.738	1073	35	0	1	3219	1	1073	0	2142	Q87WP4	Q87WP4.1
cat	sp|Q27710.1|	RecName: Full=Catalase [Wolbachia endosymbiont of Onchocerca volvulus]	95.021	482	24	0	1	1446	1	482	0	960	Q27710	Q27710.1
cat1	sp|P38946.1|	RecName: Full=Succinyl-CoA:acetate CoA-transferase; AltName: Full=Succinyl-CoA:CoA transferase [Clostridium kluyveri DSM 555]	52.535	493	231	2	13	1482	45	537	3.53e-173	501	P38946	P38946.1
catA	sp|P07773.1|	RecName: Full=Catechol 1,2-dioxygenase; AltName: Full=1,2-CTD [Acinetobacter baylyi ADP1]	56.507	292	124	2	1	867	1	292	1.0999999999999997e-106	316	P07773	P07773.1
catB	sp|P08310.4|	RecName: Full=Muconate cycloisomerase 1; AltName: Full=Cis,cis-muconate lactonizing enzyme I; Short=MLE; AltName: Full=Muconate cycloisomerase I [Pseudomonas putida]	75.401	374	90	2	1	1116	1	374	1.3799999999999999e-178	503	P08310	P08310.4
catC	sp|P00948.3|	RecName: Full=Muconolactone Delta-isomerase; Short=MIase [Pseudomonas putida]	77.083	96	22	0	1	288	1	96	6.95e-46	145	P00948	P00948.3
catD_1	sp|P00632.3|	RecName: Full=3-oxoadipate enol-lactonase 2; AltName: Full=3-oxoadipate enol-lactonase II; AltName: Full=Beta-ketoadipate enol-lactone hydrolase II; AltName: Full=Enol-lactone hydrolase II [Acinetobacter baylyi ADP1]	30.196	255	166	5	28	774	16	264	5.18e-25	103	P00632	P00632.3
catD_2	sp|P26495.1|	RecName: Full=Poly(3-hydroxyalkanoate) depolymerase; Short=PHA depolymerase; AltName: Full=ORF2; AltName: Full=PHB depolymerase [Ectopseudomonas oleovorans]	88.929	280	31	0	1	840	1	280	0	526	P26495	P26495.1
catD_3	sp|Q59093.2|	RecName: Full=3-oxoadipate enol-lactonase 1; AltName: Full=3-oxoadipate enol-lactonase I; AltName: Full=Beta-ketoadipate enol-lactone hydrolase I; AltName: Full=Enol-lactone hydrolase I [Acinetobacter baylyi ADP1]	44.215	242	131	2	31	756	17	254	2.6e-66	210	Q59093	Q59093.2
catI	sp|Q8VPF3.1|	RecName: Full=3-oxoadipate CoA-transferase subunit A; AltName: Full=3-oxoadipate:succinyl-CoA transferase subunit A; AltName: Full=Beta-ketoadipate:succinyl-CoA transferase subunit A [Pseudomonas knackmussii B13]	90.146	274	27	0	1	822	1	274	0	516	Q8VPF3	Q8VPF3.1
catJ	sp|Q8VPF2.1|	RecName: Full=3-oxoadipate CoA-transferase subunit B; AltName: Full=3-oxoadipate:succinyl-CoA transferase subunit B; AltName: Full=Beta-ketoadipate:succinyl-CoA transferase subunit B [Pseudomonas knackmussii B13]	89.105	257	28	0	4	774	3	259	3.0599999999999998e-167	465	Q8VPF2	Q8VPF2.1
catM	sp|P07774.3|	RecName: Full=HTH-type transcriptional regulator CatM; AltName: Full=Cat operon transcriptional regulator [Acinetobacter baylyi ADP1]	31.502	273	182	4	13	828	4	272	1.0399999999999999e-35	133	P07774	P07774.3
cbbA	sp|Q9I5Y1.1|	RecName: Full=Fructose-bisphosphate aldolase; Short=FBP aldolase; Short=FBPA; AltName: Full=Fructose-1,6-bisphosphate aldolase [Pseudomonas aeruginosa PAO1]	91.243	354	31	0	1	1062	1	354	0	682	Q9I5Y1	Q9I5Y1.1
cbiA	sp|A4VJ35.1|	RecName: Full=Hydrogenobyrinate a,c-diamide synthase; AltName: Full=Hydrogenobyrinic acid a,c-diamide synthase [Stutzerimonas stutzeri A1501]	73.536	427	113	0	13	1293	4	430	0	601	A4VJ35	A4VJ35.1
cbiG	sp|P21635.1|	RecName: Full=Protein CobE [Sinorhizobium sp.]	36	125	76	1	7	381	17	137	2.44e-8	52.8	P21635	P21635.1
cbpA	sp|Q87VN8.1|	RecName: Full=Curved DNA-binding protein [Pseudomonas syringae pv. tomato str. DC3000]	66.242	314	102	2	1	936	1	312	3.5799999999999996e-109	322	Q87VN8	Q87VN8.1
cbs	sp|Q91WT9.3|	RecName: Full=Cystathionine beta-synthase; AltName: Full=Beta-thionase; AltName: Full=Serine sulfhydrase [Mus musculus]	39.34	394	226	5	19	1173	75	464	1.04e-76	253	Q91WT9	Q91WT9.3
cc4	sp|P00106.3|	RecName: Full=Cytochrome c4; Flags: Precursor [Pseudomonas aeruginosa PAO1]	84.024	169	27	0	97	603	33	201	3.2999999999999994e-104	301	P00106	P00106.3
cca	sp|C3K334.1|	RecName: Full=Multifunctional CCA protein; Includes: RecName: Full=CCA-adding enzyme; AltName: Full=CCA tRNA nucleotidyltransferase; AltName: Full=tRNA CCA-pyrophosphorylase; AltName: Full=tRNA adenylyl-/cytidylyl-transferase; AltName: Full=tRNA nucleotidyltransferase; AltName: Full=tRNA-NT; Includes: RecName: Full=2'-nucleotidase; Includes: RecName: Full=2',3'-cyclic phosphodiesterase; Includes: RecName: Full=Phosphatase [Pseudomonas [fluorescens] SBW25]	93.888	409	25	0	1	1227	1	409	0	724	C3K334	C3K334.1
cckA	sp|P0DOA0.1|	RecName: Full=Sensor kinase CckA; Includes: RecName: Full=Protein histidine kinase; Includes: RecName: Full=Response regulator [Brucella abortus 2308]	37.19	121	71	2	7	354	821	941	2.19e-15	74.3	P0DOA0	P0DOA0.1
ccmA	sp|Q4KG27.1|	RecName: Full=Cytochrome c biogenesis ATP-binding export protein CcmA; AltName: Full=Heme exporter protein A [Pseudomonas protegens Pf-5]	85.238	210	31	0	1	630	1	210	2.6099999999999997e-130	368	Q4KG27	Q4KG27.1
ccmB	sp|Q9I3N6.1|	RecName: Full=Heme exporter protein B; AltName: Full=Cytochrome c-type biogenesis protein CcmB [Pseudomonas aeruginosa PAO1]	87.805	82	10	0	4	249	3	84	2.1499999999999998e-24	99.4	Q9I3N6	Q9I3N6.1
ccmC	sp|Q9I3N5.1|	RecName: Full=Heme exporter protein C; AltName: Full=Cytochrome c-type biogenesis protein CcmC [Pseudomonas aeruginosa PAO1]	85.246	244	36	0	1	732	2	245	5.88e-141	398	Q9I3N5	Q9I3N5.1
ccmE	sp|C3K4Z0.1|	RecName: Full=Cytochrome c-type biogenesis protein CcmE; AltName: Full=Cytochrome c maturation protein E; AltName: Full=Heme chaperone CcmE [Pseudomonas [fluorescens] SBW25]	91.613	155	9	1	1	465	1	151	3.4799999999999997e-87	254	C3K4Z0	C3K4Z0.1
ccmF	sp|P52225.1|	RecName: Full=Cytochrome c-type biogenesis protein CcmF; AltName: Full=Cytochrome c-type biogenesis protein CycK [Pseudomonas fluorescens]	96.515	660	22	1	1	1980	1	659	0	1083	P52225	P52225.1
ccmH	sp|P52226.1|	RecName: Full=Cytochrome c-type biogenesis protein CcmH; AltName: Full=Cytochrome c-type biogenesis protein CycL; Flags: Precursor [Pseudomonas fluorescens]	93.6	125	8	0	64	438	21	145	3.55e-62	191	P52226	P52226.1
ccmM	sp|P40881.1|	RecName: Full=Carbonic anhydrase; Short=CA; Short=Cam; Flags: Precursor [Methanosarcina thermophila TM-1]	37.563	197	96	5	13	540	54	244	4.4199999999999995e-30	113	P40881	P40881.1
ccoN1_1	sp|D9IA43.1|	RecName: Full=Cbb3-type cytochrome c oxidase subunit CcoN1; AltName: Full=Cytochrome CBB3 subunit CcoN1 [Stutzerimonas stutzeri]	83.158	475	79	1	1	1425	1	474	0	826	D9IA43	D9IA43.1
ccoN1_2	sp|D9IA43.1|	RecName: Full=Cbb3-type cytochrome c oxidase subunit CcoN1; AltName: Full=Cytochrome CBB3 subunit CcoN1 [Stutzerimonas stutzeri]	87.212	477	58	1	1	1431	1	474	0	862	D9IA43	D9IA43.1
ccoP1	sp|D9IA45.1|	RecName: Full=Cbb3-type cytochrome c oxidase subunit CcoP1; Short=Cbb3-Cox subunit CcoP1; AltName: Full=C-type cytochrome CcoP1; Short=Cyt c(P1); AltName: Full=Cytochrome c oxidase subunit III [Stutzerimonas stutzeri]	69.737	304	92	0	1	912	1	304	3.84e-163	459	D9IA45	D9IA45.1
ccoP2	sp|Q8KS19.1|	RecName: Full=Cbb3-type cytochrome c oxidase subunit CcoP2; Short=Cbb3-Cox subunit CcoP2; AltName: Full=C-type cytochrome CcoP2; Short=Cyt c(P2); AltName: Full=Cytochrome c oxidase subunit III [Stutzerimonas stutzeri]	68.847	321	84	3	1	963	1	305	6.569999999999999e-156	441	Q8KS19	Q8KS19.1
ccp	sp|P55929.2|	RecName: Full=Cytochrome c551 peroxidase; Short=Cytochrome c peroxidase; Flags: Precursor [Nitrosomonas europaea ATCC 19718]	42.215	289	161	3	106	969	28	311	2.42e-77	243	P55929	P55929.2
cdaR	sp|P37047.2|	RecName: Full=Carbohydrate diacid regulator; AltName: Full=Sugar diacid regulator [Escherichia coli K-12]	37.27	381	215	5	4	1083	4	381	2.11e-63	210	P37047	P37047.2
cdh	sp|A8AL09.1|	RecName: Full=CDP-diacylglycerol pyrophosphatase; AltName: Full=CDP-diacylglycerol phosphatidylhydrolase; AltName: Full=CDP-diglyceride hydrolase [Citrobacter koseri ATCC BAA-895]	43.548	248	140	0	1	744	1	248	1.01e-63	202	A8AL09	A8AL09.1
cdhR_1	sp|P49322.1|	RecName: Full=Uncharacterized protein in cpoL 5'region; AltName: Full=ORF1 [Streptomyces lividans]	40.426	141	79	3	4	426	6	141	1.35e-21	92	P49322	P49322.1
cdhR_2	sp|A0A0H2ZIC3.1|	RecName: Full=HTH-type transcriptional regulator GbdR; AltName: Full=Glycine betaine/dimethylglycine responsive regulator [Pseudomonas aeruginosa UCBPP-PA14]	86.376	367	50	0	1	1101	1	367	0	659	A0A0H2ZIC3	A0A0H2ZIC3.1
cdhR_3	sp|Q9HTH5.1|	RecName: Full=HTH-type transcriptional regulator CdhR; AltName: Full=Carnitine catabolism transcriptional activator [Pseudomonas aeruginosa PAO1]	81.23	309	58	0	1	927	1	309	0	531	Q9HTH5	Q9HTH5.1
cdhR_4	sp|A0A0H2ZIC3.1|	RecName: Full=HTH-type transcriptional regulator GbdR; AltName: Full=Glycine betaine/dimethylglycine responsive regulator [Pseudomonas aeruginosa UCBPP-PA14]	38.75	320	184	5	58	999	11	324	1.8e-62	206	A0A0H2ZIC3	A0A0H2ZIC3.1
cdhR_5	sp|B4TPQ9.1|	RecName: Full=HTH-type transcriptional activator RhaS; AltName: Full=L-rhamnose operon regulatory protein RhaS [Salmonella enterica subsp. enterica serovar Schwarzengrund str. CVM19633]	35.172	145	92	2	544	975	128	271	7.83e-16	79.7	B4TPQ9	B4TPQ9.1
cdhR_6	sp|G3XCU2.1|	RecName: Full=HTH-type transcriptional regulator ArgR [Pseudomonas aeruginosa PAO1]	81.847	314	54	2	1	933	1	314	1.3499999999999999e-166	469	G3XCU2	G3XCU2.1
cdhR_8	sp|Q8G9F9.1|	RecName: Full=Isonitrile hydratase; AltName: Full=Cyclohexyl-isocyanide hydratase [Pseudomonas putida]	33.152	184	104	3	1	543	1	168	2.71e-19	88.2	Q8G9F9	Q8G9F9.1
cdhR_9	sp|B7LVD8.1|	RecName: Full=HTH-type transcriptional activator RhaS; AltName: Full=L-rhamnose operon regulatory protein RhaS [Escherichia fergusonii ATCC 35469]	36.559	93	59	0	697	975	179	271	7.05e-14	74.3	B7LVD8	B7LVD8.1
cdiA1~~~cdiA	sp|E0SDG8.1|	RecName: Full=Deoxyribonuclease CdiA; Short=DNase CdiA; AltName: Full=CdiA-Dd3937; AltName: Full=Toxin CdiA [Dickeya dadantii 3937]	32.022	1246	692	36	5485	9162	1747	2857	5.66e-109	396	E0SDG8	E0SDG8.1
cdsA	sp|Q59640.2|	RecName: Full=Phosphatidate cytidylyltransferase; AltName: Full=CDP-diacylglycerol synthase; Short=CDP-DAG synthase; Short=CDP-DG synthase; Short=CDS; AltName: Full=CDP-diglyceride pyrophosphorylase; AltName: Full=CDP-diglyceride synthase; AltName: Full=CTP:phosphatidate cytidylyltransferase [Pseudomonas aeruginosa PAO1]	71.321	265	75	1	1	795	1	264	3.16e-89	268	Q59640	Q59640.2
cecR	sp|P0ACU0.1|	RecName: Full=HTH-type transcriptional dual regulator CecR; AltName: Full=Regulator of cefoperazone and chloramphenicol sensitivity [Escherichia coli K-12]	30.233	215	144	4	40	681	9	218	1.33e-19	87	P0ACU0	P0ACU0.1
cefD_1	sp|Q9KII6.1|	RecName: Full=Probable cysteine desulfurase [Mycobacterium avium subsp. paratuberculosis K-10]	32.105	190	116	6	253	807	364	545	4.49e-14	77.4	Q9KII6	Q9KII6.1
cfiB	sp|D3DJ42.1|	RecName: Full=2-oxoglutarate carboxylase small subunit; AltName: Full=2-oxoglutarate carboxylase beta subunit [Hydrogenobacter thermophilus TK-6]	54.705	457	206	1	1	1368	1	457	4.879999999999999e-176	505	D3DJ42	D3DJ42.1
chaA	sp|P55471.1|	RecName: Full=Putative ionic transporter y4hA [Sinorhizobium fredii NGR234]	31.613	310	202	4	166	1077	59	364	5.7199999999999996e-30	121	P55471	P55471.1
chaC	sp|P39163.3|	RecName: Full=Glutathione-specific gamma-glutamylcyclotransferase; Short=Gamma-GCG; AltName: Full=Cation transport regulatory protein ChaC [Escherichia coli K-12]	35.789	190	121	1	70	636	26	215	4.93e-32	119	P39163	P39163.3
cheB1	sp|Q88EW5.1|	RecName: Full=Protein-glutamate methylesterase/protein-glutamine glutaminase of group 1 operon [Pseudomonas putida KT2440]	83.511	376	56	1	1	1128	1	370	0	595	Q88EW5	Q88EW5.1
cheB_1	sp|Q9FAD7.3|	RecName: Full=Chemotaxis protein CheY [Enterobacter cloacae]	42.063	126	70	2	7	381	5	128	1.1799999999999999e-23	96.7	Q9FAD7	Q9FAD7.3
cheB_2	sp|Q55434.1|	RecName: Full=Phytochrome-like protein cph2; AltName: Full=Bacteriophytochrome cph2 [Synechocystis sp. PCC 6803 substr. Kazusa]	44.828	203	107	2	391	987	1059	1260	1.4799999999999998e-43	163	Q55434	Q55434.1
cheB_3	sp|Q4KHL8.1|	RecName: Full=Protein-glutamate methylesterase/protein-glutamine glutaminase 1 [Pseudomonas protegens Pf-5]	85.714	336	48	0	1	1008	1	336	0	543	Q4KHL8	Q4KHL8.1
cheB_4	sp|P62642.1|	RecName: Full=Putative protein-glutamate methylesterase/protein-glutamine glutaminase [Leptospira interrogans serovar Copenhageni str. Fiocruz L1-130]	42.162	185	107	0	37	591	4	188	1.1099999999999999e-43	147	P62642	P62642.1
cheB_5	sp|Q55434.1|	RecName: Full=Phytochrome-like protein cph2; AltName: Full=Bacteriophytochrome cph2 [Synechocystis sp. PCC 6803 substr. Kazusa]	46.784	171	90	1	388	900	1089	1258	2.12e-43	162	Q55434	Q55434.1
cheR	sp|Q88GG4.1|	RecName: Full=Putative methyltransferase Cher3 [Pseudomonas putida KT2440]	80	270	54	0	4	813	4	273	2.01e-160	449	Q88GG4	Q88GG4.1
cheR2	sp|Q88ER1.1|	RecName: Full=Chemotaxis protein methyltransferase Cher2 [Pseudomonas putida KT2440]	90.182	275	27	0	1	825	1	275	0	521	Q88ER1	Q88ER1.1
cheV_1	sp|O25154.1|	RecName: Full=Chemotaxis protein CheV3 [Helicobacter pylori 26695]	30.897	301	189	8	52	912	12	307	5.57e-39	142	O25154	O25154.1
cheV_2	sp|Q52881.2|	RecName: Full=Chemotaxis protein CheW [Sinorhizobium meliloti 1021]	33.083	133	87	2	43	435	15	147	1.39e-11	64.7	Q52881	Q52881.2
cheV_3	sp|O25154.1|	RecName: Full=Chemotaxis protein CheV3 [Helicobacter pylori 26695]	30.363	303	189	8	52	909	12	309	1.89e-37	138	O25154	O25154.1
cheW	sp|O83453.1|	RecName: Full=Chemotaxis protein CheW [Treponema pallidum subsp. pallidum str. Nichols]	32.317	164	107	2	1	480	7	170	3.14e-27	103	O83453	O83453.1
cheY	sp|Q51455.1|	RecName: Full=Chemotaxis protein CheY [Pseudomonas aeruginosa PAO1]	87.097	124	16	0	1	372	1	124	7.3e-76	223	Q51455	Q51455.1
cheZ	sp|Q88EW3.1|	RecName: Full=Protein phosphatase CheZ; AltName: Full=Chemotaxis protein CheZ [Pseudomonas putida KT2440]	78.626	262	56	0	1	786	1	262	3.1299999999999995e-151	425	Q88EW3	Q88EW3.1
chpB	sp|P33647.1|	RecName: Full=Endoribonuclease toxin ChpB; AltName: Full=Toxin ChpB; AltName: Full=mRNA interferase ChpB [Escherichia coli K-12]	51.304	115	56	0	1	345	2	116	2.58e-37	125	P33647	P33647.1
chpS	sp|P08365.1|	RecName: Full=Antitoxin ChpS [Escherichia coli K-12]	34.524	84	53	1	1	252	1	82	1.14e-11	58.2	P08365	P08365.1
chrA	sp|Q58128.1|	RecName: Full=Uncharacterized transporter MJ0718 [Methanocaldococcus jannaschii DSM 2661]	36	75	45	2	10	228	13	86	1.47e-8	59.7	Q58128	Q58128.1
chrR_1	sp|P0AGE6.1|	RecName: Full=Quinone reductase; AltName: Full=Chromate reductase; Short=CHRR; AltName: Full=NAD(P)H dehydrogenase (quinone) [Escherichia coli K-12]	35.514	107	65	2	4	312	5	111	1.99e-14	70.9	P0AGE6	P0AGE6.1
chrR_2	sp|Q93T20.1|	RecName: Full=Quinone reductase; AltName: Full=Chromate reductase; Short=CHRR; AltName: Full=NAD(P)H dehydrogenase (quinone) [Pseudomonas putida]	71.823	181	51	0	1	543	1	181	4.75e-91	266	Q93T20	Q93T20.1
cidA_1	sp|Q81Y27.1|	RecName: Full=Holin-like protein CidA 1 [Bacillus anthracis]	38.372	86	53	0	106	363	30	115	2.7e-7	49.3	Q81Y27	Q81Y27.1
cim	sp|P02986.1|	RecName: Full=Cloacin immunity protein [Escherichia coli]	42.353	85	47	2	1	249	1	85	2.21e-15	67.8	P02986	P02986.1
citG	sp|Q3K5B6.1|	RecName: Full=Probable 2-(5''-triphosphoribosyl)-3'-dephosphocoenzyme-A synthase; Short=2-(5''-triphosphoribosyl)-3'-dephospho-CoA synthase [Pseudomonas fluorescens Pf0-1]	79.699	266	47	2	1	777	1	266	3.5199999999999995e-132	379	Q3K5B6	Q3K5B6.1
citN_1	sp|P42308.2|	RecName: Full=Citrate transporter [Bacillus subtilis subsp. subtilis str. 168]	43.88	433	231	5	1	1290	1	424	1.4799999999999997e-104	319	P42308	P42308.2
citN_3	sp|P42308.2|	RecName: Full=Citrate transporter [Bacillus subtilis subsp. subtilis str. 168]	62.85	428	154	1	1	1284	1	423	0	558	P42308	P42308.2
clpA	sp|P0ABH9.1|	RecName: Full=ATP-dependent Clp protease ATP-binding subunit ClpA [Escherichia coli K-12]	66.622	752	246	2	1	2253	1	748	0	992	P0ABH9	P0ABH9.1
clpB_1	sp|Q51416.2|	RecName: Full=ATP-dependent protease ATP-binding subunit-like protein AmiB [Pseudomonas aeruginosa PAO1]	53.516	256	115	1	4	759	45	300	4.53e-82	256	Q51416	Q51416.2
clpB_2	sp|Q889C2.1|	RecName: Full=Chaperone protein ClpB [Pseudomonas syringae pv. tomato str. DC3000]	94.49	853	47	0	1	2559	1	853	0	1459	Q889C2	Q889C2.1
clpP_1	sp|C3JYK0.1|	RecName: Full=ATP-dependent Clp protease proteolytic subunit; AltName: Full=Endopeptidase Clp [Pseudomonas [fluorescens] SBW25]	99.052	211	2	0	1	633	1	211	4.4299999999999995e-157	436	C3JYK0	C3JYK0.1
clpS	sp|C3JY63.1|	RecName: Full=ATP-dependent Clp protease adapter protein ClpS [Pseudomonas [fluorescens] SBW25]	100	81	0	0	1	243	42	122	1.01e-43	140	C3JY63	C3JY63.1
clpV1_1	sp|Q9I742.1|	RecName: Full=AAA+ ATPase ClpV1 [Pseudomonas aeruginosa PAO1]	87.251	902	100	1	1	2661	1	902	0	1555	Q9I742	Q9I742.1
clpV1_2	sp|Q9I742.1|	RecName: Full=AAA+ ATPase ClpV1 [Pseudomonas aeruginosa PAO1]	43.82	890	465	6	1	2574	1	887	0	667	Q9I742	Q9I742.1
clpV1_3	sp|Q9I742.1|	RecName: Full=AAA+ ATPase ClpV1 [Pseudomonas aeruginosa PAO1]	43.858	871	439	11	22	2514	9	869	0	616	Q9I742	Q9I742.1
clpX	sp|C3JYJ9.1|	RecName: Full=ATP-dependent Clp protease ATP-binding subunit ClpX [Pseudomonas [fluorescens] SBW25]	99.532	427	2	0	1	1281	1	427	0	806	C3JYJ9	C3JYJ9.1
clsA	sp|C3K1C4.1|	RecName: Full=Cardiolipin synthase A; Short=CL synthase [Pseudomonas [fluorescens] SBW25]	96.451	479	17	0	1	1437	1	479	0	908	C3K1C4	C3K1C4.1
clsB	sp|Q8Z883.1|	RecName: Full=Cardiolipin synthase B; Short=CL synthase [Salmonella enterica subsp. enterica serovar Typhi]	53.213	389	180	1	64	1230	1	387	3.9799999999999997e-137	402	Q8Z883	Q8Z883.1
clsC	sp|P75919.2|	RecName: Full=Cardiolipin synthase C; Short=CL synthase [Escherichia coli K-12]	37.967	482	273	12	139	1566	12	473	3.17e-84	271	P75919	P75919.2
cmk	sp|C3K6J9.1|	RecName: Full=Cytidylate kinase; Short=CK; AltName: Full=Cytidine monophosphate kinase; Short=CMP kinase [Pseudomonas [fluorescens] SBW25]	98.69	229	3	0	1	687	1	229	9.809999999999998e-163	451	C3K6J9	C3K6J9.1
cmoA	sp|C3K6Z4.1|	RecName: Full=Carboxy-S-adenosyl-L-methionine synthase; Short=Cx-SAM synthase [Pseudomonas [fluorescens] SBW25]	96.761	247	8	0	1	741	1	247	9.569999999999998e-177	488	C3K6Z4	C3K6Z4.1
cmoB	sp|C3K6Z3.1|	RecName: Full=tRNA U34 carboxymethyltransferase [Pseudomonas [fluorescens] SBW25]	95.597	318	14	0	1	954	1	318	0	630	C3K6Z3	C3K6Z3.1
cmoM	sp|Q8XDG3.1|	RecName: Full=tRNA 5-carboxymethoxyuridine methyltransferase; AltName: Full=cmo5U methyltransferase [Escherichia coli O157:H7]	40.316	253	145	3	49	789	1	253	1.24e-56	185	Q8XDG3	Q8XDG3.1
cmpB	sp|Q55106.1|	RecName: Full=Bicarbonate transport system permease protein CmpB [Synechococcus elongatus PCC 7942 = FACHB-805]	36.81	163	99	3	277	759	114	274	1.4e-29	115	Q55106	Q55106.1
cmpC	sp|Q8PP41.1|	RecName: Full=Aliphatic sulfonates import ATP-binding protein SsuB 1 [Xanthomonas citri subsp. citri 306]	46.083	217	115	1	43	693	15	229	5.3900000000000005e-58	188	Q8PP41	Q8PP41.1
cmpD	sp|Q7VNG4.1|	RecName: Full=Spermidine/putrescine import ATP-binding protein PotA [[Haemophilus] ducreyi 35000HP]	41.667	216	115	2	4	645	8	214	3.43e-51	174	Q7VNG4	Q7VNG4.1
cmpR_1	sp|Q5N5I5.1|	RecName: Full=HTH-type transcriptional activator CmpR [Synechococcus elongatus PCC 6301]	40.333	300	179	0	13	912	1	300	5.84e-78	244	Q5N5I5	Q5N5I5.1
cmpR_2	sp|P0ACR4.1|	RecName: Full=HTH-type transcriptional regulator YeiE [Escherichia coli K-12]	34.1	261	153	6	13	768	7	257	1.04e-31	122	P0ACR4	P0ACR4.1
cmpR_3	sp|P0ACR4.1|	RecName: Full=HTH-type transcriptional regulator YeiE [Escherichia coli K-12]	43.599	289	160	2	106	972	1	286	1.1599999999999999e-66	214	P0ACR4	P0ACR4.1
cmpR_4	sp|O32255.1|	RecName: Full=Uncharacterized HTH-type transcriptional regulator YvbU [Bacillus subtilis subsp. subtilis str. 168]	35.154	293	179	4	1	861	1	288	8.07e-36	133	O32255	O32255.1
cmpR_5	sp|P96194.1|	RecName: Full=Uncharacterized HTH-type transcriptional regulator in ibpB-leuC intergenic region [Azotobacter vinelandii]	87.736	106	13	0	1	318	1	106	4.27e-59	188	P96194	P96194.1
cnbH	sp|Q38M35.2|	RecName: Full=2-amino-5-chloromuconic acid deaminase; AltName: Full=2-aminomuconate deaminase [Comamonas testosteroni]	32.741	394	244	8	175	1323	66	449	2.86e-33	133	Q38M35	Q38M35.2
cnoX	sp|P77395.2|	RecName: Full=Chaperedoxin; AltName: Full=Heat shock protein CnoX; AltName: Full=Trxsc [Escherichia coli K-12]	36.749	283	175	2	22	870	6	284	6.029999999999999e-52	174	P77395	P77395.2
cntO_2	sp|Q9HUX3.1|	RecName: Full=Metal-pseudopaline receptor CntO; Flags: Precursor [Pseudomonas aeruginosa PAO1]	31.939	717	434	24	346	2424	22	708	2.9400000000000002e-86	291	Q9HUX3	Q9HUX3.1
cntO_3	sp|A0A0H2ZI93.1|	RecName: Full=Metal-pseudopaline receptor CntO; Flags: Precursor [Pseudomonas aeruginosa UCBPP-PA14]	60.058	686	258	8	73	2091	25	707	0	820	A0A0H2ZI93	A0A0H2ZI93.1
cntO_4	sp|A0A0H2ZI93.1|	RecName: Full=Metal-pseudopaline receptor CntO; Flags: Precursor [Pseudomonas aeruginosa UCBPP-PA14]	31.644	730	434	21	25	2085	1	708	5.61e-85	285	A0A0H2ZI93	A0A0H2ZI93.1
coaBC	sp|Q87T89.1|	RecName: Full=Coenzyme A biosynthesis bifunctional protein CoaBC; AltName: Full=DNA/pantothenate metabolism flavoprotein; AltName: Full=Phosphopantothenoylcysteine synthetase/decarboxylase; Short=PPCS-PPCDC; Includes: RecName: Full=Phosphopantothenoylcysteine decarboxylase; Short=PPC decarboxylase; Short=PPC-DC; AltName: Full=CoaC; Includes: RecName: Full=Phosphopantothenate--cysteine ligase; AltName: Full=CoaB; AltName: Full=Phosphopantothenoylcysteine synthetase; Short=PPC synthetase; Short=PPC-S [Vibrio parahaemolyticus RIMD 2210633]	61.64	378	140	4	1	1122	1	377	8.28e-140	407	Q87T89	Q87T89.1
coaD	sp|C3K3N4.1|	RecName: Full=Phosphopantetheine adenylyltransferase; AltName: Full=Dephospho-CoA pyrophosphorylase; AltName: Full=Pantetheine-phosphate adenylyltransferase; Short=PPAT [Pseudomonas [fluorescens] SBW25]	100	159	0	0	1	477	1	159	2.71e-114	323	C3K3N4	C3K3N4.1
coaE	sp|Q4K5X1.1|	RecName: Full=Dephospho-CoA kinase; AltName: Full=Dephosphocoenzyme A kinase [Pseudomonas protegens Pf-5]	84.058	207	33	0	1	621	1	207	4.64e-122	347	Q4K5X1	Q4K5X1.1
coaX	sp|C3K2Z1.1|	RecName: Full=Type III pantothenate kinase; AltName: Full=PanK-III; AltName: Full=Pantothenic acid kinase [Pseudomonas [fluorescens] SBW25]	87.55	249	31	0	1	747	1	249	5.609999999999999e-158	441	C3K2Z1	C3K2Z1.1
cobB	sp|Q882K4.1|	RecName: Full=NAD-dependent protein deacetylase 3; AltName: Full=Regulatory protein SIR2 homolog 3 [Pseudomonas syringae pv. tomato str. DC3000]	71.587	271	77	0	28	840	8	278	2.16e-128	369	Q882K4	Q882K4.1
cobC	sp|P39701.3|	RecName: Full=Adenosylcobalamin/alpha-ribazole phosphatase; AltName: Full=Adenosylcobalamin phosphatase; AltName: Full=Alpha-ribazole-5'-phosphate phosphatase [Salmonella enterica subsp. enterica serovar Typhimurium str. LT2]	32.68	153	99	2	7	453	1	153	8.71e-15	72.4	P39701	P39701.3
cobD	sp|A4VJ38.1|	RecName: Full=Cobalamin biosynthesis protein CobD [Stutzerimonas stutzeri A1501]	72.632	285	77	1	55	906	19	303	2.25e-108	320	A4VJ38	A4VJ38.1
cobH	sp|Q9HZU2.1|	RecName: Full=Precorrin-8X methylmutase; AltName: Full=HBA synthase; AltName: Full=Precorrin isomerase [Pseudomonas aeruginosa PAO1]	83.654	208	34	0	1	624	1	208	3.4099999999999994e-99	289	Q9HZU2	Q9HZU2.1
cobI	sp|Q9HZU3.1|	RecName: Full=Precorrin-2 C(20)-methyltransferase; AltName: Full=S-adenosyl-L-methionine--precorrin-2 methyltransferase; Short=SP2MT [Pseudomonas aeruginosa PAO1]	80	240	48	0	10	729	6	245	2.43e-131	373	Q9HZU3	Q9HZU3.1
cobK	sp|P21920.4|	RecName: Full=Precorrin-6A reductase; AltName: Full=Precorrin-6X reductase [Sinorhizobium sp.]	44.595	222	114	5	7	648	15	235	7.09e-47	159	P21920	P21920.4
cobL	sp|Q9HZU0.1|	RecName: Full=Precorrin-6Y C(5,15)-methyltransferase [decarboxylating]; Short=Precorrin-6 methyltransferase; Short=Precorrin-6Y methylase [Pseudomonas aeruginosa PAO1]	69.849	398	120	0	7	1200	9	406	0	516	Q9HZU0	Q9HZU0.1
cobM	sp|Q9HZP9.1|	RecName: Full=Precorrin-4 C(11)-methyltransferase; AltName: Full=Precorrin-3 methylase [Pseudomonas aeruginosa PAO1]	75.403	248	61	0	1	744	1	248	1e-124	357	Q9HZP9	Q9HZP9.1
cobN	sp|Q9HZQ3.1|	RecName: Full=Aerobic cobaltochelatase subunit CobN; AltName: Full=Hydrogenobyrinic acid a,c-diamide cobaltochelatase subunit CobN [Pseudomonas aeruginosa PAO1]	75.997	1254	293	3	1	3756	1	1248	0	1855	Q9HZQ3	Q9HZQ3.1
cobO_1	sp|Q9I472.1|	RecName: Full=Corrinoid adenosyltransferase; AltName: Full=Cob(II)alamin adenosyltransferase; AltName: Full=Cob(II)yrinic acid a,c-diamide adenosyltransferase; AltName: Full=Cobinamide/cobalamin adenosyltransferase [Pseudomonas aeruginosa PAO1]	74.384	203	52	0	1	609	1	203	5.639999999999999e-107	308	Q9I472	Q9I472.1
cobO_2	sp|Q1LJ80.1|	RecName: Full=Cobalamin adenosyltransferase; Short=ATR [Cupriavidus metallidurans CH34]	51.337	187	82	2	1	558	1	179	3.49e-44	148	Q1LJ80	Q1LJ80.1
cobP	sp|Q9I466.1|	RecName: Full=Bifunctional adenosylcobalamin biosynthesis protein CobP; AltName: Full=Adenosylcobinamide kinase; AltName: Full=Adenosylcobinamide-phosphate guanylyltransferase [Pseudomonas aeruginosa PAO1]	71.098	173	50	0	1	519	1	173	1.69e-68	208	Q9I466	Q9I466.1
cobQ	sp|C3K0Z0.1|	RecName: Full=Cobyric acid synthase [Pseudomonas [fluorescens] SBW25]	94.824	483	25	0	1	1449	1	483	0	855	C3K0Z0	C3K0Z0.1
cobS	sp|C3K0Y6.1|	RecName: Full=Adenosylcobinamide-GDP ribazoletransferase; AltName: Full=Cobalamin synthase; AltName: Full=Cobalamin-5'-phosphate synthase [Pseudomonas [fluorescens] SBW25]	95.833	216	9	0	1	648	1	216	4.829999999999999e-107	311	C3K0Y6	C3K0Y6.1
cobS_2	sp|P29933.1|	RecName: Full=Aerobic cobaltochelatase subunit CobS; AltName: Full=Hydrogenobyrinic acid a,c-diamide cobaltochelatase subunit CobS [Sinorhizobium sp.]	30.794	315	195	9	34	960	23	320	1.09e-38	142	P29933	P29933.1
cobT	sp|C3K0Y8.1|	RecName: Full=Nicotinate-nucleotide--dimethylbenzimidazole phosphoribosyltransferase; Short=NN:DBI PRT; AltName: Full=N(1)-alpha-phosphoribosyltransferase [Pseudomonas [fluorescens] SBW25]	94.302	351	20	0	1	1053	1	351	0	597	C3K0Y8	C3K0Y8.1
codA_1	sp|P25524.3|	RecName: Full=Cytosine deaminase; Short=CD; Short=CDA; Short=CDase; AltName: Full=Cytosine aminohydrolase; AltName: Full=Isoguanine deaminase [Escherichia coli K-12]	30.637	408	274	6	19	1221	11	416	1.73e-58	199	P25524	P25524.3
codA_2	sp|P25524.3|	RecName: Full=Cytosine deaminase; Short=CD; Short=CDA; Short=CDase; AltName: Full=Cytosine aminohydrolase; AltName: Full=Isoguanine deaminase [Escherichia coli K-12]	58.272	405	168	1	7	1221	9	412	1.8499999999999998e-171	489	P25524	P25524.3
codB	sp|P0AA82.1|	RecName: Full=Cytosine permease [Escherichia coli K-12]	38.756	418	247	5	1	1254	1	409	3.87e-63	212	P0AA82	P0AA82.1
comEC	sp|P51973.1|	RecName: Full=Competence protein ComA [Neisseria gonorrhoeae]	36.719	256	144	8	1417	2163	425	669	2.76e-24	112	P51973	P51973.1
comM	sp|P45049.1|	RecName: Full=Competence protein ComM [Haemophilus influenzae Rd KW20]	54.6	500	217	5	1	1479	1	497	7.769999999999999e-166	481	P45049	P45049.1
comR_1	sp|P39334.2|	RecName: Full=HTH-type transcriptional repressor BdcR [Escherichia coli K-12]	32.857	70	47	0	16	225	3	72	3.29e-7	52.4	P39334	P39334.2
comR~~~comR_2	sp|P75952.2|	RecName: Full=HTH-type transcriptional repressor ComR; AltName: Full=Copper outer membrane regulator [Escherichia coli K-12]	32.203	177	116	3	13	540	14	187	3.17e-22	93.2	P75952	P75952.2
copA_1	sp|Q4L970.1|	RecName: Full=Copper-exporting P-type ATPase; AltName: Full=Copper-exporting P-type ATPase A; AltName: Full=Cu(+)-exporting ATPase [Staphylococcus haemolyticus JCSC1435]	32.201	736	466	11	319	2454	67	793	3.24e-102	337	Q4L970	Q4L970.1
copA_2	sp|Q4L970.1|	RecName: Full=Copper-exporting P-type ATPase; AltName: Full=Copper-exporting P-type ATPase A; AltName: Full=Cu(+)-exporting ATPase [Staphylococcus haemolyticus JCSC1435]	45.312	704	364	10	22	2097	75	769	1.5599999999999997e-176	528	Q4L970	Q4L970.1
copR	sp|Q02540.1|	RecName: Full=Transcriptional activator protein CopR [Pseudomonas syringae pv. tomato]	70.721	222	65	0	1	666	1	222	3.51e-100	293	Q02540	Q02540.1
copR_1	sp|Q47456.1|	RecName: Full=Transcriptional regulatory protein PcoR [Escherichia coli]	43.043	230	126	2	40	729	1	225	1.63e-56	182	Q47456	Q47456.1
copR_3	sp|Q02540.1|	RecName: Full=Transcriptional activator protein CopR [Pseudomonas syringae pv. tomato]	60.177	226	89	1	1	678	1	225	2.89e-94	278	Q02540	Q02540.1
coq7	sp|C3K303.1|	RecName: Full=3-demethoxyubiquinol 3-hydroxylase; Short=DMQ hydroxylase; AltName: Full=2-nonaprenyl-3-methyl-6-methoxy-1,4-benzoquinol hydroxylase [Pseudomonas [fluorescens] SBW25]	98.605	215	3	0	1	645	1	215	1.9199999999999996e-158	439	C3K303	C3K303.1
corA	sp|O31543.1|	RecName: Full=Putative metal ion transporter YfjQ [Bacillus subtilis subsp. subtilis str. 168]	30.556	288	197	2	106	969	31	315	1.67e-40	147	O31543	O31543.1
corC	sp|Q9KTE3.1|	RecName: Full=Magnesium and cobalt efflux protein CorC [Vibrio cholerae O1 biovar El Tor str. N16961]	51.971	279	129	2	1	825	1	278	1.24e-73	230	Q9KTE3	Q9KTE3.1
cpdA_1	sp|D4P095.1|	RecName: Full=3',5'-cyclic adenosine monophosphate phosphodiesterase CpdA; Short=3',5'-cyclic AMP phosphodiesterase; Short=cAMP phosphodiesterase [Pseudomonas aeruginosa]	62.595	262	98	0	28	813	11	272	2.52e-113	330	D4P095	D4P095.1
cpdA_2	sp|D5V0N9.1|	RecName: Full=Probable glycerophosphodiester phosphodiesterase GpdQ; Short=GDPD; Short=Glycerophosphoryl diester phosphodiesterase; AltName: Full=Glycerophosphodiesterase; AltName: Full=Glycerophosphorylethanolamine phosphodiesterase; Short=GPE phosphodiesterase [Arcobacter nitrofigilis DSM 7299]	37.818	275	167	3	13	831	1	273	4.61e-64	205	D5V0N9	D5V0N9.1
cpdR	sp|Q2YIF7.1|	RecName: Full=Response regulator receiver protein CpdR; AltName: Full=Phospho-receiver protein CpdR [Brucella abortus 2308]	33.621	116	75	2	25	372	4	117	1.05e-14	68.2	Q2YIF7	Q2YIF7.1
cpg2	sp|P06621.1|	RecName: Full=Carboxypeptidase G2; Short=CPDG2; AltName: Full=Folate hydrolase G2; AltName: Full=Glutamate carboxypeptidase; AltName: Full=Pteroylmonoglutamic acid hydrolase G2; AltName: INN=Glucarpidase; Flags: Precursor [Pseudomonas sp. RS-16]	37.838	370	222	5	127	1218	44	411	2.07e-65	217	P06621	P06621.1
cph1	sp|Q9R6X3.1|	RecName: Full=Cyanobacterial phytochrome B [Nostoc sp. PCC 7120 = FACHB-418]	34.61	757	453	18	16	2214	10	748	5.4499999999999994e-133	414	Q9R6X3	Q9R6X3.1
cph2	sp|Q9HX69.1|	RecName: Full=Cyclic di-GMP phosphodiesterase RocR; Short=c-di-GMP PDE; AltName: Full=Response regulator RocR [Pseudomonas aeruginosa PAO1]	33.603	247	159	2	58	792	146	389	3.25e-46	163	Q9HX69	Q9HX69.1
cpnA	sp|Q9N126.1|	RecName: Full=Retinol dehydrogenase 8; AltName: Full=Photoreceptor outer segment all-trans retinol dehydrogenase [Bos taurus]	35.349	215	123	3	13	624	66	275	2.8300000000000004e-27	108	Q9N126	Q9N126.1
cpoB	sp|P0A130.1|	RecName: Full=Cell division coordinator CpoB; Flags: Precursor [Pseudomonas putida KT2440]	79.188	197	38	1	244	834	75	268	1.4199999999999998e-96	287	P0A130	P0A130.1
cpxR	sp|A0A0H3GGB5.1|	RecName: Full=Transcriptional regulatory protein CpxR; AltName: Full=Response regulator CpxR [Klebsiella pneumoniae subsp. pneumoniae HS11286]	46.491	228	113	3	1	663	1	226	9.04e-57	183	A0A0H3GGB5	A0A0H3GGB5.1
cra	sp|Q9KM69.1|	RecName: Full=Fructose operon regulatory protein; AltName: Full=Catabolite repressor/activator [Vibrio cholerae O1 biovar El Tor str. N16961]	46.177	327	174	2	1	981	1	325	1.49e-75	238	Q9KM69	Q9KM69.1
crcB_1	sp|Q93TE2.1|	RecName: Full=Fluoride-specific ion channel FluC [Pseudomonas syringae pv. maculicola]	96.063	127	5	0	1	381	1	127	4.67e-82	239	Q93TE2	Q93TE2.1
crcB_2	sp|C3JY55.1|	RecName: Full=Fluoride-specific ion channel FluC [Pseudomonas [fluorescens] SBW25]	95.161	124	6	0	1	372	1	124	3.02e-78	229	C3JY55	C3JY55.1
creB	sp|P08368.1|	RecName: Full=Transcriptional regulatory protein CreB [Escherichia coli K-12]	52.273	220	98	2	10	648	6	225	1.17e-63	200	P08368	P08368.1
creC	sp|P08401.2|	RecName: Full=Sensor protein CreC [Escherichia coli K-12]	47.391	460	239	3	1	1380	1	457	4.86e-131	390	P08401	P08401.2
creD	sp|P08369.1|	RecName: Full=Inner membrane protein CreD [Escherichia coli K-12]	38.051	431	241	9	94	1362	33	445	6e-58	200	P08369	P08369.1
crnA	sp|A0QSC0.2|	RecName: Full=Mycofactocin precursor peptide peptidase [Mycolicibacterium smegmatis MC2 155]	36	100	57	2	61	342	30	128	1.05e-9	60.5	A0QSC0	A0QSC0.2
crt_1	sp|Q4WF54.1|	RecName: Full=Mevalonyl-coenzyme A hydratase sidH; AltName: Full=Siderophore biosynthesis protein H [Aspergillus fumigatus Af293]	32.031	256	155	8	22	759	19	265	4.63e-17	81.6	Q4WF54	Q4WF54.1
crt_2	sp|P52046.1|	RecName: Full=Short-chain-enoyl-CoA hydratase; AltName: Full=3-hydroxybutyryl-CoA dehydratase; AltName: Full=Crotonase [Clostridium acetobutylicum ATCC 824]	34.661	251	160	2	19	768	6	253	1.83e-34	127	P52046	P52046.1
crt_3	sp|Q62651.2|	RecName: Full=Delta(3,5)-Delta(2,4)-dienoyl-CoA isomerase, mitochondrial; Flags: Precursor [Rattus norvegicus]	50.988	253	122	2	40	792	65	317	9.96e-90	272	Q62651	Q62651.2
csdE	sp|Q52742.2|	RecName: Full=Uncharacterized SufE-like protein RHE_CH01250 [Rhizobium etli CFN 42]	36.923	130	78	1	31	408	16	145	3.3e-24	94	Q52742	Q52742.2
cseB	sp|L7N689.1|	RecName: Full=Transcriptional regulatory protein TrcR; AltName: Full=Tuberculosis regulatory component response regulator [Mycobacterium tuberculosis H37Rv]	35.931	231	139	3	1	693	32	253	1.85e-35	129	L7N689	L7N689.1
cspA_1	sp|O30875.1|	RecName: Full=Major cold shock protein [Micrococcus luteus NCTC 2665]	67.188	64	21	0	1	192	1	64	1.72e-26	94.4	O30875	O30875.1
cspA_2	sp|P72192.1|	RecName: Full=Temperature acclimation protein B; AltName: Full=E8.0 [Pseudomonas fragi]	96.825	63	2	0	1	189	1	63	4.27e-39	126	P72192	P72192.1
cspA_3	sp|P95459.1|	RecName: Full=Major cold shock protein CspA [Pseudomonas aeruginosa PAO1]	60.606	66	26	0	1	198	1	66	3.3400000000000003e-26	94	P95459	P95459.1
csrA	sp|B8FK13.1|	RecName: Full=Translational regulator CsrA [Desulfatibacillum aliphaticivorans]	68.627	51	16	0	1	153	1	51	1.39e-18	74.7	B8FK13	B8FK13.1
csrA1	sp|P0DPC3.1|	RecName: Full=Translational regulator CsrA1; AltName: Full=Carbon storage regulator 1; AltName: Full=Regulator of secondary metabolites RsmE [Pseudomonas protegens CHA0]	96.875	64	2	0	1	192	1	64	9.05e-39	125	P0DPC3	P0DPC3.1
csrA1_2	sp|P0DPC3.1|	RecName: Full=Translational regulator CsrA1; AltName: Full=Carbon storage regulator 1; AltName: Full=Regulator of secondary metabolites RsmE [Pseudomonas protegens CHA0]	50	52	26	0	1	156	1	52	1.53e-12	58.5	P0DPC3	P0DPC3.1
csrA2	sp|P69920.1|	RecName: Full=Translational regulator CsrA2; AltName: Full=Carbon storage regulator 2; AltName: Full=Regulator of secondary metabolites RsmA [Pseudomonas protegens CHA0]	100	61	0	0	1	183	1	61	1.67e-37	121	P69920	P69920.1
ctaA	sp|Q8E8P8.1|	RecName: Full=Heme A synthase; Short=HAS; AltName: Full=Cytochrome aa3-controlling protein [Shewanella oneidensis MR-1]	44.964	278	145	4	73	894	23	296	1.0899999999999997e-55	188	Q8E8P8	Q8E8P8.1
ctaB	sp|Q4KKL2.1|	RecName: Full=Protoheme IX farnesyltransferase 1; AltName: Full=Heme B farnesyltransferase 1; AltName: Full=Heme O synthase 1 [Pseudomonas protegens Pf-5]	91.489	282	23	1	1	843	1	282	1.45e-147	419	Q4KKL2	Q4KKL2.1
ctaD	sp|Q1RI42.1|	RecName: Full=Probable cytochrome c oxidase subunit 1; AltName: Full=Cytochrome aa3 subunit 1; AltName: Full=Cytochrome c oxidase polypeptide I [Rickettsia bellii RML369-C]	55.859	512	219	5	67	1584	21	531	0	548	Q1RI42	Q1RI42.1
ctaE	sp|P06030.3|	RecName: Full=Cytochrome c oxidase subunit 3; AltName: Full=Cytochrome aa3 subunit 3; AltName: Full=Cytochrome c oxidase polypeptide III; AltName: Full=Oxidase aa(3) subunit 3 [Paracoccus denitrificans]	38.384	297	151	8	1	882	4	271	4.1499999999999995e-54	180	P06030	P06030.3
ctaG	sp|P56940.1|	RecName: Full=Cytochrome c oxidase assembly protein CtaG [Cereibacter sphaeroides]	36.413	184	107	4	16	543	5	186	1.4199999999999998e-31	115	P56940	P56940.1
ctpH	sp|G3XDA3.1|	RecName: Full=Methyl-accepting chemotaxis protein CtpH [Pseudomonas aeruginosa PAO1]	61.738	541	205	1	4	1626	30	568	5.369999999999999e-178	516	G3XDA3	G3XDA3.1
ctpL	sp|Q9HUW6.1|	RecName: Full=Methyl-accepting chemotaxis protein CtpL [Pseudomonas aeruginosa PAO1]	65.032	632	217	2	76	1959	26	657	0	568	Q9HUW6	Q9HUW6.1
cueR_1	sp|Q8ZCA8.1|	RecName: Full=HTH-type transcriptional regulator CueR; AltName: Full=Copper efflux regulator; AltName: Full=Copper export regulator [Yersinia pestis]	35.652	115	67	3	16	351	2	112	1.82e-12	63.2	Q8ZCA8	Q8ZCA8.1
cueR_2	sp|Q8ZCA8.1|	RecName: Full=HTH-type transcriptional regulator CueR; AltName: Full=Copper efflux regulator; AltName: Full=Copper export regulator [Yersinia pestis]	43.038	79	42	1	1	228	1	79	3.35e-16	73.2	Q8ZCA8	Q8ZCA8.1
curA	sp|P76113.3|	RecName: Full=NADPH-dependent curcumin reductase; AltName: Full=NADPH-dependent curcumin/dihydrocurcumin reductase [Escherichia coli K-12]	60.756	344	135	0	1	1032	1	344	7.03e-147	421	P76113	P76113.3
cusA	sp|P38054.2|	RecName: Full=Cation efflux system protein CusA [Escherichia coli K-12]	69.356	1041	304	2	1	3087	1	1038	0	1416	P38054	P38054.2
cusB	sp|Q9ZHD0.1|	RecName: Full=Putative membrane fusion protein SilB; Flags: Precursor [Salmonella enterica subsp. enterica serovar Typhimurium]	39.633	381	220	4	106	1224	45	423	2.5899999999999996e-87	275	Q9ZHD0	Q9ZHD0.1
cusR	sp|P0ACZ8.1|	RecName: Full=Transcriptional regulatory protein CusR [Escherichia coli K-12]	44.643	224	123	1	7	678	2	224	1.2200000000000001e-58	187	P0ACZ8	P0ACZ8.1
cusR_1	sp|P0ACZ8.1|	RecName: Full=Transcriptional regulatory protein CusR [Escherichia coli K-12]	42.857	224	127	1	1	672	1	223	2.45e-58	187	P0ACZ8	P0ACZ8.1
cusS	sp|Q02541.1|	RecName: Full=Sensor protein CopS [Pseudomonas syringae pv. tomato]	41.505	412	225	7	49	1251	14	420	1.73e-72	239	Q02541	Q02541.1
cusS_2	sp|I1WSZ3.1|	RecName: Full=Sensor protein IrlS [Burkholderia pseudomallei 1026b]	36.096	374	233	3	289	1401	90	460	1.8699999999999997e-68	229	I1WSZ3	I1WSZ3.1
cvfB	sp|O06747.2|	RecName: Full=Uncharacterized protein YitL [Bacillus subtilis subsp. subtilis str. 168]	32.394	284	156	8	13	804	20	287	1.0600000000000001e-29	116	O06747	O06747.2
cya	sp|Q9JYV5.1|	RecName: Full=Iron-regulated protein FrpC [Neisseria meningitidis MC58]	31.088	386	181	9	76	990	1070	1451	2.3e-35	143	Q9JYV5	Q9JYV5.1
cyaY	sp|Q88B06.1|	RecName: Full=Iron-sulfur cluster assembly protein CyaY [Pseudomonas syringae pv. tomato str. DC3000]	86.364	110	15	0	1	330	1	110	7.48e-66	197	Q88B06	Q88B06.1
cydA	sp|P94364.1|	RecName: Full=Cytochrome bd ubiquinol oxidase subunit 1; AltName: Full=Cytochrome d ubiquinol oxidase subunit I [Bacillus subtilis subsp. subtilis str. 168]	35.955	445	274	3	10	1314	1	444	2.15e-81	263	P94364	P94364.1
cynR_1	sp|Q8X4M5.1|	RecName: Full=HTH-type transcriptional regulator CynR; AltName: Full=Cyn operon transcriptional activator [Escherichia coli O157:H7]	30.822	292	197	3	10	879	4	292	3.8199999999999997e-34	129	Q8X4M5	Q8X4M5.1
cynR_2	sp|P27111.5|	RecName: Full=HTH-type transcriptional regulator CynR; AltName: Full=Cyn operon transcriptional activator [Escherichia coli K-12]	34.296	277	182	0	16	846	4	280	1.5699999999999999e-40	145	P27111	P27111.5
cynR_3	sp|P27111.5|	RecName: Full=HTH-type transcriptional regulator CynR; AltName: Full=Cyn operon transcriptional activator [Escherichia coli K-12]	62.245	294	111	0	1	882	1	294	4.969999999999999e-121	351	P27111	P27111.5
cynR_5	sp|P52696.3|	RecName: Full=Uncharacterized HTH-type transcriptional regulator YbhD [Escherichia coli K-12]	33.214	280	187	0	16	855	8	287	6.999999999999999e-42	150	P52696	P52696.3
cynS	sp|Q1I7P9.1|	RecName: Full=Cyanate hydratase; Short=Cyanase; AltName: Full=Cyanate hydrolase; AltName: Full=Cyanate lyase [Pseudomonas entomophila L48]	88.462	156	18	0	1	468	1	156	8.389999999999999e-99	284	Q1I7P9	Q1I7P9.1
cynT_1	sp|P0ABE9.1|	RecName: Full=Carbonic anhydrase 1; AltName: Full=Carbonate dehydratase 1 [Escherichia coli K-12]	81.991	211	38	0	1	633	1	211	7.999999999999999e-128	362	P0ABE9	P0ABE9.1
cynT_2	sp|P0ABE9.1|	RecName: Full=Carbonic anhydrase 1; AltName: Full=Carbonate dehydratase 1 [Escherichia coli K-12]	50.463	216	101	3	76	717	1	212	1.9199999999999998e-74	228	P0ABE9	P0ABE9.1
cyoA	sp|Q9WWR1.1|	RecName: Full=Cytochrome bo(3) ubiquinol oxidase subunit 2; AltName: Full=Cytochrome o ubiquinol oxidase subunit 2; Short=Cytochrome o subunit 2; AltName: Full=Oxidase bo(3) subunit 2; AltName: Full=Ubiquinol oxidase polypeptide II; AltName: Full=Ubiquinol oxidase subunit 2; Flags: Precursor [Pseudomonas putida]	71.746	315	86	2	1	939	1	314	2.8499999999999997e-134	386	Q9WWR1	Q9WWR1.1
cyoB	sp|Q9WWR2.1|	RecName: Full=Cytochrome bo(3) ubiquinol oxidase subunit 1; AltName: Full=Cytochrome o ubiquinol oxidase subunit 1; Short=Cytochrome o subunit 1; AltName: Full=Oxidase bo(3) subunit 1; AltName: Full=Ubiquinol oxidase polypeptide I; AltName: Full=Ubiquinol oxidase subunit 1 [Pseudomonas putida]	80.775	671	129	0	1	2013	1	671	0	1074	Q9WWR2	Q9WWR2.1
cyoC	sp|Q9WWR3.1|	RecName: Full=Cytochrome bo(3) ubiquinol oxidase subunit 3; AltName: Full=Cytochrome o ubiquinol oxidase subunit 3; Short=Cytochrome o subunit 3; AltName: Full=Oxidase bo(3) subunit 3; AltName: Full=Ubiquinol oxidase polypeptide III; AltName: Full=Ubiquinol oxidase subunit 3 [Pseudomonas putida]	75.543	184	45	0	73	624	24	207	6.4999999999999995e-99	288	Q9WWR3	Q9WWR3.1
cyoD	sp|Q9WWR4.1|	RecName: Full=Cytochrome bo(3) ubiquinol oxidase subunit 4; AltName: Full=Cytochrome o ubiquinol oxidase subunit 4; Short=Cytochrome o subunit 4; AltName: Full=Oxidase bo(3) subunit 4; AltName: Full=Ubiquinol oxidase polypeptide IV; AltName: Full=Ubiquinol oxidase subunit 4 [Pseudomonas putida]	73.196	97	26	0	49	339	14	110	2.05e-36	122	Q9WWR4	Q9WWR4.1
cyoE	sp|Q3K773.1|	RecName: Full=Protoheme IX farnesyltransferase 2; AltName: Full=Heme B farnesyltransferase 2; AltName: Full=Heme O synthase 2 [Pseudomonas fluorescens Pf0-1]	96.939	294	9	0	1	882	1	294	0	574	Q3K773	Q3K773.1
cysA_1	sp|Q7NWX3.1|	RecName: Full=Sulfate/thiosulfate import ATP-binding protein CysA 2; AltName: Full=Sulfate-transporting ATPase 2 [Chromobacterium violaceum ATCC 12472]	55.963	327	140	3	34	1005	14	339	2.36e-106	319	Q7NWX3	Q7NWX3.1
cysA_2	sp|P0A193.1|	RecName: Full=High-affinity branched-chain amino acid transport ATP-binding protein LivG; AltName: Full=LIV-I protein G [Salmonella enterica subsp. enterica serovar Typhimurium str. LT2]	39.526	253	153	0	1	759	1	253	3.68e-61	196	P0A193	P0A193.1
cysA_3	sp|Q88AS5.1|	RecName: Full=Sulfate/thiosulfate import ATP-binding protein CysA; AltName: Full=Sulfate-transporting ATPase [Pseudomonas syringae pv. tomato str. DC3000]	93.538	325	21	0	1	975	1	325	0	602	Q88AS5	Q88AS5.1
cysB	sp|P06614.1|	RecName: Full=HTH-type transcriptional regulator CysB; AltName: Full=Cys regulon transcriptional activator [Salmonella enterica subsp. enterica serovar Typhimurium str. LT2]	65.217	322	112	0	1	966	1	322	2.3899999999999997e-159	451	P06614	P06614.1
cysD_1	sp|B3E8X9.1|	RecName: Full=Sulfate adenylyltransferase subunit 2; AltName: Full=ATP-sulfurylase small subunit; AltName: Full=Sulfate adenylate transferase; Short=SAT [Trichlorobacter lovleyi SZ]	70.608	296	87	0	553	1440	6	301	1.1499999999999997e-158	454	B3E8X9	B3E8X9.1
cysD_2	sp|C3KDP1.1|	RecName: Full=Sulfate adenylyltransferase subunit 2; AltName: Full=ATP-sulfurylase small subunit; AltName: Full=Sulfate adenylate transferase; Short=SAT [Pseudomonas [fluorescens] SBW25]	99.344	305	2	0	1	915	1	305	0	631	C3KDP1	C3KDP1.1
cysE	sp|A8F961.1|	RecName: Full=Serine acetyltransferase; Short=SAT [Bacillus pumilus SAFR-032]	48.889	225	100	2	1	675	2	211	2.66e-65	205	A8F961	A8F961.1
cysG_1	sp|P21640.1|	RecName: Full=Precorrin-3B C(17)-methyltransferase; Short=Precorrin-3 methylase; Short=Precorrin-3 methyltransferase [Sinorhizobium sp.]	49.2	250	123	3	871	1617	3	249	2.3000000000000002e-58	197	P21640	P21640.1
cysG_2	sp|C3JY53.1|	RecName: Full=Siroheme synthase; Includes: RecName: Full=Uroporphyrinogen-III C-methyltransferase; Short=Urogen III methylase; AltName: Full=SUMT; AltName: Full=Uroporphyrinogen III methylase; Short=UROM; Includes: RecName: Full=Precorrin-2 dehydrogenase; Includes: RecName: Full=Sirohydrochlorin ferrochelatase [Pseudomonas [fluorescens] SBW25]	98.491	464	7	0	1	1392	1	464	0	859	C3JY53	C3JY53.1
cysH	sp|O05927.2|	RecName: Full=Adenosine 5'-phosphosulfate reductase; Short=APS reductase; AltName: Full=5'-adenylylsulfate reductase; AltName: Full=Thioredoxin-dependent 5'-adenylylsulfate reductase [Pseudomonas aeruginosa PAO1]	83.607	244	40	0	1	732	24	267	3.3899999999999995e-159	444	O05927	O05927.2
cysK_1	sp|Q5HRP1.1|	RecName: Full=Cysteine synthase; Short=CSase; AltName: Full=O-acetylserine (thiol)-lyase; Short=OAS-TL; AltName: Full=O-acetylserine sulfhydrylase [Staphylococcus epidermidis RP62A]	39.527	296	175	3	16	900	9	301	1.4899999999999999e-61	201	Q5HRP1	Q5HRP1.1
cysK_2	sp|P0ABK5.2|	RecName: Full=Cysteine synthase A; Short=CSase A; AltName: Full=O-acetylserine (thiol)-lyase A; Short=OAS-TL A; AltName: Full=O-acetylserine sulfhydrylase A; AltName: Full=S-carboxymethylcysteine synthase; AltName: Full=Sulfate starvation-induced protein 5; Short=SSI5 [Escherichia coli K-12]	70.679	324	92	2	1	969	1	322	1.5099999999999997e-144	413	P0ABK5	P0ABK5.2
cysL_2	sp|Q5N5I5.1|	RecName: Full=HTH-type transcriptional activator CmpR [Synechococcus elongatus PCC 6301]	31.858	226	147	4	1	666	4	226	5.0599999999999996e-24	102	Q5N5I5	Q5N5I5.1
cysM	sp|Q9I526.1|	RecName: Full=Cysteine synthase B; Short=CSase B; AltName: Full=O-acetylserine (thiol)-lyase B; Short=OAS-TL B; AltName: Full=O-acetylserine sulfhydrylase B [Pseudomonas aeruginosa PAO1]	85.185	297	44	0	1	891	1	297	0	538	Q9I526	Q9I526.1
cysNC_1	sp|P72339.1|	RecName: Full=Bifunctional enzyme NodQ; AltName: Full=Nodulation protein Q; Includes: RecName: Full=Sulfate adenylyltransferase subunit 1; AltName: Full=ATP-sulfurylase large subunit; AltName: Full=Sulfate adenylate transferase; Short=SAT; Includes: RecName: Full=Adenylyl-sulfate kinase; AltName: Full=APS kinase; AltName: Full=ATP adenosine-5'-phosphosulfate 3'-phosphotransferase [Rhizobium sp. N33]	56.522	621	267	2	10	1869	7	625	0	706	P72339	P72339.1
cysNC_2	sp|O50274.1|	RecName: Full=Bifunctional enzyme CysN/CysC; Includes: RecName: Full=Sulfate adenylyltransferase subunit 1; AltName: Full=ATP-sulfurylase large subunit; AltName: Full=Sulfate adenylate transferase; Short=SAT; Includes: RecName: Full=Adenylyl-sulfate kinase; AltName: Full=APS kinase; AltName: Full=ATP adenosine-5'-phosphosulfate 3'-phosphotransferase [Pseudomonas aeruginosa PAO1]	86.888	633	82	1	1	1896	1	633	0	1142	O50274	O50274.1
cysQ~~~cysQ_2	sp|Q8Z153.1|	RecName: Full=3'(2'),5'-bisphosphate nucleotidase CysQ; AltName: Full=3'(2'),5-bisphosphonucleoside 3'(2')-phosphohydrolase; AltName: Full=3'-phosphoadenosine 5'-phosphate phosphatase; Short=PAP phosphatase [Salmonella enterica subsp. enterica serovar Typhi]	50	248	111	6	40	777	5	241	6.61e-48	163	Q8Z153	Q8Z153.1
cysS	sp|C3JYD3.1|	RecName: Full=Cysteine--tRNA ligase; AltName: Full=Cysteinyl-tRNA synthetase; Short=CysRS [Pseudomonas [fluorescens] SBW25]	98.052	462	9	0	1	1386	1	462	0	910	C3JYD3	C3JYD3.1
cysT	sp|Q9TKU8.1|	RecName: Full=Probable sulfate transport system permease protein cysT [Nephroselmis olivacea]	50	230	115	0	55	744	29	258	1.32e-78	242	Q9TKU8	Q9TKU8.1
cysW_3	sp|P0AEB0.1|	RecName: Full=Sulfate transport system permease protein CysW [Escherichia coli K-12]	53.498	243	113	0	142	870	44	286	3.59e-81	249	P0AEB0	P0AEB0.1
cysZ	sp|Q3KHX7.1|	RecName: Full=Sulfate transporter CysZ [Pseudomonas fluorescens Pf0-1]	93.2	250	17	0	1	750	1	250	1.7699999999999998e-144	407	Q3KHX7	Q3KHX7.1
czcA_2	sp|P94177.1|	RecName: Full=Cation efflux system protein CzcA [Alcaligenes sp. CT14]	72.249	1045	287	1	1	3135	1	1042	0	1425	P94177	P94177.1
czcB	sp|P13510.2|	RecName: Full=Cobalt-zinc-cadmium resistance protein CzcB; AltName: Full=Cation efflux system protein CzcB [Cupriavidus metallidurans CH34]	53.312	317	140	2	166	1104	208	520	2.19e-113	343	P13510	P13510.2
czcC	sp|P13509.4|	RecName: Full=Cobalt-zinc-cadmium resistance protein CzcC; AltName: Full=Cation efflux system protein CzcC; Flags: Precursor [Cupriavidus metallidurans CH34]	40.897	379	224	0	67	1203	39	417	6.12e-78	249	P13509	P13509.4
czcD_1	sp|P94178.1|	RecName: Full=Cation efflux system protein CzcD [Alcaligenes sp. CT14]	30.797	276	166	7	115	918	30	288	5.54e-17	83.2	P94178	P94178.1
czcD_2	sp|P13512.2|	RecName: Full=Metal cation efflux system protein CzcD; AltName: Full=Cobalt-zinc-cadmium resistance protein CzcD [Cupriavidus metallidurans CH34]	64.46	287	101	1	1	861	1	286	4.659999999999999e-112	329	P13512	P13512.2
czcO	sp|O07085.1|	RecName: Full=Uncharacterized oxidoreductase CzcO [Bacillus subtilis subsp. subtilis str. 168]	30.814	344	230	6	28	1047	3	342	7.35e-51	176	O07085	O07085.1
czcR_1	sp|Q44006.1|	RecName: Full=Transcriptional activator protein CzcR [Cupriavidus metallidurans CH34]	40.271	221	129	2	1	660	1	219	8.46e-41	142	Q44006	Q44006.1
czcR_1~~~czcR_2	sp|Q44006.1|	RecName: Full=Transcriptional activator protein CzcR [Cupriavidus metallidurans CH34]	63.636	220	80	0	1	660	1	220	2.2400000000000002e-100	293	Q44006	Q44006.1
czcR_2	sp|Q44006.1|	RecName: Full=Transcriptional activator protein CzcR [Cupriavidus metallidurans CH34]	43.231	229	125	3	1	687	1	224	5.08e-59	188	Q44006	Q44006.1
czcR_3	sp|Q44006.1|	RecName: Full=Transcriptional activator protein CzcR [Cupriavidus metallidurans CH34]	57.014	221	94	1	1	663	1	220	1.28e-85	256	Q44006	Q44006.1
czcR_4	sp|Q44006.1|	RecName: Full=Transcriptional activator protein CzcR [Cupriavidus metallidurans CH34]	62.727	220	82	0	1	660	1	220	5.419999999999999e-99	290	Q44006	Q44006.1
czcR_5	sp|Q44006.1|	RecName: Full=Transcriptional activator protein CzcR [Cupriavidus metallidurans CH34]	55.909	220	97	0	1	660	1	220	1.4e-89	266	Q44006	Q44006.1
czcR_6	sp|Q44006.1|	RecName: Full=Transcriptional activator protein CzcR [Cupriavidus metallidurans CH34]	51.961	102	49	0	1	306	1	102	1.0899999999999999e-32	117	Q44006	Q44006.1
czcS_1	sp|Q44007.2|	RecName: Full=Sensor protein CzcS; Flags: Precursor [Cupriavidus metallidurans CH34]	34.529	446	280	6	1	1326	19	456	1.11e-73	241	Q44007	Q44007.2
czcS_2	sp|I1WSZ3.1|	RecName: Full=Sensor protein IrlS [Burkholderia pseudomallei 1026b]	41.587	315	184	0	433	1377	146	460	2.6800000000000002e-70	234	I1WSZ3	I1WSZ3.1
dacC_1	sp|P08506.2|	RecName: Full=D-alanyl-D-alanine carboxypeptidase DacC; Short=DD-carboxypeptidase; Short=DD-peptidase; AltName: Full=Penicillin-binding protein 6; Short=PBP-6; Flags: Precursor [Escherichia coli K-12]	45.889	377	196	3	46	1152	19	395	9e-113	338	P08506	P08506.2
dacC_2~~~dacC_1	sp|P39844.1|	RecName: Full=D-alanyl-D-alanine carboxypeptidase DacC; Short=DD-carboxypeptidase; Short=DD-peptidase; AltName: Full=Penicillin-binding protein 4a; Short=PBP-4a; Flags: Precursor [Bacillus subtilis subsp. subtilis str. 168]	43.805	452	247	5	103	1443	40	489	3.61e-115	351	P39844	P39844.1
dadA1_1	sp|Q48PZ1.1|	RecName: Full=D-amino acid dehydrogenase [Pseudomonas savastanoi pv. phaseolicola 1448A]	91.224	433	38	0	1	1299	1	433	0	822	Q48PZ1	Q48PZ1.1
dadA1_2	sp|Q9HU99.1|	RecName: Full=D-amino acid dehydrogenase 2 [Pseudomonas aeruginosa PAO1]	69.007	413	128	0	1	1239	1	413	0	568	Q9HU99	Q9HU99.1
dadA1_3	sp|Q89F89.1|	RecName: Full=D-amino-acid oxidase; Short=DAAO; Short=DAMOX; Short=DAO [Bradyrhizobium diazoefficiens USDA 110]	33.247	388	245	9	61	1194	19	402	2.8799999999999995e-55	191	Q89F89	Q89F89.1
damX	sp|P45459.1|	RecName: Full=Cell division protein DamX [Serratia marcescens]	40.698	86	50	1	1300	1554	127	212	1.17e-10	64.7	P45459	P45459.1
dan	sp|P72349.3|	RecName: Full=D-aminoacylase; AltName: Full=N-acyl-D-amino-acid deacylase [Achromobacter xylosoxidans]	51.368	475	230	1	7	1431	9	482	1.75e-164	476	P72349	P72349.3
dapA_1	sp|A3CVI7.1|	RecName: Full=4-hydroxy-tetrahydrodipicolinate synthase; Short=HTPA synthase [Methanoculleus marisnigri JR1]	31.597	288	191	4	16	867	2	287	1.52e-42	150	A3CVI7	A3CVI7.1
dapA_2	sp|Q4ZW75.1|	RecName: Full=4-hydroxy-tetrahydrodipicolinate synthase; Short=HTPA synthase [Pseudomonas syringae pv. syringae B728a]	88.014	292	35	0	1	876	1	292	0	525	Q4ZW75	Q4ZW75.1
dapA_4	sp|A9FHA5.1|	RecName: Full=4-hydroxy-tetrahydrodipicolinate synthase; Short=HTPA synthase [Sorangium cellulosum So ce56]	30.804	224	145	7	1	657	1	219	1.38e-12	70.5	A9FHA5	A9FHA5.1
dapA_4~~~dapA_3	sp|Q97D80.1|	RecName: Full=4-hydroxy-tetrahydrodipicolinate synthase 2; Short=HTPA synthase 2 [Clostridium acetobutylicum ATCC 824]	33.08	263	171	3	13	789	4	265	2.65e-50	170	Q97D80	Q97D80.1
dapB	sp|Q84CP9.2|	RecName: Full=4-hydroxy-tetrahydrodipicolinate reductase; Short=HTPA reductase [Pseudomonas [fluorescens] SBW25]	94.403	268	15	0	1	804	1	268	0	507	Q84CP9	Q84CP9.2
dapD	sp|A6V1C2.1|	RecName: Full=2,3,4,5-tetrahydropyridine-2,6-dicarboxylate N-succinyltransferase; AltName: Full=Tetrahydrodipicolinate N-succinyltransferase; Short=THDP succinyltransferase; Short=THP succinyltransferase; AltName: Full=Tetrahydropicolinate succinylase [Pseudomonas paraeruginosa PA7]	86.628	344	46	0	1	1032	1	344	0	597	A6V1C2	A6V1C2.1
dapE	sp|Q4KHI7.1|	RecName: Full=Succinyl-diaminopimelate desuccinylase; Short=SDAP desuccinylase; AltName: Full=N-succinyl-LL-2,6-diaminoheptanedioate amidohydrolase [Pseudomonas protegens Pf-5]	96.084	383	15	0	1	1149	1	383	0	736	Q4KHI7	Q4KHI7.1
dapF_1	sp|Q88B09.1|	RecName: Full=Diaminopimelate epimerase; Short=DAP epimerase; AltName: Full=PLP-independent amino acid racemase [Pseudomonas syringae pv. tomato str. DC3000]	91.304	276	24	0	1	828	1	276	1.8099999999999998e-174	485	Q88B09	Q88B09.1
dapF_3	sp|Q3IZB6.2|	RecName: Full=Diaminopimelate epimerase; Short=DAP epimerase; AltName: Full=PLP-independent amino acid racemase [Cereibacter sphaeroides 2.4.1]	49.042	261	131	2	7	786	10	269	7.100000000000001e-79	242	Q3IZB6	Q3IZB6.2
dapH_1	sp|P50869.1|	RecName: Full=Chloramphenicol acetyltransferase [Morganella morganii]	40.845	142	80	2	169	582	57	198	3.6499999999999997e-31	116	P50869	P50869.1
dapL_1	sp|Q9HUI9.1|	RecName: Full=Arginine--pyruvate transaminase AruH [Pseudomonas aeruginosa PAO1]	50.255	392	195	0	1	1176	1	392	1.0499999999999999e-128	388	Q9HUI9	Q9HUI9.1
dapL_2	sp|Q72BI1.1|	RecName: Full=LL-diaminopimelate aminotransferase; Short=DAP-AT; Short=DAP-aminotransferase; Short=LL-DAP-aminotransferase [Nitratidesulfovibrio vulgaris str. Hildenborough]	32.161	398	245	12	1	1173	6	385	4.16e-56	192	Q72BI1	Q72BI1.1
dasC	sp|Q9KEE9.1|	RecName: Full=Arabinooligosaccharides transport system permease protein AraQ [Halalkalibacterium halodurans C-125]	30	280	176	8	7	798	2	277	1.3e-22	97.1	Q9KEE9	Q9KEE9.1
dat	sp|Q9Z3R2.1|	RecName: Full=Diaminobutyrate--2-oxoglutarate aminotransferase; AltName: Full=Diaminobutyrate transaminase; AltName: Full=L-2,4-diaminobutyrate:2-ketoglutarate 4-aminotransferase; Short=DABA aminotransferase; Short=DABA-AT; AltName: Full=L-diaminobutyric acid transaminase [Sinorhizobium meliloti 1021]	62.415	439	160	2	94	1410	32	465	2.72e-175	503	Q9Z3R2	Q9Z3R2.1
dauA_1	sp|Q9HXE3.1|	RecName: Full=FAD-dependent catabolic D-arginine dehydrogenase DauA; AltName: Full=D-arginine dehydrogenase; Short=DADH; AltName: Full=D-arginine utilization protein A; Short=Dau [Pseudomonas aeruginosa PAO1]	67.819	376	120	1	1	1128	1	375	9.559999999999999e-174	491	Q9HXE3	Q9HXE3.1
dauA_2	sp|P53393.1|	RecName: Full=Low affinity sulfate transporter 3 [Stylosanthes hamata]	41.667	144	82	1	22	447	56	199	4.41e-26	115	P53393	P53393.1
dauB	sp|Q9HXE4.1|	RecName: Full=NAD(P)H-dependent anabolic L-arginine dehydrogenase DauB [Pseudomonas aeruginosa PAO1]	68.038	316	94	2	4	945	3	313	5.649999999999999e-130	375	Q9HXE4	Q9HXE4.1
dauE~~~fabG_1	sp|A0A084R1K2.1|	RecName: Full=Short-chain dehydrogenase/reductase ATR9; AltName: Full=Core atranone cluster (CAC) protein 9 [Stachybotrys chlorohalonatus IBT 40285]	33.333	180	111	4	184	702	75	252	2.49e-16	79	A0A084R1K2	A0A084R1K2.1
dauR_1	sp|Q9HXE2.1|	RecName: Full=Transcriptional regulator DauR [Pseudomonas aeruginosa PAO1]	82.927	205	35	0	7	621	2	206	9.599999999999999e-126	356	Q9HXE2	Q9HXE2.1
dauR_2	sp|Q9HXE2.1|	RecName: Full=Transcriptional regulator DauR [Pseudomonas aeruginosa PAO1]	31.579	209	131	5	25	636	2	203	2.7e-16	77.4	Q9HXE2	Q9HXE2.1
davD_1	sp|Q9I6M5.1|	RecName: Full=Glutarate-semialdehyde dehydrogenase [Pseudomonas aeruginosa PAO1]	63.445	476	172	1	10	1431	8	483	0	639	Q9I6M5	Q9I6M5.1
davD_2	sp|Q88RC0.1|	RecName: Full=Glutarate-semialdehyde dehydrogenase [Pseudomonas putida KT2440]	89.167	480	52	0	1	1440	1	480	0	876	Q88RC0	Q88RC0.1
davT_1	sp|Q88FI7.1|	RecName: Full=2-aminoadipate transaminase; AltName: Full=2-aminoadipate aminotransferase; AltName: Full=L-2AA aminotransferase [Pseudomonas putida KT2440]	78.313	415	90	0	1	1245	1	415	0	643	Q88FI7	Q88FI7.1
davT_2	sp|O50131.1|	RecName: Full=Ornithine aminotransferase; Short=Orn-AT; AltName: Full=Ornithine delta-aminotransferase [Pyrococcus horikoshii OT3]	33.18	434	261	14	106	1392	39	448	1.61e-61	210	O50131	O50131.1
davT_3	sp|Q88RB9.1|	RecName: Full=5-aminovalerate aminotransferase DavT; AltName: Full=5-aminovalerate transaminase; AltName: Full=Delta-aminovalerate aminotransferase [Pseudomonas putida KT2440]	84.941	425	63	1	1	1275	1	424	0	723	Q88RB9	Q88RB9.1
dbpA_1	sp|P21693.2|	RecName: Full=ATP-dependent RNA helicase DbpA [Escherichia coli K-12]	54.923	457	203	2	16	1383	2	456	7.2699999999999985e-171	491	P21693	P21693.2
dbpA_2	sp|Q88NV1.1|	RecName: Full=ATP-dependent helicase Lhr-Core; Short=Lhr-Core; AltName: Full=DNA and RNA:DNA 3'-5' helicase Lhr-Core [Pseudomonas putida KT2440]	70.51	824	235	4	34	2505	1	816	0	1082	Q88NV1	Q88NV1.1
dcd	sp|C3K710.1|	RecName: Full=dCTP deaminase; AltName: Full=Deoxycytidine triphosphate deaminase [Pseudomonas [fluorescens] SBW25]	98.404	188	3	0	1	564	1	188	7.769999999999999e-138	385	C3K710	C3K710.1
dctA2	sp|Q848I3.1|	RecName: Full=C4-dicarboxylate transport protein [Pseudomonas chlororaphis subsp. chlororaphis]	95.045	444	22	0	1	1332	1	444	0	810	Q848I3	Q848I3.1
dctA_1	sp|B2AGL2.1|	RecName: Full=C4-dicarboxylate transport protein [Cupriavidus taiwanensis LMG 19424]	69.1	411	125	2	28	1260	9	417	1.5699999999999999e-164	473	B2AGL2	B2AGL2.1
dctA_2	sp|Q9I713.1|	RecName: Full=C4-dicarboxylate transport protein 1 [Pseudomonas aeruginosa PAO1]	76.259	417	99	0	4	1254	8	424	0	567	Q9I713	Q9I713.1
dctB_1	sp|Q9HU20.1|	RecName: Full=C4-dicarboxylate transport sensor protein DctB [Pseudomonas aeruginosa PAO1]	43.038	237	125	5	1042	1734	363	595	1.2599999999999999e-42	165	Q9HU20	Q9HU20.1
dctB_2	sp|Q9HU20.1|	RecName: Full=C4-dicarboxylate transport sensor protein DctB [Pseudomonas aeruginosa PAO1]	34.979	486	284	7	301	1746	98	555	5.5e-76	257	Q9HU20	Q9HU20.1
dctB_3	sp|Q9HU20.1|	RecName: Full=C4-dicarboxylate transport sensor protein DctB [Pseudomonas aeruginosa PAO1]	65.432	567	196	0	97	1797	43	609	0	647	Q9HU20	Q9HU20.1
dctD_1	sp|Q9HU19.1|	RecName: Full=C4-dicarboxylate transport transcriptional regulatory protein DctD [Pseudomonas aeruginosa PAO1]	55.909	440	189	1	13	1317	13	452	4.3e-143	419	Q9HU19	Q9HU19.1
dctD_2	sp|Q9HU19.1|	RecName: Full=C4-dicarboxylate transport transcriptional regulatory protein DctD [Pseudomonas aeruginosa PAO1]	52.283	438	203	2	40	1341	13	448	1.3e-150	439	Q9HU19	Q9HU19.1
dctD_3	sp|P36219.1|	RecName: Full=Pathogenicity locus probable regulatory protein WtsA [Pantoea stewartii subsp. stewartii]	57.616	302	123	3	10	915	21	317	8.559999999999998e-118	345	P36219	P36219.1
dctD_4	sp|Q9HU19.1|	RecName: Full=C4-dicarboxylate transport transcriptional regulatory protein DctD [Pseudomonas aeruginosa PAO1]	77.007	461	96	2	7	1380	7	460	0	607	Q9HU19	Q9HU19.1
dcyD_2	sp|A4TK60.1|	RecName: Full=D-cysteine desulfhydrase [Yersinia pestis Pestoides F]	65.644	326	109	3	4	978	3	326	1.7099999999999998e-147	421	A4TK60	A4TK60.1
dddP	sp|A3SK19.1|	RecName: Full=Dimethylsulfoniopropionate lyase DddP; Short=DMSP lyase [Roseovarius nubinhibens ISM]	35.013	397	250	4	55	1224	51	446	2.1399999999999997e-81	259	A3SK19	A3SK19.1
ddl	sp|Q3K746.1|	RecName: Full=D-alanine--D-alanine ligase; AltName: Full=D-Ala-D-Ala ligase; AltName: Full=D-alanylalanine synthetase [Pseudomonas fluorescens Pf0-1]	87.421	318	40	0	1	954	1	318	0	567	Q3K746	Q3K746.1
ddlA	sp|P0A1F0.2|	RecName: Full=D-alanine--D-alanine ligase A; AltName: Full=D-Ala-D-Ala ligase A; AltName: Full=D-alanylalanine synthetase A [Salmonella enterica subsp. enterica serovar Typhimurium str. LT2]	66.391	363	122	0	1	1089	1	363	0	512	P0A1F0	P0A1F0.2
ddpC	sp|P94312.1|	RecName: Full=Dipeptide transport system permease protein DppC [Alkalihalophilus pseudofirmus OF4]	40.693	231	137	0	160	852	71	301	9.95e-59	192	P94312	P94312.1
ddpF	sp|A0A0H2ZH52.1|	RecName: Full=Di/tripeptide transport ATP-binding protein DppF [Pseudomonas aeruginosa UCBPP-PA14]	86.378	323	44	0	1	969	1	323	0	563	A0A0H2ZH52	A0A0H2ZH52.1
deaD	sp|Q8K9H6.1|	RecName: Full=ATP-dependent RNA helicase DeaD; AltName: Full=Cold-shock DEAD box protein A [Buchnera aphidicola str. Sg (Schizaphis graminum)]	44.524	557	303	4	1	1668	1	552	1.3699999999999998e-130	397	Q8K9H6	Q8K9H6.1
decR_1	sp|P0ACJ5.1|	RecName: Full=DNA-binding transcriptional activator DecR [Escherichia coli K-12]	40	150	90	0	13	462	2	151	1.83e-39	133	P0ACJ5	P0ACJ5.1
decR_2	sp|P42179.1|	RecName: Full=Bkd operon transcriptional regulator [Pseudomonas putida]	79.747	158	31	1	1	474	1	157	3.89e-90	262	P42179	P42179.1
decR_3	sp|P42179.1|	RecName: Full=Bkd operon transcriptional regulator [Pseudomonas putida]	41.176	153	89	1	10	468	3	154	4.0099999999999995e-34	120	P42179	P42179.1
dedA	sp|P0ABP6.1|	RecName: Full=Protein DedA; AltName: Full=Protein DSG-1 [Escherichia coli K-12]	56.436	202	86	1	16	615	8	209	1.6e-69	214	P0ABP6	P0ABP6.1
def_1	sp|Q886I1.1|	RecName: Full=Peptide deformylase 2; Short=PDF 2; AltName: Full=Polypeptide deformylase 2 [Pseudomonas syringae pv. tomato str. DC3000]	84.358	179	28	0	1	537	1	179	3.2099999999999994e-107	307	Q886I1	Q886I1.1
def_2	sp|A4VFH8.1|	RecName: Full=Peptide deformylase; Short=PDF; AltName: Full=Polypeptide deformylase [Stutzerimonas stutzeri A1501]	90.476	168	16	0	1	504	1	168	3.929999999999999e-99	285	A4VFH8	A4VFH8.1
degP	sp|Q4KGQ4.1|	RecName: Full=Probable periplasmic serine endoprotease DegP-like; AltName: Full=Protease Do; Flags: Precursor [Pseudomonas protegens Pf-5]	90.644	481	39	3	1	1440	1	476	0	834	Q4KGQ4	Q4KGQ4.1
degS	sp|B1J4D7.1|	RecName: Full=Probable periplasmic serine endoprotease DegP-like; AltName: Full=Protease Do; Flags: Precursor [Pseudomonas putida W619]	48.658	298	144	2	256	1125	72	368	2.5799999999999996e-87	275	B1J4D7	B1J4D7.1
degU	sp|P13800.2|	RecName: Full=Transcriptional regulatory protein DegU; AltName: Full=Protease production enhancer protein [Bacillus subtilis subsp. subtilis str. 168]	32.159	227	140	2	7	651	4	228	5.49e-39	137	P13800	P13800.2
dehH1	sp|Q01398.1|	RecName: Full=Haloacetate dehalogenase H-1 [Moraxella sp. B]	43.273	275	153	2	4	825	3	275	1.94e-70	222	Q01398	Q01398.1
deoC1	sp|Q4ZMV1.1|	RecName: Full=Deoxyribose-phosphate aldolase; Short=DERA; AltName: Full=2-deoxy-D-ribose 5-phosphate aldolase; AltName: Full=Phosphodeoxyriboaldolase; Short=Deoxyriboaldolase [Pseudomonas syringae pv. syringae B728a]	78.846	208	44	0	1	624	1	208	3.0800000000000003e-97	285	Q4ZMV1	Q4ZMV1.1
deoR	sp|P0ACK5.1|	RecName: Full=Deoxyribose operon repressor [Escherichia coli K-12]	44.622	251	139	0	1	753	1	251	9.439999999999999e-69	215	P0ACK5	P0ACK5.1
der	sp|Q886Y6.1|	RecName: Full=GTPase Der; AltName: Full=GTP-binding protein EngA [Pseudomonas syringae pv. tomato str. DC3000]	94.142	478	28	0	1	1434	1	478	0	894	Q886Y6	Q886Y6.1
dgcC_1	sp|P0AAP1.1|	RecName: Full=Probable diguanylate cyclase DgcC; Short=DGC [Escherichia coli K-12]	37.278	338	212	0	19	1032	33	370	2.1400000000000003e-79	250	P0AAP1	P0AAP1.1
dgcC_2	sp|P0AAP1.1|	RecName: Full=Probable diguanylate cyclase DgcC; Short=DGC [Escherichia coli K-12]	38.209	335	207	0	22	1026	34	368	4.75e-76	241	P0AAP1	P0AAP1.1
dgcN	sp|A0A0H2Z7X0.1|	RecName: Full=Diguanylate cyclase TpbB [Pseudomonas aeruginosa UCBPP-PA14]	61.916	407	155	0	4	1224	6	412	1.03e-142	417	A0A0H2Z7X0	A0A0H2Z7X0.1
dgkA	sp|Q9HY23.1|	RecName: Full=Diacylglycerol kinase; Short=DAGK; AltName: Full=Diglyceride kinase; Short=DGK [Pseudomonas aeruginosa PAO1]	78.992	119	25	0	4	360	4	122	1.92e-51	161	Q9HY23	Q9HY23.1
dgoA	sp|Q92RN8.1|	RecName: Full=Probable 2-dehydro-3-deoxy-6-phosphogalactonate aldolase; AltName: Full=2-oxo-3-deoxygalactonate 6-phosphate aldolase; AltName: Full=6-phospho-2-dehydro-3-deoxygalactonate aldolase; AltName: Full=6-phospho-2-keto-3-deoxygalactonate aldolase; Short=KDPGal aldolase [Sinorhizobium meliloti 1021]	52.841	176	83	0	31	558	13	188	1.61e-40	140	Q92RN8	Q92RN8.1
dgoD_1	sp|A4W4R9.1|	RecName: Full=D-galactonate dehydratase; Short=GalD [Enterobacter sp. 638]	32.895	380	219	9	1	1113	1	353	4.6099999999999996e-54	186	A4W4R9	A4W4R9.1
dgoD_2	sp|B2UCA8.1|	RecName: Full=D-galactonate dehydratase; Short=GalD [Ralstonia pickettii 12J]	64.66	382	135	0	1	1146	1	382	5.899999999999999e-175	495	B2UCA8	B2UCA8.1
dgoK1	sp|Q92RN7.1|	RecName: Full=Probable 2-dehydro-3-deoxygalactonokinase DgoK1; AltName: Full=2-keto-3-deoxy-galactonokinase; AltName: Full=2-oxo-3-deoxygalactonate kinase [Sinorhizobium meliloti 1021]	35.099	302	177	8	19	909	9	296	5.5e-35	132	Q92RN7	Q92RN7.1
dgoT	sp|P0AA76.1|	RecName: Full=D-galactonate transporter; AltName: Full=D-galactonate/H(+) symporter [Escherichia coli K-12]	56.532	421	179	2	43	1296	10	429	8.569999999999999e-162	466	P0AA76	P0AA76.1
dgt	sp|B7UXM6.1|	RecName: Full=Deoxyguanosinetriphosphate triphosphohydrolase-like protein [Pseudomonas aeruginosa LESB58]	87.33	442	56	0	1	1326	1	442	0	760	B7UXM6	B7UXM6.1
dhaK2	sp|Q92EU2.1|	RecName: Full=PTS-dependent dihydroxyacetone kinase 2, dihydroxyacetone-binding subunit DhaK [Listeria innocua Clip11262]	42.813	327	184	2	1	978	1	325	5.09e-71	226	Q92EU2	Q92EU2.1
dhaL2	sp|P45620.2|	RecName: Full=Putative kinase MCAP_0235; AltName: Full=ORFC [Mycoplasma capricolum subsp. capricolum ATCC 27343]	33.168	202	126	3	37	627	11	208	6.2399999999999995e-30	113	P45620	P45620.2
dhmA2_1	sp|P53750.1|	RecName: Full=Uncharacterized hydrolase YNR064C [Saccharomyces cerevisiae S288C]	49.306	288	138	5	19	867	5	289	7.53e-97	290	P53750	P53750.1
dhmA_1	sp|P0DO70.1|	RecName: Full=Epoxide hydrolase 3; Short=SgEPH3; AltName: Full=24,25-dihydroxycucurbitadienol synthase EPH3 [Siraitia grosvenorii]	32.192	146	92	2	127	564	1	139	4.21e-11	66.6	P0DO70	P0DO70.1
dhmA_2	sp|P34913.2|	RecName: Full=Bifunctional epoxide hydrolase 2; Includes: RecName: Full=Cytosolic epoxide hydrolase 2; Short=CEH; AltName: Full=Epoxide hydratase; AltName: Full=Soluble epoxide hydrolase; Short=SEH; Includes: RecName: Full=Lipid-phosphate phosphatase [Homo sapiens]	33.803	142	80	4	76	483	257	390	8.75e-12	68.9	P34913	P34913.2
dht	sp|Q9I676.1|	RecName: Full=D-hydantoinase/dihydropyrimidinase; Short=DHPase [Pseudomonas aeruginosa PAO1]	86.639	479	64	0	1	1437	1	479	0	856	Q9I676	Q9I676.1
dinB	sp|Q3KH18.1|	RecName: Full=DNA polymerase IV; Short=Pol IV [Pseudomonas fluorescens Pf0-1]	89.429	350	37	0	1	1050	1	350	0	649	Q3KH18	Q3KH18.1
dinF	sp|P28303.1|	RecName: Full=DNA damage-inducible protein F [Escherichia coli K-12]	44.954	436	225	6	43	1329	25	452	2.28e-71	235	P28303	P28303.1
dinG_1	sp|P54394.1|	RecName: Full=3'-5' exonuclease DinG [Bacillus subtilis subsp. subtilis str. 168]	42.574	101	58	0	4	306	4	104	2.67e-19	88.6	P54394	P54394.1
dinG_3	sp|P29741.2|	RecName: Full=ATP-dependent DNA helicase DinG; AltName: Full=DNA 5'-3' helicase subunit DinG [Photobacterium profundum SS9]	36.791	723	413	15	1	2139	1	689	4.14e-124	388	P29741	P29741.2
dipZ	sp|P59960.1|	RecName: Full=Protein DipZ [Mycobacterium tuberculosis variant bovis AF2122/97]	32.865	569	317	17	1	1581	115	660	2.17e-75	256	P59960	P59960.1
divK	sp|A6X580.1|	RecName: Full=Polar-differentiation response regulator DivK [Brucella anthropi ATCC 49188]	48.276	116	60	0	10	357	5	120	1.4e-30	108	A6X580	A6X580.1
djlA	sp|P44607.1|	RecName: Full=Co-chaperone protein DjlA [Haemophilus influenzae Rd KW20]	31.364	220	119	4	181	744	62	281	1.9099999999999998e-23	99.4	P44607	P44607.1
dkgB	sp|Q8ZH36.1|	RecName: Full=Methylglyoxal reductase DkgB [Yersinia pestis]	73.308	266	71	0	19	816	2	267	4.59e-142	402	Q8ZH36	Q8ZH36.1
dksA_1	sp|P0A1G5.1|	RecName: Full=RNA polymerase-binding transcription factor DksA [Salmonella enterica subsp. enterica serovar Typhimurium str. LT2]	71.852	135	38	0	34	438	16	150	1.93e-69	209	P0A1G5	P0A1G5.1
dksA_2	sp|B8H0C0.1|	RecName: Full=RNA polymerase-binding transcription factor DksA [Caulobacter vibrioides NA1000]	43.396	106	59	1	40	354	21	126	1.22e-14	68.9	B8H0C0	B8H0C0.1
dksA_3	sp|B8H0C0.1|	RecName: Full=RNA polymerase-binding transcription factor DksA [Caulobacter vibrioides NA1000]	34.746	118	68	3	28	363	15	129	8.31e-15	69.3	B8H0C0	B8H0C0.1
dltA	sp|A7NN83.1|	RecName: Full=3-hydroxyacyl-[acyl-carrier-protein] dehydratase FabZ; AltName: Full=(3R)-hydroxymyristoyl-[acyl-carrier-protein] dehydratase; Short=(3R)-hydroxymyristoyl-ACP dehydrase; AltName: Full=Beta-hydroxyacyl-ACP dehydratase [Roseiflexus castenholzii DSM 13941]	40.23	87	41	3	1351	1590	31	113	1.75e-8	57	A7NN83	A7NN83.1
dmdC_1	sp|A3SI50.1|	RecName: Full=3-methylmercaptopropionyl-CoA dehydrogenase; Short=MMPA-CoA dehydrogenase [Roseovarius nubinhibens ISM]	47.739	597	306	2	1	1791	1	591	0	573	A3SI50	A3SI50.1
dmdC_2	sp|A3SI50.1|	RecName: Full=3-methylmercaptopropionyl-CoA dehydrogenase; Short=MMPA-CoA dehydrogenase [Roseovarius nubinhibens ISM]	48.154	596	295	4	1	1761	1	591	0	568	A3SI50	A3SI50.1
dmdC_3	sp|A3SI50.1|	RecName: Full=3-methylmercaptopropionyl-CoA dehydrogenase; Short=MMPA-CoA dehydrogenase [Roseovarius nubinhibens ISM]	46.37	606	296	6	1	1776	1	591	5.609999999999998e-180	524	A3SI50	A3SI50.1
dmdC_4	sp|A3SI50.1|	RecName: Full=3-methylmercaptopropionyl-CoA dehydrogenase; Short=MMPA-CoA dehydrogenase [Roseovarius nubinhibens ISM]	36.273	601	372	6	1	1800	1	591	2.27e-117	364	A3SI50	A3SI50.1
dmlR_1	sp|A0A0H2XAU1.1|	RecName: Full=HTH-type transcriptional regulator XC_2801 [Xanthomonas campestris pv. campestris str. 8004]	33.91	289	188	2	28	888	11	298	1.68e-39	144	A0A0H2XAU1	A0A0H2XAU1.1
dmlR_10	sp|P37641.2|	RecName: Full=Uncharacterized HTH-type transcriptional regulator YhjC [Escherichia coli K-12]	31.579	304	197	4	1	897	1	298	4.84e-33	127	P37641	P37641.2
dmlR_11	sp|A0A0H2XAU1.1|	RecName: Full=HTH-type transcriptional regulator XC_2801 [Xanthomonas campestris pv. campestris str. 8004]	33.086	269	174	3	94	885	33	300	3.57e-32	125	A0A0H2XAU1	A0A0H2XAU1.1
dmlR_12	sp|A0A0H2ZDG9.2|	RecName: Full=HTH-type transcriptional repressor PA14_22550 [Pseudomonas aeruginosa UCBPP-PA14]	30.719	306	197	3	1	882	1	303	3.28e-32	124	A0A0H2ZDG9	A0A0H2ZDG9.2
dmlR_13	sp|Q9JPU9.2|	RecName: Full=HTH-type transcriptional regulator CrgA; AltName: Full=Contact-regulated gene A [Neisseria meningitidis 8013]	30.508	295	200	2	28	912	6	295	6.0999999999999996e-43	152	Q9JPU9	Q9JPU9.2
dmlR_14	sp|P37641.2|	RecName: Full=Uncharacterized HTH-type transcriptional regulator YhjC [Escherichia coli K-12]	40.69	290	171	1	1	867	1	290	1.03e-70	223	P37641	P37641.2
dmlR_15	sp|P30864.1|	RecName: Full=Uncharacterized HTH-type transcriptional regulator YafC [Escherichia coli K-12]	32.997	297	193	4	4	888	3	295	1.67e-38	140	P30864	P30864.1
dmlR_16	sp|A0A0H2XAU1.1|	RecName: Full=HTH-type transcriptional regulator XC_2801 [Xanthomonas campestris pv. campestris str. 8004]	34.471	293	186	2	4	870	3	293	2.76e-18	87	A0A0H2XAU1	A0A0H2XAU1.1
dmlR_17	sp|Q9JPU9.2|	RecName: Full=HTH-type transcriptional regulator CrgA; AltName: Full=Contact-regulated gene A [Neisseria meningitidis 8013]	34.948	289	178	6	19	870	8	291	1.1799999999999999e-35	133	Q9JPU9	Q9JPU9.2
dmlR_18	sp|P30864.1|	RecName: Full=Uncharacterized HTH-type transcriptional regulator YafC [Escherichia coli K-12]	35.714	294	183	4	19	894	8	297	2.3599999999999996e-47	164	P30864	P30864.1
dmlR_19	sp|A0A0H2ZDG9.2|	RecName: Full=HTH-type transcriptional repressor PA14_22550 [Pseudomonas aeruginosa UCBPP-PA14]	34.797	296	190	2	10	891	1	295	3.1e-50	171	A0A0H2ZDG9	A0A0H2ZDG9.2
dmlR_2	sp|P52689.1|	RecName: Full=Probable HTH-type transcriptional regulator LtrA [Klebsiella pneumoniae]	30.903	288	195	2	7	858	11	298	5.429999999999999e-42	149	P52689	P52689.1
dmlR_20	sp|P30864.1|	RecName: Full=Uncharacterized HTH-type transcriptional regulator YafC [Escherichia coli K-12]	34.733	262	164	5	121	900	40	296	4.989999999999999e-35	132	P30864	P30864.1
dmlR_21	sp|P43011.1|	RecName: Full=Uncharacterized HTH-type transcriptional regulator HI_1364; AltName: Full=ORF2 [Haemophilus influenzae Rd KW20]	33.808	281	182	3	16	855	4	281	9.339999999999999e-42	148	P43011	P43011.1
dmlR_22	sp|P43011.1|	RecName: Full=Uncharacterized HTH-type transcriptional regulator HI_1364; AltName: Full=ORF2 [Haemophilus influenzae Rd KW20]	36.232	276	175	1	1	825	1	276	7.08e-63	203	P43011	P43011.1
dmlR_23	sp|Q1R6S1.2|	RecName: Full=HTH-type transcriptional activator TtdR [Escherichia coli UTI89]	35.959	292	176	4	10	858	3	292	1.85e-53	179	Q1R6S1	Q1R6S1.2
dmlR_24	sp|P43011.1|	RecName: Full=Uncharacterized HTH-type transcriptional regulator HI_1364; AltName: Full=ORF2 [Haemophilus influenzae Rd KW20]	31.317	281	193	0	1	843	1	281	7.979999999999999e-38	138	P43011	P43011.1
dmlR_25	sp|P76250.2|	RecName: Full=HTH-type transcriptional regulator DmlR; AltName: Full=D-malate degradation protein R [Escherichia coli K-12]	56.463	294	128	0	16	897	2	295	5.5e-114	334	P76250	P76250.2
dmlR_26	sp|P52689.1|	RecName: Full=Probable HTH-type transcriptional regulator LtrA [Klebsiella pneumoniae]	58.249	297	124	0	13	903	1	297	5.709999999999998e-107	317	P52689	P52689.1
dmlR_3	sp|A0A0H2ZDG9.2|	RecName: Full=HTH-type transcriptional repressor PA14_22550 [Pseudomonas aeruginosa UCBPP-PA14]	30.272	294	201	3	10	885	2	293	3.12e-39	143	A0A0H2ZDG9	A0A0H2ZDG9.2
dmlR_4	sp|P30864.1|	RecName: Full=Uncharacterized HTH-type transcriptional regulator YafC [Escherichia coli K-12]	36.333	300	170	6	13	891	6	291	9.28e-53	177	P30864	P30864.1
dmlR_6	sp|A0A0H2ZDG9.2|	RecName: Full=HTH-type transcriptional repressor PA14_22550 [Pseudomonas aeruginosa UCBPP-PA14]	34.875	281	180	3	55	894	15	293	2.41e-44	156	A0A0H2ZDG9	A0A0H2ZDG9.2
dmlR_7	sp|P30864.1|	RecName: Full=Uncharacterized HTH-type transcriptional regulator YafC [Escherichia coli K-12]	44.291	289	161	0	1	867	1	289	1.06e-84	259	P30864	P30864.1
dmlR_8	sp|P76250.2|	RecName: Full=HTH-type transcriptional regulator DmlR; AltName: Full=D-malate degradation protein R [Escherichia coli K-12]	32.014	278	185	2	10	843	7	280	1.46e-34	130	P76250	P76250.2
dmlR_9	sp|P43011.1|	RecName: Full=Uncharacterized HTH-type transcriptional regulator HI_1364; AltName: Full=ORF2 [Haemophilus influenzae Rd KW20]	33.214	280	174	2	13	816	3	281	4e-34	128	P43011	P43011.1
dmlR_9~~~dmlR_11~~~dmlR_5	sp|P52689.1|	RecName: Full=Probable HTH-type transcriptional regulator LtrA [Klebsiella pneumoniae]	32.45	302	190	7	79	969	1	293	1.3199999999999999e-31	124	P52689	P52689.1
dmoA_1	sp|E9JFX9.1|	RecName: Full=Dimethyl-sulfide monooxygenase; AltName: Full=Dimethylsulfide monooxygenase large subunit [Hyphomicrobium sulfonivorans]	54.405	454	206	1	1	1359	1	454	2.0399999999999998e-174	501	E9JFX9	E9JFX9.1
dmoA_2	sp|A4IU28.1|	RecName: Full=Long-chain alkane monooxygenase; AltName: Full=Long-chain alkane degradation protein A [Geobacillus thermodenitrificans NG80-2]	51.893	449	198	4	25	1365	3	435	5.4199999999999994e-170	488	A4IU28	A4IU28.1
dnaA	sp|B0B0A5.1|	RecName: Full=Chromosomal replication initiator protein DnaA [Pseudomonas [fluorescens] SBW25]	95.455	506	18	2	1	1518	1	501	0	943	B0B0A5	B0B0A5.1
dnaB_1	sp|P0ACB0.1|	RecName: Full=Replicative DNA helicase DnaB; AltName: Full=DNA 5'-3' helicase DnaB [Escherichia coli K-12]	61.605	461	171	5	19	1392	14	471	0	581	P0ACB0	P0ACB0.1
dnaB_2	sp|Q8K932.1|	RecName: Full=Replicative DNA helicase DnaB; AltName: Full=DNA 5'-3' helicase DnaB [Buchnera aphidicola str. Sg (Schizaphis graminum)]	33.408	449	275	11	25	1323	23	463	1.4500000000000001e-64	218	Q8K932	Q8K932.1
dnaB_2~~~dnaB_1~~~dnaC_2	sp|Q89A52.1|	RecName: Full=Replicative DNA helicase DnaB; AltName: Full=DNA 5'-3' helicase DnaB [Buchnera aphidicola str. Bp (Baizongia pistaciae)]	33.11	447	278	8	19	1311	22	463	2.33e-76	249	Q89A52	Q89A52.1
dnaC_1	sp|P57134.1|	RecName: Full=Replicative helicase loader DnaC; AltName: Full=DNA replication protein DnaC [Buchnera aphidicola str. APS (Acyrthosiphon pisum)]	34.783	230	127	6	115	789	27	238	1.05e-21	94	P57134	P57134.1
dnaC~~~dnaC_2	sp|P0AEF0.1|	RecName: Full=Replicative helicase loader DnaC; AltName: Full=DNA replication protein DnaC [Escherichia coli K-12]	31.797	217	129	4	136	777	38	238	3.37e-29	113	P0AEF0	P0AEF0.1
dnaE	sp|Q9XDH6.1|	RecName: Full=DNA polymerase III subunit alpha [Pseudomonas fluorescens]	94.373	1173	66	0	1	3519	1	1173	0	2292	Q9XDH6	Q9XDH6.1
dnaE2	sp|Q3KBG7.1|	RecName: Full=Error-prone DNA polymerase [Pseudomonas fluorescens Pf0-1]	82.468	1021	179	0	7	3069	5	1025	0	1615	Q3KBG7	Q3KBG7.1
dnaG	sp|P0A118.1|	RecName: Full=DNA primase [Pseudomonas putida KT2440]	76.946	668	134	8	1	1968	1	660	0	1045	P0A118	P0A118.1
dnaJ	sp|C3K274.1|	RecName: Full=Chaperone protein DnaJ [Pseudomonas [fluorescens] SBW25]	99.733	374	1	0	1	1122	1	374	0	634	C3K274	C3K274.1
dnaK_2	sp|Q4KIH1.1|	RecName: Full=Chaperone protein DnaK; AltName: Full=HSP70; AltName: Full=Heat shock 70 kDa protein; AltName: Full=Heat shock protein 70 [Pseudomonas protegens Pf-5]	94.671	638	34	0	1	1914	1	638	0	1170	Q4KIH1	Q4KIH1.1
dnaN	sp|P0A120.1|	RecName: Full=Beta sliding clamp; Short=Beta clamp; Short=Sliding clamp; AltName: Full=Beta-clamp processivity factor; AltName: Full=DNA polymerase III beta sliding clamp subunit; AltName: Full=DNA polymerase III subunit beta [Pseudomonas putida KT2440]	92.916	367	26	0	1	1101	1	367	0	660	P0A120	P0A120.1
dnaQ	sp|P03007.1|	RecName: Full=DNA polymerase III subunit epsilon [Escherichia coli K-12]	51.029	243	107	4	10	726	7	241	2.61e-81	246	P03007	P03007.1
dns	sp|Q9WVZ1.1|	RecName: Full=Extracellular endonuclease; Flags: Precursor [Pseudomonas fluorescens bv. A]	69.672	244	44	5	1	687	1	229	3.3699999999999996e-110	318	Q9WVZ1	Q9WVZ1.1
dpkA	sp|Q4U331.1|	RecName: Full=Delta(1)-pyrroline-2-carboxylate/Delta(1)-piperideine-2-carboxylate reductase; Short=Pyr2C/Pip2C reductase; AltName: Full=N-methyl-L-amino acid dehydrogenase [Pseudomonas syringae pv. tomato]	76.807	332	77	0	34	1029	10	341	0	525	Q4U331	Q4U331.1
dppA_1	sp|A0A0H2ZI72.1|	RecName: Full=Probable di/tripeptide-binding protein 5; Flags: Precursor [Pseudomonas aeruginosa UCBPP-PA14]	75.595	504	120	2	76	1587	25	525	0	778	A0A0H2ZI72	A0A0H2ZI72.1
dppA_2	sp|A0A0H2ZGV7.1|	RecName: Full=Di/tripeptide-binding protein 4; Flags: Precursor [Pseudomonas aeruginosa UCBPP-PA14]	63.065	509	186	2	70	1596	26	532	0	662	A0A0H2ZGV7	A0A0H2ZGV7.1
dppA_3	sp|A0A0H2ZGV2.1|	RecName: Full=Di/tripeptide-binding protein 1; Flags: Precursor [Pseudomonas aeruginosa UCBPP-PA14]	72.15	535	146	2	1	1596	1	535	0	800	A0A0H2ZGV2	A0A0H2ZGV2.1
dppA_4	sp|A0A0H2ZGV2.1|	RecName: Full=Di/tripeptide-binding protein 1; Flags: Precursor [Pseudomonas aeruginosa UCBPP-PA14]	75.881	539	121	2	1	1617	6	535	0	865	A0A0H2ZGV2	A0A0H2ZGV2.1
dppA_5	sp|A0A0H2ZGV2.1|	RecName: Full=Di/tripeptide-binding protein 1; Flags: Precursor [Pseudomonas aeruginosa UCBPP-PA14]	71.513	509	145	0	73	1599	29	537	0	799	A0A0H2ZGV2	A0A0H2ZGV2.1
dppB_1	sp|A0A0H2ZGW7.1|	RecName: Full=Di/tripeptide transport system permease protein DppB [Pseudomonas aeruginosa UCBPP-PA14]	86.607	336	45	0	1	1008	1	336	0	518	A0A0H2ZGW7	A0A0H2ZGW7.1
dppB_2	sp|Q53191.2|	RecName: Full=Probable peptide ABC transporter permease protein y4tP [Sinorhizobium fredii NGR234]	32.759	290	189	4	67	921	23	311	1.5599999999999998e-35	133	Q53191	Q53191.2
dppC	sp|A0A0H2ZFV0.1|	RecName: Full=Di/tripeptide transport system permease protein DppC [Pseudomonas aeruginosa UCBPP-PA14]	87.459	303	38	0	1	909	1	303	1.0399999999999999e-133	384	A0A0H2ZFV0	A0A0H2ZFV0.1
dppD	sp|A0A0H2ZGN6.1|	RecName: Full=Di/tripeptide transport ATP-binding protein DppD [Pseudomonas aeruginosa UCBPP-PA14]	80.556	324	61	1	1	966	1	324	0	536	A0A0H2ZGN6	A0A0H2ZGN6.1
dsbA	sp|O52376.1|	RecName: Full=Thiol:disulfide interchange protein DsbA; Flags: Precursor [Pseudomonas syringae pv. tomato str. DC3000]	81.25	208	38	1	1	624	1	207	3.61e-125	355	O52376	O52376.1
dsbB_1	sp|Q3K4T4.1|	RecName: Full=Disulfide bond formation protein B 2; AltName: Full=Disulfide oxidoreductase 2 [Pseudomonas fluorescens Pf0-1]	48.447	161	83	0	1	483	1	161	1.6e-43	145	Q3K4T4	Q3K4T4.1
dsbB_2	sp|Q4K6L6.2|	RecName: Full=Disulfide bond formation protein B 1; AltName: Full=Disulfide oxidoreductase 1 [Pseudomonas protegens Pf-5]	83.333	168	27	1	1	501	1	168	1.3299999999999998e-72	218	Q4K6L6	Q4K6L6.2
dsbC	sp|P55890.2|	RecName: Full=Thiol:disulfide interchange protein DsbC; Flags: Precursor [Salmonella enterica subsp. enterica serovar Typhimurium str. LT2]	47.619	210	98	7	61	690	21	218	7.909999999999999e-54	176	P55890	P55890.2
dsbC_2	sp|Q2KU21.1|	RecName: Full=Probable thiol:disulfide interchange protein DsbC; Flags: Precursor [Bordetella avium 197N]	34.091	88	49	3	313	555	152	237	2.96e-7	53.5	Q2KU21	Q2KU21.1
dsbD	sp|Q9KJZ3.1|	RecName: Full=Thiol:disulfide interchange protein DsbD; AltName: Full=Protein-disulfide reductase; Short=Disulfide reductase; Flags: Precursor [Pseudomonas sp. JR1/K1]	75.556	585	132	4	1	1743	1	578	0	728	Q9KJZ3	Q9KJZ3.1
dsbE	sp|P52237.1|	RecName: Full=Thiol:disulfide interchange protein DsbE; AltName: Full=Cytochrome c biogenesis protein CcmG [Pseudomonas fluorescens bv. C]	94.382	178	10	0	1	534	1	178	2.7199999999999997e-112	320	P52237	P52237.1
dsbG	sp|Q9I106.1|	RecName: Full=Thiol:disulfide interchange protein DsbG; Flags: Precursor [Pseudomonas aeruginosa PAO1]	69.828	232	70	0	64	759	25	256	1.09e-114	332	Q9I106	Q9I106.1
dsrE	sp|Q9I0N3.1|	RecName: Full=Sulfurtransferase TusD homolog [Pseudomonas aeruginosa PAO1]	72.093	129	36	0	1	387	1	129	1.5999999999999998e-57	177	Q9I0N3	Q9I0N3.1
dtd	sp|C3K814.1|	RecName: Full=D-aminoacyl-tRNA deacylase; Short=DTD; AltName: Full=Gly-tRNA(Ala) deacylase [Pseudomonas [fluorescens] SBW25]	96.552	145	5	0	1	435	1	145	1.36e-97	280	C3K814	C3K814.1
dthadh	sp|B2DFG5.1|	RecName: Full=D-threo-3-hydroxyaspartate dehydratase; Short=D-THA DH; Short=D-THA dehydratase; AltName: Full=Threo-3-hydroxy-D-aspartate ammonia-lyase [Delftia sp. HT23]	69.169	373	109	3	1	1101	8	380	3.2599999999999997e-167	474	B2DFG5	B2DFG5.1
dusA	sp|Q88KX0.1|	RecName: Full=tRNA-dihydrouridine(20/20a) synthase; AltName: Full=U20-specific dihydrouridine synthase; Short=U20-specific Dus; AltName: Full=tRNA-dihydrouridine synthase A [Pseudomonas putida KT2440]	85.312	320	47	0	25	984	17	336	0	575	Q88KX0	Q88KX0.1
dusB	sp|Q87VS1.1|	RecName: Full=tRNA-dihydrouridine synthase B [Pseudomonas syringae pv. tomato str. DC3000]	88.131	337	40	0	1	1011	1	337	0	583	Q87VS1	Q87VS1.1
dusC	sp|Q88LF2.1|	RecName: Full=tRNA-dihydrouridine(16) synthase; AltName: Full=U16-specific dihydrouridine synthase; Short=U16-specific Dus; AltName: Full=tRNA-dihydrouridine synthase C [Pseudomonas putida KT2440]	78.275	313	68	0	1	939	1	313	3.3899999999999993e-171	480	Q88LF2	Q88LF2.1
dut	sp|C3K473.1|	RecName: Full=Deoxyuridine 5'-triphosphate nucleotidohydrolase; Short=dUTPase; AltName: Full=dUTP pyrophosphatase [Pseudomonas [fluorescens] SBW25]	97.143	140	4	0	1	420	1	140	3.5699999999999993e-96	276	C3K473	C3K473.1
dxr	sp|C3K601.1|	RecName: Full=1-deoxy-D-xylulose 5-phosphate reductoisomerase; Short=DXP reductoisomerase; AltName: Full=1-deoxyxylulose-5-phosphate reductoisomerase; AltName: Full=2-C-methyl-D-erythritol 4-phosphate synthase [Pseudomonas [fluorescens] SBW25]	94.949	396	20	0	1	1188	1	396	0	742	C3K601	C3K601.1
dxs	sp|C3K2R1.1|	RecName: Full=1-deoxy-D-xylulose-5-phosphate synthase; AltName: Full=1-deoxyxylulose-5-phosphate synthase; Short=DXP synthase; Short=DXPS [Pseudomonas [fluorescens] SBW25]	98.259	632	11	0	1	1896	1	632	0	1245	C3K2R1	C3K2R1.1
eamA_1	sp|F8JJ22.1|	RecName: Full=Probable terminal-alkyne amino-acid exporter [Streptantibioticus cattleyicolor NRRL 8057 = DSM 46488]	33.451	284	186	2	49	894	14	296	2.8899999999999996e-32	124	F8JJ22	F8JJ22.1
eamA_1~~~eamA_3	sp|P31125.2|	RecName: Full=Probable amino-acid metabolite efflux pump [Escherichia coli K-12]	34.576	295	183	4	1	855	1	295	1.37e-44	156	P31125	P31125.2
eamB_1	sp|A8A390.1|	RecName: Full=Cysteine/O-acetylserine efflux protein [Escherichia coli HS]	33.505	194	118	5	7	576	1	187	6.3900000000000004e-21	89	A8A390	A8A390.1
eamB_2	sp|Q57L56.1|	RecName: Full=Cysteine/O-acetylserine efflux protein [Salmonella enterica subsp. enterica serovar Choleraesuis str. SC-B67]	31.481	162	104	3	34	510	12	169	7.32e-15	73.2	Q57L56	Q57L56.1
eamB_3	sp|A1AEA8.1|	RecName: Full=Cysteine/O-acetylserine efflux protein [Escherichia coli APEC O1]	30.387	181	119	5	25	558	11	187	4.72e-11	62.4	A1AEA8	A1AEA8.1
ecfG	sp|B3Q6P8.1|	RecName: Full=ECF RNA polymerase sigma factor EcfG; AltName: Full=General stress response factor EcfG [Rhodopseudomonas palustris TIE-1]	35.766	137	73	2	34	420	15	144	2.59e-17	78.2	B3Q6P8	B3Q6P8.1
echA8	sp|Q52995.2|	RecName: Full=Probable enoyl-CoA hydratase [Sinorhizobium meliloti 1021]	67.315	257	84	0	1	771	1	257	4.8600000000000006e-123	353	Q52995	Q52995.2
echA8_2	sp|P64017.1|	RecName: Full=Probable enoyl-CoA hydratase echA8 [Mycobacterium tuberculosis variant bovis AF2122/97]	61.868	257	98	0	106	876	1	257	2.5399999999999995e-112	327	P64017	P64017.1
eda	sp|P00885.2|	RecName: Full=2-dehydro-3-deoxy-phosphogluconate aldolase; AltName: Full=2-keto-3-deoxy-6-phosphogluconate aldolase; Short=KDPG aldolase; AltName: Full=Phospho-2-dehydro-3-deoxygluconate aldolase; AltName: Full=Phospho-2-keto-3-deoxygluconate aldolase [Pseudomonas putida]	74.661	221	56	0	1	663	4	224	5.35e-111	320	P00885	P00885.2
edd	sp|P31961.3|	RecName: Full=Phosphogluconate dehydratase; AltName: Full=6-phosphogluconate dehydratase [Pseudomonas aeruginosa PAO1]	74.507	608	155	0	1	1824	1	608	0	948	P31961	P31961.3
efeB	sp|Q3Z396.1|	RecName: Full=Deferrochelatase; AltName: Full=Peroxidase EfeB; Flags: Precursor [Shigella sonnei Ss046]	56.867	415	171	4	31	1272	14	421	4.269999999999999e-168	481	Q3Z396	Q3Z396.1
efeO_1	sp|Q4ZR20.1|	RecName: Full=Iron uptake system component EfeM; Flags: Precursor [Pseudomonas syringae pv. syringae B728a]	85.49	255	37	0	52	816	31	285	1.1e-143	407	Q4ZR20	Q4ZR20.1
efeO_2	sp|Q0WFT9.1|	RecName: Full=Iron uptake system component EfeO; Flags: Precursor [Yersinia pestis]	41.358	324	187	2	148	1119	32	352	1.85e-89	278	Q0WFT9	Q0WFT9.1
efeU_1	sp|Q0T618.2|	RecName: Full=Ferrous iron permease EfeU; AltName: Full=Fe(2+) ion permease EfeU; AltName: Full=Ferrous iron uptake protein [Shigella flexneri 5 str. 8401]	33.146	178	116	2	196	726	27	202	8.85e-8	55.1	Q0T618	Q0T618.2
efeU_2	sp|Q0WFU0.1|	RecName: Full=Ferrous iron permease EfeU; AltName: Full=Fe(2+) ion permease EfeU; AltName: Full=Ferrous iron uptake protein [Yersinia pestis]	61.887	265	101	0	1	795	1	265	5.819999999999999e-89	269	Q0WFU0	Q0WFU0.1
efp	sp|Q4ZQB2.1|	RecName: Full=Elongation factor P; Short=EF-P [Pseudomonas syringae pv. syringae B728a]	97.884	189	4	0	1	567	1	189	8.41e-135	377	Q4ZQB2	Q4ZQB2.1
ehpR	sp|Q8GPH6.1|	RecName: Full=Phenazine antibiotic resistance protein EhpR [Pantoea agglomerans]	31.897	116	74	3	25	363	15	128	9.13e-11	58.2	Q8GPH6	Q8GPH6.1
elaA	sp|P0AEH3.1|	RecName: Full=Protein ElaA [Escherichia coli K-12]	51.351	148	72	0	7	450	2	149	1.58e-50	161	P0AEH3	P0AEH3.1
elbB	sp|P0ABU5.1|	RecName: Full=Glyoxalase ElbB; AltName: Full=Sigma cross-reacting protein 27A; Short=SCRP-27A [Escherichia coli K-12]	59.346	214	87	0	7	648	2	215	3.8299999999999995e-87	259	P0ABU5	P0ABU5.1
eltD_1	sp|A0QXD8.1|	RecName: Full=Erythritol/L-threitol dehydrogenase [Mycolicibacterium smegmatis MC2 155]	50.704	355	171	3	16	1071	8	361	3.37e-117	347	A0QXD8	A0QXD8.1
eltD_2	sp|A0QXD8.1|	RecName: Full=Erythritol/L-threitol dehydrogenase [Mycolicibacterium smegmatis MC2 155]	52.355	361	171	1	34	1113	1	361	1.1399999999999998e-124	366	A0QXD8	A0QXD8.1
emrA_1	sp|P0DPR6.1|	RecName: Full=Colistin resistance protein EmrA [Acinetobacter baumannii ATCC 17978]	32.515	326	212	3	148	1122	32	350	2.06e-49	173	P0DPR6	P0DPR6.1
emrA_2	sp|P0DPR6.1|	RecName: Full=Colistin resistance protein EmrA [Acinetobacter baumannii ATCC 17978]	36.982	338	212	1	70	1083	17	353	2.25e-66	216	P0DPR6	P0DPR6.1
emrA_3	sp|P27303.2|	RecName: Full=Multidrug export protein EmrA [Escherichia coli K-12]	45.845	349	188	1	121	1167	42	389	5.449999999999999e-99	303	P27303	P27303.2
emrA_4	sp|P0DPR6.1|	RecName: Full=Colistin resistance protein EmrA [Acinetobacter baumannii ATCC 17978]	36.624	314	188	3	100	1026	46	353	1.42e-50	175	P0DPR6	P0DPR6.1
emrB_1	sp|P0DPR7.1|	RecName: Full=Colistin resistance protein EmrB [Acinetobacter baumannii ATCC 17978]	32.049	493	328	6	1	1473	1	488	6.78e-66	224	P0DPR7	P0DPR7.1
emrB_2	sp|P0AEJ0.1|	RecName: Full=Multidrug export protein EmrB [Escherichia coli K-12]	49.503	503	248	3	1	1494	1	502	4.4699999999999994e-157	459	P0AEJ0	P0AEJ0.1
emrE	sp|Q9X2N9.1|	RecName: Full=Quaternary ammonium compound-resistance protein QacF; AltName: Full=Quaternary ammonium determinant F [Klebsiella aerogenes]	51.546	97	47	0	52	342	14	110	1.05e-20	82.8	Q9X2N9	Q9X2N9.1
engB	sp|C3K6T0.1|	RecName: Full=Probable GTP-binding protein EngB [Pseudomonas [fluorescens] SBW25]	98.592	213	3	0	1	639	1	213	1.9299999999999998e-156	434	C3K6T0	C3K6T0.1
eno	sp|Q3KH92.1|	RecName: Full=Enolase; AltName: Full=2-phospho-D-glycerate hydro-lyase; AltName: Full=2-phosphoglycerate dehydratase [Pseudomonas fluorescens Pf0-1]	96.97	429	13	0	1	1287	1	429	0	813	Q3KH92	Q3KH92.1
entD	sp|P19925.3|	RecName: Full=Enterobactin synthase component D; AltName: Full=4'-phosphopantetheinyl transferase EntD; AltName: Full=Enterochelin synthase D [Escherichia coli K-12]	33.333	195	120	5	55	639	8	192	4.8499999999999996e-23	95.9	P19925	P19925.3
entS_1	sp|Q2FW71.1|	RecName: Full=Staphyloferrin A transporter [Staphylococcus aureus subsp. aureus NCTC 8325]	34.211	152	97	2	82	534	15	164	7.53e-15	79	Q2FW71	Q2FW71.1
envC	sp|P37690.2|	RecName: Full=Murein hydrolase activator EnvC; AltName: Full=Septal ring factor; Flags: Precursor [Escherichia coli K-12]	32.907	313	175	8	364	1281	133	417	3.59e-39	149	P37690	P37690.2
envZ	sp|P41406.2|	RecName: Full=Sensor histidine kinase EnvZ; AltName: Full=Osmolarity sensor protein EnvZ [Salmonella enterica subsp. enterica serovar Typhi]	33.409	440	265	12	22	1284	8	438	1.21e-45	167	P41406	P41406.2
epd	sp|Q3ILL8.1|	RecName: Full=D-erythrose-4-phosphate dehydrogenase; Short=E4PDH [Pseudoalteromonas translucida TAC125]	54.079	331	148	3	22	1014	4	330	1.51e-126	369	Q3ILL8	Q3ILL8.1
ephA_1	sp|P0DO70.1|	RecName: Full=Epoxide hydrolase 3; Short=SgEPH3; AltName: Full=24,25-dihydroxycucurbitadienol synthase EPH3 [Siraitia grosvenorii]	38.261	115	71	0	82	426	24	138	1.83e-20	93.6	P0DO70	P0DO70.1
ephA_2~~~ephA	sp|I6YGS0.1|	RecName: Full=Epoxide hydrolase A; Short=EHB; AltName: Full=Epoxide hydrolase EphA [Mycobacterium tuberculosis H37Rv]	42.395	309	166	5	22	921	11	316	9.150000000000001e-73	230	I6YGS0	I6YGS0.1
epsF	sp|P22609.2|	RecName: Full=Type IV pilus assembly protein PilC [Pseudomonas aeruginosa PAO1]	62.432	370	139	0	91	1200	2	371	3.4499999999999994e-171	486	P22609	P22609.2
eptC	sp|P0CB40.1|	RecName: Full=Phosphoethanolamine transferase EptC [Escherichia coli RS218]	54.512	543	240	4	88	1701	28	568	0	606	P0CB40	P0CB40.1
era	sp|Q3KHL8.1|	RecName: Full=GTPase Era [Pseudomonas fluorescens Pf0-1]	96	300	12	0	1	900	1	300	0	599	Q3KHL8	Q3KHL8.1
erpA	sp|C3K2Z6.1|	RecName: Full=Iron-sulfur cluster insertion protein ErpA [Pseudomonas [fluorescens] SBW25]	100	116	0	0	49	396	1	116	2.3999999999999998e-82	239	C3K2Z6	C3K2Z6.1
esiB	sp|A0A0H2VDN9.1|	RecName: Full=Secretory immunoglobulin A-binding protein EsiB; Flags: Precursor [Escherichia coli CFT073]	32.804	189	120	2	97	645	140	327	2.85e-16	80.9	A0A0H2VDN9	A0A0H2VDN9.1
estA	sp|O33407.1|	RecName: Full=Esterase EstA; AltName: Full=Autotransporter esterase EstA; Flags: Precursor [Pseudomonas aeruginosa PAO1]	64.462	650	217	5	1	1920	1	646	0	794	O33407	O33407.1
estB_1	sp|Q53547.1|	RecName: Full=Carboxylesterase 2; AltName: Full=Esterase II [Pseudomonas fluorescens]	94.037	218	13	0	1	654	1	218	2.66e-154	429	Q53547	Q53547.1
estB_2	sp|P0CL94.1|	RecName: Full=Acyl-protein thioesterase 1; AltName: Full=Palmitoyl-protein hydrolase [Cryptococcus deneoformans JEC21]	30.455	220	128	8	130	717	20	238	1.92e-13	70.9	P0CL94	P0CL94.1
etfA	sp|Q9HZP7.1|	RecName: Full=Electron transfer flavoprotein subunit alpha; Short=Alpha-ETF; AltName: Full=Electron transfer flavoprotein large subunit; Short=ETFLS [Pseudomonas aeruginosa PAO1]	87.702	309	38	0	1	927	1	309	4.779999999999999e-144	410	Q9HZP7	Q9HZP7.1
etfB	sp|Q9HZP6.1|	RecName: Full=Electron transfer flavoprotein subunit beta; Short=Beta-ETF; AltName: Full=Electron transfer flavoprotein small subunit; Short=ETFSS [Pseudomonas aeruginosa PAO1]	92.369	249	19	0	1	747	1	249	3.8599999999999994e-162	451	Q9HZP6	Q9HZP6.1
ettA_1	sp|P45127.1|	RecName: Full=Energy-dependent translational throttle protein EttA; AltName: Full=Translational regulatory factor EttA [Haemophilus influenzae Rd KW20]	72.875	553	150	0	4	1662	3	555	0	780	P45127	P45127.1
ettA_2	sp|A0A0H2VFI8.1|	RecName: Full=Energy-dependent translational throttle protein EttA; AltName: Full=Translational regulatory factor EttA [Escherichia coli CFT073]	30.168	537	304	18	91	1614	24	518	7.96e-39	152	A0A0H2VFI8	A0A0H2VFI8.1
eutB	sp|P0AEJ6.1|	RecName: Full=Ethanolamine ammonia-lyase large subunit; Short=EAL large subunit; AltName: Full=Ethanolamine ammonia-lyase alpha subunit; AltName: Full=Ethanolamine ammonia-lyase heavy chain; AltName: Full=Ethanolamine deaminase large subunit [Escherichia coli K-12]	51.376	436	209	2	31	1338	10	442	4.0599999999999995e-152	443	P0AEJ6	P0AEJ6.1
eutC	sp|C3K2P6.1|	RecName: Full=Ethanolamine ammonia-lyase small subunit; Short=EAL small subunit [Pseudomonas [fluorescens] SBW25]	93.382	272	18	0	1	816	6	277	0	522	C3K2P6	C3K2P6.1
exbD_1	sp|Q05606.1|	RecName: Full=Biopolymer transport protein ExbD [Pseudomonas putida]	80.986	142	26	1	1	423	1	142	2.6900000000000002e-79	233	Q05606	Q05606.1
exbD_2	sp|P50599.1|	RecName: Full=Tol-Pal system protein TolR [Pseudomonas aeruginosa PAO1]	78.667	150	28	1	10	459	1	146	7.3e-81	238	P50599	P50599.1
exbD_4	sp|Q9RMT1.1|	RecName: Full=Biopolymer transport protein ExbD [Pseudomonas aeruginosa PAO1]	88.722	133	15	0	1	399	1	133	8.88e-66	198	Q9RMT1	Q9RMT1.1
exoA	sp|O26314.1|	RecName: Full=DNA uridine endonuclease; Short=DNA U-endo; Short=DNA U-endonuclease; AltName: Full=AP endonuclease; AltName: Full=ExoMt [Methanothermobacter thermautotrophicus str. Delta H]	31.727	249	169	1	1	747	4	251	1.28e-45	156	O26314	O26314.1
exuT_1	sp|P0AA78.2|	RecName: Full=Hexuronate transporter; AltName: Full=Aldohexuronate transport system; Flags: Precursor [Escherichia coli K-12]	30.077	389	256	5	64	1209	3	382	5.23e-41	154	P0AA78	P0AA78.2
exuT_2	sp|P94774.1|	RecName: Full=Galacturonate transporter; Flags: Precursor [Dickeya chrysanthemi]	30.449	312	192	3	91	1026	4	290	6.56e-39	147	P94774	P94774.1
exuT_3	sp|O34456.1|	RecName: Full=Hexuronate transporter; AltName: Full=Aldohexuronate transport system [Bacillus subtilis subsp. subtilis str. 168]	30.738	244	147	6	76	771	21	254	2.09e-16	84.3	O34456	O34456.1
fabA	sp|Q4KFX0.1|	RecName: Full=3-hydroxydecanoyl-[acyl-carrier-protein] dehydratase; AltName: Full=3-hydroxyacyl-[acyl-carrier-protein] dehydratase FabA; AltName: Full=Beta-hydroxydecanoyl thioester dehydrase; AltName: Full=Trans-2-decenoyl-[acyl-carrier-protein] isomerase [Pseudomonas protegens Pf-5]	98.246	171	3	0	1	513	1	171	1.4399999999999999e-124	350	Q4KFX0	Q4KFX0.1
fabB	sp|Q02K94.1|	RecName: Full=3-oxoacyl-[acyl-carrier-protein] synthase 1; AltName: Full=3-oxoacyl-[acyl-carrier-protein] synthase I; AltName: Full=Beta-ketoacyl-ACP synthase I; Short=KAS I [Pseudomonas aeruginosa UCBPP-PA14]	88.395	405	47	0	1	1215	1	405	0	691	Q02K94	Q02K94.1
fabD_1	sp|P43712.1|	RecName: Full=Malonyl CoA-acyl carrier protein transacylase; Short=MCT [Haemophilus influenzae Rd KW20]	38.462	286	154	9	13	810	6	289	4.04e-35	132	P43712	P43712.1
fabD_2	sp|O85140.3|	RecName: Full=Malonyl CoA-acyl carrier protein transacylase; Short=MCT [Salmonella enterica subsp. enterica serovar Typhimurium str. LT2]	62.876	299	111	0	7	903	2	300	8.16e-127	367	O85140	O85140.3
fabF_1	sp|O34340.1|	RecName: Full=3-oxoacyl-[acyl-carrier-protein] synthase 2; AltName: Full=3-oxoacyl-[acyl-carrier-protein] synthase II; AltName: Full=Beta-ketoacyl-ACP synthase II; Short=KAS II [Bacillus subtilis subsp. subtilis str. 168]	38.499	413	242	7	4	1221	4	411	1.67e-69	228	O34340	O34340.1
fabF_2	sp|P55338.2|	RecName: Full=3-oxoacyl-[acyl-carrier-protein] synthase 2; AltName: Full=3-oxoacyl-[acyl-carrier-protein] synthase II; AltName: Full=Beta-ketoacyl-ACP synthase II; Short=KAS II [Vibrio harveyi]	64.096	415	148	1	1	1242	1	415	0	523	P55338	P55338.2
fabG_1	sp|Q49117.2|	RecName: Full=Uncharacterized oxidoreductase MexAM1_META1p0182; AltName: Full=ORFC [Methylorubrum extorquens AM1]	37.247	247	149	2	10	750	7	247	3.2999999999999997e-41	144	Q49117	Q49117.2
fabG_2	sp|P70720.1|	RecName: Full=3-oxoacyl-[acyl-carrier-protein] reductase FabG; AltName: Full=3-ketoacyl-acyl carrier protein reductase; AltName: Full=Beta-Ketoacyl-acyl carrier protein reductase; AltName: Full=Beta-ketoacyl-ACP reductase [Aggregatibacter actinomycetemcomitans]	77.686	242	54	0	1	726	1	242	6.199999999999999e-126	359	P70720	P70720.1
fabG_3	sp|O67610.1|	RecName: Full=3-oxoacyl-[acyl-carrier-protein] reductase FabG; AltName: Full=3-ketoacyl-acyl carrier protein reductase; AltName: Full=Beta-Ketoacyl-acyl carrier protein reductase; AltName: Full=Beta-ketoacyl-ACP reductase [Aquifex aeolicus VF5]	41.667	180	100	2	208	735	68	246	3.4699999999999996e-42	147	O67610	O67610.1
fabG_4	sp|Q8N4T8.3|	RecName: Full=3-oxoacyl-[acyl-carrier-protein] reductase; AltName: Full=3-ketoacyl-[acyl-carrier-protein] reductase beta subunit; Short=KAR beta subunit; AltName: Full=Carbonyl reductase family member 4; Short=CBR4; AltName: Full=Quinone reductase CBR4; AltName: Full=Short chain dehydrogenase/reductase family 45C member 1 [Homo sapiens]	33.333	144	88	2	226	642	74	214	5.42e-13	70.1	Q8N4T8	Q8N4T8.3
fabG_5	sp|Q9KQH7.2|	RecName: Full=3-oxoacyl-[acyl-carrier-protein] reductase FabG; AltName: Full=3-ketoacyl-acyl carrier protein reductase; AltName: Full=Beta-Ketoacyl-acyl carrier protein reductase; AltName: Full=Beta-ketoacyl-ACP reductase [Vibrio cholerae O1 biovar El Tor str. N16961]	41.6	250	131	6	22	759	6	244	1.15e-45	156	Q9KQH7	Q9KQH7.2
fabG_6	sp|O54438.1|	RecName: Full=3-oxoacyl-[acyl-carrier-protein] reductase FabG; AltName: Full=3-ketoacyl-acyl carrier protein reductase; AltName: Full=Beta-Ketoacyl-acyl carrier protein reductase; AltName: Full=Beta-ketoacyl-ACP reductase [Pseudomonas aeruginosa PAO1]	86.235	247	34	0	1	741	1	247	3.739999999999999e-152	426	O54438	O54438.1
fabG_7	sp|Q9GKX2.1|	RecName: Full=Dehydrogenase/reductase SDR family member 4; AltName: Full=NADPH-dependent carbonyl reductase; Short=CR; Short=RACR; AltName: Full=NADPH-dependent retinol dehydrogenase/reductase; Short=NDRD; AltName: Full=Peroxisomal short-chain alcohol dehydrogenase; Short=PSCD; AltName: Full=Short chain dehydrogenase/reductase family 25C member 2; Short=Protein SDR25C2; AltName: Full=rabNRDR [Oryctolagus cuniculus]	38.525	244	150	0	25	756	12	255	1.34e-41	146	Q9GKX2	Q9GKX2.1
fabH	sp|Q9CHG0.1|	RecName: Full=Beta-ketoacyl-[acyl-carrier-protein] synthase III; Short=Beta-ketoacyl-ACP synthase III; Short=KAS III; AltName: Full=3-oxoacyl-[acyl-carrier-protein] synthase 3; AltName: Full=3-oxoacyl-[acyl-carrier-protein] synthase III [Lactococcus lactis subsp. lactis Il1403]	30.982	326	194	11	10	918	6	323	4.7e-44	156	Q9CHG0	Q9CHG0.1
fabR	sp|A6TGE7.1|	RecName: Full=HTH-type transcriptional repressor FabR [Klebsiella pneumoniae subsp. pneumoniae MGH 78578]	40.972	144	82	1	10	432	4	147	1.04e-26	104	A6TGE7	A6TGE7.1
fabV	sp|C3K5J5.1|	RecName: Full=Enoyl-[acyl-carrier-protein] reductase [NADH]; Short=ENR [Pseudomonas [fluorescens] SBW25]	97.733	397	9	0	1	1191	1	397	0	764	C3K5J5	C3K5J5.1
fabZ	sp|C3K606.1|	RecName: Full=3-hydroxyacyl-[acyl-carrier-protein] dehydratase FabZ; AltName: Full=(3R)-hydroxymyristoyl-[acyl-carrier-protein] dehydratase; Short=(3R)-hydroxymyristoyl-ACP dehydrase; AltName: Full=Beta-hydroxyacyl-ACP dehydratase [Pseudomonas [fluorescens] SBW25]	100	146	0	0	1	438	1	146	7.939999999999998e-107	303	C3K606	C3K606.1
fadA_1	sp|O53871.1|	RecName: Full=Putative acyltransferase Rv0859 [Mycobacterium tuberculosis H37Rv]	65.586	401	135	3	7	1203	4	403	0	523	O53871	O53871.1
fadA_2	sp|O32177.1|	RecName: Full=3-ketoacyl-CoA thiolase; AltName: Full=Acetyl-CoA acyltransferase; AltName: Full=Beta-ketothiolase [Bacillus subtilis subsp. subtilis str. 168]	48.101	395	195	4	1	1173	1	389	4.75e-113	338	O32177	O32177.1
fadA_3	sp|Q4KFC3.1|	RecName: Full=3-ketoacyl-CoA thiolase; AltName: Full=Acetyl-CoA acyltransferase; AltName: Full=Beta-ketothiolase; AltName: Full=Fatty acid oxidation complex subunit beta [Pseudomonas protegens Pf-5]	95.908	391	16	0	1	1173	1	391	0	755	Q4KFC3	Q4KFC3.1
fadA_4	sp|O26884.1|	RecName: Full=Acetyl-CoA acetyltransferase; AltName: Full=Acetoacetyl-CoA thiolase [Methanothermobacter thermautotrophicus str. Delta H]	36.631	374	229	4	16	1131	4	371	1.34e-71	232	O26884	O26884.1
fadB	sp|C3K613.1|	RecName: Full=Fatty acid oxidation complex subunit alpha; Includes: RecName: Full=Enoyl-CoA hydratase/Delta(3)-cis-Delta(2)-trans-enoyl-CoA isomerase/3-hydroxybutyryl-CoA epimerase; Includes: RecName: Full=3-hydroxyacyl-CoA dehydrogenase [Pseudomonas [fluorescens] SBW25]	99.301	715	5	0	1	2145	1	715	0	1409	C3K613	C3K613.1
fadD3	sp|O31826.1|	RecName: Full=Putative acyl-CoA synthetase YngI [Bacillus subtilis subsp. subtilis str. 168]	46.568	539	270	4	49	1614	4	541	3.839999999999999e-176	511	O31826	O31826.1
fadD_1	sp|Q8XDR6.1|	RecName: Full=Long-chain-fatty-acid--CoA ligase; AltName: Full=Long-chain acyl-CoA synthetase; Short=Acyl-CoA synthetase [Escherichia coli O157:H7]	55.37	540	238	3	16	1632	5	542	0	624	Q8XDR6	Q8XDR6.1
fadD_2	sp|P63521.1|	RecName: Full=Long-chain-fatty-acid--CoA ligase; AltName: Full=Long-chain acyl-CoA synthetase [Salmonella enterica subsp. enterica serovar Typhimurium str. LT2]	51.167	557	264	2	16	1686	5	553	0	588	P63521	P63521.1
fadD_3	sp|Q8XDR6.1|	RecName: Full=Long-chain-fatty-acid--CoA ligase; AltName: Full=Long-chain acyl-CoA synthetase; Short=Acyl-CoA synthetase [Escherichia coli O157:H7]	53.214	560	249	7	28	1701	2	550	0	574	Q8XDR6	Q8XDR6.1
fadD_4	sp|P69451.1|	RecName: Full=Long-chain-fatty-acid--CoA ligase; AltName: Full=Long-chain acyl-CoA synthetase; Short=Acyl-CoA synthetase [Escherichia coli K-12]	52.057	559	256	4	16	1686	5	553	0	595	P69451	P69451.1
fadD_5	sp|P63521.1|	RecName: Full=Long-chain-fatty-acid--CoA ligase; AltName: Full=Long-chain acyl-CoA synthetase [Salmonella enterica subsp. enterica serovar Typhimurium str. LT2]	49.58	119	60	0	1	357	13	131	5.5e-37	134	P63521	P63521.1
fadD_6	sp|P63521.1|	RecName: Full=Long-chain-fatty-acid--CoA ligase; AltName: Full=Long-chain acyl-CoA synthetase [Salmonella enterica subsp. enterica serovar Typhimurium str. LT2]	59.42	138	55	1	1	414	415	551	9.12e-51	172	P63521	P63521.1
fadE_1	sp|Q8ZBY6.1|	RecName: Full=Acyl-coenzyme A dehydrogenase; Short=ACDH; Short=Acyl-CoA dehydrogenase [Yersinia pestis]	51.544	745	349	3	187	2421	60	792	0	762	Q8ZBY6	Q8ZBY6.1
fadE_2	sp|Q47146.2|	RecName: Full=Acyl-coenzyme A dehydrogenase; Short=ACDH; Short=Acyl-CoA dehydrogenase [Escherichia coli K-12]	54.374	743	329	5	199	2421	63	797	0	788	Q47146	Q47146.2
fadH	sp|P42593.3|	RecName: Full=2,4-dienoyl-CoA reductase [(2E)-enoyl-CoA-producing]; Short=DCR; AltName: Full=2,4-dienoyl-coenzyme A reductase [NADPH] [Escherichia coli K-12]	63.476	679	236	5	13	2037	2	672	0	790	P42593	P42593.3
fadI_1	sp|A1RI91.1|	RecName: Full=3-ketoacyl-CoA thiolase; AltName: Full=ACSs; AltName: Full=Acetyl-CoA acyltransferase; AltName: Full=Acyl-CoA ligase; AltName: Full=Beta-ketothiolase; AltName: Full=Fatty acid oxidation complex subunit beta [Shewanella sp. W3-18-1]	39.765	425	246	4	16	1272	14	434	6.42e-95	295	A1RI91	A1RI91.1
fadI_2	sp|Q5QXN5.1|	RecName: Full=3-ketoacyl-CoA thiolase; AltName: Full=ACSs; AltName: Full=Acetyl-CoA acyltransferase; AltName: Full=Acyl-CoA ligase; AltName: Full=Beta-ketothiolase; AltName: Full=Fatty acid oxidation complex subunit beta [Idiomarina loihiensis L2TR]	42.29	428	231	5	37	1293	14	434	2.7899999999999994e-101	311	Q5QXN5	Q5QXN5.1
fadJ_1	sp|Q8XCP2.1|	RecName: Full=Fatty acid oxidation complex subunit alpha; Includes: RecName: Full=Enoyl-CoA hydratase/3-hydroxybutyryl-CoA epimerase; Includes: RecName: Full=3-hydroxyacyl-CoA dehydrogenase [Escherichia coli O157:H7]	37.225	728	418	14	1	2142	3	705	5.96e-95	312	Q8XCP2	Q8XCP2.1
fadJ_2	sp|Q58EB4.1|	RecName: Full=3-hydroxyisobutyryl-CoA hydrolase, mitochondrial; AltName: Full=3-hydroxyisobutyryl-coenzyme A hydrolase; Short=HIB-CoA hydrolase; Short=HIBYL-CoA-H; Flags: Precursor [Danio rerio]	36.857	350	197	5	40	1065	40	373	9.56e-56	190	Q58EB4	Q58EB4.1
fae	sp|Q46AU8.1|	RecName: Full=5,6,7,8-tetrahydromethanopterin hydro-lyase; AltName: Full=Formaldehyde-activating enzyme; Short=Fae [Methanosarcina barkeri str. Fusaro]	38.272	162	100	0	10	495	16	177	3.12e-33	119	Q46AU8	Q46AU8.1
faeE	sp|P25402.1|	RecName: Full=Chaperone protein FanE; Flags: Precursor [Escherichia coli]	40.686	204	120	1	73	684	21	223	6.979999999999999e-52	171	P25402	P25402.1
fan1	sp|Q9I2N0.1|	RecName: Full=Fanconi-associated nuclease 1 homolog; Short=PaFAN1; Short=pFAN1 [Pseudomonas aeruginosa PAO1]	60	540	215	1	13	1629	16	555	0	551	Q9I2N0	Q9I2N0.1
farR	sp|P62573.1|	RecName: Full=Homoprotocatechuate degradative operon repressor [Escherichia coli]	48.062	129	67	0	19	405	4	132	9.78e-38	128	P62573	P62573.1
fbpA_1	sp|P35755.3|	RecName: Full=Iron-utilization periplasmic protein; AltName: Full=Fe(3+)-binding protein; AltName: Full=Iron-regulated 40 kDa protein; AltName: Full=Major ferric iron-binding protein; Short=MIRP; Flags: Precursor [Haemophilus influenzae Rd KW20]	45.714	315	166	3	91	1020	17	331	5.49e-91	278	P35755	P35755.3
fbpA_2	sp|P21408.1|	RecName: Full=Fe(3+)-binding periplasmic protein; AltName: Full=Iron(III)-binding periplasmic protein; Flags: Precursor [Serratia marcescens]	77.85	307	68	0	91	1011	32	338	2.2999999999999995e-180	505	P21408	P21408.1
fbp_1	sp|C3K7D6.1|	RecName: Full=Fructose-1,6-bisphosphatase class 1; Short=FBPase class 1; AltName: Full=D-fructose-1,6-bisphosphate 1-phosphohydrolase class 1 [Pseudomonas [fluorescens] SBW25]	99.702	336	1	0	1	1008	1	336	0	695	C3K7D6	C3K7D6.1
fbp_2	sp|Q6BX45.1|	RecName: Full=FK506-binding protein 1; Short=FKBP; AltName: Full=Peptidyl-prolyl cis-trans isomerase; Short=PPIase; AltName: Full=Rapamycin-binding protein [Debaryomyces hansenii CBS767]	51.923	104	49	1	19	327	8	111	3.2999999999999995e-31	109	Q6BX45	Q6BX45.1
fbp_2~~~fbp_1	sp|Q6BX45.1|	RecName: Full=FK506-binding protein 1; Short=FKBP; AltName: Full=Peptidyl-prolyl cis-trans isomerase; Short=PPIase; AltName: Full=Rapamycin-binding protein [Debaryomyces hansenii CBS767]	58.621	58	23	1	19	189	8	65	5.31e-16	69.3	Q6BX45	Q6BX45.1
fcuA_1	sp|Q05202.1|	RecName: Full=Ferrichrome receptor FcuA; Flags: Precursor [Yersinia enterocolitica]	36.834	676	412	7	409	2403	87	758	5.03e-137	427	Q05202	Q05202.1
fcuA_2	sp|Q05202.1|	RecName: Full=Ferrichrome receptor FcuA; Flags: Precursor [Yersinia enterocolitica]	45.147	680	362	5	199	2232	88	758	0	578	Q05202	Q05202.1
fdhA	sp|P46154.3|	RecName: Full=Glutathione-independent formaldehyde dehydrogenase; Short=FALDH; Short=FDH; AltName: Full=Formaldehyde dismutase [Pseudomonas putida]	92.982	399	28	0	1	1197	1	399	0	717	P46154	P46154.3
fdhD	sp|Q7WMS0.1|	RecName: Full=Sulfur carrier protein FdhD [Bordetella bronchiseptica RB50]	40.084	237	142	0	106	816	33	269	3.56e-49	167	Q7WMS0	Q7WMS0.1
fdtB	sp|Q6T1W6.1|	RecName: Full=dTDP-3-amino-3,6-dideoxy-alpha-D-galactopyranose transaminase; AltName: Full=dTDP-6-deoxy-D-xylo-hex-3-ulose aminase [Aneurinibacillus thermoaerophilus]	55.989	359	145	4	1	1074	1	347	5.339999999999999e-143	413	Q6T1W6	Q6T1W6.1
fdxA	sp|P00214.2|	RecName: Full=Ferredoxin-1; AltName: Full=Ferredoxin I; Short=FdI [Azotobacter vinelandii]	86.916	107	14	0	1	321	1	107	9.96e-66	196	P00214	P00214.2
fdx_1	sp|P00208.3|	RecName: Full=Ferredoxin; AltName: Full=2[4Fe-4S] ferredoxin [Allochromatium vinosum DSM 180]	67.47	83	27	0	1	249	1	83	1.64e-36	120	P00208	P00208.3
fdx_2	sp|P44428.2|	RecName: Full=2Fe-2S ferredoxin [Haemophilus influenzae Rd KW20]	64.602	113	40	0	1	339	1	113	7.12e-44	141	P44428	P44428.2
feaB_1	sp|P80668.2|	RecName: Full=Phenylacetaldehyde dehydrogenase; Short=PAD [Escherichia coli K-12]	46.061	495	263	3	10	1485	6	499	2.3e-142	421	P80668	P80668.2
feaR	sp|Q00753.2|	RecName: Full=Msm operon regulatory protein [Streptococcus mutans UA159]	39.423	104	57	3	610	912	172	272	3.01e-9	60.5	Q00753	Q00753.2
fecA_1	sp|P13036.2|	RecName: Full=Fe(3+) dicitrate transport protein FecA; AltName: Full=Iron(III) dicitrate transport protein FecA; Flags: Precursor [Escherichia coli K-12]	63.6	750	268	3	88	2334	29	774	0	957	P13036	P13036.2
fecA_2	sp|P13036.2|	RecName: Full=Fe(3+) dicitrate transport protein FecA; AltName: Full=Iron(III) dicitrate transport protein FecA; Flags: Precursor [Escherichia coli K-12]	43.798	774	392	16	121	2418	36	774	0	585	P13036	P13036.2
fecB	sp|P15028.3|	RecName: Full=Fe(3+) dicitrate-binding periplasmic protein FecB; AltName: Full=Iron(III) dicitrate-binding periplasmic protein; Flags: Precursor [Escherichia coli K-12]	48.649	296	146	3	7	891	1	291	1.6200000000000002e-91	277	P15028	P15028.3
fecC	sp|O34933.1|	RecName: Full=Fe(3+)-citrate import system permease protein YfmD; AltName: Full=Ferric-citrate import system permease protein [Bacillus subtilis subsp. subtilis str. 168]	35.689	283	177	1	133	981	51	328	1.5e-34	132	O34933	O34933.1
fecD	sp|O34832.1|	RecName: Full=Fe(3+)-citrate import system permease protein YfmE; AltName: Full=Ferric-citrate import system permease protein [Bacillus subtilis subsp. subtilis str. 168]	47.297	296	153	3	82	963	35	329	8.46e-53	179	O34832	O34832.1
fecE_1	sp|P15031.1|	RecName: Full=Fe(3+) dicitrate transport ATP-binding protein FecE; AltName: Full=Iron(III) dicitrate transport ATP-binding protein FecE [Escherichia coli K-12]	40.833	240	138	2	49	756	16	255	1.9499999999999997e-52	174	P15031	P15031.1
fecE_2	sp|P15031.1|	RecName: Full=Fe(3+) dicitrate transport ATP-binding protein FecE; AltName: Full=Iron(III) dicitrate transport ATP-binding protein FecE [Escherichia coli K-12]	54.545	253	115	0	10	768	3	255	1.54e-93	278	P15031	P15031.1
fecI_1	sp|P23484.3|	RecName: Full=Ferric citrate uptake sigma factor FecI [Escherichia coli K-12]	44.915	118	65	0	1	354	47	164	1.34e-13	67	P23484	P23484.3
fecI_2	sp|P23484.3|	RecName: Full=Ferric citrate uptake sigma factor FecI [Escherichia coli K-12]	47.771	157	81	1	34	504	15	170	1.59e-42	142	P23484	P23484.3
fecI_3	sp|P23484.3|	RecName: Full=Ferric citrate uptake sigma factor FecI [Escherichia coli K-12]	47.097	155	82	0	43	507	16	170	2.94e-39	134	P23484	P23484.3
fecI_4	sp|P23484.3|	RecName: Full=Ferric citrate uptake sigma factor FecI [Escherichia coli K-12]	35.211	142	91	1	25	450	24	164	5.43e-20	84.7	P23484	P23484.3
fecI_5	sp|P23484.3|	RecName: Full=Ferric citrate uptake sigma factor FecI [Escherichia coli K-12]	32.692	156	86	6	43	468	13	163	1.74e-11	62.4	P23484	P23484.3
fecI_6	sp|P23484.3|	RecName: Full=Ferric citrate uptake sigma factor FecI [Escherichia coli K-12]	51.515	165	79	1	22	516	6	169	1.01e-44	148	P23484	P23484.3
fecR_1	sp|P23485.1|	RecName: Full=Ferric citrate uptake sigma factor regulator FecR [Escherichia coli K-12]	33.546	313	192	6	37	960	15	316	7.310000000000001e-27	110	P23485	P23485.1
fecR_2	sp|P23485.1|	RecName: Full=Ferric citrate uptake sigma factor regulator FecR [Escherichia coli K-12]	35.294	306	194	2	16	927	11	314	1.58e-43	154	P23485	P23485.1
fecR_3	sp|P23485.1|	RecName: Full=Ferric citrate uptake sigma factor regulator FecR [Escherichia coli K-12]	33.168	202	130	5	322	921	109	307	4.02e-16	80.9	P23485	P23485.1
fecR_4	sp|P23485.1|	RecName: Full=Ferric citrate uptake sigma factor regulator FecR [Escherichia coli K-12]	32.143	308	200	5	7	909	10	315	1.72e-38	141	P23485	P23485.1
fetA	sp|Q0D9V6.1|	RecName: Full=Protein STAR1; AltName: Full=ABC transporter ABCI.12; Short=OsABCI12; AltName: Full=ABC transporter I family member 12; AltName: Full=Protein ALUMINUM SENSITIVE 1; AltName: Full=Protein SENSITIVE TO ALUMINUM RHIZOTOXICITY 1 [Oryza sativa Japonica Group]	39.906	213	124	2	13	651	112	320	2.73e-35	130	Q0D9V6	Q0D9V6.1
fetB	sp|P74369.1|	RecName: Full=UPF0014 membrane protein slr1647 [Synechocystis sp. PCC 6803 substr. Kazusa]	41.429	210	119	2	112	735	40	247	1.1099999999999999e-39	141	P74369	P74369.1
ffh	sp|P0AGD7.1|	RecName: Full=Signal recognition particle protein; AltName: Full=Fifty-four homolog; Short=Ffh; AltName: Full=p48 [Escherichia coli K-12]	72.104	423	109	3	1	1260	1	417	0	575	P0AGD7	P0AGD7.1
fhuA	sp|Q47162.2|	RecName: Full=Ferrichrysobactin receptor; Flags: Precursor [Dickeya dadantii 3937]	36.091	701	429	11	361	2436	45	735	1.3199999999999998e-145	449	Q47162	Q47162.2
fic	sp|P20605.1|	RecName: Full=Probable protein adenylyltransferase Fic; AltName: Full=Cell filamentation protein Fic [Escherichia coli K-12]	41.026	195	115	0	1	585	1	195	5.56e-51	166	P20605	P20605.1
fieF	sp|Q57HF4.1|	RecName: Full=Cation-efflux pump FieF [Salmonella enterica subsp. enterica serovar Choleraesuis str. SC-B67]	47.902	286	149	0	19	876	5	290	1.1600000000000001e-91	277	Q57HF4	Q57HF4.1
fimD_1	sp|P43662.2|	RecName: Full=Outer membrane usher protein LpfC; Flags: Precursor [Salmonella enterica subsp. enterica serovar Typhimurium str. LT2]	37.367	843	480	22	55	2502	20	841	3.559999999999999e-148	459	P43662	P43662.2
fimD_2	sp|P37868.2|	RecName: Full=Outer membrane usher protein PefC; Flags: Precursor [Salmonella enterica subsp. enterica serovar Typhimurium str. LT2]	31.813	811	508	17	25	2379	11	802	1.59e-122	390	P37868	P37868.2
fis	sp|Q9HUW0.2|	RecName: Full=Putative Fis-like DNA-binding protein [Pseudomonas aeruginosa PAO1]	88.462	104	12	0	7	318	1	104	5.58e-63	189	Q9HUW0	Q9HUW0.2
fixB	sp|Q1QYV9.1|	RecName: Full=Electron transfer flavoprotein subunit alpha; Short=Alpha-ETF [Chromohalobacter israelensis DSM 3043]	60.993	423	147	5	1	1218	1	422	1.9799999999999996e-162	466	Q1QYV9	Q1QYV9.1
fklB_1	sp|P0A9L3.2|	RecName: Full=FKBP-type 22 kDa peptidyl-prolyl cis-trans isomerase; Short=FKBP22; Short=PPIase; AltName: Full=Rotamase [Escherichia coli K-12]	49.485	194	97	1	1	579	1	194	2.35e-49	162	P0A9L3	P0A9L3.2
fklB_2	sp|P0A9L3.2|	RecName: Full=FKBP-type 22 kDa peptidyl-prolyl cis-trans isomerase; Short=FKBP22; Short=PPIase; AltName: Full=Rotamase [Escherichia coli K-12]	47.03	202	107	0	70	675	2	203	1.1199999999999999e-57	185	P0A9L3	P0A9L3.2
fkpB	sp|P21863.1|	RecName: Full=Probable FKBP-type 16 kDa peptidyl-prolyl cis-trans isomerase; Short=PPIase; AltName: Full=Rotamase [Pseudomonas fluorescens]	98.667	150	2	0	1	450	1	150	3.27e-104	297	P21863	P21863.1
flgB	sp|P16437.2|	RecName: Full=Flagellar basal body rod protein FlgB; AltName: Full=Putative proximal rod protein [Salmonella enterica subsp. enterica serovar Typhimurium str. LT2]	46.97	132	68	1	13	402	5	136	1.36e-36	125	P16437	P16437.2
flgC	sp|P0ABX2.1|	RecName: Full=Flagellar basal-body rod protein FlgC; AltName: Full=Putative proximal rod protein [Escherichia coli K-12]	41.333	150	72	1	1	450	1	134	1.37e-23	92.4	P0ABX2	P0ABX2.1
flgD	sp|P75936.1|	RecName: Full=Basal-body rod modification protein FlgD [Escherichia coli K-12]	41.463	164	87	2	136	603	32	194	1.77e-20	89.7	P75936	P75936.1
flgE	sp|P75937.3|	RecName: Full=Flagellar hook protein FlgE [Escherichia coli K-12]	35.697	423	232	8	1	1260	1	386	4.16e-63	212	P75937	P75937.3
flgF	sp|P75938.1|	RecName: Full=Flagellar basal-body rod protein FlgF; AltName: Full=Putative proximal rod protein [Escherichia coli K-12]	39.683	252	145	2	1	738	1	251	5.3e-44	151	P75938	P75938.1
flgG	sp|P0A1J3.1|	RecName: Full=Flagellar basal-body rod protein FlgG; AltName: Full=Distal rod protein [Salmonella enterica subsp. enterica serovar Typhimurium str. LT2]	58.301	259	108	0	1	777	1	259	6.349999999999999e-106	310	P0A1J3	P0A1J3.1
flgH	sp|C3K0W0.1|	RecName: Full=Flagellar L-ring protein; AltName: Full=Basal body L-ring protein; Flags: Precursor [Pseudomonas [fluorescens] SBW25]	96.97	231	7	0	1	693	1	231	8.13e-164	454	C3K0W0	C3K0W0.1
flgI	sp|Q4KG91.2|	RecName: Full=Flagellar P-ring protein; AltName: Full=Basal body P-ring protein; Flags: Precursor [Pseudomonas protegens Pf-5]	96.467	368	13	0	1	1104	2	369	0	644	Q4KG91	Q4KG91.2
flhA	sp|P76298.1|	RecName: Full=Flagellar biosynthesis protein FlhA [Escherichia coli K-12]	53.253	661	287	4	148	2121	49	690	0	557	P76298	P76298.1
flhB_1	sp|P40727.1|	RecName: Full=Flagellar biosynthetic protein FlhB [Salmonella enterica subsp. enterica serovar Typhimurium str. LT2]	41.226	359	210	1	1	1077	1	358	1.5200000000000001e-77	246	P40727	P40727.1
flhB_2	sp|O34867.1|	RecName: Full=Uncharacterized protein YlqH [Bacillus subtilis subsp. subtilis str. 168]	45.882	85	44	1	1	249	1	85	5.52e-17	72.8	O34867	O34867.1
flhF	sp|O52256.1|	RecName: Full=Flagellar biosynthesis protein FlhF; AltName: Full=Flagella-associated GTP-binding protein [Pseudomonas putida]	86.56	439	56	3	1	1314	1	437	0	731	O52256	O52256.1
fliA	sp|P29248.1|	RecName: Full=RNA polymerase sigma factor FliA; AltName: Full=RNA polymerase sigma factor for flagellar operon; AltName: Full=Sigma F; AltName: Full=Sigma-28 [Pseudomonas aeruginosa PAO1]	83.197	244	39	2	7	735	4	246	1.32e-142	402	P29248	P29248.1
fliC	sp|P72151.2|	RecName: Full=B-type flagellin [Pseudomonas aeruginosa PAO1]	56.656	323	125	4	1	945	1	316	1.08e-73	243	P72151	P72151.2
fliD	sp|O33421.1|	RecName: Full=A-type flagellar hook-associated protein 2; Short=HAP2; AltName: Full=Filament cap protein; AltName: Full=Flagellar cap protein [Pseudomonas aeruginosa]	33.962	477	259	11	13	1350	6	457	2.68e-59	205	O33421	O33421.1
fliE	sp|C3K0U6.1|	RecName: Full=Flagellar hook-basal body complex protein FliE [Pseudomonas [fluorescens] SBW25]	98.165	109	2	0	1	327	1	109	1.72e-72	213	C3K0U6	C3K0U6.1
fliF	sp|Q51463.2|	RecName: Full=Flagellar M-ring protein [Pseudomonas aeruginosa PAO1]	74.667	600	141	6	1	1773	1	598	0	795	Q51463	Q51463.2
fliG	sp|Q51464.2|	RecName: Full=Flagellar motor switch protein FliG [Pseudomonas aeruginosa PAO1]	88.166	338	40	0	1	1014	1	338	0	612	Q51464	Q51464.2
fliI	sp|Q9I4N1.1|	RecName: Full=Flagellum-specific ATP synthase [Pseudomonas aeruginosa PAO1]	87.248	447	57	0	1	1341	1	447	0	783	Q9I4N1	Q9I4N1.1
fliJ	sp|P52613.2|	RecName: Full=Flagellar FliJ protein [Escherichia coli K-12]	30.714	140	97	0	25	444	7	146	4.68e-11	60.5	P52613	P52613.2
fliM	sp|Q51465.2|	RecName: Full=Flagellar motor switch protein FliM [Pseudomonas aeruginosa PAO1]	89.097	321	35	0	1	963	1	321	0	588	Q51465	Q51465.2
fliN	sp|Q51466.2|	RecName: Full=Flagellar motor switch protein FliN [Pseudomonas aeruginosa PAO1]	86.792	106	14	0	148	465	52	157	1.24e-57	179	Q51466	Q51466.2
fliP_1	sp|Q51468.2|	RecName: Full=Flagellar biosynthetic protein FliP [Pseudomonas aeruginosa PAO1]	84.163	221	35	0	79	741	35	255	6.379999999999999e-130	370	Q51468	Q51468.2
fliP_2	sp|Q60236.1|	RecName: Full=Harpin secretion protein HrpW [Pseudomonas syringae pv. syringae]	72.917	192	52	0	76	651	17	208	1.8399999999999998e-88	262	Q60236	Q60236.1
fliQ	sp|Q8KA36.1|	RecName: Full=Flagellar biosynthetic protein FliQ [Buchnera aphidicola str. Sg (Schizaphis graminum)]	39.773	88	53	0	1	264	1	88	2.01e-15	68.2	Q8KA36	Q8KA36.1
fliR	sp|P34202.1|	RecName: Full=Flagellar biosynthetic protein FliR; AltName: Full=Flagellar biosynthetic protein MopE [Pectobacterium carotovorum subsp. carotovorum]	38.71	217	131	2	40	687	11	226	3.34e-36	132	P34202	P34202.1
fliS	sp|Q9I4N6.1|	RecName: Full=Flagellar secretion chaperone FliSB; AltName: Full=B-type flagellar protein FliS [Pseudomonas aeruginosa PAO1]	51.969	127	59	1	1	381	1	125	1.21e-34	119	Q9I4N6	Q9I4N6.1
fliY_1	sp|P0AEM9.1|	RecName: Full=L-cystine-binding protein TcyJ; Short=CBP; AltName: Full=Protein FliY; AltName: Full=Sulfate starvation-induced protein 7; Short=SSI7; Flags: Precursor [Escherichia coli K-12]	35.211	142	87	4	64	483	33	171	9.15e-17	78.2	P0AEM9	P0AEM9.1
fliY_2	sp|P45024.1|	RecName: Full=Probable amino-acid ABC transporter-binding protein HI_1080; Flags: Precursor [Haemophilus influenzae Rd KW20]	30.37	135	91	3	106	504	36	169	1.24e-8	58.2	P45024	P45024.1
fliY_3	sp|O34563.1|	RecName: Full=ABC transporter glutamine-binding protein GlnH; Flags: Precursor [Bacillus subtilis subsp. subtilis str. 168]	30.288	208	137	6	160	774	67	269	1.35e-19	89	O34563	O34563.1
fliY_4	sp|P0AEM9.1|	RecName: Full=L-cystine-binding protein TcyJ; Short=CBP; AltName: Full=Protein FliY; AltName: Full=Sulfate starvation-induced protein 7; Short=SSI7; Flags: Precursor [Escherichia coli K-12]	31.278	227	149	3	94	768	39	260	3.0699999999999996e-31	119	P0AEM9	P0AEM9.1
fliY_5	sp|P0AEM9.1|	RecName: Full=L-cystine-binding protein TcyJ; Short=CBP; AltName: Full=Protein FliY; AltName: Full=Sulfate starvation-induced protein 7; Short=SSI7; Flags: Precursor [Escherichia coli K-12]	65.665	233	79	1	97	792	34	266	7.19e-108	315	P0AEM9	P0AEM9.1
fmdA	sp|Q50228.1|	RecName: Full=Formamidase; AltName: Full=Formamide amidohydrolase [Methylophilus methylotrophus]	67.413	402	130	1	7	1209	2	403	0	534	Q50228	Q50228.1
fmt	sp|Q3KKE6.1|	RecName: Full=Methionyl-tRNA formyltransferase [Pseudomonas fluorescens Pf0-1]	92.994	314	22	0	1	942	1	314	0	594	Q3KKE6	Q3KKE6.1
folB	sp|P0AC16.1|	RecName: Full=Dihydroneopterin aldolase; Short=DHNA; AltName: Full=7,8-dihydroneopterin 2'-epimerase; AltName: Full=7,8-dihydroneopterin aldolase; AltName: Full=7,8-dihydroneopterin epimerase; AltName: Full=Dihydroneopterin epimerase [Escherichia coli K-12]	49.565	115	58	0	1	345	1	115	7.6e-27	99	P0AC16	P0AC16.1
folC	sp|P08192.2|	RecName: Full=Dihydrofolate synthase/folylpolyglutamate synthase; Short=DHFS / FPGS; AltName: Full=Folylpoly-gamma-glutamate synthetase-dihydrofolate synthetase; AltName: Full=Folylpolyglutamate synthetase; AltName: Full=Tetrahydrofolylpolyglutamate synthase [Escherichia coli K-12]	48.219	421	203	6	16	1275	13	419	3.75e-100	308	P08192	P08192.2
folD	sp|Q3K9W7.1|	RecName: Full=Bifunctional protein FolD; Includes: RecName: Full=Methylenetetrahydrofolate dehydrogenase; Includes: RecName: Full=Methenyltetrahydrofolate cyclohydrolase [Pseudomonas fluorescens Pf0-1]	94.346	283	16	0	1	849	1	283	0	548	Q3K9W7	Q3K9W7.1
folE2	sp|C3K4H5.1|	RecName: Full=GTP cyclohydrolase FolE2 [Pseudomonas [fluorescens] SBW25]	89.933	298	30	0	1	894	1	298	0	551	C3K4H5	C3K4H5.1
folE_1	sp|Q884Q3.1|	RecName: Full=GTP cyclohydrolase 1 2; AltName: Full=GTP cyclohydrolase I 2; Short=GTP-CH-I 2 [Pseudomonas syringae pv. tomato str. DC3000]	95.028	181	9	0	1	543	1	181	3.17e-127	357	Q884Q3	Q884Q3.1
folE_2	sp|Q887V1.1|	RecName: Full=GTP cyclohydrolase 1 1; AltName: Full=GTP cyclohydrolase I 1; Short=GTP-CH-I 1 [Pseudomonas syringae pv. tomato str. DC3000]	88.172	186	22	0	1	558	1	186	5.55e-113	322	Q887V1	Q887V1.1
folE_3	sp|Q88JY1.1|	RecName: Full=GTP cyclohydrolase 1 2; AltName: Full=GTP cyclohydrolase I 2; Short=GTP-CH-I 2 [Pseudomonas putida KT2440]	85.326	184	27	0	1	552	1	184	2.8e-118	335	Q88JY1	Q88JY1.1
folK_1	sp|O66550.1|	RecName: Full=2-amino-4-hydroxy-6-hydroxymethyldihydropteridine pyrophosphokinase; AltName: Full=6-hydroxymethyl-7,8-dihydropterin pyrophosphokinase; Short=PPPK; AltName: Full=7,8-dihydro-6-hydroxymethylpterin-pyrophosphokinase; Short=HPPK [Aquifex aeolicus VF5]	33.103	145	94	3	7	432	1	145	1.12e-14	70.9	O66550	O66550.1
folK_2	sp|Q9HV71.1|	RecName: Full=2-amino-4-hydroxy-6-hydroxymethyldihydropteridine pyrophosphokinase; AltName: Full=6-hydroxymethyl-7,8-dihydropterin pyrophosphokinase; Short=PPPK; AltName: Full=7,8-dihydro-6-hydroxymethylpterin-pyrophosphokinase; Short=HPPK [Pseudomonas aeruginosa PAO1]	64.198	162	56	2	1	483	2	162	1.2099999999999998e-52	167	Q9HV71	Q9HV71.1
folM	sp|A6T8N3.1|	RecName: Full=Dihydromonapterin reductase; Short=H(2)-MPt reductase; AltName: Full=Dihydrofolate reductase; Short=DHFR [Klebsiella pneumoniae subsp. pneumoniae MGH 78578]	51.073	233	111	2	19	708	8	240	4.37e-75	230	A6T8N3	A6T8N3.1
folP	sp|P0AC13.1|	RecName: Full=Dihydropteroate synthase; Short=DHPS; AltName: Full=Dihydropteroate pyrophosphorylase [Escherichia coli K-12]	59.551	267	108	0	49	849	10	276	4.0699999999999995e-96	287	P0AC13	P0AC13.1
folX	sp|Q9HYG7.1|	RecName: Full=Dihydroneopterin triphosphate 2'-epimerase; AltName: Full=D-erythro-7,8-dihydroneopterin triphosphate epimerase [Pseudomonas aeruginosa PAO1]	82.927	123	21	0	1	369	1	123	1.3900000000000001e-58	179	Q9HYG7	Q9HYG7.1
fosA	sp|Q56415.1|	RecName: Full=Glutathione transferase FosA; AltName: Full=Fosfomycin resistance protein [Serratia marcescens]	63.235	136	48	1	1	402	1	136	2.67e-49	157	Q56415	Q56415.1
fpr_1	sp|P28901.3|	RecName: Full=Flavodoxin/ferredoxin--NADP reductase; AltName: Full=Ferredoxin (flavodoxin):NADP(+) oxidoreductase; AltName: Full=Ferredoxin--NADP reductase; Short=FNR; AltName: Full=Flavodoxin--NADP reductase; Short=FLDR [Shigella flexneri]	45.082	244	126	4	46	774	12	248	2.46e-63	201	P28901	P28901.3
fpr_2	sp|Q44532.3|	RecName: Full=Ferredoxin--NADP reductase; Short=FNR; AltName: Full=NADPH:ferredoxin reductase; AltName: Full=Protein X [Azotobacter vinelandii]	82.239	259	45	1	1	777	1	258	2.67e-161	450	Q44532	Q44532.3
fpuC	sp|Q81LM1.1|	RecName: Full=Petrobactin import ATP-binding protein FpuC [Bacillus anthracis]	38.261	230	138	1	58	735	12	241	1.7199999999999999e-43	151	Q81LM1	Q81LM1.1
fpvA_1	sp|P48632.2|	RecName: Full=Ferripyoverdine receptor; Flags: Precursor [Pseudomonas aeruginosa PAO1]	38.719	718	399	10	103	2220	125	813	2.2599999999999996e-157	479	P48632	P48632.2
fpvA_2	sp|P48632.2|	RecName: Full=Ferripyoverdine receptor; Flags: Precursor [Pseudomonas aeruginosa PAO1]	67.485	815	263	2	1	2439	1	815	0	1122	P48632	P48632.2
frc	sp|A0A2I6PIZ1.1|	RecName: Full=Acetyl-coenzyme A transferase nodX; AltName: Full=Nodulisporic acid biosynthesis cluster protein X [Hypoxylon pulicicidum]	35.176	199	118	5	571	1149	261	454	8.2e-25	110	A0A2I6PIZ1	A0A2I6PIZ1.1
frmA	sp|P73138.1|	RecName: Full=S-(hydroxymethyl)glutathione dehydrogenase; AltName: Full=Alcohol dehydrogenase class-3; AltName: Full=Alcohol dehydrogenase class-III; AltName: Full=Glutathione-dependent formaldehyde dehydrogenase; Short=FALDH; Short=FDH; Short=GSH-FDH [Synechocystis sp. PCC 6803 substr. Kazusa]	73.442	369	98	0	4	1110	1	369	0	553	P73138	P73138.1
frmR	sp|P55757.1|	RecName: Full=Uncharacterized protein in bioA 5'region [Serratia marcescens]	40.659	91	54	0	1	273	1	91	1.67e-19	78.6	P55757	P55757.1
frr	sp|C3K5Z8.1|	RecName: Full=Ribosome-recycling factor; Short=RRF; AltName: Full=Ribosome-releasing factor [Pseudomonas [fluorescens] SBW25]	95.676	185	8	0	1	555	1	185	9.549999999999999e-128	359	C3K5Z8	C3K5Z8.1
fruA	sp|Q9KM72.1|	RecName: Full=PTS system fructose-specific EIIB'BC component; Includes: RecName: Full=PTS system fructose-specific EIIB component; AltName: Full=EIII-Fru; AltName: Full=Fructose-specific phosphotransferase enzyme IIB component; Includes: RecName: Full=PTS system fructose-specific EIIC component; AltName: Full=Fructose permease IIC component [Vibrio cholerae O1 biovar El Tor str. N16961]	59.227	569	222	4	1	1677	3	571	8.65e-170	497	Q9KM72	Q9KM72.1
fsr	sp|P52067.1|	RecName: Full=Fosmidomycin resistance protein [Escherichia coli K-12]	60.053	378	151	0	70	1203	26	403	2.49e-127	375	P52067	P52067.1
ftsA	sp|P47203.2|	RecName: Full=Cell division protein FtsA [Pseudomonas aeruginosa PAO1]	90.714	420	36	1	1	1260	1	417	0	728	P47203	P47203.2
ftsB	sp|Q9HXZ6.1|	RecName: Full=Cell division protein FtsB [Pseudomonas aeruginosa PAO1]	80.435	92	18	0	1	276	3	94	6.2599999999999994e-37	122	Q9HXZ6	Q9HXZ6.1
ftsE	sp|P0A9R7.1|	RecName: Full=Cell division ATP-binding protein FtsE [Escherichia coli K-12]	54.378	217	99	0	1	651	1	217	1.1e-81	246	P0A9R7	P0A9R7.1
ftsH_1	sp|P63343.1|	RecName: Full=ATP-dependent zinc metalloprotease FtsH [Salmonella enterica subsp. enterica serovar Typhimurium str. LT2]	66.932	629	200	5	10	1893	1	622	0	778	P63343	P63343.1
ftsH_2	sp|P55530.1|	RecName: Full=Uncharacterized AAA family ATPase y4kL [Sinorhizobium fredii NGR234]	32.267	344	213	6	1	1020	1	328	4.7e-44	157	P55530	P55530.1
ftsI	sp|G3XD46.1|	RecName: Full=Peptidoglycan D,D-transpeptidase FtsI; AltName: Full=Penicillin-binding protein 3; Short=PBP-3 [Pseudomonas aeruginosa PAO1]	78.815	557	117	1	10	1680	6	561	0	894	G3XD46	G3XD46.1
ftsK	sp|Q9Z3U1.1|	RecName: Full=DNA translocase FtsK [Pseudomonas syringae pv. syringae B728a]	88.369	791	90	2	1	2367	11	801	0	1388	Q9Z3U1	Q9Z3U1.1
ftsL	sp|Q9HVZ6.1|	RecName: Full=Cell division protein FtsL [Pseudomonas aeruginosa PAO1]	76.289	97	23	0	1	291	1	97	2.15e-39	129	Q9HVZ6	Q9HVZ6.1
ftsQ	sp|G3XDA7.1|	RecName: Full=Cell division protein FtsQ [Pseudomonas aeruginosa PAO1]	74.101	278	64	2	1	825	1	273	1.29e-135	387	G3XDA7	G3XDA7.1
ftsW	sp|C3KCS9.1|	RecName: Full=Probable peptidoglycan glycosyltransferase FtsW; Short=PGT; AltName: Full=Cell division protein FtsW; AltName: Full=Cell wall polymerase; AltName: Full=Peptidoglycan polymerase; Short=PG polymerase [Pseudomonas [fluorescens] SBW25]	95.062	405	20	0	1	1215	3	407	0	624	C3KCS9	C3KCS9.1
ftsX	sp|Q9R9Y4.1|	RecName: Full=Cell division protein FtsX [Pseudomonas putida]	82.991	341	57	1	1	1020	1	341	4.79e-164	464	Q9R9Y4	Q9R9Y4.1
ftsY	sp|P10121.1|	RecName: Full=Signal recognition particle receptor FtsY; Short=SRP receptor [Escherichia coli K-12]	68.852	305	94	1	493	1407	191	494	3.1999999999999997e-137	407	P10121	P10121.1
ftsZ	sp|Q59692.3|	RecName: Full=Cell division protein FtsZ [Pseudomonas putida KT2440]	91.771	401	30	1	1	1203	1	398	0	640	Q59692	Q59692.3
fucA_1	sp|Q8GHB1.1|	RecName: Full=4-hydroxy-3-prenylphenylpyruvate oxygenase/4-hydroxy-3-prenylbenzoate synthase; AltName: Full=Bifunctional non-heme iron oxygenase; AltName: Full=Clorobiocin biosynthesis protein CloR [Streptomyces roseochromogenus subsp. oscitans]	31.472	197	131	4	106	684	35	231	2.34e-16	79.7	Q8GHB1	Q8GHB1.1
fucA_2	sp|Q9HYH5.1|	RecName: Full=Putative aldolase class 2 protein PA3430 [Pseudomonas aeruginosa PAO1]	83.133	249	42	0	31	777	10	258	5.089999999999999e-158	442	Q9HYH5	Q9HYH5.1
fucP	sp|P11551.3|	RecName: Full=L-fucose-proton symporter; AltName: Full=6-deoxy-L-galactose permease; AltName: Full=L-fucose permease; AltName: Full=L-fucose-H(+) symport protein [Escherichia coli K-12]	40	410	243	3	46	1269	21	429	5.46e-92	288	P11551	P11551.3
fumA	sp|P40720.3|	RecName: Full=Fumarate hydratase class I, aerobic; AltName: Full=Fumarase A; AltName: Full=Oxaloacetate keto--enol-isomerase; Short=OAAKE isomerase; AltName: Full=Oxaloacetate tautomerase [Salmonella enterica subsp. enterica serovar Typhimurium str. LT2]	34.071	452	271	14	148	1449	89	531	4.22e-52	189	P40720	P40720.3
fumC_1	sp|Q885V0.1|	RecName: Full=Fumarate hydratase class II; Short=Fumarase C; AltName: Full=Aerobic fumarase; AltName: Full=Iron-independent fumarase [Pseudomonas syringae pv. tomato str. DC3000]	88.069	461	55	0	1	1383	1	461	0	788	Q885V0	Q885V0.1
fumC_2	sp|Q51404.1|	RecName: Full=Fumarate hydratase class II 2; Short=Fumarase C 2; AltName: Full=Aerobic fumarase 2; AltName: Full=Iron-independent fumarase 2 [Pseudomonas aeruginosa PAO1]	76.856	458	106	0	1	1374	1	458	0	653	Q51404	Q51404.1
fur	sp|O68563.1|	RecName: Full=Ferric uptake regulation protein; Short=Ferric uptake regulator [Pseudomonas fluorescens]	97.561	123	3	0	1	369	1	123	2.87e-84	245	O68563	O68563.1
fusA	sp|C3K2X9.1|	RecName: Full=Elongation factor G; Short=EF-G [Pseudomonas [fluorescens] SBW25]	100	701	0	0	1	2103	1	701	0	1406	C3K2X9	C3K2X9.1
gabD	sp|P46562.2|	RecName: Full=Putative aldehyde dehydrogenase family 7 member A1 homolog; AltName: Full=ALH-9 [Caenorhabditis elegans]	53.782	476	212	5	73	1488	60	531	1.47e-154	453	P46562	P46562.2
gabD1~~~aldh	sp|O32507.1|	RecName: Full=Succinate-semialdehyde dehydrogenase [NADP(+)]; Short=SSDH [Deinococcus radiodurans R1 = ATCC 13939 = DSM 20539]	48.222	450	233	0	55	1404	15	464	2.3799999999999998e-150	440	O32507	O32507.1
gabP_1	sp|O34618.1|	RecName: Full=Uncharacterized amino acid permease YtnA [Bacillus subtilis subsp. subtilis str. 168]	38.445	463	280	2	31	1404	1	463	4.3e-109	333	O34618	O34618.1
gabP_2	sp|P25527.1|	RecName: Full=Gamma-aminobutyric acid permease; Short=GABA permease; AltName: Full=4-aminobutyrate carrier; AltName: Full=4-aminobutyrate permease; AltName: Full=Gamma-aminobutyrate permease [Escherichia coli K-12]	67.873	442	142	0	1	1326	1	442	0	540	P25527	P25527.1
gabR_1	sp|P49309.1|	RecName: Full=Probable rhizopine catabolism regulatory protein MocR [Sinorhizobium meliloti]	36.456	491	283	8	67	1536	12	474	3.29e-76	251	P49309	P49309.1
gabR_3	sp|P49309.1|	RecName: Full=Probable rhizopine catabolism regulatory protein MocR [Sinorhizobium meliloti]	34.874	476	281	4	70	1416	8	481	3.05e-88	282	P49309	P49309.1
gabR_3~~~gabR_2	sp|P49309.1|	RecName: Full=Probable rhizopine catabolism regulatory protein MocR [Sinorhizobium meliloti]	35.794	447	273	5	79	1380	17	462	4.99e-77	252	P49309	P49309.1
gacA	sp|P32967.1|	RecName: Full=Response regulator GacA; AltName: Full=Global activator; AltName: Full=Global antibiotic and cyanide control protein [Pseudomonas protegens CHA0]	94.301	193	11	0	1	579	20	212	1.6099999999999998e-130	368	P32967	P32967.1
gadA	sp|Q5E5Y7.1|	RecName: Full=Glutamate decarboxylase [Aliivibrio fischeri ES114]	60.129	464	182	2	1	1383	1	464	0	615	Q5E5Y7	Q5E5Y7.1
gamP	sp|O34521.1|	RecName: Full=PTS system N-acetylglucosamine-specific EIICB component; AltName: Full=EIICB-Nag; Includes: RecName: Full=N-acetylglucosamine permease IIC component; AltName: Full=PTS system N-acetylglucosamine-specific EIIC component; Includes: RecName: Full=N-acetylglucosamine-specific phosphotransferase enzyme IIB component; AltName: Full=PTS system N-acetylglucosamine-specific EIIB component [Bacillus subtilis subsp. subtilis str. 168]	51.415	424	197	3	115	1380	35	451	1.7099999999999999e-118	361	O34521	O34521.1
gap2	sp|Q02PG5.1|	RecName: Full=Glyceraldehyde-3-phosphate dehydrogenase-like protein [Pseudomonas aeruginosa UCBPP-PA14]	87.636	461	57	0	79	1461	1	461	0	800	Q02PG5	Q02PG5.1
gapA	sp|P27726.3|	RecName: Full=Glyceraldehyde-3-phosphate dehydrogenase; Short=GAPDH; AltName: Full=NAD-dependent glyceraldehyde-3-phosphate dehydrogenase [Pseudomonas aeruginosa PAO1]	77.846	325	72	0	1	975	1	325	0	540	P27726	P27726.3
gapN	sp|Q9SNX8.1|	RecName: Full=NADP-dependent glyceraldehyde-3-phosphate dehydrogenase; AltName: Full=Glyceraldehyde-3-phosphate dehydrogenase [NADP(+)]; AltName: Full=Non-phosphorylating glyceraldehyde 3-phosphate dehydrogenase; AltName: Full=Triosephosphate dehydrogenase; AltName: Full=nr-G3PDH [Apium graveolens]	31.106	434	272	10	262	1524	66	485	1.11e-58	206	Q9SNX8	Q9SNX8.1
garB	sp|P23189.1|	RecName: Full=Glutathione reductase; Short=GR; Short=GRase [Pseudomonas aeruginosa PAO1]	82.405	449	79	0	1	1347	1	449	0	728	P23189	P23189.1
garD	sp|P42240.3|	RecName: Full=Probable galactarate dehydratase (L-threo-forming); Short=GalcD [Bacillus subtilis subsp. subtilis str. 168]	65.029	509	170	2	25	1551	10	510	0	697	P42240	P42240.3
garK	sp|P44507.1|	RecName: Full=Glycerate kinase [Haemophilus influenzae Rd KW20]	51.206	373	182	0	1	1119	1	373	1.52e-113	338	P44507	P44507.1
gatA~~~gatA_1	sp|C3K6Y4.1|	RecName: Full=Glutamyl-tRNA(Gln) amidotransferase subunit A; Short=Glu-ADT subunit A [Pseudomonas [fluorescens] SBW25]	98.344	483	8	0	1	1449	1	483	0	932	C3K6Y4	C3K6Y4.1
gatB	sp|C3K6Y3.1|	RecName: Full=Aspartyl/glutamyl-tRNA(Asn/Gln) amidotransferase subunit B; Short=Asp/Glu-ADT subunit B [Pseudomonas [fluorescens] SBW25]	96.881	481	15	0	1	1443	1	481	0	964	C3K6Y3	C3K6Y3.1
gatC	sp|C3K6Y5.1|	RecName: Full=Aspartyl/glutamyl-tRNA(Asn/Gln) amidotransferase subunit C; Short=Asp/Glu-ADT subunit C [Pseudomonas [fluorescens] SBW25]	95.789	95	4	0	1	285	1	95	1.31e-60	182	C3K6Y5	C3K6Y5.1
gbpA	sp|P9WEM3.1|	RecName: Full=AA10 family lytic polysaccharide monooxygenase CBP21; Short=LPMO CBP21; Flags: Precursor [Serratia marcescens]	34.146	205	92	9	34	630	28	195	6.63e-22	91.7	P9WEM3	P9WEM3.1
gbsA	sp|Q9STS1.1|	RecName: Full=Aminoaldehyde dehydrogenase ALDH10A9, peroxisomal; AltName: Full=4-trimethylammoniobutyraldehyde dehydrogenase ALDH10A9; AltName: Full=Aldehyde dehydrogenase family 10 member A9; AltName: Full=Aminobutyraldehyde dehydrogenase ALDH10A9; AltName: Full=Betaine aldehyde dehydrogenase ALDH10A9; AltName: Full=Gamma-guanidinobutyraldehyde dehydrogenase ALDH10A8 [Arabidopsis thaliana]	46.862	478	247	2	22	1434	10	487	5.73e-144	425	Q9STS1	Q9STS1.1
gbuA	sp|Q9I3S3.1|	RecName: Full=Guanidinobutyrase [Pseudomonas aeruginosa PAO1]	90.282	319	28	1	1	948	1	319	0	592	Q9I3S3	Q9I3S3.1
gcd	sp|P05465.1|	RecName: Full=Quinoprotein glucose dehydrogenase A; AltName: Full=GDH-A; AltName: Full=Glucose dehydrogenase A [pyrroloquinoline-quinone]; AltName: Full=Quinoprotein glucose DH; Flags: Precursor [Acinetobacter calcoaceticus]	49.333	750	345	12	214	2415	69	799	0	674	P05465	P05465.1
gcl	sp|P0AEP7.2|	RecName: Full=Glyoxylate carboligase; AltName: Full=Tartronate-semialdehyde synthase [Escherichia coli K-12]	72.881	590	160	0	1	1770	1	590	0	935	P0AEP7	P0AEP7.2
gcvA_1	sp|P0A9F6.1|	RecName: Full=Glycine cleavage system transcriptional activator; AltName: Full=Gcv operon activator [Escherichia coli K-12]	33.898	295	182	8	1	873	1	286	2.24e-42	151	P0A9F6	P0A9F6.1
gcvA_10	sp|P45099.1|	RecName: Full=Glycine cleavage system transcriptional activator homolog [Haemophilus influenzae Rd KW20]	30.976	297	198	3	1	888	5	295	4.98e-34	129	P45099	P45099.1
gcvA_11	sp|P14145.1|	RecName: Full=HTH-type transcriptional activator AmpR [Rhodobacter capsulatus]	33.446	296	183	5	19	900	5	288	1.7599999999999998e-32	125	P14145	P14145.1
gcvA_11~~~gcvA_9	sp|P45099.1|	RecName: Full=Glycine cleavage system transcriptional activator homolog [Haemophilus influenzae Rd KW20]	31.507	292	185	4	4	855	7	291	2.8999999999999996e-37	137	P45099	P45099.1
gcvA_12	sp|P0A9F6.1|	RecName: Full=Glycine cleavage system transcriptional activator; AltName: Full=Gcv operon activator [Escherichia coli K-12]	33.447	293	193	2	1	876	1	292	1.1999999999999999e-52	177	P0A9F6	P0A9F6.1
gcvA_2	sp|P0A9F6.1|	RecName: Full=Glycine cleavage system transcriptional activator; AltName: Full=Gcv operon activator [Escherichia coli K-12]	35.135	296	189	2	4	882	4	299	4.07e-49	168	P0A9F6	P0A9F6.1
gcvA_4	sp|P0A9F6.1|	RecName: Full=Glycine cleavage system transcriptional activator; AltName: Full=Gcv operon activator [Escherichia coli K-12]	32.051	312	201	6	1	924	1	305	8.92e-40	144	P0A9F6	P0A9F6.1
gcvA_6	sp|P0A9F6.1|	RecName: Full=Glycine cleavage system transcriptional activator; AltName: Full=Gcv operon activator [Escherichia coli K-12]	35.517	290	180	1	37	906	11	293	6.069999999999999e-55	184	P0A9F6	P0A9F6.1
gcvA_6~~~gcvA_3	sp|P0A9F6.1|	RecName: Full=Glycine cleavage system transcriptional activator; AltName: Full=Gcv operon activator [Escherichia coli K-12]	33.219	292	187	4	22	879	3	292	1.2499999999999998e-42	151	P0A9F6	P0A9F6.1
gcvA_7	sp|P0A9F6.1|	RecName: Full=Glycine cleavage system transcriptional activator; AltName: Full=Gcv operon activator [Escherichia coli K-12]	35.862	290	167	7	19	849	5	288	5.65e-48	165	P0A9F6	P0A9F6.1
gcvA_8	sp|P0A9F6.1|	RecName: Full=Glycine cleavage system transcriptional activator; AltName: Full=Gcv operon activator [Escherichia coli K-12]	31.119	286	190	3	13	852	3	287	6.62e-33	125	P0A9F6	P0A9F6.1
gcvH_1	sp|Q88CI8.1|	RecName: Full=Glycine cleavage system H protein 2 [Pseudomonas putida KT2440]	81.102	127	24	0	1	381	1	127	2.75e-70	209	Q88CI8	Q88CI8.1
gcvH_2	sp|Q88P64.1|	RecName: Full=Glycine cleavage system H protein 1 [Pseudomonas putida KT2440]	86.614	127	17	0	1	381	1	127	7e-76	223	Q88P64	Q88P64.1
gcvP	sp|C3JYR1.1|	RecName: Full=Glycine dehydrogenase (decarboxylating); AltName: Full=Glycine cleavage system P-protein; AltName: Full=Glycine decarboxylase; AltName: Full=Glycine dehydrogenase (aminomethyl-transferring) [Pseudomonas [fluorescens] SBW25]	97.674	946	22	0	1	2838	1	946	0	1763	C3JYR1	C3JYR1.1
gcvT_1	sp|Q88AS0.1|	RecName: Full=Aminomethyltransferase; AltName: Full=Glycine cleavage system T protein [Pseudomonas syringae pv. tomato str. DC3000]	81.944	360	65	0	1	1080	1	360	0	578	Q88AS0	Q88AS0.1
gcvT_2	sp|Q54DD3.1|	RecName: Full=Aminomethyltransferase, mitochondrial; AltName: Full=Glycine cleavage system T protein; Short=GCVT; Flags: Precursor [Dictyostelium discoideum]	45.103	388	192	7	4	1119	20	402	6.32e-108	325	Q54DD3	Q54DD3.1
gdh	sp|Q9X248.1|	RecName: Full=3-oxoacyl-[acyl-carrier-protein] reductase FabG; AltName: Full=3-ketoacyl-acyl carrier protein reductase; AltName: Full=Beta-Ketoacyl-acyl carrier protein reductase; AltName: Full=Beta-ketoacyl-ACP reductase [Thermotoga maritima MSB8]	40.637	251	134	5	10	747	6	246	3.1e-51	170	Q9X248	Q9X248.1
gdhA	sp|P15111.2|	RecName: Full=NADP-specific glutamate dehydrogenase; Short=NADP-GDH [Salmonella enterica subsp. enterica serovar Typhimurium str. LT2]	66.742	442	147	0	10	1335	6	447	0	631	P15111	P15111.2
gdhB	sp|Q9HZE0.1|	RecName: Full=NAD-specific glutamate dehydrogenase; Short=NAD-GDH; AltName: Full=NAD(+)-dependent glutamate dehydrogenase [Pseudomonas aeruginosa PAO1]	82.859	1616	275	1	1	4848	1	1614	0	2697	Q9HZE0	Q9HZE0.1
gdhI_1	sp|P12310.2|	RecName: Full=Glucose 1-dehydrogenase [Bacillus subtilis subsp. subtilis str. 168]	42.424	231	125	2	100	789	34	257	2.15e-60	194	P12310	P12310.2
gdhI_2	sp|Q51576.1|	RecName: Full=Uncharacterized oxidoreductase PA3106 [Pseudomonas aeruginosa PAO1]	76.829	246	57	0	19	756	8	253	4.0199999999999995e-112	325	Q51576	Q51576.1
gdx	sp|Q8FAL8.2|	RecName: Full=Guanidinium exporter [Escherichia coli CFT073]	63.107	103	38	0	1	309	1	103	7.65e-28	100	Q8FAL8	Q8FAL8.2
gdx_2	sp|Q7MZY0.1|	RecName: Full=Guanidinium exporter [Photorhabdus laumondii subsp. laumondii TTO1]	65.385	104	36	0	1	312	1	104	3.16e-26	96.3	Q7MZY0	Q7MZY0.1
ggt_1	sp|P36267.1|	RecName: Full=Glutathione hydrolase proenzyme; AltName: Full=Gamma-glutamyltranspeptidase proenzyme; Contains: RecName: Full=Glutathione hydrolase large chain; Contains: RecName: Full=Glutathione hydrolase small chain; Flags: Precursor [Pseudomonas sp. A14]	81.043	575	108	1	1	1722	1	575	0	913	P36267	P36267.1
ggt_2	sp|P54422.1|	RecName: Full=Glutathione hydrolase proenzyme; AltName: Full=Gamma-glutamyltranspeptidase proenzyme; Contains: RecName: Full=Glutathione hydrolase large chain; Contains: RecName: Full=Glutathione hydrolase small chain; Flags: Precursor [Bacillus subtilis subsp. subtilis str. 168]	34.744	567	298	17	187	1806	60	581	3.36e-79	264	P54422	P54422.1
ghrA_1	sp|Q7N571.1|	RecName: Full=Glyoxylate/hydroxypyruvate reductase A; AltName: Full=2-ketoacid reductase [Photorhabdus laumondii subsp. laumondii TTO1]	31.651	218	149	0	277	930	96	313	6.29e-28	113	Q7N571	Q7N571.1
ghrA_2	sp|Q9X1C1.1|	RecName: Full=Hydroxypyruvate reductase; Short=HPR [Thermotoga maritima MSB8]	32.883	222	137	5	274	915	88	305	1.13e-20	93.6	Q9X1C1	Q9X1C1.1
ghrB_1	sp|A8G7S7.1|	RecName: Full=Glyoxylate/hydroxypyruvate reductase B [Serratia proteamaculans 568]	49.691	324	162	1	1	969	1	324	1.1e-105	315	A8G7S7	A8G7S7.1
ghrB_2	sp|B7LTG7.1|	RecName: Full=Glyoxylate/hydroxypyruvate reductase B [Escherichia fergusonii ATCC 35469]	60.185	324	129	0	1	972	1	324	9.869999999999998e-133	383	B7LTG7	B7LTG7.1
glaR	sp|P54988.2|	RecName: Full=Nta operon transcriptional regulator [Aminobacter aminovorans]	33.88	183	106	5	109	645	9	180	3.09e-14	72.4	P54988	P54988.2
glcA	sp|Q46839.1|	RecName: Full=Glycolate permease GlcA [Escherichia coli K-12]	76.554	563	128	1	1	1689	1	559	0	699	Q46839	Q46839.1
glcB	sp|O05137.1|	RecName: Full=Malate synthase G [Pseudomonas fluorescens]	97.379	725	19	0	1	2175	1	725	0	1406	O05137	O05137.1
glcB_2	sp|Q87Z72.1|	RecName: Full=Malate synthase G 2 [Pseudomonas syringae pv. tomato str. DC3000]	70.718	724	212	0	10	2181	1	724	0	1022	Q87Z72	Q87Z72.1
glcC	sp|P0ACL7.1|	RecName: Full=Putative L-lactate dehydrogenase operon regulatory protein [Escherichia coli K-12]	33.721	172	94	3	46	525	16	179	6.75e-6	49.3	P0ACL7	P0ACL7.1
glcC_2	sp|P0ACL5.1|	RecName: Full=Glc operon transcriptional activator; AltName: Full=Glc regulatory protein; AltName: Full=HTH-type transcriptional regulator GlcC [Escherichia coli K-12]	63.158	247	88	2	22	756	5	250	1.48e-103	303	P0ACL5	P0ACL5.1
glgA	sp|Q3KD65.2|	RecName: Full=Glycogen synthase; AltName: Full=Starch [bacterial glycogen] synthase [Pseudomonas fluorescens Pf0-1]	91.116	484	43	0	97	1548	1	484	0	885	Q3KD65	Q3KD65.2
glgB	sp|Q3KD78.1|	RecName: Full=1,4-alpha-glucan branching enzyme GlgB; AltName: Full=1,4-alpha-D-glucan:1,4-alpha-D-glucan 6-glucosyl-transferase; AltName: Full=Alpha-(1->4)-glucan branching enzyme; AltName: Full=Glycogen branching enzyme; Short=BE [Pseudomonas fluorescens Pf0-1]	84.946	744	111	1	1	2232	1	743	0	1323	Q3KD78	Q3KD78.1
glgE2	sp|Q9I1W4.1|	RecName: Full=Alpha-1,4-glucan:maltose-1-phosphate maltosyltransferase; Short=GMPMT; AltName: Full=(1->4)-alpha-D-glucan:maltose-1-phosphate alpha-D-maltosyltransferase [Pseudomonas aeruginosa PAO1]	65.278	648	223	2	40	1977	12	659	0	885	Q9I1W4	Q9I1W4.1
glgX	sp|P0A4Y5.1|	RecName: Full=Glycogen operon protein GlgX homolog [Mycobacterium tuberculosis variant bovis AF2122/97]	49.858	702	335	6	61	2133	22	717	0	689	P0A4Y5	P0A4Y5.1
glk	sp|B7V9H3.1|	RecName: Full=Glucokinase; AltName: Full=Glucose kinase [Pseudomonas aeruginosa LESB58]	53.481	316	146	1	7	951	12	327	1.0599999999999999e-88	273	B7V9H3	B7V9H3.1
glmM	sp|C3K264.1|	RecName: Full=Phosphoglucosamine mutase [Pseudomonas [fluorescens] SBW25]	98.202	445	8	0	1	1335	1	445	0	847	C3K264	C3K264.1
glmS	sp|Q87TT8.2|	RecName: Full=Glutamine--fructose-6-phosphate aminotransferase [isomerizing]; AltName: Full=D-fructose-6-phosphate amidotransferase; AltName: Full=GFAT; AltName: Full=Glucosamine-6-phosphate synthase; AltName: Full=Hexosephosphate aminotransferase; AltName: Full=L-glutamine--D-fructose-6-phosphate amidotransferase [Pseudomonas syringae pv. tomato str. DC3000]	88.871	611	67	1	1	1830	1	611	0	1040	Q87TT8	Q87TT8.2
glmU_1	sp|Q975F9.1|	RecName: Full=Bifunctional sugar-1-phosphate nucleotidylyltransferase/acetyltransferase; Includes: RecName: Full=Sugar-1-phosphate nucleotidylyltransferase; Short=Sugar-1-P NTase; AltName: Full=Glucose-1-phosphate thymidylyltransferase; AltName: Full=Glucose-1-phosphate uridylyltransferase; Short=Glc-1-P UTase; AltName: Full=N-acetylgalactosamine-1-phosphate uridyltransferase; Short=GalNAc-1-P UTase; AltName: Full=N-acetylglucosamine-1-phosphate uridyltransferase; Short=GlcNAc-1-P UTase; Includes: RecName: Full=Sugar-1-phosphate acetyltransferase; AltName: Full=Galactosamine-1-phosphate N-acetyltransferase; Short=GalN-1-P AcTase; Short=GalN-1-P acetyltransferase; AltName: Full=Glucosamine-1-phosphate N-acetyltransferase; Short=GlcN-1-P AcTase; Short=GlcN-1-P acetyltransferase [Sulfurisphaera tokodaii str. 7]	33.333	159	98	4	52	522	212	364	9.56e-15	75.1	Q975F9	Q975F9.1
glmU_2	sp|C3K1E4.1|	RecName: Full=Bifunctional protein GlmU; Includes: RecName: Full=UDP-N-acetylglucosamine pyrophosphorylase; AltName: Full=N-acetylglucosamine-1-phosphate uridyltransferase; Includes: RecName: Full=Glucosamine-1-phosphate N-acetyltransferase [Pseudomonas [fluorescens] SBW25]	97.363	455	12	0	1	1365	1	455	0	903	C3K1E4	C3K1E4.1
glnA	sp|Q3V5W6.1|	RecName: Full=Glutamine synthetase; Short=GS; AltName: Full=Glutamate--ammonia ligase; AltName: Full=Glutamine synthetase I beta; Short=GSI beta [Pseudomonas taetrolens]	94.017	468	28	0	1	1404	1	468	0	926	Q3V5W6	Q3V5W6.1
glnD	sp|C3K5E4.1|	RecName: Full=Bifunctional uridylyltransferase/uridylyl-removing enzyme; Short=UTase/UR; AltName: Full=Bifunctional [protein-PII] modification enzyme; AltName: Full=Bifunctional nitrogen sensor protein; Includes: RecName: Full=[Protein-PII] uridylyltransferase; Short=PII uridylyltransferase; Short=UTase; Includes: RecName: Full=[Protein-PII]-UMP uridylyl-removing enzyme; Short=UR [Pseudomonas [fluorescens] SBW25]	99.333	900	6	0	1	2700	1	900	0	1805	C3K5E4	C3K5E4.1
glnE	sp|Q87VD5.1|	RecName: Full=Bifunctional glutamine synthetase adenylyltransferase/adenylyl-removing enzyme; AltName: Full=ATP:glutamine synthetase adenylyltransferase; AltName: Full=ATase; Includes: RecName: Full=Glutamine synthetase adenylyl-L-tyrosine phosphorylase; AltName: Full=Adenylyl removase; Short=AR; Short=AT-N; Includes: RecName: Full=Glutamine synthetase adenylyl transferase; AltName: Full=Adenylyl transferase; Short=AT; Short=AT-C [Pseudomonas syringae pv. tomato str. DC3000]	82.335	985	168	2	1	2937	1	985	0	1497	Q87VD5	Q87VD5.1
glnG	sp|P41789.2|	RecName: Full=DNA-binding transcriptional regulator NtrC; AltName: Full=Nitrogen regulation protein NR(I); AltName: Full=Nitrogen regulator I; Short=NRI [Salmonella enterica subsp. enterica serovar Typhimurium str. LT2]	69.828	464	136	2	19	1398	6	469	0	641	P41789	P41789.2
glnH	sp|O34563.1|	RecName: Full=ABC transporter glutamine-binding protein GlnH; Flags: Precursor [Bacillus subtilis subsp. subtilis str. 168]	35.217	230	146	3	115	798	42	270	9.09e-40	142	O34563	O34563.1
glnK	sp|Q52905.1|	RecName: Full=Nitrogen regulatory protein P-II [Sinorhizobium meliloti 1021]	73.214	112	30	0	1	336	1	112	4.4499999999999995e-48	152	Q52905	Q52905.1
glnL	sp|P19906.1|	RecName: Full=Sensory histidine kinase/phosphatase NtrB; AltName: Full=Nitrogen regulation protein NR(II); AltName: Full=Nitrogen regulator II; Short=NRII [Vibrio alginolyticus]	49.128	344	171	2	31	1062	9	348	1.67e-111	332	P19906	P19906.1
glnM	sp|P55660.1|	RecName: Full=Probable amino-acid ABC transporter permease protein y4tF [Sinorhizobium fredii NGR234]	33.529	170	112	1	76	585	23	191	1.44e-17	82	P55660	P55660.1
glnP_1	sp|P0AEQ6.1|	RecName: Full=Glutamine transport system permease protein GlnP [Escherichia coli K-12]	37.838	222	126	3	10	654	2	218	1.86e-39	138	P0AEQ6	P0AEQ6.1
glnP_2	sp|P0AEQ6.1|	RecName: Full=Glutamine transport system permease protein GlnP [Escherichia coli K-12]	33.175	211	139	1	31	657	8	218	6.1e-31	116	P0AEQ6	P0AEQ6.1
glnP_3	sp|P52625.2|	RecName: Full=Probable amino-acid ABC transporter permease protein PatM [Vibrio harveyi]	34.343	198	127	1	1	585	1	198	2e-28	109	P52625	P52625.2
glnP_4	sp|P0AEQ6.1|	RecName: Full=Glutamine transport system permease protein GlnP [Escherichia coli K-12]	36.538	208	131	1	25	645	8	215	1.05e-28	110	P0AEQ6	P0AEQ6.1
glnQ_1	sp|P48243.2|	RecName: Full=Glutamate transport ATP-binding protein GluA; AltName: Full=Glutamate uptake system protein GluA [Corynebacterium glutamicum ATCC 13032]	54.393	239	109	0	7	723	1	239	7.12e-92	273	P48243	P48243.2
glnQ_2	sp|O34677.1|	RecName: Full=Glutamine transport ATP-binding protein GlnQ [Bacillus subtilis subsp. subtilis str. 168]	63.964	222	78	2	70	732	20	240	1.9699999999999997e-101	297	O34677	O34677.1
glnQ_3	sp|P21629.1|	RecName: Full=High-affinity branched-chain amino acid transport ATP-binding protein BraF [Pseudomonas aeruginosa PAO1]	53.047	279	101	2	16	852	5	253	2.25e-100	297	P21629	P21629.1
glnQ_4	sp|P0AAG3.1|	RecName: Full=Glutamate/aspartate import ATP-binding protein GltL [Escherichia coli K-12]	76.955	243	54	1	1	729	1	241	7.349999999999999e-129	367	P0AAG3	P0AAG3.1
glnQ_5	sp|P45769.1|	RecName: Full=Uncharacterized amino-acid ABC transporter ATP-binding protein YhdZ [Escherichia coli K-12]	78.346	254	53	1	1	762	1	252	5.2e-155	434	P45769	P45769.1
glnQ_6	sp|Q8NQU4.2|	RecName: Full=Arginine transport ATP-binding protein ArgV [Corynebacterium glutamicum ATCC 13032]	59.438	249	101	0	10	756	5	253	9.939999999999998e-106	309	Q8NQU4	Q8NQU4.2
glnQ_7	sp|Q8NQU4.2|	RecName: Full=Arginine transport ATP-binding protein ArgV [Corynebacterium glutamicum ATCC 13032]	51.406	249	121	0	28	774	5	253	1.72e-75	233	Q8NQU4	Q8NQU4.2
glnQ_8	sp|O34677.1|	RecName: Full=Glutamine transport ATP-binding protein GlnQ [Bacillus subtilis subsp. subtilis str. 168]	56.904	239	103	0	10	726	1	239	1.89e-92	275	O34677	O34677.1
glnS	sp|Q87YQ1.1|	RecName: Full=Glutamine--tRNA ligase; AltName: Full=Glutaminyl-tRNA synthetase; Short=GlnRS [Pseudomonas syringae pv. tomato str. DC3000]	90.248	564	54	1	1	1692	6	568	0	1073	Q87YQ1	Q87YQ1.1
gloA	sp|P16635.3|	RecName: Full=Lactoylglutathione lyase; AltName: Full=Aldoketomutase; AltName: Full=Glyoxalase I; Short=Glx I; AltName: Full=Ketone-aldehyde mutase; AltName: Full=Methylglyoxalase; AltName: Full=S-D-lactoylglutathione methylglyoxal lyase [Pseudomonas putida]	81.503	173	32	0	1	519	1	173	3.08e-104	299	P16635	P16635.3
gloB	sp|C3K9Q0.1|	RecName: Full=Hydroxyacylglutathione hydrolase; AltName: Full=Glyoxalase II; Short=Glx II [Pseudomonas [fluorescens] SBW25]	87.451	255	32	0	1	765	1	255	3.979999999999999e-164	457	C3K9Q0	C3K9Q0.1
gloC	sp|Q57544.1|	RecName: Full=Hydroxyacylglutathione hydrolase GloC; AltName: Full=Accessory type II glyoxalase; AltName: Full=Glyoxalase II 2; Short=GlxII-2 [Haemophilus influenzae Rd KW20]	37.5	208	125	3	31	642	4	210	1.34e-40	140	Q57544	Q57544.1
glpD	sp|O83004.1|	RecName: Full=Glycerol-3-phosphate dehydrogenase [Pseudomonas tolaasii]	92.442	516	32	2	1	1536	1	513	0	909	O83004	O83004.1
glpE_1	sp|C3K330.1|	RecName: Full=Thiosulfate sulfurtransferase GlpE [Pseudomonas [fluorescens] SBW25]	90.826	109	10	0	1	327	1	109	3.38e-69	205	C3K330	C3K330.1
glpE_2	sp|P9WMN6.1|	RecName: Full=Probable adenylyltransferase/sulfurtransferase MoeZ; Includes: RecName: Full=Sulfur carrier protein CysO adenylyltransferase; Includes: RecName: Full=Sulfur carrier protein CysO sulfurtransferase [Mycobacterium tuberculosis CDC1551]	43.49	384	206	4	727	1860	14	392	9.01e-91	289	P9WMN6	P9WMN6.1
glpE_3	sp|P73801.1|	RecName: Full=Uncharacterized protein slr1261 [Synechocystis sp. PCC 6803 substr. Kazusa]	33.333	102	60	3	7	309	10	104	1.42e-6	52	P73801	P73801.1
glpF	sp|Q51389.2|	RecName: Full=Glycerol uptake facilitator protein; AltName: Full=Glycerol diffusion facilitator [Pseudomonas aeruginosa PAO1]	86.29	248	34	0	1	744	15	262	3.5999999999999996e-133	380	Q51389	Q51389.2
glpG	sp|Q664J1.1|	RecName: Full=Rhomboid protease GlpG; AltName: Full=Intramembrane serine protease [Yersinia pseudotuberculosis IP 32953]	32	225	132	7	190	858	71	276	2.49e-12	68.9	Q664J1	Q664J1.1
glpK	sp|C3KBM0.1|	RecName: Full=Glycerol kinase; AltName: Full=ATP:glycerol 3-phosphotransferase; AltName: Full=Glycerokinase; Short=GK [Pseudomonas [fluorescens] SBW25]	98.603	501	7	0	1	1503	1	501	0	966	C3KBM0	C3KBM0.1
glpQ	sp|P37965.1|	RecName: Full=Glycerophosphodiester phosphodiesterase; Short=Glycerophosphoryl diester phosphodiesterase; AltName: Full=Teichoicase; Flags: Precursor [Bacillus subtilis subsp. subtilis str. 168]	32.024	331	147	10	79	1047	21	281	1.02e-41	150	P37965	P37965.1
glpR	sp|Q51391.2|	RecName: Full=Glycerol-3-phosphate regulon repressor [Pseudomonas aeruginosa PAO1]	78.486	251	54	0	1	753	1	251	6.21e-136	385	Q51391	Q51391.2
glpT	sp|P08194.1|	RecName: Full=Glycerol-3-phosphate transporter; Short=G-3-P transporter; AltName: Full=G-3-P permease [Escherichia coli K-12]	73.611	432	114	0	1	1296	1	432	0	606	P08194	P08194.1
glsA2	sp|C3JXF9.1|	RecName: Full=Glutaminase [Pseudomonas [fluorescens] SBW25]	97.682	302	7	0	1	906	1	302	0	563	C3JXF9	C3JXF9.1
gltA	sp|P14165.2|	RecName: Full=Citrate synthase [Pseudomonas aeruginosa PAO1]	89.72	428	43	1	1	1284	1	427	0	818	P14165	P14165.2
gltB	sp|E1V8I1.1|	RecName: Full=Glutamate synthase [NADPH] large chain; AltName: Full=GOGAT; AltName: Full=Glutamate synthase subunit alpha; Short=GLTS alpha chain [Halomonas elongata DSM 2581]	64.911	1462	510	3	1	4380	1	1461	0	2017	E1V8I1	E1V8I1.1
gltC_1	sp|P52684.1|	RecName: Full=Malonate utilization transcriptional regulator [Klebsiella pneumoniae]	47.157	299	157	1	7	900	5	303	1.24e-93	282	P52684	P52684.1
gltC_2	sp|P39592.1|	RecName: Full=Uncharacterized HTH-type transcriptional regulator YwbI [Bacillus subtilis subsp. subtilis str. 168]	36.678	289	182	1	1	864	1	289	1.55e-63	205	P39592	P39592.1
gltC_3	sp|P39592.1|	RecName: Full=Uncharacterized HTH-type transcriptional regulator YwbI [Bacillus subtilis subsp. subtilis str. 168]	34.932	292	188	2	1	873	1	291	7.959999999999999e-57	188	P39592	P39592.1
gltC_4	sp|O32255.1|	RecName: Full=Uncharacterized HTH-type transcriptional regulator YvbU [Bacillus subtilis subsp. subtilis str. 168]	30.233	301	186	6	13	888	2	287	3.15e-30	118	O32255	O32255.1
gltC_5	sp|P52662.1|	RecName: Full=HTH-type transcriptional regulator PecT; AltName: Full=Pectinase gene transcriptional regulator [Dickeya dadantii 3937]	47.826	276	144	0	10	837	11	286	5.77e-91	275	P52662	P52662.1
gltD	sp|E1V8I0.1|	RecName: Full=Glutamate synthase [NADPH] small chain; AltName: Full=GOGAT; AltName: Full=Glutamate synthase subunit beta; Short=GLTS beta chain [Halomonas elongata DSM 2581]	77.966	472	104	0	1	1416	1	472	0	708	E1V8I0	E1V8I0.1
gltF_1	sp|P28721.1|	RecName: Full=Protein GltF; Flags: Precursor [Escherichia coli K-12]	30.328	244	125	12	22	621	12	254	1.99e-11	64.7	P28721	P28721.1
gltF_4~~~gltF_3	sp|P28721.1|	RecName: Full=Protein GltF; Flags: Precursor [Escherichia coli K-12]	34.286	140	68	5	19	366	10	149	1.43e-11	65.5	P28721	P28721.1
gltI_1	sp|Q9I402.1|	RecName: Full=L-glutamate/L-aspartate-binding protein; Flags: Precursor [Pseudomonas aeruginosa PAO1]	62.545	275	103	0	76	900	26	300	4.43e-122	354	Q9I402	Q9I402.1
gltI_2	sp|Q9I402.1|	RecName: Full=L-glutamate/L-aspartate-binding protein; Flags: Precursor [Pseudomonas aeruginosa PAO1]	73.927	303	75	1	1	909	1	299	5.92e-154	435	Q9I402	Q9I402.1
gltJ	sp|P0AER3.1|	RecName: Full=Glutamate/aspartate import permease protein GltJ [Escherichia coli K-12]	54.435	248	111	1	1	744	1	246	1.7399999999999997e-88	265	P0AER3	P0AER3.1
gltK	sp|P0AER5.1|	RecName: Full=Glutamate/aspartate import permease protein GltK [Escherichia coli K-12]	54.054	222	101	1	4	666	3	224	3.43e-74	227	P0AER5	P0AER5.1
gltK_2	sp|P0AER5.1|	RecName: Full=Glutamate/aspartate import permease protein GltK [Escherichia coli K-12]	30.455	220	146	3	4	642	5	224	1.5e-27	107	P0AER5	P0AER5.1
gltP_1	sp|P21345.2|	RecName: Full=Glutamate/aspartate-proton symporter GltP; AltName: Full=Glutamate-aspartate carrier protein; AltName: Full=Proton-glutamate-aspartate transport protein [Escherichia coli K-12]	73.759	423	110	1	1	1266	1	423	0	550	P21345	P21345.2
gltR_1	sp|P94501.3|	RecName: Full=HTH-type transcriptional regulator GltR [Bacillus subtilis subsp. subtilis str. 168]	35.069	288	185	2	1	858	1	288	1.3699999999999998e-47	163	P94501	P94501.3
gltR_2	sp|P77309.1|	RecName: Full=Uncharacterized HTH-type transcriptional regulator YneJ [Escherichia coli K-12]	48.043	281	146	0	1	843	1	281	3.8799999999999996e-95	285	P77309	P77309.1
gltR_3	sp|P77309.1|	RecName: Full=Uncharacterized HTH-type transcriptional regulator YneJ [Escherichia coli K-12]	62.898	283	105	0	1	849	1	283	6.95e-136	389	P77309	P77309.1
gltS_1~~~gltS_2~~~gltS	sp|P0AER8.1|	RecName: Full=Sodium/glutamate symporter; AltName: Full=Glutamate permease [Escherichia coli K-12]	68.17	399	127	0	1	1197	1	399	2.66e-120	357	P0AER8	P0AER8.1
gltX	sp|Q4KF16.1|	RecName: Full=Glutamate--tRNA ligase; AltName: Full=Glutamyl-tRNA synthetase; Short=GluRS [Pseudomonas protegens Pf-5]	95.74	493	21	0	1	1479	1	493	0	986	Q4KF16	Q4KF16.1
gluQ	sp|Q4K5Z0.1|	RecName: Full=Glutamyl-Q tRNA(Asp) synthetase; Short=Glu-Q-RSs [Pseudomonas protegens Pf-5]	82.653	294	51	0	4	885	5	298	5.4299999999999995e-173	483	Q4K5Z0	Q4K5Z0.1
glxR	sp|P77161.1|	RecName: Full=2-hydroxy-3-oxopropionate reductase; AltName: Full=Tartronate semialdehyde reductase; Short=TSAR [Escherichia coli K-12]	63.574	291	105	1	7	879	2	291	2.6999999999999997e-131	377	P77161	P77161.1
glyA_1	sp|Q3K5K9.1|	RecName: Full=Serine hydroxymethyltransferase 3; Short=SHMT 3; Short=Serine methylase 3 [Pseudomonas fluorescens Pf0-1]	95.683	417	18	0	1	1251	1	417	0	827	Q3K5K9	Q3K5K9.1
glyA_2	sp|Q48DU7.1|	RecName: Full=Serine hydroxymethyltransferase 1; Short=SHMT 1; Short=Serine methylase 1 [Pseudomonas savastanoi pv. phaseolicola 1448A]	97.602	417	10	0	1	1251	1	417	0	844	Q48DU7	Q48DU7.1
glyQ	sp|Q4KKR7.1|	RecName: Full=Glycine--tRNA ligase alpha subunit; AltName: Full=Glycyl-tRNA synthetase alpha subunit; Short=GlyRS [Pseudomonas protegens Pf-5]	99.369	317	2	0	1	951	1	317	0	654	Q4KKR7	Q4KKR7.1
glyS	sp|C3KE40.1|	RecName: Full=Glycine--tRNA ligase beta subunit; AltName: Full=Glycyl-tRNA synthetase beta subunit; Short=GlyRS [Pseudomonas [fluorescens] SBW25]	97.657	683	16	0	1	2049	1	683	0	1298	C3KE40	C3KE40.1
gmd	sp|Q9JRN5.1|	RecName: Full=GDP-mannose 4,6-dehydratase; AltName: Full=GDP-D-mannose dehydratase [Aggregatibacter actinomycetemcomitans]	72.965	344	93	0	1	1032	1	344	0	550	Q9JRN5	Q9JRN5.1
gmhA	sp|C3KBY0.1|	RecName: Full=Phosphoheptose isomerase; AltName: Full=Sedoheptulose 7-phosphate isomerase [Pseudomonas [fluorescens] SBW25]	99.492	197	1	0	1	591	1	197	3.2999999999999997e-137	384	C3KBY0	C3KBY0.1
gmhB	sp|Q88RS0.1|	RecName: Full=D-glycero-beta-D-manno-heptose-1,7-bisphosphate 7-phosphatase; AltName: Full=D,D-heptose 1,7-bisphosphate phosphatase; Short=HBP phosphatase [Pseudomonas putida KT2440]	78.857	175	37	0	4	528	1	175	4.26e-102	294	Q88RS0	Q88RS0.1
gmk	sp|Q3K4L8.1|	RecName: Full=Guanylate kinase; AltName: Full=GMP kinase [Pseudomonas fluorescens Pf0-1]	90.291	206	20	0	1	618	1	206	4.439999999999999e-130	367	Q3K4L8	Q3K4L8.1
gno	sp|P50199.1|	RecName: Full=Gluconate 5-dehydrogenase; AltName: Full=D-gluconate 5-dehydrogenase (NADP); AltName: Full=Gluconate:NADP 5-oxidoreductase; Short=GNO [Gluconobacter oxydans 621H]	62.302	252	95	0	16	771	5	256	3.819999999999999e-101	298	P50199	P50199.1
gntR	sp|Q9I1F6.1|	RecName: Full=HTH-type transcriptional regulator GntR [Pseudomonas aeruginosa PAO1]	78.235	340	74	0	79	1098	4	343	0	553	Q9I1F6	Q9I1F6.1
gntT_1	sp|Q9ZIJ1.1|	RecName: Full=Gluconate permease [Pseudomonas aeruginosa PAO1]	85.111	450	67	0	1	1350	1	450	0	636	Q9ZIJ1	Q9ZIJ1.1
gntT_2	sp|Q9Z670.1|	RecName: Full=Gluconate permease [Zymomonas mobilis subsp. mobilis ZM4 = ATCC 31821]	50.594	421	206	2	142	1398	29	449	4.8499999999999995e-146	427	Q9Z670	Q9Z670.1
gntT_3	sp|Q9ZIJ1.1|	RecName: Full=Gluconate permease [Pseudomonas aeruginosa PAO1]	42.227	431	249	0	25	1317	4	434	1.47e-80	259	Q9ZIJ1	Q9ZIJ1.1
gnu	sp|Q56623.1|	RecName: Full=UDP-glucose 4-epimerase; AltName: Full=Galactowaldenase; AltName: Full=UDP-galactose 4-epimerase [Vibrio cholerae]	49.521	313	156	2	43	978	11	322	1.76e-94	286	Q56623	Q56623.1
golD_1	sp|Q21929.2|	RecName: Full=L-xylulose reductase; Short=XR; AltName: Full=Dicarbonyl/L-xylulose reductase; Short=DCXR; AltName: Full=Short-chain dehydrogenase 21 [Caenorhabditis elegans]	44	250	130	2	1	720	1	250	2.6799999999999998e-56	183	Q21929	Q21929.2
golD_2	sp|Q92EU6.1|	RecName: Full=NAD-dependent glycerol dehydrogenase; AltName: Full=Dha-forming NAD-dependent glycerol dehydrogenase [Listeria innocua Clip11262]	55.02	249	110	2	13	753	6	254	1.16e-95	283	Q92EU6	Q92EU6.1
gpFI_2	sp|P22501.2|	RecName: Full=Tail sheath protein; Short=TSP; AltName: Full=Major tail sheath protein; AltName: Full=Protein FI [Bacteriophage P2]	63.544	395	138	2	1	1167	1	395	0	518	P22501	P22501.2
gph	sp|Q4K4Z4.1|	RecName: Full=Phosphoglycolate phosphatase; Short=PGP; Short=PGPase [Pseudomonas protegens Pf-5]	88.971	272	30	0	1	816	1	272	1.87e-179	497	Q4K4Z4	Q4K4Z4.1
gph_2	sp|P77625.2|	RecName: Full=Hexitol phosphatase A; AltName: Full=Mannitol-1-phosphatase; AltName: Full=Sorbitol-6-phosphatase; AltName: Full=Sugar-phosphatase [Escherichia coli K-12]	36.932	176	95	9	19	531	6	170	1.05e-15	76.3	P77625	P77625.2
gpmI	sp|Q3KJH9.1|	RecName: Full=2,3-bisphosphoglycerate-independent phosphoglycerate mutase; Short=BPG-independent PGAM; Short=Phosphoglyceromutase; Short=iPGM [Pseudomonas fluorescens Pf0-1]	90.748	508	47	0	1	1524	1	508	0	864	Q3KJH9	Q3KJH9.1
gpr	sp|Q8X529.1|	RecName: Full=L-glyceraldehyde 3-phosphate reductase; Short=L-GAP reductase; AltName: Full=Aldo-keto reductase YqhE [Escherichia coli O157:H7]	66.957	345	110	3	1	1026	1	344	9.359999999999998e-167	471	Q8X529	Q8X529.1
gpsA	sp|C3K747.1|	RecName: Full=Glycerol-3-phosphate dehydrogenase [NAD(P)+]; AltName: Full=NAD(P)(+)-dependent glycerol-3-phosphate dehydrogenase; AltName: Full=NAD(P)H-dependent dihydroxyacetone-phosphate reductase [Pseudomonas [fluorescens] SBW25]	98.534	341	5	0	1	1023	1	341	0	651	C3K747	C3K747.1
gpx1	sp|P38143.1|	RecName: Full=Glutathione peroxidase-like peroxiredoxin 2; AltName: Full=Glutathione peroxidase homolog 2; Short=GPx 2 [Saccharomyces cerevisiae S288C]	58.125	160	67	0	1	480	1	160	1.7499999999999998e-66	202	P38143	P38143.1
greA_1	sp|Q1GUG9.1|	RecName: Full=Transcription elongation factor GreA; AltName: Full=Transcript cleavage factor GreA [Sphingopyxis alaskensis RB2256]	39.048	105	63	1	175	486	52	156	3.54e-17	77	Q1GUG9	Q1GUG9.1
greA_2	sp|Q87WP5.1|	RecName: Full=Transcription elongation factor GreA; AltName: Full=Transcript cleavage factor GreA [Pseudomonas syringae pv. tomato str. DC3000]	90.506	158	15	0	1	474	1	158	2.4400000000000003e-100	288	Q87WP5	Q87WP5.1
greB	sp|Q883T5.1|	RecName: Full=Transcription elongation factor GreB; AltName: Full=Transcript cleavage factor GreB [Pseudomonas syringae pv. tomato str. DC3000]	79.355	155	32	0	1	465	1	155	2.7e-88	257	Q883T5	Q883T5.1
groL	sp|C3K1A0.1|	RecName: Full=Chaperonin GroEL; AltName: Full=60 kDa chaperonin; AltName: Full=Chaperonin-60; Short=Cpn60 [Pseudomonas [fluorescens] SBW25]	98.864	528	6	0	1	1584	1	528	0	918	C3K1A0	C3K1A0.1
groS	sp|Q3K7L5.1|	RecName: Full=Co-chaperonin GroES; AltName: Full=10 kDa chaperonin; AltName: Full=Chaperonin-10; Short=Cpn10 [Pseudomonas fluorescens Pf0-1]	91.667	96	8	0	7	294	2	97	1.0099999999999999e-57	175	Q3K7L5	Q3K7L5.1
group_0	sp|P09489.1|	RecName: Full=Extracellular serine protease; Flags: Precursor [Serratia marcescens]	32.026	612	318	15	8860	10497	466	1045	8.44e-63	239	P09489	P09489.1
group_1	sp|C7BKP9.1|	RecName: Full=Toxin PAU_02230; AltName: Full=Photorhabdus asymbiotica toxin; Short=PaTox; Includes: RecName: Full=Protein N-acetylglucosaminyltransferase; Short=Protein O-GlcNAc transferase; AltName: Full=PaToxG; AltName: Full=Tyrosine glycosyltransferase; Includes: RecName: Full=Protein-glutamine amidohydrolase; AltName: Full=Glutamine deamidase; AltName: Full=PaToxD; AltName: Full=Protein-glutamine glutaminase [Photorhabdus asymbiotica subsp. asymbiotica ATCC 43949]	48.466	163	81	2	6544	7029	2484	2644	1.99e-40	170	C7BKP9	C7BKP9.1
group_1003	sp|P9WLN8.1|	RecName: Full=Uncharacterized protein MT2054 [Mycobacterium tuberculosis CDC1551]	34.632	231	125	10	28	702	2	212	2.17e-15	77	P9WLN8	P9WLN8.1
group_1005	sp|O05730.2|	RecName: Full=Probable short-chain type dehydrogenase/reductase VdlC [Helicobacter pylori 26695]	32.601	273	182	2	4	822	7	277	1.26e-45	157	O05730	O05730.2
group_1011	sp|P03037.1|	RecName: Full=Antirepressor protein ant [Lederbergvirus P22]	46.018	113	56	2	22	351	15	125	2.9e-24	102	P03037	P03037.1
group_1015	sp|Q9KN86.1|	RecName: Full=Peptidoglycan DD-endopeptidase ShyA; AltName: Full=Autolysin ShyA; AltName: Full=Major peptidoglycan endopeptidase ShyA; Short=Major PG EP ShyA; AltName: Full=Sidewall hydrolase A; AltName: Full=Zn-metalloprotease; Flags: Precursor [Vibrio cholerae O1 biovar El Tor str. N16961]	42.308	104	59	1	457	765	278	381	9.09e-20	91.7	Q9KN86	Q9KN86.1
group_1017	sp|P76234.1|	RecName: Full=Methylglyoxal reductase YeaE; AltName: Full=Aldo-keto reductase YeaE [Escherichia coli K-12]	54.093	281	120	3	4	819	4	284	3.5399999999999996e-95	284	P76234	P76234.1
group_1021	sp|P22862.4|	RecName: Full=Arylesterase; AltName: Full=Aryl-ester hydrolase; AltName: Full=Carboxylic acid perhydrolase; AltName: Full=PFE; AltName: Full=Putative bromoperoxidase [Pseudomonas fluorescens]	90.074	272	27	0	1	816	1	272	0	509	P22862	P22862.4
group_1023	sp|Q6QJE2.1|	RecName: Full=Sulfate permease 2, chloroplastic; Flags: Precursor [Chlamydomonas reinhardtii]	35.971	139	86	2	226	642	171	306	3.49e-18	86.3	Q6QJE2	Q6QJE2.1
group_1024	sp|Q9I398.1|	RecName: Full=Uncharacterized protein PA1624; Flags: Precursor [Pseudomonas aeruginosa PAO1]	55.185	270	119	1	7	816	1	268	9.449999999999998e-96	285	Q9I398	Q9I398.1
group_1026	sp|Q47539.2|	RecName: Full=Taurine transport system permease protein TauC [Escherichia coli K-12]	37.441	211	132	0	166	798	61	271	9.83e-16	78.2	Q47539	Q47539.2
group_1027	sp|Q9I755.1|	RecName: Full=Type VI secretion system component TssM1 [Pseudomonas aeruginosa PAO1]	30.114	176	97	2	325	813	939	1101	1.04e-12	71.2	Q9I755	Q9I755.1
group_1029	sp|A0A5B8YU68.1|	RecName: Full=Short-chain dehydrogenase/reductase GME11361; AltName: Full=Dibenzodioxocinones biosynthesis cluster protein GME11361 [Pestalotiopsis microspora]	34.568	243	141	3	7	726	7	234	8.48e-35	129	A0A5B8YU68	A0A5B8YU68.1
group_103	sp|Q9I310.1|	RecName: Full=Bifunctional diguanylate cyclase/cyclic di-GMP phosphodiesterase MucR; Short=DGC/PDE; AltName: Full=c-di-GMP-synthesizing enzyme [Pseudomonas aeruginosa PAO1]	38.249	434	258	5	1015	2292	246	677	7.73e-81	276	Q9I310	Q9I310.1
group_1031	sp|P13082.1|	RecName: Full=Streptomycin 3''-kinase; AltName: Full=Streptomycin 3''-phosphotransferase; Short=SPH [Klebsiella pneumoniae]	47.744	266	131	3	16	792	1	265	4.6299999999999995e-66	209	P13082	P13082.1
group_1036	sp|H9L484.1|	RecName: Full=Transcriptional regulator RamA [Salmonella enterica subsp. enterica serovar Typhimurium str. LT2]	36.17	94	59	1	517	795	13	106	7.19e-10	58.5	H9L484	H9L484.1
group_1037	sp|Q3J6K8.1|	RecName: Full=Transcriptional regulator AcuR [Cereibacter sphaeroides 2.4.1]	56.983	179	77	0	127	663	31	209	1.61e-65	206	Q3J6K8	Q3J6K8.1
group_1038	sp|P26495.1|	RecName: Full=Poly(3-hydroxyalkanoate) depolymerase; Short=PHA depolymerase; AltName: Full=ORF2; AltName: Full=PHB depolymerase [Ectopseudomonas oleovorans]	37.86	243	108	7	100	762	48	269	2.3e-31	120	P26495	P26495.1
group_104	sp|E8PLM2.1|	RecName: Full=OLD nuclease; AltName: Full=Exodeoxyribonuclease OLD; AltName: Full=Overcoming lysogenization defect; Short=Old [Thermus scotoductus SA-01]	31.556	225	130	9	1099	1761	242	446	7.74e-11	68.9	E8PLM2	E8PLM2.1
group_1046	sp|Q9HYI6.1|	RecName: Full=UPF0162 protein PA3419 [Pseudomonas aeruginosa PAO1]	62.03	266	99	2	1	792	1	266	2.47e-95	284	Q9HYI6	Q9HYI6.1
group_1047	sp|Q45407.1|	RecName: Full=EPS I polysaccharide export outer membrane protein EpsA; Flags: Precursor [Ralstonia solanacearum]	32.609	184	103	8	169	678	82	258	6.37e-10	62.4	Q45407	Q45407.1
group_1049	sp|P51719.1|	RecName: Full=Capsid assembly scaffolding protein; AltName: Full=Gene product 17; Short=Gp17; AltName: Full=Head morphogenesis protein; AltName: Full=Scaffold protein; Contains: RecName: Full=Maturation protease [Haemophilus phage HP1c1]	37.193	285	152	6	13	801	6	285	2.3799999999999998e-45	157	P51719	P51719.1
group_1051	sp|P9WLN8.1|	RecName: Full=Uncharacterized protein MT2054 [Mycobacterium tuberculosis CDC1551]	32.589	224	132	8	19	672	2	212	1.75e-14	74.3	P9WLN8	P9WLN8.1
group_1054	sp|Q9HZX3.1|	RecName: Full=Protein-glutamine gamma-glutamyltransferase; AltName: Full=Transglutaminase protein A; Short=TGase A [Pseudomonas aeruginosa PAO1]	31.25	144	82	5	355	735	358	501	2.88e-6	51.6	Q9HZX3	Q9HZX3.1
group_1059	sp|P74547.1|	RecName: Full=Sulfate transport system permease protein CysW [Synechocystis sp. PCC 6803 substr. Kazusa]	31.959	194	105	9	190	699	55	245	3.86e-12	68.2	P74547	P74547.1
group_106	sp|Q56078.2|	RecName: Full=Periplasmic beta-glucosidase; AltName: Full=Beta-D-glucoside glucohydrolase; AltName: Full=Cellobiase; AltName: Full=Gentiobiase; AltName: Full=T-cell inhibitor; Flags: Precursor [Salmonella enterica subsp. enterica serovar Typhimurium str. LT2]	63.542	768	272	3	1	2289	1	765	0	999	Q56078	Q56078.2
group_1060	sp|P0DMP4.1|	RecName: Full=DNA adenine methylase; AltName: Full=DNA adenine methyltransferase; AltName: Full=Deoxyadenosyl-methyltransferase; AltName: Full=M.StyDam [Salmonella enterica subsp. enterica serovar Typhimurium]	30.172	116	75	3	16	351	8	121	6.36e-7	52.8	P0DMP4	P0DMP4.1
group_1063	sp|Q9HW50.1|	RecName: Full=Lyso-ornithine lipid O-acyltransferase [Pseudomonas aeruginosa PAO1]	64.574	223	79	0	91	759	31	253	3.62e-86	260	Q9HW50	Q9HW50.1
group_1065	sp|B2KNH9.1|	RecName: Full=Mannose-specific lectin; AltName: Full=Agglutinin; Flags: Precursor [Dendrobium findlayanum]	33.065	124	68	7	382	717	28	148	7.33e-9	57	B2KNH9	B2KNH9.1
group_1069	sp|Q9ZE54.1|	RecName: Full=Uncharacterized protein RP093; Flags: Precursor [Rickettsia prowazekii str. Madrid E]	39.161	143	87	0	163	591	34	176	2.2000000000000002e-29	114	Q9ZE54	Q9ZE54.1
group_107	sp|P46339.2|	RecName: Full=Probable ABC transporter permease protein YqgH [Bacillus subtilis subsp. subtilis str. 168]	31.373	204	123	5	1561	2166	87	275	1.46e-8	60.5	P46339	P46339.2
group_1072	sp|O34680.1|	RecName: Full=Type II methyltransferase M2.BsuMI; Short=M2.BsuMI; AltName: Full=BsuMI modification methylase subunit YdiP; AltName: Full=Cytosine-specific methyltransferase M2.BsuMI [Bacillus subtilis subsp. subtilis str. 168]	32.716	162	97	3	3	476	15	168	1.43e-18	87.4	O34680	O34680.1
group_1073	sp|Q28IU1.1|	RecName: Full=Very-long-chain 3-oxoacyl-CoA reductase; AltName: Full=17-beta-hydroxysteroid dehydrogenase 12; Short=17-beta-HSD 12; AltName: Full=3-ketoacyl-CoA reductase; Short=KAR; AltName: Full=Estradiol 17-beta-dehydrogenase 12 [Xenopus tropicalis]	34.862	218	129	5	7	624	55	271	8.02e-28	111	Q28IU1	Q28IU1.1
group_1077	sp|P22263.1|	RecName: Full=Outer membrane porin F; Flags: Precursor [Pseudomonas syringae pv. syringae]	48.571	105	53	1	427	738	235	339	8.360000000000001e-22	95.9	P22263	P22263.1
group_1079	sp|P45785.2|	RecName: Full=Putative HTH-type transcriptional regulator in exeN 3'region; AltName: Full=ORF2 [Aeromonas salmonicida]	34.225	187	108	4	241	762	1	185	9.75e-21	90.1	P45785	P45785.2
group_1081	sp|O34578.1|	RecName: Full=Probable membrane transporter protein YjnA [Bacillus subtilis subsp. subtilis str. 168]	37.768	233	140	3	82	777	25	253	2e-34	127	O34578	O34578.1
group_1082	sp|P55504.1|	RecName: Full=Uncharacterized protein y4jD [Sinorhizobium fredii NGR234]	37.079	89	56	0	546	280	394	482	2.16e-12	70.1	P55504	P55504.1
group_1083	sp|Q7BVH7.1|	RecName: Full=Secreted effector protein SseB; AltName: Full=Secretion system effector B [Salmonella enterica subsp. enterica serovar Typhimurium str. LT2]	30.702	114	76	2	331	663	42	155	1.19e-11	65.5	Q7BVH7	Q7BVH7.1
group_1085	sp|A0A061I403.1|	RecName: Full=Protein adenylyltransferase FICD; AltName: Full=AMPylator FICD; AltName: Full=De-AMPylase FICD; AltName: Full=FIC domain-containing protein; AltName: Full=Huntingtin-interacting protein E [Cricetulus griseus]	30	210	117	10	145	729	224	418	2.89e-18	87	A0A061I403	A0A061I403.1
group_1086	sp|P55714.1|	RecName: Full=Nodulation protein NolT; Flags: Precursor [Sinorhizobium fredii NGR234]	52.071	169	81	0	67	573	34	202	1.0399999999999999e-57	188	P55714	P55714.1
group_1087	sp|Q9STY7.1|	RecName: Full=11-beta-hydroxysteroid dehydrogenase-like 3; AltName: Full=17-beta-hydroxysteroid dehydrogenase-like 3; AltName: Full=Hydroxysteroid dehydrogenase 3; Short=AtHSD3 [Arabidopsis thaliana]	33.778	225	137	5	31	675	52	274	2.11e-26	107	Q9STY7	Q9STY7.1
group_1089	sp|P11922.2|	RecName: Full=Invasin [Yersinia pseudotuberculosis IP 32953]	33.19	232	145	6	770	84	567	791	2.3e-15	79	P11922	P11922.2
group_1091	sp|P0AAW1.1|	RecName: Full=Uncharacterized protein YbhP [Escherichia coli K-12]	59.016	244	97	1	55	777	10	253	1.59e-97	288	P0AAW1	P0AAW1.1
group_1092	sp|Q9UTA8.1|	RecName: Full=Uncharacterized methyltransferase-like C25B8.10 [Schizosaccharomyces pombe 972h-]	40.984	244	138	3	28	750	8	248	6.98e-61	195	Q9UTA8	Q9UTA8.1
group_1094	sp|Q8GWR2.1|	RecName: Full=Oil body-associated protein 1B [Arabidopsis thaliana]	41.743	218	127	0	94	747	7	224	3.9599999999999997e-60	193	Q8GWR2	Q8GWR2.1
group_1099	sp|Q89AS2.1|	RecName: Full=Uncharacterized protein bbp_170; AltName: Full=yba2 [Buchnera aphidicola str. Bp (Baizongia pistaciae)]	55	60	27	0	1	180	1	60	4.17e-13	70.9	Q89AS2	Q89AS2.1
group_1101	sp|P37665.2|	RecName: Full=Probable lipoprotein YiaD; Flags: Precursor [Escherichia coli K-12]	48.571	105	54	0	427	741	113	217	1.88e-25	103	P37665	P37665.2
group_1102	sp|Q1QYV8.1|	RecName: Full=Electron transfer flavoprotein subunit beta; Short=Beta-ETF [Chromohalobacter israelensis DSM 3043]	57.647	255	105	1	13	768	13	267	1.29e-88	266	Q1QYV8	Q1QYV8.1
group_1103	sp|Q06553.1|	RecName: Full=HTH-type transcriptional regulator PrtR; AltName: Full=Pyocin repressor protein [Pseudomonas aeruginosa PAO1]	35.714	238	141	4	19	702	15	250	1.15e-37	135	Q06553	Q06553.1
group_1109	sp|P0DOV5.1|	RecName: Full=Sulfoquinovose 1-dehydrogenase; Short=SQ dehydrogenase [Pseudomonas putida]	47.012	251	125	2	22	759	9	256	6.579999999999999e-68	213	P0DOV5	P0DOV5.1
group_111	sp|D2TV88.1|	RecName: Full=Autotransporter CRAC; AltName: Full=C.rodentium autotransporter required for colonization protein; Flags: Precursor [Citrobacter rodentium ICC168]	35.812	511	267	16	838	2262	1108	1593	9.019999999999999e-72	259	D2TV88	D2TV88.1
group_1110	sp|O18404.1|	RecName: Full=3-hydroxyacyl-CoA dehydrogenase type-2; AltName: Full=17-beta-hydroxysteroid dehydrogenase 10; Short=17-beta-HSD 10; AltName: Full=3-hydroxyacyl-CoA dehydrogenase type II; AltName: Full=Hydroxysteroid dehydrogenase; AltName: Full=Mitochondrial ribonuclease P protein 2; Short=Mitochondrial RNase P protein 2; AltName: Full=Scully protein; AltName: Full=Type II HADH [Drosophila melanogaster]	53.571	252	115	1	7	756	2	253	7.64e-60	192	O18404	O18404.1
group_1114	sp|P45785.2|	RecName: Full=Putative HTH-type transcriptional regulator in exeN 3'region; AltName: Full=ORF2 [Aeromonas salmonicida]	31.351	185	107	4	244	747	1	182	4.81e-14	72	P45785	P45785.2
group_1120	sp|P44292.1|	RecName: Full=Uncharacterized protein HI_1701 [Haemophilus influenzae Rd KW20]	31.604	212	138	3	97	732	35	239	8.95e-29	112	P44292	P44292.1
group_1123	sp|Q9HXJ2.1|	RecName: Full=Type IV pilus assembly protein PilF; Flags: Precursor [Pseudomonas aeruginosa PAO1]	60.084	238	95	0	43	756	15	252	1.27e-84	255	Q9HXJ2	Q9HXJ2.1
group_1125	sp|Q9HVX2.1|	RecName: Full=GTP cyclohydrolase 1 type 2 homolog [Pseudomonas aeruginosa PAO1]	80.08	251	50	0	1	753	1	251	9.159999999999998e-152	426	Q9HVX2	Q9HVX2.1
group_1126	sp|P75672.2|	RecName: Full=Uncharacterized protein YafS [Escherichia coli K-12]	31.795	195	116	6	136	699	39	223	5.21e-11	64.3	P75672	P75672.2
group_1128	sp|Q8ZPK1.1|	RecName: Full=Osmoprotectant import permease protein OsmY [Salmonella enterica subsp. enterica serovar Typhimurium str. LT2]	54.795	146	66	0	118	555	38	183	1.37e-38	137	Q8ZPK1	Q8ZPK1.1
group_1130	sp|Q9HW51.1|	RecName: Full=L-ornithine N(alpha)-acyltransferase [Pseudomonas aeruginosa PAO1]	78.088	251	55	0	1	753	1	251	1.1499999999999998e-143	405	Q9HW51	Q9HW51.1
group_1134	sp|P21636.1|	RecName: Full=Precorrin-6A synthase [deacetylating] [Sinorhizobium sp.]	49.6	250	126	0	1	750	6	255	6.150000000000001e-85	256	P21636	P21636.1
group_1141	sp|Q8VBX0.1|	RecName: Full=Ankyrin repeat and SOCS box protein 13; Short=ASB-13 [Mus musculus]	30.723	166	110	2	124	621	21	181	2.54e-12	68.6	Q8VBX0	Q8VBX0.1
group_1143	sp|Q05613.1|	RecName: Full=Protein TonB [Pseudomonas putida]	54.622	119	53	1	385	741	126	243	8.959999999999999e-35	127	Q05613	Q05613.1
group_1144	sp|P0DXF7.1|	RecName: Full=Functional amyloid sbunit FapE; AltName: Full=Fibril amyloid subunit FapE; Flags: Precursor [Pseudomonas fluorescens]	73.494	249	65	1	1	747	1	248	9.389999999999999e-74	228	P0DXF7	P0DXF7.1
group_1145	sp|P0AEC0.1|	RecName: Full=UPF0053 inner membrane protein YoaE [Escherichia coli K-12]	51.417	247	115	3	13	744	1	245	1.41e-81	256	P0AEC0	P0AEC0.1
group_1146	sp|P54797.2|	RecName: Full=Transport and Golgi organization 2 homolog; AltName: Full=Ser/Thr-rich protein T10 in DGCR region [Mus musculus]	37.354	257	138	6	1	702	1	257	7.909999999999999e-42	147	P54797	P54797.2
group_115	sp|P75838.2|	RecName: Full=Ribosomal protein S12 methylthiotransferase accessory factor YcaO [Escherichia coli K-12]	46.907	582	301	3	490	2223	4	581	7.999999999999999e-172	509	P75838	P75838.2
group_1151	sp|P55504.1|	RecName: Full=Uncharacterized protein y4jD [Sinorhizobium fredii NGR234]	30.698	215	143	3	49	678	6	219	5.930000000000001e-21	94.7	P55504	P55504.1
group_1152	sp|P54307.4|	RecName: Full=Terminase small subunit; AltName: Full=G1P; AltName: Full=Terminase, small subunit gp1 [Bacillus phage SPP1]	45.783	83	44	1	10	255	9	91	1.19e-11	63.9	P54307	P54307.4
group_1157	sp|Q83J92.1|	RecName: Full=DNA utilization protein YhgH; AltName: Full=Protein GntX [Shigella flexneri]	37.681	207	127	1	100	720	22	226	8.839999999999999e-32	119	Q83J92	Q83J92.1
group_116	sp|O25153.1|	RecName: Full=Sensor histidine kinase CheAY [Helicobacter pylori 26695]	47.68	388	195	2	1075	2214	261	648	7.37e-105	342	O25153	O25153.1
group_1169	sp|Q47718.1|	PUTATIVE PSEUDOGENE: RecName: Full=Putative transposase InsO for insertion sequence element IS911B [Escherichia coli K-12]	51.724	145	70	0	1	435	31	175	1.46e-44	151	Q47718	Q47718.1
group_1172	sp|A0A2H3D8Y2.1|	RecName: Full=Short-chain dehydrogenase/reductase ARMGADRAFT_1018421; AltName: Full=Melleolide biosynthesis cluster protein ARMGADRAFT_1018421 [Armillaria gallica]	31.073	177	119	2	16	537	10	186	1.73e-11	65.9	A0A2H3D8Y2	A0A2H3D8Y2.1
group_1174	sp|P85503.2|	RecName: Full=Structural protein 3; AltName: Full=ORF15 protein [Pseudomonas phage PAJU2]	39.604	101	54	2	7	309	7	100	4.75e-15	73.6	P85503	P85503.2
group_1176	sp|Q46AR9.1|	RecName: Full=Alanyl-tRNA editing protein AlaX-M; Short=AlaX-M; AltName: Full=Alanyl-tRNA deacylase AlaX-M [Methanosarcina barkeri str. Fusaro]	35.685	241	143	6	22	717	2	239	1.11e-36	132	Q46AR9	Q46AR9.1
group_1178	sp|Q09571.2|	RecName: Full=Uncharacterized protein K02A2.1 [Caenorhabditis elegans]	38.816	152	85	5	280	720	9	157	7.619999999999999e-23	94	Q09571	Q09571.2
group_1179	sp|Q8XCI6.1|	RecName: Full=UPF0759 protein YecE [Escherichia coli O157:H7]	34.862	109	67	2	13	339	2	106	1.42e-12	68.9	Q8XCI6	Q8XCI6.1
group_1181	sp|Q9M0A5.1|	RecName: Full=Gamma-glutamyl peptidase 3 [Arabidopsis thaliana]	34.483	203	118	6	61	642	26	222	7.93e-30	114	Q9M0A5	Q9M0A5.1
group_1188	sp|P03037.1|	RecName: Full=Antirepressor protein ant [Lederbergvirus P22]	40.336	119	66	2	19	366	15	131	2.29e-21	93.6	P03037	P03037.1
group_119	sp|A9VQW7.1|	RecName: Full=Septu protein PtuA; AltName: Full=Putative ATPase PtuA [Bacillus mycoides KBAB4]	31.373	612	374	16	169	1938	36	623	5.18e-78	268	A9VQW7	A9VQW7.1
group_1192	sp|P85503.2|	RecName: Full=Structural protein 3; AltName: Full=ORF15 protein [Pseudomonas phage PAJU2]	41.509	106	55	2	7	324	7	105	2.43e-19	85.1	P85503	P85503.2
group_1194	sp|P44276.1|	RecName: Full=Uncharacterized protein HI_1624; Flags: Precursor [Haemophilus influenzae Rd KW20]	30.263	228	148	7	16	696	7	224	1.92e-15	75.9	P44276	P44276.1
group_1195	sp|P51717.1|	RecName: Full=Probable portal protein; AltName: Full=ORF15 [Haemophilus phage HP1c1]	40.26	231	132	1	1	675	93	323	1.15e-53	179	P51717	P51717.1
group_1198	sp|P23305.1|	RecName: Full=Uncharacterized protein YigA [Escherichia coli K-12]	30.189	212	131	4	85	690	27	231	4.54e-12	67	P23305	P23305.1
group_1202	sp|P24200.2|	RecName: Full=Type IV methyl-directed restriction enzyme EcoKMcrA; Short=EcoKMcrA; AltName: Full=5-methylcytosine-specific restriction enzyme A [Escherichia coli K-12]	49.624	133	66	1	313	711	146	277	1.04e-39	141	P24200	P24200.2
group_121	sp|P57503.1|	RecName: Full=Sulfite reductase [NADPH] flavoprotein alpha-component; Short=SiR-FP [Buchnera aphidicola str. APS (Acyrthosiphon pisum)]	35.648	216	114	8	1606	2178	386	601	7.09e-22	103	P57503	P57503.1
group_1211	sp|P77368.1|	RecName: Full=UPF0098 protein YbcL; Flags: Precursor [Escherichia coli K-12]	44.828	145	68	3	223	654	34	167	2.65e-30	114	P77368	P77368.1
group_1212	sp|P18680.2|	RecName: Full=26 kDa repressor protein; AltName: Full=Regulatory protein CI [Shamshuipovirus HK022]	31.401	207	126	5	79	690	32	225	1.92e-19	87	P18680	P18680.2
group_1213	sp|P9WQK0.1|	RecName: Full=Uncharacterized ABC transporter ATP-binding protein MT1014 [Mycobacterium tuberculosis CDC1551]	39.381	226	123	5	7	672	4	219	5.270000000000001e-29	112	P9WQK0	P9WQK0.1
group_1214	sp|P45462.1|	RecName: Full=Uncharacterized protein in ampR 5'region [Yersinia enterocolitica]	31.624	117	80	0	349	699	16	132	5.69e-14	70.1	P45462	P45462.1
group_1216	sp|B5ZWT2.1|	RecName: Full=2,3-bisphosphoglycerate-dependent phosphoglycerate mutase; Short=BPG-dependent PGAM; Short=PGAM; Short=Phosphoglyceromutase; Short=dPGM [Rhizobium leguminosarum bv. trifolii WSM2304]	36.559	93	46	5	4	258	3	90	3.67e-6	49.7	B5ZWT2	B5ZWT2.1
group_1219	sp|O34970.1|	RecName: Full=Probable HTH-type transcriptional regulator YttP; AltName: Full=Stress response protein YttP [Bacillus subtilis subsp. subtilis str. 168]	31.111	90	62	0	16	285	5	94	4.63e-7	52.4	O34970	O34970.1
group_1220	sp|Q3K9Y9.1|	RecName: Full=Probable transcriptional regulatory protein Pfl01_3677 [Pseudomonas fluorescens Pf0-1]	94.468	235	12	1	1	705	1	234	2.5099999999999997e-163	453	Q3K9Y9	Q3K9Y9.1
group_1226	sp|P49860.1|	RecName: Full=Prohead protease; AltName: Full=GP4 [Escherichia phage HK97]	32.579	221	133	10	28	672	5	215	3.12e-23	96.7	P49860	P49860.1
group_1228	sp|O31185.1|	RecName: Full=UPF0700 transmembrane protein RA0705 [Sinorhizobium meliloti 1021]	53.659	205	92	2	70	684	17	218	4.1399999999999995e-43	148	O31185	O31185.1
group_123	sp|P75783.2|	RecName: Full=Moderate conductance mechanosensitive channel YbiO; Flags: Precursor [Escherichia coli K-12]	34.138	290	183	5	1279	2133	439	725	4.96e-24	111	P75783	P75783.2
group_1230	sp|Q9P6J2.1|	RecName: Full=Fe(2+)/Mn(2+) transporter pcl1; AltName: Full=Pombe ccc1-like protein 1 [Schizosaccharomyces pombe 972h-]	51.57	223	108	0	22	690	9	231	1.2799999999999998e-55	181	Q9P6J2	Q9P6J2.1
group_1233	sp|P51739.1|	RecName: Full=Uncharacterized 58.7 kDa protein in lys 3'region; AltName: Full=ORF35 [Haemophilus phage HP1c1]	30.909	220	145	5	1	654	1	215	2.05e-24	103	P51739	P51739.1
group_1238	sp|P0AF78.1|	RecName: Full=Uncharacterized protein YjfJ; Flags: Precursor [Escherichia coli K-12]	33.913	230	150	2	13	696	3	232	5.02e-20	88.2	P0AF78	P0AF78.1
group_124	sp|Q59603.2|	RecName: Full=Type II methyltransferase M.NgoBI; Short=M.NgoBI; AltName: Full=Cytosine-specific methyltransferase NgoBI; Short=M.NgoI; AltName: Full=Modification methylase NgoBI [Neisseria gonorrhoeae]	38.983	59	36	0	568	744	120	178	2.59e-7	56.6	Q59603	Q59603.2
group_1243	sp|P27750.2|	RecName: Full=Uncharacterized protein H16_B0148; AltName: Full=ORF 8 [Cupriavidus necator H16]	33.889	180	105	3	121	624	44	221	1.75e-19	87.4	P27750	P27750.2
group_1244	sp|P96683.1|	RecName: Full=Uncharacterized HTH-type transcriptional regulator YdfF [Bacillus subtilis subsp. subtilis str. 168]	34.375	224	144	2	19	681	2	225	1.1e-41	144	P96683	P96683.1
group_125	sp|Q06584.3|	RecName: Full=Pyocin-S2; AltName: Full=Killer protein [Pseudomonas aeruginosa PAO1]	35.156	256	135	13	1036	1725	320	570	2.99e-16	86.7	Q06584	Q06584.3
group_1252	sp|Q56127.1|	RecName: Full=Transcriptional regulatory protein RcsB [Salmonella enterica subsp. enterica serovar Typhi]	31.797	217	121	4	19	654	4	198	3.8e-28	109	Q56127	Q56127.1
group_1253	sp|P42126.1|	RecName: Full=Enoyl-CoA delta isomerase 1, mitochondrial; AltName: Full=3,2-trans-enoyl-CoA isomerase; AltName: Full=Delta(3),Delta(2)-enoyl-CoA isomerase; Short=D3,D2-enoyl-CoA isomerase; AltName: Full=Dodecenoyl-CoA isomerase; Flags: Precursor [Homo sapiens]	31.111	225	139	6	34	672	56	276	7.53e-17	80.9	P42126	P42126.1
group_1259	sp|P33366.1|	RecName: Full=Inner membrane protein YohD [Escherichia coli K-12]	39.2	125	76	0	58	432	3	127	1.38e-21	91.3	P33366	P33366.1
group_1260	sp|Q08623.3|	RecName: Full=Pseudouridine-5'-phosphatase; AltName: Full=Haloacid dehalogenase-like hydrolase domain-containing protein 1; AltName: Full=Haloacid dehalogenase-like hydrolase domain-containing protein 1A; AltName: Full=Protein GS1; AltName: Full=Pseudouridine-5'-monophosphatase; Short=5'-PsiMPase [Homo sapiens]	44.344	221	121	1	28	684	7	227	6.22e-57	183	Q08623	Q08623.3
group_1261	sp|Q4L967.1|	RecName: Full=Putative acetyltransferase SH0499 [Staphylococcus haemolyticus JCSC1435]	37.288	118	71	2	328	681	69	183	2.62e-14	72	Q4L967	Q4L967.1
group_1262	sp|P0AF76.1|	RecName: Full=Uncharacterized protein YjfI [Escherichia coli K-12]	38.971	136	76	3	274	681	3	131	3.4e-19	83.6	P0AF76	P0AF76.1
group_1266	sp|Q56127.1|	RecName: Full=Transcriptional regulatory protein RcsB [Salmonella enterica subsp. enterica serovar Typhi]	30.594	219	133	5	16	663	1	203	3.3e-20	88.2	Q56127	Q56127.1
group_1267	sp|P51721.1|	RecName: Full=Probable terminase, endonuclease subunit; AltName: Full=ORF19 [Haemophilus phage HP1c1]	33.974	156	100	1	55	522	19	171	2.6299999999999998e-23	97.8	P51721	P51721.1
group_1274	sp|Q52118.1|	RecName: Full=Uncharacterized protein in mobD 3'region [Pantoea stewartii subsp. stewartii]	30	190	123	3	73	612	65	254	8.73e-6	49.3	Q52118	Q52118.1
group_1275	sp|Q3K692.1|	RecName: Full=Putative 3-methyladenine DNA glycosylase [Pseudomonas fluorescens Pf0-1]	88.837	215	24	0	37	681	17	231	7.669999999999999e-143	401	Q3K692	Q3K692.1
group_1278	sp|P14814.1|	RecName: Full=Probable helicase loader; AltName: Full=Replication protein 14 [Enterobacteria phage phi80]	32.576	132	84	3	76	459	24	154	5.46e-12	66.2	P14814	P14814.1
group_1280	sp|Q3KI64.1|	RecName: Full=PKHD-type hydroxylase Pfl01_0799 [Pseudomonas fluorescens Pf0-1]	88.938	226	25	0	1	678	1	226	1.9399999999999997e-153	427	Q3KI64	Q3KI64.1
group_1285	sp|P0DXF6.1|	RecName: Full=Probable functional amyloid protease FapD; AltName: Full=Probable fibril-associated protease FapD; Flags: Precursor [Pseudomonas fluorescens]	79.204	226	46	1	1	675	1	226	1.35e-114	329	P0DXF6	P0DXF6.1
group_1286	sp|Q10092.1|	RecName: Full=Probable glutathione-independent glyoxalase hsp3104; AltName: Full=Glyoxalase 3 homolog 4; AltName: Full=Heat shock protein 31 homolog 4 [Schizosaccharomyces pombe 972h-]	30.769	130	79	2	265	630	80	206	8.29e-10	60.1	Q10092	Q10092.1
group_129	sp|Q9HYT3.1|	RecName: Full=Cyclic di-GMP phosphodiesterase NbdA; AltName: Full=NO-induced biofilm dispersion locus A [Pseudomonas aeruginosa PAO1]	35.363	427	276	0	781	2061	331	757	3.54e-77	266	Q9HYT3	Q9HYT3.1
group_1291	sp|C3K471.1|	RecName: Full=UPF0758 protein PFLU_5982 [Pseudomonas [fluorescens] SBW25]	92.411	224	17	0	1	672	1	224	4.419999999999999e-151	421	C3K471	C3K471.1
group_1292	sp|P45469.2|	RecName: Full=Putative NAD(P)-binding protein YraR [Escherichia coli K-12]	30.049	203	121	11	4	600	3	188	5.35e-8	54.7	P45469	P45469.2
group_1298	sp|P40586.1|	RecName: Full=Uncharacterized protein YIR042C [Saccharomyces cerevisiae S288C]	40.278	216	126	2	22	666	18	231	5.93e-51	168	P40586	P40586.1
group_1299	sp|P0ACT6.1|	RecName: Full=HTH-type transcriptional regulator UidR; AltName: Full=Gus operon repressor; AltName: Full=Uid operon repressor [Escherichia coli K-12]	36.232	69	43	1	19	222	12	80	4.41e-6	49.3	P0ACT6	P0ACT6.1
group_13	sp|P43329.3|	RecName: Full=ATP-dependent RNA helicase HrpA [Escherichia coli K-12]	49.882	1269	612	9	103	3882	38	1291	0	1156	P43329	P43329.3
group_130	sp|Q9I310.1|	RecName: Full=Bifunctional diguanylate cyclase/cyclic di-GMP phosphodiesterase MucR; Short=DGC/PDE; AltName: Full=c-di-GMP-synthesizing enzyme [Pseudomonas aeruginosa PAO1]	65.167	689	230	2	1	2052	1	684	0	880	Q9I310	Q9I310.1
group_1301	sp|P64451.1|	RecName: Full=Uncharacterized lipoprotein YdcL; Flags: Precursor [Escherichia coli K-12]	40.777	206	121	1	19	636	9	213	8.88e-52	169	P64451	P64451.1
group_1302	sp|P05100.1|	RecName: Full=DNA-3-methyladenine glycosylase 1; AltName: Full=3-methyladenine-DNA glycosylase I, constitutive; Short=TAG I; AltName: Full=DNA-3-methyladenine glycosidase I; AltName: Full=DNA-3-methyladenine glycosylase I [Escherichia coli K-12]	36.782	87	55	0	121	381	30	116	8.74e-9	56.6	P05100	P05100.1
group_1305	sp|Q18169.1|	RecName: Full=Esterase C25G4.2 [Caenorhabditis elegans]	35.111	225	119	10	7	642	6	216	1.66e-28	110	Q18169	Q18169.1
group_1307	sp|Q0HVQ0.2|	RecName: Full=Lipoprotein-releasing system ATP-binding protein LolD [Shewanella sp. MR-7]	41.475	217	124	1	1	642	5	221	1.01e-36	131	Q0HVQ0	Q0HVQ0.2
group_1309	sp|P0ACS9.1|	RecName: Full=HTH-type transcriptional regulator AcrR; AltName: Full=Potential acrAB operon repressor [Escherichia coli K-12]	38.806	67	41	0	25	225	7	73	4.32e-7	52.4	P0ACS9	P0ACS9.1
group_1310	sp|P03697.1|	RecName: Full=Exonuclease [Escherichia phage Lambda]	30.047	213	136	6	13	630	12	218	6.06e-24	98.2	P03697	P03697.1
group_1312	sp|Q658P3.2|	RecName: Full=Metalloreductase STEAP3; AltName: Full=Dudulin-2; AltName: Full=Six-transmembrane epithelial antigen of prostate 3; AltName: Full=Tumor suppressor-activated pathway protein 6; Short=hTSAP6; AltName: Full=pHyde; Short=hpHyde [Homo sapiens]	30.151	199	120	7	4	582	30	215	1.99e-14	74.7	Q658P3	Q658P3.2
group_1317	sp|P82998.2|	RecName: Full=Glutathione S-transferase [Pseudomonas putida F1]	63.902	205	74	0	1	615	1	205	4.65e-83	249	P82998	P82998.2
group_132	sp|O34311.2|	RecName: Full=Diguanylate cyclase DgcW [Bacillus subtilis subsp. subtilis str. 168]	32.157	255	161	3	1309	2061	553	799	3.2599999999999997e-34	143	O34311	O34311.2
group_1321	sp|Q9HV32.1|	RecName: Full=Response regulator protein PmrA [Pseudomonas aeruginosa PAO1]	46.729	214	114	0	1	642	1	214	1.1099999999999999e-56	182	Q9HV32	Q9HV32.1
group_1322	sp|Q9I6F6.1|	RecName: Full=Histidinol-phosphatase; Short=Hol-Pase; AltName: Full=Histidinol-phosphate phosphatase [Pseudomonas aeruginosa PAO1]	71.889	217	61	0	1	651	1	217	1.63e-116	333	Q9I6F6	Q9I6F6.1
group_1323	sp|A3KP85.2|	RecName: Full=Electron transfer flavoprotein beta subunit lysine methyltransferase; AltName: Full=ETFB lysine methyltransferase; Short=ETFB-KMT; AltName: Full=Protein N-lysine methyltransferase METTL20; Flags: Precursor [Danio rerio]	42.484	153	79	4	169	600	83	235	3.33e-11	64.3	A3KP85	A3KP85.2
group_1326	sp|B8GX15.1|	RecName: Full=Protein CicA [Caulobacter vibrioides NA1000]	39.196	199	114	5	43	630	26	220	1.78e-32	120	B8GX15	B8GX15.1
group_1333	sp|Q9I6F6.1|	RecName: Full=Histidinol-phosphatase; Short=Hol-Pase; AltName: Full=Histidinol-phosphate phosphatase [Pseudomonas aeruginosa PAO1]	39.72	214	127	2	1	639	1	213	1.04e-51	169	Q9I6F6	Q9I6F6.1
group_1336	sp|Q9Z3Z9.1|	RecName: Full=Toluene tolerance protein ttg2D; Flags: Precursor [Pseudomonas putida]	76.329	207	49	0	1	621	1	207	1.22e-105	306	Q9Z3Z9	Q9Z3Z9.1
group_1337	sp|C3K6R3.1|	RecName: Full=UPF0502 protein PFLU_2135 [Pseudomonas [fluorescens] SBW25]	94.737	190	10	0	1	570	1	190	6.53e-131	370	C3K6R3	C3K6R3.1
group_134	sp|P55577.1|	RecName: Full=Uncharacterized peptidase y4nA [Sinorhizobium fredii NGR234]	41.168	685	382	10	37	2052	46	722	8.359999999999999e-166	496	P55577	P55577.1
group_1340	sp|P0DMC7.1|	RecName: Full=Transcriptional regulatory protein RcsB; AltName: Full=Capsular synthesis regulator component B [Escherichia coli K-12]	45.192	208	109	3	1	621	1	204	2.86e-49	162	P0DMC7	P0DMC7.1
group_1341	sp|Q6F6U3.1|	RecName: Full=Nicotinamidase; AltName: Full=Nicotinamide deamidase; Short=NAMase [Acinetobacter baylyi ADP1]	33.663	202	124	6	37	627	17	213	1.19e-18	84	Q6F6U3	Q6F6U3.1
group_1342	sp|P22996.1|	RecName: Full=Resolvase [Escherichia coli]	34.737	190	116	4	10	579	16	197	5.35e-22	92.8	P22996	P22996.1
group_1345	sp|P37335.1|	RecName: Full=Uncharacterized HTH-type transcriptional regulator BphR [Paraburkholderia xenovorans LB400]	40.741	81	48	0	43	285	39	119	2.38e-6	50.4	P37335	P37335.1
group_1350	sp|P49860.1|	RecName: Full=Prohead protease; AltName: Full=GP4 [Escherichia phage HK97]	32.812	192	119	5	4	555	8	197	6.32e-18	82	P49860	P49860.1
group_1355	sp|P45469.2|	RecName: Full=Putative NAD(P)-binding protein YraR [Escherichia coli K-12]	47.596	208	105	3	16	630	2	208	4.68e-62	195	P45469	P45469.2
group_1357	sp|A0A0H3HW87.1|	RecName: Full=Virulence factor BP1026B_II1948 [Burkholderia pseudomallei 1026b]	47.253	182	96	0	94	639	36	217	4.08e-50	165	A0A0H3HW87	A0A0H3HW87.1
group_1358	sp|Q07465.1|	RecName: Full=Ribonuclease; Flags: Precursor [Aeromonas hydrophila]	33.854	192	112	5	10	564	2	185	3.78e-25	100	Q07465	Q07465.1
group_1360	sp|Q6DTN4.1|	RecName: Full=N-carbamoyl-L-amino-acid amidohydrolase; AltName: Full=Hydantoin utilization protein C; AltName: Full=L-N-carbamoylase; AltName: Full=SmLcar [Sinorhizobium meliloti]	52.432	185	88	0	555	1	10	194	1.65e-61	200	Q6DTN4	Q6DTN4.1
group_1362	sp|Q54SE2.1|	RecName: Full=1-Cys peroxiredoxin; AltName: Full=Thiol-specific antioxidant; AltName: Full=Thioredoxin peroxidase; AltName: Full=Thioredoxin-dependent peroxiredoxin [Dictyostelium discoideum]	61.429	210	80	1	7	636	33	241	7.629999999999998e-96	282	Q54SE2	Q54SE2.1
group_1363	sp|Q02M20.1|	RecName: Full=Uncharacterized protein PA14_35840 [Pseudomonas aeruginosa UCBPP-PA14]	42.857	196	108	2	40	627	18	209	9.319999999999999e-46	154	Q02M20	Q02M20.1
group_1364	sp|P31453.1|	RecName: Full=Uncharacterized HTH-type transcriptional regulator YidP [Escherichia coli K-12]	34.167	120	72	3	16	357	24	142	3.53e-8	55.5	P31453	P31453.1
group_1367	sp|P76190.1|	RecName: Full=Murein DD-endopeptidase MepH; AltName: Full=Murein hydrolase MepH; Flags: Precursor [Escherichia coli K-12]	43.2	125	63	3	238	597	144	265	1.67e-34	126	P76190	P76190.1
group_137	sp|G3XD24.1|	RecName: Full=Methyl-accepting chemotaxis protein PctA [Pseudomonas aeruginosa PAO1]	34.252	254	160	1	1117	1857	318	571	2.38e-9	64.3	G3XD24	G3XD24.1
group_1373	sp|P55504.1|	RecName: Full=Uncharacterized protein y4jD [Sinorhizobium fredii NGR234]	33.173	208	130	3	25	630	266	470	2.3400000000000003e-27	111	P55504	P55504.1
group_1374	sp|Q91YE3.2|	RecName: Full=Egl nine homolog 1; AltName: Full=Hypoxia-inducible factor prolyl hydroxylase 2; Short=HIF-PH2; Short=HIF-prolyl hydroxylase 2; Short=HPH-2; AltName: Full=Prolyl hydroxylase domain-containing protein 2; Short=PHD2; AltName: Full=SM-20 [Mus musculus]	34.507	142	82	8	208	606	228	367	2.89e-7	53.5	Q91YE3	Q91YE3.2
group_1375	sp|Q52828.1|	RecName: Full=Protein GstA [Rhizobium leguminosarum]	59.314	204	82	1	16	627	1	203	4.02e-76	230	Q52828	Q52828.1
group_1376	sp|P76117.1|	RecName: Full=Uncharacterized GST-like protein YncG [Escherichia coli K-12]	32.308	130	85	2	1	381	1	130	7.08e-15	73.2	P76117	P76117.1
group_138	sp|P42257.1|	RecName: Full=Protein PilJ [Pseudomonas aeruginosa PAO1]	80.187	641	127	0	106	2028	36	676	0	898	P42257	P42257.1
group_1380	sp|P44905.1|	RecName: Full=5-formyltetrahydrofolate cyclo-ligase; Short=5-FCL; AltName: Full=5,10-methenyltetrahydrofolate synthetase; Short=MTHFS [Haemophilus influenzae Rd KW20]	39.56	182	102	2	25	564	6	181	2.36e-27	105	P44905	P44905.1
group_1382	sp|P0AFV4.1|	RecName: Full=Murein DD-endopeptidase MepS/Murein LD-carboxypeptidase; AltName: Full=Lipoprotein Spr; AltName: Full=Murein hydrolase MepS; Flags: Precursor [Escherichia coli K-12]	42.623	122	65	3	232	597	70	186	3.78e-25	100	P0AFV4	P0AFV4.1
group_1383	sp|O31473.4|	RecName: Full=Uncharacterized protein YcgI [Bacillus subtilis subsp. subtilis str. 168]	38.323	167	101	2	91	588	21	186	1.2300000000000001e-29	112	O31473	O31473.4
group_1387	sp|Q9ZD73.1|	RecName: Full=Uncharacterized protein RP471 [Rickettsia prowazekii str. Madrid E]	30.769	208	130	5	16	609	4	207	4.9e-24	98.2	Q9ZD73	Q9ZD73.1
group_1388	sp|P38102.2|	RecName: Full=Uncharacterized membrane protein PA4757 [Pseudomonas aeruginosa PAO1]	33.077	130	70	4	40	396	12	135	1.77e-7	53.1	P38102	P38102.2
group_1389	sp|P9WEM3.1|	RecName: Full=AA10 family lytic polysaccharide monooxygenase CBP21; Short=LPMO CBP21; Flags: Precursor [Serratia marcescens]	32.367	207	95	8	28	627	28	196	1.22e-20	88.6	P9WEM3	P9WEM3.1
group_139	sp|Q9I310.1|	RecName: Full=Bifunctional diguanylate cyclase/cyclic di-GMP phosphodiesterase MucR; Short=DGC/PDE; AltName: Full=c-di-GMP-synthesizing enzyme [Pseudomonas aeruginosa PAO1]	42.657	429	245	1	724	2010	255	682	7.16e-83	279	Q9I310	Q9I310.1
group_1392	sp|O48427.1|	RecName: Full=Protein ninG [Enterobacteria phage H-19B]	36.979	192	111	3	49	600	4	193	5.600000000000001e-27	105	O48427	O48427.1
group_1395	sp|P0A4H2.1|	RecName: Full=Virulence factors putative positive transcription regulator BvgA [Bordetella pertussis Tohama I]	51.923	208	99	1	1	621	1	208	3.0200000000000002e-59	187	P0A4H2	P0A4H2.1
group_1397	sp|C0SPC3.1|	RecName: Full=Putative ADP-ribose pyrophosphatase YjhB [Bacillus subtilis subsp. subtilis str. 168]	40.58	207	121	2	1	621	4	208	6.189999999999999e-46	154	C0SPC3	C0SPC3.1
group_1398	sp|P22996.1|	RecName: Full=Resolvase [Escherichia coli]	33.5	200	126	4	7	603	16	209	1.26e-28	109	P22996	P22996.1
group_1400	sp|Q7UG04.1|	RecName: Full=Bifunctional methionine biosynthesis protein MetXA/MetW; Includes: RecName: Full=Homoserine O-acetyltransferase; Short=HAT; AltName: Full=Homoserine transacetylase; Short=HTA; Includes: RecName: Full=Protein MetW [Rhodopirellula baltica SH 1]	41.317	167	89	2	1	474	416	582	2.77e-32	125	Q7UG04	Q7UG04.1
group_1404	sp|P44848.1|	RecName: Full=1-acyl-sn-glycerol-3-phosphate acyltransferase; Short=1-AGP acyltransferase; Short=1-AGPAT; AltName: Full=Lysophosphatidic acid acyltransferase; Short=LPAAT [Haemophilus influenzae Rd KW20]	30.147	136	69	6	103	471	68	190	3.24e-6	49.7	P44848	P44848.1
group_1408	sp|P54176.1|	RecName: Full=Hemolysin-3; AltName: Full=Hemolysin III; Short=Hly-III [Bacillus cereus]	43.069	202	113	2	13	615	15	215	1.13e-43	148	P54176	P54176.1
group_1409	sp|Q883R9.1|	RecName: Full=Phosphoserine phosphatase; Short=PSP; Short=PSPase [Pseudomonas syringae pv. tomato str. DC3000]	92.683	205	15	0	1	615	33	237	4.92e-141	395	Q883R9	Q883R9.1
group_141	sp|Q59603.2|	RecName: Full=Type II methyltransferase M.NgoBI; Short=M.NgoBI; AltName: Full=Cytosine-specific methyltransferase NgoBI; Short=M.NgoI; AltName: Full=Modification methylase NgoBI [Neisseria gonorrhoeae]	38.983	59	36	0	568	744	120	178	2.92e-7	56.6	Q59603	Q59603.2
group_1414	sp|P71037.1|	RecName: Full=Uncharacterized protein YwnB [Bacillus subtilis subsp. subtilis str. 168]	39.048	210	115	4	7	606	2	208	1.7599999999999998e-31	117	P71037	P71037.1
group_1417	sp|Q9I509.1|	RecName: Full=NAD(P)H dehydrogenase (quinone); AltName: Full=Flavoprotein WrbA; AltName: Full=NAD(P)H:quinone oxidoreductase; Short=NQO [Pseudomonas aeruginosa PAO1]	80.311	193	38	0	1	579	1	193	7.859999999999999e-115	328	Q9I509	Q9I509.1
group_1419	sp|O64334.1|	RecName: Full=Tail tip assembly protein I; AltName: Full=Gene product 20; Short=gp20 [Escherichia phage N15]	47.668	193	97	2	34	609	2	191	2.31e-42	144	O64334	O64334.1
group_142	sp|P33235.3|	RecName: Full=Flagellar hook-associated protein 1; Short=HAP1 [Escherichia coli K-12]	34.066	455	268	12	4	1329	3	438	5.91e-49	183	P33235	P33235.3
group_1422	sp|Q9XJQ4.1|	RecName: Full=Protein ninG [Enterobacteria phage P21]	48.175	137	69	1	208	612	68	204	1.79e-39	137	Q9XJQ4	Q9XJQ4.1
group_1425	sp|O87005.1|	RecName: Full=Chemotactic transduction protein ChpE [Pseudomonas aeruginosa PAO1]	63.243	185	68	0	1	555	1	185	2.22e-73	223	O87005	O87005.1
group_1426	sp|Q9I0N5.1|	RecName: Full=3-mercaptopropionate dioxygenase; Short=3MDO; Short=p3MDO [Pseudomonas aeruginosa PAO1]	67.188	192	63	0	22	597	8	199	1.35e-89	264	Q9I0N5	Q9I0N5.1
group_1431	sp|Q9ZCW7.1|	RecName: Full=SCO2-like protein RP587 [Rickettsia prowazekii str. Madrid E]	33.333	156	100	2	124	579	45	200	2.97e-29	110	Q9ZCW7	Q9ZCW7.1
group_1437	sp|Q9I3D8.1|	RecName: Full=Uncharacterized protein PA1579 [Pseudomonas aeruginosa PAO1]	61.194	201	78	0	1	603	1	201	5.72e-84	250	Q9I3D8	Q9I3D8.1
group_1439	sp|P44187.1|	RecName: Full=Glycosyl hydrolase family 19 domain-containing protein HI_1415 [Haemophilus influenzae Rd KW20]	43.35	203	104	7	1	600	3	197	1.42e-39	137	P44187	P44187.1
group_1441	sp|P95459.1|	RecName: Full=Major cold shock protein CspA [Pseudomonas aeruginosa PAO1]	62.121	66	25	0	382	579	1	66	2.5899999999999996e-23	91.3	P95459	P95459.1
group_1444	sp|Q88KV1.1|	RecName: Full=tRNA 2-(methylsulfanyl)-N(6)-isopentenyladenosine(37) hydroxylase; AltName: Full=2-methylthio-N6-isopentenyladenosine(37)-tRNA monooxygenase; AltName: Full=tRNA-(ms[2]io[6]A37)-hydroxylase [Pseudomonas putida KT2440]	79.695	197	40	0	7	597	4	200	1.79e-116	332	Q88KV1	Q88KV1.1
group_1448	sp|P0ACS9.1|	RecName: Full=HTH-type transcriptional regulator AcrR; AltName: Full=Potential acrAB operon repressor [Escherichia coli K-12]	36.667	60	38	0	10	189	5	64	4.34e-6	48.9	P0ACS9	P0ACS9.1
group_1452	sp|Q9T1V4.1|	RecName: Full=Baseplate puncturing device gp45; AltName: Full=Baseplate spike protein; AltName: Full=Gene product 45; Short=gp45; AltName: Full=Gene product Q; Short=gpQ [Escherichia phage Mu]	32.759	116	78	0	40	387	12	127	9.88e-15	72.4	Q9T1V4	Q9T1V4.1
group_1455	sp|Q17RB8.2|	RecName: Full=LON peptidase N-terminal domain and RING finger protein 1; AltName: Full=RING finger protein 191 [Homo sapiens]	31.068	103	64	2	28	336	574	669	7.55e-6	49.3	Q17RB8	Q17RB8.2
group_1457	sp|O64334.1|	RecName: Full=Tail tip assembly protein I; AltName: Full=Gene product 20; Short=gp20 [Escherichia phage N15]	47.644	191	95	3	31	588	1	191	2.9299999999999997e-41	141	O64334	O64334.1
group_1459	sp|P96654.1|	RecName: Full=Uncharacterized isochorismatase family protein YddQ [Bacillus subtilis subsp. subtilis str. 168]	38.286	175	105	2	73	588	5	179	1.67e-36	128	P96654	P96654.1
group_146	sp|Q56989.1|	RecName: Full=Hemin receptor; Flags: Precursor [Yersinia pestis]	32.812	128	83	2	55	435	37	162	6.07e-7	56.6	Q56989	Q56989.1
group_1460	sp|P23484.3|	RecName: Full=Ferric citrate uptake sigma factor FecI [Escherichia coli K-12]	52.258	155	74	0	112	576	10	164	4.09e-42	142	P23484	P23484.3
group_1461	sp|P50360.2|	RecName: Full=Uncharacterized protein y4hP [Sinorhizobium fredii NGR234]	36.22	127	81	0	190	570	414	540	6.83e-22	95.9	P50360	P50360.2
group_1464	sp|Q9XJQ4.1|	RecName: Full=Protein ninG [Enterobacteria phage P21]	40.887	203	103	4	1	576	1	197	1.96e-39	136	Q9XJQ4	Q9XJQ4.1
group_1471	sp|P25254.2|	RecName: Full=Uncharacterized protein PA0392 [Pseudomonas aeruginosa PAO1]	63.731	193	68	1	1	573	1	193	4.2399999999999996e-67	207	P25254	P25254.2
group_1473	sp|P37506.1|	RecName: Full=Streptothricin acetyltransferase A [Bacillus subtilis subsp. subtilis str. 168]	35.897	156	97	3	100	564	20	173	1.5300000000000001e-27	105	P37506	P37506.1
group_1474	sp|Q9HTC0.1|	RecName: Full=D-rhamnosyltransferase WbpZ; AltName: Full=GDP-D-Man:GlcNAc-diphosphate-lipid alpha-1,3-D-mannosyltransferase; AltName: Full=GDP-D-Man:GlcNAc/GalNAc-diphosphate-lipid alpha-1,3-D-mannosyltransferase; AltName: Full=GDP-D-rhamnose:GlcNAc/GalNAc-diphosphate-lipid alpha-1,3-D-rhamnosyltransferase [Pseudomonas aeruginosa PAO1]	58.549	193	79	1	4	579	176	368	9.8e-72	224	Q9HTC0	Q9HTC0.1
group_1483	sp|O64334.1|	RecName: Full=Tail tip assembly protein I; AltName: Full=Gene product 20; Short=gp20 [Escherichia phage N15]	44.503	191	94	4	34	579	4	191	1.46e-38	134	O64334	O64334.1
group_1485	sp|P77626.1|	RecName: Full=HTH-type transcriptional regulator SutR; AltName: Full=Sulfur utilization regulator [Escherichia coli K-12]	31.579	152	95	4	52	504	8	151	8.6e-11	61.2	P77626	P77626.1
group_1487	sp|O64334.1|	RecName: Full=Tail tip assembly protein I; AltName: Full=Gene product 20; Short=gp20 [Escherichia phage N15]	46.114	193	93	3	25	576	1	191	3.8e-40	138	O64334	O64334.1
group_1489	sp|Q8Z3B4.1|	RecName: Full=Homoserine/homoserine lactone efflux protein [Salmonella enterica subsp. enterica serovar Typhi]	35.829	187	118	2	10	567	20	205	1.17e-25	101	Q8Z3B4	Q8Z3B4.1
group_149	sp|Q9I0I6.1|	RecName: Full=Methyl-accepting chemotaxis protein CtpM [Pseudomonas aeruginosa PAO1]	38.485	330	203	0	1000	1989	232	561	1.5599999999999999e-38	154	Q9I0I6	Q9I0I6.1
group_1493	sp|P46358.2|	RecName: Full=Probable RNA polymerase sigma factor RfaY [Xanthomonas campestris pv. campestris str. ATCC 33913]	30.508	177	90	8	37	513	15	176	4.85e-6	49.3	P46358	P46358.2
group_1494	sp|P40586.1|	RecName: Full=Uncharacterized protein YIR042C [Saccharomyces cerevisiae S288C]	32.292	192	120	5	10	570	27	213	3.95e-25	100	P40586	P40586.1
group_1495	sp|O64334.1|	RecName: Full=Tail tip assembly protein I; AltName: Full=Gene product 20; Short=gp20 [Escherichia phage N15]	48.691	191	88	4	31	573	1	191	3.8399999999999996e-45	150	O64334	O64334.1
group_1498	sp|P76121.2|	RecName: Full=Uncharacterized protein YddH [Escherichia coli K-12]	50.549	182	86	3	22	558	6	186	1.31e-59	187	P76121	P76121.2
group_15	sp|Q9I310.1|	RecName: Full=Bifunctional diguanylate cyclase/cyclic di-GMP phosphodiesterase MucR; Short=DGC/PDE; AltName: Full=c-di-GMP-synthesizing enzyme [Pseudomonas aeruginosa PAO1]	44.725	436	236	1	2518	3825	255	685	1.44e-113	374	Q9I310	Q9I310.1
group_1501	sp|Q54FK1.1|	RecName: Full=5'-deoxynucleotidase HDDC2; AltName: Full=HD domain-containing protein 2 homolog [Dictyostelium discoideum]	31.544	149	94	2	28	450	5	153	2.52e-16	76.3	Q54FK1	Q54FK1.1
group_1503	sp|P03034.2|	RecName: Full=Repressor protein cI [Escherichia phage Lambda]	46.154	91	49	0	7	279	5	95	6.19e-19	84.3	P03034	P03034.2
group_1506	sp|Q7CQM8.1|	RecName: Full=Tetrathionate response regulatory protein TtrR [Salmonella enterica subsp. enterica serovar Typhimurium str. LT2]	50	54	27	0	394	555	136	189	1.33e-9	58.5	Q7CQM8	Q7CQM8.1
group_1508	sp|Q92LF6.1|	RecName: Full=L-proline cis-4-hydroxylase; Short=P4H [Sinorhizobium meliloti 1021]	34.568	81	53	0	322	564	94	174	1.07e-6	51.2	Q92LF6	Q92LF6.1
group_1509	sp|C3K3J9.1|	RecName: Full=UPF0301 protein PFLU_5755 [Pseudomonas [fluorescens] SBW25]	96.825	189	6	0	1	567	1	189	2.95e-133	374	C3K3J9	C3K3J9.1
group_151	sp|P03708.1|	RecName: Full=Terminase, large subunit; AltName: Full=DNA-packaging protein A; AltName: Full=Large terminase protein; AltName: Full=gpA; Includes: RecName: Full=Endonuclease; Includes: RecName: Full=ATPase [Escherichia phage Lambda]	35.655	603	344	15	58	1791	15	598	4.71e-86	285	P03708	P03708.1
group_1512	sp|Q9HX72.1|	RecName: Full=Acetyltransferase PA3944; AltName: Full=GCN5-related N-acetyltransferase; Short=GNAT [Pseudomonas aeruginosa PAO1]	52.222	180	86	0	10	549	10	189	8.109999999999999e-61	190	Q9HX72	Q9HX72.1
group_1514	sp|Q9I4L4.1|	RecName: Full=Negative regulator YfiR [Pseudomonas aeruginosa PAO1]	53.529	170	78	1	52	558	20	189	5.59e-61	191	Q9I4L4	Q9I4L4.1
group_1518	sp|P0DXF4.1|	RecName: Full=Functional amyloid subunit FapB; AltName: Full=Fibril amyloid subunit FapB; Flags: Precursor [Pseudomonas fluorescens]	62.366	186	65	3	1	558	1	181	4.4700000000000004e-64	198	P0DXF4	P0DXF4.1
group_1519	sp|P67430.1|	RecName: Full=HTH-type transcriptional repressor NemR; AltName: Full=Bleach-sensing transcription factor; AltName: Full=Redox-regulated transcription factor NemR [Escherichia coli K-12]	30.894	123	83	2	1	363	1	123	3.8e-11	62.8	P67430	P67430.1
group_152	sp|P0DKX5.1|	RecName: Full=Cyclolysin secretion/processing ATP-binding protein CyaB [Bordetella pertussis Tohama I]	61.941	649	241	4	46	1983	64	709	0	795	P0DKX5	P0DKX5.1
group_1525	sp|P64816.1|	RecName: Full=Uncharacterized protein Mb1372 [Mycobacterium tuberculosis variant bovis AF2122/97]	40.107	187	101	3	16	546	39	224	8.41e-29	110	P64816	P64816.1
group_1527	sp|P74615.1|	RecName: Full=Protein sll1483; Flags: Precursor [Synechocystis sp. PCC 6803 substr. Kazusa]	52.564	156	61	3	91	558	36	178	1.1099999999999999e-41	141	P74615	P74615.1
group_153	sp|P51718.1|	RecName: Full=Probable terminase, ATPase subunit; AltName: Full=ORF16 [Haemophilus phage HP1c1]	44.426	601	308	9	7	1752	14	607	3.3999999999999993e-174	512	P51718	P51718.1
group_1533	sp|Q4K406.1|	RecName: Full=UPF0149 protein PFL_5969 [Pseudomonas protegens Pf-5]	79.032	186	37	2	1	555	1	185	1.6199999999999997e-89	263	Q4K406	Q4K406.1
group_1536	sp|P45900.1|	RecName: Full=Uncharacterized protein YqaC; Flags: Precursor [Bacillus subtilis subsp. subtilis str. 168]	43.407	182	99	2	1	546	1	178	1.1e-35	125	P45900	P45900.1
group_1537	sp|P45108.1|	RecName: Full=Colicin V production protein homolog [Haemophilus influenzae Rd KW20]	42.52	127	71	2	70	447	20	145	4.02e-22	90.5	P45108	P45108.1
group_1538	sp|P12552.1|	RecName: Full=Uncharacterized protein ORF88; AltName: Full=Putative DNA-binding protein [Enterobacteria phage P4]	47.17	53	28	0	367	525	27	79	5.22e-11	59.7	P12552	P12552.1
group_1540	sp|A0A0H2VDN9.1|	RecName: Full=Secretory immunoglobulin A-binding protein EsiB; Flags: Precursor [Escherichia coli CFT073]	35.294	102	55	1	94	399	19	109	1.89e-11	65.1	A0A0H2VDN9	A0A0H2VDN9.1
group_1542	sp|P0AD05.1|	RecName: Full=Uncharacterized protein YecA [Escherichia coli K-12]	37.5	184	113	1	1	546	1	184	6.95e-40	137	P0AD05	P0AD05.1
group_1543	sp|P94482.1|	RecName: Full=Uncharacterized N-acetyltransferase YnaD [Bacillus subtilis subsp. subtilis str. 168]	30.114	176	113	5	19	540	2	169	3.04e-20	85.9	P94482	P94482.1
group_1547	sp|P23484.3|	RecName: Full=Ferric citrate uptake sigma factor FecI [Escherichia coli K-12]	31.818	132	83	3	115	504	38	164	4.3e-11	62	P23484	P23484.3
group_1548	sp|P76345.2|	RecName: Full=Cytochrome b561 homolog 1 [Escherichia coli K-12]	34.483	174	113	1	22	540	2	175	4.77e-24	95.9	P76345	P76345.2
group_1549	sp|P37929.1|	RecName: Full=RNA polymerase sigma factor HrpL [Pseudomonas syringae pv. syringae]	49.677	155	78	0	61	525	24	178	3.8199999999999996e-47	155	P37929	P37929.1
group_155	sp|Q9HW91.1|	RecName: Full=Methyl-accepting chemotaxis protein PctB [Pseudomonas aeruginosa PAO1]	33.634	443	241	9	775	1974	196	628	1.33e-33	140	Q9HW91	Q9HW91.1
group_1551	sp|O34479.1|	RecName: Full=SPbeta prophage-derived putative HNH homing endonuclease YosQ [Bacillus subtilis subsp. subtilis str. 168]	34.058	138	85	5	139	540	24	159	1.98e-11	62.8	O34479	O34479.1
group_1558	sp|B0TTR5.1|	RecName: Full=Probable alpha-L-glutamate ligase [Shewanella halifaxensis HAW-EB4]	31.293	147	90	4	79	510	5	143	3.18e-13	70.1	B0TTR5	B0TTR5.1
group_1559	sp|P51024.2|	RecName: Full=Uncharacterized protein YaiL [Escherichia coli K-12]	38.378	185	99	4	7	543	4	179	8.98e-30	110	P51024	P51024.2
group_1566	sp|Q9HU21.1|	RecName: Full=dTDP-4-dehydrorhamnose 3,5-epimerase; AltName: Full=Thymidine diphospho-4-keto-rhamnose 3,5-epimerase; AltName: Full=dTDP-4-keto-6-deoxyglucose 3,5-epimerase; AltName: Full=dTDP-6-deoxy-D-xylo-4-hexulose 3,5-epimerase; AltName: Full=dTDP-L-rhamnose synthase [Pseudomonas aeruginosa PAO1]	64.641	181	63	1	1	543	1	180	2e-84	249	Q9HU21	Q9HU21.1
group_1569	sp|P51738.1|	RecName: Full=Uncharacterized 20.8 kDa protein in lys 3'region; AltName: Full=ORF34 [Haemophilus phage HP1c1]	38.333	120	74	0	1	360	8	127	3.46e-18	80.9	P51738	P51738.1
group_157	sp|Q6GIB3.1|	RecName: Full=Putative O-acetyltransferase SAR0937 [Staphylococcus aureus subsp. aureus MRSA252]	31.609	348	219	10	1	996	22	366	1.3e-18	93.6	Q6GIB3	Q6GIB3.1
group_1570	sp|P18103.1|	RecName: Full=K99 fimbrial protein; Flags: Precursor [Escherichia coli]	31.538	130	71	6	1	390	1	112	7.71e-8	53.1	P18103	P18103.1
group_1571	sp|P17551.1|	RecName: Full=Chromate transport protein [Cupriavidus metallidurans CH34]	33.721	86	57	0	61	318	243	328	7.91e-9	57.4	P17551	P17551.1
group_1572	sp|P76190.1|	RecName: Full=Murein DD-endopeptidase MepH; AltName: Full=Murein hydrolase MepH; Flags: Precursor [Escherichia coli K-12]	40.458	131	77	1	139	528	140	270	4.7299999999999997e-35	126	P76190	P76190.1
group_1573	sp|A8K979.2|	RecName: Full=ERI1 exoribonuclease 2; AltName: Full=Exonuclease domain-containing protein 1 [Homo sapiens]	30.89	191	111	4	7	519	36	225	7.19e-21	92.4	A8K979	A8K979.2
group_1574	sp|Q9FMX7.1|	RecName: Full=Nicotinamidase 2; Short=AtNIC2; AltName: Full=Nicotinamide deamidase 2 [Arabidopsis thaliana]	32.45	151	79	4	13	417	22	165	5.71e-10	59.3	Q9FMX7	Q9FMX7.1
group_1577	sp|P0AB35.1|	RecName: Full=Uncharacterized protein YcfJ [Escherichia coli K-12]	56	150	66	0	76	525	26	175	3.53e-31	114	P0AB35	P0AB35.1
group_1579	sp|Q5XIE1.1|	RecName: Full=Protein THEM6; Flags: Precursor [Rattus norvegicus]	43.956	91	49	2	67	336	45	134	5.1e-14	70.5	Q5XIE1	Q5XIE1.1
group_158	sp|Q88D09.1|	RecName: Full=Methyl-accepting chemotaxis protein McpQ [Pseudomonas putida KT2440]	54.217	332	152	0	970	1965	307	638	3.4299999999999995e-55	202	Q88D09	Q88D09.1
group_1583	sp|Q44583.1|	RecName: Full=RNA polymerase sigma factor NccH [Achromobacter xylosoxidans]	32.308	130	82	3	97	477	45	171	1.88e-7	52	Q44583	Q44583.1
group_1584	sp|Q9HYV6.1|	RecName: Full=Putative ankyrin repeat protein PA3287 [Pseudomonas aeruginosa PAO1]	34.694	147	92	2	55	486	3	148	2.26e-17	78.2	Q9HYV6	Q9HYV6.1
group_1587	sp|O07001.1|	RecName: Full=Uncharacterized HTH-type transcriptional regulator YvdT [Bacillus subtilis subsp. subtilis str. 168]	30.851	94	56	2	28	291	10	100	2.76e-6	48.9	O07001	O07001.1
group_1588	sp|P51738.1|	RecName: Full=Uncharacterized 20.8 kDa protein in lys 3'region; AltName: Full=ORF34 [Haemophilus phage HP1c1]	32.584	178	116	2	1	528	8	183	9.6e-19	82.4	P51738	P51738.1
group_159	sp|P51731.1|	RecName: Full=Probable tape measure protein; Short=TMP; AltName: Full=Gene product 27; Short=gp27 [Haemophilus phage HP1c1]	52.32	388	184	1	10	1170	2	389	2.0299999999999997e-96	314	P51731	P51731.1
group_1594	sp|Q5FQ97.1|	RecName: Full=Gluconokinase; AltName: Full=Gluconate kinase [Gluconobacter oxydans 621H]	52.985	134	63	0	22	423	15	148	6.9999999999999995e-40	136	Q5FQ97	Q5FQ97.1
group_1598	sp|P44187.1|	RecName: Full=Glycosyl hydrolase family 19 domain-containing protein HI_1415 [Haemophilus influenzae Rd KW20]	35.122	205	92	10	1	525	3	196	1.36e-20	87.4	P44187	P44187.1
group_1599	sp|P44187.1|	RecName: Full=Glycosyl hydrolase family 19 domain-containing protein HI_1415 [Haemophilus influenzae Rd KW20]	38	200	82	9	1	507	3	191	3.98e-24	96.7	P44187	P44187.1
group_1601	sp|P44187.1|	RecName: Full=Glycosyl hydrolase family 19 domain-containing protein HI_1415 [Haemophilus influenzae Rd KW20]	36.139	202	94	8	1	525	3	196	1.8499999999999998e-23	94.7	P44187	P44187.1
group_1605	sp|O34612.1|	RecName: Full=Uncharacterized protein YjlB [Bacillus subtilis subsp. subtilis str. 168]	32.53	166	105	2	31	522	5	165	4.37e-25	98.2	O34612	O34612.1
group_1606	sp|O34612.1|	RecName: Full=Uncharacterized protein YjlB [Bacillus subtilis subsp. subtilis str. 168]	35.119	168	102	2	19	516	1	163	3.8200000000000003e-29	108	O34612	O34612.1
group_1607	sp|P71049.1|	RecName: Full=HTH-type transcriptional regulator SlrR [Bacillus subtilis subsp. subtilis str. 168]	39.706	68	40	1	13	213	6	73	8.21e-6	47	P71049	P71049.1
group_1614	sp|P03796.1|	RecName: Full=Protein 7.7; AltName: Full=Gene product 7.7; Short=Gp7.7 [Escherichia phage T7]	34.286	140	79	5	76	492	3	130	6.12e-16	73.6	P03796	P03796.1
group_1615	sp|P43502.1|	RecName: Full=Protein PilI [Pseudomonas aeruginosa PAO1]	63.842	177	60	2	1	519	1	177	3.8699999999999996e-60	187	P43502	P43502.1
group_1617	sp|B8NHE3.1|	RecName: Full=Methyltransferase flvH; AltName: Full=Flavunoidine biosynthesis cluster protein H [Aspergillus flavus NRRL3357]	39.062	64	37	1	280	465	77	140	1.78e-6	49.3	B8NHE3	B8NHE3.1
group_1618	sp|P51734.1|	RecName: Full=Putative tail protein gp30; AltName: Full=Gene product 30; Short=gp30 [Haemophilus phage HP1c1]	47.977	173	90	0	4	522	1	173	1.1499999999999999e-57	181	P51734	P51734.1
group_1619	sp|P51734.1|	RecName: Full=Putative tail protein gp30; AltName: Full=Gene product 30; Short=gp30 [Haemophilus phage HP1c1]	45.665	173	94	0	4	522	1	173	2.0999999999999996e-56	178	P51734	P51734.1
group_1626	sp|Q3KI17.2|	RecName: Full=Dual-action ribosomal maturation protein DarP; AltName: Full=Large ribosomal subunit assembly factor DarP [Pseudomonas fluorescens Pf0-1]	93.103	174	11	1	1	519	1	174	6.1499999999999995e-115	326	Q3KI17	Q3KI17.2
group_163	sp|Q1QYW0.1|	RecName: Full=Probable membrane-anchored ferredoxin csal_0991; AltName: Full=Transmembrane clostridial-type ferredoxin [Chromohalobacter israelensis DSM 3043]	74.38	605	141	3	67	1839	23	627	0	854	Q1QYW0	Q1QYW0.1
group_1630	sp|P31047.1|	RecName: Full=Uncharacterized protein in lpd-3 5'region; AltName: Full=ORF1 [Pseudomonas putida]	60.993	141	49	3	1	411	1	139	1.49e-54	172	P31047	P31047.1
group_1633	sp|P04174.1|	RecName: Full=Dihydrofolate reductase [Neisseria gonorrhoeae]	47.826	161	77	2	13	492	2	156	2.92e-47	154	P04174	P04174.1
group_1635	sp|A0LZ23.1|	RecName: Full=DNA ligase; AltName: Full=Polydeoxyribonucleotide synthase [NAD(+)] [Christiangramia forsetii KT0803]	37.143	70	43	1	292	498	594	663	1.84e-6	50.4	A0LZ23	A0LZ23.1
group_1636	sp|P0DXX5.1|	RecName: Full=tRNA-acetylating toxin 2; Short=TacT2 [Salmonella enterica subsp. enterica serovar Enteritidis]	35.443	158	99	3	40	513	2	156	1.93e-24	96.3	P0DXX5	P0DXX5.1
group_1638	sp|P68928.2|	RecName: Full=Terminase small subunit; AltName: Full=G1P; AltName: Full=Terminase, small subunit [Bacillus phage SF6]	30.625	160	90	5	7	483	6	145	5.2100000000000003e-08	52.8	P68928	P68928.2
group_164	sp|P50100.2|	RecName: Full=Uncharacterized protein MK0525; AltName: Full=OrfX [Methanopyrus kandleri AV19]	30.645	124	84	2	526	891	3	126	4.1e-9	60.1	P50100	P50100.2
group_1640	sp|Q9I745.1|	RecName: Full=Type VI secretion system component TssE1 [Pseudomonas aeruginosa PAO1]	67.262	168	55	0	4	507	1	168	7.69e-71	214	Q9I745	Q9I745.1
group_1641	sp|A8H4D4.1|	RecName: Full=Probable alpha-L-glutamate ligase [Shewanella pealeana ATCC 700345]	36.434	129	70	3	79	453	7	127	3.47e-12	66.6	A8H4D4	A8H4D4.1
group_1642	sp|Q9HYV6.1|	RecName: Full=Putative ankyrin repeat protein PA3287 [Pseudomonas aeruginosa PAO1]	56.429	140	61	0	1	420	1	140	8.62e-49	158	Q9HYV6	Q9HYV6.1
group_1646	sp|P22502.2|	RecName: Full=Tail tube protein; Short=TTP; AltName: Full=Protein FII [Bacteriophage P2]	52.907	172	80	1	1	513	1	172	3.23e-54	172	P22502	P22502.2
group_165	sp|P55706.1|	RecName: Full=Uncharacterized protein y4xN [Sinorhizobium fredii NGR234]	34.861	611	383	11	115	1911	20	627	4.0599999999999995e-96	311	P55706	P55706.1
group_1655	sp|P51771.1|	RecName: Full=Endolysin; AltName: Full=Lysis protein; AltName: Full=Lysozyme; AltName: Full=Protein gpK; AltName: Full=Transglycosylase [Bacteriophage P2]	62.025	158	60	0	34	507	8	165	1.73e-66	203	P51771	P51771.1
group_1656	sp|P51771.1|	RecName: Full=Endolysin; AltName: Full=Lysis protein; AltName: Full=Lysozyme; AltName: Full=Protein gpK; AltName: Full=Transglycosylase [Bacteriophage P2]	61.392	158	61	0	34	507	8	165	1.85e-65	200	P51771	P51771.1
group_1657	sp|Q03629.1|	RecName: Full=Uncharacterized protein YML079W [Saccharomyces cerevisiae S288C]	37.419	155	84	4	1	432	23	175	2.25e-23	94.4	Q03629	Q03629.1
group_1664	sp|P55504.1|	RecName: Full=Uncharacterized protein y4jD [Sinorhizobium fredii NGR234]	31.169	154	83	5	76	507	6	146	2.11e-7	52.8	P55504	P55504.1
group_1665	sp|Q9I749.1|	RecName: Full=Type VI secretion system sheath protein TssB1; AltName: Full=Sheath protein HsiB1 [Pseudomonas aeruginosa PAO1]	92.073	164	13	0	13	504	6	169	7.919999999999999e-107	305	Q9I749	Q9I749.1
group_1667	sp|I6YG32.1|	RecName: Full=N-alpha-acetyltransferase RimI [Mycobacterium tuberculosis H37Rv]	37.168	113	64	3	118	453	36	142	1.92e-9	56.6	I6YG32	I6YG32.1
group_1674	sp|O05216.1|	RecName: Full=Chromate transport protein chrB [Bacillus subtilis subsp. subtilis str. 168]	30.476	105	68	3	7	309	17	120	1.3e-8	55.1	O05216	O05216.1
group_1678	sp|P83221.3|	RecName: Full=Peptidyl-prolyl cis-trans isomerase cyp18; Short=PPIase cyp18; Short=SanCyp18; AltName: Full=Rotamase cyp18 [Streptomyces antibioticus]	65.868	167	56	1	1	501	1	166	4.6800000000000003e-79	234	P83221	P83221.3
group_1681	sp|Q9I749.1|	RecName: Full=Type VI secretion system sheath protein TssB1; AltName: Full=Sheath protein HsiB1 [Pseudomonas aeruginosa PAO1]	33.645	107	66	3	19	333	13	116	2.63e-13	67.4	Q9I749	Q9I749.1
group_1689	sp|P0A2S0.2|	RecName: Full=Leucine-responsive regulatory protein [Salmonella enterica subsp. enterica serovar Typhimurium str. LT2]	43.651	126	69	2	40	414	12	136	3.1100000000000004e-26	100	P0A2S0	P0A2S0.2
group_169	sp|P0ACY3.1|	RecName: Full=Serine/threonine kinase YeaG; Short=Ser/Thr kinase YeaG; AltName: Full=Protein kinase YeaG; AltName: Full=Stress kinase YeaG [Escherichia coli K-12]	77.294	643	142	1	1	1917	1	643	0	1008	P0ACY3	P0ACY3.1
group_1690	sp|Q9I749.1|	RecName: Full=Type VI secretion system sheath protein TssB1; AltName: Full=Sheath protein HsiB1 [Pseudomonas aeruginosa PAO1]	30.252	119	77	2	34	384	18	132	9.84e-7	49.7	Q9I749	Q9I749.1
group_1704	sp|C3K0T6.1|	RecName: Full=Putative 4-hydroxy-4-methyl-2-oxoglutarate aldolase; Short=HMG aldolase; AltName: Full=Oxaloacetate decarboxylase; Short=OAA decarboxylase; AltName: Full=Regulator of ribonuclease activity homolog; AltName: Full=RraA-like protein [Pseudomonas [fluorescens] SBW25]	98.773	163	2	0	1	489	1	163	7.94e-118	332	C3K0T6	C3K0T6.1
group_1705	sp|O34777.1|	RecName: Full=Organic hydroperoxide resistance transcriptional regulator [Bacillus subtilis subsp. subtilis str. 168]	48.837	129	58	2	25	402	8	131	3.5100000000000004e-26	99.8	O34777	O34777.1
group_1706	sp|Q96F10.1|	RecName: Full=Thialysine N-epsilon-acetyltransferase; AltName: Full=Diamine acetyltransferase 2; AltName: Full=Spermidine/spermine N(1)-acetyltransferase 2; Short=SSAT-2 [Homo sapiens]	36.765	68	42	1	235	438	81	147	1.17e-7	52	Q96F10	Q96F10.1
group_1707	sp|Q7M1B9.3|	RecName: Full=Thioredoxin; Short=Trx [Chloroflexus aurantiacus J-10-fl]	31.683	101	62	2	22	315	7	103	2.38e-8	52.8	Q7M1B9	Q7M1B9.3
group_171	sp|Q88JU3.1|	RecName: Full=3-dehydroshikimate dehydratase; Short=DSD [Pseudomonas putida KT2440]	82.835	635	107	1	1	1899	1	635	0	1026	Q88JU3	Q88JU3.1
group_1712	sp|C3K2C1.1|	RecName: Full=UPF0114 protein PFLU_5318 [Pseudomonas [fluorescens] SBW25]	98.148	162	3	0	1	486	1	162	8.049999999999999e-89	259	C3K2C1	C3K2C1.1
group_1713	sp|Q46864.1|	RecName: Full=Antitoxin MqsA [Escherichia coli K-12]	32.09	134	71	4	22	405	12	131	5.92e-13	65.1	Q46864	Q46864.1
group_1716	sp|Q88LK1.1|	RecName: Full=Arsenic resistance transcriptional regulator ArsR1 [Pseudomonas putida KT2440]	65.254	118	41	0	133	486	11	128	8.429999999999999e-42	139	Q88LK1	Q88LK1.1
group_1717	sp|Q52982.1|	RecName: Full=Probable K(+)/H(+) antiporter subunit E; AltName: Full=pH adaptation potassium efflux system protein E; Short=Pha system subunit E [Sinorhizobium meliloti 1021]	41.414	99	57	1	190	486	64	161	5.07e-15	71.2	Q52982	Q52982.1
group_1718	sp|E1VBT6.1|	RecName: Full=Putative glutathione-dependent formaldehyde-activating enzyme [Halomonas elongata DSM 2581]	63.125	160	53	2	1	480	1	154	2.5600000000000002e-70	212	E1VBT6	E1VBT6.1
group_1721	sp|P03797.1|	RecName: Full=Protein 3.8; AltName: Full=Gene product 3.8; Short=Gp3.8 [Escherichia phage T7]	39.344	61	36	1	214	393	31	91	5.94e-6	46.6	P03797	P03797.1
group_1723	sp|P03797.1|	RecName: Full=Protein 3.8; AltName: Full=Gene product 3.8; Short=Gp3.8 [Escherichia phage T7]	40.984	61	35	1	214	393	31	91	2.86e-6	47.4	P03797	P03797.1
group_1724	sp|P0A0Q7.1|	RecName: Full=Protein VdlD [Helicobacter pylori 26695]	51.773	141	67	1	16	438	22	161	6.249999999999999e-48	155	P0A0Q7	P0A0Q7.1
group_1727	sp|C3JYU1.1|	RecName: Full=Nucleotide-binding protein PFLU_4927 [Pseudomonas [fluorescens] SBW25]	98.758	161	2	0	1	483	1	161	7.759999999999999e-101	289	C3JYU1	C3JYU1.1
group_1747	sp|Q6P8J2.1|	RecName: Full=Thialysine N-epsilon-acetyltransferase; AltName: Full=Diamine acetyltransferase 2; AltName: Full=Spermidine/spermine N(1)-acetyltransferase 2; Short=SSAT-2 [Mus musculus]	38.922	167	90	3	4	471	3	168	5.88e-36	125	Q6P8J2	Q6P8J2.1
group_175	sp|Q9I310.1|	RecName: Full=Bifunctional diguanylate cyclase/cyclic di-GMP phosphodiesterase MucR; Short=DGC/PDE; AltName: Full=c-di-GMP-synthesizing enzyme [Pseudomonas aeruginosa PAO1]	44.125	417	232	1	577	1827	265	680	8.45e-115	361	Q9I310	Q9I310.1
group_1751	sp|P39354.2|	PUTATIVE PSEUDOGENE: RecName: Full=Putative uncharacterized protein YjhD [Escherichia coli K-12]	35.938	64	41	0	283	474	1	64	2.12e-8	52	P39354	P39354.2
group_1756	sp|P20378.1|	RecName: Full=Putative esterase VNG_1336C [Halobacterium salinarum NRC-1]	38.667	75	43	2	67	282	26	100	2.7e-7	50.4	P20378	P20378.1
group_1760	sp|Q6ACU3.2|	RecName: Full=Putative lipoprotein Lxx21020; Flags: Precursor [Leifsonia xyli subsp. xyli str. CTCB07]	30.435	138	85	3	40	420	18	155	2.26e-10	59.3	Q6ACU3	Q6ACU3.2
group_1766	sp|Q5SID7.1|	RecName: Full=Cyclic AMP receptor protein; AltName: Full=Cyclic AMP receptor protein/Fumarate and nitrate reduction regulator superfamily protein TTHA1437; Short=CRP/FNR superfamily protein TTHA1437; AltName: Full=cAMP receptor protein; Short=CRP [Thermus thermophilus HB8]	40.816	98	58	0	58	351	6	103	7.21e-15	72	Q5SID7	Q5SID7.1
group_1767	sp|P73321.1|	RecName: Full=Protein MrgA [Synechocystis sp. PCC 6803 substr. Kazusa]	57.616	151	64	0	7	459	4	154	1.62e-62	192	P73321	P73321.1
group_177	sp|Q57180.1|	RecName: Full=Uncharacterized ABC transporter ATP-binding protein HI_1051 [Haemophilus influenzae Rd KW20]	50.991	555	269	2	196	1857	57	609	0	555	Q57180	Q57180.1
group_1779	sp|O96876.1|	RecName: Full=Protein TCP17 [Trypanosoma cruzi]	42.52	127	72	1	76	453	29	155	1.54e-21	88.2	O96876	O96876.1
group_1794	sp|P36934.1|	RecName: Full=Tail completion protein S; AltName: Full=GpS [Bacteriophage P2]	35.772	123	63	4	112	444	31	149	1.47e-13	67	P36934	P36934.1
group_18	sp|P0DXX7.1|	RecName: Full=Tip attachment protein J; AltName: Full=Central tail fiber; Short=CTF; AltName: Full=gpJ protein [Escherichia phage SECphi27]	33.525	1217	710	20	16	3621	3	1135	0	642	P0DXX7	P0DXX7.1
group_180	sp|Q9I744.1|	RecName: Full=Type VI secretion system component TssF1 [Pseudomonas aeruginosa PAO1]	80.129	619	123	0	1	1857	1	619	0	1014	Q9I744	Q9I744.1
group_1800	sp|P75976.2|	RecName: Full=Uncharacterized protein YmfL [Escherichia coli K-12]	30.357	112	77	1	55	390	25	135	9.5e-8	52.4	P75976	P75976.2
group_1802	sp|P0AE91.1|	RecName: Full=Protein CreA; AltName: Full=Catabolite regulation protein A; Flags: Precursor [Escherichia coli K-12]	64.234	137	45	1	52	450	19	155	1.52e-63	194	P0AE91	P0AE91.1
group_1806	sp|Q55535.1|	RecName: Full=Putative low molecular weight protein-tyrosine-phosphatase slr0328 [Synechocystis sp. PCC 6803 substr. Kazusa]	45.513	156	82	3	1	462	1	155	1.73e-38	131	Q55535	Q55535.1
group_1811	sp|P33355.1|	RecName: Full=Uncharacterized protein YehS [Escherichia coli K-12]	51.333	150	73	0	1	450	1	150	5.2e-52	165	P33355	P33355.1
group_1814	sp|P43015.2|	RecName: Full=Transcriptional regulator HilA; Short=Protein IagA [Salmonella enterica subsp. enterica serovar Typhimurium str. LT2]	39.241	79	47	1	91	324	27	105	3.91e-6	48.9	P43015	P43015.2
group_1819	sp|O07614.1|	RecName: Full=Uncharacterized N-acetyltransferase YhfO [Bacillus subtilis subsp. subtilis str. 168]	39.597	149	87	1	1	447	1	146	7.12e-27	101	O07614	O07614.1
group_1821	sp|P64742.2|	RecName: Full=Uncharacterized protein Mb0911c [Mycobacterium tuberculosis variant bovis AF2122/97]	41.096	146	78	2	34	456	8	150	9.839999999999999e-30	108	P64742	P64742.2
group_1824	sp|P36934.1|	RecName: Full=Tail completion protein S; AltName: Full=GpS [Bacteriophage P2]	36.986	146	89	2	22	456	7	150	2.0800000000000002e-29	107	P36934	P36934.1
group_1825	sp|P36934.1|	RecName: Full=Tail completion protein S; AltName: Full=GpS [Bacteriophage P2]	38.411	151	89	3	1	450	1	148	1.47e-12	64.3	P36934	P36934.1
group_1826	sp|C3K407.1|	RecName: Full=UPF0178 protein PFLU_5917 [Pseudomonas [fluorescens] SBW25]	94.702	151	8	0	1	453	1	151	7.05e-97	278	C3K407	C3K407.1
group_1829	sp|E1WAC2.1|	RecName: Full=Invasion protein IagB; Flags: Precursor [Salmonella enterica subsp. enterica serovar Typhimurium str. SL1344]	50.781	128	62	1	55	438	16	142	1.0999999999999999e-42	142	E1WAC2	E1WAC2.1
group_1832	sp|Q9HYH1.1|	RecName: Full=Uncharacterized protein PA3435 [Pseudomonas aeruginosa PAO1]	82.119	151	26	1	1	453	1	150	1.39e-85	250	Q9HYH1	Q9HYH1.1
group_1834	sp|P9WNP2.1|	RecName: Full=3-hydroxyacyl-thioester dehydratase Z; AltName: Full=Enoyl-CoA hydratase 2; AltName: Full=N-related protein; AltName: Full=Nodulation protein [Mycobacterium tuberculosis CDC1551]	49.306	144	72	1	16	447	7	149	2.31e-45	148	P9WNP2	P9WNP2.1
group_1835	sp|P0DXF3.1|	RecName: Full=Functional amyloid chaperone FapA; AltName: Full=Fibril amyloid chaperone protein FapA; Flags: Precursor [Pseudomonas fluorescens]	60.833	120	44	3	91	441	30	149	8.02e-28	103	P0DXF3	P0DXF3.1
group_1843	sp|Q43899.1|	RecName: Full=Aminoglycoside N(6')-acetyltransferase type 1; AltName: Full=AAC(6')-Ih; AltName: Full=Aminoglycoside resistance protein [Acinetobacter baumannii]	52.593	135	63	1	31	435	12	145	1.7e-40	135	Q43899	Q43899.1
group_1845	sp|Q9XJJ6.1|	RecName: Full=Spanin, inner membrane subunit; Short=i-spanin; AltName: Full=Lysis protein Rz [Escherichia phage 933W]	34.868	152	85	3	25	444	4	153	5.66e-13	65.5	Q9XJJ6	Q9XJJ6.1
group_1849	sp|I1RV22.1|	RecName: Full=Putative acetyltransferase FG08082; AltName: Full=Butenolide biosynthesis cluster protein FG08082 [Fusarium graminearum PH-1]	30.769	143	72	4	22	378	10	149	4.48e-12	63.5	I1RV22	I1RV22.1
group_1850	sp|Q9P016.1|	RecName: Full=Thymocyte nuclear protein 1; AltName: Full=Thymocyte protein Thy28 [Homo sapiens]	42.169	166	76	6	4	444	55	219	1.06e-24	97.8	Q9P016	Q9P016.1
group_1852	sp|C3K5F5.1|	RecName: Full=UPF0260 protein PFLU_1520 [Pseudomonas [fluorescens] SBW25]	97.315	149	4	0	1	447	1	149	1.0999999999999997e-106	303	C3K5F5	C3K5F5.1
group_1854	sp|P51726.1|	RecName: Full=Putative tail tube protein; AltName: Full=ORF24 [Haemophilus phage HP1c1]	54.286	140	64	0	1	420	1	140	2.32e-45	148	P51726	P51726.1
group_1855	sp|P51726.1|	RecName: Full=Putative tail tube protein; AltName: Full=ORF24 [Haemophilus phage HP1c1]	53.571	140	65	0	1	420	1	140	2.29e-45	148	P51726	P51726.1
group_1857	sp|P0A4H2.1|	RecName: Full=Virulence factors putative positive transcription regulator BvgA [Bordetella pertussis Tohama I]	36.508	126	80	0	1	378	1	126	2.7200000000000002e-21	88.6	P0A4H2	P0A4H2.1
group_1858	sp|Q06592.1|	RecName: Full=Histone acetyltransferase HPA2 [Saccharomyces cerevisiae S288C]	35.811	148	92	2	7	441	8	155	4.63e-26	99.4	Q06592	Q06592.1
group_1865	sp|P75839.1|	RecName: Full=UPF0702 transmembrane protein YcaP [Escherichia coli K-12]	30.556	144	99	1	13	444	24	166	3.96e-13	67.4	P75839	P75839.1
group_1871	sp|Q9I3A4.1|	RecName: Full=Putative esterase PA1618 [Pseudomonas aeruginosa PAO1]	82.857	140	24	0	1	420	1	140	1.95e-85	249	Q9I3A4	Q9I3A4.1
group_1872	sp|P44239.1|	RecName: Full=Mu-like prophage FluMu protein gp46 [Haemophilus influenzae Rd KW20]	31.724	145	88	2	1	435	1	134	3.87e-10	57.4	P44239	P44239.1
group_1876	sp|Q51467.2|	RecName: Full=Flagellar protein FliO [Pseudomonas aeruginosa PAO1]	70.455	88	26	0	172	435	62	149	7.68e-36	124	Q51467	Q51467.2
group_1878	sp|P45517.1|	RecName: Full=Uncharacterized 15.0 kDa protein in dhaT-dhaS intergenic region; AltName: Full=ORFY [Citrobacter freundii]	32.09	134	88	3	1	402	7	137	6.99e-8	51.6	P45517	P45517.1
group_1879	sp|P0DUT9.1|	RecName: Full=Short-chain diamines transporter; AltName: Full=Acinetobacter chlorhexidine efflux protein I [Acinetobacter baumannii ATCC 17978]	37.5	128	80	0	25	408	6	133	1.93e-26	99.8	P0DUT9	P0DUT9.1
group_188	sp|Q8YC41.1|	RecName: Full=Putative binding protein BMEII0691; Flags: Precursor [Brucella melitensis bv. 1 str. 16M]	38.832	582	344	6	73	1803	36	610	8.14e-136	412	Q8YC41	Q8YC41.1
group_1884	sp|P37248.2|	RecName: Full=Transposase for insertion sequence element IS1086 [Cupriavidus metallidurans CH34]	60.938	64	25	0	202	393	266	329	1.72e-19	85.9	P37248	P37248.2
group_189	sp|O05307.1|	RecName: Full=Medium/long-chain-fatty-acid--CoA ligase FadD6; AltName: Full=FACL6 [Mycobacterium tuberculosis H37Rv]	40.577	589	335	5	49	1815	20	593	7.969999999999999e-148	442	O05307	O05307.1
group_1893	sp|P35878.1|	RecName: Full=Transposase for insertion sequence element IS904 [Lactococcus lactis subsp. lactis Il1403]	43.885	139	77	1	1	414	112	250	5.6e-34	122	P35878	P35878.1
group_1895	sp|P45911.1|	RecName: Full=Uncharacterized protein YqaN [Bacillus subtilis subsp. subtilis str. 168]	33.333	135	87	2	19	417	4	137	1.89e-12	63.5	P45911	P45911.1
group_1897	sp|P75976.2|	RecName: Full=Uncharacterized protein YmfL [Escherichia coli K-12]	33.75	80	51	1	136	375	64	141	3.77e-6	47.8	P75976	P75976.2
group_19	sp|P09489.1|	RecName: Full=Extracellular serine protease; Flags: Precursor [Serratia marcescens]	35.996	1139	501	31	598	3729	40	1045	2.9599999999999996e-166	525	P09489	P09489.1
group_190	sp|Q10211.1|	RecName: Full=Uncharacterized protein C4H3.03c [Schizosaccharomyces pombe 972h-]	41.204	631	324	16	34	1800	19	644	2.3499999999999998e-138	420	Q10211	Q10211.1
group_1902	sp|P0A649.1|	RecName: Full=Uncharacterized HTH-type transcriptional regulator Mb3122 [Mycobacterium tuberculosis variant bovis AF2122/97]	44.898	98	49	2	16	300	10	105	3.76e-21	86.7	P0A649	P0A649.1
group_1909	sp|P00121.1|	RecName: Full=Cytochrome c5 [Ectopseudomonas mendocina]	83.544	79	13	0	187	423	9	87	4.5499999999999995e-45	145	P00121	P00121.1
group_1910	sp|Q9GPR3.1|	RecName: Full=TM2 domain-containing protein DDB_G0277895 [Dictyostelium discoideum]	41.538	65	37	1	34	225	2	66	4.05e-11	60.5	Q9GPR3	Q9GPR3.1
group_1911	sp|P72793.1|	RecName: Full=Protoporphyrinogen IX oxidase; Short=PPO; Short=Protox [Synechocystis sp. PCC 6803 substr. Kazusa]	44.615	130	65	2	1	372	18	146	1.9799999999999996e-31	114	P72793	P72793.1
group_1912	sp|P0AF80.1|	RecName: Full=UPF0719 inner membrane protein YjfL [Escherichia coli K-12]	38.655	119	72	1	58	414	14	131	2.36e-24	94	P0AF80	P0AF80.1
group_192	sp|P55493.1|	RecName: Full=Uncharacterized protein y4iJ [Sinorhizobium fredii NGR234]	37.438	609	291	15	91	1782	33	596	2.32e-103	328	P55493	P55493.1
group_1920	sp|P0AF48.1|	RecName: Full=UPF0047 protein YjbQ [Escherichia coli K-12]	58.993	139	56	1	1	417	1	138	3.66e-56	174	P0AF48	P0AF48.1
group_1924	sp|O22005.2|	RecName: Full=Probable tail fiber assembly protein; AltName: Full=P37 [Enterobacteria phage SfV]	30	130	81	4	4	366	36	164	8.25e-8	52	O22005	O22005.2
group_1926	sp|Q7CXI0.2|	RecName: Full=Acetyltransferase Atu2258; AltName: Full=GCN5-related N-acetyltransferase; Short=GNAT [Agrobacterium fabrum str. C58]	37.008	127	79	1	37	417	11	136	1.92e-23	91.7	Q7CXI0	Q7CXI0.2
group_1933	sp|P0A0M6.1|	RecName: Full=Putative acetyltransferase SAV1054; AltName: Full=GCN5-related N-acetyltransferase; Short=GNAT [Staphylococcus aureus subsp. aureus Mu50]	37.956	137	81	1	19	417	3	139	1.3500000000000002e-26	100	P0A0M6	P0A0M6.1
group_194	sp|C0SCV1.2|	RecName: Full=Probable Xaa-Pro aminopeptidase P; Short=AMPP; Short=Aminopeptidase P; AltName: Full=Aminoacylproline aminopeptidase; AltName: Full=Prolidase [Paracoccidioides brasiliensis Pb03]	37.316	611	360	11	37	1806	8	616	5.27e-116	361	C0SCV1	C0SCV1.2
group_1957	sp|Q9I644.1|	RecName: Full=Putative esterase PA0474 [Pseudomonas aeruginosa PAO1]	54.962	131	58	1	16	405	4	134	4.87e-35	121	Q9I644	Q9I644.1
group_1961	sp|P68651.1|	RecName: Full=P21 prophage-derived protein NinB [Escherichia coli CFT073]	40.187	107	59	1	67	387	27	128	2.11e-12	63.5	P68651	P68651.1
group_1964	sp|O66120.1|	RecName: Full=Uncharacterized acyl-CoA thioester hydrolase ZMO0511 [Zymomonas mobilis subsp. mobilis ZM4 = ATCC 31821]	39.091	110	67	0	70	399	27	136	1.2e-18	79.7	O66120	O66120.1
group_1972	sp|P06966.1|	RecName: Full=HTH-type transcriptional regulator DicA; AltName: Full=Repressor protein of division inhibition gene dicA [Escherichia coli K-12]	31.783	129	81	3	1	384	6	128	1.4e-9	55.8	P06966	P06966.1
group_1973	sp|P52758.1|	RecName: Full=2-iminobutanoate/2-iminopropanoate deaminase; AltName: Full=14.5 kDa translational inhibitor protein; Short=hp14.5; Short=p14.5; AltName: Full=Heat-responsive protein 12; AltName: Full=Reactive intermediate imine deaminase A homolog; AltName: Full=Translation inhibitor L-PSP ribonuclease; AltName: Full=UK114 antigen homolog [Homo sapiens]	32.71	107	71	1	79	399	23	128	7.24e-11	59.3	P52758	P52758.1
group_1975	sp|O67712.1|	RecName: Full=Flagellar protein FliL [Aquifex aeolicus VF5]	30.097	103	66	3	97	405	63	159	8.45e-8	51.6	O67712	O67712.1
group_1979	sp|P0A103.1|	RecName: Full=ATP synthase protein I [Pseudomonas putida KT2440]	84.444	135	21	0	1	405	1	135	7.15e-71	211	P0A103	P0A103.1
group_1983	sp|P44886.1|	RecName: Full=Uncharacterized acyl-CoA thioester hydrolase HI_0827 [Haemophilus influenzae Rd KW20]	46.341	123	61	2	34	390	14	135	2.6e-36	124	P44886	P44886.1
group_1984	sp|P57362.1|	RecName: Full=Uncharacterized acyl-CoA thioester hydrolase BU274 [Buchnera aphidicola str. APS (Acyrthosiphon pisum)]	31.579	76	51	1	31	258	20	94	1.07e-6	48.1	P57362	P57362.1
group_1996	sp|P0AAR5.1|	RecName: Full=Inner membrane protein YbaN [Escherichia coli K-12]	38.776	98	57	1	25	318	2	96	5.36e-11	59.3	P0AAR5	P0AAR5.1
group_1998	sp|E1VBT6.1|	RecName: Full=Putative glutathione-dependent formaldehyde-activating enzyme [Halomonas elongata DSM 2581]	31.061	132	81	4	13	381	3	133	9.82e-8	51.2	E1VBT6	E1VBT6.1
group_20	sp|Q9I755.1|	RecName: Full=Type VI secretion system component TssM1 [Pseudomonas aeruginosa PAO1]	32.986	288	171	9	247	1056	26	309	1.14e-22	109	Q9I755	Q9I755.1
group_2007	sp|Q05587.2|	RecName: Full=Regulatory protein PocR [Salmonella enterica subsp. enterica serovar Typhimurium str. LT2]	33.019	106	69	1	46	357	186	291	4e-13	67.4	Q05587	Q05587.2
group_2008	sp|P31078.2|	RecName: Full=HTH-type transcriptional regulator PetP [Rhodobacter capsulatus SB 1003]	42.52	127	73	0	1	381	24	150	2.1500000000000002e-26	99.8	P31078	P31078.2
group_2011	sp|Q75KW7.1|	RecName: Full=Two-component response regulator ORR41; AltName: Full=OsRRA14 [Oryza sativa Japonica Group]	33.981	103	57	3	16	303	6	104	9.04e-8	50.8	Q75KW7	Q75KW7.1
group_2015	sp|Q3K426.1|	RecName: Full=Ribonuclease P protein component; Short=RNase P protein; Short=RNaseP protein; AltName: Full=Protein C5 [Pseudomonas fluorescens Pf0-1]	97.115	104	3	0	312	1	1	104	1.6399999999999998e-57	177	Q3K426	Q3K426.1
group_202	sp|P77172.1|	RecName: Full=Cyclic di-GMP phosphodiesterase PdeF [Escherichia coli K-12]	31.513	238	156	5	19	720	497	731	1.19e-21	103	P77172	P77172.1
group_2021	sp|P94533.1|	RecName: Full=Uncharacterized protein YsfE [Bacillus subtilis subsp. subtilis str. 168]	40.741	54	32	0	226	387	27	80	4.45e-10	55.5	P94533	P94533.1
group_2022	sp|P42879.1|	RecName: Full=Uncharacterized protein R02472 [Sinorhizobium meliloti 1021]	33	100	53	2	127	384	35	134	7.92e-10	56.2	P42879	P42879.1
group_2029	sp|P0CF60.1|	PUTATIVE PSEUDOGENE: RecName: Full=Putative transposase InsD for insertion element IS2E [Escherichia coli K-12]	62.602	123	46	0	16	384	86	208	5.9299999999999995e-52	166	P0CF60	P0CF60.1
group_203	sp|Q9I744.1|	RecName: Full=Type VI secretion system component TssF1 [Pseudomonas aeruginosa PAO1]	30.609	624	385	17	7	1758	1	616	1.2899999999999999e-61	218	Q9I744	Q9I744.1
group_2041	sp|B0ZSH1.1|	RecName: Full=Probable tape measure protein; Short=TMP; AltName: Full=Gene product 23; Short=gp23 [Halomonas phage phiHAP-1 Gulf of Mexico/-/2001]	60	125	49	1	4	375	726	850	3.04e-42	150	B0ZSH1	B0ZSH1.1
group_2043	sp|P20370.2|	RecName: Full=4-carboxymuconolactone decarboxylase; Short=CMD [Acinetobacter baylyi ADP1]	46.721	122	63	1	1	360	1	122	5.79e-36	122	P20370	P20370.2
group_205	sp|Q58824.1|	RecName: Full=Probable DNA double-strand break repair helicase HerA; AltName: Full=Probable bidirectional DNA 3'-5' and 5'-3' helicase HerA [Methanocaldococcus jannaschii DSM 2661]	36.975	119	70	2	1267	1623	368	481	2.37e-15	82.4	Q58824	Q58824.1
group_2053	sp|Q91VC0.1|	RecName: Full=dCTP pyrophosphatase 1; AltName: Full=Deoxycytidine-triphosphatase 1; Short=dCTPase 1; AltName: Full=RS21-C6 [Rattus norvegicus]	51.923	104	50	0	70	381	41	144	8.729999999999998e-31	110	Q91VC0	Q91VC0.1
group_206	sp|Q55106.1|	RecName: Full=Bicarbonate transport system permease protein CmpB [Synechococcus elongatus PCC 7942 = FACHB-805]	31.724	145	95	2	1135	1569	89	229	1.81e-7	56.6	Q55106	Q55106.1
group_2065	sp|Q49VD3.2|	RecName: Full=UPF0382 membrane protein SSP2132 [Staphylococcus saprophyticus subsp. saprophyticus ATCC 15305 = NCTC 7292]	41.584	101	58	1	4	306	1	100	4.88e-13	63.9	Q49VD3	Q49VD3.2
group_2068	sp|Q05613.1|	RecName: Full=Protein TonB [Pseudomonas putida]	48.276	87	45	0	106	366	155	241	1.16e-23	94.4	Q05613	Q05613.1
group_2069	sp|P44191.1|	RecName: Full=Uncharacterized protein HI_1420 [Haemophilus influenzae Rd KW20]	32.941	85	57	0	70	324	8	92	8.06e-12	60.1	P44191	P44191.1
group_2070	sp|P0A1S8.1|	RecName: Full=Putative HNH nuclease YajD [Salmonella enterica subsp. enterica serovar Typhimurium str. LT2]	56.863	102	40	1	73	366	12	113	3.77e-39	130	P0A1S8	P0A1S8.1
group_2074	sp|P00081.1|	RecName: Full=Cytochrome c2 [Agrobacterium tumefaciens (strain II CHRYS)]	50.495	101	46	2	61	354	2	101	1.05e-28	103	P00081	P00081.1
group_2079	sp|O34593.1|	RecName: Full=Uncharacterized protein YjqA [Bacillus subtilis subsp. subtilis str. 168]	48.515	101	50	1	58	354	21	121	6.22e-25	94.7	O34593	O34593.1
group_2082	sp|Q4K6I1.1|	RecName: Full=UPF0102 protein PFL_5073 [Pseudomonas protegens Pf-5]	76.423	123	29	0	1	369	1	123	3.81e-65	196	Q4K6I1	Q4K6I1.1
group_2086	sp|P17909.3|	RecName: Full=Protein TraJ; AltName: Full=Relaxosome protein [Escherichia coli]	47.826	69	36	0	28	234	7	75	9.59e-7	47.8	P17909	P17909.3
group_21	sp|Q9HWB8.1|	RecName: Full=Nuclease SbcCD subunit C [Pseudomonas aeruginosa PAO1]	43.939	660	349	8	1	1950	1	649	5.2000000000000005e-105	362	Q9HWB8	Q9HWB8.1
group_2101	sp|P39889.1|	RecName: Full=Tetracenomycin-F1 monooxygenase; AltName: Full=Tetracenomycin polyketide synthesis hydroxylase TcmH [Streptomyces glaucescens]	35.714	70	45	0	7	216	4	73	3.47e-6	45.8	P39889	P39889.1
group_2103	sp|Q84V25.1|	RecName: Full=2-methylene-furan-3-one reductase; AltName: Full=Enone oxidoreductase; Short=FaEO; AltName: Full=Quinone oxidoreductase; Short=FaQR [Fragaria x ananassa]	47.273	110	54	2	1	318	46	155	2.9000000000000004e-21	89.4	Q84V25	Q84V25.1
group_211	sp|P59217.1|	RecName: Full=Putative terminase large subunit [Enterobacteria phage SfV]	66.252	563	187	1	1	1680	1	563	0	815	P59217	P59217.1
group_212	sp|P75681.3|	PUTATIVE PSEUDOGENE: RecName: Full=Putative ferric transport system permease-like protein AfuB [Escherichia coli K-12]	34.783	115	70	2	1372	1707	7	119	3.67e-11	63.9	P75681	P75681.3
group_2120	sp|Q99MY2.1|	RecName: Full=Diphosphoinositol polyphosphate phosphohydrolase 2; Short=DIPP-2; AltName: Full=Diadenosine 5',5'''-P1,P6-hexaphosphate hydrolase 2; AltName: Full=Nucleoside diphosphate-linked moiety X motif 4; Short=Nudix motif 4 [Rattus norvegicus]	37.079	89	49	3	1	246	16	104	3.94e-7	49.7	Q99MY2	Q99MY2.1
group_213	sp|P85501.2|	RecName: Full=Tape measure protein; Short=TMP; AltName: Full=ORF10 protein; AltName: Full=Structural protein 1 [Pseudomonas phage PAJU2]	58.163	98	41	0	1420	1713	818	915	2.27e-28	124	P85501	P85501.2
group_2132	sp|P55503.1|	RecName: Full=Uncharacterized protein y4jC [Sinorhizobium fredii NGR234]	31.818	110	74	1	28	357	9	117	1.77e-10	57	P55503	P55503.1
group_2135	sp|C3K0W5.1|	RecName: Full=Putative pterin-4-alpha-carbinolamine dehydratase; Short=PHS; AltName: Full=4-alpha-hydroxy-tetrahydropterin dehydratase; AltName: Full=Pterin carbinolamine dehydratase; Short=PCD [Pseudomonas [fluorescens] SBW25]	99.153	118	1	0	1	354	1	118	4.3399999999999994e-72	213	C3K0W5	C3K0W5.1
group_2139	sp|P30791.1|	RecName: Full=Uncharacterized HTH-type transcriptional regulator in himA 3'region [Rhodobacter capsulatus]	54.717	53	24	0	58	216	10	62	4.34e-14	65.1	P30791	P30791.1
group_214	sp|Q5T089.2|	RecName: Full=MORN repeat-containing protein 1 [Homo sapiens]	34.715	193	124	2	373	948	39	230	6.85e-22	102	Q5T089	Q5T089.2
group_2145	sp|Q57498.1|	RecName: Full=Uncharacterized protein HI_1053 [Haemophilus influenzae Rd KW20]	66.964	112	37	0	1	336	1	112	3.67e-31	109	Q57498	Q57498.1
group_2149	sp|Q9WXM9.1|	RecName: Full=UPF0166 protein TM_0021 [Thermotoga maritima MSB8]	33.75	80	52	1	25	261	7	86	4.64e-9	53.1	Q9WXM9	Q9WXM9.1
group_215	sp|P15321.1|	RecName: Full=Hemolysin transporter protein ShlB; Flags: Precursor [Serratia marcescens]	38.969	485	274	13	208	1644	65	533	4.41e-81	267	P15321	P15321.1
group_2163	sp|Q50229.1|	RecName: Full=Putative regulatory protein FmdB [Methylophilus methylotrophus]	34.454	119	67	4	1	345	1	112	2.12e-15	69.7	Q50229	Q50229.1
group_2172	sp|P38521.2|	RecName: Full=Ribosome assembly factor YggL [Escherichia coli K-12]	42.991	107	57	2	1	312	1	106	2.2100000000000003e-21	84.7	P38521	P38521.2
group_2173	sp|Q52996.2|	RecName: Full=Uncharacterized protein R00369 [Sinorhizobium meliloti 1021]	37.391	115	65	3	1	327	1	114	1.13e-13	65.5	Q52996	Q52996.2
group_2177	sp|Q9Z3Q3.1|	RecName: Full=Probable K(+)/H(+) antiporter subunit G; AltName: Full=pH adaptation potassium efflux system protein G; Short=Pha system subunit G [Sinorhizobium meliloti 1021]	44.872	78	43	0	61	294	26	103	6.2e-9	53.1	Q9Z3Q3	Q9Z3Q3.1
group_218	sp|Q8L7Y9.1|	RecName: Full=Non-specific phospholipase C1; Flags: Precursor [Arabidopsis thaliana]	35.345	116	47	4	1336	1605	283	396	6.03e-11	68.6	Q8L7Y9	Q8L7Y9.1
group_2189	sp|P0AFJ1.1|	RecName: Full=Phosphonoacetate hydrolase YjdM [Escherichia coli K-12]	67.273	110	35	1	7	336	2	110	5.66e-51	159	P0AFJ1	P0AFJ1.1
group_2196	sp|P62958.2|	RecName: Full=Adenosine 5'-monophosphoramidase HINT1; AltName: Full=17 kDa inhibitor of protein kinase C; AltName: Full=Desumoylating isopeptidase HINT1; AltName: Full=Histidine triad nucleotide-binding protein 1; AltName: Full=Protein kinase C inhibitor 1; AltName: Full=Protein kinase C-interacting protein 1; Short=PKCI-1 [Bos taurus]	60.36	111	44	0	4	336	16	126	6.73e-49	154	P62958	P62958.2
group_22	sp|P85501.2|	RecName: Full=Tape measure protein; Short=TMP; AltName: Full=ORF10 protein; AltName: Full=Structural protein 1 [Pseudomonas phage PAJU2]	44.118	102	53	1	3325	3630	818	915	3.01e-15	84.7	P85501	P85501.2
group_220	sp|Q6FA79.1|	RecName: Full=Type IV pilus assembly ATPase TfpB; AltName: Full=Type four pilus PilB-like protein [Acinetobacter baylyi ADP1]	52.583	542	225	5	121	1653	43	583	0	557	Q6FA79	Q6FA79.1
group_2200	sp|Q9MCT0.1|	RecName: Full=Head completion protein gp7; AltName: Full=Connector protein gp7; AltName: Full=Gene product 7; Short=Gp7; AltName: Full=Stopper protein gp7 [Escherichia phage HK97]	31.313	99	61	3	1	282	1	97	2.74e-8	51.2	Q9MCT0	Q9MCT0.1
group_2205	sp|Q9ZDD7.1|	RecName: Full=Uncharacterized protein RP394 [Rickettsia prowazekii str. Madrid E]	36.145	83	53	0	70	318	41	123	3.61e-18	76.6	Q9ZDD7	Q9ZDD7.1
group_221	sp|Q5SKN9.1|	RecName: Full=Long-chain-fatty-acid--CoA ligase; AltName: Full=Long-chain fatty acyl-CoA synthetase; Short=LC-FACS [Thermus thermophilus HB8]	40.562	498	274	9	127	1611	47	525	1.36e-94	302	Q5SKN9	Q5SKN9.1
group_2213	sp|P50359.2|	RecName: Full=Uncharacterized protein y4hO [Sinorhizobium fredii NGR234]	31.25	96	62	3	19	300	10	103	4.75e-7	47.8	P50359	P50359.2
group_2222	sp|Q57134.1|	RecName: Full=Uncharacterized protein HI_1008; Flags: Precursor [Haemophilus influenzae Rd KW20]	48.276	87	41	1	64	324	29	111	1.26e-12	62.4	Q57134	Q57134.1
group_2232	sp|P0C5W3.1|	RecName: Full=Transposase InsC for insertion element IS2A/D/F/H/I/K [Escherichia coli]	69.388	98	30	0	1	294	21	118	7.55e-40	131	P0C5W3	P0C5W3.1
group_2236	sp|P69202.1|	RecName: Full=Repressor protein C2 [Lederbergvirus P22]	42.574	101	57	1	28	327	115	215	1.15e-19	82.8	P69202	P69202.1
group_2243	sp|P09962.1|	RecName: Full=Antiholin; AltName: Full=Lysis inhibitor 13-108 [Lederbergvirus P22]	31.633	98	63	1	1	294	1	94	7.6e-9	52.4	P09962	P09962.1
group_2247	sp|C0H3S9.1|	RecName: Full=Uncharacterized HTH-type transcriptional regulator YbzH [Bacillus subtilis subsp. subtilis str. 168]	38.542	96	57	1	19	300	5	100	1.38e-17	74.3	C0H3S9	C0H3S9.1
group_2251	sp|G8Q5R9.1|	RecName: Full=Transcription factor AmrZ [Pseudomonas ogarae]	96.296	108	4	0	1	324	1	108	5.3100000000000006e-70	207	G8Q5R9	G8Q5R9.1
group_226	sp|P46339.2|	RecName: Full=Probable ABC transporter permease protein YqgH [Bacillus subtilis subsp. subtilis str. 168]	31.068	206	118	6	865	1458	67	256	2.44e-14	77.4	P46339	P46339.2
group_2275	sp|P40784.2|	RecName: Full=Tail fiber assembly protein homolog from lambdoid prophage Fels-1 [Salmonella enterica subsp. enterica serovar Typhimurium str. LT2]	45	80	37	2	79	318	119	191	1.32e-12	63.9	P40784	P40784.2
group_2276	sp|P42436.1|	RecName: Full=Assimilatory nitrite reductase [NAD(P)H] small subunit [Bacillus subtilis subsp. subtilis str. 168]	41.333	75	44	0	76	300	31	105	1.34e-18	77	P42436	P42436.1
group_228	sp|Q9ABX9.1|	RecName: Full=Uncharacterized signaling protein CC_0091 [Caulobacter vibrioides CB15]	39.326	445	262	4	316	1638	354	794	1.17e-83	280	Q9ABX9	Q9ABX9.1
group_2280	sp|P51732.1|	RecName: Full=Uncharacterized 12.7 kDa protein in lys 3'region; AltName: Full=ORF28 [Haemophilus phage HP1c1]	51.042	96	47	0	10	297	5	100	3.78e-25	94	P51732	P51732.1
group_2282	sp|P51732.1|	RecName: Full=Uncharacterized 12.7 kDa protein in lys 3'region; AltName: Full=ORF28 [Haemophilus phage HP1c1]	53.125	96	45	0	10	297	5	100	1.92e-27	99.8	P51732	P51732.1
group_229	sp|Q9HZP5.1|	RecName: Full=Electron transfer flavoprotein-ubiquinone oxidoreductase; Short=ETF-QO; Short=ETF-ubiquinone oxidoreductase; AltName: Full=Electron-transferring-flavoprotein dehydrogenase; Short=ETF dehydrogenase [Pseudomonas aeruginosa PAO1]	83.755	554	87	1	1	1662	1	551	0	964	Q9HZP5	Q9HZP5.1
group_2292	sp|Q9KD39.1|	RecName: Full=GTP cyclohydrolase 1 type 2 homolog [Halalkalibacterium halodurans C-125]	46.078	102	55	0	1	306	136	237	2.27e-17	78.6	Q9KD39	Q9KD39.1
group_2296	sp|A0A0F6B8D9.1|	RecName: Full=Antitoxin TacA1; AltName: Full=Antitoxin A8 [Salmonella enterica subsp. enterica serovar Typhimurium str. 14028S]	40.964	83	48	1	58	306	12	93	7.33e-13	62	A0A0F6B8D9	A0A0F6B8D9.1
group_23	sp|P40330.2|	RecName: Full=Virulence sensor protein BvgS; Flags: Precursor [Bordetella parapertussis 12822]	35.164	1220	744	19	19	3588	14	1216	0	637	P40330	P40330.2
group_230	sp|P9WGF6.1|	RecName: Full=Probable sulfate transporter MT1781 [Mycobacterium tuberculosis CDC1551]	31.4	500	327	8	100	1569	41	534	1.82e-31	131	P9WGF6	P9WGF6.1
group_2314	sp|P39213.1|	RecName: Full=Transposase InsN for insertion sequence element IS911 [Shigella dysenteriae]	50.505	99	49	0	10	306	14	112	6.689999999999999e-24	90.5	P39213	P39213.1
group_2319	sp|Q02QI1.1|	RecName: Full=STAS-domain containing protein PA14_20770 [Pseudomonas aeruginosa UCBPP-PA14]	59.406	101	41	0	1	303	1	101	3.31e-42	136	Q02QI1	Q02QI1.1
group_233	sp|Q9HUB1.1|	RecName: Full=Methyl-accepting chemotaxis protein McpK; AltName: Full=Methyl-accepting chemotaxis protein K [Pseudomonas aeruginosa PAO1]	44.928	345	177	3	640	1653	309	647	9.539999999999999e-41	159	Q9HUB1	Q9HUB1.1
group_2330	sp|P64578.1|	RecName: Full=mRNA interferase toxin HigB; AltName: Full=Endoribonuclease HigB; AltName: Full=Toxin HigB [Escherichia coli K-12]	33.333	99	61	2	1	291	1	96	4.48e-8	50.1	P64578	P64578.1
group_234	sp|P51735.1|	RecName: Full=Probable tail fiber protein; AltName: Full=Gene product 31; Short=gp31; AltName: Full=ORF31 [Haemophilus phage HP1c1]	38.062	289	161	8	1	840	1	280	1.1999999999999999e-46	178	P51735	P51735.1
group_235	sp|P03710.1|	RecName: Full=Portal protein B; AltName: Full=GpB; AltName: Full=Minor capsid protein B; Contains: RecName: Full=Protein B* [Escherichia phage Lambda]	30.938	501	323	7	127	1608	34	518	7.57e-70	236	P03710	P03710.1
group_237	sp|Q71TL0.1|	RecName: Full=DNA N-6-adenine-methyltransferase; Short=DAM; AltName: Full=EcoP1I DNA MTase; Short=M.EcoP1I; AltName: Full=Type II methyltransferase M.EphP1ORF2P; Short=M.EphP1ORF2P [Escherichia phage P1]	46.214	383	170	6	4	1089	4	371	2.8899999999999998e-83	278	Q71TL0	Q71TL0.1
group_238	sp|B2HGV4.1|	RecName: Full=Long-chain-fatty-acid--CoA ligase FadD15; Short=FACL; AltName: Full=Acyl-CoA synthetase [Mycobacterium marinum M]	30.981	581	341	13	31	1611	21	595	3.3e-62	218	B2HGV4	B2HGV4.1
group_2396	sp|P55534.1|	RecName: Full=Putative toxin Y4kP [Sinorhizobium fredii NGR234]	40.845	71	41	1	55	267	22	91	1.05e-8	51.2	P55534	P55534.1
group_2398	sp|Q66IM5.1|	RecName: Full=Protein NATD1; AltName: Full=N-acetyltransferase domain-containing protein 1 [Xenopus tropicalis]	35.294	85	53	1	4	252	12	96	1.73e-12	61.2	Q66IM5	Q66IM5.1
group_24	sp|P55383.1|	RecName: Full=Uncharacterized protein y4cA [Sinorhizobium fredii NGR234]	34.922	1217	751	17	7	3594	1	1197	0	581	P55383	P55383.1
group_2408	sp|A4TGY3.1|	RecName: Full=Protein TusB; AltName: Full=tRNA 2-thiouridine synthesizing protein B [Yersinia pestis Pestoides F]	33.663	101	47	4	10	273	2	95	3.88e-6	44.3	A4TGY3	A4TGY3.1
group_2409	sp|Q52983.1|	RecName: Full=Probable K(+)/H(+) antiporter subunit F; AltName: Full=pH adaptation potassium efflux system protein F; Short=Pha system subunit F [Sinorhizobium meliloti 1021]	61.644	73	28	0	58	276	20	92	5.17e-25	92.4	Q52983	Q52983.1
group_2417	sp|C3K2M0.1|	RecName: Full=UPF0250 protein PFLU_5418 [Pseudomonas [fluorescens] SBW25]	90.11	91	9	0	1	273	1	91	1.2499999999999999e-54	167	C3K2M0	C3K2M0.1
group_2418	sp|Q88P81.1|	RecName: Full=UPF0213 protein PP_0972 [Pseudomonas putida KT2440]	75	80	20	0	22	261	3	82	2.23e-38	126	Q88P81	Q88P81.1
group_2426	sp|Q5E4H8.1|	RecName: Full=DNA transformation protein TfoY; AltName: Full=DNA transformation protein TfoX2 [Aliivibrio fischeri ES114]	34.615	78	50	1	13	243	118	195	3.2e-8	51.6	Q5E4H8	Q5E4H8.1
group_2439	sp|P76168.3|	RecName: Full=Putative defective protein IntQ; AltName: Full=Putative lambdoid prophage Qin defective integrase [Escherichia coli K-12]	44.231	52	28	1	43	195	322	373	1.7e-8	53.1	P76168	P76168.3
group_2442	sp|P35535.1|	RecName: Full=Flagellar biosynthetic protein FliQ [Bacillus subtilis subsp. subtilis str. 168]	39.759	83	50	0	1	249	1	83	5.96e-16	69.3	P35535	P35535.1
group_245	sp|P55546.1|	RecName: Full=Uncharacterized protein y4lF [Sinorhizobium fredii NGR234]	57.931	145	61	0	1	435	1	145	1.27e-49	177	P55546	P55546.1
group_246	sp|A5W2C8.1|	RecName: Full=Methyl-accepting chemotaxis protein PcaY; AltName: Full=Aromatic acid chemoreceptor PcaY [Pseudomonas putida F1]	51.393	323	157	0	649	1617	217	539	1.42e-47	176	A5W2C8	A5W2C8.1
group_2467	sp|P69982.1|	RecName: Full=Yop proteins translocation protein S [Yersinia pestis]	57.143	70	30	0	22	231	11	80	6.22e-10	53.9	P69982	P69982.1
group_247	sp|Q9Z429.1|	RecName: Full=Methyl-accepting chemotaxis protein NahY [Pseudomonas putida]	43.519	432	244	0	325	1620	107	538	4.2599999999999996e-69	234	Q9Z429	Q9Z429.1
group_248	sp|Q9Z429.1|	RecName: Full=Methyl-accepting chemotaxis protein NahY [Pseudomonas putida]	46.445	422	219	1	379	1623	117	538	3.21e-63	219	Q9Z429	Q9Z429.1
group_2481	sp|P76231.2|	RecName: Full=Uncharacterized protein YeaC [Escherichia coli K-12]	40.351	57	34	0	7	177	2	58	6.33e-9	51.2	P76231	P76231.2
group_2487	sp|P02989.1|	RecName: Full=Protein L [Escherichia coli]	49.412	85	38	2	1	255	1	80	1.76e-12	60.5	P02989	P02989.1
group_25	sp|P26762.2|	RecName: Full=Virulence sensor protein BvgS; Flags: Precursor [Bordetella bronchiseptica RB50]	40.991	1171	662	10	34	3477	36	1200	0	813	P26762	P26762.2
group_250	sp|B8MXP5.1|	RecName: Full=Probable beta-glucosidase btgE; AltName: Full=Beta-D-glucoside glucohydrolase btgE; AltName: Full=Cellobiase btgE; AltName: Full=Gentiobiase btgE; Flags: Precursor [Aspergillus flavus NRRL3357]	31.933	238	145	9	292	975	369	599	4.6e-16	84.7	B8MXP5	B8MXP5.1
group_251	sp|Q9Z429.1|	RecName: Full=Methyl-accepting chemotaxis protein NahY [Pseudomonas putida]	33.191	235	157	0	916	1620	304	538	2.34e-24	110	Q9Z429	Q9Z429.1
group_2516	sp|A4ZFA6.1|	RecName: Full=Terminase small subunit [Dubowvirus dv80alpha]	46.552	58	30	1	7	177	1	58	2.99e-9	53.1	A4ZFA6	A4ZFA6.1
group_2517	sp|O64333.1|	RecName: Full=Tail tip assembly protein K; AltName: Full=Gene product 19; Short=gp19; AltName: Full=Probable endopeptidase; AltName: Full=Tail assembly protein K [Escherichia phage N15]	40.789	76	29	2	16	243	177	236	1.08e-8	53.1	O64333	O64333.1
group_2518	sp|P76063.1|	RecName: Full=Putative transcriptional regulator YdaS [Escherichia coli K-12]	40.541	74	44	0	4	225	3	76	2.69e-9	52.4	P76063	P76063.1
group_2521	sp|P11221.1|	RecName: Full=Major outer membrane lipoprotein; Short=Outer membrane lipoprotein I; Flags: Precursor [Pseudomonas aeruginosa PAO1]	96.386	83	3	0	1	249	1	83	2.92e-13	62	P11221	P11221.1
group_2524	sp|Q88L76.1|	RecName: Full=UPF0337 protein PP_2059 [Pseudomonas putida KT2440]	61.29	62	24	0	1	186	1	62	3.23e-19	77	Q88L76	Q88L76.1
group_253	sp|O34849.1|	RecName: Full=Glutamate synthase large subunit-like protein YerD [Bacillus subtilis subsp. subtilis str. 168]	36.364	506	278	8	118	1512	22	524	1.9199999999999997e-101	318	O34849	O34849.1
group_2533	sp|P55630.1|	RecName: Full=Uncharacterized protein y4qI [Sinorhizobium fredii NGR234]	37.647	85	49	2	246	4	229	313	3.5e-9	54.7	P55630	P55630.1
group_255	sp|P16701.1|	RecName: Full=Sulfate transport system permease protein CysT [Escherichia coli K-12]	32.857	140	89	2	214	633	81	215	5.03e-10	63.9	P16701	P16701.1
group_2558	sp|P04132.1|	RecName: Full=Repressor protein C [Bacteriophage P2]	35.526	76	49	0	7	234	5	80	6.25e-13	61.6	P04132	P04132.1
group_2559	sp|P12552.1|	RecName: Full=Uncharacterized protein ORF88; AltName: Full=Putative DNA-binding protein [Enterobacteria phage P4]	42.308	52	30	0	46	201	27	78	7.67e-10	53.5	P12552	P12552.1
group_256	sp|P75436.1|	RecName: Full=Type I restriction enzyme MpnII methylase subunit; Short=M protein; AltName: Full=Type I methyltransferase M.MpnII; Short=M.MpnII [Mycoplasmoides pneumoniae M129]	35.261	536	313	12	31	1587	14	532	2.72e-97	308	P75436	P75436.1
group_2562	sp|P45026.1|	RecName: Full=Uncharacterized protein HI_1082 [Haemophilus influenzae Rd KW20]	41.333	75	44	0	1	225	1	75	5.62e-14	63.9	P45026	P45026.1
group_2566	sp|P04132.1|	RecName: Full=Repressor protein C [Bacteriophage P2]	40	75	44	1	13	237	7	80	2.13e-14	65.1	P04132	P04132.1
group_257	sp|Q3ULD5.1|	RecName: Full=Methylcrotonoyl-CoA carboxylase beta chain, mitochondrial; Short=MCCase subunit beta; AltName: Full=3-methylcrotonyl-CoA carboxylase 2; AltName: Full=3-methylcrotonyl-CoA carboxylase non-biotin-containing subunit; AltName: Full=3-methylcrotonyl-CoA:carbon dioxide ligase subunit beta; Flags: Precursor [Mus musculus]	68.097	536	170	1	1	1605	28	563	0	746	Q3ULD5	Q3ULD5.1
group_2570	sp|P04132.1|	RecName: Full=Repressor protein C [Bacteriophage P2]	38.158	76	46	1	7	234	5	79	3.78e-12	59.3	P04132	P04132.1
group_2574	sp|P0AD40.1|	RecName: Full=Uncharacterized protein YpeB [Escherichia coli K-12]	47.826	69	35	1	1	204	1	69	3.23e-13	61.6	P0AD40	P0AD40.1
group_2576	sp|P76063.1|	RecName: Full=Putative transcriptional regulator YdaS [Escherichia coli K-12]	38.596	57	35	0	49	219	20	76	2.66e-6	44.3	P76063	P76063.1
group_258	sp|P26700.2|	RecName: Full=Probable tail fiber protein; AltName: Full=GpH [Bacteriophage P2]	38.667	300	162	5	94	939	30	325	6.73e-43	165	P26700	P26700.2
group_2588	sp|Q5E7H1.1|	RecName: Full=DNA-binding protein VF_0530 [Aliivibrio fischeri ES114]	65.217	69	24	0	13	219	8	76	5.390000000000001e-29	101	Q5E7H1	Q5E7H1.1
group_259	sp|P21409.2|	RecName: Full=Fe(3+)-transport system permease protein SfuB; AltName: Full=Iron(III)-transport system permease protein SfuB [Serratia marcescens]	74.639	485	123	0	142	1596	42	526	0	531	P21409	P21409.2
group_26	sp|Q9I755.1|	RecName: Full=Type VI secretion system component TssM1 [Pseudomonas aeruginosa PAO1]	77.293	1101	245	3	211	3498	1	1101	0	1564	Q9I755	Q9I755.1
group_260	sp|Q51080.1|	RecName: Full=3'-hydroxymethylcephem-O-carbamoyltransferase; Short=3'-hydroxymethylcephem-O-CASE; Short=CCT [Amycolatopsis lactamdurans]	42.389	519	296	3	28	1578	2	519	1.49e-141	421	Q51080	Q51080.1
group_261	sp|A0A4D6G3C8.1|	RecName: Full=Cholesterol oxidase; Short=CHOX; AltName: Full=Cholesterol isomerase [Acinetobacter baumannii]	40	65	31	1	1387	1581	469	525	2.46e-6	53.9	A0A4D6G3C8	A0A4D6G3C8.1
group_2610	sp|Q3K8R4.1|	RecName: Full=UPF0270 protein Pfl01_4103 [Pseudomonas fluorescens Pf0-1]	98.667	75	1	0	1	225	1	75	5.86e-49	151	Q3K8R4	Q3K8R4.1
group_2619	sp|Q46866.2|	RecName: Full=Probable transcriptional regulator YgiV [Escherichia coli K-12]	46.575	73	39	0	4	222	87	159	3.03e-18	76.6	Q46866	Q46866.2
group_262	sp|Q9HUB1.1|	RecName: Full=Methyl-accepting chemotaxis protein McpK; AltName: Full=Methyl-accepting chemotaxis protein K [Pseudomonas aeruginosa PAO1]	38.961	231	135	2	211	894	363	590	6.04e-11	68.6	Q9HUB1	Q9HUB1.1
group_2625	sp|O31834.1|	RecName: Full=Uncharacterized HTH-type transcriptional regulator YozG [Bacillus subtilis subsp. subtilis str. 168]	56.923	65	28	0	1	195	1	65	1.54e-20	80.1	O31834	O31834.1
group_2648	sp|Q9HY80.1|	RecName: Full=Bacterioferritin-associated ferredoxin; Short=Bfd [Pseudomonas aeruginosa PAO1]	86.275	51	7	0	1	153	1	51	5.18e-26	93.6	Q9HY80	Q9HY80.1
group_265	sp|P16326.1|	RecName: Full=Flagellar hook-associated protein 3; Short=HAP3; AltName: Full=Hook-filament junction protein [Salmonella enterica subsp. enterica serovar Typhimurium str. LT2]	36.216	185	115	1	1	555	1	182	2.23e-22	101	P16326	P16326.1
group_266	sp|Q8VPD4.1|	RecName: Full=L-amino acid oxidase; Short=L-AAO; Short=LAO; Short=roLAAO; Flags: Precursor [Rhodococcus opacus]	34.686	542	321	14	1	1554	1	533	2.82e-79	261	Q8VPD4	Q8VPD4.1
group_2666	sp|P38366.1|	RecName: Full=Molybdenum-pterin-binding protein 3; AltName: Full=Molybdenum-pterin-binding protein III [Clostridium pasteurianum]	41.538	65	37	1	13	204	2	66	1.46e-6	44.3	P38366	P38366.1
group_267	sp|Q6FFQ0.1|	RecName: Full=Alpha-ketoglutaric semialdehyde dehydrogenase; Short=alphaKGSA dehydrogenase; AltName: Full=2,5-dioxovalerate dehydrogenase [Acinetobacter baylyi ADP1]	57.795	526	220	2	1	1572	1	526	0	522	Q6FFQ0	Q6FFQ0.1
group_2670	sp|H9L4C5.1|	RecName: Full=SPI-2 type 3 secretion system needle filament protein; Short=T3SS-2 needle filament protein [Salmonella enterica subsp. enterica serovar Typhimurium str. LT2]	46.479	71	38	0	1	213	1	71	1.3e-18	74.7	H9L4C5	H9L4C5.1
group_2671	sp|Q37907.2|	RecName: Full=Regulatory protein cro; AltName: Full=Antirepressor [Pseudomonas phage D3]	73.239	71	19	0	1	213	1	71	6.59e-33	110	Q37907	Q37907.2
group_2694	sp|P76071.1|	RecName: Full=Transposase InsH for insertion sequence element IS5Y [Escherichia coli K-12]	61.538	52	20	0	13	168	264	315	3.59e-14	67.8	P76071	P76071.1
group_2701	sp|Q2W3R9.1|	RecName: Full=Thiazole synthase [Paramagnetospirillum magneticum AMB-1]	46.97	66	35	0	1	198	1	66	1.08e-11	60.8	Q2W3R9	Q2W3R9.1
group_2704	sp|Q87WD6.1|	RecName: Full=Inorganic pyrophosphatase 2; AltName: Full=Pyrophosphate phospho-hydrolase 2; Short=PPase 2 [Pseudomonas syringae pv. tomato str. DC3000]	47.619	105	14	5	7	198	1	105	7.93e-15	67.8	Q87WD6	Q87WD6.1
group_2712	sp|P03040.1|	RecName: Full=Regulatory protein cro [Escherichia phage Lambda]	44.444	63	35	0	7	195	4	66	7.69e-12	57.4	P03040	P03040.1
group_2716	sp|P0AAS9.1|	RecName: Full=Uncharacterized protein YbdD [Escherichia coli K-12]	67.692	65	21	0	1	195	1	65	4.81e-30	103	P0AAS9	P0AAS9.1
group_2718	sp|Q8XQR9.3|	RecName: Full=Probable tautomerase RSp1151 [Ralstonia pseudosolanacearum GMI1000]	74.194	62	16	0	1	186	1	62	6.2299999999999996e-24	87.8	Q8XQR9	Q8XQR9.3
group_273	sp|P76389.2|	RecName: Full=UPF0053 protein YegH [Escherichia coli K-12]	50.575	522	252	4	1	1557	1	519	1.89e-141	421	P76389	P76389.2
group_274	sp|P29013.2|	RecName: Full=Uncharacterized protein YcgB [Escherichia coli K-12]	67.343	493	160	1	31	1506	14	506	0	711	P29013	P29013.2
group_2747	sp|P09964.1|	RecName: Full=Regulatory protein cro; AltName: Full=Antirepressor [Lederbergvirus P22]	41.176	51	30	0	1	153	1	51	2.59e-6	43.1	P09964	P09964.1
group_275	sp|A0A0H3LVU7.1|	RecName: Full=Diguanylate cyclase BdcA; AltName: Full=Bordetella diguanylate cyclase A [Bordetella bronchiseptica RB50]	35.892	482	299	6	109	1536	33	510	4.93e-90	288	A0A0H3LVU7	A0A0H3LVU7.1
group_2752	sp|C3JY28.1|	RecName: Full=Methyltransferase activator Trm112 homolog [Pseudomonas [fluorescens] SBW25]	100	61	0	0	1	183	1	61	3.2899999999999996e-37	120	C3JY28	C3JY28.1
group_277	sp|P75617.1|	RecName: Full=UPF0174 protein YaaW [Escherichia coli K-12]	30	180	95	5	955	1446	66	230	4.46e-8	57.4	P75617	P75617.1
group_2781	sp|P0C1F7.1|	RecName: Full=Heme exporter protein D; AltName: Full=Cytochrome c-type biogenesis protein CcmD [Pseudomonas fluorescens]	93.103	58	4	0	1	174	1	58	1.5399999999999999e-34	114	P0C1F7	P0C1F7.1
group_281	sp|Q55434.1|	RecName: Full=Phytochrome-like protein cph2; AltName: Full=Bacteriophytochrome cph2 [Synechocystis sp. PCC 6803 substr. Kazusa]	42.012	169	98	0	1024	1530	1092	1260	1.75e-31	133	Q55434	Q55434.1
group_2818	sp|Q7WJ43.1|	RecName: Full=Uncharacterized transporter BB2657 [Bordetella bronchiseptica RB50]	79.245	53	11	0	1	159	513	565	1.14e-20	85.9	Q7WJ43	Q7WJ43.1
group_282	sp|Q9I748.1|	RecName: Full=Type VI secretion system sheath protein TssC1; AltName: Full=Sheath protein HsiC1 [Pseudomonas aeruginosa PAO1]	41.126	462	264	4	169	1536	37	496	1.4599999999999996e-119	363	Q9I748	Q9I748.1
group_2820	sp|Q9I5W9.1|	RecName: Full=PMP3 family protein PA0567 [Pseudomonas aeruginosa PAO1]	88.462	52	6	0	1	156	1	52	2.32e-19	75.1	Q9I5W9	Q9I5W9.1
group_283	sp|P26700.2|	RecName: Full=Probable tail fiber protein; AltName: Full=GpH [Bacteriophage P2]	35.664	286	150	5	94	933	30	287	1.2899999999999998e-35	144	P26700	P26700.2
group_2832	sp|Q56897.1|	RecName: Full=Transposase for insertion sequence element IS1328 [Yersinia enterocolitica]	44	50	28	0	1	150	1	50	1.81e-10	56.6	Q56897	Q56897.1
group_284	sp|P26700.2|	RecName: Full=Probable tail fiber protein; AltName: Full=GpH [Bacteriophage P2]	34.722	288	146	9	76	909	28	283	2.87e-26	116	P26700	P26700.2
group_285	sp|Q9I3H5.1|	RecName: Full=Baeyer-Villiger monooxygenase; Short=BVMO [Pseudomonas aeruginosa PAO1]	55.741	479	212	0	58	1494	38	516	0	582	Q9I3H5	Q9I3H5.1
group_287	sp|Q55434.1|	RecName: Full=Phytochrome-like protein cph2; AltName: Full=Bacteriophytochrome cph2 [Synechocystis sp. PCC 6803 substr. Kazusa]	43.103	174	99	0	979	1500	1087	1260	1.93e-35	144	Q55434	Q55434.1
group_289	sp|Q92I85.1|	RecName: Full=Putative transporter AmpG 4 [Rickettsia conorii str. Malish 7]	32.618	233	147	3	775	1473	183	405	2.86e-21	99.4	Q92I85	Q92I85.1
group_2892	sp|P39213.1|	RecName: Full=Transposase InsN for insertion sequence element IS911 [Shigella dysenteriae]	47.475	99	52	0	10	306	14	112	8.689999999999999e-23	87.8	P39213	P39213.1
group_290	sp|P59789.1|	RecName: Full=Probable alginate O-acetylase AlgI; AltName: Full=Alginate biosynthesis protein AlgI [Pseudomonas fluorescens]	95.49	510	8	1	1	1530	1	495	0	891	P59789	P59789.1
group_2901	sp|P73709.1|	RecName: Full=Uncharacterized protein slr1819 [Synechocystis sp. PCC 6803 substr. Kazusa]	33.628	226	124	5	1747	2370	6	223	1.63e-10	67	P73709	P73709.1
group_2902	sp|P28722.2|	RecName: Full=Uncharacterized fimbrial chaperone YhcA; Flags: Precursor [Escherichia coli K-12]	37.838	222	132	4	64	720	1	219	6.52e-49	163	P28722	P28722.2
group_2903	sp|P28722.2|	RecName: Full=Uncharacterized fimbrial chaperone YhcA; Flags: Precursor [Escherichia coli K-12]	40.865	208	116	4	103	723	18	219	3.12e-50	167	P28722	P28722.2
group_2904	sp|Q8P5Z7.1|	RecName: Full=Probable fructose-bisphosphate aldolase class 1; AltName: Full=Fructose-bisphosphate aldolase class I; Short=FBP aldolase [Xanthomonas campestris pv. campestris str. ATCC 33913]	54.328	335	150	2	1	1002	1	333	2.7699999999999997e-116	343	Q8P5Z7	Q8P5Z7.1
group_2907	sp|P0DPE4.1|	RecName: Full=Carboxynorspermidine synthase; Short=C-NSPD synthase; AltName: Full=Carboxynorspermidine dehydrogenase; Short=CANSDH [Vibrio alginolyticus NBRC 15630 = ATCC 17749]	46.25	400	214	1	82	1278	3	402	3.4999999999999997e-113	341	P0DPE4	P0DPE4.1
group_2918	sp|P44190.1|	RecName: Full=Uncharacterized protein HI_1419 [Haemophilus influenzae Rd KW20]	42.169	83	48	0	46	294	11	93	3.5e-19	78.6	P44190	P44190.1
group_293	sp|Q886D9.1|	RecName: Full=Polyphosphate:AMP phosphotransferase; Short=PAP; AltName: Full=Polyphosphate kinase PPK2 [Pseudomonas syringae pv. tomato str. DC3000]	80.73	493	95	0	1	1479	1	493	0	819	Q886D9	Q886D9.1
group_2933	sp|A6B4U8.1|	RecName: Full=DNA base-flipping protein; AltName: Full=Alkyltransferase-like protein ATL; AltName: Full=vpAtl [Vibrio parahaemolyticus AQ3810]	35.789	95	58	2	55	336	8	100	6.22e-12	60.5	A6B4U8	A6B4U8.1
group_2939	sp|Q9HX72.1|	RecName: Full=Acetyltransferase PA3944; AltName: Full=GCN5-related N-acetyltransferase; Short=GNAT [Pseudomonas aeruginosa PAO1]	33.108	148	90	4	16	447	16	158	9.15e-13	66.6	Q9HX72	Q9HX72.1
group_294	sp|P70795.2|	RecName: Full=Uncharacterized 52.8 kDa protein in TAR-I ttuC' 3'region; AltName: Full=ORFZ2 [Agrobacterium vitis]	39.638	497	295	2	1	1482	2	496	2.32e-89	285	P70795	P70795.2
group_2941	sp|P43016.2|	RecName: Full=Transcriptional regulator HilA; Short=Protein IagA [Salmonella enterica subsp. enterica serovar Typhi]	50.549	91	43	1	37	303	15	105	5.83e-22	93.6	P43016	P43016.2
group_2950	sp|Q9KBN7.1|	RecName: Full=UPF0157 protein BH1888 [Halalkalibacterium halodurans C-125]	35.256	156	94	2	28	486	38	189	2.1399999999999997e-23	94.7	Q9KBN7	Q9KBN7.1
group_2951	sp|Q56143.2|	RecName: Full=Regulatory protein SoxS [Salmonella enterica subsp. enterica serovar Typhimurium str. LT2]	30.303	99	67	1	469	765	7	103	2.38e-6	48.5	Q56143	Q56143.2
group_2961	sp|Q9HT95.1|	RecName: Full=Acetyltransferase PA5475; AltName: Full=GCN5-related N-acetyltransferase; Short=GNAT [Pseudomonas aeruginosa PAO1]	53.125	64	30	0	285	94	123	186	1.01e-16	73.9	Q9HT95	Q9HT95.1
group_2967	sp|D4GWH7.1|	RecName: Full=Uncharacterized isochorismatase family protein HVO_2328 [Haloferax volcanii DS2]	42.135	178	103	0	19	552	9	186	5.51e-43	145	D4GWH7	D4GWH7.1
group_2979	sp|Q88JK6.1|	RecName: Full=Methyl-accepting chemotaxis protein PcaY; AltName: Full=PcaY_PP [Pseudomonas putida KT2440]	50	356	176	1	562	1623	195	550	1.15e-71	241	Q88JK6	Q88JK6.1
group_298	sp|P64750.1|	RecName: Full=Uncharacterized protein Mb0918 [Mycobacterium tuberculosis variant bovis AF2122/97]	32.857	350	218	4	361	1398	26	362	1.39e-27	117	P64750	P64750.1
group_2982	sp|Q91VS7.3|	RecName: Full=Microsomal glutathione S-transferase 1; Short=Microsomal GST-1; AltName: Full=Microsomal GST-I [Mus musculus]	34.884	129	77	4	4	372	10	137	2.6e-13	66.2	Q91VS7	Q91VS7.3
group_2985	sp|Q9HXM1.1|	RecName: Full=Histone deacetylase-like amidohydrolase; Short=HDAH; AltName: Full=Acetylated lysine deacetylase; AltName: Full=Histone deacetylase homolog PA3774 [Pseudomonas aeruginosa PAO1]	74.247	365	94	0	1	1095	1	365	0	565	Q9HXM1	Q9HXM1.1
group_299	sp|Q9I748.1|	RecName: Full=Type VI secretion system sheath protein TssC1; AltName: Full=Sheath protein HsiC1 [Pseudomonas aeruginosa PAO1]	91.365	498	43	0	1	1494	1	498	0	905	Q9I748	Q9I748.1
group_2990	sp|A7Z5E4.1|	RecName: Full=HTH-type transcriptional regulator YofA [Bacillus velezensis FZB42]	35.577	104	66	1	61	372	4	106	8.63e-10	59.3	A7Z5E4	A7Z5E4.1
group_2997	sp|Q51080.1|	RecName: Full=3'-hydroxymethylcephem-O-carbamoyltransferase; Short=3'-hydroxymethylcephem-O-CASE; Short=CCT [Amycolatopsis lactamdurans]	43.269	520	292	3	25	1578	1	519	4.969999999999999e-144	427	Q51080	Q51080.1
group_300	sp|Q9I4U3.1|	RecName: Full=DNA recombination protein RmuC homolog [Pseudomonas aeruginosa PAO1]	79.621	422	86	0	196	1461	23	444	0	612	Q9I4U3	Q9I4U3.1
group_3002	sp|O64203.1|	RecName: Full=Endolysin A; AltName: Full=Gene 10 protein; AltName: Full=Gp10; AltName: Full=Lysis protein; AltName: Full=Lysozyme [Fromanvirus D29]	38.65	163	84	4	52	513	195	350	2.28e-22	96.7	O64203	O64203.1
group_301	sp|A0A0H3LVU7.1|	RecName: Full=Diguanylate cyclase BdcA; AltName: Full=Bordetella diguanylate cyclase A [Bordetella bronchiseptica RB50]	33.03	439	208	17	328	1470	101	511	4.32e-36	144	A0A0H3LVU7	A0A0H3LVU7.1
group_3012	sp|P05332.1|	RecName: Full=Uncharacterized N-acetyltransferase p20 [Bacillus licheniformis]	35.2	125	71	7	10	369	3	122	7.92e-8	53.1	P05332	P05332.1
group_3018	sp|Q9VI85.1|	RecName: Full=tRNA-uridine aminocarboxypropyltransferase 2; AltName: Full=DTW domain-containing protein 2 [Drosophila melanogaster]	33.032	221	129	6	7	618	20	238	1.11e-19	87.4	Q9VI85	Q9VI85.1
group_3021	sp|Q9ERV7.1|	RecName: Full=p53-induced death domain-containing protein 1; AltName: Full=Leucine-rich repeat and death domain-containing protein; Contains: RecName: Full=PIDD-N; Contains: RecName: Full=PIDD-C; Contains: RecName: Full=PIDD-CC [Mus musculus]	34.682	173	108	2	3475	3993	135	302	1.41e-11	73.6	Q9ERV7	Q9ERV7.1
group_3023	sp|E8WYN5.1|	RecName: Full=(R)-mandelonitrile lyase; AltName: Full=Hydroxynitrile lyase; Short=GtHNL [Granulicella tundricola MP5ACTX9]	65.116	129	45	0	4	390	1	129	1.6699999999999998e-54	170	E8WYN5	E8WYN5.1
group_3027	sp|Q9ABX9.1|	RecName: Full=Uncharacterized signaling protein CC_0091 [Caulobacter vibrioides CB15]	39.929	561	303	8	1186	2838	251	787	2.2499999999999996e-109	360	Q9ABX9	Q9ABX9.1
group_303	sp|A0A0H3LVU7.1|	RecName: Full=Diguanylate cyclase BdcA; AltName: Full=Bordetella diguanylate cyclase A [Bordetella bronchiseptica RB50]	30.345	435	219	18	334	1467	104	511	2.39e-33	136	A0A0H3LVU7	A0A0H3LVU7.1
group_3031	sp|P51718.1|	RecName: Full=Probable terminase, ATPase subunit; AltName: Full=ORF16 [Haemophilus phage HP1c1]	46.766	603	304	10	7	1800	14	604	6.109999999999998e-180	528	P51718	P51718.1
group_3032	sp|Q9I036.2|	RecName: Full=Copper-resistant cuproprotein CopI; Flags: Precursor [Pseudomonas aeruginosa PAO1]	68.571	175	48	2	7	516	7	179	1.89e-70	214	Q9I036	Q9I036.2
group_3033	sp|P0DOV6.1|	RecName: Full=6-deoxy-6-sulfogluconolactonase; AltName: Full=6-deoxy-6-sulfogluconolactone lactonase; Short=SGL lactonase [Pseudomonas putida]	36.364	297	171	6	4	870	4	290	8.79e-49	166	P0DOV6	P0DOV6.1
group_3034	sp|P0DV98.1|	RecName: Full=Retron Vc95 probable ATPase; Short=ORF540 [Vibrio cholerae O1 biovar El Tor]	35.279	377	214	8	1	1071	62	428	1.2299999999999998e-68	230	P0DV98	P0DV98.1
group_3035	sp|P55174.1|	RecName: Full=Coenzyme PQQ synthesis protein F; AltName: Full=Pyrroloquinoline quinone biosynthesis protein F [Pseudomonas protegens CHA0]	52.179	803	353	10	52	2370	27	828	0	693	P55174	P55174.1
group_3044	sp|Q10268.1|	RecName: Full=Membrane-anchored protein 1; Flags: Precursor [Schizosaccharomyces pombe 972h-]	30.189	159	103	6	666	214	476	634	1.04e-7	55.5	Q10268	Q10268.1
group_3045	sp|P19441.1|	RecName: Full=Nodulation protein S [Sinorhizobium fredii NGR234]	30.476	105	72	1	46	357	33	137	6.9e-6	48.5	P19441	P19441.1
group_3046	sp|O67071.1|	RecName: Full=Uncharacterized protein aq_928 [Aquifex aeolicus VF5]	36.257	171	96	3	67	561	19	182	1.1800000000000001e-29	113	O67071	O67071.1
group_305	sp|Q9I748.1|	RecName: Full=Type VI secretion system sheath protein TssC1; AltName: Full=Sheath protein HsiC1 [Pseudomonas aeruginosa PAO1]	37.55	498	299	7	1	1476	1	492	4.5699999999999995e-115	351	Q9I748	Q9I748.1
group_3050	sp|P58114.1|	RecName: Full=Pirin-like protein CC_3178 [Caulobacter vibrioides CB15]	41.264	269	153	4	16	813	5	271	1.77e-63	204	P58114	P58114.1
group_3062	sp|Q47319.2|	RecName: Full=tRNA-uridine aminocarboxypropyltransferase; AltName: Full=SAM-dependent 3-amino-3-carboxypropyl transferase; AltName: Full=tRNA U47 acp transferase A; AltName: Full=tRNA aminocarboxypropyltransferase [Escherichia coli K-12]	51.389	216	104	1	85	732	3	217	4.8299999999999997e-60	192	Q47319	Q47319.2
group_3065	sp|Q47718.1|	PUTATIVE PSEUDOGENE: RecName: Full=Putative transposase InsO for insertion sequence element IS911B [Escherichia coli K-12]	54.701	117	53	0	196	546	59	175	2.39e-38	136	Q47718	Q47718.1
group_3070	sp|P58040.1|	RecName: Full=UPF0153 protein PA1578.1 [Pseudomonas aeruginosa PAO1]	69.048	84	26	0	1	252	1	84	3.1699999999999996e-35	117	P58040	P58040.1
group_3072	sp|C4SGN7.1|	RecName: Full=tRNA nuclease CdiA; Short=tRNase CdiA; AltName: Full=Contact-dependent inhibitor A; Short=CdiA-43969; AltName: Full=Toxin CdiA; Flags: Precursor [Yersinia mollaretii ATCC 43969]	32.12	1099	606	37	70	3078	4	1058	6.69e-92	340	C4SGN7	C4SGN7.1
group_3076	sp|O64333.1|	RecName: Full=Tail tip assembly protein K; AltName: Full=Gene product 19; Short=gp19; AltName: Full=Probable endopeptidase; AltName: Full=Tail assembly protein K [Escherichia phage N15]	47.881	236	106	3	49	753	17	236	9.7e-74	227	O64333	O64333.1
group_3078	sp|Q9RBP5.1|	RecName: Full=1-hydroxy-2-glutathionyl-2-methyl-3-butene dehydrogenase [Rhodococcus sp. AD45]	31.551	187	119	3	151	708	48	226	3.04e-21	91.7	Q9RBP5	Q9RBP5.1
group_308	sp|P26745.1|	RecName: Full=Terminase, large subunit; AltName: Full=DNA-packaging protein gp2; Includes: RecName: Full=Endonuclease; Includes: RecName: Full=ATPase [Lederbergvirus P22]	40.22	455	249	5	133	1443	40	489	1.56e-92	293	P26745	P26745.1
group_3080	sp|Q87AD3.1|	RecName: Full=Probable transporter PD_1893 [Xylella fastidiosa Temecula1]	50.467	107	52	1	64	381	30	136	1.68e-27	102	Q87AD3	Q87AD3.1
group_3081	sp|Q6NCZ5.1|	RecName: Full=HTH-type quorum sensing-dependent transcriptional regulator RpaR; AltName: Full=4-coumaroyl-homoserine lactone receptor; Short=pC-HSL receptor [Rhodopseudomonas palustris CGA009]	56.667	60	26	0	85	264	181	240	1.16e-12	63.9	Q6NCZ5	Q6NCZ5.1
group_3082	sp|P51735.1|	RecName: Full=Probable tail fiber protein; AltName: Full=Gene product 31; Short=gp31; AltName: Full=ORF31 [Haemophilus phage HP1c1]	38.177	351	184	9	1	1002	1	335	4.7e-54	205	P51735	P51735.1
group_3089	sp|Q9PL03.1|	RecName: Full=Uncharacterized protein TC_0305 [Chlamydia muridarum str. Nigg]	34.161	161	77	9	235	645	56	211	7.88e-7	52.4	Q9PL03	Q9PL03.1
group_309	sp|Q88D09.1|	RecName: Full=Methyl-accepting chemotaxis protein McpQ [Pseudomonas putida KT2440]	41.026	312	184	0	544	1479	327	638	3.93e-39	153	Q88D09	Q88D09.1
group_3091	sp|Q3KIA5.1|	RecName: Full=Protein RnfH [Pseudomonas fluorescens Pf0-1]	69.048	84	26	0	1	252	5	88	1.35e-33	114	Q3KIA5	Q3KIA5.1
group_3094	sp|O32229.1|	RecName: Full=Uncharacterized oxidoreductase YvaG [Bacillus subtilis subsp. subtilis str. 168]	45.627	263	143	0	1	789	1	263	6.9e-81	247	O32229	O32229.1
group_31	sp|P72235.1|	RecName: Full=Trehalose synthase; AltName: Full=Maltose alpha-D-glucosyltransferase [Pimelobacter sp.]	58.645	561	226	3	16	1686	5	563	0	671	P72235	P72235.1
group_3103	sp|P55504.1|	RecName: Full=Uncharacterized protein y4jD [Sinorhizobium fredii NGR234]	34.051	511	291	9	142	1578	6	502	4.04e-82	268	P55504	P55504.1
group_3104	sp|P51716.1|	RecName: Full=Uncharacterized 14.9 kDa protein in rep-hol intergenic region; AltName: Full=ORF14 [Haemophilus phage HP1c1]	43.939	132	72	1	1	396	1	130	1.7999999999999998e-35	122	P51716	P51716.1
group_311	sp|P39342.1|	RecName: Full=Uncharacterized protein YjgR [Escherichia coli K-12]	47.548	469	232	3	70	1437	21	488	6.25e-123	371	P39342	P39342.1
group_3116	sp|P73136.1|	RecName: Full=Uncharacterized protein slr1025 [Synechocystis sp. PCC 6803 substr. Kazusa]	54.286	70	32	0	115	324	41	110	1.95e-24	92.4	P73136	P73136.1
group_3118	sp|P51739.1|	RecName: Full=Uncharacterized 58.7 kDa protein in lys 3'region; AltName: Full=ORF35 [Haemophilus phage HP1c1]	36.392	316	177	3	16	963	240	531	3.6e-59	201	P51739	P51739.1
group_312	sp|P44233.1|	RecName: Full=Mu-like prophage FluMu tail sheath protein [Haemophilus influenzae Rd KW20]	42.105	494	277	4	1	1476	1	487	6.72e-114	348	P44233	P44233.1
group_3127	sp|Q87AD4.1|	RecName: Full=Probable transporter PD_1892 [Xylella fastidiosa Temecula1]	51.376	109	50	2	79	402	21	127	2.9299999999999997e-30	109	Q87AD4	Q87AD4.1
group_313	sp|P39045.1|	RecName: Full=D-alanyl-D-alanine carboxypeptidase; Short=DD-carboxypeptidase; Short=DD-peptidase; AltName: Full=Penicillin-binding protein; Short=PBP; Flags: Precursor [Actinomadura sp. R39]	32.446	413	224	12	229	1356	96	490	2.9899999999999997e-35	141	P39045	P39045.1
group_3130	sp|P94389.1|	RecName: Full=Uncharacterized protein YcgL [Bacillus subtilis subsp. subtilis str. 168]	43.191	257	143	2	16	783	1	255	6.530000000000001e-70	219	P94389	P94389.1
group_314	sp|Q9I748.1|	RecName: Full=Type VI secretion system sheath protein TssC1; AltName: Full=Sheath protein HsiC1 [Pseudomonas aeruginosa PAO1]	38.843	484	283	7	34	1464	15	492	1.07e-112	345	Q9I748	Q9I748.1
group_3140	sp|P81124.1|	RecName: Full=Probable glutathione transferase; AltName: Full=Glutathione-dependent dehydroascorbate reductase; AltName: Full=Monomethylarsonic acid reductase; Short=MMA(V) reductase; AltName: Full=Protein 9 [Aplysia californica]	33	100	56	4	28	318	1	92	1.44e-7	50.8	P81124	P81124.1
group_3143	sp|P33128.2|	RecName: Full=Probable fimbrial chaperone YadV; Flags: Precursor [Escherichia coli K-12]	42.735	234	127	6	28	720	11	240	2.2199999999999994e-55	181	P33128	P33128.2
group_3150	sp|Q9HVI1.1|	RecName: Full=Cyclic diguanosine monophosphate-binding protein PA4608; Short=c-di-GMP-binding protein PA4608; AltName: Full=Pilz domain-containing protein PA4608 [Pseudomonas aeruginosa PAO1]	48.571	105	54	0	1	315	1	105	1.0899999999999999e-23	91.3	Q9HVI1	Q9HVI1.1
group_3155	sp|B3BM48.1|	RecName: Full=tRNA nuclease CdiA; Short=tRNase CdiA; AltName: Full=CdiA-EC869; AltName: Full=Toxin CdiA; Flags: Precursor [Escherichia coli O157:H7 str. EC869]	31.575	1460	727	62	64	3972	7	1351	7.76e-86	321	B3BM48	B3BM48.1
group_3159	sp|Q9HWS0.1|	RecName: Full=Cyclic di-GMP phosphodiesterase PA4108 [Pseudomonas aeruginosa PAO1]	58.554	415	154	4	1	1212	1	408	2.34e-170	485	Q9HWS0	Q9HWS0.1
group_3166	sp|A0A7T8F1M6.1|	RecName: Full=NmrA-like family domain-containing oxidoreductase FrzB; AltName: Full=FR901483 biosynthesis cluster protein B [Cladobotryum sp.]	31.25	160	90	9	10	441	7	162	9.47e-6	50.1	A0A7T8F1M6	A0A7T8F1M6.1
group_317	sp|Q838S2.1|	RecName: Full=Chitinase; AltName: Full=EfChi18A; Flags: Precursor [Enterococcus faecalis V583]	58.696	322	126	2	43	999	30	347	3.2699999999999996e-133	392	Q838S2	Q838S2.1
group_3172	sp|P71054.2|	RecName: Full=Putative glycosyltransferase EpsE [Bacillus subtilis subsp. subtilis str. 168]	33.333	111	72	2	61	393	6	114	4.85e-11	65.9	P71054	P71054.2
group_3177	sp|Q9HT95.1|	RecName: Full=Acetyltransferase PA5475; AltName: Full=GCN5-related N-acetyltransferase; Short=GNAT [Pseudomonas aeruginosa PAO1]	52.941	102	47	1	34	336	85	186	4.97e-33	116	Q9HT95	Q9HT95.1
group_3179	sp|Q88L76.1|	RecName: Full=UPF0337 protein PP_2059 [Pseudomonas putida KT2440]	68.293	82	26	0	1	246	1	82	4.48e-18	74.3	Q88L76	Q88L76.1
group_3188	sp|P0A968.1|	RecName: Full=Cold shock-like protein CspD; Short=CSP-D [Escherichia coli K-12]	66.667	69	22	1	22	228	4	71	3.53e-24	89.7	P0A968	P0A968.1
group_319	sp|Q6L8J9.1|	RecName: Full=Circadian clock oscillator protein KaiC [Thermostichus vulcanus]	30.088	226	136	7	712	1338	11	231	6.32e-18	90.1	Q6L8J9	Q6L8J9.1
group_3194	sp|Q9HUT5.1|	RecName: Full=Transcriptional regulator BrlR; AltName: Full=HTH-type transcriptional regulator BrlR; AltName: Full=MerR-like regulator BrlR; AltName: Full=biofilm resistance locus regulator [Pseudomonas aeruginosa PAO1]	30.921	152	99	5	25	468	120	269	6.09e-11	62.4	Q9HUT5	Q9HUT5.1
group_32	sp|Q9I310.1|	RecName: Full=Bifunctional diguanylate cyclase/cyclic di-GMP phosphodiesterase MucR; Short=DGC/PDE; AltName: Full=c-di-GMP-synthesizing enzyme [Pseudomonas aeruginosa PAO1]	44.495	436	233	2	1948	3255	252	678	4.3e-114	372	Q9I310	Q9I310.1
group_3202	sp|A5W2C8.1|	RecName: Full=Methyl-accepting chemotaxis protein PcaY; AltName: Full=Aromatic acid chemoreceptor PcaY [Pseudomonas putida F1]	55.233	344	150	2	604	1623	198	541	3.47e-86	279	A5W2C8	A5W2C8.1
group_3204	sp|B8GZM2.1|	RecName: Full=Response regulator PleD; AltName: Full=Stalked cell differentiation-controlling protein; Includes: RecName: Full=Diguanylate cyclase; Short=DGC; AltName: Full=Diguanylate kinase [Caulobacter vibrioides NA1000]	36.916	214	122	6	1030	1638	238	449	1.5499999999999998e-24	110	B8GZM2	B8GZM2.1
group_3208	sp|Q48806.1|	RecName: Full=Protein DlpA [Legionella pneumophila subsp. pneumophila str. Philadelphia 1]	37.143	210	129	1	10	630	394	603	5.52e-39	144	Q48806	Q48806.1
group_3212	sp|Q9HT95.1|	RecName: Full=Acetyltransferase PA5475; AltName: Full=GCN5-related N-acetyltransferase; Short=GNAT [Pseudomonas aeruginosa PAO1]	44.048	168	94	0	61	564	19	186	2.82e-41	140	Q9HT95	Q9HT95.1
group_3214	sp|Q02006.2|	RecName: Full=Putative potassium channel protein RPA4233 [Rhodopseudomonas palustris CGA009]	31.841	201	116	5	130	687	50	244	4.9900000000000006e-21	95.1	Q02006	Q02006.2
group_3215	sp|Q49538.1|	RecName: Full=Variant surface antigen F; AltName: Full=VlpF prolipoprotein; Flags: Precursor [Mesomycoplasma hyorhinis]	31.532	111	74	1	97	429	63	171	3.21e-11	61.6	Q49538	Q49538.1
group_3221	sp|Q9P6J2.1|	RecName: Full=Fe(2+)/Mn(2+) transporter pcl1; AltName: Full=Pombe ccc1-like protein 1 [Schizosaccharomyces pombe 972h-]	59.854	137	55	0	7	417	5	141	3.6999999999999995e-47	159	Q9P6J2	Q9P6J2.1
group_3223	sp|Q98J52.2|	RecName: Full=UPF0337 protein mlr2098 [Mesorhizobium japonicum MAFF 303099]	64	50	18	0	1	150	1	50	3.26e-15	65.9	Q98J52	Q98J52.2
group_3229	sp|P0ABB8.1|	RecName: Full=Magnesium-transporting ATPase, P-type 1; AltName: Full=Mg(2+) transport ATPase, P-type 1 [Escherichia coli K-12]	41.774	778	431	11	1264	3540	117	891	8.559999999999999e-172	534	P0ABB8	P0ABB8.1
group_323	sp|P59785.1|	RecName: Full=Alginate biosynthesis protein AlgA; Includes: RecName: Full=Mannose-6-phosphate isomerase; AltName: Full=Phosphohexomutase; AltName: Full=Phosphomannose isomerase; Short=PMI; Includes: RecName: Full=Mannose-1-phosphate guanylyltransferase; AltName: Full=GDP-mannose pyrophosphorylase; Short=GMP; Short=GMPP; AltName: Full=GTP--mannose-1-phosphate guanylyltransferase [Pseudomonas fluorescens]	97.723	483	11	0	1	1449	1	483	0	992	P59785	P59785.1
group_3231	sp|Q7CXI0.2|	RecName: Full=Acetyltransferase Atu2258; AltName: Full=GCN5-related N-acetyltransferase; Short=GNAT [Agrobacterium fabrum str. C58]	31.818	132	89	1	22	417	5	135	2e-12	63.5	Q7CXI0	Q7CXI0.2
group_3240	sp|P0DXX7.1|	RecName: Full=Tip attachment protein J; AltName: Full=Central tail fiber; Short=CTF; AltName: Full=gpJ protein [Escherichia phage SECphi27]	39.688	834	489	8	16	2484	3	833	0	617	P0DXX7	P0DXX7.1
group_3245	sp|J2EKT7.1|	RecName: Full=Metallothionein; AltName: Full=PflQ2 MT [Pseudomonas fluorescens Q2-87]	42.857	56	30	2	1	165	1	55	3.11e-7	45.4	J2EKT7	J2EKT7.1
group_325	sp|P10351.2|	RecName: Full=Xanthine dehydrogenase; Short=XD; AltName: Full=Protein rosy locus [Drosophila melanogaster]	34.269	499	270	11	1	1335	5	499	4.5999999999999996e-69	243	P10351	P10351.2
group_3251	sp|P51739.1|	RecName: Full=Uncharacterized 58.7 kDa protein in lys 3'region; AltName: Full=ORF35 [Haemophilus phage HP1c1]	36.395	294	163	3	16	897	240	509	8.479999999999999e-53	184	P51739	P51739.1
group_3252	sp|A0A0M9VXC7.1|	RecName: Full=Thioredoxin reductase etpT; AltName: Full=Epipolythiodiketopiperazine biosynthesis cluster protein T; AltName: Full=Melinacidin IV biosynthesis cluster protein etpT [Escovopsis weberi]	34.146	287	166	10	1	798	8	292	3.82e-36	135	A0A0M9VXC7	A0A0M9VXC7.1
group_3253	sp|P15276.2|	RecName: Full=Transcriptional regulatory protein AlgP; AltName: Full=Alginate regulatory protein AlgR3 [Pseudomonas aeruginosa PAO1]	75.94	133	32	0	1	399	1	133	7.06e-21	95.9	P15276	P15276.2
group_3256	sp|P24200.2|	RecName: Full=Type IV methyl-directed restriction enzyme EcoKMcrA; Short=EcoKMcrA; AltName: Full=5-methylcytosine-specific restriction enzyme A [Escherichia coli K-12]	46.565	131	68	2	313	702	146	275	2.3000000000000002e-33	124	P24200	P24200.2
group_3259	sp|Q45584.2|	RecName: Full=Uncharacterized protein YbbK [Bacillus subtilis subsp. subtilis str. 168]	44.755	143	78	1	10	438	2	143	4.9000000000000003e-36	125	Q45584	Q45584.2
group_3262	sp|A8PX35.1|	RecName: Full=Secreted triacylglycerol lipase LIP4; Flags: Precursor [Malassezia globosa CBS 7966]	31.658	199	113	9	70	630	41	228	6.26e-6	51.6	A8PX35	A8PX35.1
group_3264	sp|Q47152.1|	RecName: Full=REP-associated tyrosine transposase [Escherichia coli K-12]	32.955	88	52	2	181	438	52	134	3.28e-9	55.8	Q47152	Q47152.1
group_3267	sp|P0DXX7.1|	RecName: Full=Tip attachment protein J; AltName: Full=Central tail fiber; Short=CTF; AltName: Full=gpJ protein [Escherichia phage SECphi27]	33.826	1218	705	21	16	3621	3	1135	0	613	P0DXX7	P0DXX7.1
group_327	sp|P55189.2|	RecName: Full=Putative sulfate transporter YbaR [Bacillus subtilis subsp. subtilis str. 168]	41.102	472	268	4	13	1425	14	476	2.8899999999999997e-95	299	P55189	P55189.2
group_3273	sp|O64313.1|	RecName: Full=Tail assembly protein E; AltName: Full=Gene product E; Short=gpE; AltName: Full=Tail assembly chaperone; Short=TAC [Bacteriophage P2]	50	88	44	0	55	318	4	91	2.13e-23	89.4	O64313	O64313.1
group_3277	sp|P19144.1|	RecName: Full=Serralysin C; AltName: Full=Secreted protease C; Short=ProC; Flags: Precursor [Dickeya chrysanthemi]	37.662	77	42	3	1189	1413	398	470	4.9099999999999996e-06	52.8	P19144	P19144.1
group_328	sp|O07594.1|	RecName: Full=Uncharacterized MscS family protein YhdY [Bacillus subtilis subsp. subtilis str. 168]	31.788	151	97	2	316	768	136	280	3.38e-16	83.6	O07594	O07594.1
group_3281	sp|P02986.1|	RecName: Full=Cloacin immunity protein [Escherichia coli]	39.759	83	49	1	7	252	3	85	1.62e-15	68.2	P02986	P02986.1
group_3283	sp|Q7Y2C0.1|	RecName: Full=SAR-endolysin; AltName: Full=Endolysin; AltName: Full=Gene product 45; Short=gp45; AltName: Full=KMV45; AltName: Full=Lysis protein; AltName: Full=Lysozyme; AltName: Full=Muramidase [Pseudomonas phage phiKMV]	32.576	132	73	5	124	519	33	148	1.28e-7	52	Q7Y2C0	Q7Y2C0.1
group_3284	sp|P51730.1|	RecName: Full=Uncharacterized 11.3 kDa protein in lys 3'region; AltName: Full=ORF26 [Haemophilus phage HP1c1]	34.524	84	55	0	10	261	18	101	1.25e-7	48.5	P51730	P51730.1
group_3294	sp|Q9K0V1.1|	RecName: Full=Uncharacterized protein NMB0459 [Neisseria meningitidis MC58]	31.387	137	84	2	511	912	156	285	2.1e-10	65.1	Q9K0V1	Q9K0V1.1
group_3298	sp|P27077.1|	RecName: Full=Integrase [Enterobacteria phage P21]	31.202	391	204	14	1	1050	1	367	3.85e-34	132	P27077	P27077.1
group_3304	sp|P51731.1|	RecName: Full=Probable tape measure protein; Short=TMP; AltName: Full=Gene product 27; Short=gp27 [Haemophilus phage HP1c1]	43.434	396	220	2	22	1197	7	402	1.73e-100	329	P51731	P51731.1
group_3306	sp|P96068.1|	RecName: Full=Secretion system apparatus protein SsaT [Salmonella enterica subsp. enterica serovar Typhimurium str. LT2]	40.167	239	132	2	19	720	8	240	8.059999999999999e-56	182	P96068	P96068.1
group_3313	sp|P76071.1|	RecName: Full=Transposase InsH for insertion sequence element IS5Y [Escherichia coli K-12]	54.902	51	23	0	13	165	269	319	1.32e-12	63.2	P76071	P76071.1
group_3319	sp|P00646.1|	RecName: Full=Colicin E3; AltName: Full=Colicin E3 A chain; Short=colE3; AltName: Full=Ribonuclease [Escherichia coli]	52.525	99	47	0	865	1161	451	549	5.889999999999999e-23	103	P00646	P00646.1
group_3320	sp|P16470.1|	RecName: Full=Shufflon-specific DNA recombinase [Escherichia coli]	32.751	229	125	7	373	1041	71	276	8.59e-22	99	P16470	P16470.1
group_3321	sp|O64332.1|	RecName: Full=Tail tip protein L; AltName: Full=Gene product 18; Short=gp18 [Escherichia phage N15]	54.4	250	109	5	1	738	1	249	8.26e-89	266	O64332	O64332.1
group_3324	sp|P77698.1|	RecName: Full=Uncharacterized protein YbcK [Escherichia coli K-12]	31.161	353	201	13	7	981	2	340	6.66e-31	129	P77698	P77698.1
group_3326	sp|P51721.1|	RecName: Full=Probable terminase, endonuclease subunit; AltName: Full=ORF19 [Haemophilus phage HP1c1]	34.416	154	98	1	70	531	21	171	1.53e-23	98.6	P51721	P51721.1
group_3327	sp|P51739.1|	RecName: Full=Uncharacterized 58.7 kDa protein in lys 3'region; AltName: Full=ORF35 [Haemophilus phage HP1c1]	31.839	223	139	6	1	654	1	215	3.6800000000000004e-21	94.7	P51739	P51739.1
group_3336	sp|Q8GIX7.1|	RecName: Full=Alcohol dehydrogenase; Short=ADH [Moraxella sp. TAE123]	59.644	337	135	1	13	1023	1	336	1.44e-139	402	Q8GIX7	Q8GIX7.1
group_3348	sp|Q6XQC4.1|	RecName: Full=Tape measure protein; Short=TMP; AltName: Full=Gene product 38; Short=gp38 [Escherichia phage T1]	32.468	154	103	1	880	1338	289	442	4.97e-10	67.8	Q6XQC4	Q6XQC4.1
group_3353	sp|Q06552.1|	RecName: Full=Transcription regulatory protein PrtN; AltName: Full=Pyocin activator protein [Pseudomonas aeruginosa PAO1]	38.095	63	38	1	37	225	25	86	1.13e-6	46.2	Q06552	Q06552.1
group_3354	sp|O64331.1|	RecName: Full=Tail tip protein M; AltName: Full=Gene product 17; Short=gp17 [Escherichia phage N15]	38.793	116	66	3	1	336	1	115	1.71e-16	72.4	O64331	O64331.1
group_3355	sp|P25477.1|	RecName: Full=Capsid proteins; AltName: Full=GpN; Contains: RecName: Full=Minor capsid protein H1; Contains: RecName: Full=Minor capsid protein H2; Contains: RecName: Full=Major capsid protein N*; AltName: Full=Major head protein; Flags: Precursor [Bacteriophage P2]	35.714	350	194	8	19	1008	4	342	2.0099999999999999e-60	201	P25477	P25477.1
group_3356	sp|P51739.1|	RecName: Full=Uncharacterized 58.7 kDa protein in lys 3'region; AltName: Full=ORF35 [Haemophilus phage HP1c1]	35.535	318	179	4	16	969	240	531	3.06e-53	186	P51739	P51739.1
group_3358	sp|P51722.1|	RecName: Full=Probable head completion/stabilization protein; AltName: Full=ORF20 [Haemophilus phage HP1c1]	35.099	151	96	1	7	459	2	150	2.9300000000000003e-26	99.8	P51722	P51722.1
group_3360	sp|P27078.1|	RecName: Full=Integrase [Phage 434]	33.333	228	117	13	46	645	22	242	4.22e-11	66.6	P27078	P27078.1
group_3363	sp|Q6QIA5.1|	RecName: Full=Probable tape measure protein; Short=TMP; AltName: Full=Gene product 44; Short=gp44 [Burkholderia phage BcepMu USA/Summer/2002]	33.333	189	90	5	1855	2409	583	739	3.18e-15	84.3	Q6QIA5	Q6QIA5.1
group_3364	sp|O64331.1|	RecName: Full=Tail tip protein M; AltName: Full=Gene product 17; Short=gp17 [Escherichia phage N15]	36.752	117	67	4	1	336	1	115	1.93e-13	64.3	O64331	O64331.1
group_3365	sp|D0ZWT5.1|	RecName: Full=Secretion system apparatus lipoprotein SsaJ; Flags: Precursor [Salmonella enterica subsp. enterica serovar Typhimurium str. 14028S]	40.764	157	92	1	1	471	35	190	4.85e-33	122	D0ZWT5	D0ZWT5.1
group_3367	sp|P51719.1|	RecName: Full=Capsid assembly scaffolding protein; AltName: Full=Gene product 17; Short=Gp17; AltName: Full=Head morphogenesis protein; AltName: Full=Scaffold protein; Contains: RecName: Full=Maturation protease [Haemophilus phage HP1c1]	45.882	170	91	1	13	522	6	174	1.82e-42	150	P51719	P51719.1
group_3369	sp|P51721.1|	RecName: Full=Probable terminase, endonuclease subunit; AltName: Full=ORF19 [Haemophilus phage HP1c1]	32.335	167	99	2	217	678	63	228	1.23e-17	83.2	P51721	P51721.1
group_337	sp|P71241.2|	RecName: Full=UDP-glucose:undecaprenyl-phosphate glucose-1-phosphate transferase; Short=UDP-Glc:Und-P Glc-1-P transferase; AltName: Full=Colanic acid biosynthesis UDP-glucose lipid carrier transferase; AltName: Full=Glucosyl-P-P-undecaprenol synthase [Escherichia coli K-12]	46.403	278	145	2	604	1437	191	464	2.5699999999999997e-72	239	P71241	P71241.2
group_3372	sp|O64332.1|	RecName: Full=Tail tip protein L; AltName: Full=Gene product 18; Short=gp18 [Escherichia phage N15]	53.012	249	115	2	1	741	1	249	2.9399999999999998e-99	292	O64332	O64332.1
group_3375	sp|P51718.1|	RecName: Full=Probable terminase, ATPase subunit; AltName: Full=ORF16 [Haemophilus phage HP1c1]	46.242	612	310	11	28	1839	4	604	7.429999999999998e-180	528	P51718	P51718.1
group_3376	sp|P25477.1|	RecName: Full=Capsid proteins; AltName: Full=GpN; Contains: RecName: Full=Minor capsid protein H1; Contains: RecName: Full=Minor capsid protein H2; Contains: RecName: Full=Major capsid protein N*; AltName: Full=Major head protein; Flags: Precursor [Bacteriophage P2]	40.785	331	179	7	58	1011	16	342	4.43e-71	228	P25477	P25477.1
group_3377	sp|P51767.1|	RecName: Full=Baseplate protein J; AltName: Full=Gene J protein; AltName: Full=GpJ [Bacteriophage P2]	31.366	322	188	4	7	966	1	291	6.51e-25	105	P51767	P51767.1
group_3378	sp|P21679.2|	RecName: Full=Probable baseplate hub protein; AltName: Full=Gene D protein; AltName: Full=GpD; AltName: Full=Late control gene D protein [Eganvirus ev186]	43.132	364	165	2	85	1053	15	377	6.26e-94	291	P21679	P21679.2
group_3379	sp|O64333.1|	RecName: Full=Tail tip assembly protein K; AltName: Full=Gene product 19; Short=gp19; AltName: Full=Probable endopeptidase; AltName: Full=Tail assembly protein K [Escherichia phage N15]	49.206	252	111	3	1	753	1	236	2.8100000000000003e-73	227	O64333	O64333.1
group_3380	sp|P25480.1|	RecName: Full=Probable portal protein; AltName: Full=GpQ [Bacteriophage P2]	37.931	319	194	3	25	975	11	327	2.47e-69	223	P25480	P25480.1
group_3381	sp|P51719.1|	RecName: Full=Capsid assembly scaffolding protein; AltName: Full=Gene product 17; Short=Gp17; AltName: Full=Head morphogenesis protein; AltName: Full=Scaffold protein; Contains: RecName: Full=Maturation protease [Haemophilus phage HP1c1]	45.455	165	84	3	34	528	13	171	8.76e-37	136	P51719	P51719.1
group_3382	sp|P26701.1|	RecName: Full=Baseplate protein I; AltName: Full=Gene I protein; Short=GpI [Bacteriophage P2]	32.692	104	69	1	16	327	4	106	5.49e-10	59.7	P26701	P26701.1
group_3383	sp|P51718.1|	RecName: Full=Probable terminase, ATPase subunit; AltName: Full=ORF16 [Haemophilus phage HP1c1]	43.377	604	326	10	7	1800	14	607	1.22e-172	509	P51718	P51718.1
group_3385	sp|P51717.1|	RecName: Full=Probable portal protein; AltName: Full=ORF15 [Haemophilus phage HP1c1]	43.983	241	126	2	1	705	93	330	7.01e-65	208	P51717	P51717.1
group_3388	sp|P76056.1|	RecName: Full=Prophage integrase IntR; AltName: Full=Putative lambdoid prophage Rac integrase [Escherichia coli K-12]	30.751	413	253	11	1	1158	4	410	4.2499999999999995e-47	169	P76056	P76056.1
group_3398	sp|P85501.2|	RecName: Full=Tape measure protein; Short=TMP; AltName: Full=ORF10 protein; AltName: Full=Structural protein 1 [Pseudomonas phage PAJU2]	38.243	387	209	5	496	1605	40	413	3.15e-41	168	P85501	P85501.2
group_3402	sp|Q7CQM5.1|	RecName: Full=Response regulator SsrB [Salmonella enterica subsp. enterica serovar Typhimurium str. LT2]	45.455	209	113	1	10	636	2	209	1.2399999999999999e-52	171	Q7CQM5	Q7CQM5.1
group_342	sp|P41773.1|	RecName: Full=Lipase; AltName: Full=Triacylglycerol lipase; Flags: Precursor [Pseudomonas fluorescens]	96.849	476	15	0	1	1428	1	476	0	927	P41773	P41773.1
group_3420	sp|P26701.1|	RecName: Full=Baseplate protein I; AltName: Full=Gene I protein; Short=GpI [Bacteriophage P2]	57.627	177	73	1	1	531	1	175	2.32e-62	194	P26701	P26701.1
group_3422	sp|O64334.1|	RecName: Full=Tail tip assembly protein I; AltName: Full=Gene product 20; Short=gp20 [Escherichia phage N15]	48.969	194	94	3	31	606	1	191	2.1e-39	136	O64334	O64334.1
group_3426	sp|P51767.1|	RecName: Full=Baseplate protein J; AltName: Full=Gene J protein; AltName: Full=GpJ [Bacteriophage P2]	52.703	296	138	2	19	903	4	298	4.969999999999999e-101	301	P51767	P51767.1
group_3427	sp|P51768.1|	RecName: Full=Baseplate protein W; AltName: Full=Gene W protein; AltName: Full=GpW [Bacteriophage P2]	42.593	108	61	1	1	324	8	114	2.87e-25	94.7	P51768	P51768.1
group_3428	sp|P31340.2|	RecName: Full=Spike protein; AltName: Full=Baseplate assembly protein gpV; AltName: Full=Gene V protein; Short=GpV [Bacteriophage P2]	42.982	114	60	3	37	366	1	113	6.64e-13	68.2	P31340	P31340.2
group_3431	sp|P55400.1|	RecName: Full=Probable conjugal transfer protein TrbJ [Sinorhizobium fredii NGR234]	34.574	188	112	4	259	807	71	252	4.5000000000000005e-26	106	P55400	P55400.1
group_3432	sp|P36933.1|	RecName: Full=Tail completion protein R; AltName: Full=GpR [Bacteriophage P2]	46.154	117	63	0	1	351	1	117	5.1199999999999996e-30	109	P36933	P36933.1
group_3433	sp|P03770.1|	RecName: Full=Protein ninG [Escherichia phage Lambda]	31.674	221	118	5	19	642	4	204	7.92e-21	89.4	P03770	P03770.1
group_3436	sp|P51770.1|	RecName: Full=Probable spanin, inner membrane subunit; Short=i-spanin; AltName: Full=Protein lysB [Bacteriophage P2]	41.892	74	43	0	205	426	67	140	9.51e-8	51.2	P51770	P51770.1
group_344	sp|P71389.1|	RecName: Full=Mu-like prophage FluMu DNA circularization protein [Haemophilus influenzae Rd KW20]	42.268	97	44	3	70	351	8	95	9.39e-14	76.6	P71389	P71389.1
group_3441	sp|P51772.1|	RecName: Full=Baseplate protein X; AltName: Full=Gene X protein; Short=GpX [Bacteriophage P2]	56.25	64	27	1	19	210	5	67	1.03e-19	77.4	P51772	P51772.1
group_3442	sp|P25475.1|	RecName: Full=Head completion/stabilization protein; AltName: Full=GpL [Bacteriophage P2]	38.806	134	82	0	58	459	36	169	4.19e-26	100	P25475	P25475.1
group_3444	sp|P45418.4|	RecName: Full=Probable tautomerase K2 [Dickeya dadantii 3937]	50.746	67	33	0	1	201	1	67	1.84e-18	74.3	P45418	P45418.4
group_3446	sp|O25903.1|	RecName: Full=1-acyl-sn-glycerol-3-phosphate acyltransferase; Short=1-AGP acyltransferase; Short=1-AGPAT; AltName: Full=Lysophosphatidic acid acyltransferase; Short=LPAAT [Helicobacter pylori 26695]	30.986	142	84	6	214	600	40	180	1.3e-7	54.7	O25903	O25903.1
group_3447	sp|P46336.1|	RecName: Full=Aldo-keto reductase IolS; AltName: Full=AKR11A; AltName: Full=Vegetative protein 147; Short=VEG147 [Bacillus subtilis subsp. subtilis str. 168]	37.089	213	119	8	37	657	6	209	1.87e-22	97.4	P46336	P46336.1
group_3448	sp|P29938.1|	RecName: Full=Uncharacterized protein in cobV 5'region; AltName: Full=ORF1 [Sinorhizobium sp.]	34.328	134	84	2	118	507	99	232	9.51e-13	67	P29938	P29938.1
group_345	sp|Q1ID47.1|	RecName: Full=Metalloprotease AprA [Pseudomonas entomophila L48]	65.979	485	151	5	1	1416	1	484	0	579	Q1ID47	Q1ID47.1
group_3450	sp|P9WIB8.1|	RecName: Full=Secreted chorismate mutase; Short=CM; AltName: Full=*MtCM; Flags: Precursor [Mycobacterium tuberculosis CDC1551]	38.636	88	52	2	82	342	44	130	2.83e-10	60.1	P9WIB8	P9WIB8.1
group_3451	sp|Q8ZRN1.1|	RecName: Full=D-methionine-binding lipoprotein MetQ; Flags: Precursor [Salmonella enterica subsp. enterica serovar Typhimurium str. LT2]	42.308	208	111	3	154	762	56	259	1.35e-39	141	Q8ZRN1	Q8ZRN1.1
group_3459	sp|Q6DHL5.1|	RecName: Full=Leucine-rich repeat-containing protein 57 [Danio rerio]	35.036	137	80	5	3508	3915	18	146	3.73e-10	65.5	Q6DHL5	Q6DHL5.1
group_346	sp|A4VGK4.1|	RecName: Full=D-2-hydroxyglutarate dehydrogenase; Short=D-2-HG dehydrogenase; Short=D2HGDH; AltName: Full=D-malate dehydrogenase [Stutzerimonas stutzeri A1501]	90.713	463	43	0	25	1413	1	463	0	811	A4VGK4	A4VGK4.1
group_3462	sp|A6VCX3.1|	RecName: Full=L-methionine sulfoximine/L-methionine sulfone acetyltransferase; AltName: Full=Methionine derivative detoxifier A; Short=MDDA [Pseudomonas paraeruginosa PA7]	75.595	168	40	1	4	504	5	172	5.4100000000000004e-86	253	A6VCX3	A6VCX3.1
group_3464	sp|C3K6U5.1|	RecName: Full=Probable Fe(2+)-trafficking protein [Pseudomonas [fluorescens] SBW25]	96.667	90	3	0	1	270	1	90	2.17e-62	186	C3K6U5	C3K6U5.1
group_3465	sp|Q9HU92.1|	RecName: Full=N-formylglutamate deformylase; AltName: Full=N-formyl-L-glutamate deformylase [Pseudomonas aeruginosa PAO1]	72.453	265	73	0	1	795	1	265	3.8399999999999995e-145	410	Q9HU92	Q9HU92.1
group_3466	sp|Q9RMT3.1|	RecName: Full=Protein tonB2 [Pseudomonas aeruginosa PAO1]	80.46	87	17	0	562	822	184	270	1.67e-42	149	Q9RMT3	Q9RMT3.1
group_3470	sp|Q55406.1|	RecName: Full=sn-1 stearoyl-lipid 9-desaturase; AltName: Full=Delta(9) acyl-lipid desaturase [Synechocystis sp. PCC 6803 substr. Kazusa]	31.405	242	154	8	31	744	77	310	1.66e-18	89	Q55406	Q55406.1
group_3472	sp|Q9HUH4.1|	RecName: Full=Probable FAD-dependent oxidoreductase PA4991 [Pseudomonas aeruginosa PAO1]	76.744	387	90	0	1	1161	1	387	0	573	Q9HUH4	Q9HUH4.1
group_3474	sp|P94476.2|	RecName: Full=Uncharacterized protein YebA [Bacillus subtilis subsp. subtilis str. 168]	33.735	83	50	2	508	750	474	553	4.06e-6	54.7	P94476	P94476.2
group_3475	sp|Q9NWU1.1|	RecName: Full=3-oxoacyl-[acyl-carrier-protein] synthase, mitochondrial; AltName: Full=Beta-ketoacyl-ACP synthase; Flags: Precursor [Homo sapiens]	39.773	264	131	7	433	1152	197	456	3.48e-42	156	Q9NWU1	Q9NWU1.1
group_3476	sp|Q9I5G7.1|	RecName: Full=Signal peptidase I; Short=SPase I; AltName: Full=Leader peptidase I [Pseudomonas aeruginosa PAO1]	31.22	205	87	8	295	753	63	265	1.74e-15	77.8	Q9I5G7	Q9I5G7.1
group_3479	sp|O05083.1|	RecName: Full=Uncharacterized glycosyltransferase HI_1698 [Haemophilus influenzae Rd KW20]	30.921	152	96	3	601	1029	182	333	3.87e-10	64.3	O05083	O05083.1
group_348	sp|Q9I189.1|	RecName: Full=Pyoverdine export outer membrane protein OpmQ; Flags: Precursor [Pseudomonas aeruginosa PAO1]	35.541	453	271	7	73	1368	11	463	2.89e-53	189	Q9I189	Q9I189.1
group_3482	sp|P48027.1|	RecName: Full=Sensor protein GacS [Pseudomonas syringae pv. syringae]	34.047	514	325	8	1201	2736	277	778	1.28e-74	266	P48027	P48027.1
group_3484	sp|Q9HYT3.1|	RecName: Full=Cyclic di-GMP phosphodiesterase NbdA; AltName: Full=NO-induced biofilm dispersion locus A [Pseudomonas aeruginosa PAO1]	42.177	441	249	2	1363	2673	331	769	1.6599999999999997e-101	337	Q9HYT3	Q9HYT3.1
group_3488	sp|P37691.2|	RecName: Full=Uncharacterized protein YibQ; Flags: Precursor [Escherichia coli K-12]	41.026	195	111	2	88	660	26	220	3.67e-46	159	P37691	P37691.2
group_349	sp|P54932.2|	RecName: Full=Protein RdxB [Cereibacter sphaeroides 2.4.1]	39.372	414	227	5	52	1236	6	414	4.82e-74	243	P54932	P54932.2
group_3490	sp|Q9R9N1.1|	RecName: Full=Lipopolysaccharide core biosynthesis glycosyltransferase LpsE [Sinorhizobium meliloti 1021]	32.787	183	115	4	556	1098	159	335	1.82e-10	65.1	Q9R9N1	Q9R9N1.1
group_3493	sp|P9WL97.1|	RecName: Full=Uncharacterized protein Rv2567 [Mycobacterium tuberculosis H37Rv]	35.917	774	443	14	43	2244	41	801	4.56e-122	392	P9WL97	P9WL97.1
group_3494	sp|A0A077LPS9.1|	RecName: Full=D-mannose isomerase [Thermobifida fusca]	30.409	171	112	4	130	633	38	204	9.03e-10	63.5	A0A077LPS9	A0A077LPS9.1
group_3498	sp|C3KAI3.1|	RecName: Full=3-dehydroquinate synthase; Short=DHQS [Pseudomonas [fluorescens] SBW25]	96.477	369	10	1	1	1107	1	366	0	722	C3KAI3	C3KAI3.1
group_350	sp|P94369.1|	RecName: Full=Putative purine-cytosine permease YxlA [Bacillus subtilis subsp. subtilis str. 168]	35.886	457	284	6	34	1389	3	455	6.1199999999999996e-83	266	P94369	P94369.1
group_3501	sp|Q87VK8.1|	RecName: Full=UPF0313 protein PSPTO_4928 [Pseudomonas syringae pv. tomato str. DC3000]	96.765	742	23	1	1	2223	1	742	0	1455	Q87VK8	Q87VK8.1
group_3502	sp|Q6AKK4.1|	RecName: Full=Probable alpha-L-glutamate ligase [Desulfotalea psychrophila LSv54]	39.85	133	79	1	7	405	9	140	7.069999999999999e-35	129	Q6AKK4	Q6AKK4.1
group_3503	sp|P27294.3|	RecName: Full=Protein InaA [Escherichia coli K-12]	31.313	198	126	4	58	630	9	203	2.1599999999999998e-23	97.4	P27294	P27294.3
group_3517	sp|B3VA58.1|	RecName: Full=UDP-N-acetylglucosamine--dolichyl-phosphate N-acetylglucosaminyltransferase; AltName: Full=Dol-P-GlcNAc synthase [Methanococcus voltae]	31.373	102	56	2	19	282	9	110	1.35e-7	54.3	B3VA58	B3VA58.1
group_3519	sp|P37645.3|	RecName: Full=AsmA family protein YhjG [Escherichia coli K-12]	52.237	693	311	4	1	2040	1	686	0	679	P37645	P37645.3
group_352	sp|Q9KU93.1|	RecName: Full=Peptidoglycan DD-endopeptidase ShyC; AltName: Full=Autolysin ShyC; AltName: Full=Sidewall hydrolase C [Vibrio cholerae O1 biovar El Tor str. N16961]	38.303	389	227	6	238	1401	56	432	7.26e-85	270	Q9KU93	Q9KU93.1
group_3520	sp|P0ADU7.1|	RecName: Full=Uncharacterized protein YqiB [Escherichia coli K-12]	35.766	137	82	2	19	426	2	133	4.4800000000000005e-22	88.6	P0ADU7	P0ADU7.1
group_3522	sp|P80546.1|	RecName: Full=Azurin [Pseudomonas fluorescens bv. A]	96.875	128	4	0	61	444	1	128	2.7499999999999997e-89	258	P80546	P80546.1
group_3524	sp|Q9HWA1.1|	RecName: Full=TPR repeat-containing protein PA4299; Flags: Precursor [Pseudomonas aeruginosa PAO1]	38.247	251	125	5	1	711	1	235	6.1e-38	135	Q9HWA1	Q9HWA1.1
group_3528	sp|Q9I310.1|	RecName: Full=Bifunctional diguanylate cyclase/cyclic di-GMP phosphodiesterase MucR; Short=DGC/PDE; AltName: Full=c-di-GMP-synthesizing enzyme [Pseudomonas aeruginosa PAO1]	44.676	432	238	1	586	1881	250	680	1.62e-120	376	Q9I310	Q9I310.1
group_3529	sp|Q88D09.1|	RecName: Full=Methyl-accepting chemotaxis protein McpQ [Pseudomonas putida KT2440]	50.693	649	291	5	1	1899	1	636	4.68e-111	350	Q88D09	Q88D09.1
group_353	sp|Q55587.1|	RecName: Full=Uncharacterized protein sll0335 [Synechocystis sp. PCC 6803 substr. Kazusa]	52.137	468	221	2	10	1404	10	477	2.13e-171	493	Q55587	Q55587.1
group_3534	sp|Q9HUG6.1|	RecName: Full=O-antigen ligase; Short=O-Ag ligase [Pseudomonas aeruginosa PAO1]	36.01	386	223	7	100	1251	35	398	1.4599999999999998e-54	194	Q9HUG6	Q9HUG6.1
group_3535	sp|P72667.1|	RecName: Full=Ribosomal RNA small subunit methyltransferase E; AltName: Full=16S rRNA m3U1498 methyltransferase [Synechocystis sp. PCC 6803 substr. Kazusa]	50	52	26	0	547	702	246	297	2.83e-6	50.8	P72667	P72667.1
group_3538	sp|P0C885.1|	RecName: Full=Copper chaperone CopZ [Staphylococcus aureus RF122]	36.508	63	38	1	4	186	4	66	6.38e-7	44.7	P0C885	P0C885.1
group_354	sp|Q55587.1|	RecName: Full=Uncharacterized protein sll0335 [Synechocystis sp. PCC 6803 substr. Kazusa]	52.878	469	218	2	10	1407	10	478	1.01e-173	499	Q55587	Q55587.1
group_3543	sp|Q6G7C8.1|	RecName: Full=Zinc-type alcohol dehydrogenase-like protein SAS2087 [Staphylococcus aureus subsp. aureus MSSA476]	38.387	310	186	4	1	924	1	307	1.29e-60	200	Q6G7C8	Q6G7C8.1
group_3547	sp|B5XWN4.1|	RecName: Full=Transcriptional regulator SlyA [Klebsiella variicola 342]	32.308	130	88	0	7	396	5	134	1.81e-15	71.2	B5XWN4	B5XWN4.1
group_3548	sp|Q5SID7.1|	RecName: Full=Cyclic AMP receptor protein; AltName: Full=Cyclic AMP receptor protein/Fumarate and nitrate reduction regulator superfamily protein TTHA1437; Short=CRP/FNR superfamily protein TTHA1437; AltName: Full=cAMP receptor protein; Short=CRP [Thermus thermophilus HB8]	31.746	189	122	2	115	678	30	212	1.22e-11	65.1	Q5SID7	Q5SID7.1
group_3549	sp|Q8X8Q3.2|	RecName: Full=Diguanylate cyclase DgcM; Short=DGC [Escherichia coli O157:H7]	37.297	185	112	2	445	999	230	410	3.5800000000000003e-29	119	Q8X8Q3	Q8X8Q3.2
group_355	sp|Q01854.1|	RecName: Full=Protein RdxA [Cereibacter sphaeroides 2.4.1]	36.247	469	253	8	34	1359	3	452	5.73e-76	248	Q01854	Q01854.1
group_3557	sp|P96683.1|	RecName: Full=Uncharacterized HTH-type transcriptional regulator YdfF [Bacillus subtilis subsp. subtilis str. 168]	30.876	217	142	2	13	654	3	214	4.97e-13	69.3	P96683	P96683.1
group_3558	sp|P21158.1|	RecName: Full=C-signal; AltName: Full=17-kDa C-factor protein; Short=p17; AltName: Full=C-factor; AltName: Full=Cell surface-associated intercellular C-signal; Flags: Precursor [Myxococcus xanthus]	31.818	154	103	2	226	684	14	166	1.86e-17	79.7	P21158	P21158.1
group_3559	sp|P76481.1|	RecName: Full=Uncharacterized protein YfbK [Escherichia coli K-12]	52.258	465	212	3	244	1611	104	567	2.6e-150	446	P76481	P76481.1
group_356	sp|Q9K2Y1.1|	RecName: Full=Outer membrane protein TolC; AltName: Full=Multidrug efflux pump subunit TolC; Flags: Precursor [Vibrio cholerae O1 biovar El Tor str. N16961]	34.211	418	256	5	88	1329	24	426	1.21e-50	181	Q9K2Y1	Q9K2Y1.1
group_3560	sp|Q7DDH4.1|	RecName: Full=Putative lipoprotein NMB1126/NMB1164; Flags: Precursor [Neisseria meningitidis MC58]	71.357	199	57	0	76	672	23	221	1.23e-105	306	Q7DDH4	Q7DDH4.1
group_3563	sp|A5W2C8.1|	RecName: Full=Methyl-accepting chemotaxis protein PcaY; AltName: Full=Aromatic acid chemoreceptor PcaY [Pseudomonas putida F1]	59.807	311	125	0	691	1623	231	541	1.5599999999999998e-67	230	A5W2C8	A5W2C8.1
group_3569	sp|G3XD51.1|	RecName: Full=Type IV pilus inner membrane component PilO [Pseudomonas aeruginosa PAO1]	36.364	198	121	2	4	582	9	206	8.51e-33	123	G3XD51	G3XD51.1
group_357	sp|Q55587.1|	RecName: Full=Uncharacterized protein sll0335 [Synechocystis sp. PCC 6803 substr. Kazusa]	52.463	467	219	2	13	1404	11	477	2.1099999999999998e-172	496	Q55587	Q55587.1
group_3574	sp|P0AFM2.1|	RecName: Full=Glycine betaine/proline betaine-binding periplasmic protein; AltName: Full=GBBP; Flags: Precursor [Escherichia coli K-12]	34.615	104	57	4	421	726	129	223	9.85e-6	50.1	P0AFM2	P0AFM2.1
group_3579	sp|G3XD28.1|	RecName: Full=Type IV pilus inner membrane component PilM [Pseudomonas aeruginosa PAO1]	53.409	176	82	0	10	537	3	178	6.2199999999999995e-46	158	G3XD28	G3XD28.1
group_3580	sp|O34671.1|	RecName: Full=Probable glutamine ABC transporter permease protein GlnM [Bacillus subtilis subsp. subtilis str. 168]	41.584	202	117	1	352	954	14	215	3.37e-44	153	O34671	O34671.1
group_3584	sp|C3K8W2.1|	RecName: Full=Adenine deaminase; Short=ADE; AltName: Full=Adenine aminohydrolase; Short=AAH [Pseudomonas [fluorescens] SBW25]	99.054	317	3	0	1	951	1	317	0	653	C3K8W2	C3K8W2.1
group_3585	sp|Q7DDE8.1|	RecName: Full=Putative lipoprotein NMB1124/NMB1162; Flags: Precursor [Neisseria meningitidis MC58]	53.763	186	83	2	73	627	25	208	2.47e-65	204	Q7DDE8	Q7DDE8.1
group_3589	sp|Q9L4K3.1|	RecName: Full=Uncharacterized protein ORF1; Flags: Precursor [Chromohalobacter israelensis DSM 3043]	38.281	128	78	1	88	471	27	153	6.3299999999999995e-25	101	Q9L4K3	Q9L4K3.1
group_3596	sp|Q57664.1|	RecName: Full=Putative UDP-glucose 4-epimerase; AltName: Full=Galactowaldenase; AltName: Full=UDP-galactose 4-epimerase [Methanocaldococcus jannaschii DSM 2661]	35.41	305	186	7	22	930	2	297	1.7199999999999998e-47	164	Q57664	Q57664.1
group_3597	sp|P52686.1|	RecName: Full=SDS degradation transcriptional activation protein [Pseudomonas sp. ATCC19151]	37.624	303	179	4	4	900	3	299	3.31e-56	187	P52686	P52686.1
group_3598	sp|P94369.1|	RecName: Full=Putative purine-cytosine permease YxlA [Bacillus subtilis subsp. subtilis str. 168]	40.315	444	259	5	40	1368	3	441	1.2599999999999998e-96	302	P94369	P94369.1
group_3602	sp|Q59967.1|	RecName: Full=Serine acetyltransferase, plasmid; Short=SAT [Synechococcus elongatus PCC 7942 = FACHB-805]	61.567	268	100	1	118	912	45	312	9.76e-109	322	Q59967	Q59967.1
group_3604	sp|Q9I6Z9.1|	RecName: Full=HTH-type transcriptional activator BauR [Pseudomonas aeruginosa PAO1]	64.262	305	109	0	1	915	1	305	1.11e-121	353	Q9I6Z9	Q9I6Z9.1
group_3605	sp|D2T333.1|	RecName: Full=Malonyl-[acyl-carrier protein] O-methyltransferase; Short=Malonyl-ACP O-methyltransferase; AltName: Full=Biotin synthesis protein BioC [Erwinia pyrifoliae DSM 12163]	32.857	140	81	4	55	468	31	159	5.84e-6	49.3	D2T333	D2T333.1
group_3606	sp|P10183.2|	RecName: Full=HTH-type transcriptional activator NahR [Pseudomonas putida]	31.034	290	196	4	13	876	7	294	3.66e-36	134	P10183	P10183.2
group_3608	sp|P0A5G6.1|	RecName: Full=Uncharacterized protein Mb2599c [Mycobacterium tuberculosis variant bovis AF2122/97]	35.816	282	166	3	10	834	16	289	5.28e-54	181	P0A5G6	P0A5G6.1
group_3609	sp|P39897.1|	RecName: Full=HTH-type transcriptional regulator MtrR; AltName: Full=Multiple transferrable resistance regulator [Neisseria gonorrhoeae]	30.693	101	62	3	1	282	9	108	1.92e-6	50.1	P39897	P39897.1
group_3610	sp|P71338.2|	RecName: Full=Fe(3+)-transport system permease protein FbpB 2; AltName: Full=Iron(III)-transport system permease protein FbpB 2 [Haemophilus influenzae Rd KW20]	45.635	504	269	3	55	1554	3	505	9.309999999999999e-101	316	P71338	P71338.2
group_3613	sp|P45122.1|	RecName: Full=UPF0126 membrane protein HI_1240 [Haemophilus influenzae Rd KW20]	54.146	205	90	1	1	603	2	206	3.3800000000000004e-70	216	P45122	P45122.1
group_3614	sp|Q1ID47.1|	RecName: Full=Metalloprotease AprA [Pseudomonas entomophila L48]	45	440	197	10	298	1482	45	484	7.299999999999999e-96	306	Q1ID47	Q1ID47.1
group_3615	sp|P0DP92.1|	RecName: Full=Cellulose biosynthesis protein BcsQ [Escherichia coli K-12]	31.507	219	136	6	160	807	3	210	1.81e-12	69.3	P0DP92	P0DP92.1
group_3616	sp|P30176.1|	RecName: Full=N-glycosidase YbiA; AltName: Full=Riboflavin biosynthesis intermediates N-glycosidase [Escherichia coli K-12]	34.194	155	87	6	31	483	13	156	1.1e-15	74.3	P30176	P30176.1
group_3619	sp|P0A8Z7.1|	RecName: Full=Esterase YqiA [Escherichia coli K-12]	38.743	191	111	4	7	567	2	190	4.15e-33	120	P0A8Z7	P0A8Z7.1
group_3622	sp|D4GYY1.1|	RecName: Full=RIO-type serine/threonine-protein kinase Rio1 [Haloferax volcanii DS2]	37.209	215	110	8	19	645	69	264	1.6700000000000002e-21	95.1	D4GYY1	D4GYY1.1
group_3624	sp|Q1ID47.1|	RecName: Full=Metalloprotease AprA [Pseudomonas entomophila L48]	49.55	444	201	8	100	1368	43	484	1.08e-124	384	Q1ID47	Q1ID47.1
group_3626	sp|Q9HU77.1|	RecName: Full=Formimidoylglutamate deiminase; AltName: Full=Formiminoglutamate deiminase; AltName: Full=N-formimino-L-glutamate deiminase; AltName: Full=N-formimino-L-glutamate iminohydrolase [Pseudomonas aeruginosa PAO1]	78.146	453	98	1	1	1359	1	452	0	667	Q9HU77	Q9HU77.1
group_3627	sp|Q9I0I6.1|	RecName: Full=Methyl-accepting chemotaxis protein CtpM [Pseudomonas aeruginosa PAO1]	44.813	241	116	6	976	1674	243	474	3.4299999999999995e-24	110	Q9I0I6	Q9I0I6.1
group_3628	sp|P0A9F6.1|	RecName: Full=Glycine cleavage system transcriptional activator; AltName: Full=Gcv operon activator [Escherichia coli K-12]	35.739	291	184	3	13	882	3	291	1.21e-53	180	P0A9F6	P0A9F6.1
group_3630	sp|Q9HUH5.1|	RecName: Full=Multidrug transporter PA4990 [Pseudomonas aeruginosa PAO1]	64.486	107	38	0	13	333	4	110	3.01e-30	107	Q9HUH5	Q9HUH5.1
group_3632	sp|Q59071.1|	RecName: Full=UPF0056 membrane protein MJ1677 [Methanocaldococcus jannaschii DSM 2661]	33.862	189	116	3	49	591	18	205	6.9300000000000008e-21	89	Q59071	Q59071.1
group_3634	sp|Q9I6Z0.1|	RecName: Full=8-oxoguanine deaminase [Pseudomonas aeruginosa PAO1]	83.929	448	72	0	10	1353	2	449	0	778	Q9I6Z0	Q9I6Z0.1
group_3638	sp|Q39161.1|	RecName: Full=Ferredoxin--nitrite reductase, chloroplastic; Short=NiR; Flags: Precursor [Arabidopsis thaliana]	30.495	364	210	12	235	1212	162	520	6.38e-25	110	Q39161	Q39161.1
group_3639	sp|I6Y778.1|	RecName: Full=3-oxoacyl-[acyl-carrier-protein] reductase [NADH]; AltName: Full=Beta-ketoacyl CoA reductase; AltName: Full=FASII-like 3-oxoacyl-thioester reductase; AltName: Full=HMwFabG [Mycobacterium tuberculosis H37Rv]	47.921	457	221	6	4	1350	7	454	2.81e-114	346	I6Y778	I6Y778.1
group_3640	sp|P28269.1|	RecName: Full=Omega-amino acid--pyruvate aminotransferase; Short=Omega-APT; AltName: Full=Beta-alanine--pyruvate aminotransferase [Pseudomonas putida]	94.183	447	26	0	4	1344	1	447	0	851	P28269	P28269.1
group_3646	sp|O13737.2|	RecName: Full=2-hydroxy-palmitic acid dioxygenase mpo1; AltName: Full=Metabolism of phytosphingosine to odd-numbered fatty acids protein 1; Short=Metabolism of PHS to odd-numbered FA protein 1 [Schizosaccharomyces pombe 972h-]	30.323	155	102	4	1	447	1	155	3.5e-7	51.6	O13737	O13737.2
group_3648	sp|P22639.2|	RecName: Full=Uncharacterized glycosyltransferase alr2836 [Nostoc sp. PCC 7120 = FACHB-418]	30.556	216	141	5	22	651	3	215	2.17e-17	84.3	P22639	P22639.2
group_365	sp|O07635.1|	RecName: Full=Protein PhoH2; AltName: Full=Protein YlaK; AltName: Full=RNA 5'-3' helicase PhoH2 [Bacillus subtilis subsp. subtilis str. 168]	37.446	462	246	13	43	1380	4	438	1.07e-77	252	O07635	O07635.1
group_3657	sp|Q44879.1|	RecName: Full=Carboxy-terminal-processing protease; Short=C-terminal-processing protease; Flags: Precursor [Bartonella bacilliformis KC583]	50.127	393	178	7	142	1293	36	419	7.99e-116	348	Q44879	Q44879.1
group_3659	sp|P27650.1|	RecName: Full=Protein HupE; Flags: Precursor [Rhizobium leguminosarum bv. viciae]	50.365	137	68	0	64	474	22	158	9.48e-18	80.1	P27650	P27650.1
group_3663	sp|Q94AS5.1|	RecName: Full=Isoprenylcysteine alpha-carbonyl methylesterase ICME; AltName: Full=Isoprenylcysteine methylesterase; AltName: Full=Prenylcysteine methylesterase; Short=AtPCME [Arabidopsis thaliana]	31.2	250	148	8	118	804	132	378	4.62e-20	92.8	Q94AS5	Q94AS5.1
group_3672	sp|P21628.1|	RecName: Full=High-affinity branched-chain amino acid transport system permease protein BraE [Pseudomonas aeruginosa PAO1]	53.398	412	184	5	25	1242	1	410	5.750000000000001e-85	268	P21628	P21628.1
group_3673	sp|O53664.1|	RecName: Full=3-hydroxyacyl-thioester dehydratase X; AltName: Full=3-hydroxybutyryl-CoA dehydratase; AltName: Full=Enoyl-CoA hydratase 2 [Mycobacterium tuberculosis H37Rv]	36.522	230	142	4	115	798	37	264	9.06e-33	124	O53664	O53664.1
group_3674	sp|G3XD30.1|	RecName: Full=Type IV pilus inner membrane component PilN [Pseudomonas aeruginosa PAO1]	42.077	183	103	1	1	540	1	183	6.32e-39	134	G3XD30	G3XD30.1
group_3676	sp|Q57856.1|	RecName: Full=Putative ABC transporter permease protein MJ0413 [Methanocaldococcus jannaschii DSM 2661]	33.668	199	128	1	130	714	29	227	2.77e-15	77	Q57856	Q57856.1
group_3677	sp|P9WMT2.1|	RecName: Full=Putative conjugal transfer protein MT3759 [Mycobacterium tuberculosis CDC1551]	42.475	299	164	2	250	1128	17	313	9.929999999999998e-56	191	P9WMT2	P9WMT2.1
group_368	sp|A0Q7V6.1|	RecName: Full=Probable sensor histidine kinase BfpK [Francisella tularensis subsp. novicida U112]	32.576	264	168	4	577	1362	85	340	9.509999999999999e-37	141	A0Q7V6	A0Q7V6.1
group_3683	sp|Q0VZ69.1|	RecName: Full=Tryptophan 2-halogenase [Chondromyces crocatus]	30.994	342	202	9	76	1062	24	344	3.1699999999999998e-31	128	Q0VZ69	Q0VZ69.1
group_3684	sp|O86332.1|	RecName: Full=Putative monooxygenase Rv0793 [Mycobacterium tuberculosis H37Rv]	34.118	85	55	1	1	255	1	84	4.23e-12	60.1	O86332	O86332.1
group_369	sp|P42314.3|	RecName: Full=Uncharacterized transporter YxjC [Bacillus subtilis subsp. subtilis str. 168]	58.901	455	178	3	52	1389	18	472	7.629999999999999e-175	501	P42314	P42314.3
group_3693	sp|P55702.1|	RecName: Full=Uncharacterized protein y4xJ [Sinorhizobium fredii NGR234]	45.669	254	126	6	400	1149	148	393	8.209999999999999e-55	190	P55702	P55702.1
group_3695	sp|Q6INV3.1|	RecName: Full=Leucine-rich repeat-containing protein 57 [Xenopus laevis]	31.875	160	101	4	4396	4869	17	170	1.4e-8	61.2	Q6INV3	Q6INV3.1
group_3697	sp|Q8FW95.1|	RecName: Full=Bacterioferritin; Short=BFR [Brucella suis 1330]	34.559	136	77	3	103	501	6	132	3.33e-11	61.6	Q8FW95	Q8FW95.1
group_3698	sp|Q55116.1|	RecName: Full=Putative esterase sll0410 [Synechocystis sp. PCC 6803 substr. Kazusa]	33.333	102	67	1	61	363	45	146	2.38e-10	58.5	Q55116	Q55116.1
group_37	sp|P14283.3|	RecName: Full=Pertactin autotransporter; AltName: Full=P.93; Contains: RecName: Full=Outer membrane protein P.69; Contains: RecName: Full=Pertactin translocator; Flags: Precursor [Bordetella pertussis Tohama I]	36.364	550	323	8	1555	3162	374	910	6.94e-74	266	P14283	P14283.3
group_370	sp|Q07698.1|	RecName: Full=ABC transporter protein AbcA [Aeromonas salmonicida]	50.464	323	143	4	7	975	2	307	3.6e-108	325	Q07698	Q07698.1
group_3704	sp|P20370.2|	RecName: Full=4-carboxymuconolactone decarboxylase; Short=CMD [Acinetobacter baylyi ADP1]	51.515	132	64	0	1	396	1	132	1.5299999999999999e-52	165	P20370	P20370.2
group_3707	sp|A0Q7V6.1|	RecName: Full=Probable sensor histidine kinase BfpK [Francisella tularensis subsp. novicida U112]	30.469	256	171	2	559	1326	85	333	7.7e-39	146	A0Q7V6	A0Q7V6.1
group_371	sp|Q88CC1.1|	RecName: Full=2-oxoadipate dioxygenase/decarboxylase; AltName: Full=2-hydroxyglutarate synthase [Pseudomonas putida KT2440]	69.063	459	139	1	1	1368	1	459	0	615	Q88CC1	Q88CC1.1
group_3710	sp|A0A084R1K2.1|	RecName: Full=Short-chain dehydrogenase/reductase ATR9; AltName: Full=Core atranone cluster (CAC) protein 9 [Stachybotrys chlorohalonatus IBT 40285]	34.091	132	70	6	106	462	62	189	3.22e-7	52.8	A0A084R1K2	A0A084R1K2.1
group_3720	sp|O32221.1|	RecName: Full=Copper chaperone CopZ; AltName: Full=Copper-ion-binding protein [Bacillus subtilis subsp. subtilis str. 168]	44.615	65	33	1	1	186	1	65	1.96e-9	52.4	O32221	O32221.1
group_3723	sp|A1KH31.1|	RecName: Full=Peptidoglycan-binding protein ArfA; AltName: Full=Outer membrane protein A; Short=OmpATb; AltName: Full=Outer membrane protein ArfA [Mycobacterium tuberculosis variant bovis BCG str. Pasteur 1173P2]	32.292	96	65	0	640	927	230	325	1.42e-8	59.3	A1KH31	A1KH31.1
group_3724	sp|Q7NA64.1|	RecName: Full=UPF0276 protein plu0081 [Photorhabdus laumondii subsp. laumondii TTO1]	60.678	295	108	3	4	867	1	294	5.96e-126	364	Q7NA64	Q7NA64.1
group_3725	sp|Q9HXY5.1|	RecName: Full=Skp-like protein; Flags: Precursor [Pseudomonas aeruginosa PAO1]	80.537	149	29	0	55	501	20	168	3.97e-84	248	Q9HXY5	Q9HXY5.1
group_3727	sp|O96876.1|	RecName: Full=Protein TCP17 [Trypanosoma cruzi]	48.98	147	73	2	25	462	13	158	2.22e-28	105	O96876	O96876.1
group_3747	sp|P0AAL9.1|	RecName: Full=Uncharacterized protein YkgJ [Escherichia coli K-12]	51.429	105	51	0	1	315	1	105	2.8799999999999997e-32	112	P0AAL9	P0AAL9.1
group_3752	sp|O34638.1|	RecName: Full=Sensor histidine kinase YkoH [Bacillus subtilis subsp. subtilis str. 168]	41.667	60	29	1	79	240	387	446	5.92e-6	45.8	O34638	O34638.1
group_376	sp|P30871.1|	RecName: Full=Inorganic triphosphatase; Short=PPPase; AltName: Full=ORFXE [Escherichia coli K-12]	35.652	230	133	5	1	675	1	220	8.54e-15	79.7	P30871	P30871.1
group_3765	sp|Q9HWR3.1|	RecName: Full=Bacteriophytochrome; AltName: Full=Phytochrome-like protein [Pseudomonas aeruginosa PAO1]	33.333	240	153	3	406	1125	489	721	3.9400000000000003e-26	113	Q9HWR3	Q9HWR3.1
group_3768	sp|B1ZZL9.1|	RecName: Full=Probable DNA ligase; AltName: Full=Polydeoxyribonucleotide synthase [ATP] [Opitutus terrae PB90-1]	34.603	315	190	8	28	954	10	314	7.77e-39	149	B1ZZL9	B1ZZL9.1
group_3771	sp|P21628.1|	RecName: Full=High-affinity branched-chain amino acid transport system permease protein BraE [Pseudomonas aeruginosa PAO1]	73.141	417	110	2	1	1248	1	416	4.57e-156	450	P21628	P21628.1
group_3773	sp|Q47456.1|	RecName: Full=Transcriptional regulatory protein PcoR [Escherichia coli]	43.478	230	125	2	1	690	1	225	8.3e-56	180	Q47456	Q47456.1
group_3776	sp|P45682.1|	RecName: Full=Lipoprotein NlpD/LppB homolog; Flags: Precursor [Pseudomonas aeruginosa PAO1]	65.737	251	74	2	118	834	47	297	4.63e-98	292	P45682	P45682.1
group_3777	sp|C3K7J3.1|	RecName: Full=UPF0225 protein PFLU_1319 [Pseudomonas [fluorescens] SBW25]	95.513	156	7	0	1	468	1	156	2.96e-111	315	C3K7J3	C3K7J3.1
group_378	sp|O42701.1|	RecName: Full=Na(+)/H(+) antiporter 2 [Zygosaccharomyces rouxii]	35.294	136	81	4	340	732	125	258	6.36e-7	55.5	O42701	O42701.1
group_3783	sp|P42724.1|	RecName: Full=Trifolitoxin-processing protein TfxB [Rhizobium leguminosarum bv. trifolii]	32.8	125	78	3	547	903	217	341	4.89e-7	54.3	P42724	P42724.1
group_3788	sp|P48840.1|	RecName: Full=Beta-agarase B [Vibrio sp. JT0107]	33.136	676	390	15	244	2145	290	945	2.82e-105	347	P48840	P48840.1
group_3791	sp|Q9HYT3.1|	RecName: Full=Cyclic di-GMP phosphodiesterase NbdA; AltName: Full=NO-induced biofilm dispersion locus A [Pseudomonas aeruginosa PAO1]	52.684	708	329	4	1	2121	58	760	0	671	Q9HYT3	Q9HYT3.1
group_3793	sp|A5U908.2|	RecName: Full=L-cysteine desulfhydrase Cds1 [Mycobacterium tuberculosis H37Ra]	58.841	345	138	1	13	1035	14	358	4.9e-141	407	A5U908	A5U908.2
group_3795	sp|Q88JK6.1|	RecName: Full=Methyl-accepting chemotaxis protein PcaY; AltName: Full=PcaY_PP [Pseudomonas putida KT2440]	51.258	318	154	1	571	1521	200	517	1.6499999999999998e-35	143	Q88JK6	Q88JK6.1
group_3797	sp|Q05627.2|	RecName: Full=Uncharacterized protein Cbei_0202; AltName: Full=ORF1 [Clostridium beijerinckii NCIMB 8052]	48.393	529	265	7	4	1584	3	525	3.95e-173	502	Q05627	Q05627.2
group_3798	sp|P77717.1|	RecName: Full=Uncharacterized lipoprotein YbaY; Flags: Precursor [Escherichia coli K-12]	42.857	84	47	1	76	324	49	132	1.99e-14	69.7	P77717	P77717.1
group_380	sp|Q9HX91.1|	RecName: Full=Uncharacterized protein PA3922; Flags: Precursor [Pseudomonas aeruginosa PAO1]	80.659	455	87	1	1	1362	1	455	0	771	Q9HX91	Q9HX91.1
group_3802	sp|Q80ZD3.2|	RecName: Full=Sodium-independent sulfate anion transporter; AltName: Full=Kidney brain anion transporter; Short=KBAT; AltName: Full=Solute carrier family 26 member 11 [Mus musculus]	34.127	126	80	1	784	1152	301	426	1.3e-6	54.7	Q80ZD3	Q80ZD3.2
group_3803	sp|A0A0H2ZJS2.1|	RecName: Full=Diguanylate cyclase DgcP [Pseudomonas aeruginosa UCBPP-PA14]	55.924	422	157	3	880	2058	250	671	1.59e-131	406	A0A0H2ZJS2	A0A0H2ZJS2.1
group_3804	sp|Q9I767.1|	RecName: Full=5'-nucleotidase; AltName: Full=Nucleoside 5'-monophosphate phosphohydrolase [Pseudomonas aeruginosa PAO1]	71.226	212	61	0	10	645	7	218	1.8299999999999998e-107	311	Q9I767	Q9I767.1
group_3806	sp|P65024.1|	RecName: Full=Uncharacterized protein Mb2609c [Mycobacterium tuberculosis variant bovis AF2122/97]	40.084	237	140	1	169	873	56	292	1.3399999999999999e-45	162	P65024	P65024.1
group_3807	sp|P56739.1|	RecName: Full=Uncharacterized 21.2 kDa protein [Botrytis cinerea]	40.171	117	57	5	10	321	56	172	1.33e-15	71.6	P56739	P56739.1
group_3808	sp|A1WUH0.1|	RecName: Full=Dodecin [Halorhodospira halophila SL1]	60.294	68	26	1	1	204	1	67	4.15e-15	65.9	A1WUH0	A1WUH0.1
group_381	sp|P0DTK9.1|	RecName: Full=Anti-CBASS protein Acb1; Short=Acb1 [Caulobacter sp. RHG1]	32.62	374	227	7	82	1137	5	375	5.529999999999999e-48	177	P0DTK9	P0DTK9.1
group_3823	sp|Q9I7B1.1|	RecName: Full=TPR repeat-containing protein PA0015 [Pseudomonas aeruginosa PAO1]	77.228	101	23	0	1	303	2	102	9.919999999999999e-52	160	Q9I7B1	Q9I7B1.1
group_3824	sp|O34215.1|	RecName: Full=Gluconate 2-dehydrogenase cytochrome c subunit; Short=GA 2-DH cytochrome c subunit; Short=GADH cytochrome c subunit; Flags: Precursor [Pantoea cypripedii]	68.01	397	123	4	70	1248	27	423	0	551	O34215	O34215.1
group_3826	sp|P47206.2|	RecName: Full=Putative copper-binding protein [Stutzerimonas stutzeri]	50	176	86	2	100	624	26	200	2.85e-60	190	P47206	P47206.2
group_3828	sp|P43862.1|	RecName: Full=DNA-processing protein A; AltName: Full=Protein Smf [Haemophilus influenzae Rd KW20]	55.204	221	99	0	229	891	66	286	9.49e-76	241	P43862	P43862.1
group_3829	sp|Q4UNC7.1|	RecName: Full=Probable ABC transporter permease protein RF_0080 [Rickettsia felis URRWXCal2]	32.02	203	137	1	460	1068	34	235	5.169999999999999e-23	100	Q4UNC7	Q4UNC7.1
group_383	sp|Q9HX91.1|	RecName: Full=Uncharacterized protein PA3922; Flags: Precursor [Pseudomonas aeruginosa PAO1]	70.089	448	130	2	16	1356	11	455	0	672	Q9HX91	Q9HX91.1
group_3830	sp|O34214.1|	RecName: Full=Gluconate 2-dehydrogenase flavoprotein; AltName: Full=GA 2-DH dehydrogenase subunit; Short=GADH dehydrogenase subunit; Flags: Precursor [Pantoea cypripedii]	76.599	594	139	0	1	1782	22	615	0	971	O34214	O34214.1
group_3832	sp|P11732.1|	RecName: Full=Cytochrome c5 [Azotobacter vinelandii]	43.21	81	41	2	46	282	3	80	4.7e-14	64.7	P11732	P11732.1
group_3833	sp|Q9I7C1.1|	RecName: Full=1-acyl-sn-glycerol-3-phosphate acyltransferase; Short=1-AGP acyltransferase; Short=1-AGPAT; AltName: Full=Lysophosphatidic acid acyltransferase A; Short=LPA acyltransferase; Short=LPAAT [Pseudomonas aeruginosa PAO1]	73.756	221	58	0	1	663	1	221	8.98e-122	350	Q9I7C1	Q9I7C1.1
group_3834	sp|Q9L4K3.1|	RecName: Full=Uncharacterized protein ORF1; Flags: Precursor [Chromohalobacter israelensis DSM 3043]	44.094	127	71	0	76	456	27	153	6.11e-38	135	Q9L4K3	Q9L4K3.1
group_3835	sp|P43932.1|	RecName: Full=UPF0053 protein HI_0056 [Haemophilus influenzae Rd KW20]	60.776	232	90	1	4	699	3	233	5.08e-72	223	P43932	P43932.1
group_3837	sp|O32254.1|	RecName: Full=Uncharacterized protein YvbT [Bacillus subtilis subsp. subtilis str. 168]	56.839	329	140	2	16	999	8	335	2.9e-135	390	O32254	O32254.1
group_3838	sp|A0A0H2ZFK2.1|	RecName: Full=Dual specificity protein phosphatase TpbA; Short=DUSP; AltName: Full=Dual specific tyrosine phosphatase; AltName: Full=Protein tyrosine phosphatase; AltName: Full=Tyrosine phosphatase related to biofilm formation; Flags: Precursor [Pseudomonas aeruginosa UCBPP-PA14]	50	188	94	0	76	639	27	214	3.6e-67	209	A0A0H2ZFK2	A0A0H2ZFK2.1
group_384	sp|P55679.1|	RecName: Full=Uncharacterized zinc protease y4wA [Sinorhizobium fredii NGR234]	34.624	439	277	5	52	1347	70	505	3.84e-75	247	P55679	P55679.1
group_3840	sp|P0AF43.1|	RecName: Full=Putative inorganic phosphate export protein YjbB [Escherichia coli K-12]	61.111	522	202	1	43	1608	15	535	5.619999999999999e-173	503	P0AF43	P0AF43.1
group_3841	sp|P76172.2|	RecName: Full=Uncharacterized protein YnfD; Flags: Precursor [Escherichia coli K-12]	39.655	58	32	2	61	228	23	79	6.21e-7	46.2	P76172	P76172.2
group_3843	sp|B7K3M6.1|	RecName: Full=Adaptive-response sensory kinase SasA; AltName: Full=Sensor histidine kinase SasA [Rippkaea orientalis PCC 8801]	30.566	265	154	9	1558	2268	127	389	1.13e-23	107	B7K3M6	B7K3M6.1
group_3844	sp|P35158.2|	RecName: Full=Spore maturation protein B [Bacillus subtilis subsp. subtilis str. 168]	43.75	160	87	1	748	1227	20	176	5.9799999999999996e-37	135	P35158	P35158.2
group_3845	sp|O34213.1|	RecName: Full=Gluconate 2-dehydrogenase subunit 3; Short=GA 2-DH subunit 3; Short=GADH subunit 3; Flags: Precursor [Pantoea cypripedii]	50.917	218	89	5	1	627	1	209	3.37e-65	205	O34213	O34213.1
group_3847	sp|P32646.2|	RecName: Full=Cytochrome c oxidase subunit 2, mitochondrial; AltName: Full=Cytochrome c oxidase polypeptide II; Flags: Precursor [Vigna unguiculata]	37.611	226	139	2	10	681	149	374	2.8599999999999998e-46	164	P32646	P32646.2
group_385	sp|Q87WW4.1|	RecName: Full=Tryptophan--tRNA ligase; AltName: Full=Tryptophanyl-tRNA synthetase; Short=TrpRS [Pseudomonas syringae pv. tomato str. DC3000]	80.23	435	86	0	49	1353	15	449	0	710	Q87WW4	Q87WW4.1
group_3853	sp|Q1JPD3.2|	RecName: Full=D-2-hydroxyglutarate dehydrogenase, mitochondrial; Flags: Precursor [Bos taurus]	36.229	472	282	6	1	1407	85	540	3.29e-72	241	Q1JPD3	Q1JPD3.2
group_3854	sp|P96684.1|	RecName: Full=Uncharacterized protein YdfG [Bacillus subtilis subsp. subtilis str. 168]	34.043	141	92	1	1	423	1	140	4.59e-21	86.7	P96684	P96684.1
group_3859	sp|O05494.1|	RecName: Full=Uncharacterized HTH-type transcriptional regulator YdhC [Bacillus subtilis subsp. subtilis str. 168]	30.303	198	129	4	22	600	1	194	2.52e-15	75.5	O05494	O05494.1
group_3862	sp|P16939.1|	RecName: Full=Insertion element IS600 uncharacterized 11 kDa protein; AltName: Full=ISO-S3 11 kDa protein [Shigella sonnei]	45.918	98	48	4	1	288	1	95	4.63e-17	72.8	P16939	P16939.1
group_3863	sp|P16940.1|	RecName: Full=Insertion element IS600 uncharacterized 31 kDa protein; AltName: Full=ISO-S3 31 kDa protein [Shigella sonnei]	37.023	262	162	2	4	780	10	271	2.0799999999999996e-55	182	P16940	P16940.1
group_3864	sp|P27675.1|	RecName: Full=Glutamine transport ATP-binding protein GlnQ [Geobacillus stearothermophilus]	52.321	237	113	0	1	711	1	237	2.89e-78	238	P27675	P27675.1
group_3865	sp|Q06903.2|	RecName: Full=Prolyl endopeptidase; Short=PE; AltName: Full=Post-proline cleaving enzyme [Aeromonas hydrophila]	47.107	121	63	1	1	360	567	687	1.84e-22	94.4	Q06903	Q06903.2
group_3868	sp|Q8NQU4.2|	RecName: Full=Arginine transport ATP-binding protein ArgV [Corynebacterium glutamicum ATCC 13032]	47.222	252	126	3	1	741	4	253	2.5200000000000003e-73	227	Q8NQU4	Q8NQU4.2
group_3869	sp|P0AEP9.1|	RecName: Full=Glycolate oxidase subunit GlcD; AltName: Full=Glycolate dehydrogenase subunit GlcD [Escherichia coli K-12]	79.76	499	101	0	1	1497	1	499	0	793	P0AEP9	P0AEP9.1
group_3873	sp|P31135.1|	RecName: Full=Putrescine transport system permease protein PotH [Escherichia coli K-12]	31.818	220	147	2	214	867	82	300	2.7599999999999996e-31	122	P31135	P31135.1
group_3874	sp|Q18AM3.1|	RecName: Full=Spermidine/putrescine import ATP-binding protein PotA [Clostridioides difficile 630]	50.479	313	148	2	7	945	4	309	4.5199999999999995e-87	269	Q18AM3	Q18AM3.1
group_3875	sp|P55480.1|	RecName: Full=Uncharacterized oxidoreductase y4hM; Flags: Precursor [Sinorhizobium fredii NGR234]	38.275	371	226	2	34	1137	16	386	1.1600000000000001e-73	238	P55480	P55480.1
group_3876	sp|P52073.1|	RecName: Full=Glycolate oxidase subunit GlcE; AltName: Full=Glycolate dehydrogenase subunit GlcE [Escherichia coli K-12]	62.464	349	129	1	16	1062	4	350	2.0399999999999998e-157	448	P52073	P52073.1
group_3877	sp|Q92WR9.1|	RecName: Full=Trans-3-hydroxy-L-proline dehydratase; Short=T3LHyp dehydratase; Short=t3HypD; AltName: Full=Trans-L-3-hydroxyproline dehydratase [Sinorhizobium meliloti 1021]	47.647	340	177	1	1	1020	1	339	7.79e-113	334	Q92WR9	Q92WR9.1
group_3878	sp|Q9X248.1|	RecName: Full=3-oxoacyl-[acyl-carrier-protein] reductase FabG; AltName: Full=3-ketoacyl-acyl carrier protein reductase; AltName: Full=Beta-Ketoacyl-acyl carrier protein reductase; AltName: Full=Beta-ketoacyl-ACP reductase [Thermotoga maritima MSB8]	40.562	249	139	2	1	738	1	243	4.79e-38	136	Q9X248	Q9X248.1
group_388	sp|Q4R7M2.2|	RecName: Full=Dipeptidase 3; Flags: Precursor [Macaca fascicularis]	33.333	141	92	1	475	897	183	321	4.16e-16	84	Q4R7M2	Q4R7M2.2
group_3882	sp|P23823.2|	RecName: Full=Uncharacterized HTH-type transcriptional regulator in aml 5'region; AltName: Full=ORF-S1 [Streptomyces limosus]	38.554	83	50	1	1	249	263	344	8.99e-7	48.9	P23823	P23823.2
group_3883	sp|P35113.1|	RecName: Full=Nopaline transport system permease protein NocM [Agrobacterium fabrum str. C58]	30.693	202	129	2	52	624	13	214	8.34e-20	87.4	P35113	P35113.1
group_3884	sp|A8IAD8.1|	RecName: Full=Putative carbamate hydrolase RutD; AltName: Full=Aminohydrolase [Azorhizobium caulinodans ORS 571]	34.8	250	153	5	13	741	11	257	1.49e-42	148	A8IAD8	A8IAD8.1
group_3886	sp|P27195.1|	RecName: Full=Prolyl endopeptidase; AltName: Full=Post-proline cleaving enzyme; AltName: Full=Proline-specific endopeptidase; Short=PE; Short=PSE; Flags: Precursor [Elizabethkingia miricola]	51.261	119	56	1	64	414	441	559	3.4099999999999995e-31	120	P27195	P27195.1
group_3887	sp|P0AEQ1.1|	RecName: Full=Protein GlcG [Escherichia coli K-12]	64.655	116	41	0	1	348	1	116	9.53e-51	160	P0AEQ1	P0AEQ1.1
group_3890	sp|P44191.1|	RecName: Full=Uncharacterized protein HI_1420 [Haemophilus influenzae Rd KW20]	35.484	93	58	1	1	273	1	93	1.01e-14	66.6	P44191	P44191.1
group_3892	sp|Q1QYU6.1|	RecName: Full=Glycine betaine monooxygenase reductase subunit; Short=BMO reductase subunit; Short=GB monooxygenase reductase subunit; AltName: Full=BMO NADH-dependent flavine reductase component [Chromohalobacter israelensis DSM 3043]	31.487	343	213	5	673	1641	16	356	1.63e-44	164	Q1QYU6	Q1QYU6.1
group_39	sp|P09489.1|	RecName: Full=Extracellular serine protease; Flags: Precursor [Serratia marcescens]	39.56	1092	531	19	58	3105	7	1045	0	627	P09489	P09489.1
group_3903	sp|Q8VMM5.1|	RecName: Full=Regulatory protein RecX [Pseudomonas putida]	61.111	126	47	2	25	396	5	130	7.2e-49	155	Q8VMM5	Q8VMM5.1
group_3909	sp|Q7WDT6.1|	RecName: Full=Type IV secretion system protein PtlG homolog [Bordetella bronchiseptica RB50]	33.158	190	113	3	667	1224	188	367	3.69e-21	97.8	Q7WDT6	Q7WDT6.1
group_3912	sp|Q04230.1|	RecName: Full=Type IV secretion system-coupling protein TrwB; AltName: Full=Conjugative coupling protein TrwB; AltName: Full=DNA-dependent ATPase; AltName: Full=Type IV coupling protein; Short=T4CP [Escherichia coli]	36.973	522	300	7	1	1536	1	503	1.74e-97	307	Q04230	Q04230.1
group_3915	sp|P52132.1|	RecName: Full=UPF0380 protein YfjQ [Escherichia coli K-12]	55.926	270	115	2	4	813	3	268	1.2199999999999999e-106	313	P52132	P52132.1
group_3919	sp|P44190.1|	RecName: Full=Uncharacterized protein HI_1419 [Haemophilus influenzae Rd KW20]	48.315	89	46	0	19	285	8	96	2e-24	91.7	P44190	P44190.1
group_3922	sp|P14500.1|	RecName: Full=Uncharacterized protein in mucB 3'region [Salmonella enterica subsp. enterica serovar Typhimurium]	49.153	59	30	0	13	189	16	74	1.07e-13	67.8	P14500	P14500.1
group_3926	sp|Q6I6C7.1|	RecName: Full=Type IV secretion system protein TrwN; Flags: Precursor [Escherichia coli]	39.062	192	109	3	91	660	6	191	2.9399999999999996e-37	134	Q6I6C7	Q6I6C7.1
group_393	sp|Q55434.1|	RecName: Full=Phytochrome-like protein cph2; AltName: Full=Bacteriophytochrome cph2 [Synechocystis sp. PCC 6803 substr. Kazusa]	32.806	253	158	4	571	1311	611	857	1.2299999999999999e-30	129	Q55434	Q55434.1
group_3931	sp|A0AAI7ZGA5.1|	RecName: Full=Type IV secretion system ATPase VirB11 [Xanthomonas citri subsp. citri 306]	32.822	326	197	7	52	1014	29	337	2e-49	171	A0AAI7ZGA5	A0AAI7ZGA5.1
group_3934	sp|Q1RK58.1|	RecName: Full=Phospholipase D; Short=PLD; AltName: Full=Choline phosphatase; Flags: Precursor [Rickettsia bellii RML369-C]	37.931	145	83	3	136	570	59	196	2.51e-13	68.9	Q1RK58	Q1RK58.1
group_3938	sp|P35878.1|	RecName: Full=Transposase for insertion sequence element IS904 [Lactococcus lactis subsp. lactis Il1403]	30.769	182	113	7	322	852	74	247	9.78e-14	73.6	P35878	P35878.1
group_394	sp|O05241.2|	RecName: Full=UPF0053 protein YugS [Bacillus subtilis subsp. subtilis str. 168]	33.073	384	249	5	67	1212	10	387	9.19e-62	209	O05241	O05241.2
group_3950	sp|Q8FEM8.1|	RecName: Full=mRNA interferase HigB; AltName: Full=Endoribonuclease HigB; AltName: Full=Toxin HigB [Escherichia coli CFT073]	39.048	105	61	2	1	315	1	102	2.93e-22	86.7	Q8FEM8	Q8FEM8.1
group_3951	sp|P25736.1|	RecName: Full=Endonuclease-1; AltName: Full=Endonuclease I; Short=Endo I; Flags: Precursor [Escherichia coli K-12]	48.908	229	109	4	13	696	5	226	1.5400000000000003e-73	229	P25736	P25736.1
group_3962	sp|Q56897.1|	RecName: Full=Transposase for insertion sequence element IS1328 [Yersinia enterocolitica]	62.162	222	84	0	4	669	40	261	1.36e-98	294	Q56897	Q56897.1
group_3964	sp|Q49WS9.1|	RecName: Full=Uncharacterized oxidoreductase SSP1627 [Staphylococcus saprophyticus subsp. saprophyticus ATCC 15305 = NCTC 7292]	39.344	244	132	5	13	717	8	244	3.39e-39	139	Q49WS9	Q49WS9.1
group_3966	sp|P25145.2|	RecName: Full=Uncharacterized oxidoreductase Lmo0432; AltName: Full=ORFA [Listeria monocytogenes EGD-e]	36.694	248	146	3	1	720	3	247	2.11e-36	132	P25145	P25145.2
group_3969	sp|P18471.1|	RecName: Full=Protein TraU; Flags: Precursor [Escherichia coli K-12]	32.934	334	204	12	49	1035	9	327	1.01e-41	151	P18471	P18471.1
group_397	sp|Q9I753.1|	RecName: Full=Type VI secretion system baseplate component TssK1 [Pseudomonas aeruginosa PAO1]	75.45	444	109	0	1	1332	1	444	0	654	Q9I753	Q9I753.1
group_3971	sp|P67701.1|	RecName: Full=Antitoxin HigA [Escherichia coli K-12]	34.711	121	75	1	85	447	20	136	1.79e-12	65.9	P67701	P67701.1
group_3977	sp|P94593.2|	RecName: Full=Putative ATP-dependent helicase/translocase YwqA [Bacillus subtilis subsp. subtilis str. 168]	39.364	503	287	8	1807	3282	421	916	2.08e-97	333	P94593	P94593.2
group_3981	sp|Q8KYT4.1|	RecName: Full=Uncharacterized protein pXO1-01/BXA0003/GBAA_pXO1_0003 [Bacillus anthracis]	32.773	119	78	2	34	390	8	124	1.91e-11	64.7	Q8KYT4	Q8KYT4.1
group_3982	sp|Q01723.2|	RecName: Full=Type 3 secretion system secretin; Short=T3SS secretin; AltName: Full=Hypersensitivity response secretion protein HrpH; Flags: Precursor [Pseudomonas syringae pv. syringae]	34.884	86	53	2	787	1038	613	697	3.26e-6	52.4	Q01723	Q01723.2
group_3986	sp|Q9HI37.1|	RecName: Full=Probable family 20 transposase [Pseudomonas aeruginosa PAO1]	55.786	337	148	1	1	1008	1	337	3.02e-117	345	Q9HI37	Q9HI37.1
group_3999	sp|F1ND48.2|	RecName: Full=F-box DNA helicase 1; AltName: Full=DNA 3'-5' helicase 1; AltName: Full=F-box only protein 18 [Gallus gallus]	32.47	502	293	17	1	1386	424	919	8.6e-58	209	F1ND48	F1ND48.2
group_401	sp|G3XDA8.1|	RecName: Full=Phosphate-binding protein PstS; Flags: Precursor [Pseudomonas aeruginosa PAO1]	31.873	251	136	10	238	918	68	307	3.42e-14	76.6	G3XDA8	G3XDA8.1
group_4010	sp|P32265.2|	RecName: Full=HTH-type transcriptional regulator NfxB [Pseudomonas aeruginosa PAO1]	59.459	185	74	1	1	555	1	184	5.05e-75	226	P32265	P32265.2
group_4013	sp|P0C5W3.1|	RecName: Full=Transposase InsC for insertion element IS2A/D/F/H/I/K [Escherichia coli]	68.687	99	31	0	1	297	21	119	2.16e-45	145	P0C5W3	P0C5W3.1
group_4014	sp|P24082.2|	RecName: Full=Mating pair stabilization protein TraN; Flags: Precursor [Escherichia coli K-12]	32.143	112	75	1	2143	2475	475	586	1.37e-12	75.1	P24082	P24082.2
group_402	sp|Q9I753.1|	RecName: Full=Type VI secretion system baseplate component TssK1 [Pseudomonas aeruginosa PAO1]	39.729	443	260	4	10	1326	5	444	7.499999999999999e-101	311	Q9I753	Q9I753.1
group_403	sp|P37631.3|	RecName: Full=Ribosomal RNA dihydrouridine synthase; Short=rRNA dihydrouridine synthase; AltName: Full=Ribosomal dihydrouridine synthase A [Escherichia coli K-12]	54.795	365	163	2	193	1281	16	380	5.45e-138	404	P37631	P37631.3
group_4035	sp|Q4KHU2.1|	RecName: Full=Nucleoid-associated protein PFL_1060 [Pseudomonas protegens Pf-5]	90.663	332	31	0	1	996	1	332	0	631	Q4KHU2	Q4KHU2.1
group_4043	sp|P0C5W5.1|	RecName: Full=Transposase InsD for insertion element IS2A/D/F/H/I/K [Escherichia coli]	60.169	236	94	0	121	828	56	291	1.45e-93	281	P0C5W5	P0C5W5.1
group_4044	sp|P18472.2|	RecName: Full=Protein TraW; Flags: Precursor [Escherichia coli K-12]	31.967	122	74	2	655	993	20	141	1.55e-8	58.2	P18472	P18472.2
group_405	sp|P41052.1|	RecName: Full=Membrane-bound lytic murein transglycosylase B; AltName: Full=35 kDa soluble lytic transglycosylase; AltName: Full=Murein hydrolase B; AltName: Full=Slt35; Flags: Precursor [Escherichia coli K-12]	30.4	250	157	5	352	1086	116	353	3.1299999999999994e-23	103	P41052	P41052.1
group_4053	sp|P11922.2|	RecName: Full=Invasin [Yersinia pseudotuberculosis IP 32953]	33.333	282	177	5	694	1539	139	409	1.91e-36	151	P11922	P11922.2
group_4057	sp|Q8T079.1|	RecName: Full=Cytokine-like nuclear factor N-PAC; Short=NPAC; AltName: Full=Glyoxylate reductase 1 homolog; AltName: Full=Nuclear protein NP60 homolog; AltName: Full=Nucleosome-destabilizing factor; AltName: Full=Putative oxidoreductase GLYR1 homolog [Drosophila melanogaster]	30.38	158	105	2	22	483	321	477	1.22e-8	59.3	Q8T079	Q8T079.1
group_406	sp|Q9I1E0.1|	RecName: Full=Mannitol-binding protein; Flags: Precursor [Pseudomonas aeruginosa PAO1]	77.053	414	95	0	82	1323	23	436	0	677	Q9I1E0	Q9I1E0.1
group_4063	sp|Q08082.2|	RecName: Full=Putative transposase for insertion sequence element IS6501 [Brucella ovis ATCC 25840]	33.333	132	80	2	358	741	2	129	2.46e-15	73.6	Q08082	Q08082.2
group_407	sp|P73265.1|	RecName: Full=Nitrate import ATP-binding protein NrtD [Synechocystis sp. PCC 6803 substr. Kazusa]	43.077	260	136	3	49	801	5	261	9.079999999999999e-67	217	P73265	P73265.1
group_4072	sp|P37247.1|	RecName: Full=Transposase for insertion sequence element IS4351; AltName: Full=Transposon TN4551 [Bacteroides fragilis]	47.368	95	49	1	106	390	223	316	1.0699999999999998e-23	96.7	P37247	P37247.1
group_4076	sp|P0CE53.2|	RecName: Full=Transposase InsH for insertion sequence element IS5H [Escherichia coli K-12]	55.769	52	23	0	13	168	264	315	3.87e-13	65.1	P0CE53	P0CE53.2
group_4080	sp|P32265.2|	RecName: Full=HTH-type transcriptional regulator NfxB [Pseudomonas aeruginosa PAO1]	59.459	185	74	1	1	555	1	184	7.820000000000001e-73	221	P32265	P32265.2
group_4081	sp|P68588.1|	RecName: Full=Protein PsaE; Flags: Precursor [Yersinia pestis]	34.286	70	46	0	130	339	23	92	1.11e-6	52	P68588	P68588.1
group_4082	sp|P06695.1|	RecName: Full=Transposase for transposon Tn501 [Pseudomonas aeruginosa]	85.946	185	26	0	1	555	1	185	3.51e-102	318	P06695	P06695.1
group_4088	sp|Q56897.1|	RecName: Full=Transposase for insertion sequence element IS1328 [Yersinia enterocolitica]	64.758	227	80	0	1	681	106	332	2.87e-104	308	Q56897	Q56897.1
group_4090	sp|P50360.2|	RecName: Full=Uncharacterized protein y4hP [Sinorhizobium fredii NGR234]	31.908	304	184	4	49	897	239	540	9.37e-45	162	P50360	P50360.2
group_4091	sp|Q56897.1|	RecName: Full=Transposase for insertion sequence element IS1328 [Yersinia enterocolitica]	58.511	94	39	0	1	282	1	94	7.72e-36	126	Q56897	Q56897.1
group_4092	sp|Q9I6Z9.1|	RecName: Full=HTH-type transcriptional activator BauR [Pseudomonas aeruginosa PAO1]	33.681	288	189	2	22	879	15	302	4.789999999999999e-47	163	Q9I6Z9	Q9I6Z9.1
group_410	sp|Q5E6C7.1|	RecName: Full=Glutamine transporter 1 [Aliivibrio fischeri ES114]	59.551	445	171	3	4	1320	1	442	8e-140	410	Q5E6C7	Q5E6C7.1
group_4100	sp|Q52563.1|	RecName: Full=Resolvase [Pseudomonas syringae pv. tomato]	92.437	119	9	0	1	357	1	119	1.9299999999999998e-72	218	Q52563	Q52563.1
group_4106	sp|P09748.1|	RecName: Full=Shufflon protein B' [Escherichia coli]	37.717	403	207	9	25	1134	2	393	4.7999999999999993e-67	222	P09748	P09748.1
group_4107	sp|Q5SLC9.1|	RecName: Full=Type IV pilus assembly ATPase PilB [Thermus thermophilus HB8]	36.103	349	200	11	268	1299	504	834	2.69e-34	140	Q5SLC9	Q5SLC9.1
group_411	sp|Q9I1E0.1|	RecName: Full=Mannitol-binding protein; Flags: Precursor [Pseudomonas aeruginosa PAO1]	79.277	415	86	0	76	1320	22	436	0	702	Q9I1E0	Q9I1E0.1
group_4114	sp|P94369.1|	RecName: Full=Putative purine-cytosine permease YxlA [Bacillus subtilis subsp. subtilis str. 168]	35.065	462	259	9	55	1395	3	438	7.95e-75	246	P94369	P94369.1
group_4124	sp|O05402.1|	RecName: Full=Putative peptidoglycan O-acetyltransferase YrhL [Bacillus subtilis subsp. subtilis str. 168]	32.733	333	188	15	61	972	28	353	4.36e-28	123	O05402	O05402.1
group_4127	sp|Q8YDY9.2|	RecName: Full=Type IV secretion system ATPase VirB11 [Brucella melitensis bv. 1 str. 16M]	38.889	324	180	3	118	1044	33	353	7.0300000000000005e-65	213	Q8YDY9	Q8YDY9.2
group_413	sp|Q07698.1|	RecName: Full=ABC transporter protein AbcA [Aeromonas salmonicida]	43.59	234	129	2	7	705	5	236	2.26e-66	217	Q07698	Q07698.1
group_4130	sp|D0KZ82.1|	RecName: Full=Maintenance of carboxysome distribution protein A; Short=alpha-McdA [Halothiobacillus neapolitanus c2]	30.198	202	124	7	7	591	9	200	1.91e-8	55.8	D0KZ82	D0KZ82.1
group_4131	sp|G3XCX3.1|	RecName: Full=Type IV pilus ATPase PilU [Pseudomonas aeruginosa PAO1]	33.548	155	91	4	265	717	95	241	1.43e-14	77	G3XCX3	G3XCX3.1
group_4133	sp|O50337.1|	RecName: Full=Type IV secretion system protein TrwE [Escherichia coli]	39.247	186	112	1	739	1293	202	387	2.64e-39	148	O50337	O50337.1
group_4134	sp|Q9RPY4.1|	RecName: Full=Type IV secretion system protein VirB1; Flags: Precursor [Brucella suis 1330]	47.297	148	72	3	19	450	4	149	2.9e-36	130	Q9RPY4	Q9RPY4.1
group_4136	sp|P58092.1|	RecName: Full=Antitoxin ParD [Escherichia coli O157:H7]	36.508	63	40	0	1	189	4	66	1.81e-8	49.7	P58092	P58092.1
group_4143	sp|Q8NFZ0.2|	RecName: Full=F-box DNA helicase 1; Short=hFBH1; AltName: Full=DNA 3'-5' helicase 1; AltName: Full=F-box only protein 18 [Homo sapiens]	39.568	139	76	4	1	393	439	577	1.4100000000000001e-22	96.3	Q8NFZ0	Q8NFZ0.2
group_4147	sp|B7NC15.2|	RecName: Full=Inverse autotransporter adhesin YeeJ; Flags: Precursor [Escherichia coli UMN026]	31.579	171	109	4	2350	2847	2453	2620	6.24e-12	73.9	B7NC15	B7NC15.2
group_4149	sp|Q8NFZ0.2|	RecName: Full=F-box DNA helicase 1; Short=hFBH1; AltName: Full=DNA 3'-5' helicase 1; AltName: Full=F-box only protein 18 [Homo sapiens]	42.105	133	68	5	429	40	605	731	6.53e-22	94	Q8NFZ0	Q8NFZ0.2
group_4150	sp|C0H3S6.1|	RecName: Full=Putative DNA-binding protein YwzG [Bacillus subtilis subsp. subtilis str. 168]	31.868	91	61	1	103	372	13	103	3.95e-11	58.9	C0H3S6	C0H3S6.1
group_4152	sp|Q45618.1|	RecName: Full=Putative transposase for insertion sequence element IS5376 [Geobacillus stearothermophilus]	40.764	314	164	7	1	921	1	299	1.1500000000000001e-59	199	Q45618	Q45618.1
group_4153	sp|P76071.1|	RecName: Full=Transposase InsH for insertion sequence element IS5Y [Escherichia coli K-12]	51.724	145	69	1	1	432	1	145	1.1599999999999998e-48	162	P76071	P76071.1
group_4161	sp|P13694.1|	RecName: Full=Transposase for transposon Tn3926 [Escherichia coli]	73.705	251	65	1	1	753	1	250	3.87e-128	389	P13694	P13694.1
group_4166	sp|P0CE53.2|	RecName: Full=Transposase InsH for insertion sequence element IS5H [Escherichia coli K-12]	50.289	173	57	3	1	441	146	315	8.34e-47	157	P0CE53	P0CE53.2
group_4168	sp|P03014.2|	RecName: Full=Serine recombinase PinE; AltName: Full=DNA-invertase PinE; Short=DNA-invertase from lambdoid prophage e14; AltName: Full=Site-specific recombinase PinE [Escherichia coli K-12]	57.258	124	53	0	1	372	1	124	5.31e-40	141	P03014	P03014.2
group_417	sp|P57239.1|	RecName: Full=Uncharacterized membrane protein BU139 [Buchnera aphidicola str. APS (Acyrthosiphon pisum)]	32.323	99	67	0	220	516	71	169	3.25e-16	81.6	P57239	P57239.1
group_4176	sp|Q8RBR1.1|	RecName: Full=Putative RNase TTE0752; AltName: Full=Putative toxin TTE0752 [Caldanaerobacter subterraneus subsp. tengcongensis MB4]	36.792	106	64	1	25	342	7	109	9.99e-19	78.6	Q8RBR1	Q8RBR1.1
group_4184	sp|P63521.1|	RecName: Full=Long-chain-fatty-acid--CoA ligase; AltName: Full=Long-chain acyl-CoA synthetase [Salmonella enterica subsp. enterica serovar Typhimurium str. LT2]	49.367	79	32	2	28	264	199	269	1.93e-17	79	P63521	P63521.1
group_4186	sp|P11922.2|	RecName: Full=Invasin [Yersinia pseudotuberculosis IP 32953]	31.307	329	204	7	499	1485	103	409	1.3e-35	148	P11922	P11922.2
group_4187	sp|Q01565.1|	RecName: Full=Secretin OutD; AltName: Full=General secretion pathway protein D; AltName: Full=Pectic enzymes secretion protein OutD; AltName: Full=Type II secretion system protein D; Short=T2SS protein D; Flags: Precursor [Dickeya dadantii 3937]	32.353	170	105	4	724	1206	475	643	2.12e-15	81.6	Q01565	Q01565.1
group_4189	sp|P37248.2|	RecName: Full=Transposase for insertion sequence element IS1086 [Cupriavidus metallidurans CH34]	50.305	328	162	1	7	990	6	332	2.0399999999999998e-109	325	P37248	P37248.2
group_419	sp|Q44091.1|	RecName: Full=L-sorbosone dehydrogenase; Short=SNDH [Gluconacetobacter liquefaciens]	61.894	433	160	4	10	1302	13	442	0	518	Q44091	Q44091.1
group_4190	sp|P17492.1|	RecName: Full=Replication protein [Neisseria gonorrhoeae]	36.321	212	133	2	43	675	5	215	2.7e-39	143	P17492	P17492.1
group_4191	sp|P13694.1|	RecName: Full=Transposase for transposon Tn3926 [Escherichia coli]	93.707	731	45	1	1	2193	261	990	0	1358	P13694	P13694.1
group_4192	sp|P15026.2|	RecName: Full=Insertion sequence IS21 putative ATP-binding protein [Pseudomonas aeruginosa]	44.841	252	137	2	22	777	4	253	1.4299999999999999e-67	213	P15026	P15026.2
group_4200	sp|P51767.1|	RecName: Full=Baseplate protein J; AltName: Full=Gene J protein; AltName: Full=GpJ [Bacteriophage P2]	31.975	319	188	5	10	966	1	290	1.07e-21	96.7	P51767	P51767.1
group_4202	sp|P26701.1|	RecName: Full=Baseplate protein I; AltName: Full=Gene I protein; Short=GpI [Bacteriophage P2]	31.452	124	82	3	1	369	1	122	7.56e-7	51.2	P26701	P26701.1
group_4210	sp|P37522.1|	RecName: Full=Sporulation initiation inhibitor protein Soj; AltName: Full=Suppressor of spo0J [Bacillus subtilis subsp. subtilis str. 168]	35.616	73	47	0	181	399	98	170	7.73e-6	48.9	P37522	P37522.1
group_4212	sp|Q79RI9.1|	RecName: Full=HTH-type transcriptional regulator for conjugative element R391; AltName: Full=ORF-96 protein [Providencia rettgeri]	31.452	124	84	1	256	624	84	207	1.38e-12	67.8	Q79RI9	Q79RI9.1
group_4214	sp|Q6UAV6.1|	RecName: Full=Protelomerase; AltName: Full=Gene product 26; Short=Gp26; AltName: Full=Hairpin telomere resolvase; AltName: Full=TelK [Klebsiella phage phiKO2]	30.019	523	279	13	7	1347	2	513	6.2399999999999995e-52	190	Q6UAV6	Q6UAV6.1
group_422	sp|P0DXF8.1|	RecName: Full=Functional amyloid transporter FapF; Flags: Precursor [Pseudomonas fluorescens]	83.295	437	65	2	1	1308	1	430	0	712	P0DXF8	P0DXF8.1
group_4220	sp|P10312.2|	RecName: Full=Probable baseplate hub protein; AltName: Full=Gene D protein; Short=GpD [Bacteriophage P2]	31.746	189	122	4	55	615	30	213	1.58e-17	85.9	P10312	P10312.2
group_4222	sp|B0ZSF3.1|	RecName: Full=Major capsid protein; AltName: Full=Gene product 5; Short=gp5; AltName: Full=Major head protein [Halomonas phage phiHAP-1 Gulf of Mexico/-/2001]	48.435	607	280	10	142	1884	1	600	5.15e-170	500	B0ZSF3	B0ZSF3.1
group_4223	sp|B0ZSH1.1|	RecName: Full=Probable tape measure protein; Short=TMP; AltName: Full=Gene product 23; Short=gp23 [Halomonas phage phiHAP-1 Gulf of Mexico/-/2001]	46.687	664	284	5	10	1980	3	603	1.34e-150	471	B0ZSH1	B0ZSH1.1
group_4226	sp|P31340.2|	RecName: Full=Spike protein; AltName: Full=Baseplate assembly protein gpV; AltName: Full=Gene V protein; Short=GpV [Bacteriophage P2]	30.435	184	110	8	97	603	16	196	1.59e-7	53.1	P31340	P31340.2
group_4237	sp|P27359.1|	RecName: Full=SAR-endolysin; AltName: Full=Endolysin; AltName: Full=Lysis protein; AltName: Full=Lysozyme; AltName: Full=Muramidase [Enterobacteria phage P21]	37.931	145	65	4	139	543	34	163	5.2399999999999996e-23	92.8	P27359	P27359.1
group_4239	sp|B0ZSF2.1|	RecName: Full=Probable portal protein [Halomonas phage phiHAP-1 Gulf of Mexico/-/2001]	57.816	467	189	4	67	1449	22	486	0	537	B0ZSF2	B0ZSF2.1
group_424	sp|Q7SXW3.1|	RecName: Full=Leucine-rich repeat-containing protein 40 [Danio rerio]	32.673	202	108	4	22	558	35	231	5.46e-16	83.6	Q7SXW3	Q7SXW3.1
group_4240	sp|B0ZSH1.1|	RecName: Full=Probable tape measure protein; Short=TMP; AltName: Full=Gene product 23; Short=gp23 [Halomonas phage phiHAP-1 Gulf of Mexico/-/2001]	55.645	124	54	1	7	375	727	850	3.9e-43	153	B0ZSH1	B0ZSH1.1
group_4241	sp|Q9A4F4.1|	RecName: Full=Toxin RelE3 [Caulobacter vibrioides CB15]	33.333	93	59	1	1	279	1	90	5.3e-7	47	Q9A4F4	Q9A4F4.1
group_4245	sp|P51731.1|	RecName: Full=Probable tape measure protein; Short=TMP; AltName: Full=Gene product 27; Short=gp27 [Haemophilus phage HP1c1]	50.868	403	198	0	10	1218	2	404	1.18e-117	372	P51731	P51731.1
group_4249	sp|P51731.1|	RecName: Full=Probable tape measure protein; Short=TMP; AltName: Full=Gene product 27; Short=gp27 [Haemophilus phage HP1c1]	32.53	83	56	0	299	51	322	404	3.24e-9	55.8	P51731	P51731.1
group_4251	sp|P51730.1|	RecName: Full=Uncharacterized 11.3 kDa protein in lys 3'region; AltName: Full=ORF26 [Haemophilus phage HP1c1]	33.333	84	56	0	19	270	18	101	1.9e-8	50.8	P51730	P51730.1
group_4254	sp|P51731.1|	RecName: Full=Probable tape measure protein; Short=TMP; AltName: Full=Gene product 27; Short=gp27 [Haemophilus phage HP1c1]	47.761	67	34	1	200	3	241	307	8.39e-11	58.5	P51731	P51731.1
group_4255	sp|P51732.1|	RecName: Full=Uncharacterized 12.7 kDa protein in lys 3'region; AltName: Full=ORF28 [Haemophilus phage HP1c1]	50.476	105	49	1	10	315	5	109	1.45e-28	102	P51732	P51732.1
group_4256	sp|P51733.1|	RecName: Full=Putative baseplate protein gp29; AltName: Full=Gene 29 protein; AltName: Full=Gp29 [Haemophilus phage HP1c1]	42.935	368	196	5	13	1086	4	367	1.11e-103	314	P51733	P51733.1
group_4257	sp|P51734.1|	RecName: Full=Putative tail protein gp30; AltName: Full=Gene product 30; Short=gp30 [Haemophilus phage HP1c1]	45.665	173	94	0	4	522	1	173	2.24e-56	178	P51734	P51734.1
group_4261	sp|P51725.1|	RecName: Full=Putative tail sheath protein; AltName: Full=ORF23 [Haemophilus phage HP1c1]	44.022	368	197	5	16	1095	5	371	7.16e-94	288	P51725	P51725.1
group_4262	sp|P51726.1|	RecName: Full=Putative tail tube protein; AltName: Full=ORF24 [Haemophilus phage HP1c1]	57.857	140	59	0	1	420	1	140	1.9199999999999998e-47	153	P51726	P51726.1
group_4263	sp|Q06126.1|	RecName: Full=Transposase for insertion sequence element IS1001 [Bordetella parapertussis]	62.5	248	90	3	1	741	159	404	1.7699999999999999e-103	308	Q06126	Q06126.1
group_4264	sp|P51726.1|	RecName: Full=Putative tail tube protein; AltName: Full=ORF24 [Haemophilus phage HP1c1]	54.839	93	42	0	1	279	48	140	1.01e-25	96.3	P51726	P51726.1
group_4267	sp|P11922.2|	RecName: Full=Invasin [Yersinia pseudotuberculosis IP 32953]	35.153	458	265	11	667	2007	515	951	1.43e-49	191	P11922	P11922.2
group_4268	sp|Q56127.1|	RecName: Full=Transcriptional regulatory protein RcsB [Salmonella enterica subsp. enterica serovar Typhi]	37.681	207	126	2	13	630	6	210	5.6300000000000004e-33	121	Q56127	Q56127.1
group_4269	sp|P58662.1|	RecName: Full=Sensor histidine kinase RcsC [Salmonella enterica subsp. enterica serovar Typhimurium str. LT2]	32.613	509	319	9	2104	3600	442	936	8.49e-63	236	P58662	P58662.1
group_427	sp|P06991.1|	RecName: Full=Type I restriction enzyme EcoDI specificity subunit; Short=S protein; AltName: Full=Type I specificity subunit S.EcoDI; Short=S.EcoDI; AltName: Full=Type-1 restriction enzyme EcoDI specificity subunit [Escherichia coli]	30.769	182	118	5	76	618	6	180	1.53e-12	72.8	P06991	P06991.1
group_4270	sp|P0C5W5.1|	RecName: Full=Transposase InsD for insertion element IS2A/D/F/H/I/K [Escherichia coli]	58.273	278	115	1	1	831	14	291	1.31e-116	339	P0C5W5	P0C5W5.1
group_4271	sp|P0C5W3.1|	RecName: Full=Transposase InsC for insertion element IS2A/D/F/H/I/K [Escherichia coli]	65.546	119	41	0	34	390	3	121	1.1299999999999998e-54	170	P0C5W3	P0C5W3.1
group_4277	sp|Q48IV1.2|	RecName: Full=Blue-light-activated protein; Includes: RecName: Full=Blue-light-activated histidine kinase; Includes: RecName: Full=Response regulator [Pseudomonas savastanoi pv. phaseolicola 1448A]	32.305	486	303	9	985	2391	51	527	2.4299999999999997e-69	241	Q48IV1	Q48IV1.2
group_4280	sp|D7Y2H4.1|	RecName: Full=CD-NTase-associated protein 6; Short=Cap6; AltName: Full=CBASS disassembly protein Trip13; AltName: Full=Probable ATPase Trip13 [Escherichia coli MS 115-1]	81.935	310	56	0	1	930	1	310	0	508	D7Y2H4	D7Y2H4.1
group_4281	sp|D7Y2H5.1|	RecName: Full=Endodeoxyribonuclease NucC; AltName: Full=NucC nuclease [Escherichia coli MS 115-1]	87.719	228	28	0	40	723	14	241	4.0599999999999995e-148	415	D7Y2H5	D7Y2H5.1
group_4283	sp|P22753.1|	RecName: Full=HTH-type transcriptional regulator SinR [Bacillus licheniformis]	32.039	103	60	2	13	303	2	100	4.27e-7	47.8	P22753	P22753.1
group_4286	sp|Q08I43.2|	RecName: Full=3'-5' exonuclease eri1; AltName: Full=Enhanced RNAi protein [Schizosaccharomyces pombe 972h-]	38.889	54	33	0	16	177	213	266	6.71e-6	44.3	Q08I43	Q08I43.2
group_4287	sp|D3KVM6.1|	RecName: Full=2-hydroxy-1,4-benzoquinone reductase; AltName: Full=Benzoquinone reductase; AltName: Full=Hydroxybenzoquinone reductase [Burkholderia sp.]	39.56	91	54	1	4	276	3	92	1.64e-14	71.2	D3KVM6	D3KVM6.1
group_4289	sp|Q08I43.2|	RecName: Full=3'-5' exonuclease eri1; AltName: Full=Enhanced RNAi protein [Schizosaccharomyces pombe 972h-]	31.944	216	103	6	61	615	64	266	7.26e-24	99	Q08I43	Q08I43.2
group_4296	sp|P24181.2|	RecName: Full=Multidrug export protein AcrF; AltName: Full=Acriflavine resistance protein F; AltName: Full=Protein EnvD [Escherichia coli K-12]	50.245	1021	498	7	1	3042	1	1018	0	894	P24181	P24181.2
group_4305	sp|D7Y2H3.2|	RecName: Full=CD-NTase-associated protein 7; Short=Cap7; AltName: Full=Bacterial HORMA sensor protein [Escherichia coli MS 115-1]	71.93	171	48	0	1	513	1	171	2.62e-89	261	D7Y2H3	D7Y2H3.2
group_4306	sp|P50360.2|	RecName: Full=Uncharacterized protein y4hP [Sinorhizobium fredii NGR234]	41.667	120	70	0	4	363	421	540	3.0100000000000004e-27	107	P50360	P50360.2
group_4308	sp|Q88L76.1|	RecName: Full=UPF0337 protein PP_2059 [Pseudomonas putida KT2440]	68.293	82	26	0	1	246	1	82	4.79e-18	73.9	Q88L76	Q88L76.1
group_4309	sp|D7Y2H2.2|	RecName: Full=Cyclic AMP-AMP-AMP synthase; AltName: Full=CD-NTase018; AltName: Full=c-di-AMP synthase [Escherichia coli MS 115-1]	86.293	321	44	0	1	963	1	321	0	535	D7Y2H2	D7Y2H2.2
group_431	sp|Q9HTF4.1|	RecName: Full=Glycine betaine monooxygenase oxygenase subunit; AltName: Full=Glycine betaine catabolism A [Pseudomonas aeruginosa PAO1]	87.173	421	54	0	1	1263	1	421	0	781	Q9HTF4	Q9HTF4.1
group_4310	sp|Q9HWR3.1|	RecName: Full=Bacteriophytochrome; AltName: Full=Phytochrome-like protein [Pseudomonas aeruginosa PAO1]	32.083	240	156	3	406	1125	489	721	1.2e-24	109	Q9HWR3	Q9HWR3.1
group_4311	sp|P55630.1|	RecName: Full=Uncharacterized protein y4qI [Sinorhizobium fredii NGR234]	37.089	213	122	3	58	660	181	393	3.52e-39	145	P55630	P55630.1
group_4318	sp|P39897.1|	RecName: Full=HTH-type transcriptional regulator MtrR; AltName: Full=Multiple transferrable resistance regulator [Neisseria gonorrhoeae]	30.508	118	73	4	1	339	1	114	2.14e-6	49.7	P39897	P39897.1
group_4321	sp|P51738.1|	RecName: Full=Uncharacterized 20.8 kDa protein in lys 3'region; AltName: Full=ORF34 [Haemophilus phage HP1c1]	38.136	118	73	0	7	360	10	127	6.22e-16	75.1	P51738	P51738.1
group_4322	sp|P51735.1|	RecName: Full=Probable tail fiber protein; AltName: Full=Gene product 31; Short=gp31; AltName: Full=ORF31 [Haemophilus phage HP1c1]	37.544	285	169	8	1	843	1	280	6.0999999999999996e-46	179	P51735	P51735.1
group_4325	sp|P51725.1|	RecName: Full=Putative tail sheath protein; AltName: Full=ORF23 [Haemophilus phage HP1c1]	44.293	368	196	5	16	1095	5	371	1.0400000000000001e-91	282	P51725	P51725.1
group_4327	sp|P51726.1|	RecName: Full=Putative tail tube protein; AltName: Full=ORF24 [Haemophilus phage HP1c1]	57.143	140	60	0	1	420	1	140	4.45e-46	150	P51726	P51726.1
group_4339	sp|P51739.1|	RecName: Full=Uncharacterized 58.7 kDa protein in lys 3'region; AltName: Full=ORF35 [Haemophilus phage HP1c1]	30.18	222	144	5	1	654	1	215	4.8299999999999995e-23	100	P51739	P51739.1
group_434	sp|Q44091.1|	RecName: Full=L-sorbosone dehydrogenase; Short=SNDH [Gluconacetobacter liquefaciens]	51.538	390	186	3	121	1281	53	442	1.2199999999999999e-132	392	Q44091	Q44091.1
group_4342	sp|P51732.1|	RecName: Full=Uncharacterized 12.7 kDa protein in lys 3'region; AltName: Full=ORF28 [Haemophilus phage HP1c1]	53.75	80	37	0	246	7	5	84	2.33e-21	84.3	P51732	P51732.1
group_4345	sp|P51726.1|	RecName: Full=Putative tail tube protein; AltName: Full=ORF24 [Haemophilus phage HP1c1]	57.143	140	60	0	1	420	1	140	1.4899999999999999e-47	154	P51726	P51726.1
group_4346	sp|P51726.1|	RecName: Full=Putative tail tube protein; AltName: Full=ORF24 [Haemophilus phage HP1c1]	55.914	93	41	0	1	279	48	140	1.01e-25	96.3	P51726	P51726.1
group_435	sp|P46827.1|	RecName: Full=Uncharacterized 24.6 kDa protein in ccpA 3'region; AltName: Full=ORF2 [Priestia megaterium]	34.532	139	88	3	859	1269	75	212	6.6e-18	85.5	P46827	P46827.1
group_436	sp|A0A0H2ZJS2.1|	RecName: Full=Diguanylate cyclase DgcP [Pseudomonas aeruginosa UCBPP-PA14]	42.727	110	55	2	718	1023	509	618	6.17e-11	68.2	A0A0H2ZJS2	A0A0H2ZJS2.1
group_439	sp|Q5L2G3.1|	RecName: Full=Uncharacterized oxidoreductase CzcO-like [Geobacillus kaustophilus HTA426]	41.935	217	118	7	22	663	5	216	7.760000000000001e-29	119	Q5L2G3	Q5L2G3.1
group_440	sp|Q92KZ7.1|	RecName: Full=Probable sugar-binding periplasmic protein; Flags: Precursor [Sinorhizobium meliloti 1021]	47	400	200	8	88	1284	26	414	1.9599999999999996e-107	326	Q92KZ7	Q92KZ7.1
group_441	sp|A5PKH3.1|	RecName: Full=Fumarylacetoacetase; Short=FAA; AltName: Full=Beta-diketonase; AltName: Full=Fumarylacetoacetate hydrolase [Bos taurus]	47.837	416	199	9	55	1281	11	415	9.7e-121	360	A5PKH3	A5PKH3.1
group_443	sp|P9WJX0.1|	RecName: Full=Uncharacterized MFS-type transporter MT2531 [Mycobacterium tuberculosis CDC1551]	55.725	393	174	0	64	1242	11	403	2.38e-102	313	P9WJX0	P9WJX0.1
group_449	sp|C3K332.1|	RecName: Full=UPF0229 protein PFLU_5583 [Pseudomonas [fluorescens] SBW25]	99.527	423	2	0	1	1269	1	423	0	801	C3K332	C3K332.1
group_45	sp|P09489.1|	RecName: Full=Extracellular serine protease; Flags: Precursor [Serratia marcescens]	31.532	444	278	7	1681	2943	597	1037	1.92e-44	178	P09489	P09489.1
group_450	sp|O53732.3|	RecName: Full=Tuberculostearic acid methyltransferase UfaA1; Short=TSA methyltransferase [Mycobacterium tuberculosis H37Rv]	39.181	342	176	5	214	1185	82	409	6.45e-76	245	O53732	O53732.3
group_454	sp|Q9I4P4.1|	RecName: Full=Peptidoglycan hydrolase FlgJ; AltName: Full=Muramidase FlgJ [Pseudomonas aeruginosa PAO1]	53.012	415	174	5	1	1242	1	395	1.3199999999999999e-135	397	Q9I4P4	Q9I4P4.1
group_458	sp|Q5L2G3.1|	RecName: Full=Uncharacterized oxidoreductase CzcO-like [Geobacillus kaustophilus HTA426]	41.818	220	120	7	16	666	5	219	1.13e-36	140	Q5L2G3	Q5L2G3.1
group_46	sp|P09489.1|	RecName: Full=Extracellular serine protease; Flags: Precursor [Serratia marcescens]	33.022	1072	550	24	79	2955	29	1045	9.97e-141	450	P09489	P09489.1
group_460	sp|P49861.1|	RecName: Full=Major capsid protein; AltName: Full=Gene product 5; Short=gp5; AltName: Full=Major head protein; Contains: RecName: Full=Scaffolding domain delta [Escherichia phage HK97]	54.511	266	121	0	439	1236	117	382	2.78e-92	286	P49861	P49861.1
group_463	sp|Q9HZ55.1|	RecName: Full=Ribosomal large subunit pseudouridine synthase B; AltName: Full=23S rRNA pseudouridine(2605) synthase; AltName: Full=rRNA pseudouridylate synthase B; AltName: Full=rRNA-uridine isomerase B [Pseudomonas aeruginosa PAO1]	61.045	421	119	6	1	1233	1	386	1.4799999999999998e-167	478	Q9HZ55	Q9HZ55.1
group_464	sp|Q9Y6N5.1|	RecName: Full=Sulfide:quinone oxidoreductase, mitochondrial; Short=SQOR; AltName: Full=Sulfide dehydrogenase-like; AltName: Full=Sulfide quinone oxidoreductase; Flags: Precursor [Homo sapiens]	42.077	366	210	1	112	1209	70	433	4.2899999999999996e-104	318	Q9Y6N5	Q9Y6N5.1
group_465	sp|C3JXY0.1|	RecName: Full=Aspartate kinase; AltName: Full=Aspartokinase [Pseudomonas [fluorescens] SBW25]	96.852	413	13	0	1	1239	1	413	0	805	C3JXY0	C3JXY0.1
group_468	sp|P37908.5|	RecName: Full=UPF0053 inner membrane protein YfjD [Escherichia coli K-12]	35.176	398	242	9	61	1209	21	417	2.0500000000000002e-70	231	P37908	P37908.5
group_470	sp|P23597.1|	RecName: Full=Proteases secretion protein PrtE [Dickeya chrysanthemi]	30.095	422	227	13	109	1209	30	438	1e-34	137	P23597	P23597.1
group_471	sp|Q6ZNB7.1|	RecName: Full=Alkylglycerol monooxygenase; AltName: Full=Transmembrane protein 195 [Homo sapiens]	36.41	390	235	6	4	1155	38	420	1.05e-62	211	Q6ZNB7	Q6ZNB7.1
group_473	sp|P31135.1|	RecName: Full=Putrescine transport system permease protein PotH [Escherichia coli K-12]	38.743	191	115	1	550	1116	91	281	1.9500000000000002e-33	130	P31135	P31135.1
group_474	sp|P75843.1|	RecName: Full=Interstrand DNA cross-link repair glycosylase; Short=ICL repair glycosylase; AltName: Full=Alkylpurine DNA glycosylase [Escherichia coli K-12]	36.842	399	225	11	19	1173	6	391	4.3599999999999996e-61	206	P75843	P75843.1
group_476	sp|A0A482NAR8.1|	RecName: Full=NADH-dependent flavin oxidoreductase iccG; AltName: Full=Ilicicolin H biosynthesis cluster protein G [Talaromyces variabilis]	40.51	353	188	9	19	1023	9	357	4.67e-76	244	A0A482NAR8	A0A482NAR8.1
group_478	sp|P76542.2|	RecName: Full=Prophage integrase IntZ; AltName: Full=Putative prophage CPZ-55 integrase [Escherichia coli K-12]	39.32	412	224	11	4	1227	5	394	2.36e-78	250	P76542	P76542.2
group_480	sp|P77316.1|	RecName: Full=Uncharacterized zinc-type alcohol dehydrogenase-like protein YbdR [Escherichia coli K-12]	71.675	406	115	0	1	1218	1	406	0	576	P77316	P77316.1
group_481	sp|P77316.1|	RecName: Full=Uncharacterized zinc-type alcohol dehydrogenase-like protein YbdR [Escherichia coli K-12]	73.552	397	105	0	1	1191	1	397	0	583	P77316	P77316.1
group_49	sp|O84834.2|	RecName: Full=Ribonucleoside-diphosphate reductase subunit alpha; AltName: Full=Ribonucleotide reductase [Chlamydia trachomatis D/UW-3/CX]	53	900	409	7	94	2775	118	1009	0	945	O84834	O84834.2
group_491	sp|P49859.1|	RecName: Full=Portal protein; AltName: Full=GP3 [Escherichia phage HK97]	30.682	352	231	7	124	1158	52	397	2.95e-39	148	P49859	P49859.1
group_492	sp|P55140.2|	RecName: Full=UPF0603 protein YgcG; Flags: Precursor [Escherichia coli K-12]	45.669	127	69	0	103	483	25	151	2.17e-22	99.4	P55140	P55140.2
group_493	sp|Q06400.1|	RecName: Full=Probable transporter YedE [Salmonella enterica subsp. enterica serovar Typhimurium str. LT2]	32.09	134	87	1	757	1158	36	165	1.59e-6	53.5	Q06400	Q06400.1
group_494	sp|Q52997.2|	RecName: Full=Uncharacterized protein R00370 [Sinorhizobium meliloti 1021]	41	400	218	4	43	1206	17	410	1.54e-76	246	Q52997	Q52997.2
group_497	sp|P49861.1|	RecName: Full=Major capsid protein; AltName: Full=Gene product 5; Short=gp5; AltName: Full=Major head protein; Contains: RecName: Full=Scaffolding domain delta [Escherichia phage HK97]	33.244	373	235	4	79	1194	22	381	2e-58	198	P49861	P49861.1
group_498	sp|O27068.1|	RecName: Full=Uncharacterized protein MTH_987 [Methanothermobacter thermautotrophicus str. Delta H]	31.662	379	237	11	79	1200	22	383	5.15e-41	152	O27068	O27068.1
group_499	sp|P17223.1|	RecName: Full=Anticodon nuclease; Short=ACNase; AltName: Full=Phage-less ACNase [Escherichia coli]	35.77	383	186	16	91	1131	24	382	1.63e-39	148	P17223	P17223.1
group_5	sp|Q8ZDJ2.1|	RecName: Full=Alpha-2-macroglobulin homolog; Flags: Precursor [Yersinia pestis]	38.391	1964	1126	25	79	5781	54	1996	0	1280	Q8ZDJ2	Q8ZDJ2.1
group_509	sp|Q937N7.1|	RecName: Full=2-methyl-aconitate isomerase; AltName: Full=Cis-trans isomerase [Cupriavidus necator]	85.606	396	57	0	1	1188	1	396	0	640	Q937N7	Q937N7.1
group_51	sp|A0A1S4NYE3.2|	RecName: Full=tRNA nuclease CdiA; Short=tRNase CdiA; AltName: Full=Contact-dependent inhibitor A; Short=CdiA-STECO31; AltName: Full=Toxin CdiA; Flags: Precursor [Escherichia coli STEC_O31]	32.353	204	128	6	22	606	2015	2217	2.54e-11	72	A0A1S4NYE3	A0A1S4NYE3.2
group_512	sp|O33683.2|	RecName: Full=Uncharacterized protein RA0937 [Sinorhizobium meliloti 1021]	42.522	341	181	7	31	1032	28	360	2.89e-68	224	O33683	O33683.2
group_513	sp|P17583.2|	RecName: Full=Cyanate transport protein CynX [Escherichia coli K-12]	40.263	380	224	3	40	1176	1	378	2.66e-53	184	P17583	P17583.2
group_514	sp|A9MJT5.1|	RecName: Full=Multidrug resistance protein MdtL [Salmonella enterica subsp. arizonae serovar 62:z4,z23:-]	36.364	99	61	1	112	402	32	130	1.79e-6	53.1	A9MJT5	A9MJT5.1
group_518	sp|O07603.1|	RecName: Full=Putative aminopeptidase YhfE [Bacillus subtilis subsp. subtilis str. 168]	36.677	319	200	2	43	996	9	326	6.43e-60	200	O07603	O07603.1
group_519	sp|P52223.1|	RecName: Full=Cytochrome c-type biogenesis protein CycH [Pseudomonas fluorescens]	96.721	305	10	0	1	915	1	305	0	554	P52223	P52223.1
group_52	sp|P23388.1|	RecName: Full=Multiphosphoryl transfer protein; Short=MTP; AltName: Full=Triphosphoryl transfer protein; Short=TTP; Includes: RecName: Full=Phosphoenolpyruvate-protein phosphotransferase; AltName: Full=Phosphotransferase system enzyme I; Includes: RecName: Full=Phosphocarrier protein HPr; Short=Protein H; Includes: RecName: Full=PTS system fructose-specific EIIA component; AltName: Full=EIII-Fru; AltName: Full=Fructose-specific phosphotransferase enzyme IIA component [Rhodobacter capsulatus]	45.74	669	352	5	859	2844	162	826	8.1e-126	404	P23388	P23388.1
group_521	sp|P10958.1|	RecName: Full=Transcriptional regulatory protein FixJ [Sinorhizobium meliloti 1021]	39.286	112	68	0	10	345	2	113	1.21e-16	81.3	P10958	P10958.1
group_522	sp|P45767.3|	RecName: Full=Putative amino-acid ABC transporter permease protein YhdX [Escherichia coli K-12]	63.038	395	142	4	1	1179	1	393	3.4799999999999995e-153	441	P45767	P45767.3
group_524	sp|B5L3F2.1|	RecName: Full=UDP-Glc:alpha-D-GlcNAc-diphosphoundecaprenol beta-1,3-glucosyltransferase WfgD [Escherichia coli]	38.835	103	63	0	49	357	5	107	4.81e-16	80.5	B5L3F2	B5L3F2.1
group_526	sp|P71276.2|	RecName: Full=Retron Ec48 reverse transcriptase; Short=RT-Ec48; AltName: Full=ECOR-58 reverse transcriptase [Escherichia coli]	43.243	333	182	2	1	978	15	347	1.36e-85	269	P71276	P71276.2
group_53	sp|Q8XAP1.1|	RecName: Full=Adenylate cyclase; AltName: Full=ATP pyrophosphate-lyase; AltName: Full=Adenylyl cyclase [Escherichia coli O157:H7]	35.389	681	408	10	58	2052	5	669	5.86e-131	418	Q8XAP1	Q8XAP1.1
group_530	sp|P51733.1|	RecName: Full=Putative baseplate protein gp29; AltName: Full=Gene 29 protein; AltName: Full=Gp29 [Haemophilus phage HP1c1]	41.57	344	196	3	1	1026	1	341	1.28e-94	291	P51733	P51733.1
group_531	sp|P51733.1|	RecName: Full=Putative baseplate protein gp29; AltName: Full=Gene 29 protein; AltName: Full=Gp29 [Haemophilus phage HP1c1]	43.597	367	195	4	13	1086	4	367	6.34e-105	318	P51733	P51733.1
group_539	sp|P65010.1|	RecName: Full=Uncharacterized protein Mb2598c [Mycobacterium tuberculosis variant bovis AF2122/97]	45.533	347	160	6	91	1128	9	327	2.15e-92	283	P65010	P65010.1
group_540	sp|Q887Q0.1|	RecName: Full=Alginate biosynthesis protein Alg44 [Pseudomonas syringae pv. tomato str. DC3000]	73.333	390	102	1	1	1164	1	390	0	575	Q887Q0	Q887Q0.1
group_541	sp|Q8XB92.1|	RecName: Full=Probable diguanylate cyclase DgcQ; Short=DGC; AltName: Full=Cellulose synthesis regulatory protein [Escherichia coli O157:H7]	45.062	162	84	2	694	1164	401	562	3.27e-34	136	Q8XB92	Q8XB92.1
group_543	sp|D4I6V2.1|	RecName: Full=Multidrug resistance protein MdtA; AltName: Full=Multidrug transporter MdtA; Flags: Precursor [Erwinia amylovora ATCC 49946]	38.462	338	206	1	130	1137	59	396	1.51e-62	209	D4I6V2	D4I6V2.1
group_545	sp|P55495.1|	RecName: Full=Uncharacterized protein y4iL [Sinorhizobium fredii NGR234]	33.987	306	183	9	265	1158	31	325	5.659999999999999e-40	150	P55495	P55495.1
group_547	sp|P80193.1|	RecName: Full=Gamma-butyrobetaine dioxygenase; AltName: Full=Gamma-butyrobetaine hydroxylase; Short=Gamma-BBH; AltName: Full=Gamma-butyrobetaine,2-oxoglutarate dioxygenase [Pseudomonas sp. AK-1]	69.895	382	114	1	16	1158	2	383	0	551	P80193	P80193.1
group_554	sp|Q05146.1|	RecName: Full=Outer membrane protein A; Flags: Precursor [Bordetella avium]	34.146	123	77	2	739	1098	69	190	3.14e-8	56.6	Q05146	Q05146.1
group_555	sp|O75179.3|	RecName: Full=Ankyrin repeat domain-containing protein 17; AltName: Full=Gene trap ankyrin repeat protein; AltName: Full=Serologically defined breast cancer antigen NY-BR-16 [Homo sapiens]	35.772	123	77	2	163	531	568	688	4.75e-10	65.5	O75179	O75179.3
group_556	sp|P30795.2|	RecName: Full=Uncharacterized protein ZMO1242 [Zymomonas mobilis subsp. mobilis ZM4 = ATCC 31821]	43.883	376	206	3	19	1146	2	372	5.4299999999999994e-104	315	P30795	P30795.2
group_557	sp|P0AAP1.1|	RecName: Full=Probable diguanylate cyclase DgcC; Short=DGC [Escherichia coli K-12]	33.702	181	113	4	601	1131	191	368	5.09e-26	110	P0AAP1	P0AAP1.1
group_558	sp|A3R044.1|	RecName: Full=Sulfite efflux pump SSU1 [Trichophyton benhamiae CBS 112371]	36.667	360	220	3	49	1113	18	374	4.6899999999999994e-54	186	A3R044	A3R044.1
group_559	sp|P09986.1|	RecName: Full=Hemolysin secretion protein D, chromosomal [Escherichia coli]	32.258	403	235	3	40	1143	78	477	1.78e-51	181	P09986	P09986.1
group_56	sp|P59969.1|	RecName: Full=Putative HTH-type transcriptional regulator Mb0914c [Mycobacterium tuberculosis variant bovis AF2122/97]	35.529	501	278	11	502	1947	8	482	2.99e-67	245	P59969	P59969.1
group_561	sp|Q9CLT9.2|	RecName: Full=Acetylornithine deacetylase; Short=AO; Short=Acetylornithinase; AltName: Full=N-acetylornithinase; Short=NAO [Pasteurella multocida subsp. multocida str. Pm70]	34.066	364	227	8	58	1143	29	381	4.39e-59	199	Q9CLT9	Q9CLT9.2
group_562	sp|P95608.1|	RecName: Full=Muconate cycloisomerase 1; AltName: Full=Cis,cis-muconate lactonizing enzyme I; Short=MLE; AltName: Full=Muconate cycloisomerase I [Rhodococcus opacus]	32.353	374	242	8	7	1113	6	373	3.1499999999999996e-47	167	P95608	P95608.1
group_564	sp|P44180.1|	RecName: Full=Uncharacterized protein HI_1405 [Haemophilus influenzae Rd KW20]	31.902	163	100	4	106	591	12	164	1.1e-15	81.3	P44180	P44180.1
group_568	sp|Q88LS1.1|	RecName: Full=Protein-arginine rhamnosyltransferase; AltName: Full=EF-P arginine rhamnosyltransferase [Pseudomonas putida KT2440]	63.733	375	136	0	1	1125	1	375	3.11e-137	399	Q88LS1	Q88LS1.1
group_570	sp|P28721.1|	RecName: Full=Protein GltF; Flags: Precursor [Escherichia coli K-12]	30.247	162	83	5	526	921	21	182	3.69e-9	60.5	P28721	P28721.1
group_573	sp|Q9T1V2.1|	RecName: Full=Baseplate protein gp47; AltName: Full=Gene product 47; Short=gp47; AltName: Full=Gene product W; Short=gpW [Escherichia phage Mu]	34.13	293	182	3	1	879	1	282	1.09e-26	112	Q9T1V2	Q9T1V2.1
group_575	sp|P51725.1|	RecName: Full=Putative tail sheath protein; AltName: Full=ORF23 [Haemophilus phage HP1c1]	42.971	377	196	7	16	1113	5	373	1.4599999999999997e-87	272	P51725	P51725.1
group_576	sp|Q9HWR3.1|	RecName: Full=Bacteriophytochrome; AltName: Full=Phytochrome-like protein [Pseudomonas aeruginosa PAO1]	30.566	265	175	5	328	1119	463	719	4.33e-27	116	Q9HWR3	Q9HWR3.1
group_58	sp|P59969.1|	RecName: Full=Putative HTH-type transcriptional regulator Mb0914c [Mycobacterium tuberculosis variant bovis AF2122/97]	36.409	401	230	7	439	1626	5	385	5.1899999999999997e-54	206	P59969	P59969.1
group_580	sp|O34798.1|	RecName: Full=Peptidoglycan-N-acetylmuramic acid deacetylase PdaC; Short=Peptidoglycan MurNAc deacetylase; AltName: Full=Polysaccharide deacetylase PdaC [Bacillus subtilis subsp. subtilis str. 168]	33.571	140	73	7	538	939	276	401	4.34e-10	64.7	O34798	O34798.1
group_581	sp|Q9HWR3.1|	RecName: Full=Bacteriophytochrome; AltName: Full=Phytochrome-like protein [Pseudomonas aeruginosa PAO1]	30.859	256	169	4	352	1119	472	719	1.9700000000000002e-26	114	Q9HWR3	Q9HWR3.1
group_582	sp|Q9HWR3.1|	RecName: Full=Bacteriophytochrome; AltName: Full=Phytochrome-like protein [Pseudomonas aeruginosa PAO1]	31.963	219	143	2	442	1098	501	713	2.4900000000000002e-27	117	Q9HWR3	Q9HWR3.1
group_583	sp|Q9HYV7.1|	RecName: Full=Beta-ketodecanoyl-[acyl-carrier-protein] synthase [Pseudomonas aeruginosa PAO1]	77.65	349	78	0	70	1116	1	349	0	583	Q9HYV7	Q9HYV7.1
group_584	sp|P51725.1|	RecName: Full=Putative tail sheath protein; AltName: Full=ORF23 [Haemophilus phage HP1c1]	42.935	368	201	5	16	1095	5	371	3.7799999999999996e-94	289	P51725	P51725.1
group_585	sp|Q8L8B8.1|	RecName: Full=Cytokinin riboside 5'-monophosphate phosphoribohydrolase LOG3; AltName: Full=Protein LONELY GUY 3 [Arabidopsis thaliana]	36.364	99	58	4	514	810	102	195	1.42e-6	52	Q8L8B8	Q8L8B8.1
group_591	sp|P08888.1|	RecName: Full=Nodulation protein 10; AltName: Full=Nodulation protein X; AltName: Full=Probable sugar acetylase [Rhizobium leguminosarum bv. viciae]	36.842	95	53	3	1	276	1	91	8.07e-6	50.8	P08888	P08888.1
group_593	sp|Q47527.2|	RecName: Full=Retron Ec83 probable ATPase [Escherichia coli]	33.708	89	45	3	583	816	362	447	3.55e-8	58.5	Q47527	Q47527.2
group_597	sp|A0MTQ2.1|	RecName: Full=Beta-peptidyl aminopeptidase BapA; Contains: RecName: Full=Beta-peptidyl aminopeptidase BapA alpha subunit; Contains: RecName: Full=Beta-peptidyl aminopeptidase BapA beta subunit; Flags: Precursor [Sphingosinicella microcystinivorans]	47.527	364	158	10	4	1038	25	374	1.61e-85	267	A0MTQ2	A0MTQ2.1
group_598	sp|Q47594.1|	RecName: Full=O-antigen chain mannosyltransferase B; AltName: Full=Mannosyl-N-acetyl-alpha-D-glucosaminyl-diphospho-ditrans,octacis-undecaprenol 3-alpha-mannosyltransferase [Escherichia coli]	30.736	231	139	5	325	972	113	337	1.7e-13	74.7	Q47594	Q47594.1
group_599	sp|C3KDU4.1|	RecName: Full=DNA replication and repair protein RecF [Pseudomonas [fluorescens] SBW25]	99.183	367	3	0	1	1101	1	367	0	708	C3KDU4	C3KDU4.1
group_602	sp|Q7TP48.2|	RecName: Full=Adipocyte plasma membrane-associated protein [Rattus norvegicus]	31.844	358	217	8	76	1080	21	374	7.739999999999999e-52	179	Q7TP48	Q7TP48.2
group_604	sp|Q58925.1|	RecName: Full=Uncharacterized N-acetyltransferase MJ1530 [Methanocaldococcus jannaschii DSM 2661]	36.275	102	62	2	139	441	44	143	4.06e-8	55.5	Q58925	Q58925.1
group_606	sp|P26502.2|	RecName: Full=Exopolysaccharide production protein ExoZ [Sinorhizobium meliloti 1021]	31.529	314	174	15	121	1023	15	300	2.4e-17	85.1	P26502	P26502.2
group_612	sp|P08558.1|	RecName: Full=Baseplate hub protein gp44; AltName: Full=43 kDa tail protein; AltName: Full=Gene product 44; Short=gp44; AltName: Full=Gene product P; Short=gpP [Escherichia phage Mu]	30.114	352	219	9	16	1038	5	340	9.56e-34	131	P08558	P08558.1
group_616	sp|A0A1D5NSM8.1|	RecName: Full=Sushi, von Willebrand factor type A, EGF and pentraxin domain-containing protein 1; AltName: Full=Polydom; Flags: Precursor [Danio rerio]	30.872	149	87	4	271	693	78	218	9.49e-7	54.7	A0A1D5NSM8	A0A1D5NSM8.1
group_618	sp|P77562.1|	RecName: Full=Uncharacterized protein YaiW [Escherichia coli K-12]	60.116	346	135	3	52	1083	20	364	8.449999999999998e-158	450	P77562	P77562.1
group_621	sp|A0QYB3.1|	RecName: Full=Xylitol-binding protein; Flags: Precursor [Mycolicibacterium smegmatis MC2 155]	30.526	190	103	8	193	738	72	240	7.28e-8	57	A0QYB3	A0QYB3.1
group_625	sp|Q57022.1|	RecName: Full=Uncharacterized glycosyltransferase HI_0868 [Haemophilus influenzae Rd KW20]	32.571	175	102	5	1	519	1	161	1.17e-18	87.4	Q57022	Q57022.1
group_626	sp|Q9ZCT3.1|	RecName: Full=Putative transport protein RP630 [Rickettsia prowazekii str. Madrid E]	30.117	342	236	3	25	1047	8	347	1.0899999999999998e-42	154	Q9ZCT3	Q9ZCT3.1
group_628	sp|P50600.2|	RecName: Full=Tol-Pal system protein TolA [Pseudomonas aeruginosa PAO1]	60	120	47	1	715	1071	228	347	1.27e-38	144	P50600	P50600.2
group_630	sp|P0AFI9.1|	RecName: Full=Putative permease PerM [Escherichia coli K-12]	48.711	349	179	0	1	1047	1	349	4.87e-51	176	P0AFI9	P0AFI9.1
group_631	sp|P06723.1|	RecName: Full=Integrase [Eganvirus ev186]	46.176	340	170	4	1	1008	1	331	2.1399999999999995e-96	292	P06723	P06723.1
group_632	sp|P75853.2|	RecName: Full=Putative aliphatic sulfonates-binding protein; Flags: Precursor [Escherichia coli K-12]	40.244	82	49	0	376	621	122	203	8.29e-6	50.8	P75853	P75853.2
group_635	sp|Q709F0.3|	RecName: Full=Acyl-CoA dehydrogenase family member 11; Short=ACAD-11 [Homo sapiens]	30.878	353	229	8	25	1059	13	358	9.559999999999999e-52	186	Q709F0	Q709F0.3
group_637	sp|Q838S2.1|	RecName: Full=Chitinase; AltName: Full=EfChi18A; Flags: Precursor [Enterococcus faecalis V583]	58.824	323	126	2	43	1002	30	348	2.2899999999999997e-137	397	Q838S2	Q838S2.1
group_640	sp|P25265.1|	RecName: Full=Type II methylase M.HgiDII; Short=M.HgiDII; AltName: Full=Cytosine-specific methyltransferase HgiDII; AltName: Full=Modification methylase HgiDII [Herpetosiphon aurantiacus]	37.901	343	195	12	40	1035	5	340	1.08e-57	194	P25265	P25265.1
group_645	sp|Q9HZQ2.1|	RecName: Full=Zinc chaperone CobW [Pseudomonas aeruginosa PAO1]	78.409	352	74	1	1	1056	26	375	0	514	Q9HZQ2	Q9HZQ2.1
group_646	sp|A0A1C9CX66.1|	RecName: Full=(S)-8-oxocitronellyl enol synthase CYC2; AltName: Full=Cyclase 2; AltName: Full=Iridoid synthase; Short=ISY [Camptotheca acuminata]	36.639	363	215	7	13	1059	29	390	1.63e-75	241	A0A1C9CX66	A0A1C9CX66.1
group_649	sp|Q9HTR2.1|	RecName: Full=Phosphorylcholine phosphatase; Short=PChP; AltName: Full=Phosphoethanolamine/phosphocholine phosphatase; Flags: Precursor [Pseudomonas aeruginosa PAO1]	79.331	329	66	1	70	1056	23	349	0	563	Q9HTR2	Q9HTR2.1
group_65	sp|P94593.2|	RecName: Full=Putative ATP-dependent helicase/translocase YwqA [Bacillus subtilis subsp. subtilis str. 168]	38.207	513	288	12	1174	2661	416	916	4.73e-90	309	P94593	P94593.2
group_650	sp|P72171.1|	RecName: Full=Ornithine utilization regulator [Pseudomonas aeruginosa PAO1]	30.645	310	213	2	64	990	28	336	3.5399999999999997e-31	123	P72171	P72171.1
group_651	sp|P64760.1|	RecName: Full=Uncharacterized protein Mb0930; Flags: Precursor [Mycobacterium tuberculosis variant bovis AF2122/97]	42.056	321	179	5	67	1014	52	370	3.14e-78	247	P64760	P64760.1
group_653	sp|P45468.1|	RecName: Full=UPF0718 protein YraQ [Escherichia coli K-12]	65.653	329	110	2	46	1032	15	340	1.35e-135	392	P45468	P45468.1
group_654	sp|Q1QWN6.1|	RecName: Full=(S)-sulfolactate dehydrogenase; AltName: Full=(2S)-3-sulfolactate dehydrogenase; AltName: Full=(S)-sulfolactate oxidoreductase [Chromohalobacter israelensis DSM 3043]	40.417	240	139	3	304	1023	66	301	3.0399999999999997e-34	131	Q1QWN6	Q1QWN6.1
group_657	sp|Q7T6X9.2|	RecName: Full=DNA topoisomerase 1B; Short=TopIB; AltName: Full=DNA topoisomerase type IB [Acanthamoeba polyphaga mimivirus]	32.765	293	189	3	67	921	11	303	6.81e-52	178	Q7T6X9	Q7T6X9.2
group_660	sp|P06723.1|	RecName: Full=Integrase [Eganvirus ev186]	44.828	348	165	5	1	1020	1	329	4.19e-93	284	P06723	P06723.1
group_663	sp|Q7BVH7.1|	RecName: Full=Secreted effector protein SseB; AltName: Full=Secretion system effector B [Salmonella enterica subsp. enterica serovar Typhimurium str. LT2]	33.333	75	48	1	361	579	49	123	7.97e-8	55.5	Q7BVH7	Q7BVH7.1
group_665	sp|Q47199.1|	RecName: Full=F17d-G fimbrial adhesin; Flags: Precursor [Escherichia coli]	32.948	173	108	4	538	1044	176	344	4.82e-15	78.6	Q47199	Q47199.1
group_67	sp|O64203.1|	RecName: Full=Endolysin A; AltName: Full=Gene 10 protein; AltName: Full=Gp10; AltName: Full=Lysis protein; AltName: Full=Lysozyme [Fromanvirus D29]	31.792	173	91	8	2149	2637	199	354	2e-9	64.7	O64203	O64203.1
group_672	sp|Q9I6R6.1|	RecName: Full=Gamma-aminobutyric acid-binding protein; Short=GABA-binding protein; Flags: Precursor [Pseudomonas aeruginosa PAO1]	61.801	322	120	2	76	1038	33	352	9.559999999999998e-144	413	Q9I6R6	Q9I6R6.1
group_678	sp|Q38582.1|	RecName: Full=Major capsid protein; AltName: Full=Gene product 13; Short=gp13 [Bacillus phage SPP1]	36.628	344	191	6	1	1026	1	319	8.380000000000001e-64	208	Q38582	Q38582.1
group_679	sp|P67099.1|	RecName: Full=Uncharacterized NTE family protein Mb1092c [Mycobacterium tuberculosis variant bovis AF2122/97]	40.974	349	178	7	10	1023	16	347	7.45e-73	233	P67099	P67099.1
group_68	sp|P71059.1|	RecName: Full=Uncharacterized glycosyltransferase EpsJ [Bacillus subtilis subsp. subtilis str. 168]	32.039	103	63	4	514	822	2	97	3.27e-7	57	P71059	P71059.1
group_685	sp|Q57SD4.1|	RecName: Full=Putative transcriptional regulator of 2-aminoethylphosphonate degradation operons [Salmonella enterica subsp. enterica serovar Choleraesuis str. SC-B67]	32.927	82	54	1	46	288	1	82	1.94e-6	52	Q57SD4	Q57SD4.1
group_689	sp|Q5AGW8.1|	RecName: Full=Purine nucleoside permease; Flags: Precursor [Candida albicans SC5314]	39.557	316	184	5	85	1014	62	376	9.42e-71	229	Q5AGW8	Q5AGW8.1
group_690	sp|P25477.1|	RecName: Full=Capsid proteins; AltName: Full=GpN; Contains: RecName: Full=Minor capsid protein H1; Contains: RecName: Full=Minor capsid protein H2; Contains: RecName: Full=Major capsid protein N*; AltName: Full=Major head protein; Flags: Precursor [Bacteriophage P2]	37.101	345	205	7	25	1026	6	349	2.3499999999999997e-67	218	P25477	P25477.1
group_696	sp|O66648.3|	RecName: Full=Glutamine--fructose-6-phosphate aminotransferase [isomerizing]; AltName: Full=D-fructose-6-phosphate amidotransferase; AltName: Full=GFAT; AltName: Full=Glucosamine-6-phosphate synthase; AltName: Full=Hexosephosphate aminotransferase; AltName: Full=L-glutamine--D-fructose-6-phosphate amidotransferase [Aquifex aeolicus VF5]	30.033	303	201	5	124	1005	287	587	6.239999999999999e-31	126	O66648	O66648.3
group_697	sp|Q01609.2|	RecName: Full=Uncharacterized protein PA2218 [Pseudomonas aeruginosa PAO1]	48.742	318	146	5	85	1017	64	371	4.05e-75	239	Q01609	Q01609.2
group_698	sp|Q9I1P2.1|	RecName: Full=HTH-type transcriptional regulator VqsM; AltName: Full=Virulence and quorum sensing modulator protein [Pseudomonas aeruginosa PAO1]	40.23	87	52	0	733	993	236	322	1.92e-12	70.5	Q9I1P2	Q9I1P2.1
group_7	sp|G9LZD7.1|	RecName: Full=Probable inactive leucine-rich repeat receptor kinase XIAO; Flags: Precursor [Oryza sativa Japonica Group]	36.478	159	92	6	4408	4866	548	703	1.9e-8	63.5	G9LZD7	G9LZD7.1
group_70	sp|Q5HPI1.1|	RecName: Full=Phosphatidylglycerol lysyltransferase; AltName: Full=Lysylphosphatidylglycerol synthase; Short=LPG synthase; AltName: Full=Multiple peptide resistance factor [Staphylococcus epidermidis RP62A]	34.797	296	181	5	1693	2556	528	819	6.3e-46	181	Q5HPI1	Q5HPI1.1
group_700	sp|Q9I750.1|	RecName: Full=Type VI secretion system component TssA1 [Pseudomonas aeruginosa PAO1]	56.686	344	145	2	1	1023	2	344	1.3899999999999999e-109	326	Q9I750	Q9I750.1
group_701	sp|Q45614.1|	RecName: Full=Sensor histidine kinase WalK [Bacillus subtilis subsp. subtilis str. 168]	30.638	235	151	5	331	1014	371	600	6.139999999999999e-31	126	Q45614	Q45614.1
group_703	sp|Q52374.1|	RecName: Full=Type III secretion protein hrcQa [Pseudomonas syringae pv. syringae]	32.34	235	151	4	10	702	2	232	3.3e-19	88.6	Q52374	Q52374.1
group_705	sp|Q9I0M3.1|	RecName: Full=DNA translocase FtsK [Pseudomonas aeruginosa PAO1]	77.049	61	14	0	544	726	748	808	3.33e-21	98.2	Q9I0M3	Q9I0M3.1
group_707	sp|P9WMJ2.1|	RecName: Full=HTH-type transcriptional regulator VirS; AltName: Full=Virulence-regulating protein VirS [Mycobacterium tuberculosis CDC1551]	32.051	156	103	2	520	984	180	333	1.38e-13	73.9	P9WMJ2	P9WMJ2.1
group_709	sp|P10312.2|	RecName: Full=Probable baseplate hub protein; AltName: Full=Gene D protein; Short=GpD [Bacteriophage P2]	33.953	215	127	6	55	693	30	231	3.23e-22	99.4	P10312	P10312.2
group_71	sp|Q04336.1|	RecName: Full=Uncharacterized protein YMR196W [Saccharomyces cerevisiae S288C]	44.468	931	447	21	25	2613	9	937	0	760	Q04336	Q04336.1
group_716	sp|Q9HTX3.1|	RecName: Full=Probable binding protein component of ABC iron transporter PA5217; Flags: Precursor [Pseudomonas aeruginosa PAO1]	82.748	313	54	0	64	1002	20	332	0	553	Q9HTX3	Q9HTX3.1
group_719	sp|P13906.3|	RecName: Full=Type II methyltransferase M.BspRI; Short=M.BspRI; AltName: Full=Cytosine-specific methyltransferase BspRI; AltName: Full=Modification methylase BspRI [Lysinibacillus sphaericus]	39.571	326	153	10	31	972	108	401	1.26e-61	205	P13906	P13906.3
group_722	sp|P55719.1|	RecName: Full=Probable translocation protein Y4yK [Sinorhizobium fredii NGR234]	38.75	80	44	1	757	981	271	350	6.31e-9	60.1	P55719	P55719.1
group_723	sp|P45524.1|	RecName: Full=Putative esterase YheT [Escherichia coli K-12]	41.433	321	179	4	22	978	18	331	1.13e-62	205	P45524	P45524.1
group_724	sp|Q53FA7.2|	RecName: Full=Quinone oxidoreductase PIG3; AltName: Full=NADPH:quinone reductase PIG3; AltName: Full=Tumor protein p53-inducible protein 3; Short=Protein PIG3; AltName: Full=p53-induced gene 3 protein [Homo sapiens]	40.606	330	191	3	19	993	1	330	1.93e-75	238	Q53FA7	Q53FA7.2
group_727	sp|P39879.2|	RecName: Full=Uncharacterized protein PA2026 [Pseudomonas aeruginosa PAO1]	71.656	314	89	0	1	942	1	314	9.1e-140	402	P39879	P39879.2
group_728	sp|P51634.2|	RecName: Full=Magnesium-chelatase subunit ChlI; AltName: Full=Mg-protoporphyrin IX chelatase [Synechocystis sp. PCC 6803 substr. Kazusa]	47.143	280	109	1	19	741	16	295	4.609999999999999e-68	220	P51634	P51634.2
group_729	sp|P72171.1|	RecName: Full=Ornithine utilization regulator [Pseudomonas aeruginosa PAO1]	30.303	297	205	2	100	984	40	336	3.18e-30	120	P72171	P72171.1
group_73	sp|A0A0H2ZC68.1|	RecName: Full=Motility hub protein FimV; Flags: Precursor [Pseudomonas aeruginosa UCBPP-PA14]	51.911	314	137	5	82	987	28	339	7.08e-78	275	A0A0H2ZC68	A0A0H2ZC68.1
group_730	sp|P46495.2|	RecName: Full=Putative integrase/recombinase HI_1572 [Haemophilus influenzae Rd KW20]	40.549	328	181	9	1	966	1	320	2.9000000000000003e-58	195	P46495	P46495.2
group_731	sp|P94474.2|	RecName: Full=Uncharacterized protein YeaC [Bacillus subtilis subsp. subtilis str. 168]	44.737	304	163	1	82	993	17	315	1.08e-82	256	P94474	P94474.2
group_736	sp|P72171.1|	RecName: Full=Ornithine utilization regulator [Pseudomonas aeruginosa PAO1]	34.767	279	182	0	151	987	58	336	2.52e-40	147	P72171	P72171.1
group_737	sp|P36547.2|	RecName: Full=HTH-type DNA-binding transcriptional activator EutR; AltName: Full=Ethanolamine operon regulatory protein [Escherichia coli K-12]	31.102	254	150	9	247	978	109	347	6.49e-20	92.4	P36547	P36547.2
group_738	sp|D4GP28.1|	RecName: Full=Probable 2-keto-3-deoxyxylonate dehydratase; Short=KDXD [Haloferax volcanii DS2]	35.115	131	73	4	403	780	113	236	1.87e-8	58.2	D4GP28	D4GP28.1
group_744	sp|P40401.1|	RecName: Full=Putative aliphatic sulfonates transport permease protein SsuC [Bacillus subtilis subsp. subtilis str. 168]	33.918	171	113	0	460	972	102	272	1.05e-20	93.2	P40401	P40401.1
group_746	sp|P52024.2|	RecName: Full=DNA polymerase III subunit delta' [Pseudomonas aeruginosa PAO1]	72.727	308	83	1	1	924	1	307	2.06e-156	444	P52024	P52024.2
group_749	sp|Q48MT7.1|	RecName: Full=Renalase [Pseudomonas savastanoi pv. phaseolicola 1448A]	80.183	328	65	0	1	984	1	328	2.0799999999999995e-169	476	Q48MT7	Q48MT7.1
group_75	sp|Q9ABX9.1|	RecName: Full=Uncharacterized signaling protein CC_0091 [Caulobacter vibrioides CB15]	44.235	425	235	2	1264	2532	357	781	2.7599999999999998e-108	354	Q9ABX9	Q9ABX9.1
group_750	sp|A0A0H2ZIC3.1|	RecName: Full=HTH-type transcriptional regulator GbdR; AltName: Full=Glycine betaine/dimethylglycine responsive regulator [Pseudomonas aeruginosa UCBPP-PA14]	32.719	217	143	3	319	966	109	323	1.12e-15	80.5	A0A0H2ZIC3	A0A0H2ZIC3.1
group_752	sp|G5EBD7.1|	RecName: Full=6-phosphogluconate dehydrogenase, NAD(+)-dependent, decarboxylating; Short=6PGDH [Gluconobacter oxydans 621H]	64.955	331	107	4	1	969	1	330	1.2e-143	411	G5EBD7	G5EBD7.1
group_753	sp|Q8YFI5.2|	RecName: Full=Na(+)/H(+) antiporter NhaA; AltName: Full=Sodium/proton antiporter NhaA [Brucella melitensis bv. 1 str. 16M]	47.895	190	96	2	295	864	495	681	2.53e-40	153	Q8YFI5	Q8YFI5.2
group_758	sp|T2KNC8.1|	RecName: Full=Oxidoreductase P35; AltName: Full=P35_oxidoreductase; AltName: Full=Polysaccharide utilization locus H protein P35; Short=PUL H protein P35 [Formosa agariphila KMM 3901]	34.076	314	203	3	10	945	5	316	6.29e-62	202	T2KNC8	T2KNC8.1
group_76	sp|Q9I742.1|	RecName: Full=AAA+ ATPase ClpV1 [Pseudomonas aeruginosa PAO1]	49.648	711	316	10	463	2499	183	883	0	598	Q9I742	Q9I742.1
group_760	sp|E9CV02.1|	RecName: Full=Putative dipeptidase CPSG_01350 [Coccidioides posadasii str. Silveira]	30.357	280	164	3	148	966	160	415	8.76e-34	132	E9CV02	E9CV02.1
group_761	sp|P23485.1|	RecName: Full=Ferric citrate uptake sigma factor regulator FecR [Escherichia coli K-12]	31.443	194	128	4	358	930	109	300	2.44e-15	79	P23485	P23485.1
group_765	sp|P55630.1|	RecName: Full=Uncharacterized protein y4qI [Sinorhizobium fredii NGR234]	38.535	314	181	3	4	909	181	494	7.769999999999999e-60	203	P55630	P55630.1
group_767	sp|P71318.1|	RecName: Full=Hydrogen peroxide-inducible genes activator [Pectobacterium carotovorum subsp. carotovorum]	32.083	240	161	2	22	738	4	242	1.6200000000000003e-27	112	P71318	P71318.1
group_77	sp|P33129.3|	RecName: Full=Outer membrane usher protein HtrE; AltName: Full=Heat shock protein E; Flags: Precursor [Escherichia coli K-12]	36.375	833	456	17	106	2469	33	836	7.229999999999999e-157	483	P33129	P33129.3
group_770	sp|P0AAX8.1|	RecName: Full=Probable L,D-transpeptidase YbiS; Flags: Precursor [Escherichia coli K-12]	47.534	223	112	4	109	765	36	257	2.6400000000000002e-58	192	P0AAX8	P0AAX8.1
group_771	sp|Q8NQU3.1|	RecName: Full=Arginine transport system permease protein ArgU [Corynebacterium glutamicum ATCC 13032]	37.193	285	158	6	85	915	16	287	7e-48	166	Q8NQU3	Q8NQU3.1
group_773	sp|P75853.2|	RecName: Full=Putative aliphatic sulfonates-binding protein; Flags: Precursor [Escherichia coli K-12]	33.465	254	167	2	31	786	8	261	1.79e-30	120	P75853	P75853.2
group_775	sp|P51739.1|	RecName: Full=Uncharacterized 58.7 kDa protein in lys 3'region; AltName: Full=ORF35 [Haemophilus phage HP1c1]	39.55	311	164	3	37	969	247	533	6.9e-54	187	P51739	P51739.1
group_776	sp|P49859.1|	RecName: Full=Portal protein; AltName: Full=GP3 [Escherichia phage HK97]	38.494	239	144	3	178	891	178	414	1.0199999999999999e-47	168	P49859	P49859.1
group_777	sp|P23485.1|	RecName: Full=Ferric citrate uptake sigma factor regulator FecR [Escherichia coli K-12]	40.291	206	121	2	343	954	109	314	7.559999999999999e-34	129	P23485	P23485.1
group_78	sp|P23388.1|	RecName: Full=Multiphosphoryl transfer protein; Short=MTP; AltName: Full=Triphosphoryl transfer protein; Short=TTP; Includes: RecName: Full=Phosphoenolpyruvate-protein phosphotransferase; AltName: Full=Phosphotransferase system enzyme I; Includes: RecName: Full=Phosphocarrier protein HPr; Short=Protein H; Includes: RecName: Full=PTS system fructose-specific EIIA component; AltName: Full=EIII-Fru; AltName: Full=Fructose-specific phosphotransferase enzyme IIA component [Rhodobacter capsulatus]	46.914	486	255	3	1027	2481	341	824	1.2800000000000002e-122	392	P23388	P23388.1
group_783	sp|P37626.1|	RecName: Full=Uncharacterized protein YhiI; Flags: Precursor [Escherichia coli K-12]	40.061	327	162	5	79	960	24	349	1.68e-52	179	P37626	P37626.1
group_785	sp|P45250.1|	RecName: Full=Putative 2-hydroxyacid dehydrogenase HI_1556 [Haemophilus influenzae Rd KW20]	47.5	280	144	2	103	933	29	308	2.05e-89	273	P45250	P45250.1
group_789	sp|Q93HX6.2|	RecName: Full=Glucosaminate ammonia-lyase; AltName: Full=D-glucosaminate dehydratase alpha-subunit; AltName: Full=GlcNA-DH alpha subunit; Short=GlcNADH-alpha [Pseudomonas fluorescens]	92.476	319	24	0	1	957	1	319	0	574	Q93HX6	Q93HX6.2
group_79	sp|Q5E841.1|	RecName: Full=Sulfite reductase [NADPH] flavoprotein alpha-component; Short=SiR-FP [Aliivibrio fischeri ES114]	30.597	536	291	11	1156	2523	70	604	1.45e-46	179	Q5E841	Q5E841.1
group_793	sp|Q53W62.1|	RecName: Full=HTH-type transcriptional repressor CarH [Thermus thermophilus HB8]	30.38	237	143	7	55	753	3	221	3.36e-20	92	Q53W62	Q53W62.1
group_794	sp|Q9I6Z9.1|	RecName: Full=HTH-type transcriptional activator BauR [Pseudomonas aeruginosa PAO1]	38.776	294	178	1	64	939	11	304	8.809999999999999e-60	196	Q9I6Z9	Q9I6Z9.1
group_795	sp|P24252.1|	RecName: Full=Uncharacterized protein YbgA; AltName: Full=ORF169; AltName: Full=TKP [Escherichia coli K-12]	33.333	159	106	0	478	954	8	166	1.88e-25	103	P24252	P24252.1
group_796	sp|Q79FN7.1|	RecName: Full=Chaperone MoxR1 [Mycobacterium tuberculosis H37Rv]	46.053	304	155	3	52	954	54	351	3.45e-81	254	Q79FN7	Q79FN7.1
group_797	sp|P64864.1|	RecName: Full=Uncharacterized protein Mb1547 [Mycobacterium tuberculosis variant bovis AF2122/97]	34.389	221	135	5	28	684	1	213	1.33e-32	126	P64864	P64864.1
group_801	sp|O34437.1|	RecName: Full=Putative ribonuclease-like protein YfkH [Bacillus subtilis subsp. subtilis str. 168]	36.239	218	135	2	220	870	61	275	1.29e-37	138	O34437	O34437.1
group_804	sp|Q65CJ7.2|	RecName: Full=Hydroxyphenylpyruvate reductase; Short=HPPR [Coleus scutellarioides]	41.135	282	161	3	94	930	33	312	9.59e-53	178	Q65CJ7	Q65CJ7.2
group_805	sp|A9VQW6.1|	RecName: Full=Septu protein PtuB; AltName: Full=Putative nuclease PtuB [Bacillus mycoides KBAB4]	31.915	235	98	11	148	783	42	237	7.839999999999999e-23	99.4	A9VQW6	A9VQW6.1
group_806	sp|Q9HTH5.1|	RecName: Full=HTH-type transcriptional regulator CdhR; AltName: Full=Carnitine catabolism transcriptional activator [Pseudomonas aeruginosa PAO1]	31.148	305	206	3	22	936	9	309	1.5300000000000001e-27	112	Q9HTH5	Q9HTH5.1
group_809	sp|Q9L4K3.1|	RecName: Full=Uncharacterized protein ORF1; Flags: Precursor [Chromohalobacter israelensis DSM 3043]	50	130	64	1	73	462	25	153	1.0499999999999999e-41	145	Q9L4K3	Q9L4K3.1
group_81	sp|P77504.1|	RecName: Full=Uncharacterized ABC transporter permease YbbP [Escherichia coli K-12]	36.628	344	204	5	1387	2412	442	773	2.6799999999999998e-37	154	P77504	P77504.1
group_811	sp|Q52118.1|	RecName: Full=Uncharacterized protein in mobD 3'region [Pantoea stewartii subsp. stewartii]	30.137	146	97	1	460	897	68	208	3.35e-6	51.6	Q52118	Q52118.1
group_816	sp|Q9L4K3.1|	RecName: Full=Uncharacterized protein ORF1; Flags: Precursor [Chromohalobacter israelensis DSM 3043]	35.669	157	97	2	1	471	1	153	1.63e-26	105	Q9L4K3	Q9L4K3.1
group_817	sp|A0QNZ7.1|	RecName: Full=Monoacylglycerol lipase; Short=MGL [Mycolicibacterium smegmatis MC2 155]	30.137	292	166	9	43	903	18	276	8.19e-25	104	A0QNZ7	A0QNZ7.1
group_818	sp|Q55434.1|	RecName: Full=Phytochrome-like protein cph2; AltName: Full=Bacteriophytochrome cph2 [Synechocystis sp. PCC 6803 substr. Kazusa]	39.645	169	93	3	418	912	1095	1258	3.4e-32	130	Q55434	Q55434.1
group_819	sp|C3K059.1|	RecName: Full=tRNA uridine(34) hydroxylase; AltName: Full=tRNA hydroxylation protein O [Pseudomonas [fluorescens] SBW25]	98.083	313	6	0	1	939	1	313	0	645	C3K059	C3K059.1
group_82	sp|P23388.1|	RecName: Full=Multiphosphoryl transfer protein; Short=MTP; AltName: Full=Triphosphoryl transfer protein; Short=TTP; Includes: RecName: Full=Phosphoenolpyruvate-protein phosphotransferase; AltName: Full=Phosphotransferase system enzyme I; Includes: RecName: Full=Phosphocarrier protein HPr; Short=Protein H; Includes: RecName: Full=PTS system fructose-specific EIIA component; AltName: Full=EIII-Fru; AltName: Full=Fructose-specific phosphotransferase enzyme IIA component [Rhodobacter capsulatus]	41.24	645	357	7	526	2409	162	801	3.7099999999999994e-118	380	P23388	P23388.1
group_823	sp|Q4VFY5.1|	RecName: Full=Ornithine lipid ester-linked acyl 2-hydroxylase; AltName: Full=Ornithine lipid synthesis protein OlsC [Rhizobium tropici]	34.27	178	107	3	178	693	62	235	1.93e-23	100	Q4VFY5	Q4VFY5.1
group_827	sp|P76091.1|	RecName: Full=Putative phosphatidate cytidylyltransferase YnbB; AltName: Full=CDP-diacylglycerol synthase; Short=CDP-DAG synthase; Short=CDP-DG synthase; Short=CDS [Escherichia coli K-12]	39.597	298	163	7	40	921	11	295	1.12e-51	175	P76091	P76091.1
group_828	sp|P64854.1|	RecName: Full=Uncharacterized protein Mb1516 [Mycobacterium tuberculosis variant bovis AF2122/97]	35.345	116	75	0	106	453	44	159	1.8e-11	67.4	P64854	P64854.1
group_829	sp|Q5UQ70.1|	RecName: Full=Putative deoxynucleotide monophosphate kinase; Short=DNK; Short=dNMP kinase [Acanthamoeba polyphaga mimivirus]	40.741	81	46	2	10	246	3	83	2.5e-9	59.3	Q5UQ70	Q5UQ70.1
group_831	sp|O29470.1|	RecName: Full=Uncharacterized transporter AF_0788 [Archaeoglobus fulgidus DSM 4304]	34.146	164	97	3	46	537	43	195	4.2e-18	86.3	O29470	O29470.1
group_832	sp|P75989.1|	RecName: Full=HTH-type transcriptional repressor BluR [Escherichia coli K-12]	46.809	94	47	2	58	339	2	92	3.5e-20	90.9	P75989	P75989.1
group_835	sp|P0DX70.1|	RecName: Full=DNA-binding transcriptional repressor CapW; AltName: Full=CBASS-associated protein with WYL domain; Short=CapW [Escherichia coli KTE188]	32.028	281	173	7	52	861	23	296	8.6e-32	123	P0DX70	P0DX70.1
group_839	sp|O13842.1|	RecName: Full=Putative polysaccharide deacetylase; AltName: Full=Chitin deacetylase 1 [Schizosaccharomyces pombe 972h-]	43.949	314	159	6	19	909	5	318	5.9499999999999995e-87	266	O13842	O13842.1
group_840	sp|Q73RG3.1|	RecName: Full=Diguanylate cyclase A; Short=DGC [Treponema denticola ATCC 35405]	48.462	130	66	1	535	921	235	364	1.2699999999999998e-32	127	Q73RG3	Q73RG3.1
group_841	sp|P0AEM9.1|	RecName: Full=L-cystine-binding protein TcyJ; Short=CBP; AltName: Full=Protein FliY; AltName: Full=Sulfate starvation-induced protein 7; Short=SSI7; Flags: Precursor [Escherichia coli K-12]	31.579	171	105	6	160	669	36	195	8.49e-13	70.5	P0AEM9	P0AEM9.1
group_843	sp|G9AIU0.1|	RecName: Full=Aliphatic nitrilase; AltName: Full=NitSf [Sinorhizobium fredii HH103]	52.667	300	137	3	19	909	7	304	8.68e-109	321	G9AIU0	G9AIU0.1
group_846	sp|A6XIG6.1|	RecName: Full=4-sulfomuconolactone hydrolase; AltName: Full=4-carboxymethylen-4-sulfo-but-2-en-olide hydrolases [Hydrogenophaga intermedia]	37.011	281	168	4	58	885	21	297	3.789999999999999e-55	184	A6XIG6	A6XIG6.1
group_847	sp|P25266.1|	RecName: Full=Type II methylase M.HgiEI; Short=M.HgiEI; AltName: Full=Cytosine-specific methyltransferase HgiEI; AltName: Full=Modification methylase HgiEI [Herpetosiphon aurantiacus]	30.814	172	107	6	13	510	7	172	1.1e-11	68.6	P25266	P25266.1
group_849	sp|P28606.2|	RecName: Full=Uncharacterized protein SYNPCC7002_A1628 [Picosynechococcus sp. PCC 7002]	49	300	153	0	1	900	1	300	1.3100000000000002e-97	292	P28606	P28606.2
group_850	sp|P26403.1|	RecName: Full=O-antigen chain rhamnosyltransferase RfbN; AltName: Full=dTDP-Rha:alpha-D-Gal-diphosphoundecaprenol alpha-1,3-rhamnosyltransferase [Salmonella enterica subsp. enterica serovar Typhimurium str. LT2]	44.444	306	166	4	1	912	1	304	1.0499999999999999e-82	255	P26403	P26403.1
group_852	sp|Q9BXI3.1|	RecName: Full=Cytosolic 5'-nucleotidase 1A; Short=cN1A; AltName: Full=5'-deoxynucleotidase; AltName: Full=Cytosolic 5'-nucleotidase IA; Short=cN-I; Short=cN-IA [Homo sapiens]	46.053	304	151	5	19	891	50	353	1.4100000000000001e-73	233	Q9BXI3	Q9BXI3.1
group_853	sp|O31443.1|	RecName: Full=Putative HTH-type DNA-binding domain-containing acetyltransferase YbfA [Bacillus subtilis subsp. subtilis str. 168]	37.209	301	174	5	34	915	12	304	1.1599999999999999e-56	188	O31443	O31443.1
group_856	sp|Q93C64.1|	RecName: Full=Tyrosine recombinase XerD [Lacticaseibacillus casei]	33.061	245	139	9	154	861	46	274	3.04e-20	91.7	Q93C64	Q93C64.1
group_857	sp|P97852.3|	RecName: Full=Peroxisomal multifunctional enzyme type 2; Short=MFE-2; AltName: Full=17-beta-hydroxysteroid dehydrogenase 4; Short=17-beta-HSD 4; AltName: Full=D-bifunctional protein; Short=DBP; AltName: Full=Multifunctional protein 2; Short=MFP-2; Contains: RecName: Full=(3R)-hydroxyacyl-CoA dehydrogenase; Contains: RecName: Full=Enoyl-CoA hydratase 2; AltName: Full=3-alpha,7-alpha,12-alpha-trihydroxy-5-beta-cholest-24-enoyl-CoA hydratase [Rattus norvegicus]	57.285	302	128	1	1	903	1	302	6.939999999999999e-107	330	P97852	P97852.3
group_858	sp|Q4VFY5.1|	RecName: Full=Ornithine lipid ester-linked acyl 2-hydroxylase; AltName: Full=Ornithine lipid synthesis protein OlsC [Rhizobium tropici]	34.01	197	122	6	151	729	55	247	2.2299999999999998e-23	100	Q4VFY5	Q4VFY5.1
group_859	sp|B1J9C7.1|	RecName: Full=Probable 5-dehydro-4-deoxyglucarate dehydratase; AltName: Full=5-keto-4-deoxy-glucarate dehydratase; Short=KDGDH [Pseudomonas putida W619]	94.719	303	16	0	1	909	1	303	0	536	B1J9C7	B1J9C7.1
group_861	sp|P24202.1|	RecName: Full=Type IV methyl-directed restriction enzyme EcoKMrr; Short=EcoKMrr; AltName: Full=Mrr restriction system protein [Escherichia coli K-12]	36.741	313	175	8	1	900	1	303	9.69e-51	172	P24202	P24202.1
group_864	sp|P75836.1|	RecName: Full=Uncharacterized HTH-type transcriptional regulator YcaN [Escherichia coli K-12]	40.476	294	172	1	13	894	2	292	4.24e-65	209	P75836	P75836.1
group_866	sp|P21417.1|	RecName: Full=Uncharacterized 22.8 kDa protein in gp15-gp3 intergenic region; AltName: Full=ORF201 [Lederbergvirus P22]	40.157	127	73	1	67	438	22	148	6.36e-22	94.4	P21417	P21417.1
group_869	sp|Q8RXP6.1|	RecName: Full=Alpha/beta hydrolase domain-containing protein WAV2; AltName: Full=Protein WAVY GROWTH 2 [Arabidopsis thaliana]	30.315	254	144	8	73	771	37	278	3.94e-20	91.7	Q8RXP6	Q8RXP6.1
group_87	sp|Q8EJM6.1|	RecName: Full=Cyclic di-GMP phosphodiesterase PdeB; AltName: Full=Phosphodiesterase biofilm protein [Shewanella oneidensis MR-1]	36.086	557	331	9	727	2382	303	839	2.54e-100	333	Q8EJM6	Q8EJM6.1
group_874	sp|P0DXZ3.1|	RecName: Full=HTH-type transcriptional regulator DgcR [Pseudoalteromonas sp.]	36.585	287	180	1	1	861	1	285	1.31e-44	156	P0DXZ3	P0DXZ3.1
group_878	sp|B8A8C9.1|	RecName: Full=Phospholipase A1-II 5 [Oryza sativa Indica Group]	30.909	165	75	5	229	621	125	284	5.34e-6	51.2	B8A8C9	B8A8C9.1
group_880	sp|O53664.1|	RecName: Full=3-hydroxyacyl-thioester dehydratase X; AltName: Full=3-hydroxybutyryl-CoA dehydratase; AltName: Full=Enoyl-CoA hydratase 2 [Mycobacterium tuberculosis H37Rv]	30.385	260	168	5	106	864	27	280	1.64e-27	111	O53664	O53664.1
group_882	sp|P52689.1|	RecName: Full=Probable HTH-type transcriptional regulator LtrA [Klebsiella pneumoniae]	32.99	291	193	2	16	888	9	297	4.74e-38	139	P52689	P52689.1
group_885	sp|P96668.1|	RecName: Full=Uncharacterized transporter YdeK [Bacillus subtilis subsp. subtilis str. 168]	42.586	263	151	0	7	795	2	264	8.710000000000001e-50	169	P96668	P96668.1
group_886	sp|P77775.1|	RecName: Full=Epimerase family protein YfcH [Escherichia coli K-12]	46.316	285	147	4	40	885	14	295	3.21e-65	209	P77775	P77775.1
group_889	sp|A0A0H2ZIC3.1|	RecName: Full=HTH-type transcriptional regulator GbdR; AltName: Full=Glycine betaine/dimethylglycine responsive regulator [Pseudomonas aeruginosa UCBPP-PA14]	40.741	297	176	0	1	891	28	324	8.320000000000001e-59	195	A0A0H2ZIC3	A0A0H2ZIC3.1
group_89	sp|P75867.1|	RecName: Full=Putative Lon protease homolog; AltName: Full=ATP-dependent protease La homolog [Escherichia coli K-12]	37.317	410	246	7	1051	2271	141	542	7.789999999999999e-74	255	P75867	P75867.1
group_891	sp|Q9I6Z9.1|	RecName: Full=HTH-type transcriptional activator BauR [Pseudomonas aeruginosa PAO1]	36.749	283	176	2	19	858	16	298	2.2099999999999997e-54	182	Q9I6Z9	Q9I6Z9.1
group_892	sp|P13799.2|	RecName: Full=Signal transduction histidine-protein kinase/phosphatase DegS [Bacillus subtilis subsp. subtilis str. 168]	33.482	224	131	7	217	849	166	384	7.310000000000001e-27	111	P13799	P13799.2
group_894	sp|P37641.2|	RecName: Full=Uncharacterized HTH-type transcriptional regulator YhjC [Escherichia coli K-12]	35.786	299	170	3	1	864	1	288	1.6699999999999999e-52	177	P37641	P37641.2
group_895	sp|P0A9F6.1|	RecName: Full=Glycine cleavage system transcriptional activator; AltName: Full=Gcv operon activator [Escherichia coli K-12]	34.932	292	182	4	4	864	1	289	1.29e-53	179	P0A9F6	P0A9F6.1
group_896	sp|Q12177.1|	RecName: Full=Uncharacterized protein YLL056C [Saccharomyces cerevisiae S288C]	30.844	308	182	10	1	879	1	292	2.7e-30	119	Q12177	Q12177.1
group_897	sp|Q98E66.1|	RecName: Full=Voltage-dependent anion channel-forming protein mll4386 [Mesorhizobium japonicum MAFF 303099]	40.94	298	169	3	1	879	9	304	5.55e-77	239	Q98E66	Q98E66.1
group_902	sp|Q09709.1|	RecName: Full=Pseudouridylate synthase C18B11.02c [Schizosaccharomyces pombe 972h-]	31.361	169	113	3	265	765	107	274	1.73e-15	79.3	Q09709	Q09709.1
group_903	sp|P28493.1|	RecName: Full=Pathogenesis-related protein 5; Short=PR-5; Flags: Precursor [Arabidopsis thaliana]	30.263	152	77	6	373	744	25	175	2.76e-8	57	P28493	P28493.1
group_904	sp|P96668.1|	RecName: Full=Uncharacterized transporter YdeK [Bacillus subtilis subsp. subtilis str. 168]	68.99	287	89	0	28	888	1	287	2.6399999999999995e-106	313	P96668	P96668.1
group_906	sp|P64429.1|	RecName: Full=Uncharacterized protein YpfJ [Escherichia coli K-12]	50.345	290	137	4	1	870	1	283	6.23e-77	239	P64429	P64429.1
group_907	sp|Q9UYV8.1|	RecName: Full=Nitrilase; AltName: Full=PaNit [Pyrococcus abyssi GE5]	38.462	273	153	5	25	843	3	260	3.8399999999999996e-60	195	Q9UYV8	Q9UYV8.1
group_908	sp|Q7DFU6.4|	PUTATIVE PSEUDOGENE: RecName: Full=Putative hydrolase fragment YghX [Escherichia coli K-12]	83.505	97	16	0	178	468	19	115	2.88e-53	172	Q7DFU6	Q7DFU6.4
group_91	sp|P85502.2|	RecName: Full=Structural protein 2; AltName: Full=ORF23 protein [Pseudomonas phage PAJU2]	41.176	136	74	4	31	423	9	143	1.24e-18	94.4	P85502	P85502.2
group_911	sp|Q9JMR6.1|	RecName: Full=Uncharacterized protein YuaY [Escherichia coli K-12]	38.411	151	78	3	418	846	144	287	1.39e-27	111	Q9JMR6	Q9JMR6.1
group_914	sp|Q58778.1|	RecName: Full=Uncharacterized protein MJ1383; Flags: Precursor [Methanocaldococcus jannaschii DSM 2661]	31.25	256	168	6	13	771	2	252	2.32e-26	107	Q58778	Q58778.1
group_915	sp|Q97FE0.1|	RecName: Full=Probable manganese catalase [Clostridium acetobutylicum ATCC 824]	41.364	220	111	5	1	654	1	204	6.579999999999999e-42	147	Q97FE0	Q97FE0.1
group_92	sp|P33410.1|	RecName: Full=Outer membrane usher protein FimC; Flags: Precursor [Bordetella pertussis Tohama I]	31.655	139	90	3	1981	2388	702	838	1.24e-9	65.9	P33410	P33410.1
group_923	sp|P44299.1|	RecName: Full=5-oxoprolinase subunit B; Short=5-OPase subunit B; AltName: Full=5-oxoprolinase (ATP-hydrolyzing) subunit B [Haemophilus influenzae Rd KW20]	30.464	151	79	5	274	726	82	206	1.07e-7	54.7	P44299	P44299.1
group_925	sp|Q8NQU3.1|	RecName: Full=Arginine transport system permease protein ArgU [Corynebacterium glutamicum ATCC 13032]	42.857	238	133	3	163	870	49	285	1.2799999999999998e-55	185	Q8NQU3	Q8NQU3.1
group_926	sp|A1B2F3.1|	RecName: Full=High-affinity zinc uptake system protein AztC; Flags: Precursor [Paracoccus denitrificans PD1222]	45.357	280	136	4	49	843	21	298	7.38e-69	219	A1B2F3	A1B2F3.1
group_928	sp|P76146.2|	RecName: Full=Voltage-dependent anion channel-forming protein YneE [Escherichia coli K-12]	31.538	260	171	2	94	867	35	289	5.79e-41	147	P76146	P76146.2
group_93	sp|P27380.3|	RecName: Full=Transglycosylase; AltName: Full=Protein P7 [Enterobacteria phage PRD1]	55.263	114	49	2	7	345	6	118	1.59e-27	115	P27380	P27380.3
group_930	sp|Q9WVK3.1|	RecName: Full=Peroxisomal trans-2-enoyl-CoA reductase; Short=TERP; AltName: Full=PX-2,4-DCR1; AltName: Full=Peroxisomal 2,4-dienoyl-CoA reductase; AltName: Full=RLF98 [Rattus norvegicus]	41.045	268	152	3	10	795	8	275	2.04e-65	209	Q9WVK3	Q9WVK3.1
group_931	sp|Q1GNW5.1|	RecName: Full=Ectoine dioxygenase; AltName: Full=Ectoine hydroxylase [Sphingopyxis alaskensis RB2256]	31.835	267	140	11	4	732	33	281	4.75e-15	77.4	Q1GNW5	Q1GNW5.1
group_936	sp|C3KBB4.1|	RecName: Full=Oxaloacetate decarboxylase [Pseudomonas [fluorescens] SBW25]	92.042	289	23	0	1	867	1	289	0	546	C3KBB4	C3KBB4.1
group_939	sp|P0DQV9.1|	RecName: Full=B-type lectin plumieribetin [Scorpaena plumieri]	41.053	95	47	4	475	744	14	104	1.66e-10	60.5	P0DQV9	P0DQV9.1
group_94	sp|P40330.2|	RecName: Full=Virulence sensor protein BvgS; Flags: Precursor [Bordetella parapertussis 12822]	33.966	527	295	14	892	2352	709	1222	1.78e-51	198	P40330	P40330.2
group_940	sp|O83112.1|	RecName: Full=Uncharacterized protein TP_0073 [Treponema pallidum subsp. pallidum str. Nichols]	32.143	196	129	3	55	639	254	446	8.23e-20	92.4	O83112	O83112.1
group_942	sp|Q10480.2|	RecName: Full=Nuclease 1, mitochondrial; AltName: Full=SpNUC1; Flags: Precursor [Schizosaccharomyces pombe 972h-]	30.189	212	121	8	277	840	81	289	1.74e-16	81.6	Q10480	Q10480.2
group_944	sp|P82597.3|	RecName: Full=Thermostable monoacylglycerol lipase; Short=MGLP; Short=bMGL [Bacillus sp. H-257]	30.827	266	157	6	31	825	10	249	1.37e-31	120	P82597	P82597.3
group_945	sp|Q9I163.1|	RecName: Full=Putative quercetin 2,3-dioxygenase PA2418; Short=Putative quercetinase; AltName: Full=Pirin-like protein PA2418 [Pseudomonas aeruginosa PAO1]	64.664	283	99	1	1	849	1	282	5.4e-137	391	Q9I163	Q9I163.1
group_947	sp|P44726.1|	RecName: Full=Probable endoribonuclease YicC [Haemophilus influenzae Rd KW20]	47.917	288	148	2	1	861	1	287	2.58e-86	262	P44726	P44726.1
group_949	sp|Q3JRV4.1|	RecName: Full=Probable metallo-hydrolase BURPS1710b_2304 [Burkholderia pseudomallei 1710b]	55.137	292	122	1	13	861	3	294	3.46e-113	331	Q3JRV4	Q3JRV4.1
group_95	sp|P77302.2|	RecName: Full=Diguanylate cyclase DgcM; Short=DGC [Escherichia coli K-12]	38.265	196	120	1	1780	2367	215	409	8.66e-28	120	P77302	P77302.2
group_950	sp|Q9I4L5.1|	RecName: Full=Diguanylate cyclase TpbB; Short=DGC [Pseudomonas aeruginosa PAO1]	44.516	155	86	0	382	846	249	403	8.559999999999999e-31	122	Q9I4L5	Q9I4L5.1
group_951	sp|P0DOV6.1|	RecName: Full=6-deoxy-6-sulfogluconolactonase; AltName: Full=6-deoxy-6-sulfogluconolactone lactonase; Short=SGL lactonase [Pseudomonas putida]	35.452	299	169	7	1	861	5	291	4.65e-41	146	P0DOV6	P0DOV6.1
group_955	sp|P37348.4|	RecName: Full=UPF0759 protein YecE [Escherichia coli K-12]	42.264	265	143	3	16	804	3	259	7.47e-59	192	P37348	P37348.4
group_959	sp|P76062.1|	RecName: Full=DNA-binding transcriptional repressor RacR; AltName: Full=Prophage repressor RacR; AltName: Full=Rac prophage repressor [Escherichia coli K-12]	42.478	113	56	4	1	324	1	109	3.83e-16	77.4	P76062	P76062.1
group_96	sp|Q73E41.1|	RecName: Full=Calcium-transporting ATPase 1; AltName: Full=BACCA1 [Bacillus cereus ATCC 10987]	34.43	790	463	16	4	2259	83	855	5.689999999999999e-112	364	Q73E41	Q73E41.1
group_961	sp|P44189.1|	RecName: Full=Uncharacterized protein HI_1418 [Haemophilus influenzae Rd KW20]	47.059	102	52	1	97	396	23	124	3.99e-23	97.1	P44189	P44189.1
group_962	sp|Q48269.2|	RecName: Full=CDP-diacylglycerol--serine O-phosphatidyltransferase; AltName: Full=Phosphatidylserine synthase [Helicobacter pylori 26695]	42.647	136	64	1	118	525	6	127	7.94e-26	105	Q48269	Q48269.2
group_963	sp|P30864.1|	RecName: Full=Uncharacterized HTH-type transcriptional regulator YafC [Escherichia coli K-12]	33.692	279	180	2	28	849	11	289	2.2799999999999998e-40	145	P30864	P30864.1
group_968	sp|P46922.1|	RecName: Full=Glycine betaine-binding protein OpuAC; Flags: Precursor [Bacillus subtilis subsp. subtilis str. 168]	47.552	143	73	2	415	840	39	180	4.01e-43	152	P46922	P46922.1
group_969	sp|O31398.1|	RecName: Full=Uncharacterized protein YkwD; Flags: Precursor [Bacillus subtilis subsp. subtilis str. 168]	33.588	131	73	2	448	840	138	254	2.34e-17	82.8	O31398	O31398.1
group_97	sp|P26700.2|	RecName: Full=Probable tail fiber protein; AltName: Full=GpH [Bacteriophage P2]	33.166	199	121	3	76	660	28	218	5.1199999999999995e-24	111	P26700	P26700.2
group_971	sp|Q10082.1|	RecName: Full=Uncharacterized protein C11D3.03c [Schizosaccharomyces pombe 972h-]	56.204	274	110	4	22	822	27	297	2.57e-103	306	Q10082	Q10082.1
group_976	sp|A5VEM2.1|	RecName: Full=UPF0276 protein Swit_4400 [Rhizorhabdus wittichii RW1]	50	280	132	5	1	834	4	277	7.539999999999999e-92	276	A5VEM2	A5VEM2.1
group_977	sp|Q9I6G4.1|	RecName: Full=Calcium-regulated beta-propeller protein CarP; AltName: Full=Calcium-regulated protein CarP; AltName: Full=Protein CarP; Flags: Precursor [Pseudomonas aeruginosa PAO1]	61.62	284	103	3	7	843	39	321	9.54e-123	356	Q9I6G4	Q9I6G4.1
group_978	sp|Q746H2.1|	RecName: Full=Probable plasmid-partitioning protein ParB [Thermus thermophilus HB27]	35.294	102	57	3	4	288	23	122	2.12e-8	57.8	Q746H2	Q746H2.1
group_983	sp|P26495.1|	RecName: Full=Poly(3-hydroxyalkanoate) depolymerase; Short=PHA depolymerase; AltName: Full=ORF2; AltName: Full=PHB depolymerase [Ectopseudomonas oleovorans]	36.777	242	114	5	100	765	48	270	1.3199999999999998e-32	124	P26495	P26495.1
group_984	sp|P51717.1|	RecName: Full=Probable portal protein; AltName: Full=ORF15 [Haemophilus phage HP1c1]	39.231	260	152	2	13	774	64	323	2.5899999999999998e-61	200	P51717	P51717.1
group_987	sp|P26093.2|	RecName: Full=Lipoprotein E; AltName: Full=Outer membrane protein P4; Short=OMP P4; Flags: Precursor [Haemophilus influenzae Rd KW20]	32	175	96	4	253	750	84	244	6.14e-18	84.7	P26093	P26093.2
group_990	sp|A0A385XJE6.2|	RecName: Full=Transposase InsH for insertion sequence element IS5U [Escherichia coli K-12]	49.091	275	134	3	7	813	4	278	1.11e-87	267	A0A385XJE6	A0A385XJE6.2
group_999	sp|P55603.1|	RecName: Full=Probable ABC transporter permease protein y4oR [Sinorhizobium fredii NGR234]	35.606	264	164	4	46	828	17	277	9.8e-50	168	P55603	P55603.1
grpE	sp|C3K276.1|	RecName: Full=Protein GrpE; AltName: Full=HSP-70 cofactor [Pseudomonas [fluorescens] SBW25]	97.312	186	5	0	1	558	1	186	3.97e-117	332	C3K276	C3K276.1
grsB	sp|P9WER8.1|	RecName: Full=Malpinin synthetase; AltName: Full=Nonribosomal peptide synthetase 3 [Mortierella alpina]	44.819	4121	2083	56	925	12882	178	4242	0	3152	P9WER8	P9WER8.1
grxC	sp|Q9HU55.1|	RecName: Full=Glutaredoxin [Pseudomonas aeruginosa PAO1]	69.512	82	25	0	1	246	1	82	7.25e-40	129	Q9HU55	Q9HU55.1
grxD	sp|P0AC69.1|	RecName: Full=Glutaredoxin 4; Short=Grx4; AltName: Full=Monothiol glutaredoxin [Escherichia coli K-12]	72.449	98	27	0	10	303	5	102	1.02e-49	156	P0AC69	P0AC69.1
gshA	sp|Q3KJQ5.1|	RecName: Full=Glutamate--cysteine ligase; AltName: Full=Gamma-ECS; Short=GCS; AltName: Full=Gamma-glutamylcysteine synthetase [Pseudomonas fluorescens Pf0-1]	90.998	511	46	0	49	1581	22	532	0	936	Q3KJQ5	Q3KJQ5.1
gshAB	sp|O86109.1|	RecName: Full=Cyanophycin synthetase; AltName: Full=Cyanophycin synthase [Trichormus variabilis ATCC 29413]	32.716	324	200	7	811	1734	161	482	3.48e-34	142	O86109	O86109.1
gshB	sp|Q88D35.1|	RecName: Full=Glutathione synthetase; AltName: Full=GSH synthetase; Short=GSH-S; Short=GSHase; AltName: Full=Glutathione synthase [Pseudomonas putida KT2440]	86.751	317	42	0	1	951	1	317	0	576	Q88D35	Q88D35.1
gsiA	sp|Q32IB5.2|	RecName: Full=Glutathione import ATP-binding protein GsiA [Shigella dysenteriae Sd197]	43.501	577	277	9	16	1620	12	581	1.95e-137	414	Q32IB5	Q32IB5.2
gsiB	sp|Q8ZQM3.1|	RecName: Full=Glutathione-binding protein GsiB; Flags: Precursor [Salmonella enterica subsp. enterica serovar Typhimurium str. LT2]	30.408	490	321	12	76	1503	26	509	9.33e-48	176	Q8ZQM3	Q8ZQM3.1
gsiC	sp|Q8FJK9.1|	RecName: Full=Glutathione transport system permease protein GsiC [Escherichia coli CFT073]	36.559	279	172	1	19	855	3	276	3.76e-52	176	Q8FJK9	Q8FJK9.1
gsiD	sp|P51000.1|	RecName: Full=Dipeptide transport system permease protein DppC [Haemophilus influenzae Rd KW20]	41.573	178	102	2	88	615	45	222	5.459999999999999e-31	120	P51000	P51000.1
gst	sp|P44521.1|	RecName: Full=Glutathione S-transferase [Haemophilus influenzae Rd KW20]	32.558	215	127	8	1	615	1	207	1.44e-22	93.6	P44521	P44521.1
gstB_1	sp|Q9P6M1.3|	RecName: Full=Glutathione S-transferase 3; AltName: Full=GST-III [Schizosaccharomyces pombe 972h-]	34.884	215	122	4	1	600	1	212	7.37e-36	129	Q9P6M1	Q9P6M1.3
gstB_2	sp|P0ACA7.1|	RecName: Full=Glutathione S-transferase GstB [Escherichia coli K-12]	36.275	204	127	2	13	618	2	204	4.11e-29	110	P0ACA7	P0ACA7.1
gstB_3	sp|P15214.2|	RecName: Full=Glutathione S-transferase GST-6.0; AltName: Full=GST B1-1 [Proteus mirabilis]	44.724	199	110	0	1	597	1	199	2.0899999999999995e-55	177	P15214	P15214.2
gstB_4	sp|P0ACA7.1|	RecName: Full=Glutathione S-transferase GstB [Escherichia coli K-12]	43.541	209	113	3	1	615	1	208	1.23e-49	163	P0ACA7	P0ACA7.1
gtaB	sp|Q59633.1|	RecName: Full=UTP--glucose-1-phosphate uridylyltransferase; AltName: Full=Alpha-D-glucosyl-1-phosphate uridylyltransferase; AltName: Full=UDP-glucose pyrophosphorylase; Short=UDPGP; AltName: Full=Uridine diphosphoglucose pyrophosphorylase [Pseudomonas aeruginosa]	98.208	279	5	0	1	837	1	279	0	556	Q59633	Q59633.1
guaA	sp|C3K1K0.1|	RecName: Full=GMP synthase [glutamine-hydrolyzing]; AltName: Full=GMP synthetase; AltName: Full=Glutamine amidotransferase [Pseudomonas [fluorescens] SBW25]	98.286	525	9	0	1	1575	1	525	0	1063	C3K1K0	C3K1K0.1
guaB	sp|P31002.1|	RecName: Full=Inosine-5'-monophosphate dehydrogenase; Short=IMP dehydrogenase; Short=IMPD; Short=IMPDH [Acinetobacter calcoaceticus]	72.597	489	133	1	1	1467	1	488	0	649	P31002	P31002.1
guaD_1	sp|P76641.1|	RecName: Full=Guanine deaminase; Short=Guanase; Short=Guanine aminase; AltName: Full=Guanine aminohydrolase; Short=GAH [Escherichia coli K-12]	56.452	434	184	2	10	1302	7	438	1.11e-171	491	P76641	P76641.1
guaD_2	sp|O34598.1|	RecName: Full=Guanine deaminase; Short=GDEase; Short=Guanase; Short=Guanine aminase; AltName: Full=Guanine aminohydrolase; Short=GAH [Bacillus subtilis subsp. subtilis str. 168]	36.806	144	89	2	22	447	7	150	2.22e-28	105	O34598	O34598.1
gudD	sp|P42206.1|	RecName: Full=Glucarate dehydratase; Short=GDH; Short=GlucD [Pseudomonas putida]	80.182	439	87	0	16	1332	13	451	0	731	P42206	P42206.1
gudP	sp|P42237.2|	RecName: Full=Probable galactarate/D-glucarate transporter GudP [Bacillus subtilis subsp. subtilis str. 168]	67.489	446	139	3	7	1332	11	454	0	620	P42237	P42237.2
gutB	sp|O34788.1|	RecName: Full=(R,R)-butanediol dehydrogenase; AltName: Full=Acetoin reductase/2,3-butanediol dehydrogenase; Short=AR/BDH [Bacillus subtilis subsp. subtilis str. 168]	43.143	350	191	4	1	1038	1	346	1.36e-76	242	O34788	O34788.1
gyrA	sp|P48372.1|	RecName: Full=DNA gyrase subunit A [Pseudomonas aeruginosa PAO1]	81.136	880	123	1	1	2511	1	880	0	1398	P48372	P48372.1
gyrB	sp|P13364.2|	RecName: Full=DNA gyrase subunit B [Pseudomonas putida]	89.454	806	84	1	1	2415	1	806	0	1419	P13364	P13364.2
hcaB_1	sp|P0DX40.1|	RecName: Full=CLA biosynthesis dehydrogenase/reductase; Short=CLA-DH [Lactiplantibacillus plantarum]	32.143	252	150	7	13	708	9	259	8.209999999999999e-32	122	P0DX40	P0DX40.1
hcaB_2	sp|P9WGR4.1|	RecName: Full=Uncharacterized oxidoreductase MT0502 [Mycobacterium tuberculosis CDC1551]	34.444	180	115	1	10	540	7	186	1.75e-19	87.4	P9WGR4	P9WGR4.1
hcaB_3	sp|I6Y778.1|	RecName: Full=3-oxoacyl-[acyl-carrier-protein] reductase [NADH]; AltName: Full=Beta-ketoacyl CoA reductase; AltName: Full=FASII-like 3-oxoacyl-thioester reductase; AltName: Full=HMwFabG [Mycobacterium tuberculosis H37Rv]	48.559	451	224	4	4	1341	7	454	1.7799999999999999e-121	364	I6Y778	I6Y778.1
hcaR_1	sp|O33945.1|	RecName: Full=Probable cat1 operon transcriptional activator; AltName: Full=ORFR1 [Acinetobacter lwoffii]	40	175	103	2	1	525	1	173	2.86e-28	113	O33945	O33945.1
hcaR_2	sp|P16931.3|	RecName: Full=HTH-type transcriptional regulator DgdR; AltName: Full=2,2-dialkylglycine decarboxylase repressor [Burkholderia cepacia]	33.735	249	165	0	13	759	14	262	8.69e-36	133	P16931	P16931.3
hcaR_3	sp|Q04778.1|	RecName: Full=HTH-type transcriptional regulator AlsR; AltName: Full=Als operon regulatory protein [Bacillus subtilis subsp. subtilis str. 168]	33.798	287	187	2	4	864	1	284	7.77e-39	141	Q04778	Q04778.1
hcf136	sp|Q7V4Q3.1|	RecName: Full=Photosystem II assembly lipoprotein Ycf48; Flags: Precursor [Prochlorococcus marinus str. MIT 9313]	33.333	138	88	3	397	804	38	173	1.4e-12	71.2	Q7V4Q3	Q7V4Q3.1
hcnB	sp|P72300.1|	RecName: Full=Opine oxidase subunit A; AltName: Full=Octopine oxidase subunit A [Sinorhizobium meliloti]	35.886	457	265	10	10	1317	18	467	6.249999999999999e-55	194	P72300	P72300.1
hcp1_1	sp|Q9I747.1|	RecName: Full=Protein hcp1 [Pseudomonas aeruginosa PAO1]	75.776	161	39	0	1	483	1	161	8.39e-75	223	Q9I747	Q9I747.1
hcp1_2	sp|Q9I747.1|	RecName: Full=Protein hcp1 [Pseudomonas aeruginosa PAO1]	68.519	162	51	0	1	486	1	162	4.42e-66	201	Q9I747	Q9I747.1
hcpA_1	sp|Q9HI36.1|	RecName: Full=Major exported protein; AltName: Full=Secreted protein hcp [Pseudomonas aeruginosa PAO1]	44.379	169	85	1	1	480	1	169	2.24e-51	164	Q9HI36	Q9HI36.1
hcpA_2	sp|Q9HI36.1|	RecName: Full=Major exported protein; AltName: Full=Secreted protein hcp [Pseudomonas aeruginosa PAO1]	32.53	166	103	2	1	471	1	166	4.880000000000001e-27	102	Q9HI36	Q9HI36.1
hcpA_3~~~hcpA_2	sp|Q9HI36.1|	RecName: Full=Major exported protein; AltName: Full=Secreted protein hcp [Pseudomonas aeruginosa PAO1]	76.744	172	39	1	1	513	1	172	5.429999999999999e-99	285	Q9HI36	Q9HI36.1
hcr	sp|A0A0H2ZJB2.1|	RecName: Full=Glycine betaine monooxygenase reductase subunit; AltName: Full=Glycine betaine catabolism B [Pseudomonas aeruginosa UCBPP-PA14]	85.792	366	52	0	1	1098	1	366	0	600	A0A0H2ZJB2	A0A0H2ZJB2.1
hda	sp|A1JL00.1|	RecName: Full=DnaA regulatory inactivator Hda [Yersinia enterocolitica subsp. enterocolitica 8081]	46.983	232	119	2	7	699	10	238	2.44e-65	205	A1JL00	A1JL00.1
hdfR_10	sp|A0A0H2XAU1.1|	RecName: Full=HTH-type transcriptional regulator XC_2801 [Xanthomonas campestris pv. campestris str. 8004]	30.994	171	114	2	7	513	4	172	5.46e-9	59.7	A0A0H2XAU1	A0A0H2XAU1.1
hdfR_11	sp|Q9X725.1|	RecName: Full=Hydrogen peroxide-inducible genes activator [Dickeya chrysanthemi]	32.743	226	137	6	1	642	1	223	2.43e-20	92	Q9X725	Q9X725.1
hdfR_2	sp|P16931.3|	RecName: Full=HTH-type transcriptional regulator DgdR; AltName: Full=2,2-dialkylglycine decarboxylase repressor [Burkholderia cepacia]	38.043	276	167	2	43	861	13	287	2.2499999999999996e-52	176	P16931	P16931.3
hdfR_3	sp|P16931.3|	RecName: Full=HTH-type transcriptional regulator DgdR; AltName: Full=2,2-dialkylglycine decarboxylase repressor [Burkholderia cepacia]	31.707	164	104	6	46	525	4	163	4.6e-13	72	P16931	P16931.3
hdfR_4	sp|P0DUU5.1|	RecName: Full=HTH-type transcriptional regulator AceR [Acinetobacter baumannii ATCC 17978]	31.69	284	190	4	16	858	4	286	2.34e-33	127	P0DUU5	P0DUU5.1
hdfR_5	sp|Q04778.1|	RecName: Full=HTH-type transcriptional regulator AlsR; AltName: Full=Als operon regulatory protein [Bacillus subtilis subsp. subtilis str. 168]	33.456	272	178	1	52	858	1	272	4.68e-45	158	Q04778	Q04778.1
hdfR_7	sp|P52662.1|	RecName: Full=HTH-type transcriptional regulator PecT; AltName: Full=Pectinase gene transcriptional regulator [Dickeya dadantii 3937]	30.986	213	143	2	1	627	1	213	1.24e-15	79	P52662	P52662.1
hdfR_7~~~hdfR_6	sp|B7NF72.1|	RecName: Full=HTH-type transcriptional regulator HdfR; AltName: Full=H-NS-dependent flhDC regulator [Escherichia coli UMN026]	30.175	285	174	10	1	822	1	271	1.9899999999999999e-25	105	B7NF72	B7NF72.1
hemA	sp|C3KDC5.1|	RecName: Full=Glutamyl-tRNA reductase; Short=GluTR [Pseudomonas [fluorescens] SBW25]	97.669	429	10	0	1	1287	1	429	0	811	C3KDC5	C3KDC5.1
hemB_1	sp|Q59643.1|	RecName: Full=Delta-aminolevulinic acid dehydratase; Short=ALAD; Short=ALADH; AltName: Full=Porphobilinogen synthase [Pseudomonas aeruginosa PAO1]	85.846	325	46	0	1	975	1	325	0	513	Q59643	Q59643.1
hemB_2	sp|P0ACB2.2|	RecName: Full=Delta-aminolevulinic acid dehydratase; Short=ALAD; Short=ALADH; AltName: Full=Porphobilinogen synthase [Escherichia coli K-12]	76.667	300	70	0	61	960	19	318	1.8999999999999998e-162	458	P0ACB2	P0ACB2.2
hemC	sp|C3K424.1|	RecName: Full=Porphobilinogen deaminase; Short=PBG; AltName: Full=Hydroxymethylbilane synthase; Short=HMBS; AltName: Full=Pre-uroporphyrinogen synthase [Pseudomonas [fluorescens] SBW25]	96.166	313	12	0	1	939	1	313	0	563	C3K424	C3K424.1
hemD	sp|P48246.2|	RecName: Full=Uroporphyrinogen-III synthase; Short=UROS; AltName: Full=Hydroxymethylbilane hydrolyase [cyclizing]; AltName: Full=Uroporphyrinogen-III cosynthase [Pseudomonas aeruginosa PAO1]	62.869	237	85	1	1	702	1	237	4.7999999999999996e-60	192	P48246	P48246.2
hemE	sp|C3KBH3.1|	RecName: Full=Uroporphyrinogen decarboxylase; Short=UPD; Short=URO-D [Pseudomonas [fluorescens] SBW25]	98.592	355	5	0	1	1065	1	355	0	702	C3KBH3	C3KBH3.1
hemF	sp|C3K4I0.1|	RecName: Full=Oxygen-dependent coproporphyrinogen-III oxidase; Short=CPO; Short=Coprogen oxidase; Short=Coproporphyrinogenase [Pseudomonas [fluorescens] SBW25]	98.065	310	6	0	1	930	1	310	0	633	C3K4I0	C3K4I0.1
hemH	sp|C3KDN7.1|	RecName: Full=Ferrochelatase; AltName: Full=Heme synthase; AltName: Full=Protoheme ferro-lyase [Pseudomonas [fluorescens] SBW25]	95.015	341	17	0	1	1023	1	341	0	671	C3KDN7	C3KDN7.1
hemL	sp|C3K2K3.1|	RecName: Full=Glutamate-1-semialdehyde 2,1-aminomutase; Short=GSA; AltName: Full=Glutamate-1-semialdehyde aminotransferase; Short=GSA-AT [Pseudomonas [fluorescens] SBW25]	98.126	427	8	0	1	1281	1	427	0	859	C3K2K3	C3K2K3.1
hemN	sp|P77915.2|	RecName: Full=Oxygen-independent coproporphyrinogen III oxidase; Short=CPO; AltName: Full=Coproporphyrinogen III dehydrogenase; Short=CPDH [Pseudomonas aeruginosa PAO1]	76.739	460	107	0	1	1380	1	460	0	739	P77915	P77915.2
hemW	sp|P52062.1|	RecName: Full=Heme chaperone HemW [Escherichia coli K-12]	54.865	370	165	1	91	1200	10	377	8.14e-138	401	P52062	P52062.1
hexR_1	sp|Q88P32.1|	RecName: Full=HTH-type transcriptional regulator HexR [Pseudomonas putida KT2440]	43.939	264	148	0	4	795	3	266	8.310000000000001e-70	220	Q88P32	Q88P32.1
hexR_2	sp|Q88P32.1|	RecName: Full=HTH-type transcriptional regulator HexR [Pseudomonas putida KT2440]	87.676	284	35	0	10	861	1	284	5.729999999999999e-175	487	Q88P32	Q88P32.1
hexR_3	sp|Q88P32.1|	RecName: Full=HTH-type transcriptional regulator HexR [Pseudomonas putida KT2440]	31.047	277	188	2	4	828	3	278	2.96e-25	104	Q88P32	Q88P32.1
hflC	sp|P44545.1|	RecName: Full=Protein HflC [Haemophilus influenzae Rd KW20]	42.143	280	149	5	58	864	17	294	4.5599999999999995e-67	214	P44545	P44545.1
hflD	sp|C3JY69.1|	RecName: Full=High frequency lysogenization protein HflD homolog [Pseudomonas [fluorescens] SBW25]	99.034	207	2	0	1	621	1	207	2.89e-149	416	C3JY69	C3JY69.1
hflK	sp|P0ABC7.1|	RecName: Full=Modulator of FtsH protease HflK [Escherichia coli K-12]	42.933	375	200	4	1	1092	1	372	1.24e-81	259	P0ABC7	P0ABC7.1
hflX	sp|P25519.3|	RecName: Full=GTPase HflX; AltName: Full=GTP-binding protein HflX [Escherichia coli K-12]	59.569	418	169	0	4	1257	1	418	3.4299999999999994e-163	469	P25519	P25519.3
hfq	sp|C3KDW3.1|	RecName: Full=RNA-binding protein Hfq [Pseudomonas [fluorescens] SBW25]	96.512	86	3	0	1	258	1	86	8.89e-57	172	C3KDW3	C3KDW3.1
hifA	sp|P12267.1|	RecName: Full=Fimbrial subunit type 3; Flags: Precursor [Klebsiella pneumoniae]	33.766	154	83	6	1	432	1	145	2.41e-6	49.3	P12267	P12267.1
higA	sp|P67701.1|	RecName: Full=Antitoxin HigA [Escherichia coli K-12]	39.098	133	69	4	22	399	10	137	7.13e-17	74.7	P67701	P67701.1
higA_2	sp|Q46561.1|	RecName: Full=Virulence-associated protein A' [Dichelobacter nodosus]	44.156	77	42	1	7	234	6	82	1.01e-12	62	Q46561	Q46561.1
higB	sp|Q8FEM8.1|	RecName: Full=mRNA interferase HigB; AltName: Full=Endoribonuclease HigB; AltName: Full=Toxin HigB [Escherichia coli CFT073]	31.183	93	61	1	1	270	1	93	2.94e-12	60.5	Q8FEM8	Q8FEM8.1
higB2	sp|Q9KMA6.1|	RecName: Full=Toxin HigB-2 [Vibrio cholerae O1 biovar El Tor str. N16961]	46.078	102	55	0	16	321	4	105	6.5100000000000005e-21	83.2	Q9KMA6	Q9KMA6.1
higB_2	sp|Q7A225.1|	RecName: Full=Endoribonuclease HigB; AltName: Full=Host inhibition of growth protein B; AltName: Full=Killer protein; AltName: Full=Toxin HigB; AltName: Full=mRNA interferase HigB [Proteus vulgaris]	50	92	46	0	1	276	1	92	1.0800000000000001e-29	104	Q7A225	Q7A225.1
hin_1	sp|P0C1G2.1|	RecName: Full=Transposons Tn1721 resolvase [Escherichia coli]	90.86	186	17	0	1	558	1	186	2.4299999999999997e-110	315	P0C1G2	P0C1G2.1
hin_2	sp|P03015.2|	RecName: Full=Serine recombinase gin; AltName: Full=G-segment invertase; Short=Gin; AltName: Full=Gene product 53; Short=gp53 [Escherichia phage Mu]	62.983	181	67	0	1	543	1	181	3e-79	237	P03015	P03015.2
hin_3	sp|P03015.2|	RecName: Full=Serine recombinase gin; AltName: Full=G-segment invertase; Short=Gin; AltName: Full=Gene product 53; Short=gp53 [Escherichia phage Mu]	51.397	179	83	2	1	537	1	175	3.74e-46	153	P03015	P03015.2
hisA	sp|C3K6V2.1|	RecName: Full=1-(5-phosphoribosyl)-5-[(5-phosphoribosylamino)methylideneamino] imidazole-4-carboxamide isomerase; AltName: Full=Phosphoribosylformimino-5-aminoimidazole carboxamide ribotide isomerase [Pseudomonas [fluorescens] SBW25]	98.765	243	3	0	1	729	1	243	1.1299999999999998e-175	486	C3K6V2	C3K6V2.1
hisB	sp|C3K6U9.1|	RecName: Full=Imidazoleglycerol-phosphate dehydratase; Short=IGPD [Pseudomonas [fluorescens] SBW25]	100	197	0	0	1	591	1	197	5.97e-143	399	C3K6U9	C3K6U9.1
hisC_1	sp|Q01856.1|	RecName: Full=Uncharacterized HTH-type transcriptional regulator RHOS4_30730 [Cereibacter sphaeroides 2.4.1]	34.368	451	275	8	67	1401	12	447	3.94e-67	225	Q01856	Q01856.1
hisC_2	sp|Q9I468.1|	RecName: Full=Threonine-phosphate decarboxylase; AltName: Full=L-threonine-O-3-phosphate decarboxylase [Pseudomonas aeruginosa PAO1]	64.526	327	116	0	1	981	1	327	5.26e-131	379	Q9I468	Q9I468.1
hisC_3	sp|Q3K8U2.1|	RecName: Full=Histidinol-phosphate aminotransferase 2; AltName: Full=Imidazole acetol-phosphate transaminase 2 [Pseudomonas fluorescens Pf0-1]	90.811	370	34	0	1	1110	1	370	0	661	Q3K8U2	Q3K8U2.1
hisC_4	sp|Q4KI72.1|	RecName: Full=Histidinol-phosphate aminotransferase 1; AltName: Full=Imidazole acetol-phosphate transaminase 1 [Pseudomonas protegens Pf-5]	92.571	350	26	0	1	1050	1	350	0	666	Q4KI72	Q4KI72.1
hisC_5	sp|Q72LL6.1|	RecName: Full=2-aminoadipate transaminase; AltName: Full=2-aminoadipate aminotransferase; AltName: Full=Alpha-aminoadipate aminotransferase; Short=AAA-AT; Short=AadAT [Thermus thermophilus HB27]	31.208	298	187	5	496	1353	84	375	3.2999999999999996e-30	124	Q72LL6	Q72LL6.1
hisC_6	sp|Q01856.1|	RecName: Full=Uncharacterized HTH-type transcriptional regulator RHOS4_30730 [Cereibacter sphaeroides 2.4.1]	35.225	423	263	5	7	1263	11	426	3.04e-50	179	Q01856	Q01856.1
hisD	sp|Q3KHZ2.1|	RecName: Full=Histidinol dehydrogenase; Short=HDH [Pseudomonas fluorescens Pf0-1]	94.05	437	26	0	1	1311	1	437	0	815	Q3KHZ2	Q3KHZ2.1
hisE	sp|C3K8U0.1|	RecName: Full=Phosphoribosyl-ATP pyrophosphatase; Short=PRA-PH [Pseudomonas [fluorescens] SBW25]	98.182	110	2	0	1	330	1	110	2.69e-76	223	C3K8U0	C3K8U0.1
hisF	sp|C3K6V3.1|	RecName: Full=Imidazole glycerol phosphate synthase subunit HisF; AltName: Full=IGP synthase cyclase subunit; AltName: Full=IGP synthase subunit HisF; AltName: Full=ImGP synthase subunit HisF; Short=IGPS subunit HisF [Pseudomonas [fluorescens] SBW25]	99.609	256	1	0	1	768	1	256	0	518	C3K6V3	C3K6V3.1
hisG	sp|C3K8X5.1|	RecName: Full=ATP phosphoribosyltransferase; Short=ATP-PRT; Short=ATP-PRTase [Pseudomonas [fluorescens] SBW25]	100	211	0	0	1	633	1	211	9.739999999999998e-152	422	C3K8X5	C3K8X5.1
hisH	sp|Q3KJI8.1|	RecName: Full=Imidazole glycerol phosphate synthase subunit HisH; AltName: Full=IGP synthase glutaminase subunit; AltName: Full=IGP synthase subunit HisH; AltName: Full=ImGP synthase subunit HisH; Short=IGPS subunit HisH [Pseudomonas fluorescens Pf0-1]	95.755	212	9	0	1	636	1	212	1.4299999999999998e-151	422	Q3KJI8	Q3KJI8.1
hisI_1	sp|Q4KJL5.1|	RecName: Full=Phosphoribosyl-AMP cyclohydrolase 1; Short=PRA-CH 1 [Pseudomonas protegens Pf-5]	90.769	130	12	0	1	390	1	130	1.7999999999999997e-87	253	Q4KJL5	Q4KJL5.1
hisI_1~~~hisI_2	sp|Q4K3E4.1|	RecName: Full=Phosphoribosyl-AMP cyclohydrolase 2; Short=PRA-CH 2 [Pseudomonas protegens Pf-5]	74.436	133	34	0	7	405	7	139	1.67e-69	208	Q4K3E4	Q4K3E4.1
hisJ_1	sp|P02910.1|	RecName: Full=Histidine-binding periplasmic protein; Short=HBP; Flags: Precursor [Salmonella enterica subsp. enterica serovar Typhimurium str. LT2]	40.529	227	133	2	79	753	26	252	6.410000000000001e-58	188	P02910	P02910.1
hisJ_2	sp|P0AEU0.1|	RecName: Full=Histidine-binding periplasmic protein; Short=HBP; Flags: Precursor [Escherichia coli K-12]	45.726	234	124	3	76	771	26	258	6.939999999999999e-68	213	P0AEU0	P0AEU0.1
hisM_1	sp|P0A2I7.1|	RecName: Full=Histidine/lysine/arginine/ornithine transport system permease protein HisM [Salmonella enterica subsp. enterica serovar Typhimurium str. LT2]	59.13	230	94	0	1	690	1	230	7.88e-99	290	P0A2I7	P0A2I7.1
hisM_2	sp|P0A2I7.1|	RecName: Full=Histidine/lysine/arginine/ornithine transport system permease protein HisM [Salmonella enterica subsp. enterica serovar Typhimurium str. LT2]	59.825	229	92	0	1	687	1	229	7.209999999999999e-104	303	P0A2I7	P0A2I7.1
hisP_1	sp|O30506.2|	RecName: Full=Arginine/ornithine transport ATP-binding protein AotP [Pseudomonas aeruginosa PAO1]	66.008	253	83	3	85	837	3	254	1.3899999999999998e-106	312	O30506	O30506.2
hisP_2	sp|O30506.2|	RecName: Full=Arginine/ornithine transport ATP-binding protein AotP [Pseudomonas aeruginosa PAO1]	90.551	254	24	0	1	762	1	254	8.479999999999999e-156	436	O30506	O30506.2
hisP_3	sp|O30506.2|	RecName: Full=Arginine/ornithine transport ATP-binding protein AotP [Pseudomonas aeruginosa PAO1]	69.02	255	77	2	1	762	1	254	1.1899999999999997e-119	344	O30506	O30506.2
hisQ_1	sp|P52094.2|	RecName: Full=Histidine/lysine/arginine/ornithine transport system permease protein HisQ [Escherichia coli K-12]	64.162	173	62	0	169	687	52	224	7.100000000000001e-77	234	P52094	P52094.2
hisQ_2	sp|P52094.2|	RecName: Full=Histidine/lysine/arginine/ornithine transport system permease protein HisQ [Escherichia coli K-12]	52.838	229	107	1	1	687	1	228	3.59e-76	232	P52094	P52094.2
hisQ_3	sp|P0A2I9.1|	RecName: Full=Histidine/lysine/arginine/ornithine transport system permease protein HisQ [Salmonella enterica subsp. enterica serovar Typhimurium str. LT2]	62.222	225	85	0	46	720	2	226	3.6e-84	253	P0A2I9	P0A2I9.1
hisS	sp|C3K1L3.1|	RecName: Full=Histidine--tRNA ligase; AltName: Full=Histidyl-tRNA synthetase; Short=HisRS [Pseudomonas [fluorescens] SBW25]	98.601	429	6	0	1	1287	1	429	0	815	C3K1L3	C3K1L3.1
hisZ_1	sp|O28631.1|	RecName: Full=Histidine--tRNA ligase; AltName: Full=Histidyl-tRNA synthetase; Short=HisRS [Archaeoglobus fulgidus DSM 4304]	36.937	111	63	2	97	417	52	159	4.78e-15	75.5	O28631	O28631.1
hisZ_2	sp|C3KDW7.1|	RecName: Full=ATP phosphoribosyltransferase regulatory subunit [Pseudomonas [fluorescens] SBW25]	98.987	395	4	0	1	1185	1	395	0	697	C3KDW7	C3KDW7.1
hiuH	sp|P76341.1|	RecName: Full=5-hydroxyisourate hydrolase; Short=HIU hydrolase; Short=HIUHase; AltName: Full=Transthyretin-like protein; Short=TLP; AltName: Full=Transthyretin-related protein; Short=TRP; Flags: Precursor [Escherichia coli K-12]	54.464	112	50	1	73	408	27	137	1.9399999999999997e-37	127	P76341	P76341.1
hldE	sp|C3KDB8.1|	RecName: Full=Bifunctional protein HldE; Includes: RecName: Full=D-beta-D-heptose 7-phosphate kinase; AltName: Full=D-beta-D-heptose 7-phosphotransferase; AltName: Full=D-glycero-beta-D-manno-heptose-7-phosphate kinase; Includes: RecName: Full=D-beta-D-heptose 1-phosphate adenylyltransferase; AltName: Full=D-glycero-beta-D-manno-heptose 1-phosphate adenylyltransferase [Pseudomonas [fluorescens] SBW25]	97.046	474	14	0	1	1422	1	474	0	890	C3KDB8	C3KDB8.1
hlyD	sp|P09986.1|	RecName: Full=Hemolysin secretion protein D, chromosomal [Escherichia coli]	37.076	472	288	2	25	1422	10	478	1.3899999999999998e-87	279	P09986	P09986.1
hmgA	sp|Q4KI35.1|	RecName: Full=Homogentisate 1,2-dioxygenase; Short=HGDO; AltName: Full=Homogentisate oxygenase; AltName: Full=Homogentisic acid oxidase; AltName: Full=Homogentisicase [Pseudomonas protegens Pf-5]	89.882	425	43	0	7	1281	10	434	0	806	Q4KI35	Q4KI35.1
hmp	sp|Q88PP0.1|	RecName: Full=Flavohemoprotein; AltName: Full=Flavohemoglobin; AltName: Full=Hemoglobin-like protein; AltName: Full=Nitric oxide dioxygenase; Short=NO oxygenase; Short=NOD [Pseudomonas putida KT2440]	77.354	393	88	1	1	1179	1	392	0	637	Q88PP0	Q88PP0.1
hmrR	sp|Q9HV30.1|	RecName: Full=Uncharacterized HTH-type transcriptional regulator PA4778 [Pseudomonas aeruginosa PAO1]	79.389	131	27	0	1	393	1	131	1.32e-72	216	Q9HV30	Q9HV30.1
hmuT	sp|Q56991.2|	RecName: Full=Hemin-binding periplasmic protein HmuT; Flags: Precursor [Yersinia pestis]	35.249	261	145	6	79	837	27	271	4.42e-36	133	Q56991	Q56991.2
hmuU_1	sp|O31569.1|	RecName: Full=Probable siderophore transport system permease protein YfhA [Bacillus subtilis subsp. subtilis str. 168]	35.737	319	191	5	64	1005	30	339	4.979999999999999e-37	139	O31569	O31569.1
hmuU_2	sp|Q56992.2|	RecName: Full=Hemin transport system permease protein HmuU [Yersinia pestis]	48.78	287	131	5	190	1032	53	329	3.27e-49	171	Q56992	Q56992.2
hmuV	sp|Q3K6R9.1|	RecName: Full=Hemin import ATP-binding protein HmuV [Pseudomonas fluorescens Pf0-1]	85.49	255	37	0	1	765	1	255	4.28e-149	419	Q3K6R9	Q3K6R9.1
holA	sp|P28630.1|	RecName: Full=DNA polymerase III subunit delta [Escherichia coli K-12]	35.385	325	205	3	1	975	2	321	2.8499999999999997e-47	166	P28630	P28630.1
holC	sp|O68823.1|	RecName: Full=DNA polymerase III subunit chi; AltName: Full=Accessory clamp loader complex subunit chi; AltName: Full=Replication clamp loader subunit HolC [Pseudomonas aeruginosa PAO1]	65.493	142	49	0	1	426	1	142	9.85e-61	186	O68823	O68823.1
hom	sp|P29365.2|	RecName: Full=Homoserine dehydrogenase; Short=HDH; Short=HSD [Pseudomonas aeruginosa PAO1]	88.479	434	50	0	16	1317	1	434	0	712	P29365	P29365.2
hpcB	sp|Q05353.2|	RecName: Full=3,4-dihydroxyphenylacetate 2,3-dioxygenase; AltName: Full=Homoprotocatechuate 2,3-dioxygenase; Short=HPC dioxygenase [Escherichia coli]	63.077	260	92	1	1	780	1	256	6.310000000000001e-123	355	Q05353	Q05353.2
hpcD	sp|Q05354.3|	RecName: Full=5-carboxymethyl-2-hydroxymuconate Delta-isomerase; AltName: Full=5-carboxymethyl-2-hydroxymuconic acid isomerase; Short=CHM isomerase; Short=CHMI [Escherichia coli]	62.698	126	47	0	1	378	1	126	9.429999999999999e-54	167	Q05354	Q05354.3
hpcE_1	sp|Q9RPU5.1|	RecName: Full=4-hydroxyphenylacetate degradation bifunctional isomerase/decarboxylase; Includes: RecName: Full=2-hydroxyhepta-2,4-diene-1,7-dioate isomerase; Short=HHDD isomerase; AltName: Full=5-carboxymethyl-2-hydroxymuconate Delta-isomerase; Includes: RecName: Full=5-carboxymethyl-2-oxo-hex-3-ene-1,7-dioate decarboxylase; AltName: Full=5-oxopent-3-ene-1,2,5-tricarboxylate decarboxylase; Short=OPET decarboxylase [Salmonella enterica subsp. enterica serovar Dublin]	74.641	209	53	0	112	738	217	425	4.4800000000000003e-100	301	Q9RPU5	Q9RPU5.1
hpcE_2	sp|Q46978.1|	RecName: Full=4-hydroxyphenylacetate degradation bifunctional isomerase/decarboxylase; Includes: RecName: Full=2-hydroxyhepta-2,4-diene-1,7-dioate isomerase; Short=HHDD isomerase; AltName: Full=5-carboxymethyl-2-hydroxymuconate Delta-isomerase; Includes: RecName: Full=5-carboxymethyl-2-oxo-hex-3-ene-1,7-dioate decarboxylase; AltName: Full=5-oxopent-3-ene-1,2,5-tricarboxylate decarboxylase; Short=OPET decarboxylase [Escherichia coli]	44.976	209	111	2	28	654	2	206	5.0199999999999997e-54	181	Q46978	Q46978.1
hpcG	sp|P42270.2|	RecName: Full=2-oxo-hept-4-ene-1,7-dioate hydratase; Short=OHED hydratase [Escherichia coli]	72.388	268	72	2	1	801	1	267	2.0499999999999997e-144	408	P42270	P42270.2
hpcH	sp|A0A081HJP9.1|	RecName: Full=Hydroxypyruvate/pyruvate aldolase; Short=HPA/PA aldolase [Pseudomonas aeruginosa]	79.401	267	54	1	1	798	1	267	1.4999999999999998e-150	424	A0A081HJP9	A0A081HJP9.1
hpd	sp|P80064.1|	RecName: Full=4-hydroxyphenylpyruvate dioxygenase; Short=4HPPD; Short=HPD; Short=HPPDase [Pseudomonas sp. 'P.J. 874']	92.157	357	28	0	4	1074	1	357	0	682	P80064	P80064.1
hpf	sp|P0A147.1|	RecName: Full=Ribosome hibernation promoting factor; Short=HPF; AltName: Full=Hibernation factor HPF [Pseudomonas putida KT2440]	79	100	21	0	1	300	1	100	1.51e-52	162	P0A147	P0A147.1
hprA	sp|Q9YAW4.2|	RecName: Full=Glyoxylate reductase [Aeropyrum pernix K1]	37.597	258	151	2	184	927	58	315	9.39e-39	142	Q9YAW4	Q9YAW4.2
hprS	sp|Q8XBY4.1|	RecName: Full=Sensor histidine kinase CusS [Escherichia coli O157:H7]	41.007	278	163	1	562	1392	204	481	4.13e-57	199	Q8XBY4	Q8XBY4.1
hpsN	sp|Q988P7.1|	RecName: Full=Histidinol dehydrogenase homolog 1 [Mesorhizobium japonicum MAFF 303099]	65.721	423	144	1	58	1326	65	486	0	556	Q988P7	Q988P7.1
hpt	sp|P37472.1|	RecName: Full=Hypoxanthine-guanine phosphoribosyltransferase; Short=HGPRT; Short=HGPRTase [Bacillus subtilis subsp. subtilis str. 168]	32.738	168	110	2	49	549	9	174	1.4e-19	84.3	P37472	P37472.1
hrcN	sp|Q52371.2|	RecName: Full=Type 3 secretion system ATPase; Short=T3SS ATPase [Pseudomonas syringae pv. syringae]	65.766	444	151	1	25	1353	5	448	0	555	Q52371	Q52371.2
hrp1	sp|Q9LEV3.1|	RecName: Full=CBS domain-containing protein CBSX3, mitochondrial; Flags: Precursor [Arabidopsis thaliana]	40.397	151	80	5	7	435	56	204	8.280000000000001e-29	107	Q9LEV3	Q9LEV3.1
hrpB	sp|P37024.3|	RecName: Full=ATP-dependent RNA helicase HrpB [Escherichia coli K-12]	46.356	837	413	14	1	2496	1	806	0	583	P37024	P37024.3
hscA	sp|C3K1M1.1|	RecName: Full=Chaperone protein HscA homolog [Pseudomonas [fluorescens] SBW25]	96.613	620	21	0	1	1860	1	620	0	1169	C3K1M1	C3K1M1.1
hscB	sp|C3K1M2.1|	RecName: Full=Co-chaperone protein HscB homolog [Pseudomonas [fluorescens] SBW25]	96.532	173	6	0	1	519	1	173	9.95e-122	343	C3K1M2	C3K1M2.1
hslO	sp|C3K4J4.1|	RecName: Full=33 kDa chaperonin; AltName: Full=Heat shock protein 33 homolog; Short=HSP33 [Pseudomonas [fluorescens] SBW25]	97.333	300	8	0	1	900	1	300	0	565	C3K4J4	C3K4J4.1
hslR	sp|P44754.1|	RecName: Full=Heat shock protein 15 homolog; Short=HSP15 [Haemophilus influenzae Rd KW20]	55.285	123	54	1	22	387	3	125	3.32e-34	118	P44754	P44754.1
hslU	sp|C3K8V3.1|	RecName: Full=ATP-dependent protease ATPase subunit HslU; AltName: Full=Unfoldase HslU [Pseudomonas [fluorescens] SBW25]	98.652	445	6	0	1	1335	1	445	0	759	C3K8V3	C3K8V3.1
hslV	sp|C3KAH1.1|	RecName: Full=ATP-dependent protease subunit HslV [Pseudomonas [fluorescens] SBW25]	98.295	176	3	0	121	648	1	176	3.19e-98	285	C3KAH1	C3KAH1.1
hsrA	sp|P31474.1|	RecName: Full=Probable transport protein HsrA; AltName: Full=High-copy suppressor of rspA [Escherichia coli K-12]	50.218	458	223	3	43	1416	12	464	2.3399999999999997e-128	384	P31474	P31474.1
hss	sp|O32323.1|	RecName: Full=Homospermidine synthase; Short=HSS [Blastochloris viridis]	39.498	438	250	9	19	1290	14	450	1.52e-92	291	O32323	O32323.1
htpG	sp|C3K6N7.1|	RecName: Full=Chaperone protein HtpG; AltName: Full=Heat shock protein HtpG; AltName: Full=High temperature protein G [Pseudomonas [fluorescens] SBW25]	97.792	634	14	0	1	1902	3	636	0	1197	C3K6N7	C3K6N7.1
htpX	sp|C3K733.1|	RecName: Full=Protease HtpX; AltName: Full=Heat shock protein HtpX [Pseudomonas [fluorescens] SBW25]	98.983	295	3	0	1	885	1	295	0	593	C3K733	C3K733.1
htrE_1	sp|P21647.1|	RecName: Full=Outer membrane usher protein MrkC; Flags: Precursor [Klebsiella pneumoniae]	37.074	793	479	9	64	2406	11	795	1.05e-164	503	P21647	P21647.1
htrE_2	sp|P33129.3|	RecName: Full=Outer membrane usher protein HtrE; AltName: Full=Heat shock protein E; Flags: Precursor [Escherichia coli K-12]	32.614	880	502	17	46	2535	9	847	3.65e-142	446	P33129	P33129.3
hupB_1	sp|Q9HTL0.1|	RecName: Full=DNA-binding protein HU-alpha [Pseudomonas aeruginosa PAO1]	92.222	90	7	0	1	270	1	90	8.14e-57	172	Q9HTL0	Q9HTL0.1
hupB_2	sp|P02344.2|	RecName: Full=DNA-binding protein HRm [Sinorhizobium meliloti 1021]	40	90	54	0	7	276	1	90	1.47e-10	55.8	P02344	P02344.2
hupB_3	sp|Q9KHS6.1|	RecName: Full=DNA-binding protein HU-beta [Pseudomonas protegens Pf-5]	94.444	90	5	0	1	270	1	90	1.42e-29	103	Q9KHS6	Q9KHS6.1
hutH_1	sp|Q73Q56.1|	RecName: Full=Histidine ammonia-lyase; Short=Histidase [Treponema denticola ATCC 35405]	41.785	493	280	4	19	1485	6	495	8.909999999999998e-130	389	Q73Q56	Q73Q56.1
hutH_2	sp|Q8VMR3.2|	RecName: Full=Histidine ammonia-lyase; Short=Histidase [Pseudomonas [fluorescens] SBW25]	97.451	510	13	0	1	1530	3	512	0	954	Q8VMR3	Q8VMR3.2
hutH_3	sp|A8MF64.1|	RecName: Full=Histidine ammonia-lyase; Short=Histidase [Alkaliphilus oremlandii OhILAs]	34.725	455	288	4	13	1371	1	448	5.0700000000000004e-85	275	A8MF64	A8MF64.1
hutI	sp|Q4KJN0.1|	RecName: Full=Imidazolonepropionase; AltName: Full=Imidazolone-5-propionate hydrolase [Pseudomonas protegens Pf-5]	89.277	401	43	0	1	1203	1	401	0	710	Q4KJN0	Q4KJN0.1
hutU	sp|C3K803.1|	RecName: Full=Urocanate hydratase; Short=Urocanase; AltName: Full=Imidazolonepropionate hydrolase [Pseudomonas [fluorescens] SBW25]	97.482	556	14	0	1	1668	1	556	0	1128	C3K803	C3K803.1
hxpA	sp|P77625.2|	RecName: Full=Hexitol phosphatase A; AltName: Full=Mannitol-1-phosphatase; AltName: Full=Sorbitol-6-phosphatase; AltName: Full=Sugar-phosphatase [Escherichia coli K-12]	40.741	216	121	4	34	663	2	216	2.67e-36	130	P77625	P77625.2
hxpA_2	sp|O06995.1|	RecName: Full=Beta-phosphoglucomutase; Short=Beta-PGM [Bacillus subtilis subsp. subtilis str. 168]	30.89	191	125	3	16	573	3	191	6.44e-13	68.9	O06995	O06995.1
hyi	sp|P30147.1|	RecName: Full=Hydroxypyruvate isomerase; AltName: Full=Glyoxylate-induced protein [Escherichia coli K-12]	58.268	254	106	0	1	762	1	254	1.1999999999999998e-103	304	P30147	P30147.1
hyuA_2	sp|Q6TMG4.1|	RecName: Full=Hydantoin racemase [Sinorhizobium meliloti]	33.043	230	147	3	49	738	3	225	5.13e-29	113	Q6TMG4	Q6TMG4.1
hyuC_2	sp|Q6DTN4.1|	RecName: Full=N-carbamoyl-L-amino-acid amidohydrolase; AltName: Full=Hydantoin utilization protein C; AltName: Full=L-N-carbamoylase; AltName: Full=SmLcar [Sinorhizobium meliloti]	47.595	395	207	0	34	1218	7	401	1.4599999999999998e-118	355	Q6DTN4	Q6DTN4.1
hyuC_2~~~hyuC_1	sp|Q6DTN4.1|	RecName: Full=N-carbamoyl-L-amino-acid amidohydrolase; AltName: Full=Hydantoin utilization protein C; AltName: Full=L-N-carbamoylase; AltName: Full=SmLcar [Sinorhizobium meliloti]	47.549	408	206	2	43	1254	10	413	1.4799999999999998e-126	375	Q6DTN4	Q6DTN4.1
hyuE	sp|Q00924.1|	RecName: Full=Hydantoin racemase [Pseudomonas sp. NS671]	37.288	236	147	1	1	705	1	236	9.05e-48	161	Q00924	Q00924.1
iaaM	sp|P06617.1|	RecName: Full=Tryptophan 2-monooxygenase [Pseudomonas savastanoi]	30.769	546	324	19	112	1653	24	547	2.46e-45	171	P06617	P06617.1
ibpA_1	sp|P96193.1|	RecName: Full=16 kDa heat shock protein B [Azotobacter vinelandii]	66.434	143	47	1	7	432	2	144	2.1199999999999998e-67	204	P96193	P96193.1
icd_1	sp|Q02NB5.1|	RecName: Full=Isocitrate dehydrogenase [NADP]; Short=IDH; AltName: Full=IDP; AltName: Full=NADP(+)-specific ICDH; AltName: Full=Oxalosuccinate decarboxylase [Pseudomonas aeruginosa UCBPP-PA14]	89.713	418	43	0	1	1254	1	418	0	775	Q02NB5	Q02NB5.1
icd_2	sp|P16100.5|	RecName: Full=Isocitrate dehydrogenase [NADP]; Short=IDH; AltName: Full=Oxalosuccinate decarboxylase [Azotobacter vinelandii]	81.386	736	136	1	16	2220	5	740	0	1201	P16100	P16100.5
idnD	sp|P39346.1|	RecName: Full=L-idonate 5-dehydrogenase (NAD(P)(+)) [Escherichia coli K-12]	43.671	316	173	3	88	1032	32	343	1.42e-84	262	P39346	P39346.1
ihfA	sp|C3JZN1.1|	RecName: Full=Integration host factor subunit alpha; Short=IHF-alpha [Pseudomonas [fluorescens] SBW25]	100	100	0	0	1	300	1	100	6.2e-68	201	C3JZN1	C3JZN1.1
ihfB	sp|C3K6K2.1|	RecName: Full=Integration host factor subunit beta; Short=IHF-beta [Pseudomonas [fluorescens] SBW25]	100	98	0	0	1	294	1	98	2.71e-68	202	C3K6K2	C3K6K2.1
ileS	sp|P18330.2|	RecName: Full=Isoleucine--tRNA ligase 1; AltName: Full=Isoleucyl-tRNA synthetase 1; Short=IleRS 1 [Pseudomonas fluorescens]	97.243	943	26	0	1	2829	1	943	0	1865	P18330	P18330.2
ilvA_1	sp|P53607.1|	RecName: Full=L-threonine dehydratase biosynthetic IlvA; AltName: Full=Threonine deaminase [Burkholderia multivorans ATCC 17616]	58.964	502	202	2	13	1509	6	506	0	551	P53607	P53607.1
ilvA_2	sp|P53607.1|	RecName: Full=L-threonine dehydratase biosynthetic IlvA; AltName: Full=Threonine deaminase [Burkholderia multivorans ATCC 17616]	58.621	319	129	1	52	999	6	324	3.6999999999999997e-116	348	P53607	P53607.1
ilvC	sp|C3K225.1|	RecName: Full=Ketol-acid reductoisomerase (NADP(+)); Short=KARI; AltName: Full=Acetohydroxy-acid isomeroreductase; Short=AHIR; AltName: Full=Alpha-keto-beta-hydroxylacyl reductoisomerase; AltName: Full=Ketol-acid reductoisomerase type 1; AltName: Full=Ketol-acid reductoisomerase type I [Pseudomonas [fluorescens] SBW25]	99.408	338	2	0	1	1014	1	338	0	671	C3K225	C3K225.1
ilvD	sp|C3K3P0.1|	RecName: Full=Dihydroxy-acid dehydratase; Short=DAD [Pseudomonas [fluorescens] SBW25]	99.184	613	5	0	1	1839	1	613	0	1224	C3K3P0	C3K3P0.1
ilvE	sp|P54689.1|	RecName: Full=Branched-chain-amino-acid aminotransferase; Short=BCAT [Haemophilus influenzae Rd KW20]	70.088	341	97	1	10	1017	2	342	0	512	P54689	P54689.1
ilvH	sp|P21622.2|	RecName: Full=Acetolactate synthase isozyme 3 small subunit; AltName: Full=ALS-III; AltName: Full=Acetohydroxy-acid synthase III small subunit; Short=AHAS-III [Salmonella enterica subsp. enterica serovar Typhimurium str. LT2]	62.346	162	60	1	1	483	1	162	1.87e-72	218	P21622	P21622.2
ilvI	sp|P00893.2|	RecName: Full=Acetolactate synthase isozyme 3 large subunit; AltName: Full=AHAS-III; AltName: Full=ALS-III; AltName: Full=Acetohydroxy-acid synthase III large subunit [Escherichia coli K-12]	63.194	576	208	3	1	1722	1	574	0	734	P00893	P00893.2
ilvI_2	sp|Q57725.1|	RecName: Full=Probable acetolactate synthase large subunit; Short=AHAS; AltName: Full=Acetohydroxy-acid synthase large subunit; Short=ALS [Methanocaldococcus jannaschii DSM 2661]	36.207	580	326	11	10	1698	1	553	8.29e-94	302	Q57725	Q57725.1
inaA	sp|P27294.3|	RecName: Full=Protein InaA [Escherichia coli K-12]	40.741	216	120	4	34	678	5	213	1.82e-49	164	P27294	P27294.3
inaZ	sp|P09815.1|	RecName: Full=Ice nucleation protein [Pseudomonas fluorescens]	86.172	1092	103	4	1075	4350	167	1210	0	1417	P09815	P09815.1
infA	sp|A4VLV5.1|	RecName: Full=Translation initiation factor IF-1 [Stutzerimonas stutzeri A1501]	100	72	0	0	1	216	1	72	5.2499999999999996e-48	149	A4VLV5	A4VLV5.1
infB	sp|C3K259.1|	RecName: Full=Translation initiation factor IF-2 [Pseudomonas [fluorescens] SBW25]	99.219	640	5	0	604	2523	202	841	0	1168	C3K259	C3K259.1
infC	sp|C3JZN6.1|	RecName: Full=Translation initiation factor IF-3 [Pseudomonas [fluorescens] SBW25]	100	129	0	0	1	387	55	183	4.48e-74	221	C3JZN6	C3JZN6.1
inh	sp|O87807.1|	RecName: Full=Alkaline proteinase inhibitor; Flags: Precursor [Pseudomonas tolaasii]	67.01	97	32	0	1	291	24	120	1.6799999999999997e-42	137	O87807	O87807.1
inhA	sp|Q8G9F9.1|	RecName: Full=Isonitrile hydratase; AltName: Full=Cyclohexyl-isocyanide hydratase [Pseudomonas putida]	78.095	210	46	0	1	630	1	210	2.7299999999999996e-109	316	Q8G9F9	Q8G9F9.1
intA	sp|P24218.1|	RecName: Full=Prophage integrase IntD; AltName: Full=Prophage DLP12 integrase; AltName: Full=Prophage QSR' integrase [Escherichia coli K-12]	34.783	69	45	0	703	909	206	274	9.48e-6	51.2	P24218	P24218.1
intA_1	sp|P76542.2|	RecName: Full=Prophage integrase IntZ; AltName: Full=Putative prophage CPZ-55 integrase [Escherichia coli K-12]	31.989	372	234	9	67	1173	30	385	6.89e-38	144	P76542	P76542.2
intA_1~~~intA	sp|P76542.2|	RecName: Full=Prophage integrase IntZ; AltName: Full=Putative prophage CPZ-55 integrase [Escherichia coli K-12]	36.09	399	231	13	148	1317	6	389	2.85e-52	184	P76542	P76542.2
intA_2	sp|P37317.1|	RecName: Full=Integrase [Lederbergvirus Sf6]	34.474	380	238	6	58	1191	11	381	1.03e-53	186	P37317	P37317.1
intA_3	sp|P08320.2|	RecName: Full=Integrase [Enterobacteria phage P4]	49.395	413	205	4	16	1251	5	414	1.59e-134	397	P08320	P08320.2
intA~~~intA_3	sp|P32053.2|	RecName: Full=Prophage integrase IntA; AltName: Full=Prophage CP4-57 integrase SlpA [Escherichia coli K-12]	49.752	404	201	2	22	1230	8	410	1.4e-134	395	P32053	P32053.2
intQ	sp|P76056.1|	RecName: Full=Prophage integrase IntR; AltName: Full=Putative lambdoid prophage Rac integrase [Escherichia coli K-12]	31.807	393	221	10	46	1104	15	400	5.3399999999999995e-42	155	P76056	P76056.1
intS	sp|P37317.1|	RecName: Full=Integrase [Lederbergvirus Sf6]	35.128	390	240	6	31	1191	2	381	1.35e-77	248	P37317	P37317.1
iolB	sp|Q5KYR2.1|	RecName: Full=5-deoxy-glucuronate isomerase; Short=5DG isomerase [Geobacillus kaustophilus HTA426]	56.485	239	104	0	67	783	28	266	2.73e-98	291	Q5KYR2	Q5KYR2.1
iolC	sp|Q63B75.1|	RecName: Full=5-dehydro-2-deoxygluconokinase 1; AltName: Full=2-deoxy-5-keto-D-gluconate kinase 1; Short=DKG kinase 1 [Bacillus cereus E33L]	35.417	336	188	7	16	996	6	321	4.27e-53	188	Q63B75	Q63B75.1
iolD	sp|A0REB6.1|	RecName: Full=3D-(3,5/4)-trihydroxycyclohexane-1,2-dione hydrolase; Short=THcHDO hydrolase [Bacillus thuringiensis str. Al Hakam]	66.512	645	213	2	1	1929	1	644	0	872	A0REB6	A0REB6.1
iolD_2	sp|P27868.1|	RecName: Full=Acetolactate synthase; AltName: Full=ALS; AltName: Full=Acetohydroxy-acid synthase [Limnospira platensis]	32.317	164	106	3	574	1065	399	557	1.64e-14	78.2	P27868	P27868.1
iolE	sp|P49304.1|	RecName: Full=Rhizopine catabolism protein MocC [Sinorhizobium meliloti]	48.252	286	146	2	7	861	15	299	3.4399999999999993e-87	266	P49304	P49304.1
iolG_1	sp|F0M433.1|	RecName: Full=Levoglucosan dehydrogenase; Short=LGDH; AltName: Full=1,6-anhydro-beta-D-glucose dehydrogenase; AltName: Full=PpLGDH [Pseudarthrobacter phenanthrenivorans Sphe3]	38.619	391	217	5	1	1113	1	388	3.45e-75	241	F0M433	F0M433.1
iolG_2	sp|C3K9I8.1|	RecName: Full=Inositol 2-dehydrogenase; AltName: Full=Myo-inositol 2-dehydrogenase; Short=MI 2-dehydrogenase [Pseudomonas [fluorescens] SBW25]	97.321	336	9	0	1	1008	1	336	0	632	C3K9I8	C3K9I8.1
iolS	sp|A2XRZ0.1|	RecName: Full=Probable aldo-keto reductase 2 [Oryza sativa Indica Group]	50.467	321	154	3	13	972	15	331	5.61e-102	306	A2XRZ0	A2XRZ0.1
iolW	sp|O32223.1|	RecName: Full=scyllo-inositol 2-dehydrogenase (NADP(+)) IolW; AltName: Full=NADP(+)-dependent scyllo-inositol dehydrogenase 1; Short=NADP(+)-dependent SI dehydrogenase 1 [Bacillus subtilis subsp. subtilis str. 168]	31.831	355	210	7	1	1011	14	354	4.77e-54	184	O32223	O32223.1
iorA	sp|Q51697.1|	RecName: Full=Isoquinoline 1-oxidoreductase subunit alpha [Brevundimonas diminuta]	51.799	139	65	2	37	450	15	152	9.25e-47	152	Q51697	Q51697.1
iorB	sp|Q51698.1|	RecName: Full=Isoquinoline 1-oxidoreductase subunit beta [Brevundimonas diminuta]	30.284	776	473	17	40	2217	10	767	1.7500000000000002e-70	249	Q51698	Q51698.1
ipsA	sp|P96857.4|	RecName: Full=HTH-type transcriptional regulator Rv3575c [Mycobacterium tuberculosis H37Rv]	37.855	317	190	3	40	984	20	331	5.1699999999999986e-55	187	P96857	P96857.4
iscA	sp|A8GHY1.1|	RecName: Full=Iron-binding protein IscA; AltName: Full=Iron-sulfur cluster assembly protein [Serratia proteamaculans 568]	71.963	107	30	0	1	321	1	107	1.4599999999999998e-43	140	A8GHY1	A8GHY1.1
iscR	sp|O69219.1|	RecName: Full=Putative HTH-type transcriptional regulator ORF2 [Azotobacter vinelandii]	76.22	164	38	1	1	489	1	164	1.14e-84	248	O69219	O69219.1
iscS_1	sp|C3K1M5.1|	RecName: Full=Cysteine desulfurase IscS [Pseudomonas [fluorescens] SBW25]	100	404	0	0	1	1212	1	404	0	838	C3K1M5	C3K1M5.1
iscS_2	sp|O31269.3|	RecName: Full=Cysteine desulfurase IscS [Azotobacter vinelandii]	57.979	376	157	1	7	1131	2	377	1e-122	363	O31269	O31269.3
iscU	sp|O31270.1|	RecName: Full=Iron-sulfur cluster assembly scaffold protein IscU [Azotobacter vinelandii]	89.062	128	14	0	1	384	1	128	7.03e-84	244	O31270	O31270.1
iscX	sp|Q51384.1|	RecName: Full=Uncharacterized protein PA3808 [Pseudomonas aeruginosa PAO1]	59.091	66	27	0	16	213	1	66	1.65e-21	82	Q51384	Q51384.1
isfD_1	sp|O57314.1|	RecName: Full=Very-long-chain 3-oxoacyl-CoA reductase; AltName: Full=17-beta-hydroxysteroid dehydrogenase 12; Short=17-beta-HSD 12; AltName: Full=3-ketoacyl-CoA reductase; Short=KAR; AltName: Full=Estradiol 17-beta-dehydrogenase 12 [Anas platyrhynchos]	33.333	156	99	2	91	546	77	231	2.39e-13	72	O57314	O57314.1
isfD_2	sp|D3U1D9.1|	RecName: Full=Sulfoacetaldehyde reductase; AltName: Full=Isethionate formation reductase [Klebsiella oxytoca]	60	250	100	0	4	753	4	253	3.7899999999999993e-101	297	D3U1D9	D3U1D9.1
ispA	sp|P22939.1|	RecName: Full=Farnesyl diphosphate synthase; Short=FPP synthase; AltName: Full=(2E,6E)-farnesyl diphosphate synthase; AltName: Full=Geranyltranstransferase [Escherichia coli K-12]	53.405	279	122	3	61	879	21	297	1.3e-65	210	P22939	P22939.1
ispB	sp|P0AD57.1|	RecName: Full=Octaprenyl diphosphate synthase; AltName: Full=All-trans-octaprenyl-diphosphate synthase; AltName: Full=Octaprenyl pyrophosphate synthase; Short=OPP synthase [Escherichia coli K-12]	52.336	321	152	1	1	960	1	321	1.32e-115	340	P0AD57	P0AD57.1
ispD	sp|C3K6H8.1|	RecName: Full=2-C-methyl-D-erythritol 4-phosphate cytidylyltransferase; AltName: Full=4-diphosphocytidyl-2C-methyl-D-erythritol synthase; AltName: Full=MEP cytidylyltransferase; Short=MCT [Pseudomonas [fluorescens] SBW25]	92.766	235	17	0	1	705	1	235	1.45e-136	385	C3K6H8	C3K6H8.1
ispE	sp|C3KDC2.1|	RecName: Full=4-diphosphocytidyl-2-C-methyl-D-erythritol kinase; Short=CMK; AltName: Full=4-(cytidine-5'-diphospho)-2-C-methyl-D-erythritol kinase [Pseudomonas [fluorescens] SBW25]	95.88	267	11	0	1	801	17	283	0	511	C3KDC2	C3KDC2.1
ispF	sp|C3K703.1|	RecName: Full=2-C-methyl-D-erythritol 2,4-cyclodiphosphate synthase; Short=MECDP-synthase; Short=MECPP-synthase; Short=MECPS [Pseudomonas [fluorescens] SBW25]	99.363	157	1	0	1	471	1	157	7.95e-96	276	C3K703	C3K703.1
ispG	sp|C3K1L4.1|	RecName: Full=4-hydroxy-3-methylbut-2-en-1-yl diphosphate synthase (flavodoxin); AltName: Full=1-hydroxy-2-methyl-2-(E)-butenyl 4-diphosphate synthase [Pseudomonas [fluorescens] SBW25]	97.74	354	8	0	1	1062	1	354	0	638	C3K1L4	C3K1L4.1
ispH	sp|C3KDX7.1|	RecName: Full=4-hydroxy-3-methylbut-2-enyl diphosphate reductase; Short=HMBPP reductase [Pseudomonas [fluorescens] SBW25]	99.048	315	3	0	1	945	1	315	0	639	C3KDX7	C3KDX7.1
ispU	sp|Q88MH6.1|	RecName: Full=Ditrans,polycis-undecaprenyl-diphosphate synthase ((2E,6E)-farnesyl-diphosphate specific); AltName: Full=Ditrans,polycis-undecaprenylcistransferase; AltName: Full=Undecaprenyl diphosphate synthase; Short=UDS; AltName: Full=Undecaprenyl pyrophosphate synthase; Short=UPP synthase [Pseudomonas putida KT2440]	90.4	250	24	0	1	750	1	250	7.9e-173	479	Q88MH6	Q88MH6.1
iutA	sp|Q8YZR0.1|	RecName: Full=Schizokinen transporter SchT; AltName: Full=TonB-dependent transporter SchT; Short=TBDT SchT [Nostoc sp. PCC 7120 = FACHB-418]	35.489	696	403	18	121	2118	188	867	4.859999999999999e-103	337	Q8YZR0	Q8YZR0.1
ivy	sp|Q9HT89.1|	RecName: Full=Uncharacterized protein PA5481; Flags: Precursor [Pseudomonas aeruginosa PAO1]	60.769	130	50	1	82	471	27	155	7.009999999999999e-54	170	Q9HT89	Q9HT89.1
katB	sp|Q59635.1|	RecName: Full=Catalase; AltName: Full=Paraquat-inducible catalase isozyme B; Flags: Precursor [Pseudomonas aeruginosa PAO1]	80.873	481	92	0	97	1539	33	513	0	798	Q59635	Q59635.1
katE	sp|P95539.1|	RecName: Full=Catalase HPII [Pseudomonas putida]	77.483	715	155	3	1	2139	1	711	0	1134	P95539	P95539.1
kbp	sp|P0ADE6.2|	RecName: Full=Potassium binding protein Kbp; Short=K(+) binding protein Kbp [Escherichia coli K-12]	55.333	150	61	4	1	438	1	148	1.0599999999999999e-42	141	P0ADE6	P0ADE6.2
kce	sp|Q9HTH7.1|	RecName: Full=3-dehydrocarnitine:acetyl-CoA trimethylamine transferase; AltName: Full=3-dehydrocarnitine cleavage enzyme [Pseudomonas aeruginosa PAO1]	80.612	294	57	0	1	882	1	294	2.5799999999999996e-157	443	Q9HTH7	Q9HTH7.1
kdgK_1	sp|P45416.3|	RecName: Full=2-dehydro-3-deoxygluconokinase; AltName: Full=2-keto-3-deoxygluconokinase; AltName: Full=3-deoxy-2-oxo-D-gluconate kinase; AltName: Full=KDG kinase [Dickeya dadantii 3937]	53.289	304	135	5	7	900	2	304	2.1e-99	297	P45416	P45416.3
kdgK_2	sp|P50845.1|	RecName: Full=2-dehydro-3-deoxygluconokinase; AltName: Full=2-keto-3-deoxygluconokinase; AltName: Full=3-deoxy-2-oxo-D-gluconate kinase; AltName: Full=KDG kinase [Bacillus subtilis subsp. subtilis str. 168]	54.072	307	138	3	7	921	2	307	2.25e-113	333	P50845	P50845.1
kdgR_1~~~kdgR_2	sp|P76268.1|	RecName: Full=HTH-type transcriptional regulator KdgR [Escherichia coli K-12]	31.092	238	140	6	259	942	34	257	1.1699999999999998e-23	100	P76268	P76268.1
kdgR_3	sp|G3XD97.1|	RecName: Full=HTH-type transcriptional regulator PtxS [Pseudomonas aeruginosa PAO1]	67.879	330	104	1	25	1008	9	338	5.709999999999999e-158	449	G3XD97	G3XD97.1
kdpA_1	sp|C3K4Y3.1|	RecName: Full=Potassium-transporting ATPase potassium-binding subunit; AltName: Full=ATP phosphohydrolase [potassium-transporting] A chain; AltName: Full=Potassium-binding and translocating subunit A; AltName: Full=Potassium-translocating ATPase A chain [Pseudomonas [fluorescens] SBW25]	95.567	564	25	0	1	1692	1	564	0	956	C3K4Y3	C3K4Y3.1
kdpA_2	sp|A9C190.1|	RecName: Full=Potassium-transporting ATPase potassium-binding subunit; AltName: Full=ATP phosphohydrolase [potassium-transporting] A chain; AltName: Full=Potassium-binding and translocating subunit A; AltName: Full=Potassium-translocating ATPase A chain [Delftia acidovorans SPH-1]	77.425	567	128	0	1	1701	1	567	0	799	A9C190	A9C190.1
kdpB_1	sp|P57698.1|	RecName: Full=Potassium-transporting ATPase ATP-binding subunit; AltName: Full=ATP phosphohydrolase [potassium-transporting] B chain; AltName: Full=Potassium-binding and translocating subunit B; AltName: Full=Potassium-translocating ATPase B chain [Pseudomonas aeruginosa PAO1]	84.751	682	102	1	13	2052	8	689	0	1015	P57698	P57698.1
kdpB_2	sp|Q47H39.1|	RecName: Full=Potassium-transporting ATPase ATP-binding subunit; AltName: Full=ATP phosphohydrolase [potassium-transporting] B chain; AltName: Full=Potassium-binding and translocating subunit B; AltName: Full=Potassium-translocating ATPase B chain [Dechloromonas aromatica RCB]	77.18	688	156	1	10	2073	1	687	0	944	Q47H39	Q47H39.1
kdpC_1	sp|A5W155.1|	RecName: Full=Potassium-transporting ATPase KdpC subunit; AltName: Full=ATP phosphohydrolase [potassium-transporting] C chain; AltName: Full=Potassium-binding and translocating subunit C; AltName: Full=Potassium-translocating ATPase C chain [Pseudomonas putida F1]	70.718	181	53	0	1	543	1	181	2.9299999999999994e-87	256	A5W155	A5W155.1
kdpC_2	sp|Q89FC4.1|	RecName: Full=Potassium-transporting ATPase KdpC subunit; AltName: Full=ATP phosphohydrolase [potassium-transporting] C chain; AltName: Full=Potassium-binding and translocating subunit C; AltName: Full=Potassium-translocating ATPase C chain [Bradyrhizobium diazoefficiens USDA 110]	56.41	195	82	1	31	615	5	196	4.709999999999999e-55	177	Q89FC4	Q89FC4.1
kdpD_1	sp|P94608.2|	RecName: Full=Sensor protein KdpD [Clostridium acetobutylicum ATCC 824]	43.963	323	180	1	52	1017	25	347	3.27e-80	281	P94608	P94608.2
kdpD_2	sp|P21865.2|	RecName: Full=Sensor protein KdpD [Escherichia coli K-12]	46.222	900	450	14	10	2643	1	888	0	616	P21865	P21865.2
kdpE_1	sp|P9WGN0.1|	RecName: Full=Transcriptional regulatory protein KdpE [Mycobacterium tuberculosis CDC1551]	50.679	221	108	1	19	678	4	224	2.53e-62	197	P9WGN0	P9WGN0.1
kdpE_2	sp|P21866.3|	RecName: Full=KDP operon transcriptional regulatory protein KdpE [Escherichia coli K-12]	56.444	225	96	1	10	684	2	224	2.3899999999999998e-89	265	P21866	P21866.3
kdsA	sp|C3K6H5.1|	RecName: Full=2-dehydro-3-deoxyphosphooctonate aldolase; AltName: Full=3-deoxy-D-manno-octulosonic acid 8-phosphate synthase; AltName: Full=KDO-8-phosphate synthase; Short=KDO 8-P synthase; Short=KDOPS; AltName: Full=Phospho-2-dehydro-3-deoxyoctonate aldolase [Pseudomonas [fluorescens] SBW25]	99.644	281	1	0	1	843	1	281	0	545	C3K6H5	C3K6H5.1
kdsB	sp|C3JY27.1|	RecName: Full=3-deoxy-manno-octulosonate cytidylyltransferase; AltName: Full=CMP-2-keto-3-deoxyoctulosonic acid synthase; Short=CKS; Short=CMP-KDO synthase [Pseudomonas [fluorescens] SBW25]	96.85	254	8	0	1	762	1	254	0	502	C3JY27	C3JY27.1
kdsC	sp|Q8ZB47.1|	RecName: Full=3-deoxy-D-manno-octulosonate 8-phosphate phosphatase KdsC; AltName: Full=KDO 8-P phosphatase [Yersinia pestis]	49.112	169	86	0	1	507	14	182	1.1e-51	166	Q8ZB47	Q8ZB47.1
kdsD_1	sp|Q9HVW0.1|	RecName: Full=Arabinose 5-phosphate isomerase KdsD; Short=API; AltName: Full=Pa-KdsD [Pseudomonas aeruginosa PAO1]	79.012	324	68	0	1	972	3	326	0	511	Q9HVW0	Q9HVW0.1
kduD	sp|P0DXE1.1|	RecName: Full=Cis-4-hydroxycyclohexanecarboxylate dehydrogenase; Short=Cis-4-hydroxyCHCA dehydrogenase [Sinomonas cyclohexanicum]	42.92	226	112	7	88	723	27	249	6.939999999999999e-42	145	P0DXE1	P0DXE1.1
kefB	sp|P39830.2|	RecName: Full=Putative cation/proton antiporter YbaL [Escherichia coli K-12]	33.075	387	241	8	4	1128	3	383	3.24e-45	171	P39830	P39830.2
kefC_1	sp|Q0ZAH7.1|	RecName: Full=Putative K(+) efflux antiporter KefB [Alkalimonas amylolytica]	42.726	543	308	3	55	1674	24	566	7.7e-69	238	Q0ZAH7	Q0ZAH7.1
kefC_2	sp|B2VK47.1|	RecName: Full=Glutathione-regulated potassium-efflux system protein KefB; AltName: Full=K(+)/H(+) antiporter [Erwinia tasmaniensis Et1/99]	44.852	573	308	7	79	1794	26	591	9.589999999999998e-130	396	B2VK47	B2VK47.1
kefF_1	sp|P16083.5|	RecName: Full=Ribosyldihydronicotinamide dehydrogenase [quinone]; AltName: Full=NRH dehydrogenase [quinone] 2; AltName: Full=NRH:quinone oxidoreductase 2; AltName: Full=Quinone reductase 2; Short=QR2 [Homo sapiens]	44.24	217	120	1	4	651	5	221	4.3499999999999995e-57	184	P16083	P16083.5
kgtP_1	sp|P0AEX3.1|	RecName: Full=Alpha-ketoglutarate permease [Escherichia coli K-12]	53.991	426	196	0	31	1308	7	432	7.429999999999999e-147	428	P0AEX3	P0AEX3.1
kgtP_2	sp|P0AEX3.1|	RecName: Full=Alpha-ketoglutarate permease [Escherichia coli K-12]	69.834	421	126	1	7	1269	7	426	0	543	P0AEX3	P0AEX3.1
kinB	sp|O34206.1|	RecName: Full=Alginate biosynthesis sensor protein KinB [Pseudomonas aeruginosa]	59.03	598	237	2	1	1785	3	595	0	584	O34206	O34206.1
kstR2	sp|Q0S7V2.1|	RecName: Full=HTH-type transcriptional repressor KstR2 [Rhodococcus jostii RHA1]	32.749	171	103	5	76	567	16	181	3.33e-15	74.3	Q0S7V2	Q0S7V2.1
ktrA	sp|P39760.1|	RecName: Full=Ktr system potassium uptake protein C; Short=K(+)-uptake protein KtrC; AltName: Full=ORF4 [Bacillus subtilis subsp. subtilis str. 168]	38.164	207	127	1	61	678	7	213	5.909999999999999e-47	157	P39760	P39760.1
ktrB	sp|O32081.1|	RecName: Full=Ktr system potassium uptake protein B; Short=K(+)-uptake protein KtrB [Bacillus subtilis subsp. subtilis str. 168]	39.573	422	247	6	64	1326	31	445	1.85e-70	232	O32081	O32081.1
ku	sp|Q87ZG4.1|	RecName: Full=Non-homologous end joining protein Ku [Pseudomonas syringae pv. tomato str. DC3000]	78.626	262	56	0	1	786	1	262	4.0199999999999996e-150	425	Q87ZG4	Q87ZG4.1
kup	sp|Q4KHA4.1|	RecName: Full=Probable potassium transport system protein Kup [Pseudomonas protegens Pf-5]	93.049	633	44	0	1	1899	1	633	0	1088	Q4KHA4	Q4KHA4.1
kynA	sp|Q4KIP3.1|	RecName: Full=Tryptophan 2,3-dioxygenase; Short=TDO; AltName: Full=Tryptamin 2,3-dioxygenase; AltName: Full=Tryptophan oxygenase; Short=TO; Short=TRPO; AltName: Full=Tryptophan pyrrolase; AltName: Full=Tryptophanase [Pseudomonas protegens Pf-5]	87.719	285	33	1	1	855	1	283	0	525	Q4KIP3	Q4KIP3.1
kynB	sp|Q4KIP4.2|	RecName: Full=Kynurenine formamidase; Short=KFA; Short=KFase; AltName: Full=Arylformamidase; AltName: Full=N-formylkynurenine formamidase; Short=FKF [Pseudomonas protegens Pf-5]	84.507	213	33	0	1	639	1	213	4.03e-131	370	Q4KIP4	Q4KIP4.2
kynU	sp|P83788.1|	RecName: Full=Kynureninase; AltName: Full=L-kynurenine hydrolase [Pseudomonas fluorescens]	85.577	416	60	0	1	1248	1	416	0	743	P83788	P83788.1
laaA	sp|C3K630.1|	RecName: Full=L-amino acid amidase [Pseudomonas [fluorescens] SBW25]	93.548	310	20	0	1	930	1	310	0	592	C3K630	C3K630.1
lacC	sp|Q9KM71.1|	RecName: Full=1-phosphofructokinase; AltName: Full=Fructose 1-phosphate kinase; Short=Fru1PK [Vibrio cholerae O1 biovar El Tor str. N16961]	48.701	308	158	0	7	930	4	311	2.8499999999999997e-89	272	Q9KM71	Q9KM71.1
lacF	sp|P55602.1|	RecName: Full=Probable ABC transporter permease protein y4oQ [Sinorhizobium fredii NGR234]	37.5	256	155	5	76	837	27	279	4.19e-39	142	P55602	P55602.1
lamB	sp|Q7N987.1|	RecName: Full=Maltoporin; AltName: Full=Maltose-inducible porin; Flags: Precursor [Photorhabdus laumondii subsp. laumondii TTO1]	32.949	434	244	14	13	1215	9	428	1.78e-57	197	Q7N987	Q7N987.1
lcdH_2~~~lcdH~~~lcdH_1	sp|Q4ZSC0.1|	RecName: Full=L-carnitine dehydrogenase; Short=CDH; Short=L-CDH [Pseudomonas syringae pv. syringae B728a]	90.852	317	29	0	1	951	1	317	0	596	Q4ZSC0	Q4ZSC0.1
lcfB	sp|Q9EY88.1|	RecName: Full=Feruloyl-CoA synthase; AltName: Full=Feruloyl coenzyme A synthetase; AltName: Full=Feruloyl-CoA synthetase [Amycolatopsis sp.]	34.455	505	304	11	4	1500	5	488	5.6599999999999995e-68	229	Q9EY88	Q9EY88.1
ldc	sp|O50657.1|	RecName: Full=Lysine/ornithine decarboxylase; Short=LDC [Selenomonas ruminantium]	32.703	370	237	8	31	1137	5	363	1.0999999999999999e-52	182	O50657	O50657.1
ldh	sp|P54531.1|	RecName: Full=Leucine dehydrogenase; Short=LeuDH [Bacillus subtilis subsp. subtilis str. 168]	43.402	341	189	1	1	1011	3	343	1.95e-90	278	P54531	P54531.1
ldhA	sp|P44501.1|	RecName: Full=2-hydroxyacid dehydrogenase homolog [Haemophilus influenzae Rd KW20]	52.439	328	155	1	1	981	1	328	2.62e-117	344	P44501	P44501.1
lemA_1	sp|A8AVK0.1|	RecName: Full=Protein LemA [Streptococcus gordonii str. Challis substr. CH1]	36.747	166	92	3	109	606	30	182	9.73e-29	108	A8AVK0	A8AVK0.1
lemA_2	sp|A8AVK0.1|	RecName: Full=Protein LemA [Streptococcus gordonii str. Challis substr. CH1]	33.117	154	103	0	79	540	21	174	3.8199999999999996e-23	94.4	A8AVK0	A8AVK0.1
lepA	sp|C3K6G8.1|	RecName: Full=Elongation factor 4; Short=EF-4; AltName: Full=Ribosomal back-translocase LepA [Pseudomonas [fluorescens] SBW25]	99.666	599	2	0	1	1797	1	599	0	1195	C3K6G8	C3K6G8.1
lepB	sp|P26844.1|	RecName: Full=Signal peptidase I; Short=SPase I; AltName: Full=Leader peptidase I [Pseudomonas fluorescens]	96.127	284	11	0	1	852	1	284	0	556	P26844	P26844.1
leuA	sp|C3K1K7.1|	RecName: Full=2-isopropylmalate synthase; AltName: Full=Alpha-IPM synthase; AltName: Full=Alpha-isopropylmalate synthase [Pseudomonas [fluorescens] SBW25]	98.032	559	11	0	1	1677	1	559	0	1111	C3K1K7	C3K1K7.1
leuA_2	sp|Q9V1J1.1|	RecName: Full=Homocitrate synthase; Short=HCS [Pyrococcus abyssi GE5]	39.262	298	177	2	16	906	2	296	4.73e-61	201	Q9V1J1	Q9V1J1.1
leuB	sp|Q4KF05.1|	RecName: Full=3-isopropylmalate dehydrogenase; AltName: Full=3-IPM-DH; AltName: Full=Beta-IPM dehydrogenase; Short=IMDH [Pseudomonas protegens Pf-5]	95.278	360	17	0	1	1080	1	360	0	667	Q4KF05	Q4KF05.1
leuC_1	sp|Q65VS0.1|	RecName: Full=3-isopropylmalate dehydratase large subunit 1; AltName: Full=Alpha-IPM isomerase 1; Short=IPMI 1; AltName: Full=Isopropylmalate isomerase 1 [[Mannheimia] succiniciproducens MBEL55E]	70.172	466	139	0	7	1404	6	471	0	674	Q65VS0	Q65VS0.1
leuC_2	sp|Q4KF08.1|	RecName: Full=3-isopropylmalate dehydratase large subunit; AltName: Full=Alpha-IPM isomerase; Short=IPMI; AltName: Full=Isopropylmalate isomerase [Pseudomonas protegens Pf-5]	93.856	472	29	0	1	1416	1	472	0	896	Q4KF08	Q4KF08.1
leuD1_1	sp|Q65VR9.1|	RecName: Full=3-isopropylmalate dehydratase small subunit 1; AltName: Full=Alpha-IPM isomerase 1; Short=IPMI 1; AltName: Full=Isopropylmalate isomerase 1 [[Mannheimia] succiniciproducens MBEL55E]	62.687	201	74	1	7	609	1	200	8.62e-80	239	Q65VR9	Q65VR9.1
leuD1_2	sp|Q4KF07.1|	RecName: Full=3-isopropylmalate dehydratase small subunit; AltName: Full=Alpha-IPM isomerase; Short=IPMI; AltName: Full=Isopropylmalate isomerase [Pseudomonas protegens Pf-5]	93.458	214	14	0	1	642	1	214	2.68e-149	416	Q4KF07	Q4KF07.1
leuE	sp|A6T7N0.1|	RecName: Full=Leucine efflux protein [Klebsiella pneumoniae subsp. pneumoniae MGH 78578]	32.796	186	106	7	82	606	31	208	8.89e-13	67.8	A6T7N0	A6T7N0.1
leuS	sp|C3K2L2.1|	RecName: Full=Leucine--tRNA ligase; AltName: Full=Leucyl-tRNA synthetase; Short=LeuRS [Pseudomonas [fluorescens] SBW25]	96.659	868	29	0	1	2604	1	868	0	1736	C3K2L2	C3K2L2.1
lexA_1	sp|Q8KT78.1|	RecName: Full=LexA repressor [Pseudomonas chlororaphis subsp. chlororaphis]	94.554	202	11	0	1	606	1	202	5.85e-142	397	Q8KT78	Q8KT78.1
lexA_2	sp|P69202.1|	RecName: Full=Repressor protein C2 [Lederbergvirus P22]	32.857	210	122	4	22	621	10	210	2.37e-28	108	P69202	P69202.1
lexA_3	sp|Q881U0.1|	RecName: Full=LexA repressor 2 [Pseudomonas syringae pv. tomato str. DC3000]	76.617	201	47	0	10	612	1	201	1.22e-108	312	Q881U0	Q881U0.1
lexA_3~~~lexA_4~~~lexA_2	sp|P69202.1|	RecName: Full=Repressor protein C2 [Lederbergvirus P22]	47.716	197	97	2	49	639	20	210	3.699999999999999e-43	147	P69202	P69202.1
lexA_4	sp|P69202.1|	RecName: Full=Repressor protein C2 [Lederbergvirus P22]	46.047	215	102	4	10	642	6	210	5.4699999999999995e-40	139	P69202	P69202.1
lgrB	sp|Q70LM4.1|	RecName: Full=Linear gramicidin synthase subunit D; Includes: RecName: Full=ATP-dependent D-leucine adenylase; Short=D-LeuA; AltName: Full=D-leucine activase; Includes: RecName: Full=Leucine racemase [ATP-hydrolyzing]; Includes: RecName: Full=ATP-dependent tryptophan adenylase; Short=TrpA; AltName: Full=Tryptophan activase; Includes: RecName: Full=ATP-dependent glycine adenylase; Short=GlyA; AltName: Full=Glycine activase; Includes: RecName: Full=Linear gramicidin--PCP reductase [Brevibacillus parabrevis]	41.61	3701	1997	63	52	10818	1026	4674	0	2555	Q70LM4	Q70LM4.1
lgrD_1	sp|Q70LM5.1|	RecName: Full=Linear gramicidin synthase subunit C; Includes: RecName: Full=ATP-dependent valine adenylase; Short=ValA; AltName: Full=Valine activase; Includes: RecName: Full=ATP-dependent D-valine adenylase; Short=D-ValA; AltName: Full=D-valine activase; Includes: RecName: Full=Valine racemase [ATP-hydrolyzing]; Includes: RecName: Full=ATP-dependent tryptophan adenylase; Short=TrpA; AltName: Full=Tryptophan activase; Includes: RecName: Full=ATP-dependent tryptophan/phenylalanine/tyrosine adenylase; Short=Trp/Phe/TyrA; AltName: Full=Tryptophan/phenylalanine/tyrosine activase [Brevibacillus parabrevis]	38.378	3687	2103	61	2059	12843	28	3637	0	2191	Q70LM5	Q70LM5.1
lgrD_2	sp|Q70LM5.1|	RecName: Full=Linear gramicidin synthase subunit C; Includes: RecName: Full=ATP-dependent valine adenylase; Short=ValA; AltName: Full=Valine activase; Includes: RecName: Full=ATP-dependent D-valine adenylase; Short=D-ValA; AltName: Full=D-valine activase; Includes: RecName: Full=Valine racemase [ATP-hydrolyzing]; Includes: RecName: Full=ATP-dependent tryptophan adenylase; Short=TrpA; AltName: Full=Tryptophan activase; Includes: RecName: Full=ATP-dependent tryptophan/phenylalanine/tyrosine adenylase; Short=Trp/Phe/TyrA; AltName: Full=Tryptophan/phenylalanine/tyrosine activase [Brevibacillus parabrevis]	40.653	3707	2008	69	142	10983	2607	6214	0	2429	Q70LM5	Q70LM5.1
lgrD_3	sp|P0DX16.1|	RecName: Full=Isonitrile lipopeptide synthase [Streptomyces coeruleorubidus]	30.17	1001	605	29	565	3375	485	1455	1.39e-82	299	P0DX16	P0DX16.1
lgrE	sp|P14686.1|	RecName: Full=Gramicidin S biosynthesis protein GrsT [Aneurinibacillus migulanus]	37.004	227	142	1	1	678	16	242	4.4e-50	167	P14686	P14686.1
lgt	sp|C3K3Q9.1|	RecName: Full=Phosphatidylglycerol--prolipoprotein diacylglyceryl transferase [Pseudomonas [fluorescens] SBW25]	94.444	270	15	0	1	810	1	270	0	517	C3K3Q9	C3K3Q9.1
lig	sp|B1ZZL9.1|	RecName: Full=Probable DNA ligase; AltName: Full=Polydeoxyribonucleotide synthase [ATP] [Opitutus terrae PB90-1]	35.629	334	183	6	709	1626	666	995	4.84e-44	171	B1ZZL9	B1ZZL9.1
ligA	sp|C3JXX6.1|	RecName: Full=DNA ligase; AltName: Full=Polydeoxyribonucleotide synthase [NAD(+)] [Pseudomonas [fluorescens] SBW25]	96.193	788	27	1	1	2364	1	785	0	1550	C3JXX6	C3JXX6.1
ligB	sp|C3K3F7.1|	RecName: Full=DNA ligase B; AltName: Full=Polydeoxyribonucleotide synthase [NAD(+)] B [Pseudomonas [fluorescens] SBW25]	80.3	533	105	0	64	1662	22	554	0	882	C3K3F7	C3K3F7.1
ligD	sp|Q9I1X7.1|	RecName: Full=Multifunctional non-homologous end joining protein LigD; AltName: Full=NHEJ DNA polymerase; Includes: RecName: Full=3'-phosphoesterase; Short=3'-ribonuclease/3'-phosphatase; Includes: RecName: Full=DNA ligase D; Short=LigD; AltName: Full=Polydeoxyribonucleotide synthase [ATP]; Includes: RecName: Full=DNA repair polymerase; Short=Pol; AltName: Full=Polymerase/primase [Pseudomonas aeruginosa PAO1]	55.542	839	348	8	4	2457	4	838	0	864	Q9I1X7	Q9I1X7.1
linC	sp|A0A1L5BUG8.1|	RecName: Full=2,5-dichloro-2,5-cyclohexadiene-1,4-diol dehydrogenase; Short=2,5-DDOL dehydrogenase [Sphingobium indicum B90A]	45.6	250	132	2	13	759	4	250	6.049999999999999e-54	177	A0A1L5BUG8	A0A1L5BUG8.1
lipA	sp|C3K2L8.1|	RecName: Full=Lipoyl synthase; AltName: Full=Lip-syn; Short=LS; AltName: Full=Lipoate synthase; AltName: Full=Lipoic acid synthase; AltName: Full=Sulfur insertion protein LipA [Pseudomonas [fluorescens] SBW25]	99.413	341	2	0	1	1023	1	341	0	702	C3K2L8	C3K2L8.1
lipB	sp|C3K2L9.1|	RecName: Full=Octanoyltransferase; AltName: Full=Lipoate-protein ligase B; AltName: Full=Lipoyl/octanoyl transferase; AltName: Full=Octanoyl-[acyl-carrier-protein]-protein N-octanoyltransferase [Pseudomonas [fluorescens] SBW25]	97.209	215	6	0	1	645	1	215	2.6e-155	431	C3K2L9	C3K2L9.1
lips	sp|P08658.3|	RecName: Full=Triacylglycerol lipase; AltName: Full=Cold-adapted lipase; AltName: Full=Extracellular lipase; AltName: Full=Triacylglycerol ester hydrolase [Pseudomonas fragi]	47.635	296	152	2	1	888	1	293	3.73e-89	270	P08658	P08658.3
liuE	sp|Q9I2A0.1|	RecName: Full=3-hydroxy-3-isohexenylglutaryl-CoA/hydroxy-methylglutaryl-CoA lyase; Short=HIHG-CoA lyase; Short=HMG-CoA lyase; AltName: Full=(S)-3-hydroxy-3-methylglutaryl-CoA acetoacetate-lyase; AltName: Full=3-hydroxy-3-(4-methylpent-3-en-1-yl)glutaryl-CoA acetate-lyase [Pseudomonas aeruginosa PAO1]	76.976	291	67	0	1	873	1	291	3.2299999999999995e-148	421	Q9I2A0	Q9I2A0.1
livF_1	sp|P0A191.1|	RecName: Full=High-affinity branched-chain amino acid transport ATP-binding protein LivF; AltName: Full=LIV-I protein F [Salmonella enterica subsp. enterica serovar Typhimurium str. LT2]	59.916	237	95	0	1	711	1	237	9.48e-96	283	P0A191	P0A191.1
livF_2	sp|P0A191.1|	RecName: Full=High-affinity branched-chain amino acid transport ATP-binding protein LivF; AltName: Full=LIV-I protein F [Salmonella enterica subsp. enterica serovar Typhimurium str. LT2]	42.105	228	130	2	1	681	5	231	1.72e-41	144	P0A191	P0A191.1
livF_3	sp|P21630.1|	RecName: Full=High-affinity branched-chain amino acid transport ATP-binding protein BraG [Pseudomonas aeruginosa PAO1]	46.121	232	121	1	1	684	1	232	2.9500000000000003e-59	189	P21630	P21630.1
livF_4	sp|P0A191.1|	RecName: Full=High-affinity branched-chain amino acid transport ATP-binding protein LivF; AltName: Full=LIV-I protein F [Salmonella enterica subsp. enterica serovar Typhimurium str. LT2]	39.914	233	134	3	1	684	5	236	4.24e-38	135	P0A191	P0A191.1
livF_5	sp|P21629.1|	RecName: Full=High-affinity branched-chain amino acid transport ATP-binding protein BraF [Pseudomonas aeruginosa PAO1]	36.078	255	150	4	22	753	1	253	4.9e-46	157	P21629	P21629.1
livF_6	sp|P0A191.1|	RecName: Full=High-affinity branched-chain amino acid transport ATP-binding protein LivF; AltName: Full=LIV-I protein F [Salmonella enterica subsp. enterica serovar Typhimurium str. LT2]	45.902	244	123	4	28	759	2	236	4.29e-61	195	P0A191	P0A191.1
livF_7	sp|P21630.1|	RecName: Full=High-affinity branched-chain amino acid transport ATP-binding protein BraG [Pseudomonas aeruginosa PAO1]	87.124	233	30	0	1	699	1	233	7.62e-137	386	P21630	P21630.1
livH_1	sp|P0AEX7.1|	RecName: Full=High-affinity branched-chain amino acid transport system permease protein LivH; AltName: Full=LIV-I protein H [Escherichia coli K-12]	56.478	301	130	1	13	912	8	308	6.8699999999999994e-90	273	P0AEX7	P0AEX7.1
livH_2	sp|P21627.1|	RecName: Full=High-affinity branched-chain amino acid transport system permease protein BraD [Pseudomonas aeruginosa PAO1]	31.65	297	185	6	13	855	7	301	3.06e-17	83.2	P21627	P21627.1
livH_5	sp|P21627.1|	RecName: Full=High-affinity branched-chain amino acid transport system permease protein BraD [Pseudomonas aeruginosa PAO1]	84.691	307	47	0	1	921	1	307	2.4999999999999997e-159	449	P21627	P21627.1
lldD_1	sp|C3K053.2|	RecName: Full=L-lactate dehydrogenase [Pseudomonas [fluorescens] SBW25]	94.415	376	21	0	1	1128	1	376	0	738	C3K053	C3K053.2
lldD_2	sp|Q4ZY06.1|	RecName: Full=L-lactate dehydrogenase [Pseudomonas syringae pv. syringae B728a]	47.105	380	191	4	7	1131	2	376	6.139999999999998e-119	353	Q4ZY06	Q4ZY06.1
lnrK	sp|A8R3T0.1|	RecName: Full=Glycerol metabolism activator; AltName: Full=DNA-binding response regulator; AltName: Full=Protein AgmR [Pseudomonas putida]	44.828	203	105	2	10	600	2	203	9.23e-46	154	A8R3T0	A8R3T0.1
lnt	sp|Q87VX7.1|	RecName: Full=Apolipoprotein N-acyltransferase; Short=ALP N-acyltransferase [Pseudomonas syringae pv. tomato str. DC3000]	79.724	508	100	2	1	1521	1	506	0	763	Q87VX7	Q87VX7.1
loiP	sp|Q5A663.1|	RecName: Full=Mitochondrial metalloendopeptidase OMA1 [Candida albicans SC5314]	31.818	242	131	6	142	795	83	314	1.22e-28	114	Q5A663	Q5A663.1
lolA	sp|C3JY57.1|	RecName: Full=Outer-membrane lipoprotein carrier protein; Flags: Precursor [Pseudomonas [fluorescens] SBW25]	94.681	188	10	0	58	621	20	207	6.8e-131	369	C3JY57	C3JY57.1
lolB	sp|C3KDC3.1|	RecName: Full=Outer-membrane lipoprotein LolB; Flags: Precursor [Pseudomonas [fluorescens] SBW25]	91.707	205	17	0	1	615	1	205	2.76e-137	385	C3KDC3	C3KDC3.1
lolD_1	sp|Q4KFA2.2|	RecName: Full=Lipoprotein-releasing system ATP-binding protein LolD [Pseudomonas protegens Pf-5]	93.833	227	14	0	16	696	1	227	1.92e-155	433	Q4KFA2	Q4KFA2.2
lolD_2	sp|P0A9T8.1|	RecName: Full=Uncharacterized ABC transporter ATP-binding protein YbbA [Escherichia coli K-12]	60.092	218	85	1	10	657	5	222	5.5499999999999994e-68	211	P0A9T8	P0A9T8.1
lolE_1	sp|Q9PEF2.1|	RecName: Full=Lipoprotein-releasing system transmembrane protein LolC [Xylella fastidiosa 9a5c]	44.762	420	221	5	1	1248	1	413	2.2000000000000002e-97	300	Q9PEF2	Q9PEF2.1
lolE_2	sp|Q9PEF2.1|	RecName: Full=Lipoprotein-releasing system transmembrane protein LolC [Xylella fastidiosa 9a5c]	42.788	416	233	4	1	1242	1	413	1.4099999999999998e-107	326	Q9PEF2	Q9PEF2.1
lon_1	sp|Q31FD3.2|	RecName: Full=Lon protease 2; AltName: Full=ATP-dependent protease La 2 [Hydrogenovibrio crunogenus XCL-2]	57.263	833	324	5	1	2421	22	848	0	954	Q31FD3	Q31FD3.2
lon_2	sp|P74956.2|	RecName: Full=Lon protease; AltName: Full=ATP-dependent protease La [Vibrio parahaemolyticus RIMD 2210633]	70.143	767	227	2	13	2310	9	774	0	1100	P74956	P74956.2
lpdG	sp|P31052.4|	RecName: Full=Dihydrolipoyl dehydrogenase; AltName: Full=Dihydrolipoamide dehydrogenase; AltName: Full=E3 component of 2-oxoglutarate dehydrogenase complex; AltName: Full=Glycine oxidation system L-factor; AltName: Full=LPD-GLC [Pseudomonas putida]	90.377	478	46	0	1	1434	1	478	0	844	P31052	P31052.4
lpdV	sp|P09063.1|	RecName: Full=Dihydrolipoyl dehydrogenase; AltName: Full=Dihydrolipoamide dehydrogenase; AltName: Full=E3 component of branched-chain alpha-keto acid dehydrogenase complex; AltName: Full=LPD-Val [Pseudomonas putida]	78.555	429	92	0	55	1341	19	447	0	670	P09063	P09063.1
lpfB_1	sp|Q8X5K6.2|	RecName: Full=Probable fimbrial chaperone LpfB; Flags: Precursor [Escherichia coli O157:H7]	39.423	208	109	9	64	663	24	222	5.57e-43	148	Q8X5K6	Q8X5K6.2
lpfB_2	sp|P43661.2|	RecName: Full=Chaperone protein LpfB; Flags: Precursor [Salmonella enterica subsp. enterica serovar Typhimurium str. LT2]	35.714	196	120	3	79	654	28	221	4.059999999999999e-34	125	P43661	P43661.2
lptA	sp|Q9HVV7.1|	RecName: Full=Lipopolysaccharide export system protein LptH; AltName: Full=Pa-LptH; Flags: Precursor [Pseudomonas aeruginosa PAO1]	62.941	170	61	2	1	510	1	168	7.709999999999999e-60	187	Q9HVV7	Q9HVV7.1
lptB_1	sp|P21629.1|	RecName: Full=High-affinity branched-chain amino acid transport ATP-binding protein BraF [Pseudomonas aeruginosa PAO1]	35.458	251	150	5	133	855	5	253	1.05e-33	126	P21629	P21629.1
lptB_2	sp|P05529.1|	RecName: Full=Protein McbF [Escherichia coli]	33.484	221	139	4	10	654	6	224	7.22e-30	114	P05529	P05529.1
lptB_3	sp|P21629.1|	RecName: Full=High-affinity branched-chain amino acid transport ATP-binding protein BraF [Pseudomonas aeruginosa PAO1]	44.094	254	130	4	10	744	5	255	1.53e-59	191	P21629	P21629.1
lptB_4	sp|P45073.1|	RecName: Full=Lipopolysaccharide export system ATP-binding protein LptB [Haemophilus influenzae Rd KW20]	66.39	241	81	0	1	723	1	241	1.92e-117	338	P45073	P45073.1
lptB_5	sp|P21629.1|	RecName: Full=High-affinity branched-chain amino acid transport ATP-binding protein BraF [Pseudomonas aeruginosa PAO1]	85.882	255	36	0	1	765	1	255	1.71e-164	458	P21629	P21629.1
lptD	sp|Q4K4X8.2|	RecName: Full=LPS-assembly protein LptD; Flags: Precursor [Pseudomonas protegens Pf-5]	77.378	946	212	2	1	2835	1	945	0	1555	Q4K4X8	Q4K4X8.2
lptF	sp|P0AF98.1|	RecName: Full=Lipopolysaccharide export system permease protein LptF [Escherichia coli K-12]	34.819	359	227	3	1	1071	1	354	1.12e-45	163	P0AF98	P0AF98.1
lptG	sp|P45332.1|	RecName: Full=Lipopolysaccharide export system permease protein LptG [Haemophilus influenzae Rd KW20]	38.611	360	212	3	1	1071	2	355	5.37e-65	213	P45332	P45332.1
lpxA	sp|C3K607.1|	RecName: Full=Acyl-[acyl-carrier-protein]--UDP-N-acetylglucosamine O-acyltransferase; Short=UDP-N-acetylglucosamine acyltransferase [Pseudomonas [fluorescens] SBW25]	97.287	258	7	0	1	774	1	258	0	519	C3K607	C3K607.1
lpxB	sp|C3K6G9.1|	RecName: Full=Lipid-A-disaccharide synthase [Pseudomonas [fluorescens] SBW25]	96.834	379	12	0	1	1137	1	379	0	698	C3K6G9	C3K6G9.1
lpxC	sp|C3KDE0.1|	RecName: Full=UDP-3-O-acyl-N-acetylglucosamine deacetylase; Short=UDP-3-O-acyl-GlcNAc deacetylase; AltName: Full=UDP-3-O-[R-3-hydroxymyristoyl]-N-acetylglucosamine deacetylase [Pseudomonas [fluorescens] SBW25]	99.67	303	1	0	1	909	1	303	0	611	C3KDE0	C3KDE0.1
lpxD_1	sp|P71405.2|	RecName: Full=Serine acetyltransferase; Short=SAT [Helicobacter pylori 26695]	47.712	153	70	3	166	624	15	157	3.23e-34	126	P71405	P71405.2
lpxD_2	sp|C3K605.1|	RecName: Full=UDP-3-O-acylglucosamine N-acyltransferase [Pseudomonas [fluorescens] SBW25]	97.721	351	8	0	1	1053	1	351	0	673	C3K605	C3K605.1
lpxD_2~~~dapH_1	sp|Q6T1W7.1|	RecName: Full=dTDP-3-amino-3,6-dideoxy-alpha-D-galactopyranose 3-N-acetyltransferase; AltName: Full=dTDP-D-Fucp3N acetylase [Aneurinibacillus thermoaerophilus]	60.256	156	62	0	34	501	3	158	2.3199999999999998e-66	209	Q6T1W7	Q6T1W7.1
lpxH_2	sp|C3JYD6.1|	RecName: Full=UDP-2,3-diacylglucosamine hydrolase; AltName: Full=UDP-2,3-diacylglucosamine diphosphatase [Pseudomonas [fluorescens] SBW25]	97.189	249	7	0	1	747	1	249	4.53e-179	494	C3JYD6	C3JYD6.1
lpxK	sp|C3JY29.1|	RecName: Full=Tetraacyldisaccharide 4'-kinase; AltName: Full=Lipid A 4'-kinase [Pseudomonas [fluorescens] SBW25]	93.846	325	20	0	1	975	1	325	0	584	C3JY29	C3JY29.1
lpxL	sp|P0ACV0.1|	RecName: Full=Lipid A biosynthesis lauroyltransferase; AltName: Full=Kdo(2)-lipid IV(A) lauroyltransferase [Escherichia coli K-12]	44.737	304	165	2	10	918	5	306	1.73e-84	259	P0ACV0	P0ACV0.1
lpxP	sp|P0ACV0.1|	RecName: Full=Lipid A biosynthesis lauroyltransferase; AltName: Full=Kdo(2)-lipid IV(A) lauroyltransferase [Escherichia coli K-12]	30.545	275	181	6	58	870	33	301	2.55e-28	113	P0ACV0	P0ACV0.1
lrpC_2	sp|O59188.1|	RecName: Full=HTH-type transcriptional regulator FL11; AltName: Full=Feast/famine regulatory protein FL11; Short=FFRP FL11 [Pyrococcus horikoshii OT3]	32.117	137	90	1	4	405	5	141	1.77e-12	63.9	O59188	O59188.1
lrpC_2~~~lrpC_1	sp|P96582.2|	RecName: Full=HTH-type transcriptional regulator LrpC [Bacillus subtilis subsp. subtilis str. 168]	32.331	133	90	0	37	435	3	135	4.65e-24	94.4	P96582	P96582.2
lrp_1	sp|P37424.3|	RecName: Full=Leucine-responsive regulatory protein [Klebsiella pneumoniae]	61.842	152	58	0	25	480	10	161	3.95e-63	194	P37424	P37424.3
lrp_2	sp|Q9V1E5.1|	RecName: Full=Uncharacterized HTH-type transcriptional regulator PYRAB04820 [Pyrococcus abyssi GE5]	30.882	136	94	0	10	417	2	137	2.68e-19	81.6	Q9V1E5	Q9V1E5.1
lrp_3	sp|P56901.1|	RecName: Full=Leucine-responsive regulatory protein [Sinorhizobium meliloti 1021]	40.541	148	88	0	7	450	7	154	2.9200000000000002e-36	125	P56901	P56901.1
lrp_4	sp|P0A2S0.2|	RecName: Full=Leucine-responsive regulatory protein [Salmonella enterica subsp. enterica serovar Typhimurium str. LT2]	48.322	149	76	1	10	456	12	159	3.95e-39	133	P0A2S0	P0A2S0.2
lrp_5	sp|P56901.1|	RecName: Full=Leucine-responsive regulatory protein [Sinorhizobium meliloti 1021]	45.517	145	79	0	10	444	5	149	1.5399999999999998e-37	129	P56901	P56901.1
lspA_1	sp|P17942.1|	RecName: Full=Lipoprotein signal peptidase; AltName: Full=Prolipoprotein signal peptidase; AltName: Full=Signal peptidase II; Short=SPase II [Pseudomonas fluorescens]	95.294	170	8	0	1	510	1	170	1.7599999999999998e-82	243	P17942	P17942.1
lspA_2	sp|Q2LTG5.1|	RecName: Full=Lipoprotein signal peptidase; AltName: Full=Prolipoprotein signal peptidase; AltName: Full=Signal peptidase II; Short=SPase II [Syntrophus aciditrophicus SB]	34.234	111	72	1	166	498	50	159	1.22e-11	62.8	Q2LTG5	Q2LTG5.1
lsrR	sp|A6TEB9.1|	RecName: Full=Transcriptional regulator LsrR [Klebsiella pneumoniae subsp. pneumoniae MGH 78578]	30.671	313	189	11	52	957	26	321	7.39e-23	100	A6TEB9	A6TEB9.1
ltaE_1	sp|O50584.1|	RecName: Full=Low specificity L-threonine aldolase; Short=Low specificity L-TA [Pseudomonas sp. NCIMB 10558]	89.017	346	38	0	1	1038	1	346	0	655	O50584	O50584.1
ltaE_2	sp|P75823.1|	RecName: Full=Low specificity L-threonine aldolase; Short=Low specificity L-TA [Escherichia coli K-12]	58.485	330	136	1	7	993	1	330	6.46e-128	372	P75823	P75823.1
ltxB	sp|P23702.1|	RecName: Full=Leukotoxin export ATP-binding protein LtxB [Aggregatibacter actinomycetemcomitans]	31.26	611	414	3	274	2103	80	685	4.79e-64	229	P23702	P23702.1
ltxD	sp|P55125.1|	RecName: Full=Leukotoxin secretion protein D [Mannheimia cf. haemolytica]	34.874	476	303	3	1	1413	5	478	4.2100000000000004e-79	257	P55125	P55125.1
lutA	sp|P52074.1|	RecName: Full=Glycolate oxidase iron-sulfur subunit; AltName: Full=Glycolate dehydrogenase subunit GlcF; AltName: Full=Glycolate oxidase subunit GlcF [Escherichia coli K-12]	69.802	404	122	0	1	1212	1	404	0	576	P52074	P52074.1
lutR_1	sp|O07007.1|	RecName: Full=HTH-type transcriptional regulator LutR; AltName: Full=L-lactate utilization operon repressor [Bacillus subtilis subsp. subtilis str. 168]	33.178	214	128	4	94	708	5	212	9.13e-23	95.5	O07007	O07007.1
lutR_2	sp|O07007.1|	RecName: Full=HTH-type transcriptional regulator LutR; AltName: Full=L-lactate utilization operon repressor [Bacillus subtilis subsp. subtilis str. 168]	33.824	136	83	3	73	477	2	131	4.55e-12	67	O07007	O07007.1
lutR_3	sp|P31460.4|	RecName: Full=Galactonate operon transcriptional repressor; AltName: Full=HTH-type transcriptional repressor DgoR [Escherichia coli K-12]	34.434	212	135	3	43	669	8	218	4.8399999999999995e-23	96.3	P31460	P31460.4
lutR_4	sp|O07007.1|	RecName: Full=HTH-type transcriptional regulator LutR; AltName: Full=L-lactate utilization operon repressor [Bacillus subtilis subsp. subtilis str. 168]	35.577	208	126	3	85	696	2	205	1.0199999999999999e-24	100	O07007	O07007.1
lvr	sp|Q9LBG2.1|	RecName: Full=Levodione reductase; AltName: Full=(6R)-2,2,6-trimethyl-1,4-cyclohexanedione reductase [Leifsonia aquatica]	35.185	270	166	5	22	813	1	267	1.13e-47	162	Q9LBG2	Q9LBG2.1
lysA_1	sp|O05321.1|	RecName: Full=Diaminopimelate decarboxylase; Short=DAP decarboxylase; Short=DAPDC [Pseudomonas fluorescens]	90.144	416	40	1	1	1245	1	416	0	762	O05321	O05321.1
lysA_2	sp|O05321.1|	RecName: Full=Diaminopimelate decarboxylase; Short=DAP decarboxylase; Short=DAPDC [Pseudomonas fluorescens]	41.839	435	227	8	1	1299	1	411	3.589999999999999e-101	311	O05321	O05321.1
lysN	sp|Q72LL6.1|	RecName: Full=2-aminoadipate transaminase; AltName: Full=2-aminoadipate aminotransferase; AltName: Full=Alpha-aminoadipate aminotransferase; Short=AAA-AT; Short=AadAT [Thermus thermophilus HB27]	35.958	381	234	5	4	1125	9	386	1.7e-73	237	Q72LL6	Q72LL6.1
lysU	sp|Q3KHF3.1|	RecName: Full=Lysine--tRNA ligase; AltName: Full=Lysyl-tRNA synthetase; Short=LysRS [Pseudomonas fluorescens Pf0-1]	99	500	4	1	1	1500	1	499	0	988	Q3KHF3	Q3KHF3.1
lytR	sp|P26275.1|	RecName: Full=Positive alginate biosynthesis regulatory protein [Pseudomonas aeruginosa PAO1]	79.032	248	52	0	1	744	1	248	4.5e-136	385	P26275	P26275.1
macA_1	sp|Q88F89.1|	RecName: Full=Pyoverdine export membrane fusion protein PvdR; AltName: Full=Periplasmic adapter protein PvdR; Flags: Precursor [Pseudomonas putida KT2440]	70.572	367	107	1	73	1170	26	392	0	517	Q88F89	Q88F89.1
macA_3	sp|P64176.1|	RecName: Full=Macrolide export protein MacA [Escherichia coli O157:H7]	45.067	375	194	2	10	1134	8	370	3.08e-84	263	P64176	P64176.1
macB_1	sp|Q3KF57.1|	RecName: Full=Pyoverdine export ATP-binding/permease protein PvdT [Pseudomonas fluorescens Pf0-1]	85.388	657	96	0	13	1983	1	657	0	1075	Q3KF57	Q3KF57.1
macB_2	sp|Q6MPX9.1|	RecName: Full=Macrolide export ATP-binding/permease protein MacB [Bdellovibrio bacteriovorus HD100]	30.583	412	248	10	55	1215	252	650	1.2399999999999998e-31	130	Q6MPX9	Q6MPX9.1
macB_3	sp|Q3KE48.1|	RecName: Full=Probable export ATP-binding/permease protein Pfl01_2215 [Pseudomonas fluorescens Pf0-1]	86.043	652	90	1	1	1956	1	651	0	1082	Q3KE48	Q3KE48.1
madA	sp|O06924.1|	RecName: Full=Acetyl-S-ACP:malonate ACP transferase; Short=ACP transferase; AltName: Full=Malonate/acetyl-CoA transferase [Malonomonas rubra]	56.261	551	233	3	31	1668	7	554	0	643	O06924	O06924.1
madC	sp|O06926.1|	RecName: Full=Malonyl-S-ACP:biotin-protein carboxyltransferase MADC [Malonomonas rubra]	37.984	258	149	3	4	747	5	261	1.32e-50	172	O06926	O06926.1
madD	sp|O06927.1|	RecName: Full=Malonyl-S-ACP:biotin-protein carboxyltransferase MADD [Malonomonas rubra]	34.043	235	134	6	76	747	42	266	7.77e-25	103	O06927	O06927.1
maeB	sp|E1V8J1.1|	RecName: Full=NADP-dependent malic enzyme; Short=NADP-ME; AltName: Full=Malic enzyme [Halomonas elongata DSM 2581]	76.247	421	99	1	1	1260	1	421	0	662	E1V8J1	E1V8J1.1
maiA	sp|Q88FY4.1|	RecName: Full=Maleate isomerase; AltName: Full=Maleate cis-trans isomerase; AltName: Full=Nicotinate degradation protein E [Pseudomonas putida KT2440]	90.8	250	23	0	1	750	1	250	2.8e-167	464	Q88FY4	Q88FY4.1
malK	sp|Q1CC21.1|	RecName: Full=Maltose/maltodextrin import ATP-binding protein MalK [Yersinia pestis Antiqua]	55.462	357	158	1	1	1068	1	357	2.2699999999999998e-136	396	Q1CC21	Q1CC21.1
malP	sp|P0AC86.1|	RecName: Full=Glycogen phosphorylase [Escherichia coli K-12]	49.501	802	397	5	34	2436	14	808	0	777	P0AC86	P0AC86.1
malQ	sp|P15977.2|	RecName: Full=4-alpha-glucanotransferase; AltName: Full=Amylomaltase; AltName: Full=Disproportionating enzyme; Short=D-enzyme [Escherichia coli K-12]	31.05	686	442	9	1	2010	1	671	4.2799999999999995e-99	322	P15977	P15977.2
malT_1	sp|O32197.1|	RecName: Full=Transcriptional regulatory protein LiaR [Bacillus subtilis subsp. subtilis str. 168]	39.252	107	60	1	2167	2472	98	204	1.26e-8	59.7	O32197	O32197.1
malT_2	sp|P9WMF8.1|	RecName: Full=DNA-binding transcriptional activator DevR/DosR [Mycobacterium tuberculosis CDC1551]	36.538	104	56	2	1153	1452	109	206	2.51e-9	60.8	P9WMF8	P9WMF8.1
malT_3	sp|Q7TXA9.1|	RecName: Full=Serine/threonine-protein kinase PknK; AltName: Full=Protein kinase K [Mycobacterium tuberculosis variant bovis AF2122/97]	32.135	445	287	9	91	1413	333	766	4.4099999999999996e-35	148	Q7TXA9	Q7TXA9.1
mamB	sp|Q10LJ2.1|	RecName: Full=Metal tolerance protein 2; Short=OsMTP2 [Oryza sativa Japonica Group]	34.589	292	166	2	67	867	75	366	5.45e-36	136	Q10LJ2	Q10LJ2.1
map_1	sp|P0AE18.1|	RecName: Full=Methionine aminopeptidase; Short=MAP; Short=MetAP; AltName: Full=Peptidase M [Escherichia coli K-12]	63.707	259	93	1	1	774	1	259	1.9399999999999997e-118	342	P0AE18	P0AE18.1
map_2	sp|P0AE18.1|	RecName: Full=Methionine aminopeptidase; Short=MAP; Short=MetAP; AltName: Full=Peptidase M [Escherichia coli K-12]	51.822	247	119	0	4	744	5	251	2.05e-89	268	P0AE18	P0AE18.1
marR	sp|P0A2T4.1|	RecName: Full=Multiple antibiotic resistance protein MarR [Salmonella enterica subsp. enterica serovar Typhimurium str. LT2]	41.176	119	69	1	73	426	25	143	7.91e-19	80.9	P0A2T4	P0A2T4.1
mazG	sp|P0AEY3.1|	RecName: Full=Nucleoside triphosphate pyrophosphohydrolase; Short=NTP-PPase [Escherichia coli K-12]	50.181	277	120	4	1	819	1	263	1.01e-72	226	P0AEY3	P0AEY3.1
mbtH	sp|P59965.1|	RecName: Full=Protein MbtH [Mycobacterium tuberculosis variant bovis AF2122/97]	46.97	66	35	0	4	201	3	68	9.1e-18	72.8	P59965	P59965.1
mcbC	sp|P23185.1|	RecName: Full=Microcin B17-processing protein McbC [Escherichia coli]	35.857	251	142	4	61	786	23	263	8.74e-43	150	P23185	P23185.1
mcbD	sp|P23186.1|	RecName: Full=Microcin B17-processing protein McbD [Escherichia coli]	33.249	394	244	10	37	1191	13	396	8.559999999999999e-60	202	P23186	P23186.1
mcbR	sp|O05494.1|	RecName: Full=Uncharacterized HTH-type transcriptional regulator YdhC [Bacillus subtilis subsp. subtilis str. 168]	38.028	71	44	0	34	246	15	85	6.01e-7	52	O05494	O05494.1
mcpA	sp|Q88KP1.1|	RecName: Full=Methyl-accepting chemotaxis protein McpA [Pseudomonas putida KT2440]	78.185	628	135	1	1	1878	16	643	0	882	Q88KP1	Q88KP1.1
mcpP_1	sp|Q88IY8.1|	RecName: Full=Methyl-accepting chemotaxis protein McpP [Pseudomonas putida KT2440]	71.691	544	154	0	1	1632	1	544	0	657	Q88IY8	Q88IY8.1
mcpP_2	sp|Q9I0I6.1|	RecName: Full=Methyl-accepting chemotaxis protein CtpM [Pseudomonas aeruginosa PAO1]	69.832	537	161	1	70	1677	25	561	0	634	Q9I0I6	Q9I0I6.1
mcpQ_1	sp|Q88D09.1|	RecName: Full=Methyl-accepting chemotaxis protein McpQ [Pseudomonas putida KT2440]	49.61	641	314	4	1	1905	1	638	9.33e-113	354	Q88D09	Q88D09.1
mcpQ_2	sp|Q88D09.1|	RecName: Full=Methyl-accepting chemotaxis protein McpQ [Pseudomonas putida KT2440]	66.144	638	216	0	1	1914	1	638	0	608	Q88D09	Q88D09.1
mcpS	sp|Q88E10.1|	RecName: Full=Methyl-accepting chemotaxis protein McpS [Pseudomonas putida KT2440]	70.469	640	187	2	1	1917	1	639	0	637	Q88E10	Q88E10.1
mcpU_1	sp|Q9I0I4.1|	RecName: Full=Methyl-accepting chemotaxis protein TlpQ; AltName: Full=TlpQ chemoreceptor [Pseudomonas aeruginosa PAO1]	55.289	709	314	3	13	2133	6	713	0	572	Q9I0I4	Q9I0I4.1
mcpU_2	sp|Q9I0I4.1|	RecName: Full=Methyl-accepting chemotaxis protein TlpQ; AltName: Full=TlpQ chemoreceptor [Pseudomonas aeruginosa PAO1]	68.768	714	222	1	1	2142	1	713	0	812	Q9I0I4	Q9I0I4.1
mdaB	sp|P0AEY5.1|	RecName: Full=NADPH:quinone oxidoreductase MdaB; AltName: Full=Modulator of drug activity B [Escherichia coli K-12]	61.458	192	74	0	1	576	1	192	9.359999999999998e-87	256	P0AEY5	P0AEY5.1
mdcC	sp|C3K3I7.1|	RecName: Full=Malonate decarboxylase acyl carrier protein; AltName: Full=Malonate decarboxylase subunit delta [Pseudomonas [fluorescens] SBW25]	95.96	99	4	0	1	297	1	99	3.63e-65	194	C3K3I7	C3K3I7.1
mdcG	sp|Q3K5C0.1|	RecName: Full=Phosphoribosyl-dephospho-CoA transferase; AltName: Full=Malonate decarboxylase holo-[acyl-carrier-protein] synthase; Short=Holo-ACP synthase [Pseudomonas fluorescens Pf0-1]	63.402	194	69	1	7	582	7	200	3.8099999999999995e-67	207	Q3K5C0	Q3K5C0.1
mdeA	sp|A0A0J6G7P5.1|	RecName: Full=L-methionine gamma-lyase; Short=MGL [Pseudomonas deceptionensis]	79.494	395	81	0	1	1185	1	395	0	642	A0A0J6G7P5	A0A0J6G7P5.1
mdoD	sp|C3KDR8.1|	RecName: Full=Glucans biosynthesis protein D; Flags: Precursor [Pseudomonas [fluorescens] SBW25]	98.152	541	10	0	1	1623	1	541	0	1067	C3KDR8	C3KDR8.1
mdoG	sp|B1J2R3.1|	RecName: Full=Glucans biosynthesis protein G; Flags: Precursor [Pseudomonas putida W619]	70.266	602	148	4	1	1782	1	579	0	856	B1J2R3	B1J2R3.1
mdrP_1	sp|P31126.2|	RecName: Full=Uncharacterized MFS-type transporter YdeE [Escherichia coli K-12]	35.15	367	230	3	76	1167	23	384	4.2299999999999995e-56	192	P31126	P31126.2
mdrP_2	sp|P31126.2|	RecName: Full=Uncharacterized MFS-type transporter YdeE [Escherichia coli K-12]	32.07	343	229	4	130	1152	45	385	3.2799999999999996e-47	168	P31126	P31126.2
mdrP_3	sp|P31126.2|	RecName: Full=Uncharacterized MFS-type transporter YdeE [Escherichia coli K-12]	35.311	354	217	3	76	1122	23	369	6.910000000000001e-58	197	P31126	P31126.2
mdtA_1	sp|B1JSD5.1|	RecName: Full=Multidrug resistance protein MdtA; AltName: Full=Multidrug transporter MdtA; Flags: Precursor [Yersinia pseudotuberculosis YPIII]	50.459	327	155	3	157	1119	72	397	3.3799999999999993e-96	296	B1JSD5	B1JSD5.1
mdtA_3	sp|Q57500.2|	RecName: Full=Uncharacterized protein HI_0894 [Haemophilus influenzae Rd KW20]	31.792	346	221	5	130	1131	22	364	5.04e-39	146	Q57500	Q57500.2
mdtA_6	sp|D2BTK6.1|	RecName: Full=Multidrug resistance protein MdtA; AltName: Full=Multidrug transporter MdtA; Flags: Precursor [Dickeya parazeae Ech586]	50.513	390	183	5	49	1194	6	393	1.4799999999999997e-119	358	D2BTK6	D2BTK6.1
mdtA_8	sp|B7MWY7.1|	RecName: Full=Multidrug resistance protein MdtA; AltName: Full=Multidrug transporter MdtA; Flags: Precursor [Escherichia coli ED1a]	38.576	337	200	3	115	1119	61	392	1.67e-69	227	B7MWY7	B7MWY7.1
mdtB_1	sp|D0JNB0.2|	RecName: Full=Multidrug resistance protein MdtB; AltName: Full=Multidrug transporter MdtB [Yersinia pestis D182038]	58.783	1019	404	5	10	3030	13	1027	0	1011	D0JNB0	D0JNB0.2
mdtB_2	sp|D0JNB0.2|	RecName: Full=Multidrug resistance protein MdtB; AltName: Full=Multidrug transporter MdtB [Yersinia pestis D182038]	66.21	1021	344	1	10	3072	13	1032	0	1222	D0JNB0	D0JNB0.2
mdtB_3	sp|D0JNB0.2|	RecName: Full=Multidrug resistance protein MdtB; AltName: Full=Multidrug transporter MdtB [Yersinia pestis D182038]	49.409	1016	507	3	19	3051	12	1025	0	850	D0JNB0	D0JNB0.2
mdtC_1	sp|Q6D2B1.1|	RecName: Full=Multidrug resistance protein MdtB; AltName: Full=Multidrug transporter MdtB [Pectobacterium atrosepticum SCRI1043]	48.734	987	502	2	85	3033	38	1024	0	854	Q6D2B1	Q6D2B1.1
mdtC_2	sp|B1JSD3.1|	RecName: Full=Multidrug resistance protein MdtC; AltName: Full=Multidrug transporter MdtC [Yersinia pseudotuberculosis YPIII]	56.078	1020	444	3	1	3060	1	1016	0	1006	B1JSD3	B1JSD3.1
mdtC_3~~~mdtC_4~~~mdtC_1	sp|B1JSD3.1|	RecName: Full=Multidrug resistance protein MdtC; AltName: Full=Multidrug transporter MdtC [Yersinia pseudotuberculosis YPIII]	54.623	1049	432	5	1	3108	1	1018	0	999	B1JSD3	B1JSD3.1
mdtD_1	sp|P9WG90.1|	RecName: Full=Multidrug resistance protein Stp; AltName: Full=Spectinomycin tetracycline efflux pump [Mycobacterium tuberculosis CDC1551]	32.692	416	273	3	88	1323	17	429	2.73e-39	153	P9WG90	P9WG90.1
mdtD_2	sp|P44927.1|	RecName: Full=Multidrug export protein EmrB [Haemophilus influenzae Rd KW20]	34.459	148	97	0	49	492	29	176	2.31e-14	78.2	P44927	P44927.1
mdtD_3	sp|Q180E3.1|	RecName: Full=Riboflavin transporter RibZ [Clostridioides difficile 630]	31.892	185	123	1	25	570	8	192	3.25e-7	55.8	Q180E3	Q180E3.1
mdtK	sp|Q88BA2.1|	RecName: Full=Probable multidrug resistance protein NorM; AltName: Full=Multidrug-efflux transporter [Pseudomonas syringae pv. tomato str. DC3000]	70.133	452	135	0	1	1356	1	452	0	580	Q88BA2	Q88BA2.1
mdtL	sp|Q1RI77.1|	RecName: Full=Uncharacterized transporter RBE_0856 [Rickettsia bellii RML369-C]	30.942	223	152	1	31	693	13	235	1.14e-20	95.9	Q1RI77	Q1RI77.1
melD_1	sp|O58968.1|	RecName: Full=Probable ABC transporter permease protein PH1215 [Pyrococcus horikoshii OT3]	37.815	238	147	1	169	879	47	284	3.87e-39	142	O58968	O58968.1
menB	sp|Q5SKU3.1|	RecName: Full=Putative enoyl-CoA hydratase; AltName: Full=TtECH [Thermus thermophilus HB8]	32.245	245	165	1	49	783	10	253	1.14e-37	136	Q5SKU3	Q5SKU3.1
menE	sp|Q7TYX8.2|	RecName: Full=Long-chain-fatty-acid--CoA ligase FadD15; Short=FACL; AltName: Full=Acyl-CoA synthetase [Mycobacterium tuberculosis variant bovis AF2122/97]	30.709	254	147	5	793	1467	347	600	9.27e-28	120	Q7TYX8	Q7TYX8.2
menH_2	sp|Q7MPY0.2|	RecName: Full=Pimeloyl-[acyl-carrier protein] methyl ester esterase; AltName: Full=Biotin synthesis protein BioH; AltName: Full=Carboxylesterase BioH [Vibrio vulnificus YJ016]	30	110	70	1	121	450	9	111	3.08e-8	57	Q7MPY0	Q7MPY0.2
menH_3	sp|P9WLC7.1|	RecName: Full=Uncharacterized protein Rv2307c [Mycobacterium tuberculosis H37Rv]	41.315	213	109	7	214	837	62	263	2.3400000000000002e-29	116	P9WLC7	P9WLC7.1
menH_4	sp|A2BGU9.1|	RecName: Full=Serine hydrolase-like protein [Danio rerio]	32.632	285	177	5	1	813	16	299	1.13e-42	151	A2BGU9	A2BGU9.1
menI	sp|Q97YR6.1|	RecName: Full=Putative esterase SSO1253 [Saccharolobus solfataricus P2]	31.746	126	84	2	4	378	14	138	8.56e-14	66.6	Q97YR6	Q97YR6.1
mepA	sp|O34474.2|	RecName: Full=Multidrug resistance transport protein YoeA; AltName: Full=Plipastatin efflux protein; AltName: Full=Plipastatin transporter; AltName: Full=Transport efflux protein YoeA [Bacillus subtilis subsp. subtilis str. 168]	40.749	454	264	2	7	1353	9	462	1.32e-95	298	O34474	O34474.2
merR1_1	sp|P45277.1|	RecName: Full=HTH-type transcriptional regulator ZntR homolog [Haemophilus influenzae Rd KW20]	54.737	95	43	0	1	285	1	95	7.880000000000001e-33	115	P45277	P45277.1
merR1_2	sp|P58379.1|	RecName: Full=Heavy metal-dependent transcription regulator 2 [Sinorhizobium meliloti 1021]	34.167	120	71	3	1	357	1	113	7.18e-13	64.3	P58379	P58379.1
metC	sp|Q83A83.1|	RecName: Full=Cystathionine beta-lyase; Short=CBL; AltName: Full=Beta-cystathionase; AltName: Full=Cysteine lyase; AltName: Full=Cysteine-S-conjugate beta-lyase [Coxiella burnetii RSA 493]	65.312	369	128	0	16	1122	8	376	0	528	Q83A83	Q83A83.1
metE	sp|Q4KE22.1|	RecName: Full=5-methyltetrahydropteroyltriglutamate--homocysteine methyltransferase; AltName: Full=Cobalamin-independent methionine synthase; AltName: Full=Methionine synthase, vitamin-B12 independent isozyme [Pseudomonas protegens Pf-5]	90.146	751	74	0	1	2253	1	751	0	1359	Q4KE22	Q4KE22.1
metF	sp|O67422.1|	RecName: Full=5,10-methylenetetrahydrofolate reductase [Aquifex aeolicus VF5]	43.066	274	153	1	22	834	15	288	4.5400000000000005e-80	246	O67422	O67422.1
metG	sp|C3KBZ7.1|	RecName: Full=Methionine--tRNA ligase; AltName: Full=Methionyl-tRNA synthetase; Short=MetRS [Pseudomonas [fluorescens] SBW25]	98.389	683	11	0	1	2049	1	683	0	1402	C3KBZ7	C3KBZ7.1
metH	sp|Q9I2Q2.1|	RecName: Full=Methionine synthase; AltName: Full=5-methyltetrahydrofolate--homocysteine methyltransferase; AltName: Full=Methionine synthase, vitamin-B12 dependent; Short=MS [Pseudomonas aeruginosa PAO1]	85.922	1236	168	1	1	3708	5	1234	0	2180	Q9I2Q2	Q9I2Q2.1
metI	sp|Q9KTJ6.1|	RecName: Full=Probable D-methionine transport system permease protein MetI [Vibrio cholerae O1 biovar El Tor str. N16961]	55.45	211	94	0	28	660	15	225	4.53e-35	127	Q9KTJ6	Q9KTJ6.1
metK	sp|C3K3F5.1|	RecName: Full=S-adenosylmethionine synthase; Short=AdoMet synthase; AltName: Full=MAT; AltName: Full=Methionine adenosyltransferase [Pseudomonas [fluorescens] SBW25]	98.485	396	6	0	82	1269	1	396	0	806	C3K3F5	C3K3F5.1
metN_1	sp|Q4KBU0.1|	RecName: Full=Methionine import ATP-binding protein MetN 3 [Pseudomonas protegens Pf-5]	74.583	240	61	0	1	720	1	240	3.9899999999999994e-101	300	Q4KBU0	Q4KBU0.1
metN_2	sp|Q3KJS6.1|	RecName: Full=Methionine import ATP-binding protein MetN 2 [Pseudomonas fluorescens Pf0-1]	85.829	374	50	1	1	1113	1	374	0	611	Q3KJS6	Q3KJS6.1
metN_3	sp|Q3KK97.1|	RecName: Full=Methionine import ATP-binding protein MetN 1 [Pseudomonas fluorescens Pf0-1]	94.925	335	17	0	1	1005	1	335	0	645	Q3KK97	Q3KK97.1
metP_1	sp|Q9KTJ6.1|	RecName: Full=Probable D-methionine transport system permease protein MetI [Vibrio cholerae O1 biovar El Tor str. N16961]	52.995	217	98	1	4	642	9	225	4.44e-50	165	Q9KTJ6	Q9KTJ6.1
metP_2	sp|Q9KTJ6.1|	RecName: Full=Probable D-methionine transport system permease protein MetI [Vibrio cholerae O1 biovar El Tor str. N16961]	56.8	125	54	0	289	663	101	225	1.67e-20	89	Q9KTJ6	Q9KTJ6.1
metP_3	sp|Q8X800.1|	RecName: Full=D-methionine transport system permease protein MetI [Escherichia coli O157:H7]	52.571	175	83	0	148	672	43	217	6.36e-37	131	Q8X800	Q8X800.1
metQ_1	sp|Q9CK95.1|	RecName: Full=Probable D-methionine-binding lipoprotein MetQ; AltName: Full=Outer membrane lipoprotein 1; Flags: Precursor [Pasteurella multocida subsp. multocida str. Pm70]	36.522	230	138	3	94	774	49	273	1.47e-44	154	Q9CK95	Q9CK95.1
metQ_2	sp|Q9CK95.1|	RecName: Full=Probable D-methionine-binding lipoprotein MetQ; AltName: Full=Outer membrane lipoprotein 1; Flags: Precursor [Pasteurella multocida subsp. multocida str. Pm70]	41.423	239	136	3	61	768	39	276	1.94e-57	187	Q9CK95	Q9CK95.1
metQ_3	sp|Q9CK95.1|	RecName: Full=Probable D-methionine-binding lipoprotein MetQ; AltName: Full=Outer membrane lipoprotein 1; Flags: Precursor [Pasteurella multocida subsp. multocida str. Pm70]	44.538	238	129	2	64	771	40	276	8.28e-65	206	Q9CK95	Q9CK95.1
metQ_4	sp|Q9CK95.1|	RecName: Full=Probable D-methionine-binding lipoprotein MetQ; AltName: Full=Outer membrane lipoprotein 1; Flags: Precursor [Pasteurella multocida subsp. multocida str. Pm70]	48.536	239	120	2	70	780	39	276	5.930000000000001e-70	219	Q9CK95	Q9CK95.1
metR_1	sp|P0DUU5.1|	RecName: Full=HTH-type transcriptional regulator AceR [Acinetobacter baumannii ATCC 17978]	30.796	289	187	7	7	846	4	288	2.93e-27	110	P0DUU5	P0DUU5.1
metR_2	sp|P45349.1|	RecName: Full=HTH-type transcriptional regulator MetR [Haemophilus influenzae Rd KW20]	46.382	304	162	1	4	915	6	308	8.069999999999999e-88	268	P45349	P45349.1
metXS	sp|C3K3L0.1|	RecName: Full=Homoserine O-succinyltransferase; Short=HST; AltName: Full=Homoserine transsuccinylase; Short=HTS [Pseudomonas [fluorescens] SBW25]	97.889	379	8	0	1	1137	1	379	0	775	C3K3L0	C3K3L0.1
metZ_1	sp|Q07703.3|	RecName: Full=Cystathionine beta-lyase; Short=CBL; AltName: Full=Beta-cystathionase; AltName: Full=Cysteine lyase; AltName: Full=Cysteine-S-conjugate beta-lyase; AltName: Full=Osteotoxin [Bordetella avium]	46.341	369	192	5	1591	2685	26	392	5.939999999999999e-101	323	Q07703	Q07703.3
metZ_2	sp|P55218.1|	RecName: Full=O-succinylhomoserine sulfhydrylase; Short=OSH sulfhydrylase; Short=OSHS sulfhydrylase [Pseudomonas aeruginosa PAO1]	81.886	403	73	0	1	1209	1	403	0	656	P55218	P55218.1
mexA	sp|P52477.1|	RecName: Full=Multidrug resistance protein MexA; Flags: Precursor [Pseudomonas aeruginosa PAO1]	44.944	356	179	4	64	1131	25	363	1.64e-92	285	P52477	P52477.1
mexA_2	sp|P52477.1|	RecName: Full=Multidrug resistance protein MexA; Flags: Precursor [Pseudomonas aeruginosa PAO1]	44.715	369	182	8	19	1110	7	358	2.4099999999999997e-88	275	P52477	P52477.1
mexB	sp|O52248.2|	RecName: Full=Toluene efflux pump membrane transporter TtgB [Pseudomonas putida DOT-T1E]	54.788	1013	454	3	1	3027	1	1013	0	996	O52248	O52248.2
mexB_2	sp|P52002.2|	RecName: Full=Multidrug resistance protein MexB; AltName: Full=Multidrug-efflux transporter MexB [Pseudomonas aeruginosa PAO1]	49.033	1034	518	5	1	3084	1	1031	0	964	P52002	P52002.2
mfd	sp|P30958.2|	RecName: Full=Transcription-repair-coupling factor; Short=TRCF [Escherichia coli K-12]	56.833	1105	472	4	121	3432	42	1142	0	1218	P30958	P30958.2
mglA~~~rbsA_1	sp|Q398W2.1|	RecName: Full=Ribose import ATP-binding protein RbsA 2 [Burkholderia lata]	63.817	503	181	1	1	1506	1	503	0	634	Q398W2	Q398W2.1
mgtA_1	sp|Q8NT41.1|	RecName: Full=GDP-mannose-dependent alpha-mannosyltransferase; AltName: Full=Guanosine diphosphomannose-dependent alpha-mannosyltransferase [Corynebacterium glutamicum ATCC 13032]	32.546	381	236	7	49	1167	7	374	5.309999999999999e-43	158	Q8NT41	Q8NT41.1
mgtA_2	sp|P0ABB8.1|	RecName: Full=Magnesium-transporting ATPase, P-type 1; AltName: Full=Mg(2+) transport ATPase, P-type 1 [Escherichia coli K-12]	63.898	903	315	4	13	2703	1	898	0	1143	P0ABB8	P0ABB8.1
mgtB	sp|P22036.3|	RecName: Full=Magnesium-transporting ATPase, P-type 1; AltName: Full=Mg(2+) transport ATPase, P-type 1 [Salmonella enterica subsp. enterica serovar Typhimurium str. LT2]	68.907	878	272	1	82	2712	31	908	0	1199	P22036	P22036.3
mgtC	sp|Q2YIG0.1|	RecName: Full=Protein MgtC [Brucella abortus 2308]	43.721	215	113	2	64	696	16	226	1.36e-40	142	Q2YIG0	Q2YIG0.1
mhqP	sp|P96694.1|	RecName: Full=Putative oxidoreductase MhqP [Bacillus subtilis subsp. subtilis str. 168]	43.137	102	58	0	46	351	5	106	3.62e-16	73.2	P96694	P96694.1
miaA	sp|C3KDW2.1|	RecName: Full=tRNA dimethylallyltransferase; AltName: Full=Dimethylallyl diphosphate:tRNA dimethylallyltransferase; Short=DMAPP:tRNA dimethylallyltransferase; Short=DMATase; AltName: Full=Isopentenyl-diphosphate:tRNA isopentenyltransferase; Short=IPP transferase; Short=IPPT; Short=IPTase [Pseudomonas [fluorescens] SBW25]	97.214	323	9	0	1	969	1	323	0	537	C3KDW2	C3KDW2.1
miaB	sp|Q4K5I3.1|	RecName: Full=tRNA-2-methylthio-N(6)-dimethylallyladenosine synthase; AltName: Full=(Dimethylallyl)adenosine tRNA methylthiotransferase MiaB; AltName: Full=tRNA-i(6)A37 methylthiotransferase [Pseudomonas protegens Pf-5]	97.059	442	13	0	1	1326	1	442	0	898	Q4K5I3	Q4K5I3.1
minC	sp|C3K0D3.1|	RecName: Full=Probable septum site-determining protein MinC [Pseudomonas [fluorescens] SBW25]	95.918	245	10	0	1	735	1	245	4.169999999999999e-133	378	C3K0D3	C3K0D3.1
minD	sp|P0AEZ3.2|	RecName: Full=Septum site-determining protein MinD; AltName: Full=Cell division inhibitor MinD [Escherichia coli K-12]	72.8	250	67	1	61	807	21	270	5.789999999999999e-133	379	P0AEZ3	P0AEZ3.2
minE	sp|C3K0D5.1|	RecName: Full=Cell division topological specificity factor [Pseudomonas [fluorescens] SBW25]	100	84	0	0	1	252	1	84	6.15e-58	175	C3K0D5	C3K0D5.1
mip	sp|P30417.2|	RecName: Full=Probable FKBP-type 25 kDa peptidyl-prolyl cis-trans isomerase; Short=PPIase; AltName: Full=Rotamase [Pseudomonas aeruginosa PAO1]	54.688	192	81	2	97	672	42	227	1.03e-60	192	P30417	P30417.2
mkl	sp|P30769.2|	RecName: Full=Probable ribonucleotide transport ATP-binding protein mkl [Mycobacterium leprae TN]	38.306	248	152	1	16	759	9	255	1.91e-36	135	P30769	P30769.2
mlaA	sp|P76506.1|	RecName: Full=Intermembrane phospholipid transport system lipoprotein MlaA; Flags: Precursor [Escherichia coli K-12]	35.135	222	131	7	19	654	5	223	1.46e-29	114	P76506	P76506.1
mlaD	sp|P64604.1|	RecName: Full=Intermembrane phospholipid transport system binding protein MlaD [Escherichia coli K-12]	48	125	60	1	106	465	36	160	8.81e-34	120	P64604	P64604.1
mlaE	sp|P64606.1|	RecName: Full=Intermembrane phospholipid transport system permease protein MlaE [Escherichia coli K-12]	59.846	259	104	0	16	792	2	260	1.65e-103	304	P64606	P64606.1
mlaF	sp|P45031.1|	RecName: Full=Intermembrane phospholipid transport system ATP-binding protein MlaF [Haemophilus influenzae Rd KW20]	58.015	262	110	0	13	798	2	263	4.64e-105	308	P45031	P45031.1
mltA	sp|P0A935.1|	RecName: Full=Membrane-bound lytic murein transglycosylase A; AltName: Full=Mlt38; AltName: Full=Murein hydrolase A; Flags: Precursor [Escherichia coli K-12]	32.404	287	158	7	298	1134	95	353	9.13e-31	124	P0A935	P0A935.1
mltB	sp|P41052.1|	RecName: Full=Membrane-bound lytic murein transglycosylase B; AltName: Full=35 kDa soluble lytic transglycosylase; AltName: Full=Murein hydrolase B; AltName: Full=Slt35; Flags: Precursor [Escherichia coli K-12]	47.284	313	151	4	94	1005	52	359	1.75e-77	244	P41052	P41052.1
mltD	sp|P0AEZ7.1|	RecName: Full=Membrane-bound lytic murein transglycosylase D; AltName: Full=Murein hydrolase D; AltName: Full=Regulatory protein DniR; Flags: Precursor [Escherichia coli K-12]	40.481	457	247	8	52	1398	3	442	1.47e-103	319	P0AEZ7	P0AEZ7.1
mltF_1	sp|Q9I310.1|	RecName: Full=Bifunctional diguanylate cyclase/cyclic di-GMP phosphodiesterase MucR; Short=DGC/PDE; AltName: Full=c-di-GMP-synthesizing enzyme [Pseudomonas aeruginosa PAO1]	45.475	453	241	2	2311	3669	232	678	3.959999999999999e-119	389	Q9I310	Q9I310.1
mltF_2	sp|O32198.1|	RecName: Full=Sensor histidine kinase LiaS [Bacillus subtilis subsp. subtilis str. 168]	30.043	233	158	4	1297	1986	114	344	6.3e-20	95.5	O32198	O32198.1
mltF_4	sp|Q4KHS7.2|	RecName: Full=Membrane-bound lytic murein transglycosylase F; AltName: Full=Murein lyase F; Flags: Precursor [Pseudomonas protegens Pf-5]	89.44	464	49	0	1	1392	23	486	0	869	Q4KHS7	Q4KHS7.2
mltG	sp|P44720.1|	RecName: Full=Endolytic murein transglycosylase; AltName: Full=Peptidoglycan lytic transglycosylase; AltName: Full=Peptidoglycan polymerization terminase [Haemophilus influenzae Rd KW20]	36.278	317	195	1	61	990	20	336	1.3499999999999999e-68	223	P44720	P44720.1
mmgC_1	sp|P45857.3|	RecName: Full=Acyl-CoA dehydrogenase [Bacillus subtilis subsp. subtilis str. 168]	38.587	368	224	2	40	1140	9	375	3.93e-75	240	P45857	P45857.3
mmgC_2	sp|Q75IM9.2|	RecName: Full=Isovaleryl-CoA dehydrogenase, mitochondrial; Short=IVD; Flags: Precursor [Oryza sativa Japonica Group]	65.957	376	126	1	34	1155	33	408	0	524	Q75IM9	Q75IM9.2
mmgC_3	sp|P45857.3|	RecName: Full=Acyl-CoA dehydrogenase [Bacillus subtilis subsp. subtilis str. 168]	47.733	375	196	0	1	1125	1	375	1.56e-113	338	P45857	P45857.3
mmgC_4	sp|P45857.3|	RecName: Full=Acyl-CoA dehydrogenase [Bacillus subtilis subsp. subtilis str. 168]	52.957	372	175	0	19	1134	4	375	7.499999999999999e-112	334	P45857	P45857.3
mmgC_5	sp|P15650.1|	RecName: Full=Long-chain specific acyl-CoA dehydrogenase, mitochondrial; Short=LCAD; AltName: Full=Medium-chain acyl-CoA dehydrogenase, mitochondrial; Flags: Precursor [Rattus norvegicus]	55.703	377	165	1	10	1134	50	426	8.249999999999999e-153	440	P15650	P15650.1
mmgC_6	sp|Q54R47.1|	RecName: Full=Glutaryl-CoA dehydrogenase, mitochondrial; Short=GCD; Flags: Precursor [Dictyostelium discoideum]	67.183	387	123	2	19	1176	37	420	2.65e-173	493	Q54R47	Q54R47.1
mmsA_1	sp|Q0WM29.2|	RecName: Full=Methylmalonate-semialdehyde dehydrogenase [acylating], mitochondrial; Short=MM-ALDH; Short=MMSDH; Short=Malonate-semialdehyde dehydrogenase [acylating]; AltName: Full=Aldehyde dehydrogenase family 6 member B2; Flags: Precursor [Arabidopsis thaliana]	61.506	478	184	0	31	1464	113	590	0	592	Q0WM29	Q0WM29.2
mmsB_1	sp|Q54CX6.1|	RecName: Full=Probable 3-hydroxyisobutyrate dehydrogenase, mitochondrial; Short=HIBADH; Flags: Precursor [Dictyostelium discoideum]	53.608	291	135	0	7	879	25	315	3.79e-99	296	Q54CX6	Q54CX6.1
mneA	sp|A0A0H3AJF5.1|	RecName: Full=Putative manganese exporter; AltName: Full=Manganese exporter A [Vibrio cholerae O395]	54.891	184	80	2	94	642	3	184	2.05e-50	166	A0A0H3AJF5	A0A0H3AJF5.1
mngR	sp|Q9K492.1|	RecName: Full=HTH-type transcriptional repressor DasR [Streptomyces coelicolor A3(2)]	31.739	230	153	3	25	714	20	245	8.88e-17	80.1	Q9K492	Q9K492.1
mnhC1	sp|Q52980.1|	RecName: Full=Probable K(+)/H(+) antiporter subunit C; AltName: Full=pH adaptation potassium efflux system protein C; Short=Pha system subunit C [Sinorhizobium meliloti 1021]	68.142	113	36	0	1	339	1	113	1.3099999999999999e-48	154	Q52980	Q52980.1
mnmA	sp|C3JY68.1|	RecName: Full=tRNA-specific 2-thiouridylase MnmA [Pseudomonas [fluorescens] SBW25]	97.326	374	10	0	1	1122	1	374	0	697	C3JY68	C3JY68.1
mnmC_2	sp|Q4K8K9.1|	RecName: Full=tRNA 5-methylaminomethyl-2-thiouridine biosynthesis bifunctional protein MnmC; Short=tRNA mnm(5)s(2)U biosynthesis bifunctional protein; Includes: RecName: Full=tRNA (mnm(5)s(2)U34)-methyltransferase; Includes: RecName: Full=FAD-dependent cmnm(5)s(2)U34 oxidoreductase [Pseudomonas protegens Pf-5]	80.945	656	123	1	10	1977	5	658	0	974	Q4K8K9	Q4K8K9.1
mnmE	sp|Q3K429.1|	RecName: Full=tRNA modification GTPase MnmE [Pseudomonas fluorescens Pf0-1]	94.298	456	26	0	1	1368	1	456	0	760	Q3K429	Q3K429.1
mnmG	sp|Q4K399.1|	RecName: Full=tRNA uridine 5-carboxymethylaminomethyl modification enzyme MnmG; AltName: Full=Glucose-inhibited division protein A [Pseudomonas protegens Pf-5]	96.032	630	25	0	1	1890	1	630	0	1248	Q4K399	Q4K399.1
mntC	sp|P42361.1|	RecName: Full=Manganese import system permease protein ScaB; AltName: Full=ORF2 [Streptococcus gordonii]	30.37	270	184	2	37	846	11	276	1.21e-25	105	P42361	P42361.1
mntH	sp|Q9RPF3.2|	RecName: Full=Divalent metal cation transporter MntH 1 [Pseudomonas aeruginosa PAO1]	71.167	437	126	0	1	1311	1	437	0	551	Q9RPF3	Q9RPF3.2
mntP	sp|Q48FX8.1|	RecName: Full=Manganese exporter MntP [Pseudomonas savastanoi pv. phaseolicola 1448A]	78.723	188	39	1	1	561	1	188	1.25e-84	250	Q48FX8	Q48FX8.1
moaA	sp|Q4L8D2.1|	RecName: Full=GTP 3',8-cyclase; AltName: Full=Molybdenum cofactor biosynthesis protein A [Staphylococcus haemolyticus JCSC1435]	38.516	283	159	8	4	822	5	282	6.159999999999999e-52	177	Q4L8D2	Q4L8D2.1
moaA_2	sp|Q46CH7.1|	RecName: Full=AdoMet-dependent heme synthase [Methanosarcina barkeri str. Fusaro]	31.792	173	108	6	100	591	5	176	1.96e-12	70.5	Q46CH7	Q46CH7.1
moaB	sp|P0AEZ9.2|	RecName: Full=Molybdenum cofactor biosynthesis protein B [Escherichia coli K-12]	56.442	163	71	0	25	513	8	170	1.31e-63	196	P0AEZ9	P0AEZ9.2
moaC	sp|C3KEA5.1|	RecName: Full=Cyclic pyranopterin monophosphate synthase; AltName: Full=Molybdenum cofactor biosynthesis protein C [Pseudomonas [fluorescens] SBW25]	96.178	157	6	0	1	471	1	157	7.47e-108	306	C3KEA5	C3KEA5.1
moaD	sp|P30748.2|	RecName: Full=Molybdopterin synthase sulfur carrier subunit; AltName: Full=MPT synthase subunit 1; AltName: Full=Molybdenum cofactor biosynthesis protein D; AltName: Full=Molybdopterin-converting factor small subunit; AltName: Full=Molybdopterin-converting factor subunit 1; AltName: Full=Sulfur carrier protein MoaD [Escherichia coli K-12]	52.5	80	36	1	7	240	2	81	6.97e-20	78.6	P30748	P30748.2
moaE	sp|Q9HX97.1|	RecName: Full=Molybdopterin synthase catalytic subunit; AltName: Full=MPT synthase subunit 2; AltName: Full=Molybdenum cofactor biosynthesis protein E; AltName: Full=Molybdopterin-converting factor large subunit; AltName: Full=Molybdopterin-converting factor subunit 2 [Pseudomonas aeruginosa PAO1]	83.221	149	25	0	1	447	1	149	2.88e-90	261	Q9HX97	Q9HX97.1
moaF	sp|P54796.1|	RecName: Full=Protein MoaF; Flags: Precursor [Klebsiella aerogenes]	47.232	271	131	6	1	810	1	260	9.63e-76	234	P54796	P54796.1
mobA_1	sp|C3K7L4.1|	RecName: Full=Molybdenum cofactor guanylyltransferase; Short=MoCo guanylyltransferase; AltName: Full=GTP:molybdopterin guanylyltransferase; AltName: Full=Mo-MPT guanylyltransferase; AltName: Full=Molybdopterin guanylyltransferase; AltName: Full=Molybdopterin-guanine dinucleotide synthase; Short=MGD synthase [Pseudomonas [fluorescens] SBW25]	84.5	200	31	0	46	645	1	200	4e-108	311	C3K7L4	C3K7L4.1
modA	sp|Q9I2N2.1|	RecName: Full=Tungstate/molybdate/chromate-binding protein ModA; Flags: Precursor [Pseudomonas aeruginosa PAO1]	79.909	219	44	0	109	765	33	251	6.12e-127	363	Q9I2N2	Q9I2N2.1
modB	sp|P37731.1|	RecName: Full=Molybdenum transport system permease protein ModB [Azotobacter vinelandii]	79.646	226	46	0	1	678	1	226	3.93e-121	346	P37731	P37731.1
modE	sp|P58497.1|	RecName: Full=Transcriptional regulator ModE [Yersinia pestis]	39.453	256	148	4	7	756	7	261	1.7099999999999998e-34	127	P58497	P58497.1
moeA	sp|P12281.1|	RecName: Full=Molybdopterin molybdenumtransferase; Short=MPT Mo-transferase [Escherichia coli K-12]	43.299	388	207	8	19	1155	4	387	6.039999999999999e-82	260	P12281	P12281.1
moeB	sp|P12282.1|	RecName: Full=Molybdopterin-synthase adenylyltransferase; AltName: Full=MoaD protein adenylase; AltName: Full=Molybdopterin-converting factor subunit 1 adenylase; AltName: Full=Sulfur carrier protein MoaD adenylyltransferase [Escherichia coli K-12]	54.472	246	111	1	4	741	4	248	2.65e-59	191	P12282	P12282.1
moeZ	sp|P9WMN6.1|	RecName: Full=Probable adenylyltransferase/sulfurtransferase MoeZ; Includes: RecName: Full=Sulfur carrier protein CysO adenylyltransferase; Includes: RecName: Full=Sulfur carrier protein CysO sulfurtransferase [Mycobacterium tuberculosis CDC1551]	44.086	372	197	4	16	1113	15	381	1.6e-76	244	P9WMN6	P9WMN6.1
motA	sp|P55891.1|	RecName: Full=Motility protein A; AltName: Full=Chemotaxis protein MotA [Salmonella enterica subsp. enterica serovar Typhimurium str. LT2]	43.662	284	154	3	1	843	1	281	1.27e-75	235	P55891	P55891.1
motB_1	sp|P39064.1|	RecName: Full=Uncharacterized protein YtxE [Bacillus subtilis subsp. subtilis str. 168]	30.876	217	130	5	49	693	24	222	1.92e-26	107	P39064	P39064.1
motB_2	sp|P0AF06.1|	RecName: Full=Motility protein B; AltName: Full=Chemotaxis protein MotB [Escherichia coli K-12]	37.5	328	168	7	1	936	1	307	9.719999999999999e-45	158	P0AF06	P0AF06.1
moxC	sp|O34974.1|	RecName: Full=N-acetyl-S-alkylcysteine sulfoxide monooxygenase; AltName: Full=N-acetyl-S-alkylcysteine sulfoxide lyase [Bacillus subtilis subsp. subtilis str. 168]	55.059	425	191	0	34	1308	7	431	7.229999999999999e-167	479	O34974	O34974.1
mpl	sp|P37773.3|	RecName: Full=UDP-N-acetylmuramate--L-alanyl-gamma-D-glutamyl-meso-2,6-diaminoheptandioate ligase; AltName: Full=Murein peptide ligase; AltName: Full=UDP-N-acetylmuramate:L-alanyl-gamma-D-glutamyl-meso-diaminopimelate ligase [Escherichia coli K-12]	59.465	449	181	1	1	1344	1	449	0	547	P37773	P37773.3
mqo_1	sp|Q88NF9.1|	RecName: Full=Probable malate:quinone oxidoreductase 2; AltName: Full=MQO 2; AltName: Full=Malate dehydrogenase [quinone] 2 [Pseudomonas putida KT2440]	84.6	500	77	0	64	1563	4	503	0	888	Q88NF9	Q88NF9.1
mqo_2	sp|Q887Z4.1|	RecName: Full=Probable malate:quinone oxidoreductase; AltName: Full=MQO; AltName: Full=Malate dehydrogenase [quinone] [Pseudomonas syringae pv. tomato str. DC3000]	86.454	502	68	0	1	1506	1	502	0	846	Q887Z4	Q887Z4.1
mqsR	sp|Q46865.1|	RecName: Full=mRNA interferase toxin MqsR; AltName: Full=Endoribonuclease MqsR; AltName: Full=Motility quorum-sensing regulator MqsR; AltName: Full=Toxin MqsR [Escherichia coli K-12]	39.394	99	57	2	1	297	1	96	5.11e-13	62.8	Q46865	Q46865.1
mraY	sp|C3KCS7.1|	RecName: Full=Phospho-N-acetylmuramoyl-pentapeptide-transferase; AltName: Full=UDP-MurNAc-pentapeptide phosphotransferase [Pseudomonas [fluorescens] SBW25]	98.889	360	4	0	1	1080	1	360	0	637	C3KCS7	C3KCS7.1
mraZ	sp|Q4K6I4.1|	RecName: Full=Transcriptional regulator MraZ [Pseudomonas protegens Pf-5]	98.013	151	3	0	1	453	1	151	7.79e-83	243	Q4K6I4	Q4K6I4.1
mrcA	sp|Q07806.2|	RecName: Full=Penicillin-binding protein 1A; Short=PBP-1a; Short=PBP1a; Includes: RecName: Full=Penicillin-insensitive transglycosylase; AltName: Full=Peptidoglycan TGase; Includes: RecName: Full=Penicillin-sensitive transpeptidase; AltName: Full=DD-transpeptidase [Pseudomonas aeruginosa PAO1]	72.871	822	221	2	4	2463	1	822	0	1216	Q07806	Q07806.2
mrcB	sp|Q9KUC0.1|	RecName: Full=Penicillin-binding protein 1B; Short=PBP-1b; Short=PBP1b; AltName: Full=Murein polymerase; Includes: RecName: Full=Penicillin-insensitive transglycosylase; AltName: Full=Peptidoglycan TGase; AltName: Full=Peptidoglycan glycosyltransferase; Includes: RecName: Full=Penicillin-sensitive transpeptidase; AltName: Full=DD-transpeptidase [Vibrio cholerae O1 biovar El Tor str. N16961]	44.429	700	384	5	130	2223	55	751	0	558	Q9KUC0	Q9KUC0.1
mrdA_1	sp|D0C8Z9.1|	RecName: Full=Peptidoglycan D,D-transpeptidase MrdA; AltName: Full=Class B penicillin-binding protein 2; Short=bPBP2; AltName: Full=Penicillin-binding protein 2; Short=PBP-2; Short=PBP2 [Acinetobacter baumannii ATCC 19606 = CIP 70.34 = JCM 6841]	46.895	612	317	4	1	1827	1	607	0	552	D0C8Z9	D0C8Z9.1
mrdA_2	sp|D0C8Z9.1|	RecName: Full=Peptidoglycan D,D-transpeptidase MrdA; AltName: Full=Class B penicillin-binding protein 2; Short=bPBP2; AltName: Full=Penicillin-binding protein 2; Short=PBP-2; Short=PBP2 [Acinetobacter baumannii ATCC 19606 = CIP 70.34 = JCM 6841]	44.463	614	333	4	1	1833	1	609	2.68e-178	524	D0C8Z9	D0C8Z9.1
mrdB	sp|P0ABG7.1|	RecName: Full=Peptidoglycan glycosyltransferase MrdB; Short=PGT; AltName: Full=Cell elongation protein RodA; AltName: Full=Cell wall polymerase; AltName: Full=Peptidoglycan polymerase; Short=PG polymerase; AltName: Full=Rod shape-determining protein; AltName: Full=Shape, elongation, division and sporulation glycosyltransferase RodA; Short=SEDS GT RodA [Escherichia coli K-12]	53.134	367	165	3	49	1140	6	368	1.8999999999999998e-98	300	P0ABG7	P0ABG7.1
mreB	sp|P0A9X4.1|	RecName: Full=Cell shape-determining protein MreB; AltName: Full=Actin-like MreB protein; AltName: Full=Rod shape-determining protein MreB [Escherichia coli K-12]	80.692	347	65	1	1	1035	1	347	0	564	P0A9X4	P0A9X4.1
mreC	sp|P44475.1|	RecName: Full=Cell shape-determining protein MreC; AltName: Full=Cell shape protein MreC; AltName: Full=Rod shape-determining protein MreC [Haemophilus influenzae Rd KW20]	42.857	245	140	0	55	789	29	273	4.519999999999999e-55	187	P44475	P44475.1
mreD	sp|P0ABH4.1|	RecName: Full=Rod shape-determining protein MreD [Escherichia coli K-12]	34.646	127	83	0	1	381	1	127	9.46e-9	54.7	P0ABH4	P0ABH4.1
mrkD	sp|P62605.1|	RecName: Full=Type-1 fimbrial protein, C chain; AltName: Full=Type-1C pilin; Flags: Precursor [Escherichia coli]	31.844	179	82	7	601	1125	38	180	1.82e-6	51.2	P62605	P62605.1
mro	sp|P05149.1|	RecName: Full=Aldose 1-epimerase; AltName: Full=Galactose mutarotase; AltName: Full=Type-1 mutarotase; Flags: Precursor [Acinetobacter calcoaceticus]	45.479	376	191	6	37	1137	7	377	2.86e-107	323	P05149	P05149.1
mrpA	sp|P13421.1|	RecName: Full=Fimbria A protein; Flags: Precursor [Serratia marcescens]	46.541	159	78	4	58	519	18	174	1.02e-31	115	P13421	P13421.1
mrpD	sp|Q52981.2|	RecName: Full=Probable K(+)/H(+) antiporter subunit D; AltName: Full=pH adaptation potassium efflux system protein D; Short=Pha system subunit D [Sinorhizobium meliloti 1021]	50.282	531	240	7	79	1659	28	538	4.78e-98	311	Q52981	Q52981.2
mrr	sp|P24202.1|	RecName: Full=Type IV methyl-directed restriction enzyme EcoKMrr; Short=EcoKMrr; AltName: Full=Mrr restriction system protein [Escherichia coli K-12]	36.452	310	180	9	1	900	1	303	3.7e-50	171	P24202	P24202.1
msbA_1	sp|Q9FNU2.1|	RecName: Full=ABC transporter B family member 25; Short=ABC transporter ABCB.25; Short=OsABCB25; AltName: Full=Protein ALS1 homolog; AltName: Full=Protein ALUMINUM SENSITIVE 1; Short=OsALS1 [Oryza sativa Japonica Group]	40.381	525	290	5	202	1743	107	619	8.87e-111	348	Q9FNU2	Q9FNU2.1
msbA_2	sp|Q3KJ31.1|	RecName: Full=ATP-dependent lipid A-core flippase; AltName: Full=Lipid A export ATP-binding/permease protein MsbA [Pseudomonas fluorescens Pf0-1]	90.756	595	55	0	103	1887	1	595	0	1045	Q3KJ31	Q3KJ31.1
mscK	sp|P77338.1|	RecName: Full=Mechanosensitive channel MscK; AltName: Full=Potassium efflux system KefA; Flags: Precursor [Escherichia coli K-12]	40.877	1118	624	14	13	3285	11	1118	0	617	P77338	P77338.1
mscL	sp|Q3K6I0.2|	RecName: Full=Large-conductance mechanosensitive channel [Pseudomonas fluorescens Pf0-1]	89.781	137	14	0	1	411	1	137	1.66e-75	223	Q3K6I0	Q3K6I0.2
mscS	sp|O52401.1|	RecName: Full=Small-conductance mechanosensitive channel [Edwardsiella ictaluri 93-146]	38.182	275	165	2	31	840	10	284	7.87e-46	158	O52401	O52401.1
mscS_1	sp|Q8R6L9.1|	RecName: Full=Small-conductance mechanosensitive channel [Caldanaerobacter subterraneus subsp. tengcongensis MB4]	32.645	242	148	6	1339	2049	50	281	3.17e-26	112	Q8R6L9	Q8R6L9.1
mshA_1	sp|J7I4B7.1|	RecName: Full=O-antigen chain terminator bifunctional methyltransferase/kinase WbdD; Includes: RecName: Full=3-O-phospho-polymannosyl GlcNAc-diphospho-ditrans,octacis-undecaprenol 3-phospho-methyltransferase; Includes: RecName: Full=Polymannosyl GlcNAc-diphospho-ditrans,octacis-undecaprenol kinase [Escherichia coli]	42.678	478	266	2	4	1413	5	482	2.11e-120	401	J7I4B7	J7I4B7.1
mshA_2	sp|Q47594.1|	RecName: Full=O-antigen chain mannosyltransferase B; AltName: Full=Mannosyl-N-acetyl-alpha-D-glucosaminyl-diphospho-ditrans,octacis-undecaprenol 3-alpha-mannosyltransferase [Escherichia coli]	36.292	383	235	1	1	1149	5	378	6.7700000000000005e-77	246	Q47594	Q47594.1
mshD~~~mshD_1	sp|O32075.1|	RecName: Full=Uncharacterized N-acetyltransferase YuaI [Bacillus subtilis subsp. subtilis str. 168]	34.706	170	98	7	4	507	4	162	9.32e-20	84.3	O32075	O32075.1
msrA_1	sp|O69761.1|	RecName: Full=Peptide methionine sulfoxide reductase MsrA; Short=Protein-methionine-S-oxide reductase; AltName: Full=Peptide-methionine (S)-S-oxide reductase; Short=Peptide Met(O) reductase [Pseudomonas fluorescens]	94.969	159	8	0	1	477	1	159	6.359999999999999e-112	319	O69761	O69761.1
msrA_2	sp|Q4ZM24.1|	RecName: Full=Peptide methionine sulfoxide reductase MsrA; Short=Protein-methionine-S-oxide reductase; AltName: Full=Peptide-methionine (S)-S-oxide reductase; Short=Peptide Met(O) reductase [Pseudomonas syringae pv. syringae B728a]	82.243	214	38	0	1	642	1	214	1.8699999999999998e-134	379	Q4ZM24	Q4ZM24.1
msrA_3~~~msrA_1	sp|Q98DV6.1|	RecName: Full=Peptide methionine sulfoxide reductase MsrA 2; Short=Protein-methionine-S-oxide reductase 2; AltName: Full=Peptide-methionine (S)-S-oxide reductase 2; Short=Peptide Met(O) reductase 2 [Mesorhizobium japonicum MAFF 303099]	70.681	191	55	1	112	684	1	190	5.82e-86	256	Q98DV6	Q98DV6.1
msrB_1	sp|C3K735.1|	RecName: Full=Peptide methionine sulfoxide reductase MsrB; AltName: Full=Peptide-methionine (R)-S-oxide reductase [Pseudomonas [fluorescens] SBW25]	96.923	130	4	0	1	390	1	130	6.47e-94	269	C3K735	C3K735.1
msrB_1~~~msrB_2	sp|Q8UGX7.1|	RecName: Full=Peptide methionine sulfoxide reductase MsrB; AltName: Full=Peptide-methionine (R)-S-oxide reductase [Agrobacterium fabrum str. C58]	53.6	125	57	1	118	489	8	132	1.0599999999999999e-45	149	Q8UGX7	Q8UGX7.1
msrC	sp|P76270.2|	RecName: Full=Free methionine-R-sulfoxide reductase; Short=fRMsr [Escherichia coli K-12]	56.835	139	60	0	40	456	7	145	1.15e-53	170	P76270	P76270.2
msrP	sp|Q888N2.1|	RecName: Full=Protein-methionine-sulfoxide reductase catalytic subunit MsrP; Flags: Precursor [Pseudomonas syringae pv. tomato str. DC3000]	88.724	337	38	0	1	1011	1	337	0	601	Q888N2	Q888N2.1
msrQ	sp|C3K222.1|	RecName: Full=Protein-methionine-sulfoxide reductase heme-binding subunit MsrQ; AltName: Full=Flavocytochrome MsrQ [Pseudomonas [fluorescens] SBW25]	94.175	206	12	0	1	618	1	206	1.89e-115	330	C3K222	C3K222.1
msuD_1	sp|Q9I1C2.1|	RecName: Full=Methanesulfonate monooxygenase; AltName: Full=FMNH2-dependent methanesulfonate monooxygenase; AltName: Full=Methanesulfonate sulfonatase [Pseudomonas aeruginosa PAO1]	40	325	180	6	85	1035	29	346	2.5899999999999996e-68	222	Q9I1C2	Q9I1C2.1
msuD_2	sp|Q87ZG3.1|	RecName: Full=Alkanesulfonate monooxygenase; AltName: Full=FMNH2-dependent aliphatic sulfonate monooxygenase [Pseudomonas syringae pv. tomato str. DC3000]	93.668	379	24	0	1	1137	1	379	0	734	Q87ZG3	Q87ZG3.1
mtaD	sp|C5BSJ0.1|	RecName: Full=5-methylthioadenosine/S-adenosylhomocysteine deaminase; Short=MTA/SAH deaminase [Teredinibacter turnerae T7901]	52.174	414	197	1	76	1314	25	438	7.25e-142	416	C5BSJ0	C5BSJ0.1
mtfA	sp|B2VFG2.1|	RecName: Full=Mlc titration factor A; AltName: Full=Probable zinc metallopeptidase MtfA [Erwinia tasmaniensis Et1/99]	41.525	236	135	3	88	792	25	258	1.7099999999999998e-46	159	B2VFG2	B2VFG2.1
mtgA	sp|C3K3M0.1|	RecName: Full=Biosynthetic peptidoglycan transglycosylase; AltName: Full=Glycan polymerase; AltName: Full=Peptidoglycan glycosyltransferase MtgA; Short=PGT [Pseudomonas [fluorescens] SBW25]	94.583	240	13	0	1	720	1	240	3.7499999999999997e-157	438	C3K3M0	C3K3M0.1
mtnA	sp|Q3K8T8.1|	RecName: Full=Methylthioribose-1-phosphate isomerase; Short=M1Pi; Short=MTR-1-P isomerase; AltName: Full=S-methyl-5-thioribose-1-phosphate isomerase [Pseudomonas fluorescens Pf0-1]	79.888	358	70	1	1	1068	1	358	0	525	Q3K8T8	Q3K8T8.1
mtnB	sp|Q9HYH5.1|	RecName: Full=Putative aldolase class 2 protein PA3430 [Pseudomonas aeruginosa PAO1]	50.794	252	118	5	43	792	12	259	1.6100000000000002e-64	205	Q9HYH5	Q9HYH5.1
mtnD	sp|Q3KFI8.2|	RecName: Full=Acireductone dioxygenase; AltName: Full=1,2-dihydroxy-3-keto-5-methylthiopentene dioxygenase; Short=DHK-MTPene dioxygenase; AltName: Full=Acireductone dioxygenase (Fe(2+)-requiring); Short=ARD'; Short=Fe-ARD; AltName: Full=Acireductone dioxygenase (Ni(2+)-requiring); Short=ARD; Short=Ni-ARD [Pseudomonas fluorescens Pf0-1]	61.326	181	65	2	1	528	1	181	3.91e-81	241	Q3KFI8	Q3KFI8.2
mtnX	sp|C4KZ51.1|	RecName: Full=2-hydroxy-3-keto-5-methylthiopentenyl-1-phosphate phosphatase; Short=HK-MTPenyl-1-P phosphatase [Exiguobacterium sp. AT1b]	30	210	138	5	13	621	4	211	2.26e-23	96.7	C4KZ51	C4KZ51.1
mtrA_1	sp|P45008.1|	RecName: Full=Uncharacterized HTH-type transcriptional regulator HI_1052 [Haemophilus influenzae Rd KW20]	36.913	298	183	2	1	894	1	293	2.12e-65	210	P45008	P45008.1
mtrA_2	sp|Q03320.1|	RecName: Full=Putative AraC-like transcription regulator [Streptomyces antibioticus]	30.418	263	176	4	124	894	38	299	1.75e-24	103	Q03320	Q03320.1
mucA	sp|P38107.1|	RecName: Full=Sigma factor AlgU negative regulatory protein [Pseudomonas aeruginosa PAO1]	68.878	196	58	3	1	585	1	194	8.48e-64	198	P38107	P38107.1
mucB	sp|P38108.1|	RecName: Full=Sigma factor AlgU regulatory protein MucB; Flags: Precursor [Pseudomonas aeruginosa PAO1]	60.265	302	116	2	52	954	18	316	1.6099999999999998e-125	364	P38108	P38108.1
mug	sp|A6TE50.1|	RecName: Full=G/U mismatch-specific DNA glycosylase; AltName: Full=Double-strand-specific uracil glycosylase; AltName: Full=Mismatch-specific uracil DNA-glycosylase; Short=MUG [Klebsiella pneumoniae subsp. pneumoniae MGH 78578]	48.81	168	85	1	13	516	2	168	7.87e-50	161	A6TE50	A6TE50.1
mupP_1	sp|Q88M11.1|	RecName: Full=N-acetylmuramic acid 6-phosphate phosphatase; Short=MurNAc 6-phosphate phosphatase; Short=MurNAc-6P phosphatase [Pseudomonas putida KT2440]	83.857	223	36	0	1	669	1	223	2.46e-127	361	Q88M11	Q88M11.1
mupP_2	sp|Q8RYE9.1|	RecName: Full=Haloacid dehalogenase-like hydrolase domain-containing protein At2g33255 [Arabidopsis thaliana]	32.768	177	97	4	28	513	37	206	1.27e-12	67.4	Q8RYE9	Q8RYE9.1
murA	sp|C3K8X4.1|	RecName: Full=UDP-N-acetylglucosamine 1-carboxyvinyltransferase; AltName: Full=Enoylpyruvate transferase; AltName: Full=UDP-N-acetylglucosamine enolpyruvyl transferase; Short=EPT [Pseudomonas [fluorescens] SBW25]	99.05	421	4	0	1	1263	1	421	0	804	C3K8X4	C3K8X4.1
murB	sp|Q3K8J6.1|	RecName: Full=UDP-N-acetylenolpyruvoylglucosamine reductase; AltName: Full=UDP-N-acetylmuramate dehydrogenase [Pseudomonas fluorescens Pf0-1]	80.236	339	67	0	1	1017	1	339	0	520	Q3K8J6	Q3K8J6.1
murC	sp|C3KCT1.1|	RecName: Full=UDP-N-acetylmuramate--L-alanine ligase; AltName: Full=UDP-N-acetylmuramoyl-L-alanine synthetase [Pseudomonas [fluorescens] SBW25]	98.753	481	6	0	1	1443	1	481	0	944	C3KCT1	C3KCT1.1
murD	sp|Q3K742.1|	RecName: Full=UDP-N-acetylmuramoylalanine--D-glutamate ligase; AltName: Full=D-glutamic acid-adding enzyme; AltName: Full=UDP-N-acetylmuramoyl-L-alanyl-D-glutamate synthetase [Pseudomonas fluorescens Pf0-1]	88.839	448	50	0	1	1344	1	448	0	682	Q3K742	Q3K742.1
murE	sp|Q87WY0.1|	RecName: Full=UDP-N-acetylmuramoyl-L-alanyl-D-glutamate--2,6-diaminopimelate ligase; AltName: Full=Meso-A2pm-adding enzyme; AltName: Full=Meso-diaminopimelate-adding enzyme; AltName: Full=UDP-MurNAc-L-Ala-D-Glu:meso-diaminopimelate ligase; AltName: Full=UDP-MurNAc-tripeptide synthetase; AltName: Full=UDP-N-acetylmuramyl-tripeptide synthetase [Pseudomonas syringae pv. tomato str. DC3000]	84.025	482	77	0	1	1446	1	482	0	697	Q87WY0	Q87WY0.1
murF	sp|P11880.2|	RecName: Full=UDP-N-acetylmuramoyl-tripeptide--D-alanyl-D-alanine ligase; AltName: Full=D-alanyl-D-alanine-adding enzyme; AltName: Full=UDP-MurNAc-pentapeptide synthetase [Escherichia coli K-12]	46.667	450	229	10	10	1344	3	446	5.329999999999999e-96	299	P11880	P11880.2
murG	sp|C3KCT0.1|	RecName: Full=UDP-N-acetylglucosamine--N-acetylmuramyl-(pentapeptide) pyrophosphoryl-undecaprenol N-acetylglucosamine transferase; AltName: Full=Undecaprenyl-PP-MurNAc-pentapeptide-UDPGlcNAc GlcNAc transferase [Pseudomonas [fluorescens] SBW25]	95.506	356	16	0	1	1068	1	356	0	630	C3KCT0	C3KCT0.1
murI	sp|A5VYG8.1|	RecName: Full=Glutamate racemase [Pseudomonas putida F1]	76.538	260	61	0	7	786	4	263	7.26e-142	401	A5VYG8	A5VYG8.1
murJ_2	sp|P37169.1|	RecName: Full=Probable lipid II flippase MurJ [Salmonella enterica subsp. enterica serovar Typhimurium str. LT2]	72.549	510	140	0	1	1530	14	523	0	709	P37169	P37169.1
murU	sp|Q88QT2.1|	RecName: Full=N-acetylmuramate alpha-1-phosphate uridylyltransferase; Short=MurNAc-1P uridylyltransferase; Short=MurNAc-alpha-1P uridylyltransferase [Pseudomonas putida KT2440]	72.398	221	59	2	1	663	1	219	7.76e-108	312	Q88QT2	Q88QT2.1
mutL	sp|C3KDW1.1|	RecName: Full=DNA mismatch repair protein MutL [Pseudomonas [fluorescens] SBW25]	98.894	633	6	1	16	1911	1	633	0	1235	C3KDW1	C3KDW1.1
mutM	sp|C3K3N6.1|	RecName: Full=Formamidopyrimidine-DNA glycosylase; Short=Fapy-DNA glycosylase; AltName: Full=DNA-(apurinic or apyrimidinic site) lyase MutM; Short=AP lyase MutM [Pseudomonas [fluorescens] SBW25]	96.283	269	10	0	1	807	1	269	1.7199999999999996e-180	499	C3K3N6	C3K3N6.1
mutS	sp|C3KCT2.1|	RecName: Full=DNA mismatch repair protein MutS [Pseudomonas [fluorescens] SBW25]	98.146	863	16	0	175	2763	1	863	0	1634	C3KCT2	C3KCT2.1
mutY	sp|P17802.1|	RecName: Full=Adenine DNA glycosylase; AltName: Full=A/G-specific adenine glycosylase [Escherichia coli K-12]	53.779	344	158	1	1	1032	1	343	1.3299999999999998e-121	357	P17802	P17802.1
mxiA	sp|P69955.1|	RecName: Full=Low calcium response locus protein D [Yersinia pestis]	42.12	698	377	7	43	2073	13	704	2.9999999999999995e-126	394	P69955	P69955.1
nadA	sp|Q3K7X0.1|	RecName: Full=Quinolinate synthase [Pseudomonas fluorescens Pf0-1]	93.182	352	24	0	1	1056	1	352	0	689	Q3K7X0	Q3K7X0.1
nadB	sp|Q51363.1|	RecName: Full=L-aspartate oxidase; Short=LASPO; AltName: Full=Quinolinate synthase B [Pseudomonas aeruginosa PAO1]	87.151	537	69	0	1	1611	1	537	0	952	Q51363	Q51363.1
nadC	sp|P30819.2|	RecName: Full=Nicotinate-nucleotide pyrophosphorylase [carboxylating]; AltName: Full=Quinolinate phosphoribosyltransferase [decarboxylating]; Short=QAPRTase [Pseudomonas aeruginosa PAO1]	77.305	282	64	0	1	846	1	282	2.4499999999999996e-159	447	P30819	P30819.2
nadD	sp|Q4K5G0.1|	RecName: Full=Probable nicotinate-nucleotide adenylyltransferase; AltName: Full=Deamido-NAD(+) diphosphorylase; AltName: Full=Deamido-NAD(+) pyrophosphorylase; AltName: Full=Nicotinate mononucleotide adenylyltransferase; Short=NaMN adenylyltransferase [Pseudomonas protegens Pf-5]	89.252	214	23	0	1	642	1	214	2.3e-127	360	Q4K5G0	Q4K5G0.1
nadE_1	sp|Q3KIW5.1|	RecName: Full=NH(3)-dependent NAD(+) synthetase [Pseudomonas fluorescens Pf0-1]	88.727	275	31	0	1	825	1	275	9.389999999999998e-180	498	Q3KIW5	Q3KIW5.1
nadE_3	sp|Q9UYV8.1|	RecName: Full=Nitrilase; AltName: Full=PaNit [Pyrococcus abyssi GE5]	34.191	272	160	5	25	828	4	260	1.25e-37	138	Q9UYV8	Q9UYV8.1
nadK	sp|C3K9T0.1|	RecName: Full=NAD kinase; AltName: Full=ATP-dependent NAD kinase [Pseudomonas [fluorescens] SBW25]	99.298	285	2	0	1	855	1	285	0	545	C3K9T0	C3K9T0.1
nadX	sp|Q2T559.1|	RecName: Full=L-aspartate dehydrogenase [Burkholderia thailandensis E264]	51.807	249	118	2	25	768	10	257	6.29e-64	204	Q2T559	Q2T559.1
nagAa	sp|Q45692.1|	RecName: Full=2,4-dinitrotoluene dioxygenase system ferredoxin--NAD(+), reductase component; AltName: Full=Ferredoxin--NAD(+) reductase (2,4-dinitrotoluene dioxygenase ferredoxin-specific) [Burkholderia sp. RASC]	30.739	257	158	9	28	759	11	260	2.1e-24	104	Q45692	Q45692.1
nagL	sp|P57109.1|	RecName: Full=Maleylacetoacetate isomerase; Short=MAAI [Pseudomonas aeruginosa PAO1]	75.117	213	52	1	1	639	1	212	3.87e-105	304	P57109	P57109.1
nagR_1	sp|O34817.1|	RecName: Full=HTH-type transcriptional repressor NagR; AltName: Full=N-acetylglucosamine utilization regulator [Bacillus subtilis subsp. subtilis str. 168]	33.613	238	153	4	31	729	4	241	1.24e-36	132	O34817	O34817.1
nagR_2	sp|P22773.1|	RecName: Full=Histidine utilization repressor [Pseudomonas putida]	83.936	249	39	1	1	747	1	248	1.93e-154	432	P22773	P22773.1
nagZ	sp|B7UYS5.1|	RecName: Full=Beta-hexosaminidase; AltName: Full=Beta-N-acetylhexosaminidase; AltName: Full=N-acetyl-beta-glucosaminidase [Pseudomonas aeruginosa LESB58]	83.735	332	54	0	13	1008	1	332	0	556	B7UYS5	B7UYS5.1
nagZ_1	sp|B4SRK3.1|	RecName: Full=Beta-hexosaminidase; AltName: Full=Beta-N-acetylhexosaminidase; AltName: Full=N-acetyl-beta-glucosaminidase [Stenotrophomonas maltophilia R551-3]	39.011	182	107	4	337	876	98	277	1.3500000000000001e-27	113	B4SRK3	B4SRK3.1
nagZ_2	sp|Q5QUZ5.1|	RecName: Full=Beta-hexosaminidase; AltName: Full=Beta-N-acetylhexosaminidase; AltName: Full=N-acetyl-beta-glucosaminidase [Idiomarina loihiensis L2TR]	31.418	261	168	6	196	954	44	301	9.520000000000001e-27	111	Q5QUZ5	Q5QUZ5.1
naiP	sp|Q6FFF7.1|	RecName: Full=Niacin transporter NiaP [Acinetobacter baylyi ADP1]	37.587	431	255	4	28	1314	5	423	9.75e-86	272	Q6FFF7	Q6FFF7.1
namA	sp|B8G5D6.1|	RecName: Full=NADPH dehydrogenase; AltName: Full=CaOYE [Chloroflexus aggregans DSM 9485]	55.682	352	154	2	7	1062	4	353	7.06e-127	371	B8G5D6	B8G5D6.1
nanR_1	sp|P44487.1|	RecName: Full=Uxu operon regulator [Haemophilus influenzae Rd KW20]	30.348	201	116	8	127	669	45	241	2.45e-14	73.9	P44487	P44487.1
nanR_2	sp|P44487.1|	RecName: Full=Uxu operon regulator [Haemophilus influenzae Rd KW20]	30.144	209	130	6	58	651	33	236	6.4e-11	63.5	P44487	P44487.1
nanR_3	sp|P42239.2|	RecName: Full=Uncharacterized HTH-type transcriptional regulator YcbG [Bacillus subtilis subsp. subtilis str. 168]	30.921	152	100	2	37	489	24	171	3.6e-11	64.3	P42239	P42239.2
nanT_1~~~naiP_1	sp|Q6FFF7.1|	RecName: Full=Niacin transporter NiaP [Acinetobacter baylyi ADP1]	30.162	431	291	4	67	1338	8	435	4.82e-54	189	Q6FFF7	Q6FFF7.1
nanT_2	sp|P40862.2|	RecName: Full=Proline/betaine transporter; AltName: Full=Proline porter II; Short=PPII [Salmonella enterica subsp. enterica serovar Typhimurium str. LT2]	37.987	308	174	7	61	948	24	326	1.2699999999999999e-43	165	P40862	P40862.2
nasA_1	sp|Q06457.2|	RecName: Full=Nitrate reductase [Klebsiella oxytoca]	40.156	899	472	17	16	2658	4	854	0	599	Q06457	Q06457.2
nasA_2	sp|P42432.2|	RecName: Full=Nitrate transporter [Bacillus subtilis subsp. subtilis str. 168]	46.115	399	211	3	7	1200	4	399	6.839999999999999e-89	277	P42432	P42432.2
nasD	sp|P42435.1|	RecName: Full=Nitrite reductase [NAD(P)H] [Bacillus subtilis subsp. subtilis str. 168]	53.54	805	366	4	1	2415	1	797	0	861	P42435	P42435.1
ndh	sp|P00393.2|	RecName: Full=Type II NADH:quinone oxidoreductase; AltName: Full=Cupric reductase; AltName: Full=NADH dehydrogenase-2; Short=NADH dh II; Short=NDH-2; AltName: Full=NADH-quinone reductase; Short=NQR; AltName: Full=NADH:ubiquinone oxidoreductase; AltName: Full=Respiratory NADH dehydrogenase [Escherichia coli K-12]	55.581	430	188	3	10	1296	7	434	6.6e-147	427	P00393	P00393.2
ndhB	sp|Q52978.2|	RecName: Full=Probable K(+)/H(+) antiporter subunit A/B; AltName: Full=pH adaptation potassium efflux system protein A/B; Short=Pha system subunit A/B [Sinorhizobium meliloti 1021]	59.813	963	371	5	7	2874	32	985	0	951	Q52978	Q52978.2
ndhC	sp|Q3KA63.1|	RecName: Full=NADH-quinone oxidoreductase subunit A; AltName: Full=NADH dehydrogenase I subunit A; AltName: Full=NDH-1 subunit A; AltName: Full=NUO1 [Pseudomonas fluorescens Pf0-1]	99.27	137	1	0	1	411	1	137	3.46e-93	268	Q3KA63	Q3KA63.1
ndk	sp|C3K1L8.1|	RecName: Full=Nucleoside diphosphate kinase; Short=NDK; Short=NDP kinase; AltName: Full=Nucleoside-2-P kinase [Pseudomonas [fluorescens] SBW25]	100	141	0	0	1	423	1	141	5.69e-98	280	C3K1L8	C3K1L8.1
ndvB	sp|P20471.2|	RecName: Full=Cyclic beta-(1,2)-glucan synthase NdvB [Sinorhizobium meliloti 1021]	36.414	2867	1726	34	91	8580	21	2827	0	1686	P20471	P20471.2
nemA_2	sp|C5H429.2|	RecName: Full=Artemisinic aldehyde Delta(11(13)) reductase [Artemisia annua]	34.699	366	197	11	16	1044	8	354	3.309999999999999e-55	189	C5H429	C5H429.2
nemA_2~~~nemA_3~~~nemA_1	sp|P77258.1|	RecName: Full=N-ethylmaleimide reductase; Short=NEM reductase; AltName: Full=N-ethylmaleimide reducing enzyme [Escherichia coli K-12]	47.658	363	170	8	10	1047	6	365	8.999999999999998e-101	305	P77258	P77258.1
nemA_3	sp|P77258.1|	RecName: Full=N-ethylmaleimide reductase; Short=NEM reductase; AltName: Full=N-ethylmaleimide reducing enzyme [Escherichia coli K-12]	47.17	371	185	4	4	1110	3	364	2.36e-108	325	P77258	P77258.1
nemA_4	sp|Q84QK0.1|	RecName: Full=12-oxophytodienoate reductase 1; AltName: Full=12-oxophytodienoate-10,11-reductase 1; Short=OPDA-reductase 1; Short=OsOPR1 [Oryza sativa Japonica Group]	49.459	370	165	9	16	1089	16	375	6.439999999999999e-106	319	Q84QK0	Q84QK0.1
nemR_1	sp|P67430.1|	RecName: Full=HTH-type transcriptional repressor NemR; AltName: Full=Bleach-sensing transcription factor; AltName: Full=Redox-regulated transcription factor NemR [Escherichia coli K-12]	41.919	198	114	1	1	591	1	198	3.2799999999999995e-48	159	P67430	P67430.1
nepI_2	sp|A9MWE8.1|	RecName: Full=Purine ribonucleoside efflux pump NepI [Salmonella enterica subsp. enterica serovar Paratyphi B str. SPB7]	34.181	354	232	1	58	1119	16	368	1.23e-53	186	A9MWE8	A9MWE8.1
nepI_2~~~nepI_1	sp|Q3YWE6.2|	RecName: Full=Purine ribonucleoside efflux pump NepI [Shigella sonnei Ss046]	30.241	291	193	5	88	942	33	319	1.54e-29	121	Q3YWE6	Q3YWE6.2
nepI_3	sp|Q01602.1|	RecName: Full=Transcription regulatory protein OpdE [Pseudomonas aeruginosa PAO1]	62.125	367	135	1	4	1092	11	377	1.62e-138	404	Q01602	Q01602.1
nfdA	sp|Q68AP4.1|	RecName: Full=N-substituted formamide deformylase; Flags: Precursor [Arthrobacter pascens]	30.87	230	156	3	10	693	6	234	2.84e-20	98.2	Q68AP4	Q68AP4.1
nfuA	sp|C3K9S0.1|	RecName: Full=Fe/S biogenesis protein NfuA [Pseudomonas [fluorescens] SBW25]	98.969	194	2	0	1	582	1	194	7.54e-142	395	C3K9S0	C3K9S0.1
ngcG	sp|O58967.1|	RecName: Full=Probable ABC transporter permease protein PH1216 [Pyrococcus horikoshii OT3]	38.618	246	147	3	112	843	32	275	5.4999999999999993e-42	148	O58967	O58967.1
nhaA	sp|Q3KGX9.1|	RecName: Full=Na(+)/H(+) antiporter NhaA; AltName: Full=Sodium/proton antiporter NhaA [Pseudomonas fluorescens Pf0-1]	86.667	390	52	0	1	1170	1	390	0	623	Q3KGX9	Q3KGX9.1
nhaK_1	sp|A7Z8R4.1|	RecName: Full=Sodium, potassium, lithium and rubidium/H(+) antiporter [Bacillus velezensis FZB42]	37.423	163	94	4	1	489	289	443	3.99e-22	98.6	A7Z8R4	A7Z8R4.1
nhaK_2~~~nhaK	sp|P32703.1|	RecName: Full=Uncharacterized Na(+)/H(+) exchanger YjcE [Escherichia coli K-12]	45.389	553	283	10	1	1629	1	544	3.2399999999999994e-89	288	P32703	P32703.1
nhaP	sp|G3XD29.1|	RecName: Full=Na(+)/H(+) antiporter NhaP; AltName: Full=Sodium/proton antiporter NhaP [Pseudomonas aeruginosa PAO1]	73.113	424	109	2	1	1257	1	424	0	538	G3XD29	G3XD29.1
nhaP2	sp|C3KBV7.1|	RecName: Full=K(+)/H(+) antiporter NhaP2; AltName: Full=Potassium/proton antiporter NhaP2 [Pseudomonas [fluorescens] SBW25]	97.586	580	14	0	1	1740	1	580	0	1012	C3KBV7	C3KBV7.1
nhaR	sp|P52692.1|	RecName: Full=Transcriptional activator protein NhaR; AltName: Full=Na(+)/H(+) antiporter regulatory protein [Vibrio cholerae O1 biovar El Tor str. N16961]	37.838	296	179	3	4	888	4	295	2.9199999999999997e-67	214	P52692	P52692.1
nhoA	sp|Q00267.1|	RecName: Full=Arylamine N-acetyltransferase / N-hydroxyarylamine O-acetyltransferase; AltName: Full=Arylhydroxamate N,O-acetyltransferase; AltName: Full=NAT101 [Salmonella enterica subsp. enterica serovar Typhimurium str. LT2]	37.387	222	137	2	100	762	32	252	4.62e-42	148	Q00267	Q00267.1
nicA	sp|Q88FX9.1|	RecName: Full=Nicotinate dehydrogenase subunit A; AltName: Full=Nicotinate degradation protein A; AltName: Full=Nicotinate dehydrogenase small subunit [Pseudomonas putida KT2440]	81.208	149	28	0	19	465	4	152	4.15e-78	232	Q88FX9	Q88FX9.1
nicB	sp|Q88FX8.1|	RecName: Full=Nicotinate dehydrogenase subunit B; AltName: Full=Nicotinate degradation protein B; AltName: Full=Nicotinate dehydrogenase large subunit [Pseudomonas putida KT2440]	74.809	1179	287	3	19	3525	9	1187	0	1657	Q88FX8	Q88FX8.1
nicC	sp|Q88FY2.1|	RecName: Full=6-hydroxynicotinate 3-monooxygenase; Short=6-HNA monooxygenase; AltName: Full=Nicotinate degradation protein C; Flags: Precursor [Pseudomonas putida KT2440]	78.796	382	76	1	1	1131	1	382	0	596	Q88FY2	Q88FY2.1
nicD	sp|Q88FY3.1|	RecName: Full=N-formylmaleamate deformylase; AltName: Full=Nicotinate degradation protein D [Pseudomonas putida KT2440]	76.426	263	62	0	1	789	1	263	1.09e-142	404	Q88FY3	Q88FY3.1
nicF	sp|Q88FY5.1|	RecName: Full=Maleamate amidohydrolase; AltName: Full=Nicotinate degradation protein F [Pseudomonas putida KT2440]	78.537	205	44	0	10	624	5	209	5.4799999999999996e-120	342	Q88FY5	Q88FY5.1
nicP_1	sp|Q88FY7.1|	RecName: Full=Porin-like protein NicP; AltName: Full=Nicotinate degradation protein P; Flags: Precursor [Pseudomonas putida KT2440]	36.977	430	233	10	67	1341	34	430	1.89e-76	248	Q88FY7	Q88FY7.1
nicP_2	sp|Q88FY7.1|	RecName: Full=Porin-like protein NicP; AltName: Full=Nicotinate degradation protein P; Flags: Precursor [Pseudomonas putida KT2440]	41.206	398	225	7	115	1287	35	430	3.95e-94	293	Q88FY7	Q88FY7.1
nicP_3	sp|Q88JX6.1|	RecName: Full=Porin-like protein GalP; AltName: Full=Gallate degradation protein P; Flags: Precursor [Pseudomonas putida KT2440]	67.83	401	122	3	61	1260	16	410	0	558	Q88JX6	Q88JX6.1
nicP_4	sp|Q88JX6.1|	RecName: Full=Porin-like protein GalP; AltName: Full=Gallate degradation protein P; Flags: Precursor [Pseudomonas putida KT2440]	67.263	391	121	3	79	1248	26	410	0	516	Q88JX6	Q88JX6.1
nicP_5	sp|Q88JX6.1|	RecName: Full=Porin-like protein GalP; AltName: Full=Gallate degradation protein P; Flags: Precursor [Pseudomonas putida KT2440]	33.333	453	244	14	13	1344	6	409	3.47e-54	189	Q88JX6	Q88JX6.1
nicP_6	sp|Q88FY7.1|	RecName: Full=Porin-like protein NicP; AltName: Full=Nicotinate degradation protein P; Flags: Precursor [Pseudomonas putida KT2440]	37.324	426	224	9	79	1317	35	430	3.5e-71	234	Q88FY7	Q88FY7.1
nicR	sp|Q88FY0.1|	RecName: Full=HTH-type transcriptional repressor NicR; AltName: Full=Nicotinate degradation protein R [Pseudomonas putida KT2440]	72.059	136	38	0	13	420	17	152	2.35e-69	209	Q88FY0	Q88FY0.1
nicS_1	sp|Q88FX7.1|	RecName: Full=HTH-type transcriptional repressor NicS; AltName: Full=Nicotinate degradation protein S [Pseudomonas putida KT2440]	31.527	203	139	0	52	660	9	211	2.63e-39	137	Q88FX7	Q88FX7.1
nicS_2	sp|Q88FX7.1|	RecName: Full=HTH-type transcriptional repressor NicS; AltName: Full=Nicotinate degradation protein S [Pseudomonas putida KT2440]	69.048	210	65	0	1	630	1	210	2.47e-108	312	Q88FX7	Q88FX7.1
nicT_1	sp|Q88FY6.1|	RecName: Full=Putative metabolite transport protein NicT; AltName: Full=Nicotinate degradation protein T [Pseudomonas putida KT2440]	41.849	411	234	3	40	1263	11	419	1.17e-93	292	Q88FY6	Q88FY6.1
nicT_2	sp|Q88FY6.1|	RecName: Full=Putative metabolite transport protein NicT; AltName: Full=Nicotinate degradation protein T [Pseudomonas putida KT2440]	42.431	436	247	2	1	1296	1	436	1.05e-113	343	Q88FY6	Q88FY6.1
nicT_3	sp|Q88FY6.1|	RecName: Full=Putative metabolite transport protein NicT; AltName: Full=Nicotinate degradation protein T [Pseudomonas putida KT2440]	44.725	436	237	3	1	1302	1	434	6.61e-110	333	Q88FY6	Q88FY6.1
nicT_4	sp|Q88FY6.1|	RecName: Full=Putative metabolite transport protein NicT; AltName: Full=Nicotinate degradation protein T [Pseudomonas putida KT2440]	82.151	437	77	1	1	1308	1	437	0	661	Q88FY6	Q88FY6.1
nicX	sp|Q88FY1.1|	RecName: Full=2,5-dihydroxypyridine 5,6-dioxygenase; Short=2,5-DHP dioxygenase; AltName: Full=Nicotinate degradation protein X [Pseudomonas putida KT2440]	87.429	350	44	0	1	1050	1	350	0	657	Q88FY1	Q88FY1.1
nimR_1	sp|P76241.1|	RecName: Full=HTH-type transcriptional regulator NimR; AltName: Full=Regulator of nimT [Escherichia coli K-12]	36.652	221	139	1	100	762	36	255	8.719999999999999e-35	129	P76241	P76241.1
nimR_2	sp|P76241.1|	RecName: Full=HTH-type transcriptional regulator NimR; AltName: Full=Regulator of nimT [Escherichia coli K-12]	30.493	223	152	3	94	759	36	256	6.33e-26	105	P76241	P76241.1
nimR_3	sp|Q8NRR3.1|	RecName: Full=HTH-type transcriptional regulator RipA; AltName: Full=AraC-type regulator RipA; AltName: Full=Repressor of iron proteins A; Short=RIPA [Corynebacterium glutamicum ATCC 13032]	43.396	106	54	4	442	750	104	206	6.27e-8	56.2	Q8NRR3	Q8NRR3.1
nimR_4	sp|P76241.1|	RecName: Full=HTH-type transcriptional regulator NimR; AltName: Full=Regulator of nimT [Escherichia coli K-12]	32.143	224	151	1	97	768	34	256	8.07e-30	115	P76241	P76241.1
nimR_5	sp|P76241.1|	RecName: Full=HTH-type transcriptional regulator NimR; AltName: Full=Regulator of nimT [Escherichia coli K-12]	34.685	222	144	1	118	783	36	256	9.67e-29	113	P76241	P76241.1
nimR_6	sp|Q8FQS2.2|	RecName: Full=HTH-type transcriptional regulator RipA; AltName: Full=Repressor of iron proteins A; Short=RIPA [Corynebacterium efficiens YS-314]	33.333	102	67	1	454	756	105	206	2.96e-8	57	Q8FQS2	Q8FQS2.2
nimR_7	sp|P76241.1|	RecName: Full=HTH-type transcriptional regulator NimR; AltName: Full=Regulator of nimT [Escherichia coli K-12]	41.221	262	147	2	1	786	2	256	8.14e-56	184	P76241	P76241.1
nit1	sp|P0DP68.1|	RecName: Full=Deaminated glutathione amidase; Short=dGSH amidase; AltName: Full=Nitrilase homolog 1; Short=yeNit1 [Yersinia enterocolitica]	48.117	239	122	2	100	816	36	272	3.76e-77	239	P0DP68	P0DP68.1
nlhH	sp|P71668.1|	RecName: Full=Esterase LipI [Mycobacterium tuberculosis H37Rv]	42.007	269	147	5	127	912	49	315	1.5399999999999999e-43	154	P71668	P71668.1
nmoA	sp|Q9HWH9.1|	RecName: Full=Nitronate monooxygenase; Short=NMO; AltName: Full=Propionate 3-nitronate monooxygenase; Short=P3N monooxygenase [Pseudomonas aeruginosa PAO1]	41.547	349	190	4	22	1038	4	348	7.93e-56	189	Q9HWH9	Q9HWH9.1
nnr	sp|Q83CM5.1|	RecName: Full=Bifunctional NAD(P)H-hydrate repair enzyme Nnr; AltName: Full=Nicotinamide nucleotide repair protein; Includes: RecName: Full=ADP-dependent (S)-NAD(P)H-hydrate dehydratase; AltName: Full=ADP-dependent NAD(P)HX dehydratase; Includes: RecName: Full=NAD(P)H-hydrate epimerase; AltName: Full=NAD(P)HX epimerase [Coxiella burnetii RSA 493]	46.403	278	145	3	13	837	211	487	2.92e-61	204	Q83CM5	Q83CM5.1
nnr_1~~~nnr_2	sp|B5YIM0.1|	RecName: Full=Bifunctional NAD(P)H-hydrate repair enzyme Nnr; AltName: Full=Nicotinamide nucleotide repair protein; Includes: RecName: Full=ADP-dependent (S)-NAD(P)H-hydrate dehydratase; AltName: Full=ADP-dependent NAD(P)HX dehydratase; Includes: RecName: Full=NAD(P)H-hydrate epimerase; AltName: Full=NAD(P)HX epimerase [Thermodesulfovibrio yellowstonii DSM 11347]	33.268	511	298	14	49	1479	5	506	9.139999999999999e-54	192	B5YIM0	B5YIM0.1
noc_1	sp|Q83AH2.2|	RecName: Full=Probable chromosome-partitioning protein ParB [Coxiella burnetii RSA 493]	41.379	174	98	1	106	627	52	221	2.2300000000000003e-27	115	Q83AH2	Q83AH2.2
noc_2	sp|C5D9Y4.1|	RecName: Full=Nucleoid occlusion protein; Short=Noc [Geobacillus sp. WCH70]	38.255	149	91	1	241	687	28	175	8.96e-20	90.9	C5D9Y4	C5D9Y4.1
noc~~~noc_3	sp|Q9PHE9.1|	RecName: Full=Probable plasmid-partitioning protein ParB [Xylella fastidiosa 9a5c]	34.356	163	92	7	124	603	60	210	4.94e-17	84.3	Q9PHE9	Q9PHE9.1
nodD2_1	sp|Q9EXL7.1|	RecName: Full=HTH-type transcriptional activator NagR [Ralstonia sp.]	32.441	299	199	2	13	900	2	300	4.41e-41	147	Q9EXL7	Q9EXL7.1
nodD2_2	sp|Q9EXL7.1|	RecName: Full=HTH-type transcriptional activator NagR [Ralstonia sp.]	30.519	308	196	5	10	906	1	299	1.48e-28	114	Q9EXL7	Q9EXL7.1
nodD2_3	sp|P10183.2|	RecName: Full=HTH-type transcriptional activator NahR [Pseudomonas putida]	31.834	289	194	2	43	900	12	300	7.079999999999999e-41	147	P10183	P10183.2
nodD2_4	sp|Q9EXL7.1|	RecName: Full=HTH-type transcriptional activator NagR [Ralstonia sp.]	31.973	294	197	2	16	888	3	296	6.63e-36	134	Q9EXL7	Q9EXL7.1
nolT	sp|P55714.1|	RecName: Full=Nodulation protein NolT; Flags: Precursor [Sinorhizobium fredii NGR234]	40.659	182	102	2	70	612	36	212	2.4899999999999996e-37	135	P55714	P55714.1
norG_1	sp|P39389.1|	RecName: Full=Uncharacterized HTH-type transcriptional regulator YjiR [Escherichia coli K-12]	56.93	469	202	0	1	1407	1	469	0	561	P39389	P39389.1
norG_2	sp|P39389.1|	RecName: Full=Uncharacterized HTH-type transcriptional regulator YjiR [Escherichia coli K-12]	38.696	460	280	2	19	1395	4	462	7.1899999999999995e-115	349	P39389	P39389.1
norG_4	sp|P39389.1|	RecName: Full=Uncharacterized HTH-type transcriptional regulator YjiR [Escherichia coli K-12]	50.968	465	228	0	22	1416	1	465	3.7299999999999993e-178	511	P39389	P39389.1
norG_5	sp|P77730.1|	RecName: Full=Uncharacterized HTH-type transcriptional regulator YdcR [Escherichia coli K-12]	47.65	468	241	2	1	1401	1	465	5.16e-146	428	P77730	P77730.1
norG_6	sp|Q72LL6.1|	RecName: Full=2-aminoadipate transaminase; AltName: Full=2-aminoadipate aminotransferase; AltName: Full=Alpha-aminoadipate aminotransferase; Short=AAA-AT; Short=AadAT [Thermus thermophilus HB27]	30.375	293	193	6	487	1338	87	377	3.44e-28	119	Q72LL6	Q72LL6.1
norM	sp|Q9I3Y3.1|	RecName: Full=Multidrug resistance protein PmpM; AltName: Full=H(+)/drug antiporter; AltName: Full=Multidrug-efflux transporter [Pseudomonas aeruginosa PAO1]	69.507	446	135	1	1	1335	1	446	0	612	Q9I3Y3	Q9I3Y3.1
norR_1	sp|G3XCV0.1|	RecName: Full=Transcriptional regulator FleQ [Pseudomonas aeruginosa PAO1]	84.167	480	76	0	1	1440	1	480	0	810	G3XCV0	G3XCV0.1
norR_2	sp|B7N6T9.1|	RecName: Full=Anaerobic nitric oxide reductase transcription regulator NorR [Escherichia coli UMN026]	52.4	500	228	5	46	1545	14	503	4.819999999999999e-157	459	B7N6T9	B7N6T9.1
norR_3	sp|P26047.3|	RecName: Full=Signal-transduction and transcriptional-control protein [Clostridium beijerinckii]	39.623	371	191	7	304	1392	284	629	8.46e-69	234	P26047	P26047.3
norR_4	sp|Q06065.2|	RecName: Full=Regulatory protein AtoC; AltName: Full=Acetoacetate metabolism regulatory protein; AltName: Full=DNA-binding transcriptional regulator AtoC; AltName: Full=Ornithine decarboxylase antizyme [Escherichia coli K-12]	45.302	298	154	1	592	1458	145	442	1.67e-79	258	Q06065	Q06065.2
novN	sp|P74178.1|	RecName: Full=Uncharacterized protein sll1178 [Synechocystis sp. PCC 6803 substr. Kazusa]	55.717	621	256	6	10	1839	3	615	0	622	P74178	P74178.1
novR	sp|Q9HYH5.1|	RecName: Full=Putative aldolase class 2 protein PA3430 [Pseudomonas aeruginosa PAO1]	32.487	197	129	4	16	603	19	212	1.7799999999999998e-23	98.2	Q9HYH5	Q9HYH5.1
nphR	sp|Q9Z3Q6.1|	RecName: Full=Transcriptional activator RhrA [Sinorhizobium meliloti 1021]	30.147	136	93	2	544	951	175	308	8.37e-12	68.6	Q9Z3Q6	Q9Z3Q6.1
nrdB_1	sp|Q9Z6S4.1|	RecName: Full=Ribonucleoside-diphosphate reductase subunit beta; AltName: Full=Ribonucleotide reductase small subunit [Chlamydia pneumoniae]	58.457	337	137	3	238	1245	12	346	2.9199999999999995e-148	427	Q9Z6S4	Q9Z6S4.1
nrdB_1~~~nrdB_2	sp|Q9Z6S4.1|	RecName: Full=Ribonucleoside-diphosphate reductase subunit beta; AltName: Full=Ribonucleotide reductase small subunit [Chlamydia pneumoniae]	58.457	337	137	3	238	1245	12	346	1.6199999999999996e-148	428	Q9Z6S4	Q9Z6S4.1
nrdR	sp|Q889R0.1|	RecName: Full=Transcriptional repressor NrdR [Pseudomonas syringae pv. tomato str. DC3000]	95.513	156	5	1	1	468	1	154	1.8899999999999998e-103	295	Q889R0	Q889R0.1
nreC	sp|P0AGA6.1|	RecName: Full=Transcriptional regulatory protein UhpA [Escherichia coli K-12]	34.597	211	115	4	10	639	2	190	9.66e-27	104	P0AGA6	P0AGA6.1
nrtA	sp|P73452.1|	RecName: Full=Nitrate/nitrite binding protein NrtA; Flags: Precursor [Synechocystis sp. PCC 6803 substr. Kazusa]	36.387	393	238	6	49	1194	53	444	3.15e-81	259	P73452	P73452.1
nrtD	sp|Q1M7R4.1|	RecName: Full=Taurine import ATP-binding protein TauB [Rhizobium johnstonii 3841]	50	242	113	4	58	780	1	235	1.52e-66	211	Q1M7R4	Q1M7R4.1
nsaD	sp|Q9X9Q7.1|	RecName: Full=2-hydroxychromene-2-carboxylate isomerase; Short=HCCA isomerase [Sphingobium xenophagum]	31.472	197	129	2	1	585	1	193	2.3400000000000003e-27	105	Q9X9Q7	Q9X9Q7.1
nspC	sp|Q5QCP2.1|	RecName: Full=Carboxynorspermidine/carboxyspermidine decarboxylase; Short=CANS DC/CAS DC; Short=CANSDC/CASDC [Herminiimonas arsenicoxydans]	66.027	365	124	0	1	1095	1	365	0	528	Q5QCP2	Q5QCP2.1
ntaA	sp|P54995.1|	RecName: Full=Dibenzothiophene-sulfone monooxygenase; Short=DBTO2 monooxygenase; Short=DBTO2-MO; AltName: Full=Dibenzothiophene desulfurization enzyme A [Rhodococcus qingshengii]	48.874	444	220	3	1	1314	1	443	4.02e-134	396	P54995	P54995.1
nth	sp|P0AB83.1|	RecName: Full=Endonuclease III; AltName: Full=DNA-(apurinic or apyrimidinic site) lyase [Escherichia coli K-12]	73.558	208	55	0	1	624	1	208	1.53e-110	318	P0AB83	P0AB83.1
nucA	sp|P13717.2|	RecName: Full=Nuclease; AltName: Full=Endonuclease; Contains: RecName: Full=Nuclease isoform Sm2; Contains: RecName: Full=Nuclease isoform Sm3; Contains: RecName: Full=Nuclease isoform Sm1; Flags: Precursor [Serratia marcescens]	64.017	239	85	1	124	837	27	265	1.5299999999999998e-112	328	P13717	P13717.2
nucS	sp|Q8ZWG7.1|	RecName: Full=Endonuclease NucS [Pyrobaculum aerophilum str. IM2]	42.453	106	58	2	289	606	113	215	6.56e-13	69.3	Q8ZWG7	Q8ZWG7.1
nudC_1	sp|P93740.2|	RecName: Full=Nudix hydrolase 23, chloroplastic; Short=AtNUDT23; AltName: Full=ADP-ribose pyrophosphatase; AltName: Full=FAD diphosphatase; Flags: Precursor [Arabidopsis thaliana]	45.732	164	89	0	1	492	85	248	5.98e-48	160	P93740	P93740.2
nudC_2	sp|Q3KC83.1|	RecName: Full=NAD-capped RNA hydrolase NudC; Short=DeNADding enzyme NudC; AltName: Full=NADH pyrophosphatase [Pseudomonas fluorescens Pf0-1]	87.726	277	33	1	1	831	1	276	5.47e-175	486	Q3KC83	Q3KC83.1
nudE	sp|P45799.1|	RecName: Full=ADP compounds hydrolase NudE [Escherichia coli K-12]	51.648	182	85	2	7	552	6	184	3.11e-57	181	P45799	P45799.1
nudF	sp|P83842.1|	RecName: Full=ADP-ribose pyrophosphatase; AltName: Full=ADP-ribose diphosphatase; AltName: Full=ADP-ribose phosphohydrolase; Short=ASPPase; AltName: Full=Adenosine diphosphoribose pyrophosphatase; Short=ADPR-PPase [Escherichia coli CFT073]	48.187	193	100	0	34	612	16	208	9.74e-53	171	P83842	P83842.1
nudJ	sp|Q31ZL0.1|	RecName: Full=Phosphatase NudJ [Shigella boydii Sb227]	38.028	142	86	2	7	432	2	141	1.94e-25	97.8	Q31ZL0	Q31ZL0.1
nudK	sp|Q6D8X4.1|	RecName: Full=GDP-mannose pyrophosphatase; AltName: Full=GDP-mannose hydrolase; AltName: Full=GDPMK [Pectobacterium atrosepticum SCRI1043]	57.732	194	75	3	7	585	2	189	1.4099999999999998e-57	182	Q6D8X4	Q6D8X4.1
nudL	sp|A7MKE8.1|	RecName: Full=Uncharacterized Nudix hydrolase NudL [Cronobacter sakazakii ATCC BAA-894]	44.068	177	99	0	4	534	8	184	1.01e-36	129	A7MKE8	A7MKE8.1
nuoB	sp|C3JY82.1|	RecName: Full=NADH-quinone oxidoreductase subunit B; AltName: Full=NADH dehydrogenase I subunit B; AltName: Full=NDH-1 subunit B [Pseudomonas [fluorescens] SBW25]	100	224	0	0	1	672	1	224	3.06e-169	467	C3JY82	C3JY82.1
nuoC	sp|C3JY83.1|	RecName: Full=NADH-quinone oxidoreductase subunit C/D; AltName: Full=NADH dehydrogenase I subunit C/D; AltName: Full=NDH-1 subunit C/D [Pseudomonas [fluorescens] SBW25]	99.495	594	3	0	1	1782	1	594	0	1233	C3JY83	C3JY83.1
nuoE	sp|Q9I0J8.1|	RecName: Full=NADH-quinone oxidoreductase subunit E; AltName: Full=NADH dehydrogenase I subunit E; AltName: Full=NDH-1 subunit E [Pseudomonas aeruginosa PAO1]	88.344	163	19	0	4	492	3	165	4.2899999999999994e-106	303	Q9I0J8	Q9I0J8.1
nuoF	sp|Q9I0J7.1|	RecName: Full=NADH-quinone oxidoreductase subunit F; AltName: Full=NADH dehydrogenase I subunit F; AltName: Full=NDH-1 subunit F [Pseudomonas aeruginosa PAO1]	86.253	451	59	1	1	1353	1	448	0	817	Q9I0J7	Q9I0J7.1
nuoG	sp|Q9KGW3.1|	RecName: Full=NADH-quinone oxidoreductase subunit G; AltName: Full=NADH dehydrogenase I subunit G; AltName: Full=NDH-1 subunit G [Pseudomonas fluorescens]	92.588	904	67	0	1	2712	1	904	0	1679	Q9KGW3	Q9KGW3.1
nuoH	sp|C3JY87.1|	RecName: Full=NADH-quinone oxidoreductase subunit H; AltName: Full=NADH dehydrogenase I subunit H; AltName: Full=NDH-1 subunit H [Pseudomonas [fluorescens] SBW25]	99.403	335	2	0	1	1005	1	335	0	551	C3JY87	C3JY87.1
nuoI	sp|Q3KA56.1|	RecName: Full=NADH-quinone oxidoreductase subunit I; AltName: Full=NADH dehydrogenase I subunit I; AltName: Full=NDH-1 subunit I [Pseudomonas fluorescens Pf0-1]	99.451	182	1	0	1	546	1	182	2.2499999999999998e-134	375	Q3KA56	Q3KA56.1
nuoJ	sp|Q9I0J3.1|	RecName: Full=NADH-quinone oxidoreductase subunit J; AltName: Full=NADH dehydrogenase I subunit J; AltName: Full=NDH-1 subunit J [Pseudomonas aeruginosa PAO1]	78.313	166	36	0	1	498	1	166	2.6899999999999995e-57	179	Q9I0J3	Q9I0J3.1
nuoK	sp|C3JY90.1|	RecName: Full=NADH-quinone oxidoreductase subunit K; AltName: Full=NADH dehydrogenase I subunit K; AltName: Full=NDH-1 subunit K [Pseudomonas [fluorescens] SBW25]	100	102	0	0	1	306	1	102	4.59e-67	199	C3JY90	C3JY90.1
nuoL	sp|Q9I0J1.1|	RecName: Full=NADH-quinone oxidoreductase subunit L; AltName: Full=NADH dehydrogenase I subunit L; AltName: Full=NDH-1 subunit L [Pseudomonas aeruginosa PAO1]	84.193	601	95	0	1	1803	1	601	0	834	Q9I0J1	Q9I0J1.1
nuoM	sp|Q9I0J0.1|	RecName: Full=NADH-quinone oxidoreductase subunit M; AltName: Full=NADH dehydrogenase I subunit M; AltName: Full=NDH-1 subunit M [Pseudomonas aeruginosa PAO1]	79.093	507	106	0	1	1521	1	507	0	715	Q9I0J0	Q9I0J0.1
nuoN	sp|A4XV14.1|	RecName: Full=NADH-quinone oxidoreductase subunit N; AltName: Full=NADH dehydrogenase I subunit N; AltName: Full=NDH-1 subunit N [Ectopseudomonas mendocina ymp]	77.778	486	105	2	1	1455	6	489	0	629	A4XV14	A4XV14.1
nusA	sp|P0AFF6.1|	RecName: Full=Transcription termination/antitermination protein NusA; AltName: Full=N utilization substance protein A; AltName: Full=Transcription termination/antitermination L factor [Escherichia coli K-12]	64.503	493	172	2	1	1476	1	491	0	567	P0AFF6	P0AFF6.1
nusB	sp|C3K2R8.1|	RecName: Full=Transcription antitermination protein NusB; AltName: Full=Antitermination factor NusB [Pseudomonas [fluorescens] SBW25]	90.361	166	16	0	1	498	1	166	3.1699999999999996e-109	311	C3K2R8	C3K2R8.1
nusG	sp|Q9HWC4.1|	RecName: Full=Transcription termination/antitermination protein NusG [Pseudomonas aeruginosa PAO1]	93.082	159	11	0	1	477	19	177	1.5400000000000001e-105	301	Q9HWC4	Q9HWC4.1
oadA	sp|Q58628.1|	RecName: Full=Pyruvate carboxylase subunit B; AltName: Full=Pyruvic carboxylase B [Methanocaldococcus jannaschii DSM 2661]	53.422	599	240	9	19	1803	4	567	0	600	Q58628	Q58628.1
oah1	sp|Q5SK88.1|	RecName: Full=O-acetyl-L-homoserine sulfhydrylase 1; Short=OAH-sulfhydrylase 1 [Thermus thermophilus HB8]	52.607	422	196	3	1	1260	1	420	2.2599999999999997e-144	421	Q5SK88	Q5SK88.1
obg	sp|Q3K6K9.1|	RecName: Full=GTPase Obg; AltName: Full=GTP-binding protein Obg [Pseudomonas fluorescens Pf0-1]	94.764	382	20	0	1	1146	1	382	0	703	Q3K6K9	Q3K6K9.1
occM_1	sp|P35114.2|	RecName: Full=Octopine transport system permease protein OccM [Agrobacterium tumefaciens]	42.105	190	106	1	121	690	44	229	1.1899999999999999e-45	155	P35114	P35114.2
occM_2	sp|P35114.2|	RecName: Full=Octopine transport system permease protein OccM [Agrobacterium tumefaciens]	48.636	220	113	0	1	660	1	220	8.62e-62	196	P35114	P35114.2
occM_2~~~occM_3	sp|P35114.2|	RecName: Full=Octopine transport system permease protein OccM [Agrobacterium tumefaciens]	53.107	177	83	0	166	696	44	220	1.96e-62	198	P35114	P35114.2
occM_4	sp|P0AEQ6.1|	RecName: Full=Glutamine transport system permease protein GlnP [Escherichia coli K-12]	30.986	213	145	1	10	642	2	214	6.519999999999999e-23	95.5	P0AEQ6	P0AEQ6.1
occP	sp|O30506.2|	RecName: Full=Arginine/ornithine transport ATP-binding protein AotP [Pseudomonas aeruginosa PAO1]	66.265	249	84	0	22	768	4	252	1.9299999999999997e-104	306	O30506	O30506.2
occQ	sp|P35118.1|	RecName: Full=Nopaline transport system permease protein NocQ [Agrobacterium fabrum str. C58]	43.077	195	109	1	10	588	5	199	3.989999999999999e-37	133	P35118	P35118.1
occR	sp|P03030.1|	RecName: Full=Transcriptional activator protein LysR [Escherichia coli K-12]	53.872	297	137	0	10	900	5	301	2.5099999999999994e-107	317	P03030	P03030.1
occT	sp|P0A4F8.1|	RecName: Full=Octopine-binding periplasmic protein; Flags: Precursor [Agrobacterium tumefaciens]	37.729	273	137	5	37	774	9	275	2.71e-44	154	P0A4F8	P0A4F8.1
ocd	sp|Q88H32.1|	RecName: Full=Ornithine cyclodeaminase; Short=OCD [Pseudomonas putida KT2440]	62.575	334	124	1	1	999	1	334	3.75e-135	391	Q88H32	Q88H32.1
ogt	sp|Q9ZET8.1|	RecName: Full=Methylated-DNA--protein-cysteine methyltransferase; AltName: Full=6-O-methylguanine-DNA methyltransferase; Short=MGMT; AltName: Full=O-6-methylguanine-DNA-alkyltransferase [Mycobacterium avium subsp. paratuberculosis K-10]	49.618	131	63	1	10	402	3	130	8.25e-38	130	Q9ZET8	Q9ZET8.1
ohrB	sp|P0A0V4.1|	RecName: Full=Organic hydroperoxide resistance protein [Xanthomonas citri subsp. citri 306]	69.403	134	41	0	4	405	6	139	2.88e-65	197	P0A0V4	P0A0V4.1
ohrR	sp|P0DX95.1|	RecName: Full=HTH-type transcriptional regulator TtmR; AltName: Full=Formaldehyde-responsive transcription factor; AltName: Full=Transition to methylotrophy regulator [Methylorubrum extorquens PA1]	49.275	138	70	0	37	450	46	183	6.15e-34	120	P0DX95	P0DX95.1
ohyA	sp|C7DLJ6.1|	RecName: Full=Oleate hydratase; AltName: Full=Fatty acid double bond hydratase; AltName: Full=Fatty acid hydratase [Elizabethkingia meningoseptica]	41.353	532	300	4	49	1608	62	593	2.05e-135	410	C7DLJ6	C7DLJ6.1
oleB	sp|Q07646.1|	RecName: Full=Mesoderm-specific transcript protein; AltName: Full=Paternally-expressed gene 1 protein [Mus musculus]	40.339	295	157	8	22	858	40	331	1.8199999999999998e-60	198	Q07646	Q07646.1
oleD	sp|B2FI29.1|	RecName: Full=2-alkyl-3-oxoalkanoate reductase [Stenotrophomonas maltophilia K279a]	37.304	319	192	4	1	939	1	317	8.13e-56	187	B2FI29	B2FI29.1
ompA	sp|P13794.1|	RecName: Full=Outer membrane porin F; Flags: Precursor [Pseudomonas aeruginosa PAO1]	45.806	155	64	3	235	690	208	345	3.38e-30	117	P13794	P13794.1
ompA_1	sp|P38399.2|	RecName: Full=Outer membrane protein A; AltName: Full=Outer membrane porin A; Flags: Precursor [Yersinia pseudotuberculosis IP 32953]	36.508	126	71	4	499	867	215	334	1.07e-11	68.2	P38399	P38399.2
ompA_2	sp|P24755.1|	RecName: Full=Outer membrane protein A; AltName: Full=Outer membrane porin A; AltName: Full=Outer membrane protein 3A [Serratia odorifera]	33.858	127	77	3	616	984	118	241	7.86e-14	73.6	P24755	P24755.1
ompA_3	sp|P38399.2|	RecName: Full=Outer membrane protein A; AltName: Full=Outer membrane porin A; Flags: Precursor [Yersinia pseudotuberculosis IP 32953]	35.714	126	74	4	505	870	212	334	3.43e-13	72.4	P38399	P38399.2
ompR_1	sp|G3XCY6.1|	RecName: Full=Transcriptional regulatory protein GltR [Pseudomonas aeruginosa PAO1]	80.252	238	45	1	1	714	1	236	5.94e-131	372	G3XCY6	G3XCY6.1
ompR_2	sp|G3XCY6.1|	RecName: Full=Transcriptional regulatory protein GltR [Pseudomonas aeruginosa PAO1]	47.137	227	114	2	40	717	15	236	2.8900000000000002e-64	203	G3XCY6	G3XCY6.1
ompR_3	sp|A0A0H3NGY1.1|	RecName: Full=DNA-binding dual transcriptional regulator OmpR; AltName: Full=Transcriptional regulatory protein OmpR [Salmonella enterica subsp. enterica serovar Typhimurium str. SL1344]	66.383	235	79	0	25	729	3	237	6.1e-114	329	A0A0H3NGY1	A0A0H3NGY1.1
ompR_4	sp|G3XCY6.1|	RecName: Full=Transcriptional regulatory protein GltR [Pseudomonas aeruginosa PAO1]	47.845	232	117	2	106	789	4	235	8.599999999999999e-66	207	G3XCY6	G3XCY6.1
ompW	sp|P17266.2|	RecName: Full=Outer membrane protein W; Flags: Precursor [Vibrio cholerae O1 biovar El Tor str. N16961]	42.995	207	104	3	76	696	25	217	5.9900000000000005e-50	165	P17266	P17266.2
opgH	sp|C3K816.1|	RecName: Full=Glucans biosynthesis glucosyltransferase H [Pseudomonas [fluorescens] SBW25]	97.024	840	25	0	1	2520	1	840	0	1574	C3K816	C3K816.1
oppD	sp|P04285.1|	RecName: Full=Oligopeptide transport ATP-binding protein OppD [Salmonella enterica subsp. enterica serovar Typhimurium str. LT2]	48.58	317	156	3	7	942	17	331	1.36e-93	284	P04285	P04285.1
oprB_1	sp|Q51485.1|	RecName: Full=Porin B; AltName: Full=Glucose porin; AltName: Full=Outer membrane protein D1; Flags: Precursor [Pseudomonas aeruginosa PAO1]	65.06	415	142	2	109	1344	40	454	0	576	Q51485	Q51485.1
oprB_2	sp|Q51485.1|	RecName: Full=Porin B; AltName: Full=Glucose porin; AltName: Full=Outer membrane protein D1; Flags: Precursor [Pseudomonas aeruginosa PAO1]	33.483	445	258	11	19	1263	18	454	9.13e-68	225	Q51485	Q51485.1
oprD_1	sp|P32722.1|	RecName: Full=Porin D; AltName: Full=Imipenem/basic amino acid-specific outer membrane pore; AltName: Full=Outer membrane carboxylate channel D1; Short=OccD1; AltName: Full=Outer membrane protein D2; Flags: Precursor [Pseudomonas aeruginosa PAO1]	48.026	456	200	7	1	1296	1	443	1.1899999999999998e-121	363	P32722	P32722.1
oprD_2	sp|P32722.1|	RecName: Full=Porin D; AltName: Full=Imipenem/basic amino acid-specific outer membrane pore; AltName: Full=Outer membrane carboxylate channel D1; Short=OccD1; AltName: Full=Outer membrane protein D2; Flags: Precursor [Pseudomonas aeruginosa PAO1]	60.633	442	170	3	4	1320	3	443	0	525	P32722	P32722.1
oprD_3	sp|P32722.1|	RecName: Full=Porin D; AltName: Full=Imipenem/basic amino acid-specific outer membrane pore; AltName: Full=Outer membrane carboxylate channel D1; Short=OccD1; AltName: Full=Outer membrane protein D2; Flags: Precursor [Pseudomonas aeruginosa PAO1]	35.828	441	250	13	103	1392	25	443	4.78e-60	206	P32722	P32722.1
oprD_4	sp|Q88JX6.1|	RecName: Full=Porin-like protein GalP; AltName: Full=Gallate degradation protein P; Flags: Precursor [Pseudomonas putida KT2440]	31.121	437	246	14	106	1407	26	410	2.99e-46	168	Q88JX6	Q88JX6.1
oprD_5	sp|P32722.1|	RecName: Full=Porin D; AltName: Full=Imipenem/basic amino acid-specific outer membrane pore; AltName: Full=Outer membrane carboxylate channel D1; Short=OccD1; AltName: Full=Outer membrane protein D2; Flags: Precursor [Pseudomonas aeruginosa PAO1]	42.019	426	221	7	76	1317	32	443	2.6799999999999995e-99	306	P32722	P32722.1
oprD_6	sp|P32722.1|	RecName: Full=Porin D; AltName: Full=Imipenem/basic amino acid-specific outer membrane pore; AltName: Full=Outer membrane carboxylate channel D1; Short=OccD1; AltName: Full=Outer membrane protein D2; Flags: Precursor [Pseudomonas aeruginosa PAO1]	40.959	459	224	12	1	1284	1	443	3.44e-104	319	P32722	P32722.1
oprD_7	sp|P32722.1|	RecName: Full=Porin D; AltName: Full=Imipenem/basic amino acid-specific outer membrane pore; AltName: Full=Outer membrane carboxylate channel D1; Short=OccD1; AltName: Full=Outer membrane protein D2; Flags: Precursor [Pseudomonas aeruginosa PAO1]	39.644	449	249	9	13	1320	4	443	6.35e-84	267	P32722	P32722.1
oprF	sp|P37726.1|	RecName: Full=Outer membrane porin F; AltName: Full=Root adhesin; Flags: Precursor [Pseudomonas fluorescens]	89.49	314	33	0	1	942	1	314	0	529	P37726	P37726.1
oprJ_1	sp|Q51397.2|	RecName: Full=Outer membrane protein OprJ; Flags: Precursor [Pseudomonas aeruginosa PAO1]	65.055	455	159	0	58	1422	20	474	7.93e-179	512	Q51397	Q51397.2
oprJ_2	sp|Q51397.2|	RecName: Full=Outer membrane protein OprJ; Flags: Precursor [Pseudomonas aeruginosa PAO1]	58.12	117	49	0	31	381	11	127	2.03e-28	111	Q51397	Q51397.2
oprJ_3	sp|Q51397.2|	RecName: Full=Outer membrane protein OprJ; Flags: Precursor [Pseudomonas aeruginosa PAO1]	65.763	295	97	2	4	882	182	474	3.8499999999999993e-106	320	Q51397	Q51397.2
oprM_1	sp|Q51397.2|	RecName: Full=Outer membrane protein OprJ; Flags: Precursor [Pseudomonas aeruginosa PAO1]	33.333	177	118	0	883	1413	289	465	1.68e-14	79	Q51397	Q51397.2
oprM_2	sp|Q9I189.1|	RecName: Full=Pyoverdine export outer membrane protein OpmQ; Flags: Precursor [Pseudomonas aeruginosa PAO1]	64.653	447	157	1	61	1398	17	463	6.939999999999999e-165	476	Q9I189	Q9I189.1
oprM_4	sp|Q51487.2|	RecName: Full=Outer membrane protein OprM; Flags: Precursor [Pseudomonas aeruginosa PAO1]	32.706	425	257	7	154	1383	57	467	9.899999999999998e-43	160	Q51487	Q51487.2
oprM_6	sp|Q51487.2|	RecName: Full=Outer membrane protein OprM; Flags: Precursor [Pseudomonas aeruginosa PAO1]	30.103	485	300	13	13	1410	4	468	2.2e-41	157	Q51487	Q51487.2
opuAA	sp|P46920.3|	RecName: Full=Glycine betaine transport ATP-binding protein OpuAA; AltName: Full=Quaternary-amine-transporting ATPase [Bacillus subtilis subsp. subtilis str. 168]	58.555	263	109	0	16	804	9	271	4.619999999999999e-112	332	P46920	P46920.3
opuAB_1	sp|P46921.1|	RecName: Full=Glycine betaine transport system permease protein OpuAB [Bacillus subtilis subsp. subtilis str. 168]	44.649	271	149	1	16	828	6	275	2.93e-70	221	P46921	P46921.1
opuAB_2	sp|P46921.1|	RecName: Full=Glycine betaine transport system permease protein OpuAB [Bacillus subtilis subsp. subtilis str. 168]	43.561	264	146	2	28	816	9	270	7.65e-66	210	P46921	P46921.1
oqxB9	sp|Q8G2M6.1|	RecName: Full=Efflux pump membrane transporter BepE [Brucella suis 1330]	47.834	1039	526	5	10	3117	2	1027	0	824	Q8G2M6	Q8G2M6.1
orn	sp|Q3KIZ7.1|	RecName: Full=Oligoribonuclease [Pseudomonas fluorescens Pf0-1]	92.737	179	13	0	1	537	1	179	7.72e-126	354	Q3KIZ7	Q3KIZ7.1
osmC	sp|P0C0L2.2|	RecName: Full=Peroxiredoxin OsmC; AltName: Full=Osmotically-inducible protein C [Escherichia coli K-12]	60.14	143	57	0	1	429	1	143	1.5100000000000002e-58	181	P0C0L2	P0C0L2.2
osmV	sp|Q8ZPK4.1|	RecName: Full=Osmoprotectant import ATP-binding protein OsmV [Salmonella enterica subsp. enterica serovar Typhimurium str. LT2]	61.93	373	139	2	1	1110	1	373	6.249999999999999e-168	477	Q8ZPK4	Q8ZPK4.1
osmV_2	sp|Q8ZPK4.1|	RecName: Full=Osmoprotectant import ATP-binding protein OsmV [Salmonella enterica subsp. enterica serovar Typhimurium str. LT2]	56.757	370	156	3	1	1101	1	369	4.62e-149	429	Q8ZPK4	Q8ZPK4.1
osmW	sp|Q8ZPK3.1|	RecName: Full=Osmoprotectant import permease protein OsmW [Salmonella enterica subsp. enterica serovar Typhimurium str. LT2]	64.141	198	71	0	52	645	17	214	2.5099999999999998e-52	171	Q8ZPK3	Q8ZPK3.1
osmW_2	sp|Q8ZPK3.1|	RecName: Full=Osmoprotectant import permease protein OsmW [Salmonella enterica subsp. enterica serovar Typhimurium str. LT2]	56.542	214	93	0	1	642	1	214	4.509999999999999e-56	180	Q8ZPK3	Q8ZPK3.1
osmX	sp|Q9HXC4.1|	RecName: Full=Glycine-betaine-binding protein; Flags: Precursor [Pseudomonas aeruginosa PAO1]	57.627	295	116	4	13	882	7	297	3.889999999999999e-119	347	Q9HXC4	Q9HXC4.1
osmX_2	sp|Q9HXC4.1|	RecName: Full=Glycine-betaine-binding protein; Flags: Precursor [Pseudomonas aeruginosa PAO1]	45.552	281	149	1	58	888	20	300	7.03e-85	260	Q9HXC4	Q9HXC4.1
osmY_1	sp|P0AFH8.1|	RecName: Full=Osmotically-inducible protein Y; Flags: Precursor [Escherichia coli K-12]	35.948	153	87	4	61	504	26	172	4.63e-9	57.4	P0AFH8	P0AFH8.1
osmY_2	sp|Q8ZPK1.1|	RecName: Full=Osmoprotectant import permease protein OsmY [Salmonella enterica subsp. enterica serovar Typhimurium str. LT2]	65.363	179	62	0	76	612	27	205	1.4699999999999998e-52	172	Q8ZPK1	Q8ZPK1.1
osmY_3	sp|P45301.1|	RecName: Full=Outer membrane lipoprotein DolP; Flags: Precursor [Haemophilus influenzae Rd KW20]	37.436	195	118	2	1	579	1	193	1.22e-36	129	P45301	P45301.1
outO	sp|P22610.3|	RecName: Full=Prepilin leader peptidase/N-methyltransferase; AltName: Full=Protein PilD; AltName: Full=Protein secretion protein XCPA; Includes: RecName: Full=Leader peptidase; AltName: Full=Prepilin peptidase; Includes: RecName: Full=N-methyltransferase [Pseudomonas aeruginosa PAO1]	66.426	277	93	0	34	864	14	290	2.37e-111	326	P22610	P22610.3
outO_2	sp|Q9ZEL6.1|	RecName: Full=Prepilin leader peptidase/N-methyltransferase; Includes: RecName: Full=Leader peptidase; AltName: Full=Prepilin peptidase; Includes: RecName: Full=N-methyltransferase [Stutzerimonas stutzeri]	45.378	238	88	3	103	690	36	273	1.37e-38	138	Q9ZEL6	Q9ZEL6.1
oxyR_1	sp|P0ACQ4.1|	RecName: Full=DNA-binding transcriptional dual regulator OxyR; AltName: Full=Hydrogen peroxide-inducible genes activator; AltName: Full=Morphology and auto-aggregation control protein [Escherichia coli K-12]	40.339	295	171	3	1	885	1	290	8.239999999999999e-69	219	P0ACQ4	P0ACQ4.1
oxyR_3	sp|Q9HWH8.1|	RecName: Full=HTH-type transcriptional regulator NmoR [Pseudomonas aeruginosa PAO1]	35.294	136	87	1	1	408	1	135	1.04e-15	79	Q9HWH8	Q9HWH8.1
paaF_1	sp|Q4WF54.1|	RecName: Full=Mevalonyl-coenzyme A hydratase sidH; AltName: Full=Siderophore biosynthesis protein H [Aspergillus fumigatus Af293]	35.081	248	148	3	46	768	20	261	5.04e-33	124	Q4WF54	Q4WF54.1
paaF_2	sp|O75521.4|	RecName: Full=Enoyl-CoA delta isomerase 2; AltName: Full=DRS-1; AltName: Full=Delta(3),delta(2)-enoyl-CoA isomerase; Short=D3,D2-enoyl-CoA isomerase; AltName: Full=Diazepam-binding inhibitor-related protein 1; Short=DBI-related protein 1; AltName: Full=Dodecenoyl-CoA isomerase; AltName: Full=Hepatocellular carcinoma-associated antigen 88; AltName: Full=Peroxisomal 3,2-trans-enoyl-CoA isomerase; Short=pECI; AltName: Full=Renal carcinoma antigen NY-REN-1; Flags: Precursor [Homo sapiens]	33.463	257	156	4	7	747	140	391	4.67e-24	102	O75521	O75521.4
pabB	sp|P12680.1|	RecName: Full=Aminodeoxychorismate synthase component 1; Short=ADC synthase; Short=ADCS; AltName: Full=4-amino-4-deoxychorismate synthase component 1 [Salmonella enterica subsp. enterica serovar Typhimurium str. LT2]	48.571	455	213	7	13	1338	8	454	1.39e-127	380	P12680	P12680.1
pabC	sp|Q56693.1|	RecName: Full=Aminodeoxychorismate lyase; AltName: Full=4-amino-4-deoxychorismate lyase; Short=ADC lyase; Short=ADCL [Vibrio harveyi]	41.264	269	145	6	10	789	3	267	1.34e-49	167	Q56693	Q56693.1
pagL	sp|Q9HVD1.1|	RecName: Full=Lipid A deacylase PagL; AltName: Full=LPS 3-O-deacylase PagL; AltName: Full=Outer membrane enzyme PagL; AltName: Full=PhoP/PhoQ-activated gene product L; Flags: Precursor [Pseudomonas aeruginosa PAO1]	64.331	157	55	1	49	516	17	173	7.04e-62	191	Q9HVD1	Q9HVD1.1
paiA_1	sp|P16966.1|	RecName: Full=Acetyltransferase; AltName: Full=Tabtoxin resistance protein [Pseudomonas amygdali pv. tabaci]	30.526	95	61	2	178	462	64	153	7.8e-6	47.4	P16966	P16966.1
paiB	sp|Q4WVZ0.1|	RecName: Full=Uncharacterized protein AFUA_5G13800 [Aspergillus fumigatus Af293]	37.288	236	103	7	1	573	1	236	2.9499999999999997e-32	120	Q4WVZ0	Q4WVZ0.1
pal_1	sp|P37665.2|	RecName: Full=Probable lipoprotein YiaD; Flags: Precursor [Escherichia coli K-12]	40.952	105	62	0	469	783	113	217	4.07e-21	92	P37665	P37665.2
pal_2	sp|P0A138.1|	RecName: Full=Peptidoglycan-associated lipoprotein; Short=PAL; Flags: Precursor [Pseudomonas putida KT2440]	95.783	166	7	0	1	498	1	166	1.0999999999999997e-106	304	P0A138	P0A138.1
pal_3	sp|Q9I4L6.1|	RecName: Full=Outer-membrane lipoprotein YfiB; AltName: Full=Outer-membrane bound Pal-like protein; Flags: Precursor [Pseudomonas aeruginosa PAO1]	52.5	160	75	1	13	489	9	168	1.2499999999999997e-55	175	Q9I4L6	Q9I4L6.1
pal_4	sp|Q05146.1|	RecName: Full=Outer membrane protein A; Flags: Precursor [Bordetella avium]	33.065	124	80	2	1276	1647	70	190	2.58e-10	63.5	Q05146	Q05146.1
panB	sp|Q9ZEP8.1|	RecName: Full=3-methyl-2-oxobutanoate hydroxymethyltransferase; AltName: Full=Ketopantoate hydroxymethyltransferase; Short=KPHMT [Pseudomonas [fluorescens] SBW25]	94.361	266	15	0	1	798	1	266	0	514	Q9ZEP8	Q9ZEP8.1
panC	sp|Q9ZEP7.2|	RecName: Full=Pantothenate synthetase; Short=PS; AltName: Full=Pantoate--beta-alanine ligase; AltName: Full=Pantoate-activating enzyme [Pseudomonas [fluorescens] SBW25]	95.035	282	14	0	1	846	1	282	0	555	Q9ZEP7	Q9ZEP7.2
panE_1	sp|Q8YX96.1|	RecName: Full=2-dehydropantoate 2-reductase; AltName: Full=Ketopantoate reductase; Short=KPR [Nostoc sp. PCC 7120 = FACHB-418]	38.095	294	178	3	82	963	22	311	6.31e-53	179	Q8YX96	Q8YX96.1
panE_2	sp|Q9HW09.1|	RecName: Full=2-dehydropantoate 2-reductase; AltName: Full=Ketopantoate reductase; Short=KPR [Pseudomonas aeruginosa PAO1]	66.89	299	99	0	10	906	2	300	3.4199999999999995e-125	362	Q9HW09	Q9HW09.1
panS	sp|O34524.1|	RecName: Full=Uncharacterized sodium-dependent transporter YocS [Bacillus subtilis subsp. subtilis str. 168]	55.949	311	137	0	1	933	1	311	1.69e-95	288	O34524	O34524.1
paoA	sp|P77165.1|	RecName: Full=Aldehyde oxidoreductase iron-sulfur-binding subunit PaoA; Flags: Precursor [Escherichia coli K-12]	57.895	171	57	2	22	489	53	223	4.0299999999999994e-54	174	P77165	P77165.1
paoB	sp|P77324.1|	RecName: Full=Aldehyde oxidoreductase FAD-binding subunit PaoB [Escherichia coli K-12]	50.613	326	145	6	1	966	1	314	7.709999999999999e-93	282	P77324	P77324.1
paoC	sp|P77489.1|	RecName: Full=Aldehyde oxidoreductase molybdenum-binding subunit PaoC [Escherichia coli K-12]	37.382	741	420	13	1	2181	15	725	6.87e-113	360	P77489	P77489.1
papC	sp|P77196.3|	PUTATIVE PSEUDOGENE: RecName: Full=Putative outer membrane usher protein YfcU; Flags: Precursor [Escherichia coli K-12]	49.112	845	388	9	34	2505	32	855	0	823	P77196	P77196.3
papH	sp|P42185.1|	RecName: Full=PRS fimbrial minor pilin protein; Flags: Precursor [Escherichia coli]	34.132	167	105	1	16	516	33	194	4.39e-23	93.6	P42185	P42185.1
parA	sp|P0A149.1|	RecName: Full=Uncharacterized protein PP_0002 [Pseudomonas putida KT2440]	92.308	260	20	0	1	780	1	260	2.9499999999999996e-177	491	P0A149	P0A149.1
parB	sp|P0A151.1|	RecName: Full=Probable chromosome-partitioning protein ParB [Pseudomonas putida KT2440]	85.862	290	41	0	1	870	1	290	1.2599999999999997e-168	471	P0A151	P0A151.1
parC	sp|Q9HUK1.1|	RecName: Full=DNA topoisomerase 4 subunit A; AltName: Full=Topoisomerase IV subunit A [Pseudomonas aeruginosa PAO1]	85.392	753	108	1	1	2259	1	751	0	1275	Q9HUK1	Q9HUK1.1
parE	sp|Q9HUJ8.1|	RecName: Full=DNA topoisomerase 4 subunit B; AltName: Full=Topoisomerase IV subunit B [Pseudomonas aeruginosa PAO1]	89.474	627	66	0	19	1899	2	628	0	1165	Q9HUJ8	Q9HUJ8.1
pat	sp|Q9KCA8.1|	RecName: Full=Histidinol-phosphate aminotransferase; AltName: Full=Imidazole acetol-phosphate transaminase [Halalkalibacterium halodurans C-125]	30.503	318	213	5	109	1044	32	347	1.56e-34	133	Q9KCA8	Q9KCA8.1
patA_1	sp|Q88ND2.1|	RecName: Full=Probable alginate O-acetylase AlgI; AltName: Full=Alginate biosynthesis protein AlgI [Pseudomonas putida KT2440]	42.914	501	244	12	1	1425	1	485	4.2599999999999997e-113	345	Q88ND2	Q88ND2.1
patA~~~patA_2	sp|O25526.1|	RecName: Full=Peptidoglycan O-acetyltransferase; Short=PG acetyltransferase [Helicobacter pylori 26695]	45.507	523	246	8	1	1479	14	527	2.2399999999999995e-148	437	O25526	O25526.1
patB	sp|Q08432.1|	RecName: Full=Cystathionine beta-lyase PatB; Short=CBL; AltName: Full=Beta-cystathionase PatB; AltName: Full=Cysteine lyase PatB; AltName: Full=Cysteine-S-conjugate beta-lyase PatB [Bacillus subtilis subsp. subtilis str. 168]	36.951	387	232	5	7	1134	1	386	2.43e-72	233	Q08432	Q08432.1
pat_1	sp|Q9HT95.1|	RecName: Full=Acetyltransferase PA5475; AltName: Full=GCN5-related N-acetyltransferase; Short=GNAT [Pseudomonas aeruginosa PAO1]	53.005	183	85	1	16	564	5	186	2.08e-56	179	Q9HT95	Q9HT95.1
pbpC	sp|P76577.1|	RecName: Full=Penicillin-binding protein 1C; Short=PBP-1c; Short=PBP1c; Includes: RecName: Full=Penicillin-insensitive transglycosylase; AltName: Full=Peptidoglycan TGase; Includes: RecName: Full=Transpeptidase-like module [Escherichia coli K-12]	33.333	756	457	17	94	2292	37	768	2.2899999999999998e-82	281	P76577	P76577.1
pbpG	sp|P0AFI5.2|	RecName: Full=D-alanyl-D-alanine endopeptidase; Short=DD-endopeptidase; AltName: Full=Penicillin-binding protein 7; Short=PBP-7; Flags: Precursor [Escherichia coli K-12]	66.409	259	87	0	94	870	34	292	3.3899999999999998e-121	353	P0AFI5	P0AFI5.2
pbuE	sp|O34367.1|	RecName: Full=Uncharacterized MFS-type transporter YtbD [Bacillus subtilis subsp. subtilis str. 168]	35.87	276	175	1	13	840	12	285	1.93e-41	153	O34367	O34367.1
pbuE_2	sp|Q0GQS6.1|	RecName: Full=Purine efflux pump PbuE [Bacillus amyloliquefaciens]	33.053	357	203	14	133	1143	19	359	4.7099999999999995e-25	108	Q0GQS6	Q0GQS6.1
pcaB	sp|P32427.3|	RecName: Full=3-carboxy-cis,cis-muconate cycloisomerase; AltName: Full=3-carboxymuconate lactonizing enzyme; Short=CMLE [Pseudomonas putida]	77.197	421	96	0	16	1278	2	422	0	608	P32427	P32427.3
pcaF	sp|Q51956.1|	RecName: Full=Beta-ketoadipyl-CoA thiolase; AltName: Full=3-oxoadipyl-CoA thiolase [Pseudomonas putida]	89.5	400	42	0	1	1200	1	400	0	695	Q51956	Q51956.1
pcaG	sp|P20371.3|	RecName: Full=Protocatechuate 3,4-dioxygenase alpha chain; AltName: Full=3,4-PCD [Acinetobacter baylyi ADP1]	44.776	201	94	7	7	561	9	208	3.34e-38	133	P20371	P20371.3
pcaH	sp|P15110.1|	RecName: Full=Protocatechuate 3,4-dioxygenase beta chain; AltName: Full=3,4-PCD [Burkholderia cepacia]	61.435	223	83	2	40	702	14	235	1.08e-92	275	P15110	P15110.1
pcaK_1	sp|Q43975.3|	RecName: Full=4-hydroxybenzoate transporter PcaK; Short=4-HB transporter [Acinetobacter baylyi ADP1]	37.317	410	247	4	16	1218	13	421	3.1100000000000003e-59	204	Q43975	Q43975.3
pcaK_2	sp|Q51955.1|	RecName: Full=4-hydroxybenzoate transporter PcaK [Pseudomonas putida]	90.09	444	44	0	91	1422	5	448	0	706	Q51955	Q51955.1
pcaR	sp|Q52154.1|	RecName: Full=Pca regulon regulatory protein [Pseudomonas putida]	86.486	259	35	0	64	840	33	291	5.0599999999999994e-157	441	Q52154	Q52154.1
pchB	sp|Q51507.2|	RecName: Full=Isochorismate pyruvate lyase; Short=IPL; AltName: Full=Chorismate mutase; Short=CM; AltName: Full=Salicylate biosynthesis protein [Pseudomonas aeruginosa PAO1]	30.233	86	60	0	10	267	6	91	4.08e-9	52.8	Q51507	Q51507.2
pckA	sp|C3K4J5.1|	RecName: Full=Phosphoenolpyruvate carboxykinase (ATP); Short=PCK; Short=PEP carboxykinase; Short=PEPCK [Pseudomonas [fluorescens] SBW25]	98.441	513	8	0	1	1539	1	513	0	993	C3K4J5	C3K4J5.1
pcm	sp|C3K706.1|	RecName: Full=Protein-L-isoaspartate O-methyltransferase; AltName: Full=L-isoaspartyl protein carboxyl methyltransferase; AltName: Full=Protein L-isoaspartyl methyltransferase; AltName: Full=Protein-beta-aspartate methyltransferase; Short=PIMT [Pseudomonas [fluorescens] SBW25]	99.052	211	2	0	43	675	1	211	1.9e-150	419	C3K706	C3K706.1
pcnB	sp|P0ABF1.2|	RecName: Full=Poly(A) polymerase I; Short=PAP I; AltName: Full=Plasmid copy number protein; Flags: Precursor [Escherichia coli K-12]	47.7	413	210	4	73	1299	31	441	5.9299999999999995e-118	356	P0ABF1	P0ABF1.2
pcoC	sp|Q47454.1|	RecName: Full=Copper resistance protein C; Flags: Precursor [Escherichia coli]	41.837	98	42	2	97	357	32	125	2.06e-17	75.5	Q47454	Q47454.1
pcp	sp|P42673.1|	RecName: Full=Pyrrolidone-carboxylate peptidase; AltName: Full=5-oxoprolyl-peptidase; AltName: Full=Pyroglutamyl-peptidase I; Short=PGP-I; Short=Pyrase [Pseudomonas fluorescens]	79.343	213	44	0	1	639	1	213	4.1999999999999987e-119	340	P42673	P42673.1
pcpR_1	sp|P10183.2|	RecName: Full=HTH-type transcriptional activator NahR [Pseudomonas putida]	31.365	271	184	2	61	867	20	290	1.2300000000000001e-33	127	P10183	P10183.2
pcpR_3	sp|Q9EXL7.1|	RecName: Full=HTH-type transcriptional activator NagR [Ralstonia sp.]	33.775	302	194	3	1	894	1	300	2.4300000000000003e-58	192	Q9EXL7	Q9EXL7.1
pcpR_4	sp|Q9EXL7.1|	RecName: Full=HTH-type transcriptional activator NagR [Ralstonia sp.]	32.624	282	176	5	52	873	22	297	1.86e-35	132	Q9EXL7	Q9EXL7.1
pcs	sp|Q9HXE9.1|	RecName: Full=Phosphatidylcholine synthase; Short=PC synthase; Short=PCS; AltName: Full=CDP-diglyceride-choline O-phosphatidyltransferase [Pseudomonas aeruginosa PAO1]	65.385	234	81	0	4	705	5	238	2.42e-90	269	Q9HXE9	Q9HXE9.1
pctA_1	sp|Q88N45.1|	RecName: Full=Methyl-accepting chemotaxis protein McpG [Pseudomonas putida KT2440]	74.444	630	155	2	1	1890	1	624	0	775	Q88N45	Q88N45.1
pctA_2	sp|G3XD24.1|	RecName: Full=Methyl-accepting chemotaxis protein PctA [Pseudomonas aeruginosa PAO1]	30.414	628	386	15	196	2034	1	592	2.43e-59	214	G3XD24	G3XD24.1
pdeB	sp|P77473.2|	RecName: Full=Probable cyclic di-GMP phosphodiesterase PdeB [Escherichia coli K-12]	36.441	236	145	3	55	756	278	510	9.37e-44	158	P77473	P77473.2
pdeG	sp|P75995.2|	RecName: Full=Probable cyclic di-GMP phosphodiesterase PdeG [Escherichia coli K-12]	33.129	489	318	5	79	1536	16	498	7.16e-78	256	P75995	P75995.2
pdeR	sp|Q9HX69.1|	RecName: Full=Cyclic di-GMP phosphodiesterase RocR; Short=c-di-GMP PDE; AltName: Full=Response regulator RocR [Pseudomonas aeruginosa PAO1]	47.115	104	55	0	13	324	277	380	8.489999999999999e-23	94.7	Q9HX69	Q9HX69.1
pdhR	sp|P0ACL9.1|	RecName: Full=Pyruvate dehydrogenase complex repressor [Escherichia coli K-12]	49.569	232	111	3	1	693	1	227	1.87e-66	209	P0ACL9	P0ACL9.1
pdxA	sp|Q88QT5.1|	RecName: Full=4-hydroxythreonine-4-phosphate dehydrogenase; AltName: Full=4-(phosphohydroxy)-L-threonine dehydrogenase [Pseudomonas putida KT2440]	90.244	328	32	0	1	984	1	328	0	557	Q88QT5	Q88QT5.1
pdxB	sp|C3K5G7.1|	RecName: Full=Erythronate-4-phosphate dehydrogenase [Pseudomonas [fluorescens] SBW25]	92.895	380	27	0	1	1140	1	380	0	700	C3K5G7	C3K5G7.1
pdxH	sp|C3K863.1|	RecName: Full=Pyridoxine/pyridoxamine 5'-phosphate oxidase; AltName: Full=PNP/PMP oxidase; Short=PNPOx; AltName: Full=Pyridoxal 5'-phosphate synthase [Pseudomonas [fluorescens] SBW25]	96.279	215	8	0	1	645	1	215	2.02e-154	429	C3K863	C3K863.1
pdxJ	sp|C3K6Z0.1|	RecName: Full=Pyridoxine 5'-phosphate synthase; Short=PNP synthase [Pseudomonas [fluorescens] SBW25]	98.312	237	4	0	1	711	1	237	1.5199999999999997e-159	445	C3K6Z0	C3K6Z0.1
pdxY	sp|C3K4G7.1|	RecName: Full=Pyridoxal kinase PdxY; Short=PL kinase [Pseudomonas [fluorescens] SBW25]	97.241	290	8	0	1	870	1	290	0	548	C3K4G7	C3K4G7.1
peb1A_2	sp|Q0P9X8.1|	RecName: Full=Major cell-binding factor; AltName: Full=CBF1; AltName: Full=PEB1; Flags: Precursor [Campylobacter jejuni subsp. jejuni NCTC 11168 = ATCC 700819]	30.579	121	80	2	145	498	51	170	2.94e-7	53.9	Q0P9X8	Q0P9X8.1
pepA	sp|C3K6G5.1|	RecName: Full=Probable cytosol aminopeptidase; AltName: Full=Leucine aminopeptidase; Short=LAP; AltName: Full=Leucyl aminopeptidase [Pseudomonas [fluorescens] SBW25]	95.161	496	24	0	1	1488	1	496	0	928	C3K6G5	C3K6G5.1
pepN	sp|Q8H0S9.1|	RecName: Full=Puromycin-sensitive aminopeptidase; Short=PSA; AltName: Full=Cytosol alanyl aminopeptidase; Short=AAP-S; AltName: Full=Meiotic prophase aminopeptidase 1 [Arabidopsis thaliana]	51.802	888	415	6	10	2655	2	882	0	929	Q8H0S9	Q8H0S9.1
pepP	sp|P15034.2|	RecName: Full=Xaa-Pro aminopeptidase; AltName: Full=Aminoacylproline aminopeptidase; AltName: Full=Aminopeptidase P II; Short=APP-II; AltName: Full=X-Pro aminopeptidase [Escherichia coli K-12]	46.939	441	231	3	1	1320	1	439	1.74e-135	399	P15034	P15034.2
perB	sp|Q7DBF7.1|	RecName: Full=GDP-perosamine N-acetyltransferase [Escherichia coli O157:H7]	45.161	186	100	2	37	591	30	214	9.52e-41	140	Q7DBF7	Q7DBF7.1
petA	sp|O31214.2|	RecName: Full=Ubiquinol-cytochrome c reductase iron-sulfur subunit; AltName: Full=Rieske iron-sulfur protein; Short=RISP [Allochromatium vinosum DSM 180]	57.653	196	83	0	1	588	11	206	2.8999999999999993e-55	177	O31214	O31214.2
petB	sp|O31215.2|	RecName: Full=Cytochrome b [Allochromatium vinosum DSM 180]	64.373	407	136	3	13	1209	9	414	1.2399999999999999e-168	481	O31215	O31215.2
petC	sp|O31216.1|	RecName: Full=Cytochrome c1; Flags: Precursor [Allochromatium vinosum DSM 180]	42.966	263	127	3	1	777	1	244	1.58e-54	179	O31216	O31216.1
petE	sp|Q9K0K9.1|	RecName: Full=Iron-regulated protein FrpA [Neisseria meningitidis MC58]	42.056	107	55	3	8620	8925	932	1036	1.25e-8	65.1	Q9K0K9	Q9K0K9.1
pfeS	sp|Q04804.2|	RecName: Full=Sensor protein PfeS [Pseudomonas aeruginosa PAO1]	50.562	445	216	3	31	1359	3	445	5.729999999999999e-143	419	Q04804	Q04804.2
pfkB	sp|P42720.1|	RecName: Full=Fructokinase [Rhizobium leguminosarum bv. trifolii]	35.959	292	174	4	1	876	1	279	1.4e-52	178	P42720	P42720.1
pfyP_1	sp|P58724.1|	RecName: Full=Blue-light photoreceptor; AltName: Full=Phototropin homolog [Listeria monocytogenes EGD-e]	44.037	109	60	1	40	366	17	124	7.400000000000001e-29	109	P58724	P58724.1
pfyP_2	sp|P58724.1|	RecName: Full=Blue-light photoreceptor; AltName: Full=Phototropin homolog [Listeria monocytogenes EGD-e]	36.641	131	82	1	40	432	17	146	9.640000000000001e-29	108	P58724	P58724.1
pgaA	sp|P69434.1|	RecName: Full=Poly-beta-1,6-N-acetyl-D-glucosamine export protein; Short=PGA export protein; Short=Poly-beta-1,6-GlcNAc export protein; Flags: Precursor [Escherichia coli K-12]	39.223	798	451	9	106	2478	37	807	4.52e-167	507	P69434	P69434.1
pgaB	sp|P75906.1|	RecName: Full=Poly-beta-1,6-N-acetyl-D-glucosamine N-deacetylase; Short=PGA N-deacetylase; Short=Poly-beta-1,6-GlcNAc N-deacetylase; Flags: Precursor [Escherichia coli K-12]	51.204	623	303	1	130	1995	47	669	0	654	P75906	P75906.1
pgaC	sp|P75905.1|	RecName: Full=Poly-beta-1,6-N-acetyl-D-glucosamine synthase; Short=PGA synthase; Short=Poly-beta-1,6-GlcNAc synthase; AltName: Full=Biofilm PGA synthesis protein PgaC; AltName: Full=N-acetylglucosaminyltransferase PgaC [Escherichia coli K-12]	64.029	417	149	1	67	1317	23	438	0	575	P75905	P75905.1
pgdA	sp|B5ZA76.1|	RecName: Full=Peptidoglycan deacetylase; Short=PG deacetylase; AltName: Full=Acetylxylan esterase [Helicobacter pylori G27]	76.976	291	67	0	1	873	1	291	1.05e-172	482	B5ZA76	B5ZA76.1
pgi	sp|C3K249.1|	RecName: Full=Glucose-6-phosphate isomerase; Short=GPI; AltName: Full=Phosphoglucose isomerase; Short=PGI; AltName: Full=Phosphohexose isomerase; Short=PHI [Pseudomonas [fluorescens] SBW25]	96.931	554	17	0	1	1662	1	554	0	1096	C3K249	C3K249.1
pgk	sp|C3K3F1.1|	RecName: Full=Phosphoglycerate kinase [Pseudomonas [fluorescens] SBW25]	98.45	387	6	0	1	1161	1	387	0	684	C3K3F1	C3K3F1.1
pglC	sp|Q0P9D0.1|	RecName: Full=Undecaprenyl phosphate N,N'-diacetylbacillosamine 1-phosphate transferase; AltName: Full=Protein glycosylation C [Campylobacter jejuni subsp. jejuni NCTC 11168 = ATCC 700819]	43.506	154	84	2	94	555	36	186	1.8999999999999998e-35	125	Q0P9D0	Q0P9D0.1
pglF	sp|P39853.1|	RecName: Full=Capsular polysaccharide biosynthesis protein CapD [Staphylococcus aureus]	41.988	493	232	11	358	1806	109	557	1.11e-114	359	P39853	P39853.1
pgl_1	sp|Q9EV79.1|	RecName: Full=6-phosphogluconolactonase; Short=6PGL [Pseudomonas putida]	62.869	237	88	0	1	711	6	242	5.1899999999999995e-90	268	Q9EV79	Q9EV79.1
pgl_2	sp|T2KMF9.1|	RecName: Full=6-phosphogluconolactonase; AltName: Full=P9_lactonase; AltName: Full=Polysaccharide utilization locus H protein P9; Short=PUL H protein P9 [Formosa agariphila KMM 3901]	33.973	365	221	10	88	1167	1	350	6.09e-59	198	T2KMF9	T2KMF9.1
pgm	sp|P38569.1|	RecName: Full=Phosphoglucomutase; Short=PGM; AltName: Full=Glucose phosphomutase [Komagataeibacter xylinus]	63.687	537	195	0	4	1614	3	539	0	621	P38569	P38569.1
pgrR_1	sp|P37641.2|	RecName: Full=Uncharacterized HTH-type transcriptional regulator YhjC [Escherichia coli K-12]	45.638	298	162	0	1	894	1	298	1.64e-94	284	P37641	P37641.2
pgrR_2	sp|A0A0H2ZDG9.2|	RecName: Full=HTH-type transcriptional repressor PA14_22550 [Pseudomonas aeruginosa UCBPP-PA14]	39.456	294	178	0	1	882	1	294	4.63e-67	215	A0A0H2ZDG9	A0A0H2ZDG9.2
pgrR_3	sp|P52689.1|	RecName: Full=Probable HTH-type transcriptional regulator LtrA [Klebsiella pneumoniae]	33.219	292	176	6	61	912	17	297	2.35e-34	130	P52689	P52689.1
pgrR_4	sp|P43011.1|	RecName: Full=Uncharacterized HTH-type transcriptional regulator HI_1364; AltName: Full=ORF2 [Haemophilus influenzae Rd KW20]	32.509	283	184	4	13	858	2	278	1.26e-45	159	P43011	P43011.1
pgrR_5	sp|P75836.1|	RecName: Full=Uncharacterized HTH-type transcriptional regulator YcaN [Escherichia coli K-12]	34.915	295	189	1	16	900	2	293	4.1900000000000005e-64	207	P75836	P75836.1
pgrR_7	sp|P75836.1|	RecName: Full=Uncharacterized HTH-type transcriptional regulator YcaN [Escherichia coli K-12]	41.176	289	166	2	13	876	4	289	6.21e-75	234	P75836	P75836.1
pgrR_8	sp|Q01610.2|	RecName: Full=Putative transcriptional regulator [Pseudomonas aeruginosa PAO1]	55.593	295	131	0	1	885	1	295	2.2199999999999995e-101	302	Q01610	Q01610.2
pgrR_9	sp|P43011.1|	RecName: Full=Uncharacterized HTH-type transcriptional regulator HI_1364; AltName: Full=ORF2 [Haemophilus influenzae Rd KW20]	34.397	282	182	2	7	849	2	281	3.36e-52	176	P43011	P43011.1
pgsA	sp|P45419.1|	RecName: Full=CDP-diacylglycerol--glycerol-3-phosphate 3-phosphatidyltransferase; AltName: Full=Phosphatidylglycerophosphate synthase; Short=PGP synthase [Pseudomonas fluorescens]	84.492	187	28	1	1	558	1	187	1.31e-74	225	P45419	P45419.1
phaA	sp|Q9I2A8.1|	RecName: Full=Acetyl-CoA acetyltransferase; AltName: Full=Acetoacetyl-CoA thiolase [Pseudomonas aeruginosa PAO1]	88.01	392	47	0	1	1176	1	392	0	630	Q9I2A8	Q9I2A8.1
phaC_1	sp|P26496.1|	RecName: Full=Poly(3-hydroxyalkanoate) polymerase 2; Short=PHA polymerase 2; AltName: Full=ORF3; AltName: Full=PHA synthase 2; AltName: Full=Polyhydroxyalkanoic acid synthase 2 [Ectopseudomonas oleovorans]	73.571	560	148	0	1	1680	1	560	0	857	P26496	P26496.1
phaC_2	sp|P26494.1|	RecName: Full=Poly(3-hydroxyalkanoate) polymerase 1; Short=PHA polymerase 1; AltName: Full=ORF1; AltName: Full=Polyhydroxyalkanoic acid synthase 1; Short=PHA synthase 1 [Ectopseudomonas oleovorans]	84.794	559	85	0	1	1677	1	559	0	974	P26494	P26494.1
phaJ	sp|C5AZ74.1|	RecName: Full=3-hydroxybutyryl-CoA dehydratase; AltName: Full=R-specific crotonase [Methylorubrum extorquens AM1]	42.647	136	76	2	25	429	10	144	3.58e-34	120	C5AZ74	C5AZ74.1
pheA	sp|Q9HZ67.1|	RecName: Full=Bifunctional chorismate mutase/prephenate dehydratase; AltName: Full=Chorismate mutase-prephenate dehydratase; AltName: Full=P-protein; Includes: RecName: Full=Chorismate mutase; Short=CM; Includes: RecName: Full=Prephenate dehydratase; Short=PDT [Pseudomonas aeruginosa PAO1]	87.945	365	43	1	1	1092	1	365	0	671	Q9HZ67	Q9HZ67.1
pheC	sp|Q01269.2|	RecName: Full=Cyclohexadienyl dehydratase; Includes: RecName: Full=Prephenate dehydratase; Includes: RecName: Full=Arogenate dehydratase; Flags: Precursor [Pseudomonas aeruginosa PAO1]	53.017	232	107	2	70	762	28	258	2.36e-82	250	Q01269	Q01269.2
pheS	sp|C3JZN3.1|	RecName: Full=Phenylalanine--tRNA ligase alpha subunit; AltName: Full=Phenylalanyl-tRNA synthetase alpha subunit; Short=PheRS [Pseudomonas [fluorescens] SBW25]	99.704	338	1	0	1	1014	1	338	0	628	C3JZN3	C3JZN3.1
pheT	sp|Q3KEX7.1|	RecName: Full=Phenylalanine--tRNA ligase beta subunit; AltName: Full=Phenylalanyl-tRNA synthetase beta subunit; Short=PheRS [Pseudomonas fluorescens Pf0-1]	91.035	792	71	0	1	2376	1	792	0	1417	Q3KEX7	Q3KEX7.1
phhA	sp|P43334.2|	RecName: Full=Phenylalanine-4-hydroxylase; Short=PAH; AltName: Full=Phe-4-monooxygenase [Pseudomonas aeruginosa PAO1]	84.921	252	38	0	1	756	1	252	2.5999999999999997e-160	448	P43334	P43334.2
phnN	sp|C3K5M3.1|	RecName: Full=Ribose 1,5-bisphosphate phosphokinase PhnN; AltName: Full=Ribose 1,5-bisphosphokinase [Pseudomonas [fluorescens] SBW25]	92.188	192	13	1	1	576	1	190	3.8399999999999997e-118	335	C3K5M3	C3K5M3.1
phnR	sp|Q57SD4.1|	RecName: Full=Putative transcriptional regulator of 2-aminoethylphosphonate degradation operons [Salmonella enterica subsp. enterica serovar Choleraesuis str. SC-B67]	43.556	225	127	0	34	708	14	238	1.66e-61	196	Q57SD4	Q57SD4.1
phnV	sp|P0AFK6.1|	RecName: Full=Spermidine/putrescine transport system permease protein PotC [Escherichia coli K-12]	33.333	219	141	1	124	765	40	258	1.82e-30	117	P0AFK6	P0AFK6.1
phnW	sp|Q4K9L8.1|	RecName: Full=2-aminoethylphosphonate--pyruvate transaminase; AltName: Full=2-aminoethylphosphonate aminotransferase; AltName: Full=AEP transaminase; Short=AEPT [Pseudomonas protegens Pf-5]	87.572	346	43	0	1	1038	1	346	0	635	Q4K9L8	Q4K9L8.1
phnX_1	sp|A7N333.1|	RecName: Full=Phosphonoacetaldehyde hydrolase; Short=Phosphonatase; AltName: Full=Phosphonoacetaldehyde phosphonohydrolase [Vibrio campbellii ATCC BAA-1116]	31.515	165	104	4	136	606	108	271	1.28e-16	79	A7N333	A7N333.1
phnX_2	sp|C3JYI3.1|	RecName: Full=Phosphonoacetaldehyde hydrolase; Short=Phosphonatase; AltName: Full=Phosphonoacetaldehyde phosphonohydrolase [Pseudomonas [fluorescens] SBW25]	95.273	275	13	0	1	825	1	275	0	545	C3JYI3	C3JYI3.1
phnZ	sp|D0E8I5.1|	RecName: Full=2-amino-1-hydroxyethylphosphonate dioxygenase (glycine-forming); AltName: Full=Di-iron oxygenase; AltName: Full=Nonheme iron-dependent oxygenase [uncultured bacterium HF130_AEPn_1]	45.562	169	91	1	4	507	3	171	1.6e-44	149	D0E8I5	D0E8I5.1
phoB	sp|P23620.2|	RecName: Full=Phosphate regulon transcriptional regulatory protein PhoB [Pseudomonas aeruginosa PAO1]	94.298	228	13	0	1	684	1	228	1.3699999999999998e-158	441	P23620	P23620.2
phoD_2	sp|P42251.3|	RecName: Full=Alkaline phosphatase D; Short=APaseD; Flags: Precursor [Bacillus subtilis subsp. subtilis str. 168]	42.264	530	274	10	22	1560	25	539	1.1899999999999998e-132	400	P42251	P42251.3
phoP_1	sp|P52108.2|	RecName: Full=Transcriptional regulatory protein RstA [Escherichia coli K-12]	43.333	240	127	2	1	696	1	239	5.5699999999999985e-55	179	P52108	P52108.2
phoP_2	sp|Q9I4F9.1|	RecName: Full=Two-component response regulator PhoP [Pseudomonas aeruginosa PAO1]	84.889	225	34	0	1	675	1	225	5.64e-120	343	Q9I4F9	Q9I4F9.1
phoQ	sp|Q9I4F8.1|	RecName: Full=Two-component sensor PhoQ; Flags: Precursor [Pseudomonas aeruginosa PAO1]	66.741	448	149	0	1	1344	1	448	1.9899999999999998e-175	501	Q9I4F8	Q9I4F8.1
phoR	sp|P23621.2|	RecName: Full=Phosphate regulon sensor protein PhoR [Pseudomonas aeruginosa PAO1]	79.677	433	88	0	1	1299	5	437	0	650	P23621	P23621.2
phoU	sp|Q9Z410.1|	RecName: Full=Phosphate-specific transport system accessory protein PhoU homolog; Short=Pst system accessory protein PhoU homolog [Pseudomonas putida]	91.797	256	18	1	1	759	1	256	2.48e-156	437	Q9Z410	Q9Z410.1
phrB_1	sp|A9CH39.1|	RecName: Full=(6-4) photolyase; AltName: Full=(6-4)DNA photolyase; AltName: Full=DNA photolyase PhrB; AltName: Full=Photoreactivating enzyme PhrB [Agrobacterium fabrum str. C58]	50.69	507	243	4	16	1521	3	507	0	526	A9CH39	A9CH39.1
phrB_2	sp|P00914.1|	RecName: Full=Deoxyribodipyrimidine photo-lyase; AltName: Full=DNA photolyase; AltName: Full=Photoreactivating enzyme [Escherichia coli K-12]	44.703	472	249	7	4	1407	4	467	1.1099999999999998e-133	397	P00914	P00914.1
phzF	sp|Q8NIL3.1|	RecName: Full=Antisense-enhancing sequence 1; AltName: Full=AES factor 1 [Schizosaccharomyces pombe 972h-]	35.354	297	168	8	1	831	1	293	2.6599999999999997e-48	165	Q8NIL3	Q8NIL3.1
pigA	sp|G3XCZ8.1|	RecName: Full=Heme oxygenase PigA [Pseudomonas aeruginosa PAO1]	56.122	196	85	1	4	588	3	198	7.17e-52	168	G3XCZ8	G3XCZ8.1
pikAII_1	sp|Q0VC50.1|	RecName: Full=NAD(P)H oxidoreductase RTN4IP1, mitochondrial; AltName: Full=Reticulon-4-interacting protein 1; Flags: Precursor [Bos taurus]	35.714	364	190	8	1	993	43	395	7.93e-52	179	Q0VC50	Q0VC50.1
pikC	sp|P53554.1|	RecName: Full=Biotin biosynthesis cytochrome P450 [Bacillus subtilis subsp. subtilis str. 168]	36.486	148	94	0	643	1086	238	385	1.37e-20	95.5	P53554	P53554.1
pilA	sp|P36643.1|	RecName: Full=Fimbrial protein; AltName: Full=Pilin; Flags: Precursor [Pseudomonas putida]	48.598	107	53	2	79	396	28	133	3.5200000000000004e-26	98.6	P36643	P36643.1
pilQ	sp|P34750.2|	RecName: Full=Fimbrial assembly protein PilQ; Flags: Precursor [Pseudomonas aeruginosa PAO1]	69.369	444	107	3	124	1383	276	714	0	561	P34750	P34750.2
pilT	sp|P24559.1|	RecName: Full=Type IV pilus retraction ATPase PilT [Pseudomonas aeruginosa PAO1]	72.727	341	93	0	1	1023	1	341	0	514	P24559	P24559.1
pip_1	sp|Q97UA2.1|	RecName: Full=Proline iminopeptidase; Short=PIP; AltName: Full=Prolyl aminopeptidase; Short=PAP; AltName: Full=Tricorn protease-interacting factor F1 [Saccharolobus solfataricus P2]	35.537	242	150	3	157	870	61	300	2.62e-41	148	Q97UA2	Q97UA2.1
pip_2	sp|Q9PD69.1|	RecName: Full=Proline iminopeptidase; Short=PIP; AltName: Full=Prolyl aminopeptidase; Short=PAP [Xylella fastidiosa 9a5c]	55.663	309	136	1	1	924	1	309	9.44e-127	367	Q9PD69	Q9PD69.1
pitA_1	sp|P0AFJ7.1|	RecName: Full=Low-affinity inorganic phosphate transporter PitA; AltName: Full=Metal phosphate:H(+) symporter PitA [Escherichia coli K-12]	45.168	476	234	7	232	1599	26	494	4.48e-116	355	P0AFJ7	P0AFJ7.1
pitA_2	sp|P0AFJ7.1|	RecName: Full=Low-affinity inorganic phosphate transporter PitA; AltName: Full=Metal phosphate:H(+) symporter PitA [Escherichia coli K-12]	55.467	503	206	6	1	1467	1	499	6.12e-141	417	P0AFJ7	P0AFJ7.1
pknD_1	sp|P54744.3|	RecName: Full=Serine/threonine-protein kinase PknB [Mycobacterium leprae TN]	41.667	252	137	4	22	747	11	262	1.8399999999999998e-47	183	P54744	P54744.3
pknD_2	sp|P9WI64.1|	RecName: Full=Serine/threonine-protein kinase PknK; AltName: Full=Protein kinase K [Mycobacterium tuberculosis CDC1551]	39	200	115	4	997	1578	100	298	2e-19	96.3	P9WI64	P9WI64.1
pknD_3	sp|Q9XA16.1|	RecName: Full=Probable serine/threonine-protein kinase SCO3848 [Streptomyces coelicolor A3(2)]	34.722	216	128	7	22	660	4	209	6.66e-23	101	Q9XA16	Q9XA16.1
pld1	sp|Q76KC2.3|	RecName: Full=Pyridoxal 4-dehydrogenase [Microbacterium luteolum]	36.503	326	194	6	31	981	21	342	4.8600000000000005e-58	193	Q76KC2	Q76KC2.3
pleD	sp|P43501.1|	RecName: Full=Protein PilH [Pseudomonas aeruginosa PAO1]	85.124	121	18	0	1	363	1	121	5.26e-75	221	P43501	P43501.1
plsB	sp|C3K4R1.1|	RecName: Full=Glycerol-3-phosphate acyltransferase; Short=GPAT [Pseudomonas [fluorescens] SBW25]	97.259	839	23	0	1	2517	1	839	0	1586	C3K4R1	C3K4R1.1
plsC	sp|P0A257.1|	RecName: Full=1-acyl-sn-glycerol-3-phosphate acyltransferase; Short=1-AGP acyltransferase; Short=1-AGPAT; AltName: Full=Lysophosphatidic acid acyltransferase; Short=LPAAT [Salmonella enterica subsp. enterica serovar Typhimurium str. LT2]	40.909	220	127	2	55	711	19	236	2.949999999999999e-55	180	P0A257	P0A257.1
plsX	sp|C3K0N6.1|	RecName: Full=Phosphate acyltransferase; AltName: Full=Acyl-ACP phosphotransacylase; AltName: Full=Acyl-[acyl-carrier-protein]--phosphate acyltransferase; AltName: Full=Phosphate-acyl-ACP acyltransferase [Pseudomonas [fluorescens] SBW25]	96.319	326	12	0	1	978	11	336	0	633	C3K0N6	C3K0N6.1
plsY	sp|Q3K5S2.1|	RecName: Full=Glycerol-3-phosphate acyltransferase; AltName: Full=Acyl-PO4 G3P acyltransferase; AltName: Full=Acyl-phosphate--glycerol-3-phosphate acyltransferase; AltName: Full=G3P acyltransferase; Short=GPAT; AltName: Full=Lysophosphatidic acid synthase; Short=LPA synthase [Pseudomonas fluorescens Pf0-1]	92.593	189	14	0	1	567	1	189	1.64e-93	273	Q3K5S2	Q3K5S2.1
pmbA	sp|P0AFK0.1|	RecName: Full=Metalloprotease PmbA; AltName: Full=Protein TldE [Escherichia coli K-12]	51.294	425	204	1	67	1341	28	449	1.14e-136	403	P0AFK0	P0AFK0.1
pmdD	sp|Q93PS7.1|	RecName: Full=2-pyrone-4,6-dicarbaxylate hydrolase; Short=PDC hydrolase; AltName: Full=2-pyrone-4,6-dicarboxylate lactonase [Comamonas testosteroni]	30.466	279	179	7	22	822	25	300	1.89e-30	119	Q93PS7	Q93PS7.1
pmpR	sp|Q3K7V7.1|	RecName: Full=Probable transcriptional regulatory protein Pfl01_4410 [Pseudomonas fluorescens Pf0-1]	91.093	247	22	0	1	741	1	247	1.6299999999999997e-132	376	Q3K7V7	Q3K7V7.1
pncB2	sp|Q3KIW4.1|	RecName: Full=Nicotinate phosphoribosyltransferase; Short=NAPRTase [Pseudomonas fluorescens Pf0-1]	92.289	402	31	0	1	1206	1	402	0	753	Q3KIW4	Q3KIW4.1
pncC	sp|P72227.1|	RecName: Full=Nicotinamide-nucleotide amidohydrolase PncC; Short=NMN amidohydrolase PncC; AltName: Full=NMN deamidase; AltName: Full=Nicotinamide-nucleotide amidase [Pseudomonas putida]	77.778	144	32	0	10	441	4	147	1.29e-71	216	P72227	P72227.1
pncC_2	sp|P31131.1|	RecName: Full=Protein YdeJ [Escherichia coli K-12]	39.716	141	80	2	25	444	26	162	3.62e-24	95.5	P31131	P31131.1
pnp	sp|C3K255.1|	RecName: Full=Polyribonucleotide nucleotidyltransferase; AltName: Full=Polynucleotide phosphorylase; Short=PNPase [Pseudomonas [fluorescens] SBW25]	99.001	701	7	0	1	2103	1	701	0	1333	C3K255	C3K255.1
pntA	sp|P51995.2|	RecName: Full=NAD(P) transhydrogenase subunit alpha part 2; AltName: Full=Nicotinamide nucleotide transhydrogenase subunit alpha 2; AltName: Full=Pyridine nucleotide transhydrogenase subunit alpha 2 [Rickettsia prowazekii str. Madrid E]	53.333	90	41	1	13	279	41	130	6.55e-29	104	P51995	P51995.2
pntAA	sp|P0C186.1|	RecName: Full=NAD(P) transhydrogenase subunit alpha part 1; AltName: Full=Nicotinamide nucleotide transhydrogenase subunit alpha 1; AltName: Full=Proton-translocating transhydrogenase component 1; AltName: Full=Pyridine nucleotide transhydrogenase subunit alpha 1; AltName: Full=dI [Rhodospirillum rubrum]	50.396	379	176	5	1	1110	1	376	4.0899999999999996e-108	325	P0C186	P0C186.1
pntAA_1	sp|P0C186.1|	RecName: Full=NAD(P) transhydrogenase subunit alpha part 1; AltName: Full=Nicotinamide nucleotide transhydrogenase subunit alpha 1; AltName: Full=Proton-translocating transhydrogenase component 1; AltName: Full=Pyridine nucleotide transhydrogenase subunit alpha 1; AltName: Full=dI [Rhodospirillum rubrum]	41.005	378	210	4	7	1101	1	378	3.6299999999999996e-54	186	P0C186	P0C186.1
pntB	sp|P0C188.1|	RecName: Full=NAD(P) transhydrogenase subunit beta; AltName: Full=Nicotinamide nucleotide transhydrogenase subunit beta; AltName: Full=Proton-translocating transhydrogenase NADP(H)-binding component; AltName: Full=Pyridine nucleotide transhydrogenase subunit beta; AltName: Full=dIII [Rhodospirillum rubrum]	57.322	478	190	3	1	1434	1	464	2.15e-158	460	P0C188	P0C188.1
pntB_1	sp|P0C188.1|	RecName: Full=NAD(P) transhydrogenase subunit beta; AltName: Full=Nicotinamide nucleotide transhydrogenase subunit beta; AltName: Full=Proton-translocating transhydrogenase NADP(H)-binding component; AltName: Full=Pyridine nucleotide transhydrogenase subunit beta; AltName: Full=dIII [Rhodospirillum rubrum]	42.211	398	209	4	268	1425	76	464	2.36e-83	268	P0C188	P0C188.1
pobA	sp|P20586.1|	RecName: Full=p-hydroxybenzoate hydroxylase; Short=PHBH; AltName: Full=4-hydroxybenzoate 3-monooxygenase [Pseudomonas aeruginosa PAO1]	74.873	394	99	0	10	1191	1	394	0	626	P20586	P20586.1
polA	sp|Q9HT80.1|	RecName: Full=DNA polymerase I; Short=POL I [Pseudomonas aeruginosa PAO1]	77.336	931	193	2	1	2793	1	913	0	1367	Q9HT80	Q9HT80.1
polB	sp|P21189.2|	RecName: Full=DNA polymerase II; Short=Pol II [Escherichia coli K-12]	67.219	784	252	5	10	2355	3	783	0	1064	P21189	P21189.2
polS	sp|Q59787.1|	RecName: Full=Sorbitol dehydrogenase; Short=SDH; AltName: Full=Galactitol 2-dehydrogenase; AltName: Full=L-iditol 2-dehydrogenase; AltName: Full=Polyol dehydrogenase [Cereibacter sphaeroides]	77.647	255	57	0	7	771	2	256	6.199999999999999e-143	404	Q59787	Q59787.1
pomA	sp|P28611.1|	RecName: Full=Motility protein A; AltName: Full=Chemotaxis protein MotA [Bacillus subtilis subsp. subtilis str. 168]	38.367	245	144	3	1	723	1	242	1.0599999999999999e-48	164	P28611	P28611.1
por	sp|Q0UEB6.1|	RecName: Full=Mannitol 2-dehydrogenase; Short=M2DH; Short=MDH [Parastagonospora nodorum SN15]	44.286	490	265	4	1	1461	82	566	2.1899999999999997e-138	413	Q0UEB6	Q0UEB6.1
potA_1	sp|P31134.2|	RecName: Full=Putrescine transport ATP-binding protein PotG [Escherichia coli K-12]	63.687	358	128	2	64	1134	19	375	7.059999999999999e-145	418	P31134	P31134.2
potA_2	sp|Q110U3.1|	RecName: Full=Spermidine/putrescine import ATP-binding protein PotA [Trichodesmium erythraeum IMS101]	46.765	340	167	5	31	1020	19	354	2.4199999999999997e-103	312	Q110U3	Q110U3.1
potA_3	sp|Q9KS33.1|	RecName: Full=Spermidine/putrescine import ATP-binding protein PotA [Vibrio cholerae O1 biovar El Tor str. N16961]	42.697	356	184	6	16	1026	18	372	5.65e-65	213	Q9KS33	Q9KS33.1
potB	sp|P45170.1|	RecName: Full=Spermidine/putrescine transport system permease protein PotB [Haemophilus influenzae Rd KW20]	32.857	210	138	2	136	759	50	258	1.2699999999999998e-35	132	P45170	P45170.1
potH	sp|P31135.1|	RecName: Full=Putrescine transport system permease protein PotH [Escherichia coli K-12]	59.79	286	115	0	49	906	28	313	7.040000000000001e-117	342	P31135	P31135.1
poxB	sp|P07003.1|	RecName: Full=Pyruvate dehydrogenase [ubiquinone]; AltName: Full=Pyruvate oxidase; Short=POX; AltName: Full=Pyruvate:ubiquinone-8 oxidoreductase [Escherichia coli K-12]	66.897	580	175	4	7	1722	2	572	0	791	P07003	P07003.1
ppa	sp|Q889M7.1|	RecName: Full=Inorganic pyrophosphatase 1; AltName: Full=Pyrophosphate phospho-hydrolase 1; Short=PPase 1 [Pseudomonas syringae pv. tomato str. DC3000]	96.571	175	6	0	34	558	1	175	1.3000000000000001e-122	346	Q889M7	Q889M7.1
ppaC	sp|Q65E18.1|	RecName: Full=Probable manganese-dependent inorganic pyrophosphatase; AltName: Full=Pyrophosphate phospho-hydrolase; Short=PPase [Bacillus licheniformis DSM 13 = ATCC 14580]	31.111	180	117	4	4	534	3	178	9.91e-12	68.2	Q65E18	Q65E18.1
ppaX	sp|Q9L392.1|	RecName: Full=Probable phosphatase IndB [Dickeya dadantii 3937]	34.928	209	132	3	22	636	4	212	4.9000000000000004e-29	111	Q9L392	Q9L392.1
ppc_1	sp|Q3KHE4.1|	RecName: Full=Phosphoenolpyruvate carboxylase; Short=PEPC; Short=PEPCase [Pseudomonas fluorescens Pf0-1]	91.373	881	71	1	1	2643	1	876	0	1496	Q3KHE4	Q3KHE4.1
ppiA	sp|Q59641.2|	RecName: Full=Peptidyl-prolyl cis-trans isomerase A; Short=PPIase A; AltName: Full=Cyclophilin A; AltName: Full=Rotamase A; Flags: Precursor [Pseudomonas aeruginosa PAO1]	63.636	187	67	1	1	558	1	187	4.08e-71	216	Q59641	Q59641.2
ppiC_1	sp|P0A9L5.2|	RecName: Full=Peptidyl-prolyl cis-trans isomerase C; Short=PPIase C; AltName: Full=Par10; AltName: Full=Parvulin; AltName: Full=Rotamase C [Escherichia coli K-12]	55.056	89	40	0	7	273	5	93	1.02e-27	99.4	P0A9L5	P0A9L5.2
ppiC_2	sp|P0A9L5.2|	RecName: Full=Peptidyl-prolyl cis-trans isomerase C; Short=PPIase C; AltName: Full=Par10; AltName: Full=Parvulin; AltName: Full=Rotamase C [Escherichia coli K-12]	54.348	92	41	1	1	273	1	92	3.97e-27	97.8	P0A9L5	P0A9L5.2
ppiD	sp|P0ABZ6.1|	RecName: Full=Chaperone SurA; AltName: Full=Peptidyl-prolyl cis-trans isomerase SurA; Short=PPIase SurA; AltName: Full=Rotamase SurA; AltName: Full=Survival protein A; Flags: Precursor [Escherichia coli K-12]	57.292	96	40	1	799	1083	286	381	6.87e-26	114	P0ABZ6	P0ABZ6.1
ppk	sp|Q87UP6.1|	RecName: Full=Polyphosphate kinase; AltName: Full=ATP-polyphosphate phosphotransferase; AltName: Full=Polyphosphoric acid kinase [Pseudomonas syringae pv. tomato str. DC3000]	91.79	743	49	2	1	2217	1	735	0	1322	Q87UP6	Q87UP6.1
ppnN	sp|P0ADR8.1|	RecName: Full=Pyrimidine/purine nucleotide 5'-monophosphate nucleosidase; AltName: Full=AMP nucleosidase; AltName: Full=CMP nucleosidase; AltName: Full=GMP nucleosidase; AltName: Full=IMP nucleosidase; AltName: Full=UMP nucleosidase; AltName: Full=dTMP nucleosidase [Escherichia coli K-12]	56.793	449	189	2	31	1365	5	452	0	541	P0ADR8	P0ADR8.1
ppnP	sp|C3K0G3.1|	RecName: Full=Pyrimidine/purine nucleoside phosphorylase; AltName: Full=Adenosine phosphorylase; AltName: Full=Cytidine phosphorylase; AltName: Full=Guanosine phosphorylase; AltName: Full=Inosine phosphorylase; AltName: Full=Thymidine phosphorylase; AltName: Full=Uridine phosphorylase; AltName: Full=Xanthosine phosphorylase [Pseudomonas [fluorescens] SBW25]	95.745	94	4	0	1	282	1	94	2.59e-63	189	C3K0G3	C3K0G3.1
ppsA	sp|Q02KR1.1|	RecName: Full=Phosphoenolpyruvate synthase; Short=PEP synthase; AltName: Full=Pyruvate, water dikinase [Pseudomonas aeruginosa UCBPP-PA14]	91.909	791	64	0	1	2373	1	791	0	1469	Q02KR1	Q02KR1.1
ppsC	sp|Q53FA7.2|	RecName: Full=Quinone oxidoreductase PIG3; AltName: Full=NADPH:quinone reductase PIG3; AltName: Full=Tumor protein p53-inducible protein 3; Short=Protein PIG3; AltName: Full=p53-induced gene 3 protein [Homo sapiens]	42.633	319	170	7	28	951	16	332	3.3599999999999997e-66	214	Q53FA7	Q53FA7.2
ppsR	sp|C3K116.1|	RecName: Full=Putative phosphoenolpyruvate synthase regulatory protein; Short=PEP synthase regulatory protein; Short=PSRP; AltName: Full=Pyruvate, water dikinase regulatory protein [Pseudomonas [fluorescens] SBW25]	99.265	272	2	0	1	816	1	272	0	560	C3K116	C3K116.1
ppx	sp|Q9S605.1|	RecName: Full=Exopolyphosphatase; Short=ExopolyPase [Pseudomonas aeruginosa]	75.2	500	123	1	1	1497	6	505	0	790	Q9S605	Q9S605.1
pqiA_1	sp|P0AFL9.1|	RecName: Full=Intermembrane transport protein PqiA; AltName: Full=Paraquat-inducible protein A [Escherichia coli K-12]	45.366	205	107	2	7	621	216	415	4.319999999999999e-55	183	P0AFL9	P0AFL9.1
pqiA_2	sp|P0AFL9.1|	RecName: Full=Intermembrane transport protein PqiA; AltName: Full=Paraquat-inducible protein A [Escherichia coli K-12]	30.055	183	125	2	106	648	233	414	6.18e-17	82	P0AFL9	P0AFL9.1
pqiA_3	sp|P0AFL9.1|	RecName: Full=Intermembrane transport protein PqiA; AltName: Full=Paraquat-inducible protein A [Escherichia coli K-12]	39.459	185	111	1	76	630	234	417	3.33e-32	123	P0AFL9	P0AFL9.1
pqiB	sp|P43671.2|	RecName: Full=Intermembrane transport protein PqiB; AltName: Full=Paraquat-inducible protein B [Escherichia coli K-12]	31.827	531	314	9	67	1569	17	529	1.15e-74	249	P43671	P43671.2
pqqB	sp|C3K348.1|	RecName: Full=Coenzyme PQQ synthesis protein B; AltName: Full=Pyrroloquinoline quinone biosynthesis protein B [Pseudomonas [fluorescens] SBW25]	98.68	303	4	0	1	909	1	303	0	618	C3K348	C3K348.1
pqqC	sp|Q88QV6.1|	RecName: Full=Pyrroloquinoline-quinone synthase; AltName: Full=Coenzyme PQQ synthesis protein C; AltName: Full=Pyrroloquinoline quinone biosynthesis protein C [Pseudomonas putida KT2440]	94.821	251	12	1	1	750	1	251	2.2499999999999996e-180	498	Q88QV6	Q88QV6.1
pqqD	sp|C3K350.1|	RecName: Full=PqqA binding protein; AltName: Full=Coenzyme PQQ synthesis protein D; AltName: Full=Pyrroloquinoline quinone biosynthesis protein D [Pseudomonas [fluorescens] SBW25]	95.604	91	4	0	1	273	1	91	1.14e-60	182	C3K350	C3K350.1
pqqE	sp|Q4K4U8.1|	RecName: Full=PqqA peptide cyclase; AltName: Full=Coenzyme PQQ synthesis protein E; AltName: Full=Pyrroloquinoline quinone biosynthesis protein E [Pseudomonas protegens Pf-5]	94.344	389	16	1	1	1149	1	389	0	765	Q4K4U8	Q4K4U8.1
prc	sp|P23865.2|	RecName: Full=Tail-specific protease; AltName: Full=C-terminal-processing peptidase; AltName: Full=PRC protein; AltName: Full=Protease Re; Flags: Precursor [Escherichia coli K-12]	41.899	716	343	11	1	2064	1	671	2.63e-159	478	P23865	P23865.2
preA	sp|Q8ZNL7.1|	RecName: Full=NAD-dependent dihydropyrimidine dehydrogenase subunit PreA; Short=DPD; AltName: Full=Dihydrothymine dehydrogenase; AltName: Full=Dihydrouracil dehydrogenase [Salmonella enterica subsp. enterica serovar Typhimurium str. LT2]	43.951	405	220	5	7	1221	5	402	7.529999999999999e-104	317	Q8ZNL7	Q8ZNL7.1
preT	sp|Q8U195.1|	RecName: Full=Sulfide dehydrogenase subunit alpha; Short=SuDH; AltName: Full=Ferredoxin:NADP oxidoreductase; Short=FNOR; Flags: Precursor [Pyrococcus furiosus DSM 3638]	31.847	471	284	13	64	1389	8	470	1.6200000000000003e-64	218	Q8U195	Q8U195.1
prfA	sp|C3KDC6.1|	RecName: Full=Peptide chain release factor 1; Short=RF-1 [Pseudomonas [fluorescens] SBW25]	99.167	360	3	0	1	1080	1	360	0	730	C3KDC6	C3KDC6.1
prfB	sp|Q3BUB7.1|	RecName: Full=Peptide chain release factor 2; Short=RF-2 [Xanthomonas euvesicatoria pv. vesicatoria str. 85-10]	69.679	343	104	0	352	1380	23	365	7.709999999999999e-174	495	Q3BUB7	Q3BUB7.1
prfC	sp|C3K5A9.1|	RecName: Full=Peptide chain release factor 3; Short=RF-3 [Pseudomonas [fluorescens] SBW25]	98.482	527	8	0	1	1581	1	527	0	1079	C3K5A9	C3K5A9.1
priA	sp|A6TGC5.1|	RecName: Full=Replication restart protein PriA; AltName: Full=ATP-dependent DNA helicase PriA; AltName: Full=DNA 3'-5' helicase PriA; AltName: Full=PriA DNA helicase [Klebsiella pneumoniae subsp. pneumoniae MGH 78578]	50	722	352	5	64	2223	16	730	0	665	A6TGC5	A6TGC5.1
prlC	sp|P44573.1|	RecName: Full=Oligopeptidase A [Haemophilus influenzae Rd KW20]	56.223	683	289	5	1	2031	1	679	0	737	P44573	P44573.1
prmA	sp|C3K6W5.1|	RecName: Full=Ribosomal protein L11 methyltransferase; Short=L11 Mtase [Pseudomonas [fluorescens] SBW25]	97.945	292	6	0	1	876	1	292	0	552	C3K6W5	C3K6W5.1
prmB	sp|Q9I347.1|	RecName: Full=Ribosomal protein uL3 glutamine methyltransferase; Short=uL3 MTase; AltName: Full=N5-glutamine methyltransferase PrmB [Pseudomonas aeruginosa PAO1]	79.264	299	62	0	10	906	4	302	1.0599999999999998e-177	495	Q9I347	Q9I347.1
prmC	sp|Q9HVC8.1|	RecName: Full=Release factor glutamine methyltransferase; Short=RF MTase; AltName: Full=N5-glutamine methyltransferase PrmC; AltName: Full=Protein-(glutamine-N5) MTase PrmC; AltName: Full=Protein-glutamine N-methyltransferase PrmC [Pseudomonas aeruginosa PAO1]	70.29	276	82	0	1	828	1	276	2.4700000000000003e-122	353	Q9HVC8	Q9HVC8.1
proA	sp|C3K2M9.1|	RecName: Full=Gamma-glutamyl phosphate reductase; Short=GPR; AltName: Full=Glutamate-5-semialdehyde dehydrogenase; AltName: Full=Glutamyl-gamma-semialdehyde dehydrogenase; Short=GSA dehydrogenase [Pseudomonas [fluorescens] SBW25]	97.625	421	10	0	1	1263	1	421	0	761	C3K2M9	C3K2M9.1
proB	sp|Q3K6L0.2|	RecName: Full=Glutamate 5-kinase; AltName: Full=Gamma-glutamyl kinase; Short=GK [Pseudomonas fluorescens Pf0-1]	97.849	372	8	0	1	1116	1	372	0	674	Q3K6L0	Q3K6L0.2
proC	sp|P22008.2|	RecName: Full=Pyrroline-5-carboxylate reductase; Short=P5C reductase; Short=P5CR; AltName: Full=PCA reductase [Pseudomonas aeruginosa PAO1]	70.33	273	80	1	1	816	1	273	3.2799999999999996e-134	383	P22008	P22008.2
proP_1	sp|P16482.1|	RecName: Full=Citrate-proton symporter; AltName: Full=Citrate carrier protein; AltName: Full=Citrate transporter [Klebsiella pneumoniae]	74.528	424	106	1	4	1269	13	436	0	536	P16482	P16482.1
proP_2	sp|P07661.1|	RecName: Full=Citrate-proton symporter; AltName: Full=Citrate carrier protein; AltName: Full=Citrate transporter; AltName: Full=Citrate utilization determinant; AltName: Full=Citrate utilization protein A [Escherichia coli]	63.57	409	149	0	16	1242	9	417	2.2999999999999996e-163	469	P07661	P07661.1
proP_3	sp|P40862.2|	RecName: Full=Proline/betaine transporter; AltName: Full=Proline porter II; Short=PPII [Salmonella enterica subsp. enterica serovar Typhimurium str. LT2]	33.649	422	265	6	31	1260	22	440	3.09e-71	236	P40862	P40862.2
proP_4	sp|P40862.2|	RecName: Full=Proline/betaine transporter; AltName: Full=Proline porter II; Short=PPII [Salmonella enterica subsp. enterica serovar Typhimurium str. LT2]	81.727	498	91	0	7	1500	2	499	0	764	P40862	P40862.2
proP_5	sp|P0C0L7.1|	RecName: Full=Proline/betaine transporter; AltName: Full=Proline porter II; Short=PPII [Escherichia coli K-12]	30.13	385	247	8	88	1197	37	414	1.82e-27	117	P0C0L7	P0C0L7.1
proR	sp|Q88NF3.1|	RecName: Full=4-hydroxyproline 2-epimerase; Short=4-hydroxyproline epimerase; Short=4Hyp 2-epimerase; Short=4HypE [Pseudomonas putida KT2440]	81.818	308	56	0	1	924	1	308	0	530	Q88NF3	Q88NF3.1
proS	sp|Q4KH98.1|	RecName: Full=Proline--tRNA ligase; AltName: Full=Prolyl-tRNA synthetase; Short=ProRS [Pseudomonas protegens Pf-5]	96.147	571	22	0	1	1713	1	571	0	1094	Q4KH98	Q4KH98.1
proY_1	sp|C3K810.1|	RecName: Full=L-histidine transporter HutT [Pseudomonas [fluorescens] SBW25]	97.441	469	12	0	1	1407	1	469	0	814	C3K810	C3K810.1
proY_2	sp|O34618.1|	RecName: Full=Uncharacterized amino acid permease YtnA [Bacillus subtilis subsp. subtilis str. 168]	68.384	427	135	0	40	1320	4	430	0	554	O34618	O34618.1
prpB_1	sp|Q937P0.1|	RecName: Full=2-methylisocitrate lyase; Short=2-MIC; Short=MICL; AltName: Full=(2R,3S)-2-methylisocitrate lyase [Cupriavidus necator]	78.716	296	63	0	4	891	5	300	1.4299999999999998e-152	431	Q937P0	Q937P0.1
prpC_1	sp|O34779.1|	RecName: Full=Protein phosphatase PrpC [Bacillus subtilis subsp. subtilis str. 168]	35.246	244	144	5	19	714	3	244	1.3599999999999998e-35	129	O34779	O34779.1
prpC_2	sp|Q8EJW2.1|	RecName: Full=2-methylcitrate synthase; Short=2-MCS; Short=MCS; AltName: Full=Citrate synthase [Shewanella oneidensis MR-1]	74.4	375	96	0	1	1125	1	375	0	593	Q8EJW2	Q8EJW2.1
prpC_3	sp|O34779.1|	RecName: Full=Protein phosphatase PrpC [Bacillus subtilis subsp. subtilis str. 168]	30.638	235	156	4	43	726	8	242	2.9200000000000002e-27	108	O34779	O34779.1
prpD	sp|Q937N6.1|	RecName: Full=2-methylcitrate dehydratase; Short=2-MC dehydratase; AltName: Full=Aconitate hydratase; Short=ACN; Short=Aconitase [Cupriavidus necator]	61.771	497	174	3	1	1482	1	484	0	604	Q937N6	Q937N6.1
prs	sp|Q888C6.1|	RecName: Full=Ribose-phosphate pyrophosphokinase; Short=RPPK; AltName: Full=5-phospho-D-ribosyl alpha-1-diphosphate synthase; AltName: Full=Phosphoribosyl diphosphate synthase; AltName: Full=Phosphoribosyl pyrophosphate synthase; Short=P-Rib-PP synthase; Short=PRPP synthase; Short=PRPPase [Pseudomonas syringae pv. tomato str. DC3000]	98.387	310	5	0	1	930	4	313	0	621	Q888C6	Q888C6.1
prsD	sp|Q03024.1|	RecName: Full=Alkaline protease secretion ATP-binding protein AprD [Pseudomonas aeruginosa PAO1]	58.984	551	226	0	34	1686	14	564	0	584	Q03024	Q03024.1
prsE_1	sp|Q03025.2|	RecName: Full=Alkaline protease secretion protein AprE [Pseudomonas aeruginosa PAO1]	49.417	429	216	1	25	1308	3	431	2.11e-140	411	Q03025	Q03025.2
prsE_2	sp|Q7ANN5.1|	RecName: Full=Type I secretion system membrane fusion protein PrsE [Sinorhizobium meliloti 1021]	30.788	406	268	5	169	1359	37	438	4.49e-38	146	Q7ANN5	Q7ANN5.1
prsE_3	sp|P09986.1|	RecName: Full=Hemolysin secretion protein D, chromosomal [Escherichia coli]	32.026	153	100	2	712	1167	329	478	8.35e-9	60.8	P09986	P09986.1
prtR_1	sp|Q06553.1|	RecName: Full=HTH-type transcriptional regulator PrtR; AltName: Full=Pyocin repressor protein [Pseudomonas aeruginosa PAO1]	34.866	261	139	3	4	771	11	245	1.19e-44	154	Q06553	Q06553.1
prtR_2	sp|Q06553.1|	RecName: Full=HTH-type transcriptional regulator PrtR; AltName: Full=Pyocin repressor protein [Pseudomonas aeruginosa PAO1]	41.202	233	129	4	28	717	16	243	1.64e-50	168	Q06553	Q06553.1
prtR_3	sp|Q06553.1|	RecName: Full=HTH-type transcriptional regulator PrtR; AltName: Full=Pyocin repressor protein [Pseudomonas aeruginosa PAO1]	42.616	237	128	4	7	705	11	243	2.9800000000000004e-59	191	Q06553	Q06553.1
psd	sp|C3KDM6.1|	RecName: Full=Phosphatidylserine decarboxylase proenzyme; Contains: RecName: Full=Phosphatidylserine decarboxylase alpha chain; Contains: RecName: Full=Phosphatidylserine decarboxylase beta chain [Pseudomonas [fluorescens] SBW25]	96.853	286	9	0	1	858	1	286	0	555	C3KDM6	C3KDM6.1
psiE	sp|Q813A6.1|	RecName: Full=Protein PsiE homolog [Bacillus cereus ATCC 14579]	35.556	90	47	4	94	336	25	112	6.61e-8	52	Q813A6	Q813A6.1
psiF	sp|P0AFM4.1|	RecName: Full=Phosphate starvation-inducible protein PsiF; Flags: Precursor [Escherichia coli K-12]	53.247	77	35	1	67	294	27	103	2.93e-20	81.3	P0AFM4	P0AFM4.1
pssA	sp|P23830.2|	RecName: Full=CDP-diacylglycerol--serine O-phosphatidyltransferase PssA; AltName: Full=Phosphatidylserine synthase [Escherichia coli K-12]	53.935	432	193	3	1	1281	1	431	2.09e-148	433	P23830	P23830.2
pstA	sp|Q9PBK1.1|	RecName: Full=Phosphate transport system permease protein PstA [Xylella fastidiosa 9a5c]	59.023	266	101	2	4	798	3	261	1.2499999999999998e-96	289	Q9PBK1	Q9PBK1.1
pstB_1	sp|Q4K3K9.1|	RecName: Full=Phosphate import ATP-binding protein PstB; AltName: Full=ABC phosphate transporter; AltName: Full=Phosphate-transporting ATPase [Pseudomonas protegens Pf-5]	97.834	277	6	0	1	831	1	277	0	568	Q4K3K9	Q4K3K9.1
pstB_2	sp|Q48HD9.1|	RecName: Full=Phosphate import ATP-binding protein PstB 1; AltName: Full=ABC phosphate transporter 1; AltName: Full=Phosphate-transporting ATPase 1 [Pseudomonas savastanoi pv. phaseolicola 1448A]	89.189	259	28	0	1	777	1	259	4.5799999999999993e-166	462	Q48HD9	Q48HD9.1
pstC	sp|Q9PBK2.1|	RecName: Full=Phosphate transport system permease protein PstC [Xylella fastidiosa 9a5c]	66.007	303	102	1	82	990	22	323	1.1499999999999999e-126	368	Q9PBK2	Q9PBK2.1
pstS_1	sp|G3XDA8.1|	RecName: Full=Phosphate-binding protein PstS; Flags: Precursor [Pseudomonas aeruginosa PAO1]	84.887	311	46	1	1	933	1	310	0	506	G3XDA8	G3XDA8.1
pstS_2	sp|Q87C91.1|	RecName: Full=Phosphate-binding protein PstS; Short=PBP; Flags: Precursor [Xylella fastidiosa Temecula1]	63.344	311	114	0	76	1008	53	363	6.39e-111	330	Q87C91	Q87C91.1
pta	sp|Q88PS4.1|	RecName: Full=Phosphate acetyltransferase; AltName: Full=Phosphotransacetylase [Pseudomonas putida KT2440]	87.879	693	83	1	1	2079	1	692	0	1188	Q88PS4	Q88PS4.1
pth	sp|C3KCR9.1|	RecName: Full=Peptidyl-tRNA hydrolase; Short=Pth [Pseudomonas [fluorescens] SBW25]	97.423	194	5	0	1	582	1	194	1.2199999999999998e-125	355	C3KCR9	C3KCR9.1
ptrB	sp|P24555.2|	RecName: Full=Protease 2; AltName: Full=Oligopeptidase B; AltName: Full=Protease II [Escherichia coli K-12]	38.978	685	396	11	1	2031	2	672	2.1899999999999998e-135	416	P24555	P24555.2
ptsN	sp|Q9HVV4.1|	RecName: Full=Nitrogen regulatory protein; AltName: Full=Enzyme IIA-NTR; Includes: RecName: Full=Phosphotransferase enzyme IIA component; AltName: Full=PTS system EIIA component [Pseudomonas aeruginosa PAO1]	75.974	154	37	0	1	462	1	154	4.0399999999999995e-87	254	Q9HVV4	Q9HVV4.1
ptsO	sp|Q9HVV2.1|	RecName: Full=Phosphocarrier protein HPr; AltName: Full=Histidine-containing protein [Pseudomonas aeruginosa PAO1]	80	90	18	0	1	270	1	90	2.61e-49	153	Q9HVV2	Q9HVV2.1
ptsP	sp|P37177.2|	RecName: Full=Phosphoenolpyruvate-dependent phosphotransferase system; AltName: Full=Enzyme I-Ntr; Short=EINtr; AltName: Full=Phosphotransferase system, enzyme I [Escherichia coli K-12]	42.936	722	403	5	1	2163	1	714	0	580	P37177	P37177.2
pucA	sp|Q46808.1|	RecName: Full=Uncharacterized protein YqeB [Escherichia coli K-12]	34.118	170	82	5	475	939	98	252	9.79e-15	78.2	Q46808	Q46808.1
pucD	sp|Q00519.5|	RecName: Full=Xanthine dehydrogenase/oxidase; Includes: RecName: Full=Xanthine dehydrogenase; Short=XD; Includes: RecName: Full=Xanthine oxidase; Short=XO; AltName: Full=Xanthine oxidoreductase; Short=XOR [Mus musculus]	44.689	772	396	8	76	2367	576	1324	0	616	Q00519	Q00519.5
pucI_1	sp|P94575.1|	RecName: Full=Allantoin permease; AltName: Full=Allantoin transport protein; AltName: Full=Allantoin transporter [Bacillus subtilis subsp. subtilis str. 168]	35.404	483	299	5	175	1611	10	483	3.68e-84	272	P94575	P94575.1
pucI_2	sp|P94575.1|	RecName: Full=Allantoin permease; AltName: Full=Allantoin transport protein; AltName: Full=Allantoin transporter [Bacillus subtilis subsp. subtilis str. 168]	31.818	462	309	3	28	1401	10	469	1.19e-71	238	P94575	P94575.1
pucI_3	sp|P94575.1|	RecName: Full=Allantoin permease; AltName: Full=Allantoin transport protein; AltName: Full=Allantoin transporter [Bacillus subtilis subsp. subtilis str. 168]	35.824	455	264	8	88	1407	15	456	1.31e-79	259	P94575	P94575.1
pucM	sp|Q9I3J5.1|	RecName: Full=5-hydroxyisourate hydrolase; Short=HIU hydrolase; Short=HIUHase [Pseudomonas aeruginosa PAO1]	81.197	117	22	0	1	351	10	126	8.25e-67	200	Q9I3J5	Q9I3J5.1
purA	sp|C3KDW8.1|	RecName: Full=Adenylosuccinate synthetase; Short=AMPSase; Short=AdSS; AltName: Full=IMP--aspartate ligase [Pseudomonas [fluorescens] SBW25]	97.902	429	9	0	1	1287	1	429	0	816	C3KDW8	C3KDW8.1
purB	sp|Q9I0K9.1|	RecName: Full=Adenylosuccinate lyase; Short=ASL; AltName: Full=Adenylosuccinase; Short=ASase [Pseudomonas aeruginosa PAO1]	86.842	456	60	0	1	1368	1	456	0	832	Q9I0K9	Q9I0K9.1
purC	sp|C3KED7.1|	RecName: Full=Phosphoribosylaminoimidazole-succinocarboxamide synthase; AltName: Full=SAICAR synthetase [Pseudomonas [fluorescens] SBW25]	99.578	237	1	0	1	711	1	237	4.809999999999999e-162	450	C3KED7	C3KED7.1
purD	sp|Q87VR8.1|	RecName: Full=Phosphoribosylamine--glycine ligase; AltName: Full=GARS; AltName: Full=Glycinamide ribonucleotide synthetase; AltName: Full=Phosphoribosylglycinamide synthetase [Pseudomonas syringae pv. tomato str. DC3000]	93.023	430	30	0	1	1290	1	430	0	778	Q87VR8	Q87VR8.1
purE	sp|P72157.2|	RecName: Full=N5-carboxyaminoimidazole ribonucleotide mutase; Short=N5-CAIR mutase; AltName: Full=5-(carboxyamino)imidazole ribonucleotide mutase [Pseudomonas aeruginosa PAO1]	91.411	163	14	0	1	489	1	163	5.23e-84	247	P72157	P72157.2
purF	sp|Q51342.3|	RecName: Full=Amidophosphoribosyltransferase; Short=ATase; AltName: Full=Glutamine phosphoribosylpyrophosphate amidotransferase; Short=GPATase [Pseudomonas aeruginosa PAO1]	90.818	501	46	0	1	1503	1	501	0	953	Q51342	Q51342.3
purH	sp|C3K6E0.1|	RecName: Full=Bifunctional purine biosynthesis protein PurH; Includes: RecName: Full=Phosphoribosylaminoimidazolecarboxamide formyltransferase; AltName: Full=AICAR transformylase; Includes: RecName: Full=IMP cyclohydrolase; AltName: Full=ATIC; AltName: Full=IMP synthase; AltName: Full=Inosinicase [Pseudomonas [fluorescens] SBW25]	99.252	535	4	0	1	1605	1	535	0	1091	C3K6E0	C3K6E0.1
purK	sp|P72158.2|	RecName: Full=N5-carboxyaminoimidazole ribonucleotide synthase; Short=N5-CAIR synthase; AltName: Full=5-(carboxyamino)imidazole ribonucleotide synthetase [Pseudomonas aeruginosa PAO1]	89.106	358	39	0	1	1074	1	358	0	592	P72158	P72158.2
purL	sp|Q4KHS6.1|	RecName: Full=Phosphoribosylformylglycinamidine synthase; Short=FGAM synthase; Short=FGAMS; AltName: Full=Formylglycinamide ribonucleotide amidotransferase; Short=FGAR amidotransferase; Short=FGAR-AT [Pseudomonas protegens Pf-5]	94.145	1298	76	0	1	3894	1	1298	0	2463	Q4KHS6	Q4KHS6.1
purM	sp|C3K102.1|	RecName: Full=Phosphoribosylformylglycinamidine cyclo-ligase; AltName: Full=AIR synthase; AltName: Full=AIRS; AltName: Full=Phosphoribosyl-aminoimidazole synthetase [Pseudomonas [fluorescens] SBW25]	99.432	352	2	0	1	1056	1	352	0	709	C3K102	C3K102.1
purN_1	sp|P08179.1|	RecName: Full=Phosphoribosylglycinamide formyltransferase; AltName: Full=5'-phosphoribosylglycinamide transformylase; AltName: Full=GAR transformylase; Short=GART [Escherichia coli K-12]	61.702	188	72	0	16	579	2	189	2.09e-81	244	P08179	P08179.1
purN_3	sp|B3EPG6.1|	RecName: Full=Methionyl-tRNA formyltransferase [Chlorobium phaeobacteroides BS1]	35.965	114	62	4	163	471	74	187	4.33e-9	58.5	B3EPG6	B3EPG6.1
purR	sp|B6EH86.1|	RecName: Full=HTH-type transcriptional repressor PurR; AltName: Full=Pur regulon repressor; AltName: Full=Purine nucleotide synthesis repressor [Aliivibrio salmonicida LFI1238]	41.994	331	187	3	1	984	1	329	1.66e-90	277	B6EH86	B6EH86.1
purT	sp|C3K1H6.1|	RecName: Full=Formate-dependent phosphoribosylglycinamide formyltransferase; AltName: Full=5'-phosphoribosylglycinamide transformylase 2; AltName: Full=Formate-dependent GAR transformylase; AltName: Full=GAR transformylase 2; Short=GART 2; AltName: Full=Non-folate glycinamide ribonucleotide transformylase; AltName: Full=Phosphoribosylglycinamide formyltransferase 2 [Pseudomonas [fluorescens] SBW25]	100	376	0	0	1	1128	1	376	0	768	C3K1H6	C3K1H6.1
purU_1	sp|Q46339.1|	RecName: Full=Formyltetrahydrofolate deformylase; AltName: Full=Formyl-FH(4) hydrolase [Corynebacterium sp. P-1]	51.429	280	131	2	25	855	8	285	1.57e-94	283	Q46339	Q46339.1
purU_2	sp|Q55135.1|	RecName: Full=Formyltetrahydrofolate deformylase; AltName: Full=Formyl-FH(4) hydrolase [Synechocystis sp. PCC 6803 substr. Kazusa]	46.786	280	148	1	7	846	5	283	7.2e-90	271	Q55135	Q55135.1
putA	sp|P09546.3|	RecName: Full=Bifunctional protein PutA; Includes: RecName: Full=Proline dehydrogenase; AltName: Full=Proline oxidase; Includes: RecName: Full=Delta-1-pyrroline-5-carboxylate dehydrogenase; Short=P5C dehydrogenase; AltName: Full=L-glutamate gamma-semialdehyde dehydrogenase [Escherichia coli K-12]	73.222	1322	347	3	1	3951	1	1320	0	1899	P09546	P09546.3
putP_1	sp|P07117.1|	RecName: Full=Sodium/proline symporter; AltName: Full=Proline carrier; AltName: Full=Proline permease; AltName: Full=Propionate transporter [Escherichia coli K-12]	75.813	492	118	1	1	1473	1	492	0	705	P07117	P07117.1
puuA_1	sp|P78061.2|	RecName: Full=Gamma-glutamylputrescine synthetase PuuA; Short=Gamma-Glu-Put synthetase; AltName: Full=Glutamate--putrescine ligase [Escherichia coli K-12]	43.371	445	250	2	34	1365	26	469	1.35e-128	384	P78061	P78061.2
puuA_2	sp|P78061.2|	RecName: Full=Gamma-glutamylputrescine synthetase PuuA; Short=Gamma-Glu-Put synthetase; AltName: Full=Glutamate--putrescine ligase [Escherichia coli K-12]	36.961	441	256	11	58	1347	40	469	5.0700000000000004e-77	251	P78061	P78061.2
puuA_3	sp|P78061.2|	RecName: Full=Gamma-glutamylputrescine synthetase PuuA; Short=Gamma-Glu-Put synthetase; AltName: Full=Glutamate--putrescine ligase [Escherichia coli K-12]	37.527	461	269	6	13	1368	22	472	2.71e-83	267	P78061	P78061.2
puuA_4	sp|P78061.2|	RecName: Full=Gamma-glutamylputrescine synthetase PuuA; Short=Gamma-Glu-Put synthetase; AltName: Full=Glutamate--putrescine ligase [Escherichia coli K-12]	37.802	455	265	8	16	1344	21	469	2.42e-89	282	P78061	P78061.2
puuA_5	sp|P78061.2|	RecName: Full=Gamma-glutamylputrescine synthetase PuuA; Short=Gamma-Glu-Put synthetase; AltName: Full=Glutamate--putrescine ligase [Escherichia coli K-12]	34.812	451	279	10	19	1347	26	469	1.45e-75	247	P78061	P78061.2
puuB_1	sp|P37906.2|	RecName: Full=Gamma-glutamylputrescine oxidoreductase; Short=Gamma-Glu-Put oxidase; Short=Gamma-glutamylputrescine oxidase [Escherichia coli K-12]	44.917	423	228	4	19	1284	4	422	4.92e-103	315	P37906	P37906.2
puuB_2	sp|P37906.2|	RecName: Full=Gamma-glutamylputrescine oxidoreductase; Short=Gamma-Glu-Put oxidase; Short=Gamma-glutamylputrescine oxidase [Escherichia coli K-12]	30.809	383	261	4	64	1206	22	402	7.3e-39	148	P37906	P37906.2
puuB_3	sp|P37906.2|	RecName: Full=Gamma-glutamylputrescine oxidoreductase; Short=Gamma-Glu-Put oxidase; Short=Gamma-glutamylputrescine oxidase [Escherichia coli K-12]	34.286	420	271	4	16	1272	5	420	4.66e-78	251	P37906	P37906.2
puuB_4	sp|P37906.2|	RecName: Full=Gamma-glutamylputrescine oxidoreductase; Short=Gamma-Glu-Put oxidase; Short=Gamma-glutamylputrescine oxidase [Escherichia coli K-12]	39.486	428	251	5	34	1308	2	424	7.84e-105	320	P37906	P37906.2
puuB_7	sp|P37906.2|	RecName: Full=Gamma-glutamylputrescine oxidoreductase; Short=Gamma-Glu-Put oxidase; Short=Gamma-glutamylputrescine oxidase [Escherichia coli K-12]	41.176	425	245	4	13	1284	2	422	1.82e-113	342	P37906	P37906.2
puuB_8	sp|P37906.2|	RecName: Full=Gamma-glutamylputrescine oxidoreductase; Short=Gamma-Glu-Put oxidase; Short=Gamma-glutamylputrescine oxidase [Escherichia coli K-12]	66.509	424	141	1	10	1278	2	425	0	587	P37906	P37906.2
puuC	sp|P23883.2|	RecName: Full=NADP/NAD-dependent aldehyde dehydrogenase PuuC; Short=ALDH; AltName: Full=3-hydroxypropionaldehyde dehydrogenase; AltName: Full=Gamma-glutamyl-gamma-aminobutyraldehyde dehydrogenase; Short=Gamma-Glu-gamma-aminobutyraldehyde dehydrogenase [Escherichia coli K-12]	57.637	491	204	1	19	1491	7	493	0	548	P23883	P23883.2
puuD	sp|Q8X7G2.2|	RecName: Full=Gamma-glutamyl-gamma-aminobutyrate hydrolase; Short=Gamma-Glu-GABA hydrolase [Escherichia coli O157:H7]	43.21	243	130	6	13	732	8	245	5.3800000000000006e-58	188	Q8X7G2	Q8X7G2.2
puuP	sp|P76037.2|	RecName: Full=Putrescine importer PuuP [Escherichia coli K-12]	44.165	437	235	4	4	1296	16	449	3.8599999999999994e-116	350	P76037	P76037.2
puuR	sp|P0A9U6.1|	RecName: Full=HTH-type transcriptional regulator PuuR [Escherichia coli K-12]	42.458	179	101	2	10	546	9	185	1.28e-34	123	P0A9U6	P0A9U6.1
pvdA	sp|Q51548.2|	RecName: Full=L-ornithine N(5)-monooxygenase; AltName: Full=L-ornithine N(5)-hydroxylase; Short=Ornithine hydroxylase; AltName: Full=L-ornithine N(5)-oxygenase; AltName: Full=Pyoverdin biosynthesis protein A [Pseudomonas aeruginosa PAO1]	73.589	443	117	0	1	1329	1	443	0	687	Q51548	Q51548.2
pvdQ	sp|Q3KD51.1|	RecName: Full=Acyl-homoserine lactone acylase PvdQ; Short=AHL acylase PvdQ; Short=Acyl-HSL acylase PvdQ; Contains: RecName: Full=Acyl-homoserine lactone acylase PvdQ subunit alpha; Short=Acyl-HSL acylase PvdQ subunit alpha; Contains: RecName: Full=Acyl-homoserine lactone acylase PvdQ subunit beta; Short=Acyl-HSL acylase PvdQ subunit beta; Flags: Precursor [Pseudomonas fluorescens Pf0-1]	69.959	739	208	6	61	2244	32	767	0	1071	Q3KD51	Q3KD51.1
pxpA	sp|Q88IS9.1|	RecName: Full=5-oxoprolinase subunit A 1; Short=5-OPase subunit A 1; AltName: Full=5-oxoprolinase (ATP-hydrolyzing) subunit A 1 [Pseudomonas putida KT2440]	86.905	252	33	0	1	756	1	252	2.5099999999999997e-162	452	Q88IS9	Q88IS9.1
pxpA3	sp|Q3KGF8.1|	RecName: Full=5-oxoprolinase subunit A; Short=5-OPase subunit A; AltName: Full=5-oxoprolinase (ATP-hydrolyzing) subunit A [Pseudomonas fluorescens Pf0-1]	86.531	245	32	1	1	732	1	245	1.6299999999999997e-157	440	Q3KGF8	Q3KGF8.1
pxpB	sp|P60495.1|	RecName: Full=5-oxoprolinase subunit B; Short=5-OPase subunit B; AltName: Full=5-oxoprolinase (ATP-hydrolyzing) subunit B; AltName: Full=Antikinase KipI; AltName: Full=Kinase A inhibitor; AltName: Full=Sporulation inhibitor KipI [Bacillus subtilis subsp. subtilis str. 168]	31.718	227	145	2	10	660	6	232	6.300000000000001e-36	130	P60495	P60495.1
pxpC_1	sp|P44298.1|	RecName: Full=5-oxoprolinase subunit C; Short=5-OPase subunit C; AltName: Full=5-oxoprolinase (ATP-hydrolyzing) subunit C [Haemophilus influenzae Rd KW20]	32.616	279	184	3	43	873	13	289	5.16e-44	155	P44298	P44298.1
pxpC_2	sp|P75745.1|	RecName: Full=5-oxoprolinase subunit C; Short=5-OPase subunit C; AltName: Full=5-oxoprolinase (ATP-hydrolyzing) subunit C [Escherichia coli K-12]	38.245	319	181	3	1	957	1	303	6.86e-60	197	P75745	P75745.1
pykA	sp|P21599.3|	RecName: Full=Pyruvate kinase II; AltName: Full=PK-2 [Escherichia coli K-12]	57.143	476	203	1	7	1434	5	479	0	522	P21599	P21599.3
pyrB	sp|C3K3K2.1|	RecName: Full=Aspartate carbamoyltransferase catalytic subunit; AltName: Full=Aspartate transcarbamylase; Short=ATCase [Pseudomonas [fluorescens] SBW25]	98.503	334	5	0	1	1002	1	334	0	673	C3K3K2	C3K3K2.1
pyrC	sp|Q59712.1|	RecName: Full=Dihydroorotase-like protein; AltName: Full=Aspartate carbamoyltransferase 44 kDa non-catalytic chain [Pseudomonas putida]	81.948	421	76	0	1	1263	1	421	0	678	Q59712	Q59712.1
pyrC_1	sp|C3KBZ0.1|	RecName: Full=Dihydroorotase; Short=DHOase [Pseudomonas [fluorescens] SBW25]	98.563	348	5	0	1	1044	1	348	0	708	C3KBZ0	C3KBZ0.1
pyrC_2	sp|Q8TSA6.1|	RecName: Full=Dihydroorotase; Short=DHOase [Methanosarcina acetivorans C2A]	31.504	419	268	8	1	1221	1	412	8.82e-50	179	Q8TSA6	Q8TSA6.1
pyrD	sp|C3K017.1|	RecName: Full=Dihydroorotate dehydrogenase (quinone); AltName: Full=DHOdehase; Short=DHOD; Short=DHODase; AltName: Full=Dihydroorotate oxidase [Pseudomonas [fluorescens] SBW25]	98.24	341	6	0	1	1023	1	341	0	675	C3K017	C3K017.1
pyrE	sp|C3K476.1|	RecName: Full=Orotate phosphoribosyltransferase; Short=OPRT; Short=OPRTase [Pseudomonas [fluorescens] SBW25]	98.131	214	4	0	1	642	1	214	1.3799999999999999e-143	402	C3K476	C3K476.1
pyrF	sp|C3K758.1|	RecName: Full=Orotidine 5'-phosphate decarboxylase; AltName: Full=OMP decarboxylase; Short=OMPDCase; Short=OMPdecase [Pseudomonas [fluorescens] SBW25]	99.537	216	1	0	1	648	1	216	3.2599999999999994e-157	437	C3K758	C3K758.1
pyrG_1	sp|Q976E9.2|	RecName: Full=CTP synthase; AltName: Full=Cytidine 5'-triphosphate synthase; AltName: Full=Cytidine triphosphate synthetase; Short=CTP synthetase; Short=CTPS; AltName: Full=UTP--ammonia ligase [Sulfurisphaera tokodaii str. 7]	31.535	241	152	3	16	699	291	531	1.9199999999999999e-31	124	Q976E9	Q976E9.2
pyrG_2	sp|C3K6H4.1|	RecName: Full=CTP synthase; AltName: Full=Cytidine 5'-triphosphate synthase; AltName: Full=Cytidine triphosphate synthetase; Short=CTP synthetase; Short=CTPS; AltName: Full=UTP--ammonia ligase [Pseudomonas [fluorescens] SBW25]	98.711	543	7	0	1	1629	1	543	0	1073	C3K6H4	C3K6H4.1
pyrH	sp|Q4KHH4.1|	RecName: Full=Uridylate kinase; Short=UK; AltName: Full=Uridine monophosphate kinase; Short=UMP kinase; Short=UMPK [Pseudomonas protegens Pf-5]	99.19	247	2	0	1	741	1	247	1.3599999999999997e-165	460	Q4KHH4	Q4KHH4.1
pyrR	sp|Q9F4I7.1|	RecName: Full=Bifunctional protein PyrR; Includes: RecName: Full=Pyrimidine operon regulatory protein; Includes: RecName: Full=Uracil phosphoribosyltransferase; Short=UPRTase [Pseudomonas fluorescens]	91.071	168	15	0	1	504	1	168	4.839999999999999e-110	313	Q9F4I7	Q9F4I7.1
qmcA_1~~~qmcA_2~~~qmcA	sp|P0AA53.1|	RecName: Full=Protein QmcA [Escherichia coli K-12]	70.504	278	80	1	19	852	7	282	2.98e-134	385	P0AA53	P0AA53.1
qorA_1	sp|A7RK30.1|	RecName: Full=Protein Cryzl2; AltName: Full=Crystallin zeta like 2 [Nematostella vectensis]	40.244	328	189	6	4	975	40	364	1.7800000000000002e-64	211	A7RK30	A7RK30.1
qorA_2	sp|Q53FA7.2|	RecName: Full=Quinone oxidoreductase PIG3; AltName: Full=NADPH:quinone reductase PIG3; AltName: Full=Tumor protein p53-inducible protein 3; Short=Protein PIG3; AltName: Full=p53-induced gene 3 protein [Homo sapiens]	39.157	332	196	5	1	978	1	332	5.12e-62	203	Q53FA7	Q53FA7.2
qorA_3	sp|P43903.2|	RecName: Full=Quinone oxidoreductase; AltName: Full=NADPH:quinone reductase [Pseudomonas aeruginosa PAO1]	36.391	327	199	4	4	975	3	323	1.2699999999999999e-52	179	P43903	P43903.2
qorA_4	sp|P43903.2|	RecName: Full=Quinone oxidoreductase; AltName: Full=NADPH:quinone reductase [Pseudomonas aeruginosa PAO1]	79.692	325	66	0	1	975	1	325	0	508	P43903	P43903.2
qseB_1	sp|Q9HV32.1|	RecName: Full=Response regulator protein PmrA [Pseudomonas aeruginosa PAO1]	53.738	214	99	0	1	642	1	214	9.09e-70	216	Q9HV32	Q9HV32.1
qseB_2	sp|Q9HV32.1|	RecName: Full=Response regulator protein PmrA [Pseudomonas aeruginosa PAO1]	56.542	214	93	0	1	642	1	214	2.68e-62	196	Q9HV32	Q9HV32.1
qseB_3	sp|Q9HV32.1|	RecName: Full=Response regulator protein PmrA [Pseudomonas aeruginosa PAO1]	55.046	218	98	0	1	654	1	218	7.41e-69	213	Q9HV32	Q9HV32.1
qseB_4	sp|Q9HV32.1|	RecName: Full=Response regulator protein PmrA [Pseudomonas aeruginosa PAO1]	49.315	219	110	1	1	657	1	218	5.92e-41	142	Q9HV32	Q9HV32.1
qseB_5	sp|Q9I0I1.1|	RecName: Full=Response regulator protein CarR [Pseudomonas aeruginosa PAO1]	81.081	222	42	0	1	666	1	222	4.0599999999999995e-106	308	Q9I0I1	Q9I0I1.1
qseC_1	sp|P45336.1|	RecName: Full=Sensor protein QseC [Haemophilus influenzae Rd KW20]	34.532	278	171	6	562	1374	178	451	5.33e-36	141	P45336	P45336.1
qseC_1~~~qseC_3	sp|Q8GP19.2|	RecName: Full=Swarming motility regulation sensor protein RssA [Serratia marcescens]	33.688	282	161	7	505	1299	179	451	6.6e-25	110	Q8GP19	Q8GP19.2
qseC_2	sp|Q8GP19.2|	RecName: Full=Swarming motility regulation sensor protein RssA [Serratia marcescens]	35.336	283	168	6	487	1293	157	438	2.89e-37	145	Q8GP19	Q8GP19.2
qseC_3	sp|Q8GP19.2|	RecName: Full=Swarming motility regulation sensor protein RssA [Serratia marcescens]	32.836	268	168	5	535	1320	188	449	4.79e-37	144	Q8GP19	Q8GP19.2
queA	sp|C3K1N5.1|	RecName: Full=S-adenosylmethionine:tRNA ribosyltransferase-isomerase; AltName: Full=Queuosine biosynthesis protein QueA [Pseudomonas [fluorescens] SBW25]	95.48	354	11	1	1	1062	1	349	0	681	C3K1N5	C3K1N5.1
queC_1	sp|C3JYR8.1|	RecName: Full=7-cyano-7-deazaguanine synthase; AltName: Full=7-cyano-7-carbaguanine synthase; AltName: Full=PreQ(0) synthase; AltName: Full=Queuosine biosynthesis protein QueC [Pseudomonas [fluorescens] SBW25]	92.377	223	17	0	7	675	2	224	1.73e-154	430	C3JYR8	C3JYR8.1
queC_2	sp|Q4K6M3.1|	RecName: Full=7-cyano-7-deazaguanine synthase 2; AltName: Full=7-cyano-7-carbaguanine synthase 2; AltName: Full=PreQ(0) synthase 2; AltName: Full=Queuosine biosynthesis protein QueC 2 [Pseudomonas protegens Pf-5]	87.013	231	30	0	1	693	1	231	8.030000000000001e-154	429	Q4K6M3	Q4K6M3.1
queD	sp|P65870.1|	RecName: Full=6-carboxy-5,6,7,8-tetrahydropterin synthase; Short=CPH4 synthase; AltName: Full=Queuosine biosynthesis protein QueD [Escherichia coli K-12]	75.862	116	28	0	7	354	6	121	2.2399999999999998e-67	201	P65870	P65870.1
queE	sp|Q1IHK7.1|	RecName: Full=7-carboxy-7-deazaguanine synthase; Short=CDG synthase; AltName: Full=Queuosine biosynthesis protein QueE [Candidatus Koribacter versatilis Ellin345]	42.342	222	114	3	13	636	1	222	5.98e-52	170	Q1IHK7	Q1IHK7.1
queF	sp|C3K5H2.1|	RecName: Full=NADPH-dependent 7-cyano-7-deazaguanine reductase; AltName: Full=7-cyano-7-carbaguanine reductase; AltName: Full=NADPH-dependent nitrile oxidoreductase; AltName: Full=PreQ(0) reductase [Pseudomonas [fluorescens] SBW25]	96.014	276	11	0	1	828	1	276	0	549	C3K5H2	C3K5H2.1
queG	sp|Q9HUL4.1|	RecName: Full=Epoxyqueuosine reductase; AltName: Full=Queuosine biosynthesis protein QueG [Pseudomonas aeruginosa PAO1]	85.088	342	51	0	31	1056	18	359	0	617	Q9HUL4	Q9HUL4.1
quiA	sp|Q9XD78.1|	RecName: Full=Probable quinate dehydrogenase (quinone) [Xanthomonas arboricola pv. juglandis]	69.1	767	227	7	127	2406	24	787	0	990	Q9XD78	Q9XD78.1
quiA_2	sp|Q59086.1|	RecName: Full=Quinate/shikimate dehydrogenase (quinone); AltName: Full=NAD(P)-independent quinate dehydrogenase [Acinetobacter baylyi ADP1]	41.276	768	422	7	121	2346	43	807	0	598	Q59086	Q59086.1
quiP_2	sp|Q3KH00.1|	RecName: Full=Acyl-homoserine lactone acylase QuiP; Short=AHL acylase QuiP; Short=Acyl-HSL acylase QuiP; Contains: RecName: Full=Acyl-homoserine lactone acylase QuiP subunit alpha; Short=Acyl-HSL acylase QuiP subunit alpha; Contains: RecName: Full=Acyl-homoserine lactone acylase QuiP subunit beta; Short=Acyl-HSL acylase QuiP subunit beta; Flags: Precursor [Pseudomonas fluorescens Pf0-1]	78.064	816	176	2	1	2439	1	816	0	1221	Q3KH00	Q3KH00.1
radA	sp|P96963.2|	RecName: Full=DNA repair protein RadA; AltName: Full=Branch migration protein RadA [Pseudomonas aeruginosa PAO1]	87.773	458	51	1	1	1374	1	453	0	765	P96963	P96963.2
ramA_1	sp|P55176.1|	RecName: Full=Hydrolase in pqqF 5'region; AltName: Full=ORF2 [Pseudomonas protegens CHA0]	83.27	263	44	0	1	789	22	284	8.6e-157	440	P55176	P55176.1
ramA_2	sp|Q75SP7.1|	RecName: Full=(R)-stereoselective amidase [Pseudomonas sp.]	67.407	270	88	0	1	810	1	270	6.04e-126	362	Q75SP7	Q75SP7.1
rapA	sp|C3K902.1|	RecName: Full=RNA polymerase-associated protein RapA [Pseudomonas [fluorescens] SBW25]	98.523	948	14	0	1	2844	1	948	0	1835	C3K902	C3K902.1
rapA_1	sp|P54509.1|	RecName: Full=Uncharacterized ATP-dependent helicase YqhH [Bacillus subtilis subsp. subtilis str. 168]	44.118	136	67	3	1534	1935	374	502	1.58e-25	116	P54509	P54509.1
rapZ	sp|C3K839.1|	RecName: Full=Nucleotide-binding protein PFLU_0879 [Pseudomonas [fluorescens] SBW25]	97.895	285	6	0	1	855	1	285	0	541	C3K839	C3K839.1
rarA	sp|P39918.3|	RecName: Full=Replication-associated recombination protein A [Coxiella burnetii RSA 493]	62.264	424	153	4	34	1293	9	429	0	521	P39918	P39918.3
rarD_1	sp|Q9I633.1|	RecName: Full=Uncharacterized transporter PA0485 [Pseudomonas aeruginosa PAO1]	72.696	293	80	0	1	879	1	293	1.1599999999999998e-128	370	Q9I633	Q9I633.1
rarD_2	sp|Q57389.1|	RecName: Full=Uncharacterized transporter HI_0680 [Haemophilus influenzae Rd KW20]	38.182	275	166	3	52	870	18	290	3.96e-53	178	Q57389	Q57389.1
ratA	sp|O68560.1|	RecName: Full=Ribosome association toxin RatA [Pseudomonas aeruginosa PAO1]	77.778	144	32	0	1	432	1	144	9.27e-84	244	O68560	O68560.1
rbbA	sp|P37624.3|	RecName: Full=Ribosome-associated ATPase; AltName: Full=Ribosomal bound ATPase [Escherichia coli K-12]	55.804	896	393	2	28	2712	17	910	0	949	P37624	P37624.3
rbfA	sp|C3K258.1|	RecName: Full=Ribosome-binding factor A [Pseudomonas [fluorescens] SBW25]	98.473	131	2	0	1	393	1	131	1.6e-91	263	C3K258	C3K258.1
rbsA_2	sp|Q63P06.1|	RecName: Full=Ribose import ATP-binding protein RbsA [Burkholderia pseudomallei K96243]	71.912	502	135	3	13	1506	9	508	0	704	Q63P06	Q63P06.1
rbsA_3	sp|Q8UAK2.2|	RecName: Full=Putative ribose/galactose/methyl galactoside import ATP-binding protein 2 [Agrobacterium fabrum str. C58]	45.263	475	254	3	13	1428	22	493	1.36e-140	417	Q8UAK2	Q8UAK2.2
rbsA_4	sp|Q4KDI2.1|	RecName: Full=Putative ribose/galactose/methyl galactoside import ATP-binding protein [Pseudomonas protegens Pf-5]	86.905	504	63	1	31	1542	15	515	0	905	Q4KDI2	Q4KDI2.1
rbsB_1	sp|P36949.2|	RecName: Full=Ribose import binding protein RbsB; Flags: Precursor [Bacillus subtilis subsp. subtilis str. 168]	37.868	272	165	3	85	897	36	304	1.39e-39	144	P36949	P36949.2
rbsB_2	sp|Q9I2F8.1|	RecName: Full=D-ribose/D-allose-binding protein; Flags: Precursor [Pseudomonas aeruginosa PAO1]	75.618	283	68	1	103	948	34	316	2.3e-146	417	Q9I2F8	Q9I2F8.1
rbsC_1	sp|P36948.2|	RecName: Full=Ribose import permease protein RbsC [Bacillus subtilis subsp. subtilis str. 168]	52.525	297	139	1	100	984	24	320	3.2e-76	239	P36948	P36948.2
rbsC_2	sp|P44736.1|	RecName: Full=Ribose import permease protein RbsC [Haemophilus influenzae Rd KW20]	40.435	230	130	3	118	792	32	259	1.52e-24	104	P44736	P44736.1
rbsC_3	sp|P36948.2|	RecName: Full=Ribose import permease protein RbsC [Bacillus subtilis subsp. subtilis str. 168]	46.835	316	164	2	31	972	8	321	1.75e-45	160	P36948	P36948.2
rbsC_4	sp|P0AGI1.1|	RecName: Full=Ribose import permease protein RbsC [Escherichia coli K-12]	35.484	279	150	3	103	888	34	299	1.94e-28	115	P0AGI1	P0AGI1.1
rbsC_5	sp|P44885.1|	RecName: Full=Galactose/methyl galactoside import permease protein MglC [Haemophilus influenzae Rd KW20]	35.69	297	171	3	157	1011	47	335	5.51e-31	122	P44885	P44885.1
rbsD	sp|C3JZP4.1|	RecName: Full=D-ribose pyranase [Pseudomonas [fluorescens] SBW25]	94.03	134	8	0	1	402	1	134	3.4799999999999995e-88	255	C3JZP4	C3JZP4.1
rbsK_1	sp|P0DX97.1|	RecName: Full=Deoxyribokinase; Short=dRK; AltName: Full=ATP:2-deoxy-D-ribose 5-phosphotransferase [Salmonella enterica subsp. enterica serovar Typhi]	60.87	299	117	0	10	906	3	301	1.61e-127	369	P0DX97	P0DX97.1
rbsK_2	sp|P44331.1|	RecName: Full=Ribokinase; Short=RK [Haemophilus influenzae Rd KW20]	43.607	305	168	4	1	909	1	303	2.8799999999999997e-68	218	P44331	P44331.1
rbsR_1	sp|B5FF00.1|	RecName: Full=HTH-type transcriptional repressor PurR; AltName: Full=Pur regulon repressor; AltName: Full=Purine nucleotide synthesis repressor [Aliivibrio fischeri MJ11]	34.347	329	211	4	7	978	3	331	5.549999999999999e-54	182	B5FF00	B5FF00.1
rbsR_2	sp|B6EH86.1|	RecName: Full=HTH-type transcriptional repressor PurR; AltName: Full=Pur regulon repressor; AltName: Full=Purine nucleotide synthesis repressor [Aliivibrio salmonicida LFI1238]	30.547	311	209	3	1	921	1	308	1.76e-38	142	B6EH86	B6EH86.1
rcsB_1	sp|P27667.1|	RecName: Full=Transcriptional regulatory protein UhpA [Salmonella enterica subsp. enterica serovar Typhimurium str. LT2]	31.731	208	121	3	121	744	2	188	1.3300000000000001e-21	92.4	P27667	P27667.1
rcsB_2	sp|P58663.1|	RecName: Full=Transcriptional regulatory protein RcsB [Salmonella enterica subsp. enterica serovar Typhimurium str. LT2]	38.028	213	125	2	4	633	4	212	1.02e-42	146	P58663	P58663.1
rcsB_3	sp|Q56127.1|	RecName: Full=Transcriptional regulatory protein RcsB [Salmonella enterica subsp. enterica serovar Typhi]	30.986	213	128	3	19	654	4	198	9.480000000000001e-27	105	Q56127	Q56127.1
rcsB_4	sp|Q56127.1|	RecName: Full=Transcriptional regulatory protein RcsB [Salmonella enterica subsp. enterica serovar Typhi]	31.308	214	132	3	25	663	4	203	2.86e-23	96.3	Q56127	Q56127.1
rcsC_1	sp|O25153.1|	RecName: Full=Sensor histidine kinase CheAY [Helicobacter pylori 26695]	31.515	495	306	7	4330	5763	306	784	3.14e-75	272	O25153	O25153.1
rcsC_10	sp|Q54YZ9.2|	RecName: Full=Hybrid signal transduction histidine kinase J [Dictyostelium discoideum]	32.203	354	217	6	1123	2163	1311	1648	2.74e-43	174	Q54YZ9	Q54YZ9.2
rcsC_11	sp|P18769.1|	RecName: Full=Gliding motility regulatory protein [Myxococcus xanthus]	35.565	478	281	4	844	2250	314	773	2.52e-70	249	P18769	P18769.1
rcsC_12	sp|Q9F8D7.1|	RecName: Full=Sensor histidine kinase GacS [Pseudomonas protegens CHA0]	31.076	251	159	4	7	729	669	915	1.85e-19	90.5	Q9F8D7	Q9F8D7.1
rcsC_13	sp|P0DMC5.1|	RecName: Full=Sensor histidine kinase RcsC; AltName: Full=Capsular synthesis regulator component C [Escherichia coli K-12]	35.008	637	372	14	973	2814	319	936	3.6199999999999994e-88	307	P0DMC5	P0DMC5.1
rcsC_14	sp|Q9HX69.1|	RecName: Full=Cyclic di-GMP phosphodiesterase RocR; Short=c-di-GMP PDE; AltName: Full=Response regulator RocR [Pseudomonas aeruginosa PAO1]	30.102	392	259	6	1	1152	1	385	1.27e-51	180	Q9HX69	Q9HX69.1
rcsC_15	sp|Q56128.2|	RecName: Full=Sensor histidine kinase RcsC [Salmonella enterica subsp. enterica serovar Typhi]	33.147	715	438	14	697	2790	254	945	3.27e-98	333	Q56128	Q56128.2
rcsC_16	sp|Q9KLK7.1|	RecName: Full=Autoinducer 2 sensor kinase/phosphatase LuxQ [Vibrio cholerae O1 biovar El Tor str. N16961]	31.549	355	230	6	2041	3075	483	834	4.5799999999999996e-48	189	Q9KLK7	Q9KLK7.1
rcsC_17	sp|Q55890.1|	RecName: Full=DNA-binding dual master transcriptional regulator RpaA; AltName: Full=Regulator of phycobilisome-associated protein A; Short=RpaA [Synechocystis sp. PCC 6803 substr. Kazusa]	35.749	207	118	6	37	615	4	209	5.61e-26	103	Q55890	Q55890.1
rcsC_18	sp|P0C0F6.2|	RecName: Full=Sensory/regulatory protein RpfC [Xanthomonas campestris pv. campestris str. ATCC 33913]	31.395	430	248	7	1456	2676	181	586	5.49e-43	172	P0C0F6	P0C0F6.2
rcsC_19	sp|P48027.1|	RecName: Full=Sensor protein GacS [Pseudomonas syringae pv. syringae]	30.29	241	147	6	490	1179	270	500	1.29e-25	112	P48027	P48027.1
rcsC_19~~~rcsC_28	sp|Q48IV1.2|	RecName: Full=Blue-light-activated protein; Includes: RecName: Full=Blue-light-activated histidine kinase; Includes: RecName: Full=Response regulator [Pseudomonas savastanoi pv. phaseolicola 1448A]	37.629	388	221	7	1045	2163	142	523	8.099999999999999e-68	235	Q48IV1	Q48IV1.2
rcsC_2	sp|Q9HUI3.1|	RecName: Full=Sensor histidine kinase AruS [Pseudomonas aeruginosa PAO1]	32.475	505	289	12	895	2328	494	973	7.43e-52	199	Q9HUI3	Q9HUI3.1
rcsC_20	sp|P0DOA0.1|	RecName: Full=Sensor kinase CckA; Includes: RecName: Full=Protein histidine kinase; Includes: RecName: Full=Response regulator [Brucella abortus 2308]	41.582	392	216	4	520	1668	556	943	2.99e-82	279	P0DOA0	P0DOA0.1
rcsC_21	sp|P74101.1|	RecName: Full=Uncharacterized protein sll1895 [Synechocystis sp. PCC 6803 substr. Kazusa]	41.532	248	145	0	454	1197	427	674	1.13e-63	219	P74101	P74101.1
rcsC_22	sp|Q9KHI5.1|	RecName: Full=Circadian input-output histidine kinase CikA [Synechococcus elongatus PCC 7942 = FACHB-805]	44.98	249	111	3	571	1311	384	608	1.91e-46	174	Q9KHI5	Q9KHI5.1
rcsC_23	sp|Q8ZPP5.1|	RecName: Full=Sensor histidine kinase SsrA [Salmonella enterica subsp. enterica serovar Typhimurium str. LT2]	33.917	628	344	10	853	2583	274	881	1.29e-71	258	Q8ZPP5	Q8ZPP5.1
rcsC_24~~~rcsC_1	sp|Q8ZPP5.1|	RecName: Full=Sensor histidine kinase SsrA [Salmonella enterica subsp. enterica serovar Typhimurium str. LT2]	35.606	660	384	11	787	2682	261	907	6.909999999999999e-101	338	Q8ZPP5	Q8ZPP5.1
rcsC_25	sp|P30847.2|	RecName: Full=Signal transduction histidine-protein kinase BaeS [Escherichia coli K-12]	34.328	268	168	5	241	1032	187	450	2.5599999999999997e-31	126	P30847	P30847.2
rcsC_26	sp|Q48IV1.2|	RecName: Full=Blue-light-activated protein; Includes: RecName: Full=Blue-light-activated histidine kinase; Includes: RecName: Full=Response regulator [Pseudomonas savastanoi pv. phaseolicola 1448A]	38.462	403	234	6	535	1710	135	534	1.5400000000000002e-70	239	Q48IV1	Q48IV1.2
rcsC_27	sp|Q48IV1.2|	RecName: Full=Blue-light-activated protein; Includes: RecName: Full=Blue-light-activated histidine kinase; Includes: RecName: Full=Response regulator [Pseudomonas savastanoi pv. phaseolicola 1448A]	43.672	403	208	7	1348	2523	133	527	1.0999999999999999e-74	256	Q48IV1	Q48IV1.2
rcsC_29	sp|Q8D5Z6.1|	RecName: Full=Autoinducer 2 sensor kinase/phosphatase LuxQ [Vibrio vulnificus CMCP6]	36.176	387	235	5	763	1899	474	856	1.88e-64	231	Q8D5Z6	Q8D5Z6.1
rcsC_2~~~rcsC_7	sp|P58402.1|	RecName: Full=Sensor protein EvgS; AltName: Full=Sensor histidine protein kinase EvgS; Flags: Precursor [Escherichia coli O157:H7]	31.466	464	277	12	931	2247	712	1159	1.0599999999999999e-42	171	P58402	P58402.1
rcsC_30	sp|Q54YZ9.2|	RecName: Full=Hybrid signal transduction histidine kinase J [Dictyostelium discoideum]	37.913	575	301	15	1993	3657	1302	1840	8.230000000000001e-91	330	Q54YZ9	Q54YZ9.2
rcsC_3~~~rcsC_8	sp|Q9KLK7.1|	RecName: Full=Autoinducer 2 sensor kinase/phosphatase LuxQ [Vibrio cholerae O1 biovar El Tor str. N16961]	34.805	385	233	9	892	2010	465	843	7.31e-51	194	Q9KLK7	Q9KLK7.1
rcsC_4	sp|Q8DKG0.1|	RecName: Full=Circadian input-output histidine kinase CikA [Thermosynechococcus vestitus BP-1]	32.576	264	164	4	2272	3042	328	584	1.41e-12	75.9	Q8DKG0	Q8DKG0.1
rcsC_4~~~rcsC_10	sp|P26487.1|	RecName: Full=Transcriptional regulatory protein FixJ [Azorhizobium caulinodans ORS 571]	36.41	195	124	0	1756	2340	7	201	1.1999999999999999e-35	137	P26487	P26487.1
rcsC_5	sp|P28835.1|	RecName: Full=Probable transcriptional regulator ycf27; AltName: Full=OmpR-like protein [Porphyridium aerugineum]	39	100	56	2	100	399	27	121	2.7e-14	76.3	P28835	P28835.1
rcsC_6	sp|Q54YZ9.2|	RecName: Full=Hybrid signal transduction histidine kinase J [Dictyostelium discoideum]	36.174	528	282	12	904	2367	1336	1848	4.26e-79	282	Q54YZ9	Q54YZ9.2
rcsC_7	sp|Q48IV1.2|	RecName: Full=Blue-light-activated protein; Includes: RecName: Full=Blue-light-activated histidine kinase; Includes: RecName: Full=Response regulator [Pseudomonas savastanoi pv. phaseolicola 1448A]	34.6	500	287	13	571	1998	44	527	2.4699999999999996e-66	230	Q48IV1	Q48IV1.2
rcsC_8	sp|Q06067.1|	RecName: Full=Signal transduction histidine-protein kinase AtoS [Escherichia coli K-12]	32.011	378	207	11	874	1989	267	600	3.14e-37	150	Q06067	Q06067.1
rdgB	sp|Q88CT0.1|	RecName: Full=dITP/XTP pyrophosphatase; AltName: Full=Non-canonical purine NTP pyrophosphatase; AltName: Full=Non-standard purine NTP pyrophosphatase; AltName: Full=Nucleoside-triphosphate diphosphatase; AltName: Full=Nucleoside-triphosphate pyrophosphatase; Short=NTPase [Pseudomonas putida KT2440]	89.848	197	20	0	1	591	1	197	3.6999999999999997e-116	331	Q88CT0	Q88CT0.1
rdgC	sp|C3K7N8.1|	RecName: Full=Recombination-associated protein RdgC [Pseudomonas [fluorescens] SBW25]	99.346	306	2	0	1	918	1	306	0	615	C3K7N8	C3K7N8.1
rdoA	sp|P0C0K3.1|	RecName: Full=Stress response kinase A; AltName: Full=Serine/threonine protein kinase YihE; AltName: Full=Serine/threonine-protein kinase SrkA [Escherichia coli K-12]	45.82	323	171	3	4	969	5	324	5.49e-90	275	P0C0K3	P0C0K3.1
recA	sp|Q01953.1|	RecName: Full=Protein RecA; AltName: Full=Recombinase A [Pseudomonas fluorescens]	99.716	352	1	0	1	1056	1	352	0	632	Q01953	Q01953.1
recB	sp|P08394.1|	RecName: Full=RecBCD enzyme subunit RecB; AltName: Full=DNA 3'-5' helicase subunit RecB; AltName: Full=Exodeoxyribonuclease V 135 kDa polypeptide; AltName: Full=Exodeoxyribonuclease V beta chain; AltName: Full=Exonuclease V subunit RecB; Short=ExoV subunit RecB; AltName: Full=Helicase/nuclease RecBCD subunit RecB [Escherichia coli K-12]	42.957	859	435	21	22	2544	11	832	3.0299999999999994e-165	526	P08394	P08394.1
recB_2	sp|P0DW48.1|	RecName: Full=Gabija protein GajB; AltName: Full=Putative helicase GajB [Bacillus cereus HuB5-5]	33.058	121	68	3	106	465	35	143	1.77e-7	58.2	P0DW48	P0DW48.1
recC	sp|P07648.1|	RecName: Full=RecBCD enzyme subunit RecC; AltName: Full=Exodeoxyribonuclease V 125 kDa polypeptide; AltName: Full=Exodeoxyribonuclease V gamma chain; AltName: Full=Exonuclease V subunit RecC; Short=ExoV subunit RecC; AltName: Full=Helicase/nuclease RecBCD subunit RecC [Escherichia coli K-12]	39.248	1144	570	33	37	3291	4	1081	0	637	P07648	P07648.1
recD_1	sp|P04993.2|	RecName: Full=RecBCD enzyme subunit RecD; AltName: Full=DNA 5'-3' helicase subunit RecB; AltName: Full=Exodeoxyribonuclease V 67 kDa polypeptide; AltName: Full=Exodeoxyribonuclease V alpha chain; AltName: Full=Exonuclease V subunit RecD; Short=ExoV subunit RecD; AltName: Full=Helicase/nuclease RecBCD subunit RecD [Escherichia coli K-12]	43.609	665	296	20	64	2031	6	600	8.19e-118	369	P04993	P04993.2
recD_2	sp|P22706.1|	RecName: Full=Multifunctional conjugation protein TraI; Includes: RecName: Full=DNA relaxase TraI; AltName: Full=DNA nickase TraI; AltName: Full=Trans-esterase TraI; Includes: RecName: Full=DNA helicase I; AltName: Full=DNA 5'-3' helicase TraI [Escherichia coli]	35.417	336	188	9	100	1077	33	349	1.61e-44	179	P22706	P22706.1
recF_2	sp|P0DV91.1|	RecName: Full=Retron Ec78 probable ATPase [Escherichia coli]	43.846	130	70	2	817	1203	354	481	9.020000000000001e-27	116	P0DV91	P0DV91.1
recG	sp|Q8XD86.1|	RecName: Full=ATP-dependent DNA helicase RecG; AltName: Full=DNA branch migration protein RecG; AltName: Full=Probable DNA 3'-5' helicase RecG [Escherichia coli O157:H7]	58.986	690	277	5	10	2070	6	692	0	770	Q8XD86	Q8XD86.1
recJ	sp|P28355.2|	RecName: Full=Single-stranded-DNA-specific exonuclease RecJ [Salmonella enterica subsp. enterica serovar Typhimurium str. LT2]	59.353	556	222	2	49	1704	21	576	0	640	P28355	P28355.2
recN	sp|A5F379.1|	RecName: Full=DNA repair protein RecN; AltName: Full=Recombination protein N [Vibrio cholerae O395]	45.307	554	302	1	1	1662	1	553	8.769999999999998e-148	439	A5F379	A5F379.1
recO	sp|Q3KHL7.1|	RecName: Full=DNA repair protein RecO; AltName: Full=Recombination protein O [Pseudomonas fluorescens Pf0-1]	89.083	229	25	0	1	687	1	229	3.1799999999999997e-149	417	Q3KHL7	Q3KHL7.1
recQ	sp|P15043.5|	RecName: Full=ATP-dependent DNA helicase RecQ; AltName: Full=DNA 3'-5' helicase RecQ [Escherichia coli K-12]	47.333	600	312	2	13	1812	13	608	0	565	P15043	P15043.5
recR	sp|C3JXP7.1|	RecName: Full=Recombination protein RecR [Pseudomonas [fluorescens] SBW25]	98.5	200	3	0	1	600	1	200	2.38e-143	400	C3JXP7	C3JXP7.1
recX	sp|C3KDG1.1|	RecName: Full=Regulatory protein RecX [Pseudomonas [fluorescens] SBW25]	97.857	140	3	0	1	420	16	155	1.3499999999999999e-95	275	C3KDG1	C3KDG1.1
regA	sp|Q53228.2|	RecName: Full=Photosynthetic apparatus regulatory protein RegA; AltName: Full=Response regulator PrrA [Cereibacter sphaeroides 2.4.1]	53.801	171	78	1	43	555	15	184	8.1e-46	152	Q53228	Q53228.2
regX3	sp|P94413.1|	RecName: Full=Uncharacterized transcriptional regulatory protein YclJ [Bacillus subtilis subsp. subtilis str. 168]	42.358	229	127	4	16	699	2	226	6.11e-60	191	P94413	P94413.1
relA	sp|P0AG20.1|	RecName: Full=GTP pyrophosphokinase; AltName: Full=(p)ppGpp synthase; AltName: Full=ATP:GTP 3'-pyrophosphotransferase; AltName: Full=ppGpp synthase I [Escherichia coli K-12]	47.606	752	373	9	1	2229	1	740	0	697	P0AG20	P0AG20.1
relB	sp|P0C079.1|	RecName: Full=Antitoxin RelB [Escherichia coli K-12]	54.43	79	36	0	1	237	1	79	7.82e-25	90.9	P0C079	P0C079.1
relE	sp|P0C077.1|	RecName: Full=mRNA interferase toxin RelE; AltName: Full=Endoribonuclease RelE; AltName: Full=Toxin RelE [Escherichia coli K-12]	70.213	94	28	0	1	282	1	94	9.71e-44	140	P0C077	P0C077.1
rep_1	sp|Q9L6S1.1|	RecName: Full=ATP-dependent DNA helicase Rep; AltName: Full=DNA 3'-5' helicase Rep [Salmonella enterica subsp. enterica serovar Typhimurium str. LT2]	53.662	669	303	6	7	2001	2	667	0	684	Q9L6S1	Q9L6S1.1
rep_2	sp|O34580.1|	RecName: Full=ATP-dependent DNA helicase PcrA; AltName: Full=DNA 3'-5' helicase PcrA; AltName: Full=PcrA translocase [Bacillus subtilis subsp. subtilis str. 168]	31.034	145	73	5	1459	1890	183	301	5.85e-10	66.6	O34580	O34580.1
resA_1	sp|O31820.1|	RecName: Full=Thioredoxin-like protein YneN [Bacillus subtilis subsp. subtilis str. 168]	31.618	136	87	3	394	789	35	168	1.33e-19	86.7	O31820	O31820.1
resA_2	sp|A0RBT0.1|	RecName: Full=Thiol-disulfide oxidoreductase ResA [Bacillus thuringiensis str. Al Hakam]	32	125	84	1	79	453	48	171	1.56e-12	64.7	A0RBT0	A0RBT0.1
resA_3	sp|Q9KCJ4.1|	RecName: Full=Thiol-disulfide oxidoreductase ResA [Halalkalibacterium halodurans C-125]	32	125	82	2	421	789	47	170	2.99e-16	77.8	Q9KCJ4	Q9KCJ4.1
rfaC	sp|Q9HUF5.1|	RecName: Full=Lipopolysaccharide heptosyltransferase 1; AltName: Full=ADP-heptose:lipopolysaccharide heptosyltransferase I; Short=ADP-heptose:LPS heptosyltransferase I; Short=Heptosyltransferase I [Pseudomonas aeruginosa PAO1]	73.864	352	91	1	1	1053	1	352	1.6899999999999995e-180	506	Q9HUF5	Q9HUF5.1
rfaF	sp|P45042.1|	RecName: Full=Lipooligosaccharide heptosyltransferase 2; AltName: Full=ADP-heptose:lipooligosaccharide heptosyltransferase II; Short=ADP-heptose:LOS heptosyltransferase II; Short=Heptosyltransferase II [Haemophilus influenzae Rd KW20]	57.282	309	122	4	1	903	1	307	9.22e-126	367	P45042	P45042.1
rfaG	sp|P25740.1|	RecName: Full=Lipopolysaccharide glucosyltransferase WaaG; AltName: Full=Lipopolysaccharide glucosyltransferase I; AltName: Full=UDP-glucose:(heptosyl)lipopolysaccharide glucosyltransferase [Escherichia coli K-12]	51.63	368	178	0	1	1104	1	368	3.34e-139	404	P25740	P25740.1
rfaP	sp|Q9HUF7.1|	RecName: Full=Lipopolysaccharide core heptose(I) kinase WaaP; AltName: Full=Eukaryotic-type protein tyrosine kinase WaaP; AltName: Full=Lipopolysaccharide heptose kinase WaaP; Short=LPS heptose kinase WaaP [Pseudomonas aeruginosa PAO1]	77.239	268	61	0	1	804	1	268	5.299999999999999e-143	405	Q9HUF7	Q9HUF7.1
rfbA~~~rfbA_1	sp|P55254.1|	RecName: Full=Glucose-1-phosphate thymidylyltransferase; AltName: Full=dTDP-glucose pyrophosphorylase; AltName: Full=dTDP-glucose synthase [Salmonella enterica subsp. enterica serovar Anatum]	77.163	289	66	0	7	873	1	289	5.77e-172	480	P55254	P55254.1
rfbB	sp|B0RVL0.1|	RecName: Full=dTDP-glucose 4,6-dehydratase [Xanthomonas campestris pv. campestris str. B100]	70.554	343	99	2	4	1032	3	343	6.819999999999999e-177	498	B0RVL0	B0RVL0.1
rfbD_1~~~rfbD_2	sp|P37778.2|	RecName: Full=dTDP-4-dehydrorhamnose reductase; AltName: Full=dTDP-4-keto-L-rhamnose reductase; AltName: Full=dTDP-6-deoxy-L-lyxo-4-hexulose reductase; AltName: Full=dTDP-6-deoxy-L-mannose dehydrogenase; AltName: Full=dTDP-L-rhamnose synthase [Shigella flexneri]	61.824	296	111	1	1	888	1	294	4.06e-129	372	P37778	P37778.2
rfbD~~~rfbD_2	sp|P37778.2|	RecName: Full=dTDP-4-dehydrorhamnose reductase; AltName: Full=dTDP-4-keto-L-rhamnose reductase; AltName: Full=dTDP-6-deoxy-L-lyxo-4-hexulose reductase; AltName: Full=dTDP-6-deoxy-L-mannose dehydrogenase; AltName: Full=dTDP-L-rhamnose synthase [Shigella flexneri]	63.176	296	107	1	1	888	1	294	1.47e-131	378	P37778	P37778.2
rffG	sp|P55294.2|	RecName: Full=dTDP-glucose 4,6-dehydratase [Neisseria meningitidis MC58]	73.429	350	93	0	4	1053	3	352	0	518	P55294	P55294.2
rhaR_1	sp|P35319.1|	RecName: Full=Putative AraC-like transcription regulator [Streptomyces lividans]	34.356	163	90	3	304	741	137	299	2.32e-14	74.3	P35319	P35319.1
rhaR_1~~~rhaR_2	sp|A0A0H2ZIC3.1|	RecName: Full=HTH-type transcriptional regulator GbdR; AltName: Full=Glycine betaine/dimethylglycine responsive regulator [Pseudomonas aeruginosa UCBPP-PA14]	34.091	88	57	1	502	762	232	319	2.98e-8	57.4	A0A0H2ZIC3	A0A0H2ZIC3.1
rhaR_3	sp|Q05587.2|	RecName: Full=Regulatory protein PocR [Salmonella enterica subsp. enterica serovar Typhimurium str. LT2]	32.432	111	74	1	529	858	191	301	7.41e-11	65.1	Q05587	Q05587.2
rhaR_4	sp|P11765.1|	RecName: Full=Arabinose operon regulatory protein [Citrobacter freundii]	36.559	93	59	0	604	882	185	277	1.77e-13	72.8	P11765	P11765.1
rhaS_1	sp|Q46855.2|	RecName: Full=HTH-type transcriptional regulator YqhC [Escherichia coli K-12]	41.509	265	154	1	91	885	47	310	1.24e-58	193	Q46855	Q46855.2
rhaS_10	sp|Q9ZFU7.1|	RecName: Full=HTH-type DNA-binding transcriptional activator EutR; AltName: Full=Ethanolamine operon regulatory protein [Salmonella enterica subsp. enterica serovar Typhimurium str. LT2]	39.623	106	62	1	577	888	239	344	3.07e-16	81.3	Q9ZFU7	Q9ZFU7.1
rhaS_2	sp|P40331.2|	RecName: Full=Uncharacterized HTH-type transcriptional regulator YisR [Bacillus subtilis subsp. subtilis str. 168]	31.522	92	63	0	574	849	189	280	5.9e-8	56.2	P40331	P40331.2
rhaS_3	sp|Q46855.2|	RecName: Full=HTH-type transcriptional regulator YqhC [Escherichia coli K-12]	38.408	289	170	5	64	918	29	313	4.5699999999999996e-48	166	Q46855	Q46855.2
rhaS_4	sp|Q51872.1|	RecName: Full=Probable transcriptional regulator LumQ [Photobacterium leiognathi]	32.571	175	109	3	334	858	79	244	1.12e-13	72.4	Q51872	Q51872.1
rhaS_5	sp|Q05587.2|	RecName: Full=Regulatory protein PocR [Salmonella enterica subsp. enterica serovar Typhimurium str. LT2]	33.333	102	68	0	580	885	192	293	4.57e-9	60.1	Q05587	Q05587.2
rhaS_6	sp|P49322.1|	RecName: Full=Uncharacterized protein in cpoL 5'region; AltName: Full=ORF1 [Streptomyces lividans]	37.41	139	76	5	4	399	6	140	7.27e-10	59.7	P49322	P49322.1
rhaS_6~~~rhaS_8	sp|Q6GD21.1|	RecName: Full=Uncharacterized HTH-type transcriptional regulator SAS0078 [Staphylococcus aureus subsp. aureus MSSA476]	33.333	99	65	1	454	747	156	254	2.43e-9	60.8	Q6GD21	Q6GD21.1
rhaS_7	sp|Q46855.2|	RecName: Full=HTH-type transcriptional regulator YqhC [Escherichia coli K-12]	33.984	256	165	3	124	888	62	314	3.7e-40	145	Q46855	Q46855.2
rhaS_8~~~rhaS_2	sp|P28808.1|	RecName: Full=Thermoregulatory protein LcrF [Yersinia pestis]	40	115	69	0	346	690	153	267	1.29e-22	96.3	P28808	P28808.1
rhaS_9	sp|O31522.1|	RecName: Full=HTH-type transcriptional regulator YesS [Bacillus subtilis subsp. subtilis str. 168]	35.484	124	73	2	517	870	634	756	1.45e-14	77.4	O31522	O31522.1
rhdA	sp|Q9HUK9.1|	RecName: Full=Thiosulfate sulfurtransferase; Short=TST; AltName: Full=Rhodanese RhdA; AltName: Full=Thiosulfate:cyanide sulfurtransferase [Pseudomonas aeruginosa PAO1]	80.074	271	54	0	1	813	1	271	1.31e-147	417	Q9HUK9	Q9HUK9.1
rhlA_1	sp|Q51559.2|	RecName: Full=3-(3-hydroxydecanoyloxy)decanoate synthase [Pseudomonas aeruginosa PAO1]	63.538	277	99	1	37	867	12	286	5.9300000000000005e-123	356	Q51559	Q51559.2
rhlA_2	sp|O85207.1|	RecName: Full=(R)-3-hydroxydecanoyl-ACP:CoA transacylase; AltName: Full=3-hydroxyacyl-CoA-acyl carrier protein transferase [Pseudomonas putida KT2440]	68.475	295	92	1	1	882	1	295	2.2999999999999996e-151	428	O85207	O85207.1
rhlB_1	sp|Q887N8.1|	RecName: Full=ATP-dependent RNA helicase RhlB [Pseudomonas syringae pv. tomato str. DC3000]	94.43	395	22	0	277	1461	1	395	0	742	Q887N8	Q887N8.1
rhlB_2	sp|O34748.1|	RecName: Full=ATP-dependent DNA helicase RecQ; AltName: Full=DNA 3'-5' helicase RecQ [Bacillus subtilis subsp. subtilis str. 168]	42.813	327	183	3	13	987	9	333	4.15e-81	270	O34748	O34748.1
rhlE_1	sp|P25888.3|	RecName: Full=ATP-dependent RNA helicase RhlE [Escherichia coli K-12]	62.205	381	140	1	1	1143	1	377	3.8099999999999997e-162	475	P25888	P25888.3
rhlE_2	sp|P44701.1|	RecName: Full=ATP-dependent RNA helicase SrmB [Haemophilus influenzae Rd KW20]	40.162	371	221	1	4	1113	6	376	8.990000000000001e-79	254	P44701	P44701.1
rhlE_3	sp|P25888.3|	RecName: Full=ATP-dependent RNA helicase RhlE [Escherichia coli K-12]	58.047	379	158	1	1	1134	1	379	6.29e-140	411	P25888	P25888.3
rho	sp|P52155.1|	RecName: Full=Transcription termination factor Rho; AltName: Full=ATP-dependent helicase Rho [Pseudomonas fluorescens bv. C]	100	419	0	0	1	1257	1	419	0	849	P52155	P52155.1
rhsA~~~rhsB	sp|P0DUH5.1|	RecName: Full=Double-stranded DNA deaminase toxin A; Short=DddA; AltName: Full=Cytidine deaminase; Short=CD [Burkholderia cenocepacia H111]	35.86	1082	628	25	892	4014	233	1289	4.1299999999999994e-169	549	P0DUH5	P0DUH5.1
rhsC	sp|P0DUH5.1|	RecName: Full=Double-stranded DNA deaminase toxin A; Short=DddA; AltName: Full=Cytidine deaminase; Short=CD [Burkholderia cenocepacia H111]	36.475	244	123	8	13	654	1048	1289	4.79e-43	161	P0DUH5	P0DUH5.1
rhtA	sp|P0AA67.1|	RecName: Full=Threonine/homoserine exporter RhtA [Escherichia coli K-12]	59.206	277	113	0	37	867	12	288	2.82e-103	306	P0AA67	P0AA67.1
rhtB_1	sp|P0AG34.1|	RecName: Full=Homoserine/homoserine lactone efflux protein [Escherichia coli K-12]	43.158	190	104	2	1	567	1	187	1.71e-41	142	P0AG34	P0AG34.1
rhtB_2	sp|Q9KVK7.1|	RecName: Full=Uncharacterized membrane protein VC_0136 [Vibrio cholerae O1 biovar El Tor str. N16961]	31.308	214	134	4	1	630	1	205	5.12e-18	81.6	Q9KVK7	Q9KVK7.1
rhtB_3	sp|P38102.2|	RecName: Full=Uncharacterized membrane protein PA4757 [Pseudomonas aeruginosa PAO1]	34.975	203	123	2	25	612	11	211	6.79e-23	94.7	P38102	P38102.2
rhtB_4	sp|P0AG34.1|	RecName: Full=Homoserine/homoserine lactone efflux protein [Escherichia coli K-12]	30.899	178	118	3	7	537	2	175	2.53e-16	77.4	P0AG34	P0AG34.1
rhtB_5	sp|Q9KVK7.1|	RecName: Full=Uncharacterized membrane protein VC_0136 [Vibrio cholerae O1 biovar El Tor str. N16961]	30.481	187	130	0	1	561	1	187	1.8400000000000002e-21	90.9	Q9KVK7	Q9KVK7.1
rhtB_6	sp|Q9KVK7.1|	RecName: Full=Uncharacterized membrane protein VC_0136 [Vibrio cholerae O1 biovar El Tor str. N16961]	36.842	133	84	0	10	408	7	139	1.82e-16	77.4	Q9KVK7	Q9KVK7.1
rhtB_8	sp|P0AG34.1|	RecName: Full=Homoserine/homoserine lactone efflux protein [Escherichia coli K-12]	37.584	149	88	3	145	591	51	194	1.56e-17	80.5	P0AG34	P0AG34.1
rhtC_1	sp|Q9L6N7.1|	RecName: Full=Threonine efflux protein [Salmonella enterica subsp. enterica serovar Typhimurium str. LT2]	31.5	200	134	3	16	612	5	202	1.7e-24	99	Q9L6N7	Q9L6N7.1
ribA	sp|C3K2R5.1|	RecName: Full=GTP cyclohydrolase-2; AltName: Full=GTP cyclohydrolase II [Pseudomonas [fluorescens] SBW25]	97.073	205	6	0	1	615	1	205	1.2899999999999998e-147	411	C3K2R5	C3K2R5.1
ribBA	sp|Q9HWX4.1|	RecName: Full=3,4-dihydroxy-2-butanone 4-phosphate synthase; Short=DHBP synthase [Pseudomonas aeruginosa PAO1]	83.288	365	59	1	1	1089	1	365	0	582	Q9HWX4	Q9HWX4.1
ribD	sp|P25539.1|	RecName: Full=Riboflavin biosynthesis protein RibD; Includes: RecName: Full=Diaminohydroxyphosphoribosylaminopyrimidine deaminase; Short=DRAP deaminase; AltName: Full=Riboflavin-specific deaminase; Includes: RecName: Full=5-amino-6-(5-phosphoribosylamino)uracil reductase; AltName: Full=HTP reductase [Escherichia coli K-12]	57.382	359	146	4	34	1095	3	359	1.08e-136	397	P25539	P25539.1
ribE	sp|P51961.1|	RecName: Full=Riboflavin synthase; Short=RS [Photobacterium phosphoreum]	54.26	223	96	1	1	669	1	217	1.17e-82	248	P51961	P51961.1
ribF	sp|P22990.1|	RecName: Full=Bifunctional riboflavin kinase/FMN adenylyltransferase; AltName: Full=Riboflavin biosynthesis protein RibF; Includes: RecName: Full=Riboflavin kinase; AltName: Full=Flavokinase; Includes: RecName: Full=FMN adenylyltransferase; AltName: Full=FAD pyrophosphorylase; AltName: Full=FAD synthase [Pseudomonas fluorescens]	95.222	293	13	1	1	879	1	292	0	509	P22990	P22990.1
ribH	sp|A5VXW0.1|	RecName: Full=6,7-dimethyl-8-ribityllumazine synthase; Short=DMRL synthase; Short=LS; Short=Lumazine synthase [Pseudomonas putida F1]	97.468	158	4	0	1	474	1	158	1.4399999999999997e-107	306	A5VXW0	A5VXW0.1
ribH2	sp|Q885J3.1|	RecName: Full=6,7-dimethyl-8-ribityllumazine synthase 2; Short=DMRL synthase 2; Short=LS 2; Short=Lumazine synthase 2 [Pseudomonas syringae pv. tomato str. DC3000]	85.093	161	24	0	1	483	1	161	1.4e-100	289	Q885J3	Q885J3.1
ribZ	sp|P76269.2|	RecName: Full=Uncharacterized transporter YebQ [Escherichia coli K-12]	47.64	445	231	1	13	1341	6	450	3.67e-102	315	P76269	P76269.2
rihA	sp|Q9P6J4.1|	RecName: Full=Uncharacterized protein C1683.06c [Schizosaccharomyces pombe 972h-]	44.194	310	172	1	94	1023	1	309	6.63e-90	275	Q9P6J4	Q9P6J4.1
rimI	sp|P0A944.1|	RecName: Full=[Ribosomal protein bS18]-alanine N-acetyltransferase; AltName: Full=KAT; AltName: Full=Peptidyl-lysine N-acetyltransferase [Escherichia coli K-12]	39.583	144	86	1	16	444	3	146	7.789999999999999e-30	108	P0A944	P0A944.1
rimJ	sp|P0A948.1|	RecName: Full=[Ribosomal protein uS5]-alanine N-acetyltransferase; AltName: Full=Acetylating enzyme for N-terminal of ribosomal protein S5 [Escherichia coli K-12]	45.198	177	95	1	16	540	9	185	1.0599999999999999e-48	159	P0A948	P0A948.1
rimK	sp|Q4KK09.1|	RecName: Full=Probable alpha-L-glutamate ligase [Pseudomonas protegens Pf-5]	98.007	301	6	0	1	903	1	301	0	601	Q4KK09	Q4KK09.1
rimM	sp|C3K1H0.1|	RecName: Full=Ribosome maturation factor RimM [Pseudomonas [fluorescens] SBW25]	98.315	178	3	0	1	534	1	178	5.37e-127	357	C3K1H0	C3K1H0.1
rimO	sp|Q3KH22.1|	RecName: Full=Ribosomal protein uS12 methylthiotransferase RimO; Short=uS12 MTTase; Short=uS12 methylthiotransferase; AltName: Full=Ribosomal protein uS12 (aspartate-C(3))-methylthiotransferase; AltName: Full=Ribosome maturation factor RimO [Pseudomonas fluorescens Pf0-1]	95.495	444	20	0	1	1332	1	444	0	882	Q3KH22	Q3KH22.1
rimP	sp|C3K261.2|	RecName: Full=Ribosome maturation factor RimP [Pseudomonas [fluorescens] SBW25]	98.734	158	2	0	1	474	1	158	1.1199999999999997e-101	291	C3K261	C3K261.2
rkpK	sp|O86422.2|	RecName: Full=UDP-glucose 6-dehydrogenase; Short=UDP-Glc dehydrogenase; Short=UDP-GlcDH; Short=UDPGDH [Pseudomonas aeruginosa PAO1]	50.679	442	215	1	1	1317	1	442	8.36e-154	447	O86422	O86422.2
rl5	sp|P84138.2|	RecName: Full=Purine nucleoside phosphorylase YlmD; AltName: Full=Adenosine deaminase YlmD; AltName: Full=S-methyl-5'-thioadenosine phosphorylase YlmD [Geobacillus stearothermophilus 10]	32	200	105	5	94	660	76	255	8.68e-20	88.6	P84138	P84138.2
rlhA_1	sp|P76104.2|	RecName: Full=23S rRNA 5-hydroxycytidine C2501 synthase; AltName: Full=Large subunit ribosomal RNA hydroxylation A [Escherichia coli K-12]	68.855	655	193	3	40	2001	1	645	0	940	P76104	P76104.2
rlhA_2	sp|P76403.1|	RecName: Full=tRNA hydroxylation protein P [Escherichia coli K-12]	72.851	442	112	1	10	1311	1	442	0	672	P76403	P76403.1
rlmA	sp|P36999.1|	RecName: Full=23S rRNA (guanine(745)-N(1))-methyltransferase; AltName: Full=23S rRNA m1G745 methyltransferase; AltName: Full=Ribosomal RNA large subunit methyltransferase A [Escherichia coli K-12]	40.833	240	135	3	4	714	3	238	5.37e-57	186	P36999	P36999.1
rlmB	sp|Q87VK2.1|	RecName: Full=23S rRNA (guanosine-2'-O-)-methyltransferase RlmB; AltName: Full=23S rRNA (guanosine2251 2'-O)-methyltransferase; AltName: Full=23S rRNA Gm2251 2'-O-methyltransferase [Pseudomonas syringae pv. tomato str. DC3000]	90.204	245	24	0	7	741	4	248	1.7499999999999997e-162	452	Q87VK2	Q87VK2.1
rlmD	sp|Q4K898.1|	RecName: Full=23S rRNA (uracil(1939)-C(5))-methyltransferase RlmD; AltName: Full=23S rRNA(m5U1939)-methyltransferase [Pseudomonas protegens Pf-5]	86.86	449	59	0	1	1347	1	449	0	790	Q4K898	Q4K898.1
rlmE	sp|C3K267.1|	RecName: Full=Ribosomal RNA large subunit methyltransferase E; AltName: Full=23S rRNA Um2552 methyltransferase; AltName: Full=rRNA (uridine-2'-O-)-methyltransferase [Pseudomonas [fluorescens] SBW25]	99.537	216	1	0	1	648	1	216	2.8499999999999993e-159	441	C3K267	C3K267.1
rlmF	sp|C3K6G1.1|	RecName: Full=Ribosomal RNA large subunit methyltransferase F; AltName: Full=23S rRNA mA1618 methyltransferase; AltName: Full=rRNA adenine N-6-methyltransferase [Pseudomonas [fluorescens] SBW25]	97.756	312	7	0	82	1017	28	339	0	639	C3K6G1	C3K6G1.1
rlmG	sp|Q3K6H7.1|	RecName: Full=Ribosomal RNA large subunit methyltransferase G; AltName: Full=23S rRNA m2G1835 methyltransferase; AltName: Full=rRNA (guanine-N(2)-)-methyltransferase RlmG [Pseudomonas fluorescens Pf0-1]	85.561	374	54	0	1	1122	1	374	0	642	Q3K6H7	Q3K6H7.1
rlmH	sp|C3K2M6.1|	RecName: Full=Ribosomal RNA large subunit methyltransferase H; AltName: Full=23S rRNA (pseudouridine1915-N3)-methyltransferase; AltName: Full=23S rRNA m3Psi1915 methyltransferase; AltName: Full=rRNA (pseudouridine-N3-)-methyltransferase RlmH [Pseudomonas [fluorescens] SBW25]	98.71	155	2	0	1	465	1	155	2.61e-109	310	C3K2M6	C3K2M6.1
rlmI_1	sp|A5F8G8.2|	RecName: Full=Ribosomal RNA large subunit methyltransferase I; AltName: Full=23S rRNA m5C1962 methyltransferase; AltName: Full=rRNA (cytosine-C(5)-)-methyltransferase RlmI [Vibrio cholerae O395]	35	400	247	6	10	1185	3	397	6.56e-71	231	A5F8G8	A5F8G8.2
rlmI_2	sp|Q9RYA1.1|	RecName: Full=Ribosomal RNA large subunit methyltransferase DR_0049; AltName: Full=23S rRNA m5C2499 methyltransferase [Deinococcus radiodurans R1 = ATCC 13939 = DSM 20539]	30.094	319	194	8	79	1014	111	407	1.23e-19	92.4	Q9RYA1	Q9RYA1.1
rlmJ	sp|P37634.1|	RecName: Full=Ribosomal RNA large subunit methyltransferase J; AltName: Full=23S rRNA (adenine(2030)-N6)-methyltransferase; AltName: Full=23S rRNA m6A2030 methyltransferase [Escherichia coli K-12]	43.728	279	156	1	1	834	2	280	9.350000000000001e-77	237	P37634	P37634.1
rlmL_1	sp|Q3KFC5.1|	RecName: Full=Ribosomal RNA large subunit methyltransferase K/L; Includes: RecName: Full=23S rRNA m2G2445 methyltransferase; AltName: Full=rRNA (guanine-N(2)-)-methyltransferase RlmL; Includes: RecName: Full=23S rRNA m7G2069 methyltransferase; AltName: Full=rRNA (guanine-N(7)-)-methyltransferase RlmK [Pseudomonas fluorescens Pf0-1]	91.27	756	64	1	1	2262	1	756	0	1450	Q3KFC5	Q3KFC5.1
rlmL_2	sp|A0KKF0.2|	RecName: Full=Ribosomal RNA large subunit methyltransferase I; AltName: Full=23S rRNA m5C1962 methyltransferase; AltName: Full=rRNA (cytosine-C(5)-)-methyltransferase RlmI [Aeromonas hydrophila subsp. hydrophila ATCC 7966]	32.821	195	124	4	109	672	111	305	3.15e-24	104	A0KKF0	A0KKF0.2
rlmM	sp|C3K5G4.1|	RecName: Full=Ribosomal RNA large subunit methyltransferase M; AltName: Full=23S rRNA (cytidine2498-2'-O)-methyltransferase; AltName: Full=23S rRNA 2'-O-ribose methyltransferase RlmM [Pseudomonas [fluorescens] SBW25]	97.486	358	9	0	1	1074	1	358	0	726	C3K5G4	C3K5G4.1
rlmN	sp|C3K1L7.1|	RecName: Full=Dual-specificity RNA methyltransferase RlmN; AltName: Full=23S rRNA (adenine(2503)-C(2))-methyltransferase; AltName: Full=23S rRNA m2A2503 methyltransferase; AltName: Full=Ribosomal RNA large subunit methyltransferase N; AltName: Full=tRNA (adenine(37)-C(2))-methyltransferase; AltName: Full=tRNA m2A37 methyltransferase [Pseudomonas [fluorescens] SBW25]	98.691	382	5	0	1	1146	1	382	0	791	C3K1L7	C3K1L7.1
rlpA_1	sp|A0A0H2ZFV1.1|	RecName: Full=Endolytic peptidoglycan transglycosylase RlpA; AltName: Full=Rare lipoprotein A; Flags: Precursor [Pseudomonas aeruginosa UCBPP-PA14]	67.208	308	87	5	100	993	35	338	2.16e-143	411	A0A0H2ZFV1	A0A0H2ZFV1.1
rlpA_2	sp|Q55752.1|	RecName: Full=Probable endolytic peptidoglycan transglycosylase RlpA [Synechocystis sp. PCC 6803 substr. Kazusa]	66.279	86	29	0	91	348	230	315	3e-30	113	Q55752	Q55752.1
rluA	sp|Q8ZIK1.1|	RecName: Full=Dual-specificity RNA pseudouridine synthase RluA; AltName: Full=23S rRNA pseudouridine(746) synthase; AltName: Full=Ribosomal large subunit pseudouridine synthase A; AltName: Full=rRNA pseudouridylate synthase A; AltName: Full=rRNA-uridine isomerase A; AltName: Full=tRNA pseudouridine(32) synthase [Yersinia pestis]	54.146	205	92	2	22	633	3	206	8.59e-70	214	Q8ZIK1	Q8ZIK1.1
rluC	sp|Q9HZM9.1|	RecName: Full=Ribosomal large subunit pseudouridine synthase C; AltName: Full=23S rRNA pseudouridine(955/2504/2580) synthase; AltName: Full=rRNA pseudouridylate synthase C; AltName: Full=rRNA-uridine isomerase C [Pseudomonas aeruginosa PAO1]	78.233	317	68	1	1	948	1	317	9.759999999999999e-169	474	Q9HZM9	Q9HZM9.1
rluD	sp|P33640.2|	RecName: Full=Ribosomal large subunit pseudouridine synthase D; AltName: Full=23S rRNA pseudouridine(1911/1915/1917) synthase; AltName: Full=rRNA pseudouridylate synthase D; AltName: Full=rRNA-uridine isomerase D [Pseudomonas aeruginosa PAO1]	80.312	320	63	0	1	960	1	320	2.1099999999999998e-173	486	P33640	P33640.2
rluE	sp|Q9HX48.1|	RecName: Full=Ribosomal large subunit pseudouridine synthase E; AltName: Full=rRNA pseudouridylate synthase E; AltName: Full=rRNA-uridine isomerase E [Pseudomonas aeruginosa PAO1]	85.106	188	28	0	70	633	1	188	7.399999999999999e-112	320	Q9HX48	Q9HX48.1
rluF	sp|P35159.2|	RecName: Full=Ribosomal large subunit pseudouridine synthase B; AltName: Full=23S rRNA pseudouridine(2605) synthase; AltName: Full=rRNA pseudouridylate synthase B; AltName: Full=rRNA-uridine isomerase B [Bacillus subtilis subsp. subtilis str. 168]	30.769	169	106	4	16	516	3	162	2.81e-7	53.1	P35159	P35159.2
rmd	sp|Q6T1X6.1|	RecName: Full=GDP-6-deoxy-D-mannose reductase [Aneurinibacillus thermoaerophilus]	38.312	308	185	3	13	933	4	307	5.98e-68	217	Q6T1X6	Q6T1X6.1
rmlC_1	sp|Q9HU21.1|	RecName: Full=dTDP-4-dehydrorhamnose 3,5-epimerase; AltName: Full=Thymidine diphospho-4-keto-rhamnose 3,5-epimerase; AltName: Full=dTDP-4-keto-6-deoxyglucose 3,5-epimerase; AltName: Full=dTDP-6-deoxy-D-xylo-4-hexulose 3,5-epimerase; AltName: Full=dTDP-L-rhamnose synthase [Pseudomonas aeruginosa PAO1]	70	180	54	0	1	540	1	180	6.25e-85	251	Q9HU21	Q9HU21.1
rmlC_2	sp|Q9HU21.1|	RecName: Full=dTDP-4-dehydrorhamnose 3,5-epimerase; AltName: Full=Thymidine diphospho-4-keto-rhamnose 3,5-epimerase; AltName: Full=dTDP-4-keto-6-deoxyglucose 3,5-epimerase; AltName: Full=dTDP-6-deoxy-D-xylo-4-hexulose 3,5-epimerase; AltName: Full=dTDP-L-rhamnose synthase [Pseudomonas aeruginosa PAO1]	65.193	181	63	0	1	543	1	181	4.78e-88	258	Q9HU21	Q9HU21.1
rnc	sp|C3K6Y7.1|	RecName: Full=Ribonuclease 3; AltName: Full=Ribonuclease III; Short=RNase III [Pseudomonas [fluorescens] SBW25]	97.596	208	5	0	1	624	22	229	8.73e-131	370	C3K6Y7	C3K6Y7.1
rnd	sp|A6V8R6.2|	RecName: Full=Ribonuclease D; Short=RNase D [Pseudomonas paraeruginosa PA7]	67.024	373	123	0	1	1119	4	376	1.7199999999999998e-174	493	A6V8R6	A6V8R6.2
rne	sp|P21513.6|	RecName: Full=Ribonuclease E; Short=RNase E [Escherichia coli K-12]	72.245	490	132	3	1	1458	1	490	0	684	P21513	P21513.6
rng	sp|A0A0H3NGK0.1|	RecName: Full=Ribonuclease G; Short=RNase G [Salmonella enterica subsp. enterica serovar Typhimurium str. SL1344]	57.085	494	198	2	1	1455	1	489	0	552	A0A0H3NGK0	A0A0H3NGK0.1
rnhA	sp|Q4KBI1.1|	RecName: Full=Ribonuclease H; Short=RNase H [Pseudomonas protegens Pf-5]	91.946	149	12	0	1	447	1	149	1.99e-99	285	Q4KBI1	Q4KBI1.1
rnhB	sp|Q4KHG2.2|	RecName: Full=Ribonuclease HII; Short=RNase HII [Pseudomonas protegens Pf-5]	92.718	206	15	0	13	630	1	206	1.04e-138	389	Q4KHG2	Q4KHG2.2
rnk	sp|P0AFW4.1|	RecName: Full=Regulator of nucleoside diphosphate kinase [Escherichia coli K-12]	45.113	133	72	1	13	408	4	136	1.1599999999999999e-30	110	P0AFW4	P0AFW4.1
rnr	sp|P21499.2|	RecName: Full=Ribonuclease R; Short=RNase R; AltName: Full=Protein VacB [Escherichia coli K-12]	54.509	743	317	5	16	2241	2	724	0	757	P21499	P21499.2
rnt	sp|Q4K746.1|	RecName: Full=Ribonuclease T; AltName: Full=Exoribonuclease T; Short=RNase T [Pseudomonas protegens Pf-5]	92.377	223	17	0	1	669	1	223	1.07e-154	431	Q4K746	Q4K746.1
rodZ	sp|Q6D275.1|	RecName: Full=Cytoskeleton protein RodZ [Pectobacterium atrosepticum SCRI1043]	45.205	73	39	1	778	993	257	329	9.48e-14	74.3	Q6D275	Q6D275.1
roxA	sp|P27431.2|	RecName: Full=Ribosomal protein uL16 3-hydroxylase; AltName: Full=Ribosomal oxygenase RoxA; Short=ROX [Escherichia coli K-12]	38.147	367	215	7	49	1143	11	367	4.2399999999999996e-67	219	P27431	P27431.2
rpe	sp|P0AG07.1|	RecName: Full=Ribulose-phosphate 3-epimerase; AltName: Full=Pentose-5-phosphate 3-epimerase; Short=PPE; AltName: Full=R5P3E [Escherichia coli K-12]	79.091	220	46	0	1	660	1	220	4.15e-125	356	P0AG07	P0AG07.1
rph	sp|C3K479.1|	RecName: Full=Ribonuclease PH; Short=RNase PH; AltName: Full=tRNA nucleotidyltransferase [Pseudomonas [fluorescens] SBW25]	99.583	240	1	0	1	720	1	240	1.0399999999999998e-175	485	C3K479	C3K479.1
rpiA	sp|C3K3R7.1|	RecName: Full=Ribose-5-phosphate isomerase A; AltName: Full=Phosphoriboisomerase A; Short=PRI [Pseudomonas [fluorescens] SBW25]	98.206	223	4	0	1	669	1	223	1.3799999999999998e-158	440	C3K3R7	C3K3R7.1
rpiB	sp|Q92EU5.1|	RecName: Full=Ribose-5-P isomerase B; AltName: Full=RpiB-type ribose-5-P isomerase [Listeria innocua Clip11262]	51.724	145	70	0	13	447	1	145	2.16e-48	155	Q92EU5	Q92EU5.1
rplA	sp|C3K2Y6.1|	RecName: Full=Large ribosomal subunit protein uL1; AltName: Full=50S ribosomal protein L1 [Pseudomonas [fluorescens] SBW25]	100	231	0	0	1	693	1	231	2.03e-145	408	C3K2Y6	C3K2Y6.1
rplB	sp|Q3K5Z1.1|	RecName: Full=Large ribosomal subunit protein uL2; AltName: Full=50S ribosomal protein L2 [Pseudomonas fluorescens Pf0-1]	99.635	274	1	0	1	822	1	274	0	528	Q3K5Z1	Q3K5Z1.1
rplC	sp|C3K2X6.1|	RecName: Full=Large ribosomal subunit protein uL3; AltName: Full=50S ribosomal protein L3 [Pseudomonas [fluorescens] SBW25]	99.526	211	1	0	1	633	1	211	2.9999999999999995e-153	426	C3K2X6	C3K2X6.1
rplD	sp|Q4ZMP5.1|	RecName: Full=Large ribosomal subunit protein uL4; AltName: Full=50S ribosomal protein L4 [Pseudomonas syringae pv. syringae B728a]	99	200	2	0	1	600	1	200	5.569999999999999e-145	404	Q4ZMP5	Q4ZMP5.1
rplE	sp|C3K2W4.1|	RecName: Full=Large ribosomal subunit protein uL5; AltName: Full=50S ribosomal protein L5 [Pseudomonas [fluorescens] SBW25]	100	179	0	0	1	537	1	179	1.2e-128	361	C3K2W4	C3K2W4.1
rplF	sp|C3K2W1.1|	RecName: Full=Large ribosomal subunit protein uL6; AltName: Full=50S ribosomal protein L6 [Pseudomonas [fluorescens] SBW25]	100	166	0	0	1	498	1	166	3.4399999999999993e-119	337	C3K2W1	C3K2W1.1
rplI	sp|C3KE70.1|	RecName: Full=Large ribosomal subunit protein bL9; AltName: Full=50S ribosomal protein L9 [Pseudomonas [fluorescens] SBW25]	100	134	0	0	1	402	1	134	1.38e-60	186	C3KE70	C3KE70.1
rplJ	sp|C3K2Y5.1|	RecName: Full=Large ribosomal subunit protein uL10; AltName: Full=50S ribosomal protein L10 [Pseudomonas [fluorescens] SBW25]	98.148	162	3	0	1	486	1	162	8.51e-94	272	C3K2Y5	C3K2Y5.1
rplK	sp|C3K2Y7.1|	RecName: Full=Large ribosomal subunit protein uL11; AltName: Full=50S ribosomal protein L11 [Pseudomonas [fluorescens] SBW25]	99.301	143	1	0	1	429	1	143	2.9499999999999997e-101	289	C3K2Y7	C3K2Y7.1
rplL	sp|C3K2Y4.1|	RecName: Full=Large ribosomal subunit protein bL12; AltName: Full=50S ribosomal protein L7/L12 [Pseudomonas [fluorescens] SBW25]	98.347	121	2	0	1	363	1	121	2.9799999999999998e-46	148	C3K2Y4	C3K2Y4.1
rplM	sp|C3K6E1.1|	RecName: Full=Large ribosomal subunit protein uL13; AltName: Full=50S ribosomal protein L13 [Pseudomonas [fluorescens] SBW25]	98.592	142	2	0	1	426	1	142	1.59e-102	292	C3K6E1	C3K6E1.1
rplN	sp|A5VXQ7.1|	RecName: Full=Large ribosomal subunit protein uL14; AltName: Full=50S ribosomal protein L14 [Pseudomonas putida F1]	100	122	0	0	1	366	1	122	1.01e-84	245	A5VXQ7	A5VXQ7.1
rplO	sp|C3K2V7.1|	RecName: Full=Large ribosomal subunit protein uL15; AltName: Full=50S ribosomal protein L15 [Pseudomonas [fluorescens] SBW25]	100	145	0	0	1	435	1	145	3.72e-84	246	C3K2V7	C3K2V7.1
rplP	sp|C3K2W9.1|	RecName: Full=Large ribosomal subunit protein uL16; AltName: Full=50S ribosomal protein L16 [Pseudomonas [fluorescens] SBW25]	98.54	137	2	0	1	411	1	137	2.5200000000000003e-77	228	C3K2W9	C3K2W9.1
rplQ	sp|C3K2V0.1|	RecName: Full=Large ribosomal subunit protein bL17; AltName: Full=50S ribosomal protein L17 [Pseudomonas [fluorescens] SBW25]	99.219	128	1	0	1	384	1	128	4.57e-90	259	C3K2V0	C3K2V0.1
rplR	sp|Q3K604.1|	RecName: Full=Large ribosomal subunit protein uL18; AltName: Full=50S ribosomal protein L18 [Pseudomonas fluorescens Pf0-1]	100	116	0	0	1	348	1	116	8.85e-70	207	Q3K604	Q3K604.1
rplS	sp|C3K1G8.1|	RecName: Full=Large ribosomal subunit protein bL19; AltName: Full=50S ribosomal protein L19 [Pseudomonas [fluorescens] SBW25]	100	116	0	0	1	348	1	116	2.1900000000000002e-80	234	C3K1G8	C3K1G8.1
rplT	sp|C3JZN4.1|	RecName: Full=Large ribosomal subunit protein bL20; AltName: Full=50S ribosomal protein L20 [Pseudomonas [fluorescens] SBW25]	99.153	118	1	0	1	354	1	118	8.87e-76	223	C3JZN4	C3JZN4.1
rplU	sp|Q889F3.1|	RecName: Full=Large ribosomal subunit protein bL21; AltName: Full=50S ribosomal protein L21 [Pseudomonas syringae pv. tomato str. DC3000]	99.02	102	1	0	7	312	2	103	2.12e-40	132	Q889F3	Q889F3.1
rplV	sp|A4XZ85.1|	RecName: Full=Large ribosomal subunit protein uL22; AltName: Full=50S ribosomal protein L22 [Ectopseudomonas mendocina ymp]	100	110	0	0	1	330	1	110	2.1800000000000002e-73	216	A4XZ85	A4XZ85.1
rplW	sp|C3K2X4.1|	RecName: Full=Large ribosomal subunit protein uL23; AltName: Full=50S ribosomal protein L23 [Pseudomonas [fluorescens] SBW25]	100	99	0	0	1	297	1	99	1.1899999999999998e-66	198	C3K2X4	C3K2X4.1
rplX	sp|C3K2W5.1|	RecName: Full=Large ribosomal subunit protein uL24; AltName: Full=50S ribosomal protein L24 [Pseudomonas [fluorescens] SBW25]	100	104	0	0	1	312	1	104	5.52e-69	204	C3K2W5	C3K2W5.1
rplY	sp|Q888C7.1|	RecName: Full=Large ribosomal subunit protein bL25; AltName: Full=50S ribosomal protein L25; AltName: Full=General stress protein CTC [Pseudomonas syringae pv. tomato str. DC3000]	91.534	189	16	0	1	567	1	189	4.05e-111	318	Q888C7	Q888C7.1
rpmA	sp|C3K1X7.1|	RecName: Full=Large ribosomal subunit protein bL27; AltName: Full=50S ribosomal protein L27 [Pseudomonas [fluorescens] SBW25]	100	85	0	0	1	255	1	85	3.3e-56	170	C3K1X7	C3K1X7.1
rpmB	sp|C3K469.1|	RecName: Full=Large ribosomal subunit protein bL28; AltName: Full=50S ribosomal protein L28 [Pseudomonas [fluorescens] SBW25]	100	77	0	0	1	231	1	77	2e-51	157	C3K469	C3K469.1
rpmC	sp|B0KK75.1|	RecName: Full=Large ribosomal subunit protein uL29; AltName: Full=50S ribosomal protein L29 [Pseudomonas putida GB-1]	100	63	0	0	1	189	2	64	4.87e-38	123	B0KK75	B0KK75.1
rpmD	sp|Q48D54.1|	RecName: Full=Large ribosomal subunit protein uL30; AltName: Full=50S ribosomal protein L30 [Pseudomonas savastanoi pv. phaseolicola 1448A]	96.552	58	2	0	1	174	1	58	7.08e-36	117	Q48D54	Q48D54.1
rpmE	sp|C3KAH5.1|	RecName: Full=Large ribosomal subunit protein bL31; AltName: Full=50S ribosomal protein L31 [Pseudomonas [fluorescens] SBW25]	98.701	77	1	0	1	231	1	77	1.19e-52	160	C3KAH5	C3KAH5.1
rpmE2	sp|C3K860.1|	RecName: Full=Large ribosomal subunit protein bL31B; AltName: Full=50S ribosomal protein L31 type B [Pseudomonas [fluorescens] SBW25]	93.258	89	6	0	1	267	1	89	1.09e-56	172	C3K860	C3K860.1
rpmF	sp|Q48L44.1|	RecName: Full=Large ribosomal subunit protein bL32; AltName: Full=50S ribosomal protein L32 [Pseudomonas savastanoi pv. phaseolicola 1448A]	98.333	60	1	0	1	180	1	60	3.5499999999999995e-37	120	Q48L44	Q48L44.1
rpmG	sp|Q88BC7.1|	RecName: Full=Large ribosomal subunit protein bL33; AltName: Full=50S ribosomal protein L33 [Pseudomonas syringae pv. tomato str. DC3000]	88.235	51	6	0	1	153	1	51	4.130000000000001e-27	94.7	Q88BC7	Q88BC7.1
rpmI	sp|C3JZN5.1|	RecName: Full=Large ribosomal subunit protein bL35; AltName: Full=50S ribosomal protein L35 [Pseudomonas [fluorescens] SBW25]	96.875	64	2	0	1	192	1	64	1.3799999999999999e-37	122	C3JZN5	C3JZN5.1
rpoA	sp|Q3K612.1|	RecName: Full=DNA-directed RNA polymerase subunit alpha; Short=RNAP subunit alpha; AltName: Full=RNA polymerase subunit alpha; AltName: Full=Transcriptase subunit alpha [Pseudomonas fluorescens Pf0-1]	99.7	333	1	0	1	999	1	333	0	641	Q3K612	Q3K612.1
rpoB	sp|C3K2Y3.1|	RecName: Full=DNA-directed RNA polymerase subunit beta; Short=RNAP subunit beta; AltName: Full=RNA polymerase subunit beta; AltName: Full=Transcriptase subunit beta [Pseudomonas [fluorescens] SBW25]	99.558	1357	6	0	1	4071	1	1357	0	2767	C3K2Y3	C3K2Y3.1
rpoC	sp|C3K2Y2.1|	RecName: Full=DNA-directed RNA polymerase subunit beta'; Short=RNAP subunit beta'; AltName: Full=RNA polymerase subunit beta'; AltName: Full=Transcriptase subunit beta' [Pseudomonas [fluorescens] SBW25]	99.571	1399	6	0	1	4197	1	1399	0	2766	C3K2Y2	C3K2Y2.1
rpoD	sp|P52326.1|	RecName: Full=RNA polymerase sigma factor RpoD; AltName: Full=Sigma-70 [Pseudomonas protegens CHA0]	93.669	616	38	1	1	1848	1	615	0	1040	P52326	P52326.1
rpoE_1	sp|P0AGB6.1|	RecName: Full=ECF RNA polymerase sigma-E factor; AltName: Full=RNA polymerase sigma-E factor; AltName: Full=Sigma-24 [Escherichia coli K-12]	31.892	185	111	4	16	564	7	178	2.77e-13	68.6	P0AGB6	P0AGB6.1
rpoE_2	sp|Q3IYV6.1|	RecName: Full=ECF RNA polymerase sigma factor RpoE; AltName: Full=Alternative RNA polymerase sigma factor RpoE; AltName: Full=RNA polymerase sigma-E factor; AltName: Full=Sigma-24 [Cereibacter sphaeroides 2.4.1]	35.185	162	98	2	61	543	22	177	1.72e-15	73.9	Q3IYV6	Q3IYV6.1
rpoH	sp|P42378.2|	RecName: Full=RNA polymerase sigma factor RpoH; AltName: Full=RNA polymerase sigma-32 factor [Pseudomonas aeruginosa PAO1]	90.493	284	27	0	1	852	1	284	1.1099999999999999e-178	496	P42378	P42378.2
rpoN	sp|P0A171.1|	RecName: Full=RNA polymerase sigma-54 factor [Pseudomonas putida KT2440]	90.342	497	48	0	1	1491	1	497	0	899	P0A171	P0A171.1
rpoS	sp|P45684.1|	RecName: Full=RNA polymerase sigma factor RpoS; AltName: Full=Sigma S; AltName: Full=Sigma-38 [Pseudomonas aeruginosa PAO1]	87.906	339	33	3	1	1008	1	334	0	506	P45684	P45684.1
rpoZ	sp|C3K482.1|	RecName: Full=DNA-directed RNA polymerase subunit omega; Short=RNAP omega subunit; AltName: Full=RNA polymerase omega subunit; AltName: Full=Transcriptase subunit omega [Pseudomonas [fluorescens] SBW25]	100	87	0	0	1	261	1	87	6.05e-59	177	C3K482	C3K482.1
rppH	sp|C3K3R3.1|	RecName: Full=RNA pyrophosphohydrolase; AltName: Full=(Di)nucleoside polyphosphate hydrolase [Pseudomonas [fluorescens] SBW25]	99.371	159	1	0	1	477	1	159	5.79e-114	322	C3K3R3	C3K3R3.1
rppH_1	sp|Q9FNH4.1|	RecName: Full=Nudix hydrolase 27, chloroplastic; Short=AtNUDT27; Flags: Precursor [Arabidopsis thaliana]	37.705	61	32	1	10	192	63	117	3.72e-6	48.1	Q9FNH4	Q9FNH4.1
rpsA	sp|Q9HZ71.1|	RecName: Full=Small ribosomal subunit protein bS1; AltName: Full=30S ribosomal protein S1 [Pseudomonas aeruginosa PAO1]	88.364	550	59	2	40	1689	14	558	0	801	Q9HZ71	Q9HZ71.1
rpsB	sp|C3K5E6.1|	RecName: Full=Small ribosomal subunit protein uS2; AltName: Full=30S ribosomal protein S2 [Pseudomonas [fluorescens] SBW25]	99.574	235	1	0	1	705	1	235	2.2299999999999997e-175	484	C3K5E6	C3K5E6.1
rpsC	sp|Q3K5Z4.1|	RecName: Full=Small ribosomal subunit protein uS3; AltName: Full=30S ribosomal protein S3 [Pseudomonas fluorescens Pf0-1]	100	215	0	0	1	645	1	215	1.19e-156	436	Q3K5Z4	Q3K5Z4.1
rpsD	sp|C3K2V2.1|	RecName: Full=Small ribosomal subunit protein uS4; AltName: Full=30S ribosomal protein S4 [Pseudomonas [fluorescens] SBW25]	99.029	206	2	0	1	618	1	206	1.42e-150	419	C3K2V2	C3K2V2.1
rpsE	sp|C3K2V9.1|	RecName: Full=Small ribosomal subunit protein uS5; AltName: Full=30S ribosomal protein S5 [Pseudomonas [fluorescens] SBW25]	100	166	0	0	1	498	1	166	1.32e-105	301	C3K2V9	C3K2V9.1
rpsF	sp|C3KE67.1|	RecName: Full=Small ribosomal subunit protein bS6; AltName: Full=30S ribosomal protein S6 [Pseudomonas [fluorescens] SBW25]	100	105	0	0	1	315	1	105	5.82e-74	219	C3KE67	C3KE67.1
rpsG	sp|C3K2Y0.1|	RecName: Full=Small ribosomal subunit protein uS7; AltName: Full=30S ribosomal protein S7 [Pseudomonas [fluorescens] SBW25]	100	156	0	0	1	468	1	156	7.539999999999998e-110	311	C3K2Y0	C3K2Y0.1
rpsH	sp|C3K2W2.1|	RecName: Full=Small ribosomal subunit protein uS8; AltName: Full=30S ribosomal protein S8 [Pseudomonas [fluorescens] SBW25]	100	130	0	0	1	390	1	130	1.21e-76	226	C3K2W2	C3K2W2.1
rpsI	sp|C3K6E2.1|	RecName: Full=Small ribosomal subunit protein uS9; AltName: Full=30S ribosomal protein S9 [Pseudomonas [fluorescens] SBW25]	99.231	130	1	0	1	390	1	130	7.62e-90	259	C3K6E2	C3K6E2.1
rpsJ	sp|A4VHM9.1|	RecName: Full=Small ribosomal subunit protein uS10; AltName: Full=30S ribosomal protein S10 [Stutzerimonas stutzeri A1501]	100	103	0	0	1	309	1	103	1.12e-70	208	A4VHM9	A4VHM9.1
rpsK	sp|C3K2V3.1|	RecName: Full=Small ribosomal subunit protein uS11; AltName: Full=30S ribosomal protein S11 [Pseudomonas [fluorescens] SBW25]	100	112	0	0	52	387	18	129	1.11e-57	177	C3K2V3	C3K2V3.1
rpsL	sp|C3K2Y1.1|	RecName: Full=Small ribosomal subunit protein uS12; AltName: Full=30S ribosomal protein S12 [Pseudomonas [fluorescens] SBW25]	100	123	0	0	1	369	1	123	3.71e-86	249	C3K2Y1	C3K2Y1.1
rpsM	sp|C3K2V4.1|	RecName: Full=Small ribosomal subunit protein uS13; AltName: Full=30S ribosomal protein S13 [Pseudomonas [fluorescens] SBW25]	100	118	0	0	1	354	1	118	1.78e-82	239	C3K2V4	C3K2V4.1
rpsN	sp|Q4ZMQ7.1|	RecName: Full=Small ribosomal subunit protein uS14; AltName: Full=30S ribosomal protein S14 [Pseudomonas syringae pv. syringae B728a]	97.03	101	3	0	1	303	1	101	6.990000000000001e-59	178	Q4ZMQ7	Q4ZMQ7.1
rpsO	sp|C3K256.1|	RecName: Full=Small ribosomal subunit protein uS15; AltName: Full=30S ribosomal protein S15 [Pseudomonas [fluorescens] SBW25]	98.876	89	1	0	1	267	1	89	3.0199999999999996e-45	143	C3K256	C3K256.1
rpsP	sp|C3K1H1.1|	RecName: Full=Small ribosomal subunit protein bS16; AltName: Full=30S ribosomal protein S16 [Pseudomonas [fluorescens] SBW25]	100	71	0	0	1	213	1	71	2.5699999999999997e-48	150	C3K1H1	C3K1H1.1
rpsQ	sp|C3K2W7.1|	RecName: Full=Small ribosomal subunit protein uS17; AltName: Full=30S ribosomal protein S17 [Pseudomonas [fluorescens] SBW25]	100	88	0	0	1	264	1	88	6.5700000000000005e-59	177	C3K2W7	C3K2W7.1
rpsR	sp|C3KE68.1|	RecName: Full=Small ribosomal subunit protein bS18; AltName: Full=30S ribosomal protein S18 [Pseudomonas [fluorescens] SBW25]	100	63	0	0	40	228	14	76	9.43e-40	128	C3KE68	C3KE68.1
rpsS	sp|Q48D40.1|	RecName: Full=Small ribosomal subunit protein uS19; AltName: Full=30S ribosomal protein S19 [Pseudomonas savastanoi pv. phaseolicola 1448A]	98.901	91	1	0	1	273	1	91	5.38e-62	186	Q48D40	Q48D40.1
rpsT	sp|C3KDX1.1|	RecName: Full=Small ribosomal subunit protein bS20; AltName: Full=30S ribosomal protein S20 [Pseudomonas [fluorescens] SBW25]	96.739	92	3	0	1	276	1	92	1.5099999999999998e-47	149	C3KDX1	C3KDX1.1
rpsU	sp|Q3K5S0.1|	RecName: Full=Small ribosomal subunit protein bS21; AltName: Full=30S ribosomal protein S21 [Pseudomonas fluorescens Pf0-1]	100	71	0	0	1	213	1	71	3.2399999999999996e-31	106	Q3K5S0	Q3K5S0.1
rrrD	sp|Q9T1T5.1|	RecName: Full=Endolysin; AltName: Full=Lysis protein; AltName: Full=Lysozyme; AltName: Full=Muramidase; AltName: Full=P13 [Hamiltonella phage APSE-1]	44.218	147	81	1	1	441	1	146	1.0699999999999999e-31	113	Q9T1T5	Q9T1T5.1
rsbQ	sp|O07015.1|	RecName: Full=Sigma factor SigB regulation protein RsbQ [Bacillus subtilis subsp. subtilis str. 168]	43.411	258	145	1	16	786	8	265	5.3399999999999997e-76	235	O07015	O07015.1
rsd	sp|P15275.1|	RecName: Full=Transcriptional regulatory protein AlgQ; AltName: Full=Alginate regulatory protein AlgR2 [Pseudomonas aeruginosa PAO1]	63.576	151	49	2	1	438	1	150	1.68e-61	189	P15275	P15275.1
rseP	sp|Q9HXY3.1|	RecName: Full=Putative zinc metalloprotease PA3649 [Pseudomonas aeruginosa PAO1]	78.667	450	96	0	1	1350	1	450	0	694	Q9HXY3	Q9HXY3.1
rsfS	sp|Q02SH2.1|	RecName: Full=Ribosomal silencing factor RsfS [Pseudomonas aeruginosa UCBPP-PA14]	59.322	118	44	1	97	450	4	117	1.57e-44	145	Q02SH2	Q02SH2.1
rsgA	sp|C3KDV4.1|	RecName: Full=Small ribosomal subunit biogenesis GTPase RsgA [Pseudomonas [fluorescens] SBW25]	100	343	0	0	1	1029	1	343	0	662	C3KDV4	C3KDV4.1
rsmA	sp|Q4K4X5.1|	RecName: Full=Ribosomal RNA small subunit methyltransferase A; AltName: Full=16S rRNA (adenine(1518)-N(6)/adenine(1519)-N(6))-dimethyltransferase; AltName: Full=16S rRNA dimethyladenosine transferase; AltName: Full=16S rRNA dimethylase; AltName: Full=S-adenosylmethionine-6-N', N'-adenosyl(rRNA) dimethyltransferase [Pseudomonas protegens Pf-5]	93.704	270	17	0	1	810	1	270	0	519	Q4K4X5	Q4K4X5.1
rsmB	sp|Q88B41.1|	RecName: Full=Ribosomal RNA small subunit methyltransferase B; AltName: Full=16S rRNA m5C967 methyltransferase; AltName: Full=rRNA (cytosine-C(5)-)-methyltransferase RsmB [Pseudomonas syringae pv. tomato str. DC3000]	86.53	438	54	1	1	1299	1	438	0	674	Q88B41	Q88B41.1
rsmC	sp|Q3K705.1|	RecName: Full=Ribosomal RNA small subunit methyltransferase C; AltName: Full=16S rRNA m2G1207 methyltransferase; AltName: Full=rRNA (guanine-N(2)-)-methyltransferase RsmC [Pseudomonas fluorescens Pf0-1]	87.952	332	40	0	1	996	1	332	0	577	Q3K705	Q3K705.1
rsmD	sp|P0ADX9.1|	RecName: Full=Ribosomal RNA small subunit methyltransferase D; AltName: Full=16S rRNA m2G966 methyltransferase; AltName: Full=rRNA (guanine-N(2)-)-methyltransferase [Escherichia coli K-12]	48.958	192	94	2	22	597	2	189	4.089999999999999e-55	177	P0ADX9	P0ADX9.1
rsmE	sp|P37995.2|	RecName: Full=Ribosomal RNA small subunit methyltransferase E; AltName: Full=16S rRNA m3U1498 methyltransferase [Dickeya dadantii 3937]	47.368	247	118	6	1	717	1	243	3.72e-63	200	P37995	P37995.2
rsmG	sp|Q4K3A0.2|	RecName: Full=Ribosomal RNA small subunit methyltransferase G; AltName: Full=16S rRNA 7-methylguanosine methyltransferase; Short=16S rRNA m7G methyltransferase [Pseudomonas protegens Pf-5]	91.121	214	19	0	1	642	1	214	5.899999999999999e-138	387	Q4K3A0	Q4K3A0.2
rsmH	sp|C3KCS2.1|	RecName: Full=Ribosomal RNA small subunit methyltransferase H; AltName: Full=16S rRNA m(4)C1402 methyltransferase; AltName: Full=rRNA (cytosine-N(4)-)-methyltransferase RsmH [Pseudomonas [fluorescens] SBW25]	98.413	315	5	0	1	945	1	315	0	576	C3KCS2	C3KCS2.1
rsmI	sp|Q9HVZ3.1|	RecName: Full=Ribosomal RNA small subunit methyltransferase I; AltName: Full=16S rRNA 2'-O-ribose C1402 methyltransferase; AltName: Full=rRNA (cytidine-2'-O-)-methyltransferase RsmI [Pseudomonas aeruginosa PAO1]	79.856	278	56	0	28	861	2	279	7.09e-139	395	Q9HVZ3	Q9HVZ3.1
rsmJ	sp|C3K4Q4.1|	RecName: Full=Ribosomal RNA small subunit methyltransferase J; AltName: Full=16S rRNA m2G1516 methyltransferase; AltName: Full=rRNA (guanine-N(2)-)-methyltransferase [Pseudomonas [fluorescens] SBW25]	95	260	13	0	1	780	1	260	6.429999999999999e-165	459	C3K4Q4	C3K4Q4.1
rssA	sp|Q8GP19.2|	RecName: Full=Swarming motility regulation sensor protein RssA [Serratia marcescens]	30.548	383	246	10	238	1365	89	458	7.85e-43	160	Q8GP19	Q8GP19.2
rssB_1	sp|Q9HX69.1|	RecName: Full=Cyclic di-GMP phosphodiesterase RocR; Short=c-di-GMP PDE; AltName: Full=Response regulator RocR [Pseudomonas aeruginosa PAO1]	42.308	390	222	2	7	1173	1	388	3.2000000000000002e-105	318	Q9HX69	Q9HX69.1
rssB_2	sp|P13632.3|	RecName: Full=C4-dicarboxylate transport transcriptional regulatory protein DctD [Sinorhizobium meliloti 1021]	32.5	120	74	3	4	351	3	119	8.3e-11	61.2	P13632	P13632.3
rssB_3	sp|B8GZM2.1|	RecName: Full=Response regulator PleD; AltName: Full=Stalked cell differentiation-controlling protein; Includes: RecName: Full=Diguanylate cyclase; Short=DGC; AltName: Full=Diguanylate kinase [Caulobacter vibrioides NA1000]	31.353	303	181	6	748	1599	155	449	1.55e-34	139	B8GZM2	B8GZM2.1
rssB_4	sp|Q9HWA4.1|	RecName: Full=Two-component response regulator PprB [Pseudomonas aeruginosa PAO1]	52.874	261	105	5	28	765	11	268	2.12e-86	261	Q9HWA4	Q9HWA4.1
rssB_5	sp|P26408.1|	RecName: Full=Hydrogenase transcriptional regulatory protein HupR1 [Rhodobacter capsulatus]	32.298	161	101	2	34	516	5	157	6.13e-18	89.4	P26408	P26408.1
rssB_6	sp|Q47744.1|	RecName: Full=Regulatory protein VanRB [Enterococcus faecalis V583]	33.333	123	77	3	31	399	4	121	1.6e-10	63.9	Q47744	Q47744.1
rssB_7	sp|Q9HX69.1|	RecName: Full=Cyclic di-GMP phosphodiesterase RocR; Short=c-di-GMP PDE; AltName: Full=Response regulator RocR [Pseudomonas aeruginosa PAO1]	43.188	389	220	1	7	1173	1	388	3.06e-108	327	Q9HX69	Q9HX69.1
rstA_1	sp|P52108.2|	RecName: Full=Transcriptional regulatory protein RstA [Escherichia coli K-12]	39.224	232	128	2	7	663	2	233	3.9099999999999997e-47	159	P52108	P52108.2
rstA_2	sp|P52108.2|	RecName: Full=Transcriptional regulatory protein RstA [Escherichia coli K-12]	46.862	239	117	1	16	702	1	239	6.87e-65	204	P52108	P52108.2
rstA_3	sp|P52108.2|	RecName: Full=Transcriptional regulatory protein RstA [Escherichia coli K-12]	44.444	234	124	1	22	705	4	237	1.5e-48	162	P52108	P52108.2
rstB	sp|P18392.2|	RecName: Full=Sensor protein RstB [Escherichia coli K-12]	32.009	428	277	6	1	1263	1	421	2.5e-62	210	P18392	P18392.2
rsuA	sp|Q9I5J6.1|	RecName: Full=Ribosomal small subunit pseudouridine synthase A; AltName: Full=16S pseudouridylate 516 synthase; AltName: Full=16S rRNA pseudouridine(516) synthase; AltName: Full=rRNA pseudouridylate synthase A; AltName: Full=rRNA-uridine isomerase A [Pseudomonas aeruginosa PAO1]	61.739	230	88	0	1	690	1	230	4.09e-97	285	Q9I5J6	Q9I5J6.1
rsxB	sp|Q2SKU5.1|	RecName: Full=Ion-translocating oxidoreductase complex subunit B; AltName: Full=Rnf electron transport complex subunit B [Hahella chejuensis KCTC 2396]	72.308	130	35	1	7	393	36	165	1.8199999999999998e-60	197	Q2SKU5	Q2SKU5.1
rubA1	sp|Q9HTK7.1|	RecName: Full=Rubredoxin-1; Short=Rdxs [Pseudomonas aeruginosa PAO1]	83.636	55	9	0	1	165	1	55	2.75e-28	98.2	Q9HTK7	Q9HTK7.1
rubA2	sp|Q9HTK8.1|	RecName: Full=Rubredoxin-2; Short=Rdxs [Pseudomonas aeruginosa PAO1]	61.111	54	21	0	1	162	1	54	8.73e-20	76.6	Q9HTK8	Q9HTK8.1
rutB_1	sp|B7UNZ4.1|	RecName: Full=Ureidoacrylate amidohydrolase RutB [Escherichia coli O127:H6 str. E2348/69]	33	200	114	3	1	555	13	207	1.13e-22	94.4	B7UNZ4	B7UNZ4.1
rutB_1~~~rutB_2	sp|P96654.1|	RecName: Full=Uncharacterized isochorismatase family protein YddQ [Bacillus subtilis subsp. subtilis str. 168]	35.227	176	109	4	208	726	2	175	3.46e-26	103	P96654	P96654.1
rutC_1	sp|O30825.1|	RecName: Full=RutC family protein HD_0322 [[Haemophilus] ducreyi 35000HP]	39.623	106	63	1	31	348	10	114	1.2099999999999999e-24	93.2	O30825	O30825.1
rutC_2	sp|P71394.1|	RecName: Full=RutC family protein HI_1627 [Haemophilus influenzae Rd KW20]	43.478	115	62	2	1	339	1	114	5.5e-22	86.7	P71394	P71394.1
rutC_3	sp|Q8U308.1|	RecName: Full=2-iminobutanoate/2-iminopropanoate deaminase; AltName: Full=Enamine/imine deaminase [Pyrococcus furiosus DSM 3638]	32.71	107	71	1	76	396	18	123	8.46e-11	58.9	Q8U308	Q8U308.1
rutD_1	sp|Q8PDW8.1|	RecName: Full=Cis-3-alkyl-4-alkyloxetan-2-one decarboxylase [Xanthomonas campestris pv. campestris str. ATCC 33913]	37.097	124	66	4	160	507	19	138	5.85e-14	74.7	Q8PDW8	Q8PDW8.1
rutD_2	sp|P26495.1|	RecName: Full=Poly(3-hydroxyalkanoate) depolymerase; Short=PHA depolymerase; AltName: Full=ORF2; AltName: Full=PHB depolymerase [Ectopseudomonas oleovorans]	30.263	228	149	7	127	807	30	248	1.39e-12	70.1	P26495	P26495.1
rutR_1	sp|P0ACU2.1|	RecName: Full=HTH-type transcriptional regulator RutR; AltName: Full=Rut operon repressor [Escherichia coli K-12]	39.378	193	117	0	22	600	19	211	1.17e-41	142	P0ACU2	P0ACU2.1
rutR_2	sp|P0ACU2.1|	RecName: Full=HTH-type transcriptional regulator RutR; AltName: Full=Rut operon repressor [Escherichia coli K-12]	43.284	201	112	1	49	651	13	211	1.23e-53	174	P0ACU2	P0ACU2.1
rutR_3	sp|Q8X4Z7.1|	RecName: Full=HTH-type transcriptional regulator RutR; AltName: Full=Rut operon repressor [Escherichia coli O157:H7]	35.714	196	124	1	25	606	14	209	5.9e-35	125	Q8X4Z7	Q8X4Z7.1
ruvA	sp|C3JYS8.1|	RecName: Full=Holliday junction branch migration complex subunit RuvA [Pseudomonas [fluorescens] SBW25]	98.522	203	3	0	1	609	1	203	3.63e-145	405	C3JYS8	C3JYS8.1
ruvB_1	sp|P06710.1|	RecName: Full=DNA polymerase III subunit tau; AltName: Full=DNA polymerase III subunit gamma [Escherichia coli K-12]	60.686	379	145	2	1	1125	1	379	3.2599999999999994e-157	471	P06710	P06710.1
ruvB_2	sp|C3JYS7.1|	RecName: Full=Holliday junction branch migration complex subunit RuvB [Pseudomonas [fluorescens] SBW25]	98.864	352	4	0	1	1056	1	352	0	659	C3JYS7	C3JYS7.1
ruvC	sp|C3JYS9.1|	RecName: Full=Crossover junction endodeoxyribonuclease RuvC; AltName: Full=Holliday junction nuclease RuvC; AltName: Full=Holliday junction resolvase RuvC [Pseudomonas [fluorescens] SBW25]	98.851	174	2	0	1	522	1	174	3.07e-123	347	C3JYS9	C3JYS9.1
sadH	sp|P9WGP8.1|	RecName: Full=Putative oxidoreductase SadH [Mycobacterium tuberculosis CDC1551]	45.23	283	143	3	1	843	1	273	3.9899999999999994e-67	213	P9WGP8	P9WGP8.1
sad_1	sp|P76149.2|	RecName: Full=Succinate semialdehyde dehydrogenase [NAD(P)+] Sad; Short=SSADH; Short=SSDH [Escherichia coli K-12]	64.924	459	161	0	10	1386	3	461	0	576	P76149	P76149.2
sasA_1	sp|Q8X524.1|	RecName: Full=Sensor protein QseC [Escherichia coli O157:H7]	34.118	340	197	8	316	1287	113	441	2.2700000000000002e-26	114	Q8X524	Q8X524.1
sasA_10	sp|P15939.1|	RecName: Full=Nodulation protein V [Bradyrhizobium diazoefficiens USDA 110]	31.373	153	103	2	1345	1800	736	887	2.21e-14	80.5	P15939	P15939.1
sasA_11	sp|Q02482.2|	RecName: Full=Putative sensor protein Sfri_3689; Flags: Precursor [Shewanella frigidimarina NCIMB 400]	30.97	268	178	1	574	1377	393	653	1.0599999999999998e-31	131	Q02482	Q02482.2
sasA_12	sp|P35164.1|	RecName: Full=Sensor histidine kinase ResE [Bacillus subtilis subsp. subtilis str. 168]	33.772	228	146	2	781	1452	362	588	2.81e-28	121	P35164	P35164.1
sasA_13	sp|Q9I0I2.1|	RecName: Full=Sensor protein kinase CarS; Flags: Precursor [Pseudomonas aeruginosa PAO1]	65.604	439	151	0	1	1317	1	439	4.6599999999999994e-161	464	Q9I0I2	Q9I0I2.1
sasA_15	sp|Q9HZ47.1|	RecName: Full=Sensor histidine kinase GtrS; AltName: Full=Glucose transport sensor [Pseudomonas aeruginosa PAO1]	39.062	256	145	6	535	1296	221	467	1.4399999999999998e-37	145	Q9HZ47	Q9HZ47.1
sasA_16	sp|P18392.2|	RecName: Full=Sensor protein RstB [Escherichia coli K-12]	38.514	296	175	3	403	1290	134	422	3.1599999999999994e-55	192	P18392	P18392.2
sasA_17	sp|Q9HWR3.1|	RecName: Full=Bacteriophytochrome; AltName: Full=Phytochrome-like protein [Pseudomonas aeruginosa PAO1]	32.87	216	137	6	487	1125	505	715	3.42e-26	114	Q9HWR3	Q9HWR3.1
sasA_1~~~sasA_3	sp|P23545.1|	RecName: Full=Alkaline phosphatase synthesis sensor protein PhoR [Bacillus subtilis subsp. subtilis str. 168]	33.937	221	142	2	724	1377	352	571	2.2300000000000002e-29	124	P23545	P23545.1
sasA_2	sp|A0Q7V6.1|	RecName: Full=Probable sensor histidine kinase BfpK [Francisella tularensis subsp. novicida U112]	32.184	261	169	3	547	1326	80	333	1.3899999999999998e-32	129	A0Q7V6	A0Q7V6.1
sasA_20	sp|Q9HZ47.1|	RecName: Full=Sensor histidine kinase GtrS; AltName: Full=Glucose transport sensor [Pseudomonas aeruginosa PAO1]	36.614	254	157	1	268	1029	220	469	1.91e-45	164	Q9HZ47	Q9HZ47.1
sasA_21	sp|P77485.1|	RecName: Full=Sensor histidine kinase CusS [Escherichia coli K-12]	46.125	271	145	1	550	1359	209	479	3.26e-69	231	P77485	P77485.1
sasA_22	sp|P18392.2|	RecName: Full=Sensor protein RstB [Escherichia coli K-12]	37.282	287	169	5	748	1608	153	428	1.8299999999999998e-47	174	P18392	P18392.2
sasA_3	sp|A0A0H3GPN8.1|	RecName: Full=Sensor histidine kinase CpxA [Klebsiella pneumoniae subsp. pneumoniae HS11286]	32.463	268	168	6	523	1305	184	445	6.47e-21	98.2	A0A0H3GPN8	A0A0H3GPN8.1
sasA_4	sp|Q9HZ47.1|	RecName: Full=Sensor histidine kinase GtrS; AltName: Full=Glucose transport sensor [Pseudomonas aeruginosa PAO1]	73.942	449	114	1	112	1458	24	469	0	583	Q9HZ47	Q9HZ47.1
sasA_5	sp|Q9HV31.1|	RecName: Full=Sensor protein kinase PmrB [Pseudomonas aeruginosa PAO1]	36.667	210	102	11	622	1197	236	432	1.65e-17	87.8	Q9HV31	Q9HV31.1
sasA_6	sp|P18392.2|	RecName: Full=Sensor protein RstB [Escherichia coli K-12]	31.765	255	139	5	571	1287	188	423	7.16e-24	106	P18392	P18392.2
sasA_7	sp|Q9HWA7.1|	RecName: Full=Two-component sensor PprA [Pseudomonas aeruginosa PAO1]	43.484	821	421	9	328	2730	121	918	1.51e-172	528	Q9HWA7	Q9HWA7.1
sasA_8	sp|P16497.2|	RecName: Full=Sporulation kinase A; AltName: Full=Stage II sporulation protein F; AltName: Full=Stage II sporulation protein J [Bacillus subtilis subsp. subtilis str. 168]	32.143	252	156	8	2179	2925	366	605	1.0800000000000001e-27	123	P16497	P16497.2
sasA_9	sp|O31661.1|	RecName: Full=Sporulation kinase E; AltName: Full=Sensor histidine kinase E [Bacillus subtilis subsp. subtilis str. 168]	35.802	243	145	5	1015	1734	493	727	8.3e-38	152	O31661	O31661.1
sbcB	sp|P04995.2|	RecName: Full=Exodeoxyribonuclease I; Short=ExoI; Short=Exonuclease I; AltName: Full=DNA deoxyribophosphodiesterase; Short=dRPase [Escherichia coli K-12]	50.691	434	207	6	4	1293	9	439	2.92e-138	409	P04995	P04995.2
sbcD	sp|O68033.1|	RecName: Full=Nuclease SbcCD subunit D [Rhodobacter capsulatus SB 1003]	38.942	416	219	11	1	1197	1	398	1.91e-69	228	O68033	O68033.1
sbnD	sp|P55705.1|	RecName: Full=Uncharacterized MFS-type transporter y4xM [Sinorhizobium fredii NGR234]	33.728	338	216	4	28	1023	17	352	1.05e-31	127	P55705	P55705.1
sbp_1	sp|Q9I3L9.1|	RecName: Full=Thiosulfate-binding protein; Flags: Precursor [Pseudomonas aeruginosa PAO1]	85.948	306	42	1	79	996	26	330	0	544	Q9I3L9	Q9I3L9.1
sbp_2	sp|P0AG78.1|	RecName: Full=Sulfate-binding protein; AltName: Full=Sulfate starvation-induced protein 2; Short=SSI2; Flags: Precursor [Escherichia coli K-12]	66.452	310	100	4	70	996	20	326	8.19e-142	407	P0AG78	P0AG78.1
scaC	sp|Q9WXX8.1|	RecName: Full=Probable metal transport system ATP-binding protein TM_0124 [Thermotoga maritima MSB8]	31.364	220	137	5	1	648	3	212	2.33e-31	117	Q9WXX8	Q9WXX8.1
scmP	sp|P58156.1|	RecName: Full=Thermostable carboxypeptidase 2 [Saccharolobus solfataricus P2]	41.582	392	204	9	103	1272	5	373	4.789999999999999e-87	274	P58156	P58156.1
scoA	sp|P42315.1|	RecName: Full=Probable succinyl-CoA:3-ketoacid coenzyme A transferase subunit A; AltName: Full=Succinyl-CoA:3-oxoacid CoA-transferase; Short=OXCT A [Bacillus subtilis subsp. subtilis str. 168]	65.789	228	77	1	16	696	3	230	1.3999999999999998e-101	297	P42315	P42315.1
scoB	sp|B0RVK3.1|	RecName: Full=Succinyl-CoA:3-ketoacid coenzyme A transferase subunit B; AltName: Full=OXCT B; AltName: Full=Succinyl-CoA:3-oxoacid CoA-transferase [Xanthomonas campestris pv. campestris str. B100]	62.201	209	79	0	1	627	1	209	2.8199999999999997e-96	282	B0RVK3	B0RVK3.1
scpA	sp|Q87BI4.1|	RecName: Full=Segregation and condensation protein A [Xylella fastidiosa Temecula1]	61.39	259	99	1	40	813	20	278	6.63e-103	305	Q87BI4	Q87BI4.1
scpB_2	sp|P52045.1|	RecName: Full=Methylmalonyl-CoA decarboxylase; Short=MMCD; AltName: Full=Transcarboxylase [Escherichia coli K-12]	38.911	257	152	2	13	780	9	261	1.35e-51	172	P52045	P52045.1
scpB_2~~~scpB_1	sp|Q83CP9.1|	RecName: Full=Segregation and condensation protein B homolog [Coxiella burnetii RSA 493]	62.5	136	51	0	130	537	41	176	7.679999999999999e-57	186	Q83CP9	Q83CP9.1
sctC_1	sp|P35672.3|	RecName: Full=SPI-1 type 3 secretion system secretin; Short=T3SS-1 secretin; AltName: Full=Protein InvG; Flags: Precursor [Salmonella enterica subsp. enterica serovar Typhimurium str. LT2]	39.374	447	229	5	85	1299	29	475	3.76e-95	301	P35672	P35672.3
sctC_2	sp|D0ZWR9.1|	RecName: Full=SPI-2 type 3 secretion system secretin; Short=T3SS-2 secretin; AltName: Full=Outer membrane protein SpiA; AltName: Full=Type III secretion system outer membrane protein SpiA; Flags: Precursor [Salmonella enterica subsp. enterica serovar Typhimurium str. 14028S]	42.424	462	262	4	112	1494	29	487	3.81e-104	323	D0ZWR9	D0ZWR9.1
sctC_3	sp|P55712.1|	RecName: Full=Nodulation protein NolW [Sinorhizobium fredii NGR234]	32.804	189	116	3	10	546	17	204	6.9499999999999995e-28	107	P55712	P55712.1
sctC_4	sp|P55702.1|	RecName: Full=Uncharacterized protein y4xJ [Sinorhizobium fredii NGR234]	40.943	403	232	5	67	1263	7	407	9.09e-76	245	P55702	P55702.1
sctC_5	sp|Q01723.2|	RecName: Full=Type 3 secretion system secretin; Short=T3SS secretin; AltName: Full=Hypersensitivity response secretion protein HrpH; Flags: Precursor [Pseudomonas syringae pv. syringae]	46.029	680	346	10	127	2115	21	696	0	568	Q01723	Q01723.2
sdaA_1	sp|O86564.1|	RecName: Full=L-serine dehydratase; Short=SDH; AltName: Full=L-serine deaminase; Short=L-SD [Streptomyces coelicolor A3(2)]	60	460	177	3	1	1374	1	455	2.74e-156	453	O86564	O86564.1
sdaA_2	sp|O86564.1|	RecName: Full=L-serine dehydratase; Short=SDH; AltName: Full=L-serine deaminase; Short=L-SD [Streptomyces coelicolor A3(2)]	60	460	177	3	1	1374	1	455	1.5199999999999997e-176	505	O86564	O86564.1
sdaB	sp|O86564.1|	RecName: Full=L-serine dehydratase; Short=SDH; AltName: Full=L-serine deaminase; Short=L-SD [Streptomyces coelicolor A3(2)]	67.174	460	144	3	1	1374	1	455	0	623	O86564	O86564.1
sdaC_1	sp|P0AAD6.1|	RecName: Full=Serine transporter SdaC; AltName: Full=H(+)/L-serine symporter; AltName: Full=L-serine transport system [Escherichia coli K-12]	71.154	416	107	3	58	1278	16	427	0	520	P0AAD6	P0AAD6.1
sdaC_2	sp|P0AAD6.1|	RecName: Full=Serine transporter SdaC; AltName: Full=H(+)/L-serine symporter; AltName: Full=L-serine transport system [Escherichia coli K-12]	66.667	414	130	3	58	1275	16	429	0	524	P0AAD6	P0AAD6.1
sdhA	sp|P0AC41.1|	RecName: Full=Succinate dehydrogenase flavoprotein subunit [Escherichia coli K-12]	70.197	557	163	3	103	1770	34	588	0	745	P0AC41	P0AC41.1
sdhB	sp|Q8ZQU2.2|	RecName: Full=Succinate dehydrogenase iron-sulfur subunit [Salmonella enterica subsp. enterica serovar Typhimurium str. LT2]	69.957	233	67	3	4	693	3	235	7.109999999999999e-121	346	Q8ZQU2	Q8ZQU2.2
sdhC	sp|P69054.1|	RecName: Full=Succinate dehydrogenase cytochrome b556 subunit; Short=Cytochrome b-556 [Escherichia coli K-12]	51.402	107	51	1	1	318	5	111	8.78e-30	107	P69054	P69054.1
sdhD	sp|P51057.2|	RecName: Full=Succinate dehydrogenase hydrophobic membrane anchor subunit [Coxiella burnetii RSA 493]	37.931	116	65	1	13	360	4	112	3.0099999999999997e-25	95.1	P51057	P51057.2
sdhE	sp|Q88MZ4.1|	RecName: Full=FAD assembly factor SdhE [Pseudomonas putida KT2440]	85.714	84	12	0	1	252	1	84	2.1199999999999998e-48	150	Q88MZ4	Q88MZ4.1
sdhL	sp|P44774.1|	RecName: Full=Shikimate dehydrogenase-like protein HI_0607; Short=SDH-L [Haemophilus influenzae Rd KW20]	54.887	266	120	0	16	813	3	268	1.89e-80	246	P44774	P44774.1
sdiA	sp|Q51786.1|	RecName: Full=Transcriptional activator protein PhzR [Pseudomonas fluorescens]	58.454	207	85	1	97	714	38	244	1.6e-84	254	Q51786	Q51786.1
secA	sp|Q4K7C1.1|	RecName: Full=Protein translocase subunit SecA [Pseudomonas protegens Pf-5]	93.866	913	54	1	1	2733	1	913	0	1744	Q4K7C1	Q4K7C1.1
secB	sp|C3K7C1.1|	RecName: Full=Protein-export protein SecB [Pseudomonas [fluorescens] SBW25]	98.742	159	2	0	1	477	1	159	2e-114	323	C3K7C1	C3K7C1.1
secD	sp|Q9HXI1.1|	RecName: Full=Protein translocase subunit SecD [Pseudomonas aeruginosa PAO1]	81.862	623	110	2	1	1869	1	620	0	981	Q9HXI1	Q9HXI1.1
secE	sp|Q9HWC3.1|	RecName: Full=Protein translocase subunit SecE [Pseudomonas aeruginosa PAO1]	72.826	92	25	0	1	276	1	92	4.65e-28	102	Q9HWC3	Q9HWC3.1
secF	sp|Q9HXI2.1|	RecName: Full=Protein translocase subunit SecF [Pseudomonas aeruginosa PAO1]	74.086	301	77	1	10	912	7	306	3.8199999999999995e-158	446	Q9HXI2	Q9HXI2.1
secY	sp|Q9HWF5.1|	RecName: Full=Protein translocase subunit SecY [Pseudomonas aeruginosa PAO1]	94.118	442	26	0	1	1326	1	442	0	806	Q9HWF5	Q9HWF5.1
selD	sp|Q889F7.1|	RecName: Full=Selenide, water dikinase; AltName: Full=Selenium donor protein; AltName: Full=Selenophosphate synthase [Pseudomonas syringae pv. tomato str. DC3000]	84.884	344	52	0	1	1032	1	344	0	610	Q889F7	Q889F7.1
selO	sp|C3KBV5.1|	RecName: Full=Protein nucleotidyltransferase YdiU; AltName: Full=Protein adenylyltransferase YdiU; AltName: Full=Protein uridylyltransferase YdiU [Pseudomonas [fluorescens] SBW25]	95.483	487	22	0	1	1461	1	487	0	901	C3KBV5	C3KBV5.1
selU	sp|Q4KEE7.1|	RecName: Full=tRNA 2-selenouridine synthase [Pseudomonas protegens Pf-5]	80.548	365	70	1	1	1095	1	364	0	611	Q4KEE7	Q4KEE7.1
serA	sp|P0A9T0.2|	RecName: Full=D-3-phosphoglycerate dehydrogenase; Short=PGDH; AltName: Full=2-oxoglutarate reductase [Escherichia coli K-12]	64.32	412	142	3	1	1227	1	410	0	526	P0A9T0	P0A9T0.2
serB2	sp|O53289.1|	RecName: Full=Phosphoserine phosphatase SerB2; Short=PSP; Short=PSPase; AltName: Full=O-phosphoserine phosphohydrolase; AltName: Full=Protein-serine/threonine phosphatase [Mycobacterium tuberculosis H37Rv]	40.47	383	209	5	13	1152	7	373	1.62e-77	248	O53289	O53289.1
serC	sp|C3K6J5.1|	RecName: Full=Phosphoserine aminotransferase; AltName: Full=Phosphohydroxythreonine aminotransferase; Short=PSAT [Pseudomonas [fluorescens] SBW25]	97.784	361	8	0	1	1083	1	361	0	730	C3K6J5	C3K6J5.1
serS	sp|C3JY54.1|	RecName: Full=Serine--tRNA ligase; AltName: Full=Seryl-tRNA synthetase; Short=SerRS; AltName: Full=Seryl-tRNA(Ser/Sec) synthetase [Pseudomonas [fluorescens] SBW25]	98.353	425	7	0	1	1275	1	425	0	862	C3JY54	C3JY54.1
sfnC_1	sp|B2CML6.2|	RecName: Full=Dibenzothiophene monooxygenase; Short=DBT monooxygenase; Short=DBT-MO [Mycolicibacterium goodii]	30.224	268	163	8	451	1203	149	409	5.48e-8	58.2	B2CML6	B2CML6.2
sfnC_3	sp|A0A0C6DRW4.1|	RecName: Full=Dibenzothiophene monooxygenase; Short=DBT monooxygenase; Short=DBT-MO [Rhodococcus erythropolis]	33.858	381	224	8	127	1203	37	411	1.0899999999999998e-42	157	A0A0C6DRW4	A0A0C6DRW4.1
sfnC_4	sp|Q845S8.1|	RecName: Full=Probable FMNH2-dependent monooxygenase SfnC [Pseudomonas putida]	77.806	392	86	1	13	1185	4	395	0	585	Q845S8	Q845S8.1
sfnF	sp|Q3K9A2.1|	RecName: Full=NADH-dependent FMN reductase SfnF; AltName: Full=NADH-flavin reductase [Pseudomonas fluorescens Pf0-1]	85.561	187	27	0	1	561	1	187	6.429999999999999e-101	291	Q3K9A2	Q3K9A2.1
sfnG	sp|Q3KC85.1|	RecName: Full=FMNH(2)-dependent dimethylsulfone monooxygenase [Pseudomonas fluorescens Pf0-1]	92.113	355	28	0	1	1065	1	355	0	678	Q3KC85	Q3KC85.1
sfnR_1	sp|Q3K999.1|	RecName: Full=Sigma54-dependent transcriptional regulator SfnR [Pseudomonas fluorescens Pf0-1]	91.193	352	31	0	46	1101	16	367	0	655	Q3K999	Q3K999.1
sfnR_2	sp|Q845S7.1|	RecName: Full=Sigma54-dependent transcriptional activator SfnR [Pseudomonas putida]	52.091	263	123	3	28	810	3	264	2.39e-72	230	Q845S7	Q845S7.1
sfsA	sp|C3K238.1|	RecName: Full=Sugar fermentation stimulation protein homolog [Pseudomonas [fluorescens] SBW25]	93.617	235	15	0	1	705	1	235	1.3599999999999998e-157	439	C3K238	C3K238.1
sgrR	sp|Q8YC41.1|	RecName: Full=Putative binding protein BMEII0691; Flags: Precursor [Brucella melitensis bv. 1 str. 16M]	41.696	578	325	4	64	1764	34	610	5.3e-155	462	Q8YC41	Q8YC41.1
shlA	sp|P15320.1|	RecName: Full=Hemolysin; Flags: Precursor [Serratia marcescens]	35.549	1595	901	38	154	4779	50	1570	0	647	P15320	P15320.1
shlB_1	sp|E0SDG9.1|	RecName: Full=Outer membrane transporter CdiB; Flags: Precursor [Dickeya dadantii 3937]	32.669	502	321	5	1	1503	1	486	3.98e-84	275	E0SDG9	E0SDG9.1
shlB_2	sp|Q0T962.1|	RecName: Full=Outer membrane transporter CdiB [Escherichia coli 536]	33.071	508	321	7	199	1710	92	584	1.64e-81	270	Q0T962	Q0T962.1
shlB_3	sp|Q0T962.1|	RecName: Full=Outer membrane transporter CdiB [Escherichia coli 536]	33.874	493	313	4	226	1698	103	584	3.99e-86	281	Q0T962	Q0T962.1
sigE	sp|H8F0N6.1|	RecName: Full=ECF RNA polymerase sigma factor SigE; Short=ECF sigma factor SigE; AltName: Full=Alternative RNA polymerase sigma factor SigE; AltName: Full=RNA polymerase sigma-E factor; Short=Sigma-E factor [Mycobacterium tuberculosis str. Erdman = ATCC 35801]	31.818	132	86	2	1	396	102	229	5.62e-9	56.2	H8F0N6	H8F0N6.1
sigK_1	sp|A1TEV0.1|	RecName: Full=ECF RNA polymerase sigma factor SigK; Short=ECF sigma factor SigK; AltName: Full=Alternative RNA polymerase sigma factor SigK; AltName: Full=RNA polymerase sigma-K factor; Short=Sigma-K factor [Mycolicibacterium vanbaalenii PYR-1]	32.386	176	113	2	103	618	20	193	1.4600000000000002e-26	103	A1TEV0	A1TEV0.1
sigW_2	sp|Q06198.1|	RecName: Full=RNA polymerase sigma-H factor; AltName: Full=Sigma-30 [Pseudomonas aeruginosa PAO1]	31.288	163	102	3	19	480	7	168	1.68e-15	74.3	Q06198	Q06198.1
sir2_2	sp|Q88BY5.1|	RecName: Full=NAD-dependent protein deacylase; AltName: Full=Regulatory protein SIR2 homolog [Pseudomonas putida KT2440]	66.116	242	82	0	1	726	1	242	5.43e-116	336	Q88BY5	Q88BY5.1
sir2~~~sir2_1	sp|Q88BY5.1|	RecName: Full=NAD-dependent protein deacylase; AltName: Full=Regulatory protein SIR2 homolog [Pseudomonas putida KT2440]	67.094	234	77	0	1	702	1	234	2.1e-114	332	Q88BY5	Q88BY5.1
sixA	sp|P44164.1|	RecName: Full=Phosphohistidine phosphatase SixA homolog [Haemophilus influenzae Rd KW20]	35.135	148	80	7	1	402	1	146	8.41e-15	70.5	P44164	P44164.1
slt	sp|P0AGC3.1|	RecName: Full=Soluble lytic murein transglycosylase; AltName: Full=Exomuramidase; AltName: Full=Peptidoglycan lytic exotransglycosylase; AltName: Full=Slt70; Flags: Precursor [Escherichia coli K-12]	32.148	647	416	12	10	1914	10	645	1.2e-85	284	P0AGC3	P0AGC3.1
slyA_1	sp|Q492T9.1|	RecName: Full=Transcriptional regulator SlyA [Candidatus Blochmanniella pennsylvanica str. BPEN]	40.678	118	70	0	25	378	5	122	2.59e-28	104	Q492T9	Q492T9.1
slyA_2	sp|O07458.1|	RecName: Full=Transcriptional activatory protein BadR; AltName: Full=Benzoate anaerobic degradation regulator [Rhodopseudomonas palustris CGA009]	33.333	135	74	5	46	426	34	160	2.17e-8	53.9	O07458	O07458.1
slyD	sp|P44830.1|	RecName: Full=FKBP-type peptidyl-prolyl cis-trans isomerase SlyD; Short=PPIase; AltName: Full=Metallochaperone SlyD [Haemophilus influenzae Rd KW20]	49.306	144	72	1	1	432	1	143	1.6499999999999999e-41	140	P44830	P44830.1
slyX	sp|C3JYT7.1|	RecName: Full=Protein SlyX homolog [Pseudomonas [fluorescens] SBW25]	91.176	68	6	0	1	204	1	68	1.97e-39	127	C3JYT7	C3JYT7.1
smc_1	sp|Q5H054.2|	RecName: Full=Chromosome partition protein Smc [Xanthomonas oryzae pv. oryzae KACC 10331]	43.103	638	360	2	1540	3444	515	1152	9.23e-125	415	Q5H054	Q5H054.2
smf1_1~~~smf1_2	sp|P11312.2|	RecName: Full=F17 fimbrial protein; AltName: Full=F17 fimbrial adhesive antigen; AltName: Full=F17 pilin; Flags: Precursor [Escherichia coli]	39.634	164	88	4	70	546	23	180	1.6e-22	92	P11312	P11312.2
smf1_2	sp|P11312.2|	RecName: Full=F17 fimbrial protein; AltName: Full=F17 fimbrial adhesive antigen; AltName: Full=F17 pilin; Flags: Precursor [Escherichia coli]	33.813	139	81	5	160	555	45	179	4.4e-9	56.6	P11312	P11312.2
smfA	sp|P53521.1|	RecName: Full=Putative minor fimbrial subunit PmfF; Flags: Precursor [Proteus mirabilis HI4320]	32.237	152	99	2	97	543	31	181	3.11e-12	65.1	P53521	P53521.1
smpB	sp|C3K282.1|	RecName: Full=SsrA-binding protein; AltName: Full=Small protein B [Pseudomonas [fluorescens] SBW25]	99.375	160	1	0	1	480	1	160	8.929999999999999e-116	327	C3K282	C3K282.1
smrA	sp|Q87MM7.1|	RecName: Full=Ribosome rescue factor SmrB [Vibrio parahaemolyticus RIMD 2210633]	31.792	173	108	3	7	525	9	171	7.19e-19	82.4	Q87MM7	Q87MM7.1
smtB_1	sp|A9WGE3.1|	RecName: Full=Succinyl-CoA--D-citramalate CoA-transferase [Chloroflexus aurantiacus J-10-fl]	49.242	396	196	4	10	1188	9	402	6.56e-140	407	A9WGE3	A9WGE3.1
smtB_2	sp|A9WGE3.1|	RecName: Full=Succinyl-CoA--D-citramalate CoA-transferase [Chloroflexus aurantiacus J-10-fl]	51.979	379	180	2	16	1149	8	385	1.6999999999999997e-143	416	A9WGE3	A9WGE3.1
smtB_3	sp|O09174.4|	RecName: Full=Alpha-methylacyl-CoA racemase; AltName: Full=2-methylacyl-CoA racemase [Mus musculus]	37.376	404	203	10	13	1176	3	372	4.07e-71	231	O09174	O09174.4
sodB_1	sp|P09223.3|	RecName: Full=Superoxide dismutase [Fe] [Pseudomonas putida]	96.465	198	7	0	1	594	1	198	1.6e-142	397	P09223	P09223.3
sodB_2	sp|P77929.1|	RecName: Full=Superoxide dismutase [Mn] [Pseudomonas putida]	82.178	202	36	0	1	606	1	202	1.7600000000000003e-123	350	P77929	P77929.1
sohB	sp|P0AG14.1|	RecName: Full=Probable protease SohB [Escherichia coli K-12]	52.326	344	153	2	1	1002	1	343	9.189999999999999e-108	321	P0AG14	P0AG14.1
soj_1	sp|P0A149.1|	RecName: Full=Uncharacterized protein PP_0002 [Pseudomonas putida KT2440]	34.1	261	156	3	4	768	3	253	1.64e-39	140	P0A149	P0A149.1
soj_2	sp|P37522.1|	RecName: Full=Sporulation initiation inhibitor protein Soj; AltName: Full=Suppressor of spo0J [Bacillus subtilis subsp. subtilis str. 168]	31.076	251	155	6	13	747	7	245	2.43e-32	122	P37522	P37522.1
soj_3	sp|P07673.1|	RecName: Full=Protein IncC [Escherichia coli]	33.955	268	148	7	7	762	106	360	5.2399999999999995e-30	118	P07673	P07673.1
sotB_1	sp|P96675.1|	RecName: Full=Uncharacterized MFS-type transporter YdeR [Bacillus subtilis subsp. subtilis str. 168]	47.606	376	193	2	1	1116	18	393	3.82e-67	220	P96675	P96675.1
sotB_2	sp|P96675.1|	RecName: Full=Uncharacterized MFS-type transporter YdeR [Bacillus subtilis subsp. subtilis str. 168]	37.27	381	230	4	22	1146	12	389	2.54e-46	166	P96675	P96675.1
sotB_3	sp|A6UZY0.1|	RecName: Full=Probable sugar efflux transporter [Pseudomonas paraeruginosa PA7]	66.295	359	121	0	1	1077	1	359	7.97e-138	402	A6UZY0	A6UZY0.1
sotB_4	sp|P39398.2|	RecName: Full=Probable L-galactonate transporter; AltName: Full=Galactonate:H(+) symporter [Escherichia coli K-12]	33.333	180	118	2	79	618	57	234	1.33e-17	88.2	P39398	P39398.2
soxA_1	sp|Q50LF0.1|	RecName: Full=Sarcosine oxidase subunit alpha; Short=Sarcosine oxidase subunit A; AltName: Full=Sarcosine oxidase (5,10-methylenetetrahydrofolate-forming) subunit alpha; AltName: Full=Tetrameric sarcosine oxidase subunit alpha; Short=TSOX subunit alpha [Corynebacterium sp. U-96]	44.325	1022	493	19	1	3012	1	964	0	737	Q50LF0	Q50LF0.1
soxA_2	sp|P23342.1|	RecName: Full=Monomeric sarcosine oxidase; Short=MSOX [Bacillus sp. NS-129]	35.04	371	229	6	10	1116	5	365	2.11e-61	205	P23342	P23342.1
soxB	sp|Q52671.2|	RecName: Full=Sarcosine oxidase subunit beta; Short=Sarcosine oxidase subunit B; AltName: Full=Sarcosine oxidase (5,10-methylenetetrahydrofolate-forming) subunit beta; AltName: Full=Tetrameric sarcosine oxidase subunit beta; Short=TSOX subunit beta [Rhodobacter capsulatus SB 1003]	58.894	416	169	2	1	1248	1	414	2.2099999999999996e-176	501	Q52671	Q52671.2
soxC_1	sp|A0A0C6DRW4.1|	RecName: Full=Dibenzothiophene monooxygenase; Short=DBT monooxygenase; Short=DBT-MO [Rhodococcus erythropolis]	32.039	412	257	7	1	1176	3	411	9.41e-48	171	A0A0C6DRW4	A0A0C6DRW4.1
soxC_2	sp|A0A0C6DRW4.1|	RecName: Full=Dibenzothiophene monooxygenase; Short=DBT monooxygenase; Short=DBT-MO [Rhodococcus erythropolis]	32.514	366	230	6	172	1221	47	411	3.9399999999999996e-45	164	A0A0C6DRW4	A0A0C6DRW4.1
soxC_3	sp|B2CML6.2|	RecName: Full=Dibenzothiophene monooxygenase; Short=DBT monooxygenase; Short=DBT-MO [Mycolicibacterium goodii]	34.174	357	219	6	151	1173	53	409	4.63e-50	177	B2CML6	B2CML6.2
soxD	sp|Q50LF1.1|	RecName: Full=Sarcosine oxidase subunit delta; Short=Sarcosine oxidase subunit D; AltName: Full=Sarcosine oxidase (5,10-methylenetetrahydrofolate-forming) subunit delta; AltName: Full=Tetrameric sarcosine oxidase subunit delta; Short=TSOX subunit delta [Corynebacterium sp. U-96]	46	100	52	2	1	297	1	99	7.599999999999999e-30	105	Q50LF1	Q50LF1.1
soxG	sp|Q46338.1|	RecName: Full=Sarcosine oxidase subunit gamma; Short=Sarcosine oxidase subunit G; AltName: Full=Sarcosine oxidase (5,10-methylenetetrahydrofolate-forming) subunit gamma; AltName: Full=Tetrameric sarcosine oxidase subunit gamma; Short=TSOX subunit gamma [Corynebacterium sp. P-1]	36.264	182	109	4	76	612	20	197	7.769999999999999e-23	94.4	Q46338	Q46338.1
soxR	sp|Q51506.1|	RecName: Full=Redox-sensitive transcriptional activator SoxR [Pseudomonas aeruginosa PAO1]	69.718	142	43	0	7	432	7	148	1.7099999999999998e-68	207	Q51506	Q51506.1
spaP	sp|P55720.1|	RecName: Full=Probable translocation protein y4yL [Sinorhizobium fredii NGR234]	52.315	216	103	0	1	648	1	216	1.2e-70	218	P55720	P55720.1
spaP_2~~~spaP_1	sp|P74890.1|	RecName: Full=Virulence protein YscR [Salmonella enterica subsp. enterica serovar Typhimurium str. LT2]	56.221	217	92	2	1	648	1	215	1.13e-79	240	P74890	P74890.1
spaQ	sp|P35535.1|	RecName: Full=Flagellar biosynthetic protein FliQ [Bacillus subtilis subsp. subtilis str. 168]	42	50	29	0	115	264	39	88	4.18e-6	44.3	P35535	P35535.1
spaR_1	sp|P55722.1|	RecName: Full=Probable translocation protein y4yN [Sinorhizobium fredii NGR234]	34.728	239	154	2	88	798	32	270	3.55e-29	114	P55722	P55722.1
spaR_2	sp|P69984.1|	RecName: Full=Yop proteins translocation protein T [Yersinia pestis]	31.98	197	127	2	112	693	41	233	1.09e-15	77.8	P69984	P69984.1
speA	sp|Q88QC7.1|	RecName: Full=Biosynthetic arginine decarboxylase; Short=ADC [Pseudomonas putida KT2440]	93.878	637	39	0	1	1911	1	637	0	1220	Q88QC7	Q88QC7.1
speE_2	sp|Q31QK9.1|	RecName: Full=Polyamine aminopropyltransferase; AltName: Full=Putrescine aminopropyltransferase; Short=PAPT; AltName: Full=Spermidine synthase; Short=SPDS; Short=SPDSY [Synechococcus elongatus PCC 7942 = FACHB-805]	37.778	90	50	2	259	510	98	187	1.8e-8	57.4	Q31QK9	Q31QK9.1
spo0F	sp|A0A0H2UQ68.1|	RecName: Full=Transcriptional regulatory protein WalR [Streptococcus pneumoniae TIGR4]	38.017	121	66	3	1	351	1	116	2.57e-17	77.4	A0A0H2UQ68	A0A0H2UQ68.1
spoT	sp|P0AG24.1|	RecName: Full=Bifunctional (p)ppGpp synthase/hydrolase SpoT; Includes: RecName: Full=GTP pyrophosphokinase; AltName: Full=(p)ppGpp synthase; AltName: Full=ATP:GTP 3'-pyrophosphotransferase; AltName: Full=Stringent response-like protein; AltName: Full=ppGpp synthase II; Includes: RecName: Full=Guanosine-3',5'-bis(diphosphate) 3'-pyrophosphohydrolase; AltName: Full=Penta-phosphate guanosine-3'-pyrophosphohydrolase; Short=(ppGpp)ase [Escherichia coli K-12]	53.857	700	318	3	10	2100	4	701	0	789	P0AG24	P0AG24.1
sppA	sp|P03711.1|	RecName: Full=Capsid assembly protease C; AltName: Full=Gene product C; Short=GPC; AltName: Full=Minor capsid protein C [Escherichia phage Lambda]	38.258	264	154	4	13	789	10	269	8.8e-45	160	P03711	P03711.1
sprT	sp|C3JY45.1|	RecName: Full=Protein SprT [Pseudomonas [fluorescens] SBW25]	95.732	164	7	0	1	492	1	164	1.93e-117	331	C3JY45	C3JY45.1
spuC	sp|Q9I6J2.1|	RecName: Full=Putrescine--pyruvate aminotransferase; Short=PATase; AltName: Full=Putrescine--pyruvate transaminase [Pseudomonas aeruginosa PAO1]	77.06	449	103	0	10	1356	6	454	0	749	Q9I6J2	Q9I6J2.1
spuD_1	sp|Q02UB7.1|	RecName: Full=Putrescine-binding periplasmic protein SpuD; Flags: Precursor [Pseudomonas aeruginosa UCBPP-PA14]	61.111	342	132	1	61	1086	26	366	6.19e-155	443	Q02UB7	Q02UB7.1
spuD_2	sp|Q02UB7.1|	RecName: Full=Putrescine-binding periplasmic protein SpuD; Flags: Precursor [Pseudomonas aeruginosa UCBPP-PA14]	73.099	342	91	1	85	1107	26	367	0	521	Q02UB7	Q02UB7.1
spuD_3	sp|Q02UB7.1|	RecName: Full=Putrescine-binding periplasmic protein SpuD; Flags: Precursor [Pseudomonas aeruginosa UCBPP-PA14]	58.217	359	145	2	16	1077	9	367	1.29e-154	442	Q02UB7	Q02UB7.1
spuE_1	sp|Q9I6J0.1|	RecName: Full=Spermidine-binding periplasmic protein SpuE; Flags: Precursor [Pseudomonas aeruginosa PAO1]	71.866	359	99	2	22	1092	7	365	0	525	Q9I6J0	Q9I6J0.1
spuE_2	sp|Q9I6J0.1|	RecName: Full=Spermidine-binding periplasmic protein SpuE; Flags: Precursor [Pseudomonas aeruginosa PAO1]	50.838	358	174	2	10	1080	7	363	7.119999999999999e-135	392	Q9I6J0	Q9I6J0.1
spuE_3	sp|Q9I6J0.1|	RecName: Full=Spermidine-binding periplasmic protein SpuE; Flags: Precursor [Pseudomonas aeruginosa PAO1]	66.568	338	113	0	73	1086	28	365	1.6299999999999998e-170	482	Q9I6J0	Q9I6J0.1
srlR	sp|P15082.1|	RecName: Full=Glucitol operon repressor [Escherichia coli K-12]	44.726	237	128	2	4	705	14	250	2.46e-54	178	P15082	P15082.1
srmB	sp|A0QT91.1|	RecName: Full=Lhr helicase/ probable uracil glycosylase; AltName: Full=DNA and RNA:DNA 3'-5' helicase Lhr; AltName: Full=Long helicase-related protein [Mycolicibacterium smegmatis MC2 155]	32.529	1451	821	34	40	4104	12	1400	0	598	A0QT91	A0QT91.1
srpA	sp|Q55025.2|	RecName: Full=Catalase-related peroxidase; AltName: Full=Protein SrpA; AltName: Full=Sulfur-regulated plasmid-encoded protein A; Flags: Precursor [Synechococcus elongatus PCC 7942 = FACHB-805]	37.282	287	173	2	139	984	35	319	7.47e-64	209	Q55025	Q55025.2
srpB	sp|Q55026.1|	RecName: Full=Protein SrpB [Synechococcus elongatus PCC 7942 = FACHB-805]	51	100	41	4	130	405	30	129	1.41e-19	84	Q55026	Q55026.1
ssaV	sp|P35654.2|	RecName: Full=Harpin secretion protein HrpI [Erwinia amylovora]	61.127	692	259	4	19	2064	8	699	0	775	P35654	P35654.2
ssaV_1	sp|B5FII7.1|	RecName: Full=Secretion system apparatus protein SsaV [Salmonella enterica subsp. enterica serovar Dublin str. CT_02021853]	51.744	688	301	8	16	2064	13	674	0	600	B5FII7	B5FII7.1
ssb	sp|Q889U1.1|	RecName: Full=Single-stranded DNA-binding protein; Short=SSB [Pseudomonas syringae pv. tomato str. DC3000]	99.074	108	1	0	1	324	1	108	2e-75	226	Q889U1	Q889U1.1
ssb_1	sp|Q889U1.1|	RecName: Full=Single-stranded DNA-binding protein; Short=SSB [Pseudomonas syringae pv. tomato str. DC3000]	93.913	115	7	0	1	345	1	115	2.79e-77	231	Q889U1	Q889U1.1
ssb_2	sp|Q847G1.1|	RecName: Full=Single-stranded DNA-binding protein; Short=SSB [Pseudomonas putida]	97.541	122	3	0	1	366	1	122	8.559999999999999e-84	246	Q847G1	Q847G1.1
ssb_3	sp|Q889U1.1|	RecName: Full=Single-stranded DNA-binding protein; Short=SSB [Pseudomonas syringae pv. tomato str. DC3000]	74.667	150	36	1	4	453	3	150	3.85e-76	228	Q889U1	Q889U1.1
sseB	sp|Q9I452.1|	RecName: Full=Probable 3-mercaptopyruvate sulfurtransferase; Short=MST; AltName: Full=Rhodanese-like protein [Pseudomonas aeruginosa PAO1]	68.662	284	89	0	1	852	1	284	2.12e-128	369	Q9I452	Q9I452.1
sspA	sp|P0ACA3.2|	RecName: Full=Stringent starvation protein A [Escherichia coli K-12]	58.5	200	80	2	19	615	11	208	4.01e-65	202	P0ACA3	P0ACA3.2
sspB	sp|P0AFZ3.1|	RecName: Full=Stringent starvation protein B; AltName: Full=Adapter protein SspB; AltName: Full=Specificity-enhancing factor SspB [Escherichia coli K-12]	50.476	105	52	0	1	315	6	110	6.7e-36	124	P0AFZ3	P0AFZ3.1
sstT	sp|Q4K9I6.2|	RecName: Full=Serine/threonine transporter SstT; AltName: Full=Na(+)/serine-threonine symporter [Pseudomonas protegens Pf-5]	91.429	385	33	0	58	1212	21	405	0	579	Q4K9I6	Q4K9I6.2
ssuA_1	sp|P75853.2|	RecName: Full=Putative aliphatic sulfonates-binding protein; Flags: Precursor [Escherichia coli K-12]	45.253	316	166	5	1	942	1	311	6.3500000000000004e-86	264	P75853	P75853.2
ssuA_2	sp|P40400.1|	RecName: Full=Putative aliphatic sulfonates-binding protein; Flags: Precursor [Bacillus subtilis subsp. subtilis str. 168]	31.064	235	158	3	229	921	84	318	7.010000000000001e-26	108	P40400	P40400.1
ssuA_3	sp|P75853.2|	RecName: Full=Putative aliphatic sulfonates-binding protein; Flags: Precursor [Escherichia coli K-12]	53.357	283	132	0	64	912	26	308	2.9599999999999997e-106	315	P75853	P75853.2
ssuA_4~~~ssuA_3	sp|P75853.2|	RecName: Full=Putative aliphatic sulfonates-binding protein; Flags: Precursor [Escherichia coli K-12]	40.196	306	175	7	34	942	11	311	1.2099999999999998e-57	191	P75853	P75853.2
ssuA_5	sp|P75853.2|	RecName: Full=Putative aliphatic sulfonates-binding protein; Flags: Precursor [Escherichia coli K-12]	34.875	281	174	4	94	918	29	306	8.11e-44	155	P75853	P75853.2
ssuB_1	sp|Q4K441.1|	RecName: Full=Aliphatic sulfonates import ATP-binding protein SsuB 2 [Pseudomonas protegens Pf-5]	91.386	267	23	0	1	801	1	267	3.22e-146	413	Q4K441	Q4K441.1
ssuB_3	sp|Q48IB9.1|	RecName: Full=Aliphatic sulfonates import ATP-binding protein SsuB 1 [Pseudomonas savastanoi pv. phaseolicola 1448A]	77.447	235	53	0	4	708	3	237	7.04e-127	361	Q48IB9	Q48IB9.1
ssuB_3~~~ssuB_2	sp|Q57855.1|	RecName: Full=Uncharacterized ABC transporter ATP-binding protein MJ0412 [Methanocaldococcus jannaschii DSM 2661]	44.298	228	126	1	40	720	15	242	7.95e-69	216	Q57855	Q57855.1
ssuC_1	sp|P75851.2|	RecName: Full=Putative aliphatic sulfonates transport permease protein SsuC [Escherichia coli K-12]	75.097	257	64	0	7	777	5	261	2.2499999999999998e-125	360	P75851	P75851.2
ssuC_2	sp|Q47539.2|	RecName: Full=Taurine transport system permease protein TauC [Escherichia coli K-12]	64.015	264	87	2	67	834	12	275	5.39e-94	281	Q47539	Q47539.2
ssuC_3	sp|P40401.1|	RecName: Full=Putative aliphatic sulfonates transport permease protein SsuC [Bacillus subtilis subsp. subtilis str. 168]	40.789	228	134	1	130	810	49	276	4.93e-45	156	P40401	P40401.1
ssuD	sp|Q9KHR3.1|	RecName: Full=Alkanesulfonate monooxygenase; AltName: Full=FMNH2-dependent aliphatic sulfonate monooxygenase [Buttiauxella sp. PNBS]	91.099	382	34	0	1	1146	1	382	0	714	Q9KHR3	Q9KHR3.1
ssuE	sp|O85762.2|	RecName: Full=FMN reductase (NADPH); AltName: Full=FMN reductase [Pseudomonas putida]	79.188	197	41	0	1	591	1	197	2.05e-113	324	O85762	O85762.2
stcD	sp|Q1QYW1.1|	RecName: Full=N,N-dimethylglycine/sarcosine dehydrogenase; AltName: Full=N,N-dimethylglycine dehydrogenase; Short=DMG dehydrogenase; Short=DMGDH [Chromohalobacter israelensis DSM 3043]	79.395	694	135	2	1	2058	1	694	0	1104	Q1QYW1	Q1QYW1.1
sthA	sp|C3K4W1.1|	RecName: Full=Soluble pyridine nucleotide transhydrogenase; Short=STH; AltName: Full=NAD(P)(+) transhydrogenase [B-specific] [Pseudomonas [fluorescens] SBW25]	100	464	0	0	1	1392	1	464	0	930	C3K4W1	C3K4W1.1
stp_2	sp|P9WG90.1|	RecName: Full=Multidrug resistance protein Stp; AltName: Full=Spectinomycin tetracycline efflux pump [Mycobacterium tuberculosis CDC1551]	32.817	387	257	3	97	1251	28	413	5.07e-28	120	P9WG90	P9WG90.1
stp_2~~~stp_1	sp|P9WG90.1|	RecName: Full=Multidrug resistance protein Stp; AltName: Full=Spectinomycin tetracycline efflux pump [Mycobacterium tuberculosis CDC1551]	31.197	468	299	6	55	1416	18	476	1.18e-41	159	P9WG90	P9WG90.1
strB1	sp|Q54258.1|	RecName: Full=Inosamine-phosphate amidinotransferase 1; AltName: Full=Aminocyclitol amidinotransferase; Short=ADT; AltName: Full=Inosamine-phosphate amidinotransferase I [Streptomyces glaucescens]	51.297	347	169	0	1	1041	1	347	1.4799999999999998e-133	387	Q54258	Q54258.1
sttH_1	sp|P96654.1|	RecName: Full=Uncharacterized isochorismatase family protein YddQ [Bacillus subtilis subsp. subtilis str. 168]	45.198	177	97	0	13	543	4	180	1.37e-43	146	P96654	P96654.1
sttH_2	sp|Q1MW86.2|	RecName: Full=Streptothricin hydrolase [Streptomyces noursei]	39.161	143	84	2	7	432	64	204	3.11e-21	90.5	Q1MW86	Q1MW86.2
sucA	sp|P20707.1|	RecName: Full=2-oxoglutarate dehydrogenase E1 component; AltName: Full=Alpha-ketoglutarate dehydrogenase [Azotobacter vinelandii]	83.669	943	154	0	1	2829	1	943	0	1680	P20707	P20707.1
sucB	sp|Q9I3D2.1|	RecName: Full=Dihydrolipoyllysine-residue succinyltransferase component of 2-oxoglutarate dehydrogenase complex; AltName: Full=2-oxoglutarate dehydrogenase complex component E2; Short=OGDC-E2; AltName: Full=Dihydrolipoamide succinyltransferase component of 2-oxoglutarate dehydrogenase complex [Pseudomonas aeruginosa PAO1]	78.537	410	85	2	1	1224	1	409	1.2299999999999997e-180	511	Q9I3D2	Q9I3D2.1
sucC	sp|Q4KFY6.1|	RecName: Full=Succinate--CoA ligase [ADP-forming] subunit beta; AltName: Full=Succinyl-CoA synthetase subunit beta; Short=SCS-beta [Pseudomonas protegens Pf-5]	99.227	388	3	0	49	1212	1	388	0	758	Q4KFY6	Q4KFY6.1
sucD	sp|Q51567.2|	RecName: Full=Succinate--CoA ligase [ADP-forming] subunit alpha; AltName: Full=Succinyl-CoA synthetase subunit alpha; Short=SCS-alpha [Pseudomonas aeruginosa PAO1]	94.198	293	17	0	1	879	1	293	0	518	Q51567	Q51567.2
sufS_1	sp|Q9Z408.1|	RecName: Full=Probable cysteine desulfurase [Pseudomonas putida KT2440]	81.546	401	74	0	1	1203	1	401	0	634	Q9Z408	Q9Z408.1
sugC	sp|Q98G42.1|	RecName: Full=sn-glycerol-3-phosphate import ATP-binding protein UgpC [Mesorhizobium japonicum MAFF 303099]	37.725	334	198	3	1	1002	1	324	1.86e-74	238	Q98G42	Q98G42.1
suhB	sp|Q9HXI4.1|	RecName: Full=Nus factor SuhB; AltName: Full=Inositol-1-monophosphatase; Short=I-1-Pase; Short=IMPase; Short=Inositol-1-phosphatase [Pseudomonas aeruginosa PAO1]	86.347	271	37	0	1	813	1	271	2.75e-177	491	Q9HXI4	Q9HXI4.1
sulA	sp|Q9HZJ8.1|	RecName: Full=Cell division inhibitor SulA [Pseudomonas aeruginosa PAO1]	65.839	161	51	2	1	471	1	161	8.6e-62	190	Q9HZJ8	Q9HZJ8.1
sumT	sp|P37725.1|	RecName: Full=Uroporphyrinogen-III C-methyltransferase; Short=Urogen III methylase; AltName: Full=S-adenosyl-L-methionine:uroporphyrinogen III methyltransferase; Short=SUMT; AltName: Full=Uroporphyrinogen III methylase; Short=UROM [Pseudomonas fluorescens]	84.959	246	37	0	1	738	1	246	4.5499999999999994e-148	416	P37725	P37725.1
surA	sp|Q4K4X7.2|	RecName: Full=Chaperone SurA; AltName: Full=Peptidyl-prolyl cis-trans isomerase SurA; Short=PPIase SurA; AltName: Full=Rotamase SurA; Flags: Precursor [Pseudomonas protegens Pf-5]	84.634	410	63	0	91	1320	16	425	0	668	Q4K4X7	Q4K4X7.2
surE	sp|C3K705.1|	RecName: Full=5'-nucleotidase SurE; AltName: Full=Nucleoside 5'-monophosphate phosphohydrolase [Pseudomonas [fluorescens] SBW25]	95.984	249	10	0	1	747	1	249	2.9e-147	414	C3K705	C3K705.1
sutA	sp|A0A0H2ZJC1.1|	RecName: Full=Transcriptional regulator SutA; AltName: Full=Survival under transitions A [Pseudomonas aeruginosa UCBPP-PA14]	85.185	54	8	0	163	324	52	105	8.360000000000001e-27	98.2	A0A0H2ZJC1	A0A0H2ZJC1.1
sutR_1	sp|P14307.1|	RecName: Full=Control protein C.SmaI [Serratia marcescens]	40	60	36	0	43	222	15	74	6.48e-6	45.8	P14307	P14307.1
sutR_2	sp|P77626.1|	RecName: Full=HTH-type transcriptional regulator SutR; AltName: Full=Sulfur utilization regulator [Escherichia coli K-12]	34.463	177	108	1	82	612	8	176	4e-23	94.4	P77626	P77626.1
tadA	sp|P44931.1|	RecName: Full=tRNA-specific adenosine deaminase [Haemophilus influenzae Rd KW20]	52.5	160	75	1	19	495	3	162	5.34e-47	154	P44931	P44931.1
tag_1	sp|P05100.1|	RecName: Full=DNA-3-methyladenine glycosylase 1; AltName: Full=3-methyladenine-DNA glycosylase I, constitutive; Short=TAG I; AltName: Full=DNA-3-methyladenine glycosidase I; AltName: Full=DNA-3-methyladenine glycosylase I [Escherichia coli K-12]	50.549	182	86	1	1	534	1	182	1.57e-50	164	P05100	P05100.1
tag_2	sp|P05100.1|	RecName: Full=DNA-3-methyladenine glycosylase 1; AltName: Full=3-methyladenine-DNA glycosylase I, constitutive; Short=TAG I; AltName: Full=DNA-3-methyladenine glycosidase I; AltName: Full=DNA-3-methyladenine glycosylase I [Escherichia coli K-12]	47.312	186	94	2	37	591	1	183	2.6899999999999994e-55	177	P05100	P05100.1
tal_1	sp|Q4KF90.1|	RecName: Full=Transaldolase [Pseudomonas protegens Pf-5]	87.542	297	37	0	1	891	1	297	0	543	Q4KF90	Q4KF90.1
tal_2	sp|Q4KF90.1|	RecName: Full=Transaldolase [Pseudomonas protegens Pf-5]	80.392	306	60	0	1	918	1	306	1.1099999999999998e-179	501	Q4KF90	Q4KF90.1
tamA	sp|D2TN56.1|	RecName: Full=Translocation and assembly module subunit TamA; AltName: Full=Autotransporter assembly factor TamA; Flags: Precursor [Citrobacter rodentium ICC168]	34.035	570	365	8	7	1695	12	577	1.06e-100	319	D2TN56	D2TN56.1
tamB	sp|D2TN57.1|	RecName: Full=Translocation and assembly module subunit TamB; AltName: Full=Autotransporter assembly factor TamB; AltName: Full=Intermembrane phospholipid transporter TamB [Citrobacter rodentium ICC168]	30.012	853	571	16	1192	3684	411	1259	1.4700000000000002e-91	325	D2TN57	D2TN57.1
tam_1	sp|Q98K73.1|	RecName: Full=Trans-aconitate 2-methyltransferase [Mesorhizobium japonicum MAFF 303099]	50.996	251	123	0	7	759	4	254	8.589999999999999e-92	274	Q98K73	Q98K73.1
tam_2	sp|P44074.1|	RecName: Full=Uncharacterized protein HI_0912 [Haemophilus influenzae Rd KW20]	35.146	239	139	7	10	678	6	244	1.1299999999999999e-35	130	P44074	P44074.1
tas	sp|P0A9T4.1|	RecName: Full=Protein tas [Escherichia coli K-12]	54.046	346	159	0	1	1038	1	346	6.969999999999999e-121	355	P0A9T4	P0A9T4.1
tatA	sp|C3K8T9.1|	RecName: Full=Sec-independent protein translocase protein TatA [Pseudomonas [fluorescens] SBW25]	98.913	92	1	0	1	276	1	92	2.01e-34	116	C3K8T9	C3K8T9.1
tatB	sp|Q3KJD1.1|	RecName: Full=Sec-independent protein translocase protein TatB [Pseudomonas fluorescens Pf0-1]	91.209	91	8	0	1	273	1	91	7.999999999999999e-43	141	Q3KJD1	Q3KJD1.1
tatC	sp|P54085.2|	RecName: Full=Sec-independent protein translocase protein TatC [Azotobacter chroococcum (strain mcd 1)]	71.488	242	69	0	13	738	4	245	8.739999999999999e-113	327	P54085	P54085.2
tatD	sp|D4ICL5.1|	RecName: Full=3'-5' ssDNA/RNA exonuclease TatD; AltName: Full=DNase TatD [Erwinia amylovora ATCC 49946]	50	262	128	1	7	792	1	259	4.91e-76	234	D4ICL5	D4ICL5.1
tauA_1	sp|Q47537.1|	RecName: Full=Taurine-binding periplasmic protein; AltName: Full=Sulfate starvation-induced protein 1; Short=SSI1; Flags: Precursor [Escherichia coli K-12]	53.87	323	142	4	16	981	4	320	3.0999999999999996e-116	341	Q47537	Q47537.1
tauA_2	sp|Q47537.1|	RecName: Full=Taurine-binding periplasmic protein; AltName: Full=Sulfate starvation-induced protein 1; Short=SSI1; Flags: Precursor [Escherichia coli K-12]	56.04	298	129	1	76	969	24	319	8.329999999999998e-112	330	Q47537	Q47537.1
tauB	sp|Q3KJQ7.1|	RecName: Full=Taurine import ATP-binding protein TauB [Pseudomonas fluorescens Pf0-1]	94.51	255	14	0	1	765	1	255	7.71e-172	477	Q3KJQ7	Q3KJQ7.1
tauD_1	sp|Q88RA3.1|	RecName: Full=Alpha-ketoglutarate-dependent taurine dioxygenase [Pseudomonas putida KT2440]	83.333	276	46	0	7	834	2	277	6.309999999999999e-174	484	Q88RA3	Q88RA3.1
tauD_2	sp|Q88RA3.1|	RecName: Full=Alpha-ketoglutarate-dependent taurine dioxygenase [Pseudomonas putida KT2440]	39.446	289	155	4	46	891	2	277	9.449999999999999e-61	197	Q88RA3	Q88RA3.1
tcdA	sp|Q46927.1|	RecName: Full=tRNA threonylcarbamoyladenosine dehydratase; AltName: Full=t(6)A37 dehydratase [Escherichia coli K-12]	55.686	255	113	0	25	789	12	266	1.3900000000000002e-73	229	Q46927	Q46927.1
tctD	sp|E1WA34.1|	RecName: Full=Transcriptional regulatory protein TctD [Salmonella enterica subsp. enterica serovar Typhimurium str. SL1344]	53.604	222	102	1	1	666	1	221	1.5500000000000002e-73	225	E1WA34	E1WA34.1
tcyA	sp|P42199.3|	RecName: Full=L-cystine-binding protein TcyA; Flags: Precursor [Bacillus subtilis subsp. subtilis str. 168]	33.473	239	141	6	67	771	37	261	2.31e-25	104	P42199	P42199.3
tcyC_1	sp|Q8NQU4.2|	RecName: Full=Arginine transport ATP-binding protein ArgV [Corynebacterium glutamicum ATCC 13032]	58.233	249	104	0	25	771	6	254	6.199999999999999e-99	292	Q8NQU4	Q8NQU4.2
tcyC_2	sp|P37774.2|	RecName: Full=L-cystine transport system ATP-binding protein TcyN [Escherichia coli K-12]	75.918	245	59	0	4	738	4	248	1.32e-134	382	P37774	P37774.2
tcyC_3	sp|P39456.4|	RecName: Full=L-cystine import ATP-binding protein TcyC [Bacillus subtilis subsp. subtilis str. 168]	50.41	244	119	1	19	744	1	244	1.37e-83	253	P39456	P39456.4
tcyL	sp|O34315.1|	RecName: Full=L-cystine transport system permease protein TcyL [Bacillus subtilis subsp. subtilis str. 168]	30.144	209	140	2	1	609	1	209	6.240000000000001e-26	103	O34315	O34315.1
tcyP	sp|P77529.1|	RecName: Full=L-cystine transporter TcyP; AltName: Full=S-sulfocysteine transporter [Escherichia coli K-12]	80.09	442	88	0	58	1383	20	461	0	635	P77529	P77529.1
tdhA	sp|Q7VNU1.1|	RecName: Full=TonB-dependent heme receptor A; Flags: Precursor [[Haemophilus] ducreyi 35000HP]	40.608	724	395	13	403	2556	45	739	1.3199999999999998e-165	502	Q7VNU1	Q7VNU1.1
tdh_1	sp|O74822.1|	RecName: Full=Zinc-type alcohol dehydrogenase-like protein C337.11 [Schizosaccharomyces pombe 972h-]	36.275	306	174	10	58	951	28	320	2.4899999999999997e-48	167	O74822	O74822.1
tdh_2	sp|P28304.1|	RecName: Full=Quinone oxidoreductase 1; AltName: Full=NADPH:quinone reductase 1; AltName: Full=Zeta-crystallin homolog protein [Escherichia coli K-12]	32.271	251	165	4	1	753	1	246	1.51e-25	107	P28304	P28304.1
tesA	sp|Q9HZY8.1|	RecName: Full=Esterase TesA; Flags: Precursor [Pseudomonas aeruginosa PAO1]	68.657	201	63	0	1	603	1	201	8.47e-86	254	Q9HZY8	Q9HZY8.1
tesB	sp|P0AGG2.2|	RecName: Full=Acyl-CoA thioesterase 2; AltName: Full=Thioesterase II; Short=TEII [Escherichia coli K-12]	51.056	284	139	0	1	852	1	284	4.77e-100	297	P0AGG2	P0AGG2.2
tetX	sp|Q01911.1|	RecName: Full=Flavin-dependent monooxygenase; AltName: Full=TetX monooxygenase; Short=TetX; AltName: Full=Tetracycline resistance protein from transposon Tn4351/Tn4400 [Bacteroides fragilis]	32.537	335	213	9	49	1029	29	358	7.79e-43	156	Q01911	Q01911.1
tgt	sp|Q887B0.1|	RecName: Full=Queuine tRNA-ribosyltransferase; AltName: Full=Guanine insertion enzyme; AltName: Full=tRNA-guanine transglycosylase [Pseudomonas syringae pv. tomato str. DC3000]	94.595	370	20	0	10	1119	1	370	0	734	Q887B0	Q887B0.1
thadh	sp|A4F2N8.1|	RecName: Full=L-threo-3-hydroxyaspartate ammonia-lyase; AltName: Full=L-threo-3-hydroxyaspartate dehydratase; Short=L-THA DH [Pseudomonas sp.]	86.478	318	43	0	1	954	1	318	0	527	A4F2N8	A4F2N8.1
thiC	sp|Q87VG1.1|	RecName: Full=Phosphomethylpyrimidine synthase; AltName: Full=Hydroxymethylpyrimidine phosphate synthase; Short=HMP-P synthase; Short=HMP-phosphate synthase; Short=HMPP synthase; AltName: Full=Thiamine biosynthesis protein ThiC [Pseudomonas syringae pv. tomato str. DC3000]	95.231	629	30	0	1	1887	1	629	0	1263	Q87VG1	Q87VG1.1
thiD	sp|A0A0J9X285.2|	RecName: Full=Hydroxylmethylpyrimidine kinase; Short=HMP kinase; Short=HMPK; AltName: Full=AbHMPK [Acinetobacter baumannii IS-123]	45.703	256	134	4	19	777	2	255	4.97e-63	201	A0A0J9X285	A0A0J9X285.2
thiE_1	sp|P77788.1|	RecName: Full=CTP pyrophosphohydrolase [Escherichia coli K-12]	43.363	113	63	1	1	339	1	112	2.91e-19	85.5	P77788	P77788.1
thiE_2	sp|C3K2K2.1|	RecName: Full=Thiamine-phosphate synthase; Short=TP synthase; Short=TPS; AltName: Full=Thiamine-phosphate pyrophosphorylase; Short=TMP pyrophosphorylase; Short=TMP-PPase [Pseudomonas [fluorescens] SBW25]	96.172	209	8	0	1	627	1	209	8.44e-134	377	C3K2K2	C3K2K2.1
thiG	sp|C3K3L7.1|	RecName: Full=Thiazole synthase [Pseudomonas [fluorescens] SBW25]	98.864	264	3	0	1	792	1	264	0	531	C3K3L7	C3K3L7.1
thiI	sp|C3K7D0.1|	RecName: Full=tRNA sulfurtransferase; AltName: Full=Sulfur carrier protein ThiS sulfurtransferase; AltName: Full=Thiamine biosynthesis protein ThiI; AltName: Full=tRNA 4-thiouridine synthase [Pseudomonas [fluorescens] SBW25]	97.727	484	11	0	1	1452	1	484	0	980	C3K7D0	C3K7D0.1
thiL	sp|P0AGG0.1|	RecName: Full=Thiamine-monophosphate kinase; Short=TMP kinase; Short=Thiamine-phosphate kinase [Escherichia coli K-12]	45.963	322	165	6	25	972	4	322	2.75e-69	222	P0AGG0	P0AGG0.1
thiO	sp|Q88Q83.1|	RecName: Full=Glycine oxidase; Short=GO [Pseudomonas putida KT2440]	78.869	336	71	0	106	1113	13	348	1.2499999999999999e-166	473	Q88Q83	Q88Q83.1
thlA	sp|Q86AD9.1|	RecName: Full=Probable acetyl-CoA acetyltransferase; AltName: Full=Acetoacetyl-CoA thiolase [Dictyostelium discoideum]	50.127	393	192	3	7	1179	24	414	2.4799999999999997e-115	345	Q86AD9	Q86AD9.1
thpA_1	sp|A0QYB5.1|	RecName: Full=D-threitol-binding protein; Flags: Precursor [Mycolicibacterium smegmatis MC2 155]	33.835	266	166	8	118	900	47	307	2.38e-24	104	A0QYB5	A0QYB5.1
thpA_2	sp|A0QYB5.1|	RecName: Full=D-threitol-binding protein; Flags: Precursor [Mycolicibacterium smegmatis MC2 155]	37.037	270	159	5	82	879	34	296	1.12e-46	164	A0QYB5	A0QYB5.1
thpA_3	sp|P49308.1|	RecName: Full=Putative rhizopine-binding protein; Flags: Precursor [Sinorhizobium meliloti]	48.432	287	142	3	82	933	23	306	3.24e-75	236	P49308	P49308.1
thrB	sp|Q02DL4.1|	RecName: Full=Homoserine kinase; Short=HK; Short=HSK [Pseudomonas aeruginosa UCBPP-PA14]	73.502	317	83	1	1	951	1	316	1.7899999999999996e-152	432	Q02DL4	Q02DL4.1
thrC	sp|P29363.3|	RecName: Full=Threonine synthase; Short=TS [Pseudomonas aeruginosa PAO1]	86.567	469	63	0	1	1407	1	469	0	860	P29363	P29363.3
thrS	sp|C3JZN7.1|	RecName: Full=Threonine--tRNA ligase; AltName: Full=Threonyl-tRNA synthetase; Short=ThrRS [Pseudomonas [fluorescens] SBW25]	98.906	640	7	0	1	1920	1	640	0	1275	C3JZN7	C3JZN7.1
thyA	sp|C3K3Q8.1|	RecName: Full=Thymidylate synthase; Short=TS; Short=TSase [Pseudomonas [fluorescens] SBW25]	99.639	277	1	0	37	867	1	277	0	551	C3K3Q8	C3K3Q8.1
tig	sp|C3JYK1.1|	RecName: Full=Trigger factor; Short=TF; AltName: Full=PPIase [Pseudomonas [fluorescens] SBW25]	97.477	436	11	0	1	1308	1	436	0	827	C3JYK1	C3JYK1.1
tilS	sp|Q9HXZ3.1|	RecName: Full=tRNA(Ile)-lysidine synthase; AltName: Full=tRNA(Ile)-2-lysyl-cytidine synthase; AltName: Full=tRNA(Ile)-lysidine synthetase [Pseudomonas aeruginosa PAO1]	63.699	438	155	2	13	1317	6	442	1.3199999999999998e-174	499	Q9HXZ3	Q9HXZ3.1
tkt	sp|A0A0I9QGZ2.1|	RecName: Full=Transketolase; Short=TK [Geobacillus stearothermophilus]	52.709	683	304	5	13	2052	2	668	0	713	A0A0I9QGZ2	A0A0I9QGZ2.1
tktA	sp|P27302.5|	RecName: Full=Transketolase 1; Short=TK 1 [Escherichia coli K-12]	71.988	664	184	2	1	1989	1	663	0	1029	P27302	P27302.5
tldD	sp|P0AGG8.1|	RecName: Full=Metalloprotease TldD [Escherichia coli K-12]	65.885	469	156	1	40	1434	12	480	0	591	P0AGG8	P0AGG8.1
tmk_1	sp|Q6AJE2.1|	RecName: Full=Thymidylate kinase; AltName: Full=dTMP kinase [Desulfotalea psychrophila LSv54]	31.933	119	70	3	16	357	8	120	7.14e-8	54.3	Q6AJE2	Q6AJE2.1
tmk_2~~~tmk_3	sp|C3K0M9.1|	RecName: Full=Thymidylate kinase; AltName: Full=dTMP kinase [Pseudomonas [fluorescens] SBW25]	91.905	210	17	0	1	630	1	210	6.69e-135	379	C3K0M9	C3K0M9.1
tobZ	sp|P74178.1|	RecName: Full=Uncharacterized protein sll1178 [Synechocystis sp. PCC 6803 substr. Kazusa]	35.4	613	334	19	13	1725	4	596	2.22e-92	299	P74178	P74178.1
tolB	sp|C3JYS2.1|	RecName: Full=Tol-Pal system protein TolB; Flags: Precursor [Pseudomonas [fluorescens] SBW25]	99.045	419	4	0	1	1257	15	433	0	852	C3JYS2	C3JYS2.1
tolC_1	sp|Q9K2Y1.1|	RecName: Full=Outer membrane protein TolC; AltName: Full=Multidrug efflux pump subunit TolC; Flags: Precursor [Vibrio cholerae O1 biovar El Tor str. N16961]	36.703	455	262	7	4	1353	1	434	4.79e-75	245	Q9K2Y1	Q9K2Y1.1
tolC_2	sp|Q9K2Y1.1|	RecName: Full=Outer membrane protein TolC; AltName: Full=Multidrug efflux pump subunit TolC; Flags: Precursor [Vibrio cholerae O1 biovar El Tor str. N16961]	31.132	424	277	4	97	1362	25	435	6.039999999999999e-54	190	Q9K2Y1	Q9K2Y1.1
tolC_3	sp|Q03027.1|	RecName: Full=Alkaline protease secretion protein AprF [Pseudomonas aeruginosa PAO1]	52.727	440	206	2	1	1320	7	444	9.999999999999998e-145	424	Q03027	Q03027.1
tolQ_1	sp|Q05605.1|	RecName: Full=Biopolymer transport protein ExbB [Pseudomonas putida]	88.43	242	27	1	253	978	89	329	3.97e-127	369	Q05605	Q05605.1
tolQ_2	sp|P50598.1|	RecName: Full=Tol-Pal system protein TolQ [Pseudomonas aeruginosa PAO1]	87.879	231	28	0	1	693	1	231	1.5899999999999997e-145	408	P50598	P50598.1
tolQ_3	sp|O27101.1|	RecName: Full=Putative biopolymer transport protein ExbB homolog [Methanothermobacter thermautotrophicus str. Delta H]	31.156	199	113	7	1	564	13	198	1.15e-14	73.9	O27101	O27101.1
tolQ_5	sp|B0RLE6.1|	RecName: Full=Biopolymer transport protein ExbB [Xanthomonas campestris pv. campestris str. B100]	35.821	201	125	1	40	630	45	245	4.6200000000000004e-33	123	B0RLE6	B0RLE6.1
topA	sp|Q9HZJ5.1|	RecName: Full=DNA topoisomerase 1; AltName: Full=DNA topoisomerase I; AltName: Full=Omega-protein; AltName: Full=Relaxing enzyme; AltName: Full=Swivelase; AltName: Full=Untwisting enzyme [Pseudomonas aeruginosa PAO1]	87.356	870	108	1	1	2610	1	868	0	1603	Q9HZJ5	Q9HZJ5.1
topB	sp|Q9KQF5.1|	RecName: Full=DNA topoisomerase 3; AltName: Full=DNA topoisomerase III [Vibrio cholerae O1 biovar El Tor str. N16961]	39.206	630	362	8	10	1857	3	625	9.5e-147	443	Q9KQF5	Q9KQF5.1
topB_2	sp|Q9KQF5.1|	RecName: Full=DNA topoisomerase 3; AltName: Full=DNA topoisomerase III [Vibrio cholerae O1 biovar El Tor str. N16961]	36.463	639	376	6	4	1881	3	624	1.1099999999999999e-129	401	Q9KQF5	Q9KQF5.1
tpd	sp|Q2YK40.1|	RecName: Full=UPF0423 protein BAB2_0840; Flags: Precursor [Brucella abortus 2308]	47.368	152	72	5	79	519	25	173	5.29e-34	121	Q2YK40	Q2YK40.1
tpiA	sp|Q4KIF9.1|	RecName: Full=Triosephosphate isomerase; Short=TIM; Short=TPI; AltName: Full=Triose-phosphate isomerase [Pseudomonas protegens Pf-5]	93.625	251	16	0	1	753	1	251	2.82e-172	477	Q4KIF9	Q4KIF9.1
tpiA_1	sp|Q07NF3.1|	RecName: Full=Triosephosphate isomerase; Short=TIM; Short=TPI; AltName: Full=Triose-phosphate isomerase [Rhodopseudomonas palustris BisA53]	54.618	249	110	1	1	738	5	253	1.63e-85	258	Q07NF3	Q07NF3.1
tpm	sp|C3K732.1|	RecName: Full=Thiopurine S-methyltransferase; AltName: Full=Thiopurine methyltransferase [Pseudomonas [fluorescens] SBW25]	80.93	215	41	0	1	645	1	215	1.74e-127	361	C3K732	C3K732.1
tpx	sp|P57668.1|	RecName: Full=Thiol peroxidase; Short=Tpx; AltName: Full=Peroxiredoxin tpx; Short=Prx; AltName: Full=Thioredoxin peroxidase; AltName: Full=Thioredoxin-dependent peroxiredoxin [Pseudomonas aeruginosa PAO1]	73.939	165	43	0	1	495	1	165	1.37e-85	251	P57668	P57668.1
traC_2	sp|P27190.1|	RecName: Full=DNA primase TraC; AltName: Full=Replication primase [Escherichia coli]	35.039	254	153	6	76	801	1068	1321	8.09e-26	110	P27190	P27190.1
treA	sp|P39795.2|	RecName: Full=Trehalose-6-phosphate hydrolase; AltName: Full=Alpha,alpha-phosphotrehalase; AltName: Full=Phospho-alpha-(1-1)-glucosidase [Bacillus subtilis subsp. subtilis str. 168]	58.182	550	222	3	10	1638	9	557	0	680	P39795	P39795.2
treP	sp|P39794.3|	RecName: Full=PTS system trehalose-specific EIIBC component; AltName: Full=EIIBC-Tre; Short=EII-Tre; Includes: RecName: Full=Trehalose-specific phosphotransferase enzyme IIB component; AltName: Full=PTS system trehalose-specific EIIB component; Includes: RecName: Full=Trehalose permease IIC component; AltName: Full=PTS system trehalose-specific EIIC component [Bacillus subtilis subsp. subtilis str. 168]	51.398	465	221	3	10	1401	3	463	1.98e-149	437	P39794	P39794.3
treR	sp|P39796.2|	RecName: Full=HTH-type transcriptional regulator TreR; AltName: Full=Trehalose operon repressor [Bacillus subtilis subsp. subtilis str. 168]	42.308	234	135	0	1	702	3	236	2.29e-47	159	P39796	P39796.2
treY	sp|Q44315.1|	RecName: Full=Maltooligosyl trehalose synthase; AltName: Full=(1,4)-alpha-D-glucan 1-alpha-D-glucosylmutase [Arthrobacter sp. Q36]	33.297	919	460	23	22	2766	6	775	2.7699999999999996e-112	366	Q44315	Q44315.1
treZ	sp|P95867.1|	RecName: Full=Malto-oligosyltrehalose trehalohydrolase; Short=MTHase; AltName: Full=4-alpha-D-((1->4)-alpha-D-glucano)trehalose trehalohydrolase; AltName: Full=Maltooligosyl trehalose trehalohydrolase [Saccharolobus solfataricus P2]	39.122	501	267	13	46	1494	7	487	2.0599999999999999e-109	342	P95867	P95867.1
tri1	sp|P76418.1|	RecName: Full=Putative ADP-ribosylglycohydrolase YegU [Escherichia coli K-12]	31.832	333	222	4	1	999	1	328	2.03e-39	145	P76418	P76418.1
tri1_1	sp|A8GG79.1|	RecName: Full=ADP-ribosylarginine hydrolase Tri1; AltName: Full=Immunity protein Tri1; Short=Tri1-Sp [Serratia proteamaculans 568]	49.495	99	50	0	145	441	262	360	6.0299999999999995e-24	98.6	A8GG79	A8GG79.1
tri1_2	sp|A8GG79.1|	RecName: Full=ADP-ribosylarginine hydrolase Tri1; AltName: Full=Immunity protein Tri1; Short=Tri1-Sp [Serratia proteamaculans 568]	45.804	286	149	4	16	867	69	350	5.25e-79	247	A8GG79	A8GG79.1
trkA	sp|E1V6C6.1|	RecName: Full=Trk system potassium uptake protein TrkA; Short=K(+)-uptake protein TrkA [Halomonas elongata DSM 2581]	74.617	457	116	0	1	1371	1	457	0	679	E1V6C6	E1V6C6.1
trkI	sp|E1V6K4.1|	RecName: Full=Trk system potassium uptake protein TrkI [Halomonas elongata DSM 2581]	49.892	463	228	4	70	1452	32	492	1.29e-109	337	E1V6K4	E1V6K4.1
trmA	sp|C3K2F6.1|	RecName: Full=tRNA/tmRNA (uracil-C(5))-methyltransferase; AltName: Full=tRNA (uracil(54)-C(5))-methyltransferase; AltName: Full=tRNA(m5U54)-methyltransferase; Short=RUMT; AltName: Full=tmRNA (uracil(341)-C(5))-methyltransferase [Pseudomonas [fluorescens] SBW25]	97.772	359	8	0	1	1077	1	359	0	733	C3K2F6	C3K2F6.1
trmB	sp|C3K3L6.1|	RecName: Full=tRNA (guanine-N(7)-)-methyltransferase; AltName: Full=tRNA (guanine(46)-N(7))-methyltransferase; AltName: Full=tRNA(m7G46)-methyltransferase [Pseudomonas [fluorescens] SBW25]	97.5	240	6	0	1	720	1	240	4.33e-177	488	C3K3L6	C3K3L6.1
trmD	sp|C3K1G9.1|	RecName: Full=tRNA (guanine-N(1)-)-methyltransferase; AltName: Full=M1G-methyltransferase; AltName: Full=tRNA [GM37] methyltransferase [Pseudomonas [fluorescens] SBW25]	99.6	250	1	0	1	750	1	250	9.919999999999999e-157	438	C3K1G9	C3K1G9.1
trmJ	sp|A0A0H2ZF87.1|	RecName: Full=tRNA (cytidine/uridine/adenosine-2'-O-)-methyltransferase TrmJ; AltName: Full=tRNA (cytidine(32)/uridine(32)/adenosine(32)-2'-O)-methyltransferase; AltName: Full=tRNA Cm32/Um32/Am32 methyltransferase [Pseudomonas aeruginosa UCBPP-PA14]	72.656	256	70	0	1	768	1	256	1.1399999999999998e-132	377	A0A0H2ZF87	A0A0H2ZF87.1
trmK	sp|P54471.2|	RecName: Full=tRNA (adenine(22)-N(1))-methyltransferase; AltName: Full=TrMet(m1A22); AltName: Full=tRNA(m1A22)-methyltransferase; Short=tRNA(m1A22)MTase [Bacillus subtilis subsp. subtilis str. 168]	37.5	240	135	5	1	690	1	235	5.88e-45	153	P54471	P54471.2
trmL	sp|A0KAS4.2|	RecName: Full=tRNA (cytidine(34)-2'-O)-methyltransferase; AltName: Full=tRNA (cytidine/uridine-2'-O-)-methyltransferase TrmL [Burkholderia cenocepacia HI2424]	64.052	153	53	1	1	453	1	153	1.0899999999999999e-66	202	A0KAS4	A0KAS4.2
trmO	sp|Q9RPT0.1|	RecName: Full=Putative S-adenosylmethionine-dependent methyltransferase RcsF [Pseudomonas aeruginosa PAO1]	72.247	227	63	0	1	681	1	227	8.709999999999998e-119	340	Q9RPT0	Q9RPT0.1
trmR	sp|G8T6H8.1|	RecName: Full=Catechol O-methyltransferase; Short=COMT; Short=Catechol OMT; AltName: Full=NkCOMT [Niastella koreensis GR20-10]	36.923	130	77	2	172	552	39	166	6.35e-16	76.6	G8T6H8	G8T6H8.1
trpA	sp|C3K568.1|	RecName: Full=Tryptophan synthase alpha chain [Pseudomonas [fluorescens] SBW25]	97.026	269	8	0	1	807	1	269	1.1099999999999998e-179	498	C3K568	C3K568.1
trpB	sp|P34817.1|	RecName: Full=Tryptophan synthase beta chain [Pseudomonas syringae pv. syringae]	95.588	408	18	0	1	1224	1	408	0	811	P34817	P34817.1
trpC	sp|C3K307.1|	RecName: Full=Indole-3-glycerol phosphate synthase; Short=IGPS [Pseudomonas [fluorescens] SBW25]	97.842	278	6	0	1	834	1	278	1.6899999999999998e-167	468	C3K307	C3K307.1
trpD_1	sp|C3K308.1|	RecName: Full=Anthranilate phosphoribosyltransferase [Pseudomonas [fluorescens] SBW25]	98.281	349	6	0	1	1047	1	349	0	625	C3K308	C3K308.1
trpE	sp|P20579.1|	RecName: Full=Anthranilate synthase component 1; Short=AS; Short=ASI [Pseudomonas putida]	89.796	490	50	0	1	1470	1	490	0	877	P20579	P20579.1
trpF	sp|C3JZS5.1|	RecName: Full=N-(5'-phosphoribosyl)anthranilate isomerase; Short=PRAI [Pseudomonas [fluorescens] SBW25]	93.333	210	14	0	1	630	1	210	1.56e-117	335	C3JZS5	C3JZS5.1
trpG	sp|P00901.2|	RecName: Full=Anthranilate synthase component 2; Short=AS; Short=ASII; AltName: Full=Anthranilate synthase, GATase component; AltName: Full=Anthranilate synthase, glutamine amidotransferase component [Pseudomonas putida]	87.817	197	24	0	1	591	2	198	1.7699999999999998e-130	367	P00901	P00901.2
trpI	sp|P34818.1|	RecName: Full=HTH-type transcriptional regulator TrpI; AltName: Full=TrpBA operon transcriptional activator [Pseudomonas syringae pv. syringae]	94.949	297	15	0	1	891	1	297	0	525	P34818	P34818.1
truA	sp|O87016.1|	RecName: Full=tRNA pseudouridine synthase A; AltName: Full=tRNA pseudouridine(38-40) synthase; AltName: Full=tRNA pseudouridylate synthase I; AltName: Full=tRNA-uridine isomerase I [Pseudomonas aeruginosa PAO1]	73.704	270	71	0	13	822	16	285	9.429999999999999e-152	427	O87016	O87016.1
truB	sp|Q4KIF4.1|	RecName: Full=tRNA pseudouridine synthase B; AltName: Full=tRNA pseudouridine(55) synthase; Short=Psi55 synthase; AltName: Full=tRNA pseudouridylate synthase; AltName: Full=tRNA-uridine isomerase [Pseudomonas protegens Pf-5]	96.393	305	11	0	1	915	1	305	0	600	Q4KIF4	Q4KIF4.1
truD	sp|C3K704.1|	RecName: Full=tRNA pseudouridine synthase D; AltName: Full=tRNA pseudouridine(13) synthase; AltName: Full=tRNA pseudouridylate synthase D; AltName: Full=tRNA-uridine isomerase D [Pseudomonas [fluorescens] SBW25]	94.602	352	19	0	1	1056	1	352	0	678	C3K704	C3K704.1
trxA	sp|Q9X2T1.1|	RecName: Full=Thioredoxin; Short=Trx [Pseudomonas aeruginosa PAO1]	80.769	104	20	0	16	327	5	108	4.03e-59	179	Q9X2T1	Q9X2T1.1
trxC	sp|P0AGG4.1|	RecName: Full=Thioredoxin 2; Short=Trx-2; AltName: Full=Protein-disulfide reductase [Escherichia coli K-12]	44.275	131	73	0	25	417	5	135	1.19e-40	135	P0AGG4	P0AGG4.1
tsaB	sp|Q87RD1.1|	RecName: Full=tRNA threonylcarbamoyladenosine biosynthesis protein TsaB; AltName: Full=t(6)A37 threonylcarbamoyladenosine biosynthesis protein TsaB [Vibrio parahaemolyticus RIMD 2210633]	50	224	107	5	10	666	5	228	2.9200000000000003e-64	202	Q87RD1	Q87RD1.1
tsaC	sp|Q3KKE2.1|	RecName: Full=Threonylcarbamoyl-AMP synthase; Short=TC-AMP synthase; AltName: Full=L-threonylcarbamoyladenylate synthase; AltName: Full=t(6)A37 threonylcarbamoyladenosine biosynthesis protein TsaC; AltName: Full=tRNA threonylcarbamoyladenosine biosynthesis protein TsaC [Pseudomonas fluorescens Pf0-1]	92.973	185	13	0	1	555	1	185	9.179999999999999e-125	352	Q3KKE2	Q3KKE2.1
tsaD	sp|C3K338.1|	RecName: Full=tRNA N6-adenosine threonylcarbamoyltransferase; AltName: Full=N6-L-threonylcarbamoyladenine synthase; Short=t(6)A synthase; AltName: Full=t(6)A37 threonylcarbamoyladenosine biosynthesis protein TsaD; AltName: Full=tRNA threonylcarbamoyladenosine biosynthesis protein TsaD [Pseudomonas [fluorescens] SBW25]	99.12	341	3	0	1	1023	1	341	0	664	C3K338	C3K338.1
tsaE	sp|P0AF67.1|	RecName: Full=tRNA threonylcarbamoyladenosine biosynthesis protein TsaE; AltName: Full=t(6)A37 threonylcarbamoyladenosine biosynthesis protein TsaE [Escherichia coli K-12]	56.552	145	63	0	22	456	8	152	4.849999999999999e-55	173	P0AF67	P0AF67.1
tsf	sp|C3K5Z6.1|	RecName: Full=Elongation factor Ts; Short=EF-Ts [Pseudomonas [fluorescens] SBW25]	95.122	287	14	0	1	861	1	287	2.7199999999999995e-158	445	C3K5Z6	C3K5Z6.1
tspO	sp|Q9RFC8.1|	RecName: Full=Tryptophan-rich sensory protein; Short=TSPO; AltName: Full=Translocator protein TspO; AltName: Full=TspO regulatory protein [Cereibacter sphaeroides]	46.528	144	77	0	4	435	7	150	4.9300000000000004e-33	117	Q9RFC8	Q9RFC8.1
tsx	sp|P0A261.1|	RecName: Full=Nucleoside-specific channel-forming protein Tsx; Flags: Precursor [Salmonella enterica subsp. enterica serovar Typhimurium str. LT2]	53.506	271	124	2	148	960	19	287	1.7099999999999998e-99	297	P0A261	P0A261.1
ttcA	sp|Q3K8D5.1|	RecName: Full=tRNA-cytidine(32) 2-sulfurtransferase; AltName: Full=Two-thiocytidine biosynthesis protein A; AltName: Full=tRNA 2-thiocytidine biosynthesis protein TtcA [Pseudomonas fluorescens Pf0-1]	97.08	274	8	0	1	822	1	274	0	558	Q3K8D5	Q3K8D5.1
ttgA	sp|P0C069.1|	RecName: Full=Multidrug/solvent efflux pump periplasmic linker protein MepA; Flags: Precursor [Pseudomonas putida]	78.552	359	77	0	1	1077	1	359	0	542	P0C069	P0C069.1
ttgB	sp|P0C070.1|	RecName: Full=Multidrug/solvent efflux pump membrane transporter MepB [Pseudomonas putida]	79.659	1057	204	4	1	3159	1	1050	0	1714	P0C070	P0C070.1
ttgC_1	sp|P0C071.1|	RecName: Full=Multidrug/solvent efflux pump outer membrane protein MepC; Flags: Precursor [Pseudomonas putida]	76.812	483	108	3	1	1440	1	482	0	701	P0C071	P0C071.1
ttgC_2	sp|P0C071.1|	RecName: Full=Multidrug/solvent efflux pump outer membrane protein MepC; Flags: Precursor [Pseudomonas putida]	67.452	467	148	3	1	1392	1	466	0	591	P0C071	P0C071.1
ttgC_3	sp|P0C071.1|	RecName: Full=Multidrug/solvent efflux pump outer membrane protein MepC; Flags: Precursor [Pseudomonas putida]	31.429	455	303	5	52	1404	17	466	2.35e-33	134	P0C071	P0C071.1
ttgC_5	sp|P0C071.1|	RecName: Full=Multidrug/solvent efflux pump outer membrane protein MepC; Flags: Precursor [Pseudomonas putida]	31.277	470	316	4	4	1410	3	466	3.62e-53	189	P0C071	P0C071.1
ttgF	sp|P24126.2|	RecName: Full=Fusaric acid resistance protein FusA; Flags: Precursor [Burkholderia cepacia]	34.511	368	216	5	7	1068	9	365	4.939999999999999e-47	174	P24126	P24126.2
ttgI	sp|P24126.2|	RecName: Full=Fusaric acid resistance protein FusA; Flags: Precursor [Burkholderia cepacia]	53.134	367	172	0	31	1131	11	377	9.88e-97	305	P24126	P24126.2
ttgR	sp|Q88N29.1|	RecName: Full=Probable HTH-type transcriptional regulator TtgR; AltName: Full=Efflux pump ttgABC operon regulator [Pseudomonas putida KT2440]	70	210	63	0	1	630	1	210	3.35e-108	312	Q88N29	Q88N29.1
ttr	sp|P16966.1|	RecName: Full=Acetyltransferase; AltName: Full=Tabtoxin resistance protein [Pseudomonas amygdali pv. tabaci]	68.182	176	56	0	1	528	1	176	8.019999999999999e-82	243	P16966	P16966.1
ttuB_1	sp|Q44470.1|	RecName: Full=Putative tartrate transporter [Agrobacterium vitis]	42.344	418	234	5	55	1299	8	421	5.249999999999999e-90	283	Q44470	Q44470.1
ttuD	sp|Q44472.1|	RecName: Full=Putative hydroxypyruvate reductase [Agrobacterium vitis]	50.714	420	199	5	7	1254	22	437	9.300000000000001e-97	300	Q44472	Q44472.1
ttuE	sp|O05118.2|	RecName: Full=Pyruvate kinase; Short=PK [Methylorubrum extorquens AM1]	51.709	468	224	2	1	1401	1	467	2.5799999999999997e-148	434	O05118	O05118.2
tufA	sp|C3K2X8.1|	RecName: Full=Elongation factor Tu; Short=EF-Tu [Pseudomonas [fluorescens] SBW25]	99.748	397	1	0	1	1191	1	397	0	759	C3K2X8	C3K2X8.1
tusA_1	sp|D3RPC0.1|	RecName: Full=Sulfur carrier protein TusA [Allochromatium vinosum DSM 180]	52.055	73	35	0	19	237	4	76	6.11e-23	86.3	D3RPC0	D3RPC0.1
tusA_2	sp|C3K5G5.1|	RecName: Full=Sulfur carrier protein TusA [Pseudomonas [fluorescens] SBW25]	86.747	83	11	0	1	249	1	83	5.96e-50	154	C3K5G5	C3K5G5.1
tusC	sp|Q9I0N2.1|	RecName: Full=Protein TusC homolog [Pseudomonas aeruginosa PAO1]	63.866	119	40	1	1	348	1	119	9.38e-47	149	Q9I0N2	Q9I0N2.1
tusE	sp|P45184.1|	RecName: Full=Sulfurtransferase TusE homolog [Haemophilus influenzae Rd KW20]	50.926	108	53	0	10	333	2	109	1.3e-22	87.8	P45184	P45184.1
tycC_1	sp|P0DUV4.1|	RecName: Full=Malpibaldin synthetase; AltName: Full=Nonribosomal peptide synthetase mpbA; Short=NRPS mpbA [Mortierella alpina]	38.615	2152	1214	40	37	6240	2096	4224	0	1324	P0DUV4	P0DUV4.1
tycC_2	sp|P0DUV4.1|	RecName: Full=Malpibaldin synthetase; AltName: Full=Nonribosomal peptide synthetase mpbA; Short=NRPS mpbA [Mortierella alpina]	44.792	3293	1684	46	181	9711	972	4246	0	2402	P0DUV4	P0DUV4.1
typA	sp|P0A3B1.1|	RecName: Full=Large ribosomal subunit assembly factor BipA; AltName: Full=50S ribosomal subunit assembly factor BipA; AltName: Full=GTP-binding protein BipA [Escherichia coli CFT073]	69.637	606	184	0	1	1818	1	606	0	841	P0A3B1	P0A3B1.1
tyrB	sp|P72173.2|	RecName: Full=Aspartate aminotransferase; Short=AspAT; AltName: Full=Transaminase A [Pseudomonas aeruginosa PAO1]	79.397	398	82	0	1	1194	1	398	0	603	P72173	P72173.2
tyrR_1	sp|P07604.2|	RecName: Full=HTH-type transcriptional regulatory protein TyrR [Escherichia coli K-12]	43.436	518	274	4	1	1539	1	504	9.58e-129	387	P07604	P07604.2
tyrR_2	sp|Q9ZIB7.1|	RecName: Full=HTH-type transcriptional regulatory protein TyrR [Pantoea agglomerans]	42.308	520	277	6	1	1503	1	516	2.89e-124	376	Q9ZIB7	Q9ZIB7.1
tyrS	sp|Q3K5W9.1|	RecName: Full=Tyrosine--tRNA ligase; AltName: Full=Tyrosyl-tRNA synthetase; Short=TyrRS [Pseudomonas fluorescens Pf0-1]	95.99	399	16	0	1	1197	1	399	0	724	Q3K5W9	Q3K5W9.1
uacT_1	sp|Q46821.2|	RecName: Full=Uric acid transporter UacT [Escherichia coli K-12]	51.365	403	194	2	97	1299	41	443	3.34e-111	339	Q46821	Q46821.2
uacT_2	sp|P42086.1|	RecName: Full=Xanthine permease [Bacillus subtilis subsp. subtilis str. 168]	38.497	439	266	3	49	1365	4	438	1.75e-71	236	P42086	P42086.1
uao	sp|D4GPU8.1|	RecName: Full=2-oxo-4-hydroxy-4-carboxy-5-ureidoimidazoline decarboxylase; Short=OHCU decarboxylase [Haloferax volcanii DS2]	41.401	157	85	2	34	504	12	161	3.5499999999999998e-34	121	D4GPU8	D4GPU8.1
ubiA	sp|C3K4C4.1|	RecName: Full=4-hydroxybenzoate octaprenyltransferase; AltName: Full=4-HB polyprenyltransferase [Pseudomonas [fluorescens] SBW25]	97.973	296	6	0	1	888	1	296	0	535	C3K4C4	C3K4C4.1
ubiB	sp|C3K8U2.1|	RecName: Full=Probable protein kinase UbiB; AltName: Full=Ubiquinone biosynthesis protein UbiB [Pseudomonas [fluorescens] SBW25]	98.315	534	9	0	1	1602	1	534	0	998	C3K8U2	C3K8U2.1
ubiC	sp|Q3K4G4.1|	RecName: Full=Probable chorismate pyruvate-lyase 2; Short=CL 2; Short=CPL 2 [Pseudomonas fluorescens Pf0-1]	82.39	159	28	0	85	561	25	183	1.95e-90	265	Q3K4G4	Q3K4G4.1
ubiD	sp|C3K3Y8.1|	RecName: Full=3-octaprenyl-4-hydroxybenzoate carboxy-lyase; AltName: Full=Polyprenyl p-hydroxybenzoate decarboxylase [Pseudomonas [fluorescens] SBW25]	99.385	488	3	0	1	1464	1	488	0	996	C3K3Y8	C3K3Y8.1
ubiE	sp|C3K8U4.1|	RecName: Full=Ubiquinone/menaquinone biosynthesis C-methyltransferase UbiE; AltName: Full=2-methoxy-6-polyprenyl-1,4-benzoquinol methylase; AltName: Full=Demethylmenaquinone methyltransferase [Pseudomonas [fluorescens] SBW25]	100	256	0	0	1	768	1	256	0	530	C3K8U4	C3K8U4.1
ubiG	sp|C3K6J1.1|	RecName: Full=Ubiquinone biosynthesis O-methyltransferase; AltName: Full=2-polyprenyl-6-hydroxyphenol methylase; AltName: Full=3-demethylubiquinone 3-O-methyltransferase [Pseudomonas [fluorescens] SBW25]	99.569	232	1	0	1	696	1	232	6.919999999999998e-176	485	C3K6J1	C3K6J1.1
ubiH	sp|P25534.2|	RecName: Full=2-octaprenyl-6-methoxyphenol hydroxylase [Escherichia coli K-12]	38.056	360	219	2	97	1164	29	388	2.05e-76	244	P25534	P25534.2
ubiI	sp|P25535.2|	RecName: Full=2-octaprenylphenol hydroxylase; AltName: Full=2-polyprenylphenol 6-hydroxylase [Escherichia coli K-12]	44.932	365	194	5	121	1209	38	397	7.809999999999999e-87	272	P25535	P25535.2
ubiK	sp|Q8ZLY9.1|	RecName: Full=Ubiquinone biosynthesis accessory factor UbiK [Salmonella enterica subsp. enterica serovar Typhimurium str. LT2]	53.571	56	26	0	82	249	47	102	8.28e-11	57	Q8ZLY9	Q8ZLY9.1
ubiX	sp|Q9HX08.1|	RecName: Full=Flavin prenyltransferase UbiX [Pseudomonas aeruginosa PAO1]	82.775	209	36	0	1	627	1	209	2.9499999999999995e-118	337	Q9HX08	Q9HX08.1
uctC	sp|Q7CXU0.2|	RecName: Full=Succinate--glutarate CoA-transferase [Agrobacterium fabrum str. C58]	57.143	378	157	2	10	1143	11	383	5.76e-149	431	Q7CXU0	Q7CXU0.2
uctC_1	sp|A9X6P9.1|	RecName: Full=Acetyl-CoA:oxalate CoA-transferase; Short=ACOCT; AltName: Full=Acetyl-coenzyme A transferase; AltName: Full=CoA:oxalate CoA-transferase; AltName: Full=CoAT3 [Acetobacter aceti]	47.769	381	191	3	31	1170	10	383	1.01e-117	350	A9X6P9	A9X6P9.1
udh_1	sp|Q88NN6.1|	RecName: Full=Uronate dehydrogenase; AltName: Full=D-galacturonate dehydrogenase; AltName: Full=D-glucuronate dehydrogenase; AltName: Full=Hexuronate dehydrogenase [Pseudomonas putida KT2440]	38.235	238	134	8	16	717	9	237	2.34e-39	140	Q88NN6	Q88NN6.1
udh_2	sp|Q888H1.1|	RecName: Full=Uronate dehydrogenase; AltName: Full=D-galacturonate dehydrogenase; AltName: Full=D-glucuronate dehydrogenase; AltName: Full=Hexuronate dehydrogenase [Pseudomonas syringae pv. tomato str. DC3000]	82.847	274	47	0	1	822	1	274	3.569999999999999e-159	446	Q888H1	Q888H1.1
ugpC_1	sp|Q7CS28.2|	RecName: Full=Sulfoquinovosyl glycerol transport ATP-binding protein SmoE; Short=SQGro transport ATP-binding protein SmoE; AltName: Full=SQ monooxygenase cluster protein E [Agrobacterium fabrum str. C58]	51.381	362	166	4	1	1083	1	353	3.75e-127	373	Q7CS28	Q7CS28.2
ugpC_2	sp|Q13TV1.1|	RecName: Full=sn-glycerol-3-phosphate import ATP-binding protein UgpC [Paraburkholderia xenovorans LB400]	34.973	366	222	7	4	1077	3	360	2.8400000000000002e-58	196	Q13TV1	Q13TV1.1
ugpQ	sp|P54527.2|	RecName: Full=Uncharacterized protein YqiK [Bacillus subtilis subsp. subtilis str. 168]	31.452	248	155	5	1	717	1	242	1.46e-28	111	P54527	P54527.2
uhpA	sp|P27667.1|	RecName: Full=Transcriptional regulatory protein UhpA [Salmonella enterica subsp. enterica serovar Typhimurium str. LT2]	33.816	207	116	4	28	648	3	188	1.2900000000000001e-26	104	P27667	P27667.1
ulaR	sp|Q92ET8.1|	RecName: Full=HTH-type transcriptional regulator GolR [Listeria innocua Clip11262]	32.129	249	166	2	28	765	2	250	1.34e-33	125	Q92ET8	Q92ET8.1
umuC	sp|P04152.2|	RecName: Full=Protein UmuC; AltName: Full=DNA polymerase V; Short=Pol V [Escherichia coli K-12]	45.735	422	225	3	25	1278	1	422	1.2399999999999998e-119	357	P04152	P04152.2
umuC_1	sp|P22494.1|	RecName: Full=Protein UmuC [Salmonella enterica subsp. enterica serovar Typhimurium str. LT2]	49.746	394	194	3	1	1170	29	422	9.61e-120	357	P22494	P22494.1
umuD_1	sp|P22493.1|	RecName: Full=Protein UmuD; Contains: RecName: Full=Protein UmuD' [Salmonella enterica subsp. enterica serovar Typhimurium str. LT2]	46.341	123	65	1	46	414	15	136	1.33e-25	97.4	P22493	P22493.1
umuD_2	sp|P0AG11.1|	RecName: Full=Protein UmuD; AltName: Full=DNA polymerase V; Short=Pol V; Contains: RecName: Full=Protein UmuD' [Escherichia coli K-12]	42.241	116	66	1	52	399	17	131	1.32e-18	79.3	P0AG11	P0AG11.1
ung	sp|C3KDS6.1|	RecName: Full=Uracil-DNA glycosylase; Short=UDG [Pseudomonas [fluorescens] SBW25]	94.323	229	13	0	1	687	1	229	2.5699999999999996e-164	455	C3KDS6	C3KDS6.1
upp	sp|C3KAJ8.1|	RecName: Full=Uracil phosphoribosyltransferase; AltName: Full=UMP pyrophosphorylase; AltName: Full=UPRTase [Pseudomonas [fluorescens] SBW25]	98.585	212	3	0	1	636	1	212	8.739999999999999e-151	420	C3KAJ8	C3KAJ8.1
uppP_1	sp|Q98NJ1.1|	RecName: Full=Undecaprenyl-diphosphatase 2; AltName: Full=Bacitracin resistance protein 2; AltName: Full=Undecaprenyl pyrophosphate phosphatase 2 [Mesorhizobium japonicum MAFF 303099]	74.899	247	62	0	79	819	1	247	2.5599999999999998e-95	285	Q98NJ1	Q98NJ1.1
uppP_2~~~uppP_1	sp|Q4KC13.1|	RecName: Full=Undecaprenyl-diphosphatase; AltName: Full=Bacitracin resistance protein; AltName: Full=Undecaprenyl pyrophosphate phosphatase [Pseudomonas protegens Pf-5]	90.58	276	26	0	19	846	1	276	0	506	Q4KC13	Q4KC13.1
uraA	sp|Q9CPL9.1|	RecName: Full=Probable uracil permease; AltName: Full=Uracil transporter; AltName: Full=Uracil/H(+) symporter UraA [Pasteurella multocida subsp. multocida str. Pm70]	58.637	411	159	3	31	1263	16	415	3.9799999999999996e-147	427	Q9CPL9	Q9CPL9.1
ureA	sp|C3K5A5.1|	RecName: Full=Urease subunit gamma; AltName: Full=Urea amidohydrolase subunit gamma [Pseudomonas [fluorescens] SBW25]	98	100	2	0	1	300	1	100	5.68e-68	201	C3K5A5	C3K5A5.1
ureB	sp|C3K5A2.1|	RecName: Full=Urease subunit beta; AltName: Full=Urea amidohydrolase subunit beta [Pseudomonas [fluorescens] SBW25]	92.079	101	8	0	1	303	1	101	1.23e-65	195	C3K5A2	C3K5A2.1
ureC	sp|Q3KIT2.1|	RecName: Full=Urease subunit alpha; AltName: Full=Urea amidohydrolase subunit alpha [Pseudomonas fluorescens Pf0-1]	92.933	566	40	0	1	1698	1	566	0	1051	Q3KIT2	Q3KIT2.1
ureD	sp|Q3KIS7.1|	RecName: Full=Urease accessory protein UreD [Pseudomonas fluorescens Pf0-1]	86.738	279	37	0	1	837	1	279	1.1099999999999999e-175	488	Q3KIS7	Q3KIS7.1
ureE	sp|C3K4L5.1|	RecName: Full=Urease accessory protein UreE [Pseudomonas [fluorescens] SBW25]	98.795	166	2	0	1	498	1	166	3.789999999999999e-119	336	C3K4L5	C3K4L5.1
ureF	sp|C3K4L4.1|	RecName: Full=Urease accessory protein UreF [Pseudomonas [fluorescens] SBW25]	92.857	224	16	0	1	672	1	224	1.0599999999999999e-125	357	C3K4L4	C3K4L4.1
ureG	sp|C3K4L3.1|	RecName: Full=Urease accessory protein UreG [Pseudomonas [fluorescens] SBW25]	99.51	204	1	0	1	612	1	204	2.24e-136	382	C3K4L3	C3K4L3.1
usg	sp|P96199.1|	RecName: Full=USG-1 protein homolog [Azotobacter vinelandii]	60.502	319	126	0	1	957	1	319	7.98e-127	369	P96199	P96199.1
uspA2	sp|Q83AC1.1|	RecName: Full=Universal stress protein A homolog 1 [Coxiella burnetii RSA 493]	39.286	140	85	0	19	438	3	142	1.9699999999999998e-23	92.4	Q83AC1	Q83AC1.1
uspE_1	sp|Q83AC1.1|	RecName: Full=Universal stress protein A homolog 1 [Coxiella burnetii RSA 493]	34.667	150	81	4	460	897	4	140	7.68e-16	76.3	Q83AC1	Q83AC1.1
uspE_4	sp|Q8Z788.3|	RecName: Full=Universal stress protein E [Salmonella enterica subsp. enterica serovar Typhi]	30.225	311	185	9	1	843	1	309	3.64e-36	134	Q8Z788	Q8Z788.3
uup	sp|P43672.2|	RecName: Full=ATP-binding protein Uup [Escherichia coli K-12]	50.312	642	304	4	1	1917	1	630	8.089999999999999e-180	527	P43672	P43672.2
uvrA_1	sp|Q88QK7.1|	RecName: Full=UvrABC system protein A; Short=UvrA protein; AltName: Full=Excinuclease ABC subunit A [Pseudomonas putida KT2440]	92.055	944	75	0	1	2832	1	944	0	1796	Q88QK7	Q88QK7.1
uvrA_2	sp|P52087.1|	RecName: Full=UvrABC system protein A; Short=UvrA protein; AltName: Full=Excinuclease ABC subunit A [Paucimonas lemoignei]	68.554	671	201	4	46	2028	19	689	0	861	P52087	P52087.1
uvrB	sp|Q4KF19.1|	RecName: Full=UvrABC system protein B; Short=Protein UvrB; AltName: Full=Excinuclease ABC subunit B [Pseudomonas protegens Pf-5]	94.635	671	36	0	1	2013	1	671	0	1297	Q4KF19	Q4KF19.1
uvrC	sp|C3K7T2.1|	RecName: Full=UvrABC system protein C; Short=Protein UvrC; AltName: Full=Excinuclease ABC subunit C [Pseudomonas [fluorescens] SBW25]	98.517	607	9	0	1	1821	1	607	0	1232	C3K7T2	C3K7T2.1
uvrD	sp|P03018.1|	RecName: Full=DNA helicase II; AltName: Full=DNA 3'-5' helicase II [Escherichia coli K-12]	62.797	715	255	3	46	2181	14	720	0	875	P03018	P03018.1
uvrY	sp|P0AED5.1|	RecName: Full=Response regulator UvrY [Escherichia coli K-12]	39.234	209	126	1	1	624	1	209	4.5499999999999995e-45	152	P0AED5	P0AED5.1
valS	sp|Q4KHT9.1|	RecName: Full=Valine--tRNA ligase; AltName: Full=Valyl-tRNA synthetase; Short=ValRS [Pseudomonas protegens Pf-5]	95.253	948	45	0	1	2844	1	948	0	1810	Q4KHT9	Q4KHT9.1
ves	sp|P24696.1|	RecName: Full=Uncharacterized 21.2 kDa protein in hutC 3'region [Pseudomonas putida]	64.021	189	63	1	1	552	1	189	1.2e-83	248	P24696	P24696.1
vfr	sp|P55222.1|	RecName: Full=cAMP-activated global transcriptional regulator Vfr [Pseudomonas aeruginosa PAO1]	82.243	214	38	0	1	642	1	214	4.55e-129	365	P55222	P55222.1
vgrG1_1	sp|Q9I741.1|	RecName: Full=Type VI secretion system spike protein VgrG1a; AltName: Full=T6SS spike protein VgrG1a [Pseudomonas aeruginosa PAO1]	70.423	639	189	0	13	1929	2	640	0	926	Q9I741	Q9I741.1
vgrG1_2	sp|Q9HYC3.1|	RecName: Full=Type VI secretion system spike protein VgrG4b [Pseudomonas aeruginosa PAO1]	57.143	623	251	4	1	1824	1	622	0	699	Q9HYC3	Q9HYC3.1
vgrG1_3	sp|Q9HYC3.1|	RecName: Full=Type VI secretion system spike protein VgrG4b [Pseudomonas aeruginosa PAO1]	53.76	625	275	7	19	1857	1	623	0	640	Q9HYC3	Q9HYC3.1
vioA	sp|Q6U1I3.1|	RecName: Full=dTDP-4-amino-4,6-dideoxy-D-glucose transaminase [Shigella dysenteriae]	41.436	362	203	6	7	1068	5	365	2.65e-91	281	Q6U1I3	Q6U1I3.1
virB8	sp|P0C532.1|	RecName: Full=Type IV secretion system protein VirB8 [Brucella abortus bv. 1 str. 9-941]	32.127	221	141	6	121	777	23	236	2.85e-24	100	P0C532	P0C532.1
virD4	sp|A0AAI7ZGC9.1|	RecName: Full=Type IV secretion system-coupling protein VirD4; AltName: Full=T4SS coupling protein VirD4 [Xanthomonas citri subsp. citri 306]	32.955	440	258	8	112	1398	130	543	2.01e-65	224	A0AAI7ZGC9	A0AAI7ZGC9.1
vldW	sp|A0A0S6XHQ0.1|	RecName: Full=2-oxoglutarate-dependent dioxygenase frbJ; AltName: Full=FR901469 biosynthesis cluster protein J [Dothideomycetidae sp. 11243]	35.174	344	203	9	10	993	2	341	1.3799999999999998e-56	191	A0A0S6XHQ0	A0A0S6XHQ0.1
vraR	sp|Q7CQM5.1|	RecName: Full=Response regulator SsrB [Salmonella enterica subsp. enterica serovar Typhimurium str. LT2]	42.788	208	118	1	1	624	1	207	3.14e-44	150	Q7CQM5	Q7CQM5.1
waaA	sp|P0AC75.1|	RecName: Full=3-deoxy-D-manno-octulosonic acid transferase; Short=Kdo transferase; AltName: Full=Bifunctional Kdo transferase; AltName: Full=Kdo-lipid IV(A) 3-deoxy-D-manno-octulosonic acid transferase; AltName: Full=Lipid IV(A) 3-deoxy-D-manno-octulosonic acid transferase [Escherichia coli K-12]	53.81	420	191	2	1	1260	1	417	7.019999999999999e-133	391	P0AC75	P0AC75.1
walR_1	sp|P46384.1|	RecName: Full=Protein PilG [Pseudomonas aeruginosa PAO1]	84.848	132	20	0	1	396	1	132	1.13e-79	234	P46384	P46384.1
walR_2	sp|A0A0H2UQ68.1|	RecName: Full=Transcriptional regulatory protein WalR [Streptococcus pneumoniae TIGR4]	40.496	121	63	3	1	351	1	116	3.34e-19	82.4	A0A0H2UQ68	A0A0H2UQ68.1
wbiB	sp|Q2SYH7.1|	RecName: Full=dTDP-L-rhamnose 4-epimerase [Burkholderia thailandensis E264]	58.14	344	144	0	7	1038	12	355	1.1599999999999998e-144	416	Q2SYH7	Q2SYH7.1
wecH	sp|P37669.1|	RecName: Full=O-acetyltransferase WecH [Escherichia coli K-12]	34.074	135	77	4	25	414	8	135	3.96e-6	51.6	P37669	P37669.1
wspC	sp|Q88MS8.1|	RecName: Full=Probable biofilm formation methyltransferase WspC [Pseudomonas putida KT2440]	57.323	396	146	3	7	1146	2	390	3.9799999999999996e-140	409	Q88MS8	Q88MS8.1
wzxE	sp|P0AAA7.1|	RecName: Full=Lipid III flippase [Escherichia coli K-12]	30.695	417	281	3	1	1236	1	414	1.01e-50	179	P0AAA7	P0AAA7.1
xanP_1	sp|P0AGM9.1|	RecName: Full=Xanthine permease XanP [Escherichia coli K-12]	47.228	451	231	5	4	1338	13	462	4.25e-129	385	P0AGM9	P0AGM9.1
xanP_1~~~xanP_2	sp|P0AGM9.1|	RecName: Full=Xanthine permease XanP [Escherichia coli K-12]	45.312	448	240	4	94	1422	9	456	1.1499999999999999e-128	385	P0AGM9	P0AGM9.1
xcpT	sp|Q00514.1|	RecName: Full=Type II secretion system core protein G; Short=T2SS core protein G; AltName: Full=General secretion pathway protein G; AltName: Full=PilD-dependent protein PddA; Flags: Precursor [Pseudomonas aeruginosa PAO1]	36.691	139	83	2	37	444	6	142	8.02e-14	67.4	Q00514	Q00514.1
xerC_1	sp|C3K438.1|	RecName: Full=Tyrosine recombinase XerC [Pseudomonas [fluorescens] SBW25]	97.993	299	6	0	1	897	1	299	0	547	C3K438	C3K438.1
xerC_2	sp|P16470.1|	RecName: Full=Shufflon-specific DNA recombinase [Escherichia coli]	35.514	321	149	7	46	975	10	283	2.9e-41	150	P16470	P16470.1
xerC_5	sp|P42540.1|	RecName: Full=Probable integrase/recombinase; AltName: Full=ORF5 [Plasmavirus L2]	30.387	181	95	7	1441	1959	115	272	2.35e-8	60.1	P42540	P42540.1
xerC_6	sp|P06723.1|	RecName: Full=Integrase [Eganvirus ev186]	45.205	292	145	4	61	927	51	330	9.3e-80	249	P06723	P06723.1
xerC_7~~~xerC_4	sp|P04890.1|	RecName: Full=Integrase [Lederbergvirus P22]	30.213	235	106	7	526	1182	163	355	5.31e-19	91.3	P04890	P04890.1
xerD	sp|Q88MV0.1|	RecName: Full=Tyrosine recombinase XerD [Pseudomonas putida KT2440]	86.913	298	39	0	1	894	1	298	0	519	Q88MV0	Q88MV0.1
xpkA	sp|Q7UH14.1|	RecName: Full=Probable phosphoketolase [Rhodopirellula baltica SH 1]	70.694	778	224	3	88	2412	13	789	0	1168	Q7UH14	Q7UH14.1
xpt	sp|C3K452.1|	RecName: Full=Xanthine phosphoribosyltransferase; Short=XPRTase [Pseudomonas [fluorescens] SBW25]	98.421	190	3	0	1	570	1	190	3.3e-132	371	C3K452	C3K452.1
xseA	sp|C3K1K5.1|	RecName: Full=Exodeoxyribonuclease 7 large subunit; AltName: Full=Exodeoxyribonuclease VII large subunit; Short=Exonuclease VII large subunit [Pseudomonas [fluorescens] SBW25]	97.386	459	12	0	1	1377	1	459	0	801	C3K1K5	C3K1K5.1
xseB	sp|C3K2Q9.1|	RecName: Full=Exodeoxyribonuclease 7 small subunit; AltName: Full=Exodeoxyribonuclease VII small subunit; Short=Exonuclease VII small subunit [Pseudomonas [fluorescens] SBW25]	100	80	0	0	1	240	1	80	2.3e-50	155	C3K2Q9	C3K2Q9.1
xthA	sp|P09030.4|	RecName: Full=Exodeoxyribonuclease III; Short=EXO III; Short=Exonuclease III; AltName: Full=AP endonuclease VI [Escherichia coli K-12]	66.541	266	86	2	1	798	1	263	5.37e-135	384	P09030	P09030.4
xylB_1	sp|P35850.2|	RecName: Full=Xylulose kinase; Short=Xylulokinase [Levilactobacillus brevis]	30.078	512	326	12	1	1509	6	494	2.58e-58	204	P35850	P35850.2
xylB_2	sp|P09099.1|	RecName: Full=Xylulose kinase; Short=XK; Short=Xylulokinase; AltName: Full=1-deoxy-D-xylulokinase [Escherichia coli K-12]	44.172	489	243	6	19	1431	3	479	2.83e-124	374	P09099	P09099.1
xylB_3	sp|P44401.1|	RecName: Full=Xylulose kinase; Short=Xylulokinase [Haemophilus influenzae Rd KW20]	53.196	485	223	1	16	1458	1	485	0	539	P44401	P44401.1
yaaA	sp|C3KE01.1|	RecName: Full=UPF0246 protein PFLU_0992 [Pseudomonas [fluorescens] SBW25]	97.297	259	7	0	1	777	1	259	0	523	C3KE01	C3KE01.1
yabJ_1	sp|P40431.2|	RecName: Full=RutC family protein in vnfA 5'region; AltName: Full=ORF1 [Azotobacter vinelandii]	80.159	126	24	1	1	375	1	126	3.14e-71	211	P40431	P40431.2
yabJ_2	sp|Q9UZA3.1|	RecName: Full=RutC family protein PYRAB12510 [Pyrococcus abyssi GE5]	38.961	77	46	1	73	300	26	102	3.31e-12	62	Q9UZA3	Q9UZA3.1
yabJ_3	sp|Q8U308.1|	RecName: Full=2-iminobutanoate/2-iminopropanoate deaminase; AltName: Full=Enamine/imine deaminase [Pyrococcus furiosus DSM 3638]	34.234	111	70	3	61	390	18	126	4.92e-13	64.3	Q8U308	Q8U308.1
yabJ_4	sp|Q8U308.1|	RecName: Full=2-iminobutanoate/2-iminopropanoate deaminase; AltName: Full=Enamine/imine deaminase [Pyrococcus furiosus DSM 3638]	46.018	113	55	4	55	381	16	126	4.47e-28	102	Q8U308	Q8U308.1
yabJ_5	sp|Q9UZA3.1|	RecName: Full=RutC family protein PYRAB12510 [Pyrococcus abyssi GE5]	38.017	121	75	0	4	366	4	124	5.77e-20	82	Q9UZA3	Q9UZA3.1
yacG	sp|C3KE92.1|	RecName: Full=DNA gyrase inhibitor YacG [Pseudomonas [fluorescens] SBW25]	90.909	66	6	0	1	198	1	66	2.41e-39	126	C3KE92	C3KE92.1
yadG	sp|P36879.1|	RecName: Full=Uncharacterized ABC transporter ATP-binding protein YadG [Escherichia coli K-12]	68.439	301	94	1	1	903	1	300	3.2299999999999997e-144	411	P36879	P36879.1
yadH	sp|P0AFN6.1|	RecName: Full=Inner membrane transport permease YadH [Escherichia coli K-12]	60.8	250	98	0	28	777	7	256	1.64e-93	278	P0AFN6	P0AFN6.1
yadV_1	sp|P33128.2|	RecName: Full=Probable fimbrial chaperone YadV; Flags: Precursor [Escherichia coli K-12]	39.744	234	126	5	61	759	19	238	2.82e-46	158	P33128	P33128.2
yadV_1~~~yadV_3	sp|P33409.2|	RecName: Full=Chaperone protein FimB/FhaD; Flags: Precursor [Bordetella pertussis Tohama I]	34.274	248	147	7	10	726	3	243	1.65e-36	132	P33409	P33409.2
yadV_3	sp|P33128.2|	RecName: Full=Probable fimbrial chaperone YadV; Flags: Precursor [Escherichia coli K-12]	42.437	238	127	4	82	786	16	246	1.6799999999999997e-55	181	P33128	P33128.2
yadV_4	sp|P33128.2|	RecName: Full=Probable fimbrial chaperone YadV; Flags: Precursor [Escherichia coli K-12]	38.655	238	133	5	58	762	19	246	1.4e-48	163	P33128	P33128.2
yaeQ	sp|P0A1S6.1|	RecName: Full=Uncharacterized protein YaeQ [Salmonella enterica subsp. enterica serovar Typhimurium str. LT2]	34.483	174	112	1	1	516	1	174	2.96e-26	101	P0A1S6	P0A1S6.1
yafJ	sp|Q47147.1|	RecName: Full=Putative glutamine amidotransferase YafJ [Escherichia coli K-12]	61.811	254	95	2	1	756	1	254	2.43e-108	316	Q47147	Q47147.1
yafV	sp|Q47679.1|	RecName: Full=Omega-amidase YafV [Escherichia coli K-12]	51.751	257	121	3	19	786	1	255	3.64e-83	252	Q47679	Q47679.1
yahB	sp|P0ACR2.1|	RecName: Full=HTH-type transcriptional regulator PunR [Escherichia coli K-12]	64.356	303	108	0	1	909	1	303	1.71e-141	404	P0ACR2	P0ACR2.1
yahK	sp|P75691.1|	RecName: Full=Aldehyde reductase YahK; AltName: Full=Zinc-dependent alcohol dehydrogenase YahK [Escherichia coli K-12]	66.859	347	113	2	7	1044	2	347	1.61e-154	441	P75691	P75691.1
yajC	sp|P57234.1|	RecName: Full=Sec translocon accessory complex subunit YajC [Buchnera aphidicola str. APS (Acyrthosiphon pisum)]	43.86	114	59	3	1	336	1	111	2.49e-24	92	P57234	P57234.1
yajO_1	sp|O23016.1|	RecName: Full=Probable voltage-gated potassium channel subunit beta; AltName: Full=K(+) channel subunit beta; AltName: Full=Potassium voltage beta 1; Short=KV-beta1 [Arabidopsis thaliana]	35.38	342	194	11	1	987	1	328	1.3399999999999999e-56	190	O23016	O23016.1
yajO_2	sp|Q40648.2|	RecName: Full=Probable voltage-gated potassium channel subunit beta; AltName: Full=K(+) channel subunit beta [Oryza sativa Japonica Group]	41.118	304	170	6	1	894	1	301	1.67e-60	199	Q40648	Q40648.2
yajO_3	sp|P77735.2|	RecName: Full=1-deoxyxylulose-5-phosphate synthase YajO [Escherichia coli K-12]	45.679	324	166	5	1	951	1	321	8.950000000000001e-91	277	P77735	P77735.2
yajR	sp|P77726.2|	RecName: Full=Inner membrane transport protein YajR [Escherichia coli K-12]	54.405	454	200	3	13	1365	2	451	4.549999999999999e-151	440	P77726	P77726.2
ybaB	sp|C3K0S7.1|	RecName: Full=Nucleoid-associated protein PFLU_4577 [Pseudomonas [fluorescens] SBW25]	96.429	112	4	0	1	336	1	112	2.5100000000000002e-58	178	C3K0S7	C3K0S7.1
ybaK	sp|P0AAR3.1|	RecName: Full=Cys-tRNA(Pro)/Cys-tRNA(Cys) deacylase YbaK [Escherichia coli K-12]	60.51	157	60	1	1	465	1	157	7.23e-59	183	P0AAR3	P0AAR3.1
ybaN	sp|P0AAR5.1|	RecName: Full=Inner membrane protein YbaN [Escherichia coli K-12]	43.75	112	63	0	25	360	3	114	6.34e-9	53.5	P0AAR5	P0AAR5.1
ybbJ	sp|P0AAS3.2|	RecName: Full=Inner membrane protein YbbJ [Escherichia coli K-12]	44.961	129	65	4	70	444	24	150	1.62e-26	100	P0AAS3	P0AAS3.2
ybcO	sp|P68661.1|	RecName: Full=Putative nuclease YbcO [Escherichia coli K-12]	45.918	98	49	2	1	291	1	95	1.43e-18	76.6	P68661	P68661.1
ybdG	sp|P0AAT4.1|	RecName: Full=Mechanosensing system component YbdG; AltName: Full=Mechanosensitive channel homolog YbdG [Escherichia coli K-12]	47.025	353	182	3	184	1236	59	408	3.889999999999999e-107	325	P0AAT4	P0AAT4.1
ybdL	sp|P77806.1|	RecName: Full=Methionine aminotransferase; AltName: Full=Methionine-oxo-acid transaminase [Escherichia coli K-12]	53.457	376	173	2	10	1137	10	383	5.44e-140	406	P77806	P77806.1
ybeY	sp|C3K2K8.1|	RecName: Full=Endoribonuclease YbeY [Pseudomonas [fluorescens] SBW25]	97.351	151	4	0	1	453	1	151	5.95e-103	294	C3K2K8	C3K2K8.1
ybeZ	sp|P0A9K3.2|	RecName: Full=PhoH-like protein [Escherichia coli K-12]	61.231	325	119	2	193	1146	3	327	1.1099999999999998e-130	382	P0A9K3	P0A9K3.2
ybgC	sp|P0A8Z3.1|	RecName: Full=Acyl-CoA thioester hydrolase YbgC; Short=Acyl-CoA thioesterase [Escherichia coli K-12]	47.581	124	64	1	40	411	10	132	2.83e-33	117	P0A8Z3	P0A8Z3.1
ybhN	sp|P75770.1|	RecName: Full=Inner membrane protein YbhN [Escherichia coli K-12]	48.421	285	142	3	100	945	32	314	1.5799999999999998e-82	255	P75770	P75770.1
ybiT	sp|P0A9U3.1|	RecName: Full=Probable ATP-binding protein YbiT [Escherichia coli K-12]	73.512	521	135	1	1	1554	9	529	0	814	P0A9U3	P0A9U3.1
ybjJ	sp|Q7CH99.1|	RecName: Full=Uncharacterized MFS-type transporter YPO1221/y2967/YP_0917 [Yersinia pestis]	54.447	371	168	1	28	1137	10	380	1.01e-72	234	Q7CH99	Q7CH99.1
ybjJ_3	sp|Q7CH99.1|	RecName: Full=Uncharacterized MFS-type transporter YPO1221/y2967/YP_0917 [Yersinia pestis]	46.575	365	193	2	13	1104	21	384	1.4999999999999998e-72	234	Q7CH99	Q7CH99.1
ycaC	sp|P21367.1|	RecName: Full=Probable hydrolase YcaC [Escherichia coli K-12]	72.249	209	57	1	1	627	1	208	1.61e-113	325	P21367	P21367.1
ycaC_1	sp|P21367.1|	RecName: Full=Probable hydrolase YcaC [Escherichia coli K-12]	72.906	203	55	0	7	615	5	207	2.4599999999999997e-110	317	P21367	P21367.1
ycbB	sp|P22525.2|	RecName: Full=Probable L,D-transpeptidase YcbB [Escherichia coli K-12]	30.92	511	291	11	187	1551	93	597	5.36e-53	192	P22525	P22525.2
ycbX	sp|P75863.1|	RecName: Full=6-hydroxylaminopurine reductase YcbX; AltName: Full=Hydroxylaminopurine resistance molybdoenzyme YcbX [Escherichia coli K-12]	37.546	269	161	4	1	801	1	264	6.55e-44	155	P75863	P75863.1
yccA	sp|Q03268.1|	RecName: Full=Uncharacterized protein PA2604 [Pseudomonas aeruginosa PAO1]	80.269	223	43	1	1	669	1	222	5.73e-110	317	Q03268	Q03268.1
yccS	sp|P75870.2|	RecName: Full=Inner membrane protein YccS [Escherichia coli K-12]	44.076	633	343	5	61	1947	17	642	1.6099999999999998e-153	466	P75870	P75870.2
yceD	sp|P43790.1|	RecName: Full=Large ribosomal RNA subunit accumulation protein YceD; AltName: Full=23S rRNA accumulation protein YceD [Haemophilus influenzae Rd KW20]	32.738	168	112	1	16	516	6	173	5.61e-11	61.2	P43790	P43790.1
yceF	sp|Q3K8K5.1|	RecName: Full=7-methyl-GTP pyrophosphatase; Short=m(7)GTP pyrophosphatase [Pseudomonas fluorescens Pf0-1]	87.5	192	24	0	1	576	1	192	3.1299999999999998e-114	325	Q3K8K5	Q3K8K5.1
yceI_1	sp|Q4K4H3.1|	RecName: Full=UPF0312 protein PFL_5802; Flags: Precursor [Pseudomonas protegens Pf-5]	88.384	198	23	0	1	594	1	198	3.05e-128	362	Q4K4H3	Q4K4H3.1
yceI_2	sp|C1DI88.1|	RecName: Full=UPF0312 protein Avin_03250; Flags: Precursor [Azotobacter vinelandii DJ]	34.314	102	66	1	106	408	37	138	1.16e-18	82.4	C1DI88	C1DI88.1
yceJ_1	sp|P75925.1|	RecName: Full=Cytochrome b561 homolog 2 [Escherichia coli K-12]	55.738	183	81	0	1	549	1	183	1.1799999999999998e-67	207	P75925	P75925.1
ycfH	sp|P0AFQ7.1|	RecName: Full=Uncharacterized metal-dependent hydrolase YcfH [Escherichia coli K-12]	53.125	256	115	3	1	762	2	254	2.4300000000000002e-80	245	P0AFQ7	P0AFQ7.1
ycgJ	sp|P30866.1|	RecName: Full=Uncharacterized protein YafE [Escherichia coli K-12]	56.122	196	86	0	175	762	10	205	6.93e-71	219	P30866	P30866.1
ycgL	sp|C3K5F2.1|	RecName: Full=YcgL domain-containing protein PFLU_1517 [Pseudomonas [fluorescens] SBW25]	94.845	97	5	0	1	291	1	97	6.44e-63	188	C3K5F2	C3K5F2.1
ycgM_1	sp|P76004.1|	RecName: Full=Oxaloacetate tautomerase YcgM [Escherichia coli K-12]	47.418	213	110	2	7	642	2	213	1.36e-65	204	P76004	P76004.1
ycgM_2	sp|Q8R0F8.3|	RecName: Full=Oxaloacetate tautomerase FAHD1, mitochondrial; AltName: Full=Acylpyruvase FAHD1; AltName: Full=Acylpyruvate hydrolase; Short=ApH; AltName: Full=Fumarylacetoacetate hydrolase domain-containing protein 1; AltName: Full=Oxaloacetate decarboxylase; Short=OAA decarboxylase; Short=ODx; Flags: Precursor [Mus musculus]	40.976	205	120	1	76	690	15	218	2.0599999999999997e-52	171	Q8R0F8	Q8R0F8.3
ycgR	sp|Q88EQ6.1|	RecName: Full=Flagellar brake protein YcgR; AltName: Full=Cyclic di-GMP binding protein YcgR [Pseudomonas putida KT2440]	73.061	245	64	1	13	741	2	246	3.609999999999999e-133	378	Q88EQ6	Q88EQ6.1
ychF	sp|Q9CP90.3|	RecName: Full=Ribosome-binding ATPase YchF [Pasteurella multocida subsp. multocida str. Pm70]	71.038	366	103	2	1	1098	1	363	0	545	Q9CP90	Q9CP90.3
yciB	sp|C3JYP5.1|	RecName: Full=Inner membrane-spanning protein YciB [Pseudomonas [fluorescens] SBW25]	98.837	172	2	0	46	561	16	187	9.179999999999998e-121	343	C3JYP5	C3JYP5.1
yciC	sp|P31521.1|	RecName: Full=Zinc chaperone P47K; AltName: Full=47 kDa protein; Short=P47K [Pseudomonas chlororaphis subsp. chlororaphis]	54.639	388	173	2	10	1167	9	395	2.9299999999999993e-152	439	P31521	P31521.1
yciE	sp|P21363.1|	RecName: Full=Protein YciE [Escherichia coli K-12]	50	152	76	0	1	456	17	168	2.1299999999999998e-48	156	P21363	P21363.1
yciF	sp|P21362.1|	RecName: Full=Protein YciF [Escherichia coli K-12]	61.111	162	62	1	1	483	1	162	2.4999999999999998e-54	172	P21362	P21362.1
yciH	sp|P45116.1|	RecName: Full=Uncharacterized protein HI_1225 [Haemophilus influenzae Rd KW20]	46.364	110	50	1	40	369	6	106	1.8999999999999998e-23	90.1	P45116	P45116.1
yciI_1	sp|P0AB55.1|	RecName: Full=Protein YciI [Escherichia coli K-12]	70.408	98	29	0	1	294	1	98	3.4e-44	141	P0AB55	P0AB55.1
yciK	sp|P31808.3|	RecName: Full=Uncharacterized oxidoreductase YciK [Escherichia coli K-12]	51.852	243	115	1	10	738	3	243	3.2899999999999996e-60	193	P31808	P31808.3
yciO	sp|P0AFR4.1|	RecName: Full=Threonylcarbamoyl-AMP synthase YciO; AltName: Full=L-threonylcarbamoyladenylate synthase [Escherichia coli K-12]	59.709	206	83	0	40	657	1	206	1.38e-82	247	P0AFR4	P0AFR4.1
yciV	sp|P44176.1|	RecName: Full=5'-3' exoribonuclease; AltName: Full=3',5'-nucleotide bisphosphate phosphatase; AltName: Full=RNase AM [Haemophilus influenzae Rd KW20]	41.455	275	155	1	10	834	6	274	5.5599999999999996e-67	213	P44176	P44176.1
ydbD	sp|Q97FE0.1|	RecName: Full=Probable manganese catalase [Clostridium acetobutylicum ATCC 824]	41.818	220	110	5	1	654	1	204	2.29e-41	145	Q97FE0	Q97FE0.1
ydbM	sp|P96608.1|	RecName: Full=Putative acyl-CoA dehydrogenase YdbM [Bacillus subtilis subsp. subtilis str. 168]	32.213	357	225	7	97	1143	32	379	1.0700000000000001e-49	174	P96608	P96608.1
ydcO	sp|P76103.2|	RecName: Full=Inner membrane protein YdcO [Escherichia coli K-12]	46.113	373	201	0	58	1176	11	383	1.0700000000000001e-86	271	P76103	P76103.2
ydcV_1	sp|P0AFL1.1|	RecName: Full=Putrescine transport system permease protein PotI [Escherichia coli K-12]	64.202	257	92	0	28	798	15	271	6.2699999999999995e-89	269	P0AFL1	P0AFL1.1
ydcV_2	sp|P0AFK6.1|	RecName: Full=Spermidine/putrescine transport system permease protein PotC [Escherichia coli K-12]	33.831	201	132	1	115	717	29	228	2.3300000000000002e-29	115	P0AFK6	P0AFK6.1
ydcV_3	sp|P0AFK6.1|	RecName: Full=Spermidine/putrescine transport system permease protein PotC [Escherichia coli K-12]	35.211	213	137	1	103	738	39	251	1.52e-29	115	P0AFK6	P0AFK6.1
yddE	sp|Q9I073.1|	RecName: Full=Uncharacterized isomerase PA2770 [Pseudomonas aeruginosa PAO1]	70.656	259	76	0	1	777	1	259	2.4899999999999998e-136	387	Q9I073	Q9I073.1
yddM	sp|P37371.2|	RecName: Full=Uncharacterized HTH-type transcriptional regulator Synpcc7942_2319; AltName: Full=ORF 1 [Synechococcus elongatus PCC 7942 = FACHB-805]	57.143	56	24	0	31	198	3	58	4.64e-15	67	P37371	P37371.2
ydeP	sp|Q8XAX1.3|	RecName: Full=Protein YdeP [Escherichia coli O157:H7]	47.9	762	386	5	34	2307	2	756	0	734	Q8XAX1	Q8XAX1.3
ydeP_1	sp|Q8XAX1.3|	RecName: Full=Protein YdeP [Escherichia coli O157:H7]	45.478	763	405	6	16	2292	2	757	0	676	Q8XAX1	Q8XAX1.3
ydgC	sp|P52112.1|	RecName: Full=Membrane protein GlpM [Pseudomonas aeruginosa PAO1]	82.418	91	16	0	64	336	19	109	1.68e-36	122	P52112	P52112.1
ydhC_1	sp|P37597.3|	RecName: Full=Purine nucleoside transporter; AltName: Full=Adenosine efflux transporter [Escherichia coli K-12]	31.818	264	162	7	49	816	2	255	1.6099999999999998e-24	107	P37597	P37597.3
ydhC_2	sp|P37597.3|	RecName: Full=Purine nucleoside transporter; AltName: Full=Adenosine efflux transporter [Escherichia coli K-12]	57.96	402	159	3	1	1182	1	400	2.12e-120	357	P37597	P37597.3
ydhF	sp|P76187.2|	RecName: Full=Oxidoreductase YdhF [Escherichia coli K-12]	52.649	302	135	4	16	918	4	298	2.22e-102	304	P76187	P76187.2
ydhP_1	sp|P77389.1|	RecName: Full=Inner membrane transport protein YdhP [Escherichia coli K-12]	47.076	342	181	0	46	1071	18	359	1.04e-75	243	P77389	P77389.1
ydhP_2	sp|Q8X625.1|	RecName: Full=Inner membrane transport protein YdhP [Escherichia coli O157:H7]	39.344	305	184	1	88	999	17	321	2.9899999999999994e-42	155	Q8X625	Q8X625.1
ydhP_3	sp|O34367.1|	RecName: Full=Uncharacterized MFS-type transporter YtbD [Bacillus subtilis subsp. subtilis str. 168]	56.021	382	167	1	10	1155	11	391	9.93e-116	345	O34367	O34367.1
ydiK_1	sp|P9WFM2.1|	RecName: Full=Putative transport protein MT1133 [Mycobacterium tuberculosis CDC1551]	30.46	174	115	3	550	1056	182	354	1.08e-11	68.9	P9WFM2	P9WFM2.1
ydiK_2	sp|P0AFS7.1|	RecName: Full=Putative transport protein YdiK [Escherichia coli K-12]	37.037	324	196	5	55	1017	26	344	5.41e-33	129	P0AFS7	P0AFS7.1
ydiO	sp|P50192.1|	RecName: Full=Type II methyltransferase M1.HphI; Short=M1.HphI; AltName: Full=Cytosine-specific methyltransferase HphIA; AltName: Full=M.Hphi(C); AltName: Full=Modification methylase HphIA; Short=M.HphIA [Haemophilus parahaemolyticus]	35.328	351	183	12	37	1056	48	365	6.949999999999999e-43	155	P50192	P50192.1
ydjA	sp|P0ACY1.1|	RecName: Full=Putative NAD(P)H nitroreductase YdjA [Escherichia coli K-12]	45.604	182	96	2	1	543	1	180	9.2e-45	149	P0ACY1	P0ACY1.1
yeaD_1	sp|Q40784.1|	RecName: Full=Putative glucose-6-phosphate 1-epimerase; AltName: Full=Putative D-hexose-6-phosphate mutarotase; AltName: Full=Putative apospory-associated protein C [Cenchrus ciliaris]	30.492	305	171	9	1	858	19	301	1.16e-36	136	Q40784	Q40784.1
yeaD_2	sp|P39173.2|	RecName: Full=Putative glucose-6-phosphate 1-epimerase; AltName: Full=Putative D-hexose-6-phosphate mutarotase; AltName: Full=Unknown protein from 2D-page spots T26/PR37 [Escherichia coli K-12]	31.579	285	166	11	49	840	16	292	7.41e-34	127	P39173	P39173.2
yebT	sp|P43671.2|	RecName: Full=Intermembrane transport protein PqiB; AltName: Full=Paraquat-inducible protein B [Escherichia coli K-12]	32.484	314	198	8	16	930	7	315	3.05e-45	174	P43671	P43671.2
yebZ	sp|P76278.1|	RecName: Full=Copper transporter YebZ [Escherichia coli K-12]	30.918	207	134	4	25	624	10	214	6.86e-7	53.1	P76278	P76278.1
yecS_1	sp|P0AFT2.1|	RecName: Full=L-cystine transport system permease protein TcyL [Escherichia coli K-12]	35.922	206	132	0	22	639	10	215	4.46e-36	129	P0AFT2	P0AFT2.1
yecS_2	sp|O34671.1|	RecName: Full=Probable glutamine ABC transporter permease protein GlnM [Bacillus subtilis subsp. subtilis str. 168]	33.333	165	110	0	151	645	47	211	2.66e-28	109	O34671	O34671.1
yecS_3	sp|P0AFT2.1|	RecName: Full=L-cystine transport system permease protein TcyL [Escherichia coli K-12]	72.273	220	61	0	1	660	1	220	5.2899999999999995e-95	279	P0AFT2	P0AFT2.1
yecS_4	sp|P42399.1|	RecName: Full=Probable amino-acid ABC transporter permease protein YckA [Bacillus subtilis subsp. subtilis str. 168]	31.977	172	108	4	166	681	63	225	4.48e-18	82.8	P42399	P42399.1
yedA_1	sp|O30646.1|	RecName: Full=Protein PagO [Salmonella enterica subsp. enterica serovar Typhimurium str. LT2]	38.362	232	143	0	76	771	7	238	7.05e-52	176	O30646	O30646.1
yedA_2	sp|P0AA70.1|	RecName: Full=Uncharacterized inner membrane transporter YedA [Escherichia coli K-12]	56.391	266	116	0	16	813	4	269	6.21e-76	237	P0AA70	P0AA70.1
yedK_1	sp|P76318.2|	RecName: Full=Abasic site processing protein YedK; AltName: Full=Peptidase YedK [Escherichia coli K-12]	46.46	226	116	4	1	675	1	222	1.6699999999999998e-55	179	P76318	P76318.2
yedK_2	sp|O31916.1|	RecName: Full=Abasic site processing protein YoqW; AltName: Full=Peptidase YoqW [Bacillus subtilis subsp. subtilis str. 168]	30.045	223	134	8	1	609	1	221	1.65e-25	101	O31916	O31916.1
yedY1	sp|G8QM63.1|	RecName: Full=Putative protein-methionine-sulfoxide reductase subunit YedZ1 [Azospira oryzae PS]	67.939	262	83	1	1	783	1	262	4.579999999999999e-119	343	G8QM63	G8QM63.1
yedZ1	sp|G8QM62.1|	RecName: Full=Putative protein-methionine-sulfoxide reductase subunit YedZ1 [Azospira oryzae PS]	65.789	190	65	0	55	624	9	198	1.8299999999999997e-87	259	G8QM62	G8QM62.1
yegS	sp|Q3K959.2|	RecName: Full=Probable lipid kinase YegS-like [Pseudomonas fluorescens Pf0-1]	78.644	295	63	0	1	885	1	295	2.9199999999999995e-157	444	Q3K959	Q3K959.2
yeiG	sp|Q8X635.1|	RecName: Full=S-formylglutathione hydrolase YeiG; Short=FGH [Escherichia coli O157:H7]	59.643	280	108	3	7	840	1	277	2.939999999999999e-119	345	Q8X635	Q8X635.1
yeiR	sp|P33030.2|	RecName: Full=Zinc chaperone YeiR [Escherichia coli K-12]	37.082	329	182	8	28	966	4	323	6.5899999999999994e-46	161	P33030	P33030.2
yejB_1	sp|A9CKL3.1|	RecName: Full=Peptidoglycan transport system permease protein YejB [Agrobacterium fabrum str. C58]	61.31	336	118	1	82	1053	28	363	2.67e-141	407	A9CKL3	A9CKL3.1
yejB_2	sp|A9CKL3.1|	RecName: Full=Peptidoglycan transport system permease protein YejB [Agrobacterium fabrum str. C58]	64.187	363	123	2	1	1068	1	363	1.8799999999999999e-143	413	A9CKL3	A9CKL3.1
yejE_1	sp|P33915.1|	RecName: Full=Oligopeptide transport system permease protein YejE [Escherichia coli K-12]	59.118	340	138	1	1	1020	1	339	5.6000000000000004e-117	344	P33915	P33915.1
yejE_2	sp|P33915.1|	RecName: Full=Oligopeptide transport system permease protein YejE [Escherichia coli K-12]	64.095	337	120	1	7	1017	4	339	4.89e-147	421	P33915	P33915.1
yejF_1	sp|A9CKL2.1|	RecName: Full=Peptidoglycan transport ATP-binding protein YejF [Agrobacterium fabrum str. C58]	58.286	525	211	5	7	1557	9	533	0	566	A9CKL2	A9CKL2.1
yejF_2	sp|A9CKL2.1|	RecName: Full=Peptidoglycan transport ATP-binding protein YejF [Agrobacterium fabrum str. C58]	63.585	530	191	2	4	1587	5	534	0	664	A9CKL2	A9CKL2.1
yejK	sp|Q4KHU2.1|	RecName: Full=Nucleoid-associated protein PFL_1060 [Pseudomonas protegens Pf-5]	95.21	334	16	0	1	1002	1	334	0	665	Q4KHU2	Q4KHU2.1
yejK_2	sp|Q4ZXI3.1|	RecName: Full=Nucleoid-associated protein Psyr_1083 [Pseudomonas syringae pv. syringae B728a]	68.675	332	104	0	1	996	1	332	3.6599999999999995e-177	496	Q4ZXI3	Q4ZXI3.1
yfcA	sp|P46490.2|	RecName: Full=Probable membrane transporter protein HI_0198 [Haemophilus influenzae Rd KW20]	33.79	219	132	5	133	768	41	253	8.540000000000001e-27	107	P46490	P46490.2
yfcD	sp|Q9HUW9.2|	RecName: Full=Uncharacterized Nudix hydrolase PA4841 [Pseudomonas aeruginosa PAO1]	69.277	166	51	0	25	522	2	167	5.4300000000000006e-70	212	Q9HUW9	Q9HUW9.2
yfcF	sp|P77544.1|	RecName: Full=Glutathione S-transferase YfcF [Escherichia coli K-12]	50.481	208	100	2	1	615	1	208	1.86e-54	176	P77544	P77544.1
yfcG_1	sp|Q52828.1|	RecName: Full=Protein GstA [Rhizobium leguminosarum]	32.663	199	121	6	7	588	2	192	6.95e-26	102	Q52828	Q52828.1
yfcG_2	sp|P77526.1|	RecName: Full=Disulfide-bond oxidoreductase YfcG; AltName: Full=GSH-dependent disulfide-bond oxidoreductase YfcG; AltName: Full=GST N1-1; AltName: Full=GST-like protein YfcG; AltName: Full=Organic hydroperoxidase [Escherichia coli K-12]	40.67	209	100	5	1	585	1	199	2.07e-44	150	P77526	P77526.1
yfcG_3	sp|P77526.1|	RecName: Full=Disulfide-bond oxidoreductase YfcG; AltName: Full=GSH-dependent disulfide-bond oxidoreductase YfcG; AltName: Full=GST N1-1; AltName: Full=GST-like protein YfcG; AltName: Full=Organic hydroperoxidase [Escherichia coli K-12]	43.541	209	110	3	61	684	2	203	2.0199999999999999e-47	159	P77526	P77526.1
yfcG_4	sp|P77526.1|	RecName: Full=Disulfide-bond oxidoreductase YfcG; AltName: Full=GSH-dependent disulfide-bond oxidoreductase YfcG; AltName: Full=GST N1-1; AltName: Full=GST-like protein YfcG; AltName: Full=Organic hydroperoxidase [Escherichia coli K-12]	60.294	204	77	2	1	606	1	202	2.12e-86	257	P77526	P77526.1
yfcG_5	sp|P77526.1|	RecName: Full=Disulfide-bond oxidoreductase YfcG; AltName: Full=GSH-dependent disulfide-bond oxidoreductase YfcG; AltName: Full=GST N1-1; AltName: Full=GST-like protein YfcG; AltName: Full=Organic hydroperoxidase [Escherichia coli K-12]	47.573	206	102	4	1	603	1	205	3.36e-44	150	P77526	P77526.1
yfcQ	sp|P76500.1|	RecName: Full=Uncharacterized fimbrial-like protein YfcQ; Flags: Precursor [Escherichia coli K-12]	41.401	157	86	3	25	477	6	162	3.7599999999999996e-32	115	P76500	P76500.1
yfcR	sp|P76501.1|	RecName: Full=Uncharacterized fimbrial-like protein YfcR; Flags: Precursor [Escherichia coli K-12]	39.716	141	74	5	88	492	35	170	3.89e-24	95.5	P76501	P76501.1
yfcS	sp|P77599.1|	RecName: Full=Probable fimbrial chaperone YfcS; Flags: Precursor [Escherichia coli K-12]	51.818	220	101	2	88	747	33	247	2.6800000000000003e-79	242	P77599	P77599.1
yfdC	sp|P37327.1|	RecName: Full=Inner membrane protein YfdC [Escherichia coli K-12]	54.779	272	121	2	55	867	27	297	1.18e-83	256	P37327	P37327.1
yfdG	sp|Q9T1D7.1|	RecName: Full=Bactoprenol-linked glucose translocase [Shigella phage SfX]	51.695	118	57	0	10	363	1	118	9.629999999999999e-32	111	Q9T1D7	Q9T1D7.1
yfdH	sp|P77293.1|	RecName: Full=Prophage bactoprenol glucosyl transferase homolog; AltName: Full=Bactoprenol glucosyl transferase homolog from prophage CPS-53 [Escherichia coli K-12]	58.824	306	126	0	1	918	1	306	2.6099999999999998e-126	366	P77293	P77293.1
yfeW	sp|Q09621.1|	RecName: Full=Beta-lactamase domain-containing protein 2 [Caenorhabditis elegans]	32.888	374	231	7	4	1080	63	431	1.47e-53	187	Q09621	Q09621.1
yfeX	sp|Q8XBI9.2|	RecName: Full=Dye-decolorizing peroxidase YfeX [Escherichia coli O157:H7]	30.405	296	182	9	1	825	1	293	9.91e-28	112	Q8XBI9	Q8XBI9.2
yffB	sp|P24178.1|	RecName: Full=Protein YffB [Escherichia coli K-12]	48.148	108	54	2	28	345	4	111	2.07e-28	103	P24178	P24178.1
yfgD	sp|P76569.1|	RecName: Full=Uncharacterized protein YfgD [Escherichia coli K-12]	59.649	114	45	1	10	348	5	118	7.35e-33	114	P76569	P76569.1
yfhA	sp|O34451.1|	RecName: Full=Uncharacterized ABC transporter permease protein YvrB [Bacillus subtilis subsp. subtilis str. 168]	40.702	285	164	2	139	984	62	344	2.96e-36	137	O34451	O34451.1
yfiH	sp|P33663.2|	RecName: Full=Purine nucleoside phosphorylase PA4543; AltName: Full=Adenosine deaminase PA4543; AltName: Full=S-methyl-5'-thioadenosine phosphorylase PA4543 [Pseudomonas aeruginosa PAO1]	70.124	241	71	1	1	720	1	241	4.3099999999999994e-110	319	P33663	P33663.2
yfkM	sp|P80876.3|	RecName: Full=General stress protein 18; Short=GSP18 [Bacillus subtilis subsp. subtilis str. 168]	40.936	171	92	5	19	531	2	163	9.76e-31	113	P80876	P80876.3
yfmJ	sp|P76113.3|	RecName: Full=NADPH-dependent curcumin reductase; AltName: Full=NADPH-dependent curcumin/dihydrocurcumin reductase [Escherichia coli K-12]	44.214	337	183	2	10	1005	6	342	3.62e-90	276	P76113	P76113.3
ygeA	sp|A0A0H3JGH6.1|	RecName: Full=L-aspartate/glutamate-specific racemase; Short=L-Asp/Glu-specific racemase; AltName: Full=EcL-DER [Escherichia coli O157:H7]	55.022	229	102	1	1	684	1	229	8.6e-81	244	A0A0H3JGH6	A0A0H3JGH6.1
ygfF	sp|P52037.2|	RecName: Full=Glucose 1-dehydrogenase YgfF [Escherichia coli K-12]	55.102	245	110	0	10	744	3	247	1.0299999999999998e-96	286	P52037	P52037.2
ygfZ	sp|A7FF28.1|	RecName: Full=tRNA-modifying protein YgfZ [Yersinia pseudotuberculosis IP 31758]	39.024	246	145	3	19	744	22	266	1.3599999999999999e-37	139	A7FF28	A7FF28.1
yggS	sp|P24562.1|	RecName: Full=Pyridoxal phosphate homeostasis protein; Short=PLP homeostasis protein [Pseudomonas aeruginosa PAO1]	78.261	230	50	0	1	690	1	230	4.7600000000000004e-105	305	P24562	P24562.1
yghU	sp|Q46845.2|	RecName: Full=Disulfide-bond oxidoreductase YghU; AltName: Full=GSH-dependent disulfide-bond oxidoreductase YghU; AltName: Full=GST N2-2; AltName: Full=Organic hydroperoxidase [Escherichia coli K-12]	69.892	279	82	1	1	831	1	279	2.8799999999999995e-144	409	Q46845	Q46845.2
ygiD	sp|Q949R4.1|	RecName: Full=Extradiol ring-cleavage dioxygenase; Short=AtLigB [Arabidopsis thaliana]	39.2	250	147	3	10	744	7	256	3.03e-54	179	Q949R4	Q949R4.1
ygjP	sp|P42597.2|	RecName: Full=UTP pyrophosphatase [Escherichia coli K-12]	57.595	158	67	0	1	474	1	158	2.2399999999999998e-62	192	P42597	P42597.2
yhaZ	sp|O07541.1|	RecName: Full=Uncharacterized protein YhaZ [Bacillus subtilis subsp. subtilis str. 168]	40.73	356	207	3	25	1089	4	356	1.1099999999999999e-88	274	O07541	O07541.1
yhbE	sp|P0AA73.1|	RecName: Full=Uncharacterized inner membrane transporter YhbE [Escherichia coli K-12]	43.345	293	163	2	31	903	8	299	1.1399999999999999e-54	184	P0AA73	P0AA73.1
yhbY	sp|P95453.1|	RecName: Full=Probable RNA-binding protein PA4753 [Pseudomonas aeruginosa PAO1]	71.287	101	29	0	1	303	1	101	1.91e-46	147	P95453	P95453.1
yhcR	sp|P29769.1|	RecName: Full=Micrococcal nuclease; Flags: Precursor [Shigella flexneri]	48.299	147	64	3	61	468	26	171	7.529999999999998e-37	127	P29769	P29769.1
yhdE	sp|Q3KI22.1|	RecName: Full=dTTP/UTP pyrophosphatase; Short=dTTPase/UTPase; AltName: Full=Nucleoside triphosphate pyrophosphatase; AltName: Full=Nucleotide pyrophosphatase; Short=Nucleotide PPase [Pseudomonas fluorescens Pf0-1]	74.747	198	50	0	1	594	1	198	2.33e-100	291	Q3KI22	Q3KI22.1
yhdN	sp|P80874.2|	RecName: Full=Aldo-keto reductase YhdN; AltName: Full=AKR11B; AltName: Full=General stress protein 69; Short=GSP69 [Bacillus subtilis subsp. subtilis str. 168]	51.22	328	157	2	7	981	1	328	1.3899999999999998e-116	342	P80874	P80874.2
yhdW_1~~~yhdW_2	sp|P58068.1|	RecName: Full=Putative amino-acid ABC transporter-binding protein YhdW; Flags: Precursor [Escherichia coli O157:H7]	74.603	315	80	0	82	1026	27	341	1.05e-172	486	P58068	P58068.1
yhdW_2	sp|P58068.1|	RecName: Full=Putative amino-acid ABC transporter-binding protein YhdW; Flags: Precursor [Escherichia coli O157:H7]	72.586	321	87	1	67	1029	22	341	1.1199999999999999e-167	473	P58068	P58068.1
yhdY	sp|P45768.2|	RecName: Full=Inner membrane amino-acid ABC transporter permease protein YhdY [Escherichia coli K-12]	66.387	357	120	0	19	1089	8	364	9.749999999999999e-164	465	P45768	P45768.2
yheS	sp|P63389.1|	RecName: Full=Probable ATP-binding protein YheS [Escherichia coli K-12]	55.072	621	277	2	1	1857	1	621	0	640	P63389	P63389.1
yheS_1	sp|P63389.1|	RecName: Full=Probable ATP-binding protein YheS [Escherichia coli K-12]	48.148	540	262	4	1	1614	1	524	1.15e-171	503	P63389	P63389.1
yhfA	sp|P0ADX1.1|	RecName: Full=Protein YhfA [Escherichia coli K-12]	53.285	137	59	3	1	411	1	132	1.04e-44	145	P0ADX1	P0ADX1.1
yhgF	sp|P46837.3|	RecName: Full=Protein YhgF [Escherichia coli K-12]	64.01	778	267	5	4	2322	4	773	0	901	P46837	P46837.3
yhhJ	sp|P0AGH1.3|	RecName: Full=Inner membrane transport permease YhhJ [Escherichia coli K-12]	52.151	372	178	0	1	1116	1	372	1.12e-124	367	P0AGH1	P0AGH1.3
yhhS_1	sp|A6V6H6.1|	RecName: Full=Uncharacterized MFS-type transporter PSPA7_3302 [Pseudomonas paraeruginosa PA7]	73.58	352	92	1	7	1062	13	363	1.43e-135	396	A6V6H6	A6V6H6.1
yhhS_2	sp|Q02LE0.1|	RecName: Full=Uncharacterized MFS-type transporter PA14_38730 [Pseudomonas aeruginosa UCBPP-PA14]	52.956	389	183	0	4	1170	10	398	7.1299999999999995e-118	351	Q02LE0	Q02LE0.1
yhhW_1	sp|Q9I4C8.1|	RecName: Full=Putative quercetin 2,3-dioxygenase PA1210; Short=Putative quercetinase; AltName: Full=Pirin-like protein PA1210 [Pseudomonas aeruginosa PAO1]	72.845	232	62	1	1	693	1	232	1.59e-122	350	Q9I4C8	Q9I4C8.1
yhhW_2	sp|P73623.1|	RecName: Full=Putative quercetin 2,3-dioxygenase sll1773; Short=Putative quercetinase; AltName: Full=Pirin-like protein sll1773 [Synechocystis sp. PCC 6803 substr. Kazusa]	50	232	114	2	1	693	1	231	1.2600000000000001e-79	241	P73623	P73623.1
yhjE	sp|P37643.1|	RecName: Full=Inner membrane metabolite transport protein YhjE [Escherichia coli K-12]	54.587	436	193	2	4	1296	5	440	3.39e-124	370	P37643	P37643.1
yiaD	sp|P37665.2|	RecName: Full=Probable lipoprotein YiaD; Flags: Precursor [Escherichia coli K-12]	49.63	135	68	0	262	666	82	216	3.7e-36	130	P37665	P37665.2
yibF_1	sp|P0ACA1.1|	RecName: Full=Uncharacterized GST-like protein YibF [Escherichia coli K-12]	34.146	205	128	3	16	624	1	200	2.23e-28	108	P0ACA1	P0ACA1.1
yibN	sp|P0AG27.1|	RecName: Full=Uncharacterized protein YibN [Escherichia coli K-12]	34.752	141	87	4	4	411	1	141	8.650000000000001e-21	85.1	P0AG27	P0AG27.1
yidC	sp|C3K1G2.1|	RecName: Full=Membrane protein insertase YidC; AltName: Full=Foldase YidC; AltName: Full=Membrane integrase YidC; AltName: Full=Membrane protein YidC [Pseudomonas [fluorescens] SBW25]	97.645	552	13	0	1	1656	1	552	0	1059	C3K1G2	C3K1G2.1
yigB	sp|P0ADP0.1|	RecName: Full=5-amino-6-(5-phospho-D-ribitylamino)uracil phosphatase YigB [Escherichia coli K-12]	32.314	229	151	1	7	681	10	238	9.51e-31	116	P0ADP0	P0ADP0.1
yigL	sp|A6T5I9.1|	RecName: Full=HMP-PP phosphatase [Klebsiella pneumoniae subsp. pneumoniae MGH 78578]	30.043	233	160	3	43	741	8	237	1.51e-19	89	A6T5I9	A6T5I9.1
yigZ	sp|P44842.1|	RecName: Full=IMPACT family member HI_0722 [Haemophilus influenzae Rd KW20]	36.508	189	112	4	31	576	13	200	9.73e-21	88.6	P44842	P44842.1
yihG_1	sp|P32129.1|	RecName: Full=1-acylglycerol-3-phosphate O-acyltransferase YihG; AltName: Full=Lysophosphatidic acid acyltransferase; Short=LPAAT [Escherichia coli K-12]	40.891	247	141	2	145	885	62	303	1.34e-63	206	P32129	P32129.1
yihG_2	sp|P32129.1|	RecName: Full=1-acylglycerol-3-phosphate O-acyltransferase YihG; AltName: Full=Lysophosphatidic acid acyltransferase; Short=LPAAT [Escherichia coli K-12]	42.751	269	144	4	91	882	42	305	2.18e-70	223	P32129	P32129.1
yihN	sp|P75366.1|	RecName: Full=Uncharacterized protein MG294 homolog [Mycoplasmoides pneumoniae M129]	30.137	146	88	4	88	486	22	166	8.49e-8	57.8	P75366	P75366.1
yihS	sp|A0A0P9JFY5.1|	RecName: Full=D-mannose isomerase; Short=PsMIaseA [Pseudomonas cannabina pv. alisalensis]	69.767	387	117	0	25	1185	9	395	6.649999999999999e-174	495	A0A0P9JFY5	A0A0P9JFY5.1
yjaB_1	sp|P40677.2|	RecName: Full=Peptidyl-lysine N-acetyltransferase YjaB; AltName: Full=KAT [Salmonella enterica subsp. enterica serovar Typhimurium str. LT2]	44.186	129	71	1	49	435	15	142	1.9599999999999997e-30	110	P40677	P40677.2
yjaB_2	sp|P09163.1|	RecName: Full=Peptidyl-lysine N-acetyltransferase YjaB; AltName: Full=KAT [Escherichia coli K-12]	46.923	130	67	2	40	429	16	143	1.44e-28	105	P09163	P09163.1
yjcH	sp|P0AF54.1|	RecName: Full=Inner membrane protein YjcH [Escherichia coli K-12]	60	100	40	0	1	300	1	100	2.62e-36	122	P0AF54	P0AF54.1
yjfC	sp|P33222.2|	RecName: Full=Putative acid--amine ligase YjfC [Escherichia coli K-12]	50.928	377	183	2	25	1149	9	385	1.2099999999999998e-132	388	P33222	P33222.2
yjgH	sp|P39332.1|	RecName: Full=RutC family protein YjgH [Escherichia coli K-12]	31.25	128	85	2	1	381	1	126	1.71e-16	73.6	P39332	P39332.1
yjhB	sp|O51798.1|	RecName: Full=Probable 4-methylmuconolactone transporter [Cupriavidus pinatubonensis JMP134]	40.185	433	250	4	1	1287	1	428	2.4999999999999998e-87	275	O51798	O51798.1
yjiA_1	sp|P24203.3|	RecName: Full=Zinc chaperone YjiA; AltName: Full=GTP-binding protein YjiA [Escherichia coli K-12]	51.562	320	140	5	7	942	2	314	4.26e-102	305	P24203	P24203.3
yjiA_2	sp|P24203.3|	RecName: Full=Zinc chaperone YjiA; AltName: Full=GTP-binding protein YjiA [Escherichia coli K-12]	34.062	320	194	6	7	945	4	313	1.9000000000000002e-36	136	P24203	P24203.3
yjiE	sp|P39376.1|	RecName: Full=HTH-type transcriptional regulator YjiE; AltName: Full=Hypochlorite-response regulator protein YjiE; AltName: Full=Quorum-sensing regulator protein D [Escherichia coli K-12]	37.755	294	174	4	4	882	10	295	1.08e-59	195	P39376	P39376.1
yjiK_1	sp|Q9I6G4.1|	RecName: Full=Calcium-regulated beta-propeller protein CarP; AltName: Full=Calcium-regulated protein CarP; AltName: Full=Protein CarP; Flags: Precursor [Pseudomonas aeruginosa PAO1]	38.545	275	158	3	124	921	45	317	8.35e-49	168	Q9I6G4	Q9I6G4.1
yjiK_2	sp|Q9I6G4.1|	RecName: Full=Calcium-regulated beta-propeller protein CarP; AltName: Full=Calcium-regulated protein CarP; AltName: Full=Protein CarP; Flags: Precursor [Pseudomonas aeruginosa PAO1]	66.547	278	89	2	79	903	39	315	1.07e-133	385	Q9I6G4	Q9I6G4.1
yjjV	sp|P39408.2|	RecName: Full=Uncharacterized metal-dependent hydrolase YjjV [Escherichia coli K-12]	39.608	255	152	1	7	771	5	257	2.1400000000000002e-49	166	P39408	P39408.2
ykfA	sp|O34851.2|	RecName: Full=Probable murein peptide carboxypeptidase; AltName: Full=LD-carboxypeptidase [Bacillus subtilis subsp. subtilis str. 168]	40	305	169	5	31	918	13	312	6.8999999999999995e-68	217	O34851	O34851.2
yknY	sp|O31711.1|	RecName: Full=Uncharacterized ABC transporter ATP-binding protein YknY [Bacillus subtilis subsp. subtilis str. 168]	51.613	217	104	1	31	681	1	216	5.94e-68	211	O31711	O31711.1
ykuI	sp|O35014.1|	RecName: Full=Uncharacterized EAL-domain containing protein YkuI [Bacillus subtilis subsp. subtilis str. 168]	30.563	373	239	8	19	1098	15	380	5.15e-43	157	O35014	O35014.1
yliI	sp|P75804.1|	RecName: Full=Aldose sugar dehydrogenase YliI; Short=Asd; AltName: Full=Soluble aldose sugar dehydrogenase YliI; Flags: Precursor [Escherichia coli K-12]	59.331	359	137	2	64	1140	18	367	6.91e-145	418	P75804	P75804.1
ylxH	sp|G3XD64.1|	RecName: Full=Antiactivator FleN [Pseudomonas aeruginosa PAO1]	91.241	274	24	0	1	822	4	277	1.7899999999999998e-175	488	G3XD64	G3XD64.1
ynbA	sp|P76090.2|	RecName: Full=Inner membrane protein YnbA [Escherichia coli K-12]	44.724	199	103	5	4	591	1	195	8.16e-40	137	P76090	P76090.2
ynbC	sp|P76092.1|	RecName: Full=Uncharacterized protein YnbC [Escherichia coli K-12]	57.192	577	241	4	16	1743	9	580	0	648	P76092	P76092.1
ynbD	sp|P76093.1|	RecName: Full=Uncharacterized protein YnbD [Escherichia coli K-12]	41.546	414	225	7	112	1320	18	425	5.61e-86	272	P76093	P76093.1
ynfM_2	sp|P43531.2|	RecName: Full=Inner membrane transport protein YnfM [Escherichia coli K-12]	62.274	387	144	2	37	1194	11	396	1.9399999999999998e-138	405	P43531	P43531.2
yngG	sp|O34873.1|	RecName: Full=Hydroxymethylglutaryl-CoA lyase YngG; Short=HL; Short=HMG-CoA lyase; AltName: Full=3-hydroxy-3-methylglutarate-CoA lyase [Bacillus subtilis subsp. subtilis str. 168]	42.907	289	165	0	13	879	3	291	4.08e-83	256	O34873	O34873.1
yodB_1	sp|P76345.2|	RecName: Full=Cytochrome b561 homolog 1 [Escherichia coli K-12]	41.379	174	102	0	22	543	2	175	4.13e-45	149	P76345	P76345.2
yodB_2	sp|P76345.2|	RecName: Full=Cytochrome b561 homolog 1 [Escherichia coli K-12]	42.529	174	100	0	22	543	2	175	5.04e-44	147	P76345	P76345.2
yofA_1	sp|P42722.1|	RecName: Full=HTH-type transcriptional regulator CfxR; AltName: Full=RuBisCO operon transcriptional regulator [Cupriavidus necator H16]	32.8	250	155	7	4	729	10	254	1.37e-22	98.6	P42722	P42722.1
yofA_3	sp|P16931.3|	RecName: Full=HTH-type transcriptional regulator DgdR; AltName: Full=2,2-dialkylglycine decarboxylase repressor [Burkholderia cepacia]	34.646	254	162	2	16	771	18	269	2.54e-20	91.7	P16931	P16931.3
yohC	sp|P0AD17.1|	RecName: Full=Inner membrane protein YohC [Escherichia coli K-12]	51.579	190	91	1	10	579	3	191	1.45e-44	149	P0AD17	P0AD17.1
yohK_1	sp|Q4A012.1|	RecName: Full=Antiholin-like protein LrgB [Staphylococcus saprophyticus subsp. saprophyticus ATCC 15305 = NCTC 7292]	33.498	203	134	1	19	624	10	212	6.52e-32	119	Q4A012	Q4A012.1
yohK_2	sp|P0AD19.1|	RecName: Full=Inner membrane protein YohK [Escherichia coli K-12]	38.537	205	122	2	106	714	25	227	8.540000000000001e-33	122	P0AD19	P0AD19.1
yojI	sp|P33951.1|	RecName: Full=ATP-binding protein SyrD [Pseudomonas syringae pv. syringae]	34.973	549	342	6	34	1650	17	560	3.76e-94	301	P33951	P33951.1
ypeA_1	sp|A1JL38.1|	RecName: Full=Acetyltransferase YE1169 [Yersinia enterocolitica subsp. enterocolitica 8081]	38.583	127	77	1	496	876	13	138	6.56e-25	100	A1JL38	A1JL38.1
ypeA_2~~~ypeA_1	sp|Q6D8U7.1|	RecName: Full=Acetyltransferase ECA0875 [Pectobacterium atrosepticum SCRI1043]	36.364	110	69	1	10	339	3	111	4.81e-15	70.5	Q6D8U7	Q6D8U7.1
yphB	sp|P76584.1|	RecName: Full=Uncharacterized protein YphB [Escherichia coli K-12]	34	250	153	5	145	861	38	286	3.92e-35	131	P76584	P76584.1
ypjD	sp|P64432.1|	RecName: Full=Inner membrane protein YpjD [Escherichia coli K-12]	31.687	243	159	3	85	801	23	262	2.79e-27	109	P64432	P64432.1
yqaA	sp|P0ADR0.1|	RecName: Full=Inner membrane protein YqaA [Escherichia coli K-12]	38.71	124	69	1	58	429	22	138	7.53e-16	72.4	P0ADR0	P0ADR0.1
yqcC	sp|Q47417.1|	RecName: Full=tRNA pseudouridine synthase C; AltName: Full=tRNA pseudouridine(65) synthase; AltName: Full=tRNA pseudouridylate synthase C; AltName: Full=tRNA-uridine isomerase C [Pectobacterium carotovorum subsp. carotovorum]	43.662	71	40	0	7	219	2	72	1.2e-11	62.8	Q47417	Q47417.1
yqgF	sp|C3K3K0.1|	RecName: Full=Putative pre-16S rRNA nuclease [Pseudomonas [fluorescens] SBW25]	97.931	145	3	0	1	435	1	145	1.2299999999999999e-104	297	C3K3K0	C3K3K0.1
yqjC	sp|P42616.3|	RecName: Full=Protein YqjC; Flags: Precursor [Escherichia coli K-12]	40.945	127	59	2	1	369	1	115	1.89e-19	80.9	P42616	P42616.3
yqjG	sp|P42620.1|	RecName: Full=Glutathionyl-hydroquinone reductase YqjG; Short=GS-HQR [Escherichia coli K-12]	61.61	323	122	2	1	963	1	323	3.49e-131	380	P42620	P42620.1
yqjH	sp|Q46871.1|	RecName: Full=NADPH-dependent ferric-chelate reductase; AltName: Full=Ferric siderophore reductase [Escherichia coli K-12]	33.865	251	154	5	19	750	9	254	1.1199999999999999e-38	138	Q46871	Q46871.1
yqjI	sp|P64588.1|	RecName: Full=Transcriptional regulator YqjI [Escherichia coli K-12]	35.664	143	84	4	79	492	61	200	1.68e-19	84.7	P64588	P64588.1
yqjZ	sp|P54563.1|	RecName: Full=Uncharacterized protein YqjZ [Bacillus subtilis subsp. subtilis str. 168]	57.547	106	44	1	1	315	4	109	3.52e-40	132	P54563	P54563.1
yraJ_2	sp|P45420.1|	RecName: Full=Uncharacterized outer membrane usher protein YhcD; Flags: Precursor [Escherichia coli K-12]	34.347	789	491	14	115	2448	21	793	2.32e-139	434	P45420	P45420.1
yrbG	sp|Q0ZAI3.1|	RecName: Full=Putative antiporter CaxA [Alkalimonas amylolytica]	38.819	237	139	1	73	765	37	273	1.56e-33	129	Q0ZAI3	Q0ZAI3.1
yrdA_1	sp|P40882.2|	RecName: Full=Uncharacterized protein PA3753 [Pseudomonas aeruginosa PAO1]	82.558	172	30	0	1	516	1	172	7.139999999999999e-106	303	P40882	P40882.2
yrdA_2	sp|P0A9W9.1|	RecName: Full=Protein YrdA [Escherichia coli K-12]	61.714	175	67	0	7	531	5	179	5.32e-80	238	P0A9W9	P0A9W9.1
yrfG	sp|P64636.1|	RecName: Full=GMP/IMP nucleotidase YrfG [Escherichia coli K-12]	39.45	218	132	0	7	660	4	221	5.07e-51	167	P64636	P64636.1
yscN	sp|P40291.2|	RecName: Full=Type 3 secretion system ATPase; Short=T3SS ATPase; AltName: Full=Yop proteins secretion ATPase [Yersinia pseudotuberculosis IP 32953]	56.448	411	177	1	64	1296	23	431	3.3299999999999996e-151	439	P40291	P40291.2
yscN_2~~~yscN_1	sp|P40291.2|	RecName: Full=Type 3 secretion system ATPase; Short=T3SS ATPase; AltName: Full=Yop proteins secretion ATPase [Yersinia pseudotuberculosis IP 32953]	57.349	415	173	1	106	1338	25	439	3.1399999999999994e-163	470	P40291	P40291.2
yscU_1	sp|P55723.1|	RecName: Full=Probable translocation protein y4yO [Sinorhizobium fredii NGR234]	37.574	338	208	3	1	1014	1	335	3.8499999999999996e-54	184	P55723	P55723.1
yscU_2	sp|P69986.1|	RecName: Full=Yop proteins translocation protein U [Yersinia pestis]	31.686	344	231	2	10	1038	2	342	2.57e-39	145	P69986	P69986.1
yscU_3~~~yscU_1	sp|P96069.1|	RecName: Full=Secretion system apparatus protein SsaU [Salmonella enterica subsp. enterica serovar Typhimurium str. LT2]	43.22	354	193	3	1	1050	1	350	3.34e-93	285	P96069	P96069.1
ytrE	sp|O34979.2|	RecName: Full=Uncharacterized ABC transporter ATP-binding protein YvrO [Bacillus subtilis subsp. subtilis str. 168]	35.681	213	127	5	1	627	1	207	4.0000000000000003e-29	112	O34979	O34979.2
yveA	sp|O07002.1|	RecName: Full=Aspartate-proton symporter; AltName: Full=L-aspartate transporter [Bacillus subtilis subsp. subtilis str. 168]	58.269	520	216	1	1	1557	1	520	0	598	O07002	O07002.1
ywiE	sp|B1JFN5.1|	RecName: Full=Cardiolipin synthase A; Short=CL synthase [Pseudomonas putida W619]	33.898	354	216	7	19	1062	115	456	2.3099999999999998e-39	149	B1JFN5	B1JFN5.1
ywnA	sp|P71036.1|	RecName: Full=Putative HTH-type transcriptional regulator YwnA [Bacillus subtilis subsp. subtilis str. 168]	32.54	126	81	4	10	384	3	125	5.93e-12	62	P71036	P71036.1
ywrD	sp|O05218.1|	RecName: Full=Glutathione hydrolase-like YwrD proenzyme; AltName: Full=Putative gamma-glutamyltransferase YwrD; Contains: RecName: Full=Glutathione hydrolase-like YwrD large chain; Contains: RecName: Full=Glutathione hydrolase-like YwrD small chain [Bacillus subtilis subsp. subtilis str. 168]	36.45	524	315	8	43	1578	3	520	5.44e-87	281	O05218	O05218.1
yyaP	sp|P45862.1|	RecName: Full=Uncharacterized protein YwjB [Bacillus subtilis subsp. subtilis str. 168]	35.714	168	97	6	1	495	1	160	4.9399999999999994e-23	93.2	P45862	P45862.1
yycB_1	sp|P76242.1|	RecName: Full=2-nitroimidazole transporter [Escherichia coli K-12]	39.088	307	176	5	262	1164	65	366	1.61e-31	127	P76242	P76242.1
yycB_4	sp|P17583.2|	RecName: Full=Cyanate transport protein CynX [Escherichia coli K-12]	44.193	353	194	2	97	1149	25	376	4.64e-59	199	P17583	P17583.2
yycJ	sp|A0A4Y1WBN6.1|	RecName: Full=Exodeoxyribonuclease YycJ [Bacillus anthracis]	34.894	235	148	1	1	690	3	237	7.669999999999999e-45	154	A0A4Y1WBN6	A0A4Y1WBN6.1
zapA	sp|Q9HTW3.1|	RecName: Full=Cell division protein ZapA; AltName: Full=Z ring-associated protein ZapA [Pseudomonas aeruginosa PAO1]	78.571	84	17	1	1	252	1	83	2.8e-41	134	Q9HTW3	Q9HTW3.1
zapE_2	sp|P64612.1|	RecName: Full=Cell division protein ZapE; AltName: Full=Z ring-associated protein ZapE [Escherichia coli K-12]	35.443	395	190	6	13	1098	5	367	1.7e-72	233	P64612	P64612.1
zapE_3	sp|P64612.1|	RecName: Full=Cell division protein ZapE; AltName: Full=Z ring-associated protein ZapE [Escherichia coli K-12]	52.023	346	155	4	1	1011	29	372	3.1599999999999995e-118	349	P64612	P64612.1
zapE_3~~~zapE_4~~~zapE_1	sp|P64612.1|	RecName: Full=Cell division protein ZapE; AltName: Full=Z ring-associated protein ZapE [Escherichia coli K-12]	34.754	305	177	5	181	1059	70	364	1.22e-47	168	P64612	P64612.1
zipA	sp|C3JYN4.1|	RecName: Full=Cell division protein ZipA [Pseudomonas [fluorescens] SBW25]	96.864	287	9	0	1	861	1	287	0	506	C3JYN4	C3JYN4.1
zntB_1	sp|Q9ZIH2.1|	RecName: Full=Divalent cation transporter CmaX [Pseudomonas aeruginosa PAO1]	62.195	328	124	0	10	993	5	332	1.79e-120	353	Q9ZIH2	Q9ZIH2.1
znuA	sp|P39172.4|	RecName: Full=High-affinity zinc uptake system protein ZnuA; Flags: Precursor [Escherichia coli K-12]	39.519	291	172	3	52	912	18	308	7.12e-57	189	P39172	P39172.4
znuB_1	sp|P31309.1|	RecName: Full=Manganese import system permease protein ScaB; AltName: Full=ORF1 [Streptococcus parasanguinis]	35.176	199	121	4	175	768	46	237	7.92e-18	84.7	P31309	P31309.1
znuB_2	sp|P39832.3|	RecName: Full=High-affinity zinc uptake system membrane protein ZnuB [Escherichia coli K-12]	60.455	220	87	0	70	729	24	243	5.66e-65	206	P39832	P39832.3
znuC_1	sp|Q3IWB5.1|	RecName: Full=Zinc import ATP-binding protein ZnuC [Cereibacter sphaeroides 2.4.1]	42.157	204	103	4	76	681	14	204	2.17e-38	137	Q3IWB5	Q3IWB5.1
znuC_2	sp|Q4KKK4.1|	RecName: Full=Zinc import ATP-binding protein ZnuC [Pseudomonas protegens Pf-5]	94.636	261	14	0	1	783	1	261	2.5099999999999994e-148	417	Q4KKK4	Q4KKK4.1
zraR	sp|P25852.2|	RecName: Full=Transcriptional regulatory protein ZraR [Salmonella enterica subsp. enterica serovar Typhimurium str. LT2]	42.217	469	229	6	10	1395	8	441	2.07e-109	334	P25852	P25852.2
zupT	sp|A0A0H3LM39.1|	RecName: Full=Zinc transporter ZIPB; AltName: Full=BbZIP [Bordetella bronchiseptica RB50]	43.723	231	128	2	202	891	80	309	3.4200000000000003e-29	116	A0A0H3LM39	A0A0H3LM39.1
zupT_2	sp|A0A0H3LM39.1|	RecName: Full=Zinc transporter ZIPB; AltName: Full=BbZIP [Bordetella bronchiseptica RB50]	70.696	273	79	1	112	927	37	309	1.24e-91	278	A0A0H3LM39	A0A0H3LM39.1
zur	sp|P0AC51.1|	RecName: Full=Zinc uptake regulation protein; Short=Zinc uptake regulator [Escherichia coli K-12]	38.406	138	83	2	61	471	10	146	1.31e-22	91.3	P0AC51	P0AC51.1
zwf_1	sp|O68282.1|	RecName: Full=Glucose-6-phosphate 1-dehydrogenase; Short=G6PD; AltName: Full=Glucose-6-phosphate dehydrogenase (NAD(P)(+)) [Pseudomonas aeruginosa PAO1]	76.892	489	112	1	1	1464	1	489	0	753	O68282	O68282.1
zwf_2	sp|P29686.2|	RecName: Full=Glucose-6-phosphate 1-dehydrogenase; Short=G6PD [Synechococcus elongatus PCC 7942 = FACHB-805]	45.866	508	256	6	22	1518	14	511	5.279999999999999e-151	444	P29686	P29686.2
