qseqid	sseqid	uniprot_acc	stitle	pident	length	evalue	bitscore	kegg_gene_id	pathway_id	pathway_name
C1hpah	sp|Q6Q271.1|	Q6Q271	RecName: Full=p-hydroxyphenylacetate 3-hydroxylase, reductase component; AltName: Full=4-HPA 3-monooxygenase small component; AltName: Full=Flavin:NAD(+) oxidoreductase; AltName: Full=p-hydroxyphenylacetate 3-hydroxylase C1 component [Acinetobacter baumannii]	66.456	158	6.25e-68	212	NA	NA	NA
C2hpah	sp|Q6Q272.1|	Q6Q272	RecName: Full=p-hydroxyphenylacetate 3-hydroxylase, oxygenase component; AltName: Full=4-HPA 3-hydroxylase; AltName: Full=4-HPA 3-monooxygenase large component; AltName: Full=p-hydroxyphenylacetate 3-hydroxylase C2 component [Acinetobacter baumannii]	71.279	383	0	587	NA	NA	NA
COQ3_1	sp|Q5JPI9.3|	Q5JPI9	RecName: Full=EEF1A lysine methyltransferase 2; AltName: Full=Methyltransferase-like protein 10; AltName: Full=Protein-lysine N-methyltransferase METTL10 [Homo sapiens]	31.452	124	5.25e-8	56.6	NA	NA	NA
COQ3_2	sp|P31049.1|	P31049	RecName: Full=Probable fatty acid methyltransferase; AltName: Full=ORF3; AltName: Full=S-adenosylmethionine-dependent methyltransferase; Short=AdoMet-MT; Short=SAM-MT [Pseudomonas putida]	77.411	394	0	624	NA	NA	NA
COQ5_2	sp|A0QUV5.1|	A0QUV5	RecName: Full=Probable S-adenosylmethionine-dependent methyltransferase MSMEG_2350/MSMEI_2290 [Mycolicibacterium smegmatis MC2 155]	33.333	141	1.99e-11	65.5	NA	NA	NA
FCS1	sp|A0A2P1BT06.1|	A0A2P1BT06	RecName: Full=Trans-feruloyl-CoA synthase FCS1; AltName: Full=Feruloyl coenzyme A synthetase; AltName: Full=Trans-feruloyl-CoA synthetase [unidentified prokaryotic organism]	32.603	365	1.7099999999999998e-35	146	NA	NA	NA
LhpG	sp|Q08IB7.1|	Q08IB7	RecName: Full=Alpha-ketoglutaric semialdehyde dehydrogenase 3; Short=alphaKGSA dehydrogenase 3; AltName: Full=2,5-dioxovalerate dehydrogenase 3; AltName: Full=KGSADH-III [Azospirillum brasilense]	63.209	511	0	608	NA	NA	NA
QRSL1	sp|Q60CK8.1|	Q60CK8	RecName: Full=Glutamyl-tRNA(Gln) amidotransferase subunit A; Short=Glu-ADT subunit A [Methylococcus capsulatus str. Bath]	36.937	222	5.2600000000000004e-21	99.8	NA	NA	NA
aaaT	sp|P46854.1|	P46854	RecName: Full=L-amino acid N-acetyltransferase AaaT; AltName: Full=L-methionine N-acetyltransferase; AltName: Full=L-phenylalanine N-acetyltransferase [Escherichia coli K-12]	39.375	160	3.1e-36	126	NA	NA	NA
aaeA_1	sp|P76185.2|	P76185	RecName: Full=Uncharacterized protein YdhJ [Escherichia coli K-12]	44.318	264	5.72e-64	205	NA	NA	NA
aaeA_2	sp|P76185.2|	P76185	RecName: Full=Uncharacterized protein YdhJ [Escherichia coli K-12]	43.254	252	1.4799999999999999e-68	218	NA	NA	NA
aaeB_1	sp|A4THF0.1|	A4THF0	RecName: Full=p-hydroxybenzoic acid efflux pump subunit AaeB; Short=pHBA efflux pump protein B [Yersinia pestis Pestoides F]	38.012	171	7.48e-15	81.6	NA	NA	NA
aaeB_2	sp|P24128.1|	P24128	RecName: Full=Fusaric acid resistance protein FusC [Burkholderia cepacia]	44.509	346	5.43e-74	246	NA	NA	NA
aam_1	sp|K9NBS6.1|	K9NBS6	RecName: Full=Acylamidase [Rhodococcus erythropolis]	37.773	458	1.16e-71	237	NA	NA	NA
aam_2	sp|K9NBS6.1|	K9NBS6	RecName: Full=Acylamidase [Rhodococcus erythropolis]	34.598	448	2.6899999999999997e-41	155	NA	NA	NA
aat	sp|C3JY59.1|	C3JY59	RecName: Full=Leucyl/phenylalanyl-tRNA--protein transferase; AltName: Full=L/F-transferase; AltName: Full=Leucyltransferase; AltName: Full=Phenyalanyltransferase [Pseudomonas [fluorescens] SBW25]	93.363	226	1.0699999999999998e-159	443	NA	NA	NA
aatB	sp|P58350.1|	P58350	RecName: Full=Aspartate aminotransferase; Short=AAT; Short=AspAT; AltName: Full=Putative 2-aminoadipate transaminase; AltName: Full=Transaminase A [Sinorhizobium meliloti 1021]	49.114	395	2.51e-112	337	NA	NA	NA
abaF	sp|P16482.1|	P16482	RecName: Full=Citrate-proton symporter; AltName: Full=Citrate carrier protein; AltName: Full=Citrate transporter [Klebsiella pneumoniae]	31.436	404	6.35e-54	189	NA	NA	NA
abaQ	sp|P0DPR4.1|	P0DPR4	RecName: Full=Quinolone resistance transporter [Acinetobacter baumannii]	73.827	405	0	533	NA	NA	NA
accA1_1	sp|Q96RQ3.3|	Q96RQ3	RecName: Full=Methylcrotonoyl-CoA carboxylase subunit alpha, mitochondrial; Short=MCCase subunit alpha; AltName: Full=3-methylcrotonyl-CoA carboxylase 1; AltName: Full=3-methylcrotonyl-CoA carboxylase biotin-containing subunit; AltName: Full=3-methylcrotonyl-CoA:carbon dioxide ligase subunit alpha; Flags: Precursor [Homo sapiens]	43.517	671	1.0799999999999998e-180	533	NA	NA	NA
accA1_2	sp|Q54KE6.1|	Q54KE6	RecName: Full=Methylcrotonoyl-CoA carboxylase subunit alpha, mitochondrial; Short=MCCase subunit alpha; AltName: Full=3-methylcrotonyl-CoA carboxylase 1; AltName: Full=3-methylcrotonyl-CoA carboxylase biotin-containing subunit; AltName: Full=3-methylcrotonyl-CoA:carbon dioxide ligase subunit alpha; Flags: Precursor [Dictyostelium discoideum]	46.2	671	0	550	NA	NA	NA
accA_1	sp|Q8T2J9.2|	Q8T2J9	RecName: Full=Methylcrotonoyl-CoA carboxylase beta chain, mitochondrial; Short=MCCase subunit beta; AltName: Full=3-methylcrotonyl-CoA carboxylase 2; AltName: Full=3-methylcrotonyl-CoA carboxylase non-biotin-containing subunit; AltName: Full=3-methylcrotonyl-CoA:carbon dioxide ligase subunit beta; Flags: Precursor [Dictyostelium discoideum]	43.068	541	6.759999999999998e-145	432	NA	NA	NA
accA_2	sp|C3K6H2.1|	C3K6H2	RecName: Full=Acetyl-coenzyme A carboxylase carboxyl transferase subunit alpha; Short=ACCase subunit alpha; Short=Acetyl-CoA carboxylase carboxyltransferase subunit alpha [Pseudomonas [fluorescens] SBW25]	98.73	315	0	600	NA	NA	NA
accB	sp|P37799.1|	P37799	RecName: Full=Biotin carboxyl carrier protein of acetyl-CoA carboxylase; Short=BCCP [Pseudomonas aeruginosa PAO1]	73.718	156	4.29e-62	191	NA	NA	NA
accC	sp|P37798.1|	P37798	RecName: Full=Biotin carboxylase; AltName: Full=Acetyl-coenzyme A carboxylase biotin carboxylase subunit A [Pseudomonas aeruginosa PAO1]	83.07	443	0	753	NA	NA	NA
accD	sp|Q4KEZ8.1|	Q4KEZ8	RecName: Full=Acetyl-coenzyme A carboxylase carboxyl transferase subunit beta; Short=ACCase subunit beta; Short=Acetyl-CoA carboxylase carboxyltransferase subunit beta [Pseudomonas protegens Pf-5]	94.118	306	0	569	NA	NA	NA
acdA_1	sp|P34275.2|	P34275	RecName: Full=Probable acyl-CoA dehydrogenase 6; AltName: Full=Probable isovaleryl-CoA dehydrogenase; Short=IVD [Caenorhabditis elegans]	51.064	376	2.4199999999999997e-136	398	NA	NA	NA
acdA_2	sp|P45867.1|	P45867	RecName: Full=Acyl-CoA dehydrogenase [Bacillus subtilis subsp. subtilis str. 168]	43.896	385	7.2299999999999996e-90	278	NA	NA	NA
aceA	sp|P51066.2|	P51066	RecName: Full=Isocitrate lyase; Short=ICL; AltName: Full=Isocitrase; AltName: Full=Isocitratase [Salmonella enterica subsp. enterica serovar Typhimurium str. LT2]	72.665	439	0	667	NA	NA	NA
aceE_1	sp|Q59637.2|	Q59637	RecName: Full=Pyruvate dehydrogenase E1 component; Short=PDH E1 component [Pseudomonas aeruginosa PAO1]	87.188	882	0	1635	NA	NA	NA
aceE_2	sp|Q59637.2|	Q59637	RecName: Full=Pyruvate dehydrogenase E1 component; Short=PDH E1 component [Pseudomonas aeruginosa PAO1]	55.468	887	0	936	NA	NA	NA
aceF	sp|Q59638.2|	Q59638	RecName: Full=Dihydrolipoyllysine-residue acetyltransferase component of pyruvate dehydrogenase complex; AltName: Full=Dihydrolipoamide acetyltransferase component of pyruvate dehydrogenase complex; AltName: Full=E2 [Pseudomonas aeruginosa PAO1]	74.317	549	0	606	NA	NA	NA
aceK	sp|Q3KGE4.1|	Q3KGE4	RecName: Full=Isocitrate dehydrogenase kinase/phosphatase; Short=IDH kinase/phosphatase; Short=IDHK/P [Pseudomonas fluorescens Pf0-1]	88.652	564	0	988	NA	NA	NA
ackA	sp|B3QA57.1|	B3QA57	RecName: Full=Acetate kinase; AltName: Full=Acetokinase [Rhodopseudomonas palustris TIE-1]	48.515	404	2.62e-111	335	NA	NA	NA
acnA	sp|Q9I3F5.1|	Q9I3F5	RecName: Full=Aconitate hydratase A; Short=ACN; Short=Aconitase; AltName: Full=(2R,3S)-2-methylisocitrate dehydratase; AltName: Full=(2S,3R)-3-hydroxybutane-1,2,3-tricarboxylate dehydratase; AltName: Full=Iron-responsive protein-like; Short=IRP-like; AltName: Full=Probable 2-methyl-cis-aconitate hydratase; AltName: Full=RNA-binding protein [Pseudomonas aeruginosa PAO1]	83.974	911	0	1515	NA	NA	NA
acnB_2	sp|Q9I2V5.1|	Q9I2V5	RecName: Full=Aconitate hydratase B; Short=ACN; Short=Aconitase; AltName: Full=(2R,3S)-2-methylisocitrate dehydratase; AltName: Full=(2S,3R)-3-hydroxybutane-1,2,3-tricarboxylate dehydratase; AltName: Full=2-methyl-cis-aconitate hydratase; AltName: Full=Iron-responsive protein-like; Short=IRP-like; AltName: Full=RNA-binding protein [Pseudomonas aeruginosa PAO1]	85.386	869	0	1500	NA	NA	NA
acnD_1	sp|Q8EJW3.1|	Q8EJW3	RecName: Full=2-methylcitrate dehydratase (2-methyl-trans-aconitate forming); AltName: Full=Aconitate hydratase; Short=ACN; Short=Aconitase [Shewanella oneidensis MR-1]	83.488	860	0	1479	NA	NA	NA
acoR_1	sp|P28614.2|	P28614	RecName: Full=Acetoin catabolism regulatory protein [Cupriavidus necator H16]	41.297	632	6.33e-128	395	NA	NA	NA
acoR_2	sp|P28614.2|	P28614	RecName: Full=Acetoin catabolism regulatory protein [Cupriavidus necator H16]	35.659	645	7.81e-104	331	NA	NA	NA
acpH	sp|A1JNT5.1|	A1JNT5	RecName: Full=Acyl carrier protein phosphodiesterase; Short=ACP phosphodiesterase [Yersinia enterocolitica subsp. enterocolitica 8081]	37.306	193	2.51e-36	128	NA	NA	NA
acpP_1	sp|Q8XSU8.1|	Q8XSU8	RecName: Full=Acyl carrier protein 2; Short=ACP 2 [Ralstonia pseudosolanacearum GMI1000]	45.57	79	5.28e-17	71.6	NA	NA	NA
acpP_3	sp|C3K0N3.1|	C3K0N3	RecName: Full=Acyl carrier protein; Short=ACP [Pseudomonas [fluorescens] SBW25]	97.436	78	6.069999999999999e-35	116	NA	NA	NA
acrA	sp|P0AE06.1|	P0AE06	RecName: Full=Multidrug efflux pump subunit AcrA; AltName: Full=AcrAB-TolC multidrug efflux pump subunit AcrA; AltName: Full=Acridine resistance protein A; AltName: Full=Membrane fusion protein AcrA; Flags: Precursor [Escherichia coli K-12]	43.575	358	5.11e-81	256	NA	NA	NA
acrB	sp|P24177.3|	P24177	RecName: Full=Probable aminoglycoside efflux pump; AltName: Full=Acriflavine resistance protein D [Escherichia coli K-12]	47.137	978	0	808	NA	NA	NA
acrE	sp|P24180.2|	P24180	RecName: Full=Multidrug export protein AcrE; AltName: Full=Acriflavine resistance protein E; AltName: Full=Protein EnvC; Flags: Precursor [Escherichia coli K-12]	45.856	362	1.1000000000000001e-79	253	NA	NA	NA
acsA_1	sp|Q88DW6.1|	Q88DW6	RecName: Full=Acetyl-coenzyme A synthetase 2; Short=AcCoA synthetase 2; Short=Acs 2; AltName: Full=Acetate--CoA ligase 2; AltName: Full=Acyl-activating enzyme 2 [Pseudomonas putida KT2440]	82.016	645	0	1088	NA	NA	NA
acsA_2	sp|P39062.1|	P39062	RecName: Full=Acetyl-coenzyme A synthetase; Short=AcCoA synthetase; Short=Acs; AltName: Full=Acetate--CoA ligase; AltName: Full=Acyl-activating enzyme [Bacillus subtilis subsp. subtilis str. 168]	36.101	554	3.98e-98	311	NA	NA	NA
acs_1	sp|Q88EH6.1|	Q88EH6	RecName: Full=Acetyl-coenzyme A synthetase 1; Short=AcCoA synthetase 1; Short=Acs 1; AltName: Full=Acetate--CoA ligase 1; AltName: Full=Acyl-activating enzyme 1 [Pseudomonas putida KT2440]	89.862	651	0	1228	NA	NA	NA
acs_3~~~acs_2	sp|Q9Z3R3.2|	Q9Z3R3	RecName: Full=Acetoacetyl-coenzyme A synthetase; Short=Acetoacetyl-CoA synthetase [Sinorhizobium meliloti 1021]	54.714	647	0	666	NA	NA	NA
actP	sp|A1JIK1.1|	A1JIK1	RecName: Full=Cation/acetate symporter ActP; AltName: Full=Acetate permease; AltName: Full=Acetate transporter ActP [Yersinia enterocolitica subsp. enterocolitica 8081]	85.15	532	0	822	NA	NA	NA
actP_2	sp|Q9X5V3.1|	Q9X5V3	RecName: Full=Copper-transporting P-type ATPase [Rhizobium leguminosarum bv. viciae]	64.198	162	1.47e-53	184	NA	NA	NA
ada	sp|P06134.2|	P06134	RecName: Full=Bifunctional transcriptional activator/DNA repair enzyme Ada; AltName: Full=Regulatory protein of adaptive response; Includes: RecName: Full=Methylphosphotriester-DNA--protein-cysteine S-methyltransferase; AltName: Full=Methylphosphotriester-DNA methyltransferase; Includes: RecName: Full=Methylated-DNA--protein-cysteine methyltransferase; AltName: Full=O6-methylguanine-DNA alkyltransferase [Escherichia coli K-12]	49.697	330	3.3999999999999993e-106	318	NA	NA	NA
adeP	sp|P31466.2|	P31466	RecName: Full=Adenine permease AdeP [Escherichia coli K-12]	51.163	430	1.9899999999999996e-152	443	NA	NA	NA
adeQ	sp|P31466.2|	P31466	RecName: Full=Adenine permease AdeP [Escherichia coli K-12]	50.812	431	1.51e-122	366	NA	NA	NA
adh1	sp|A4IP64.1|	A4IP64	RecName: Full=Long-chain-alcohol dehydrogenase 1; AltName: Full=Alcohol dehydrogenase 1; Short=ADH1; AltName: Full=Fatty alcohol oxidoreductase 1; AltName: Full=Glycerol dehydrogenase [Geobacillus thermodenitrificans NG80-2]	47.721	373	1.9399999999999998e-99	303	NA	NA	NA
adhA	sp|P9WQC0.1|	P9WQC0	RecName: Full=Probable alcohol dehydrogenase AdhA [Mycobacterium tuberculosis CDC1551]	44.904	314	7.96e-76	239	NA	NA	NA
adhB_1	sp|P37686.4|	P37686	RecName: Full=Probable alcohol dehydrogenase [Escherichia coli K-12]	67.979	381	0	522	NA	NA	NA
adhB_2	sp|P0A388.1|	P0A388	RecName: Full=Alcohol dehydrogenase (quinone), cytochrome c subunit; Short=ADH; AltName: Full=Alcohol dehydrogenase (quinone), subunit II; AltName: Full=Cytochrome c-553; AltName: Full=Cytochrome c553; AltName: Full=Ethanol:Q2 reductase; AltName: Full=G3-ADH subunit II; AltName: Full=Quinohemoprotein-cytochrome c complex; AltName: Full=Ubiquinol oxidase; Flags: Precursor [Gluconacetobacter polyoxogenes]	48.01	402	4.75e-125	374	NA	NA	NA
adhC2	sp|W8JDE0.1|	W8JDE0	RecName: Full=Alcohol dehydrogenase 9; Short=CrADH9 [Catharanthus roseus]	52.137	351	1.86e-115	342	NA	NA	NA
adh_1	sp|Q9ZAA1.1|	Q9ZAA1	RecName: Full=Acetaldehyde dehydrogenase [Pseudomonas aeruginosa]	86.561	506	0	852	NA	NA	NA
adh_1~~~adh_2	sp|Q0KDL6.1|	Q0KDL6	RecName: Full=Alcohol dehydrogenase [Cupriavidus necator H16]	68.044	363	6.279999999999999e-179	503	NA	NA	NA
adiA	sp|Q9I2S7.1|	Q9I2S7	RecName: Full=Lysine decarboxylase LdcA [Pseudomonas aeruginosa PAO1]	83.2	750	0	1312	NA	NA	NA
adk	sp|C3KEC6.1|	C3KEC6	RecName: Full=Adenylate kinase; Short=AK; AltName: Full=ATP-AMP transphosphorylase; AltName: Full=ATP:AMP phosphotransferase; AltName: Full=Adenylate monophosphate kinase [Pseudomonas [fluorescens] SBW25]	99.07	215	8.54e-141	395	NA	NA	NA
aer	sp|Q9I3F6.1|	Q9I3F6	RecName: Full=Methyl-accepting chemotaxis protein Aer; AltName: Full=Aerotaxis receptor Aer [Pseudomonas aeruginosa PAO1]	77.543	521	0	771	NA	NA	NA
aes_2	sp|Q9EX73.1|	Q9EX73	RecName: Full=Monoterpene epsilon-lactone hydrolase [Rhodococcus erythropolis]	33.184	223	4.38e-24	102	NA	NA	NA
agaA	sp|Q8XAC3.2|	Q8XAC3	RecName: Full=N-acetylgalactosamine-6-phosphate deacetylase; Short=Aga-6-P deacetylase [Escherichia coli O157:H7]	39.628	376	1.3e-70	228	NA	NA	NA
aguA	sp|C3K5U8.1|	C3K5U8	RecName: Full=Agmatine deiminase; AltName: Full=Agmatine iminohydrolase [Pseudomonas [fluorescens] SBW25]	95.109	368	0	702	NA	NA	NA
ahcY	sp|C3K3G6.1|	C3K3G6	RecName: Full=Adenosylhomocysteinase; AltName: Full=S-adenosyl-L-homocysteine hydrolase; Short=AdoHcyase [Pseudomonas [fluorescens] SBW25]	98.081	469	0	891	NA	NA	NA
ahpC_1	sp|Q8K9W0.1|	Q8K9W0	RecName: Full=Alkyl hydroperoxide reductase C; AltName: Full=Peroxiredoxin; AltName: Full=Thioredoxin peroxidase [Buchnera aphidicola str. Sg (Schizaphis graminum)]	51.031	194	1.41e-76	231	NA	NA	NA
ahpC_2	sp|P0A251.2|	P0A251	RecName: Full=Alkyl hydroperoxide reductase C; AltName: Full=Alkyl hydroperoxide reductase protein C22; AltName: Full=Peroxiredoxin; AltName: Full=Thioredoxin peroxidase [Salmonella enterica subsp. enterica serovar Typhimurium str. LT2]	70.053	187	1.03e-100	291	NA	NA	NA
ahpF	sp|Q9I6Z2.1|	Q9I6Z2	RecName: Full=Alkyl hydroperoxide reductase subunit F [Pseudomonas aeruginosa PAO1]	85.192	520	0	896	NA	NA	NA
aidB	sp|P33224.3|	P33224	RecName: Full=Putative acyl-CoA dehydrogenase AidB [Escherichia coli K-12]	48.359	457	4.21e-124	378	NA	NA	NA
ais_1	sp|A0A0A1H8I4.1|	A0A0A1H8I4	RecName: Full=Aconitate isomerase; Short=AI; Flags: Precursor [Pseudomonas sp.]	45.614	228	2.73e-58	189	NA	NA	NA
ais_2	sp|Q83QU0.5|	Q83QU0	RecName: Full=Lipopolysaccharide core heptose(II)-phosphate phosphatase; Flags: Precursor [Shigella flexneri]	35.2	125	2.98e-18	82.8	NA	NA	NA
aknOx	sp|A3RXB7.1|	A3RXB7	RecName: Full=N-acetyl-D-hexosamine oxidase; Short=HexNAcO [Ralstonia solanacearum UW551]	41.113	557	2.77e-113	349	NA	NA	NA
alaA	sp|P0A959.1|	P0A959	RecName: Full=Glutamate-pyruvate aminotransferase AlaA [Escherichia coli K-12]	72.569	401	0	614	NA	NA	NA
alaC	sp|P77434.1|	P77434	RecName: Full=Glutamate-pyruvate aminotransferase AlaC [Escherichia coli K-12]	88.75	400	0	716	NA	NA	NA
alaS	sp|Q4K843.1|	Q4K843	RecName: Full=Alanine--tRNA ligase; AltName: Full=Alanyl-tRNA synthetase; Short=AlaRS [Pseudomonas protegens Pf-5]	91.648	874	0	1466	NA	NA	NA
alc	sp|C3K0A7.1|	C3K0A7	RecName: Full=Probable allantoicase; AltName: Full=Allantoate amidinohydrolase [Pseudomonas [fluorescens] SBW25]	96.979	331	0	648	NA	NA	NA
ald	sp|H8ZPX2.1|	H8ZPX2	RecName: Full=3-succinoylsemialdehyde-pyridine dehydrogenase; Short=SAPD [Pseudomonas sp.]	46.822	472	4.1899999999999995e-124	372	NA	NA	NA
aldA	sp|P25553.2|	P25553	RecName: Full=Lactaldehyde dehydrogenase; AltName: Full=Aldehyde dehydrogenase A; AltName: Full=Glycolaldehyde dehydrogenase [Escherichia coli K-12]	43.284	469	1.3899999999999999e-130	389	NA	NA	NA
aldHT	sp|P42329.1|	P42329	RecName: Full=Aldehyde dehydrogenase, thermostable [Geobacillus stearothermophilus]	43.892	483	4.3e-117	355	NA	NA	NA
alg8	sp|Q887P9.1|	Q887P9	RecName: Full=Glycosyltransferase alg8 [Pseudomonas syringae pv. tomato str. DC3000]	89.047	493	0	830	NA	NA	NA
algA_1	sp|P0C7J3.1|	P0C7J3	RecName: Full=Xanthan biosynthesis protein XanB; Includes: RecName: Full=Mannose-6-phosphate isomerase; AltName: Full=Phosphohexomutase; AltName: Full=Phosphomannose isomerase; Short=PMI; Includes: RecName: Full=Mannose-1-phosphate guanylyl transferase; AltName: Full=GDP-mannose pyrophosphorylase; Short=GMP; Short=GMPP [Xanthomonas campestris pv. campestris str. ATCC 33913]	47.899	476	4.35e-139	411	NA	NA	NA
algA_2	sp|Q48462.1|	Q48462	RecName: Full=Mannose-1-phosphate guanylyltransferase; AltName: Full=GDP-mannose pyrophosphorylase; Short=GMP; Short=GMPP; AltName: Full=ORF16 [Klebsiella pneumoniae]	44.77	478	4.3499999999999994e-144	424	NA	NA	NA
algB	sp|Q88AQ2.1|	Q88AQ2	RecName: Full=Alginate biosynthesis transcriptional regulatory protein AlgB [Pseudomonas syringae pv. tomato str. DC3000]	94.866	448	0	876	NA	NA	NA
algC	sp|Q88BD4.1|	Q88BD4	RecName: Full=Phosphomannomutase/phosphoglucomutase; Short=PMM / PGM [Pseudomonas syringae pv. tomato str. DC3000]	82.189	466	0	790	NA	NA	NA
algD	sp|P59793.1|	P59793	RecName: Full=GDP-mannose 6-dehydrogenase; Short=GMD [Pseudomonas syringae pv. syringae]	90.868	438	0	824	NA	NA	NA
algE	sp|Q88NC8.1|	Q88NC8	RecName: Full=Alginate production protein AlgE; Flags: Precursor [Pseudomonas putida KT2440]	68.787	503	0	705	NA	NA	NA
algF	sp|P59791.1|	P59791	RecName: Full=Alginate biosynthesis protein AlgF; Flags: Precursor [Pseudomonas fluorescens]	94.037	218	1.95e-147	412	NA	NA	NA
algG	sp|P59828.1|	P59828	RecName: Full=Mannuronan C5-epimerase; AltName: Full=Poly(beta-D-mannuronate) C5 epimerase; Flags: Precursor [Pseudomonas fluorescens]	91.031	524	0	985	NA	NA	NA
algJ	sp|P59792.1|	P59792	RecName: Full=Probable alginate O-acetylase AlgJ; AltName: Full=Alginate biosynthesis protein AlgJ; Flags: Precursor [Pseudomonas fluorescens]	93.655	394	0	708	NA	NA	NA
algK	sp|Q887Q1.1|	Q887Q1	RecName: Full=Alginate biosynthesis protein AlgK; Flags: Precursor [Pseudomonas syringae pv. tomato str. DC3000]	71.179	458	0	665	NA	NA	NA
algL	sp|C3KDZ3.1|	C3KDZ3	RecName: Full=Alginate lyase; AltName: Full=Poly(beta-D-mannuronate) lyase; Flags: Precursor [Pseudomonas [fluorescens] SBW25]	96.748	369	0	753	NA	NA	NA
algU	sp|Q06198.1|	Q06198	RecName: Full=RNA polymerase sigma-H factor; AltName: Full=Sigma-30 [Pseudomonas aeruginosa PAO1]	91.146	192	1.1999999999999998e-130	367	NA	NA	NA
algX	sp|P59788.1|	P59788	RecName: Full=Alginate biosynthesis protein AlgX; AltName: Full=Probable alginate O-acetyltransferase AlgX; Flags: Precursor [Pseudomonas fluorescens]	95.052	485	0	948	NA	NA	NA
alkA	sp|P9WJW2.1|	P9WJW2	RecName: Full=Probable bifunctional transcriptional activator/DNA repair enzyme AlkA; AltName: Full=Regulatory protein AlkA; Includes: RecName: Full=Methylphosphotriester-DNA--protein-cysteine S-methyltransferase; AltName: Full=Methylphosphotriester-DNA methyltransferase; Includes: RecName: Full=DNA-3-methyladenine glycosylase; AltName: Full=DNA-3-methyladenine glycosidase [Mycobacterium tuberculosis CDC1551]	39.437	284	2.2e-49	173	NA	NA	NA
alkB	sp|P05050.1|	P05050	RecName: Full=Alpha-ketoglutarate-dependent dioxygenase AlkB; AltName: Full=Alkylated DNA repair protein AlkB; AltName: Full=DNA oxidative demethylase AlkB [Escherichia coli K-12]	54.419	215	1.61e-77	235	NA	NA	NA
alkB1	sp|Q0VKZ3.1|	Q0VKZ3	RecName: Full=Alkane 1-monooxygenase 1; AltName: Full=Alkane hydroxylase; Short=AHs; AltName: Full=Terminal alkane hydroxylase [Alcanivorax borkumensis SK2]	41.951	410	2.8799999999999996e-96	297	NA	NA	NA
alkJ_1	sp|Q9WWW2.1|	Q9WWW2	RecName: Full=Alcohol dehydrogenase [acceptor] [Pseudomonas putida]	44.61	538	8.19e-156	459	NA	NA	NA
alkJ_2	sp|Q9WWW2.1|	Q9WWW2	RecName: Full=Alcohol dehydrogenase [acceptor] [Pseudomonas putida]	41.667	528	8.549999999999999e-136	408	NA	NA	NA
alkJ_3	sp|Q47944.1|	Q47944	RecName: Full=L-sorbose 1-dehydrogenase; Short=SDH [Gluconobacter oxydans]	45.802	524	9.159999999999999e-173	501	NA	NA	NA
alkT	sp|Q9HTK9.1|	Q9HTK9	RecName: Full=Rubredoxin-NAD(+) reductase; Short=RdxR [Pseudomonas aeruginosa PAO1]	79.265	381	0	568	NA	NA	NA
allA	sp|C3K0A8.1|	C3K0A8	RecName: Full=Ureidoglycolate lyase; AltName: Full=Ureidoglycolatase [Pseudomonas [fluorescens] SBW25]	97.605	167	7.71e-120	338	NA	NA	NA
alr	sp|Q4K3T9.1|	Q4K3T9	RecName: Full=Alanine racemase [Pseudomonas protegens Pf-5]	87.288	354	0	642	NA	NA	NA
alsT	sp|O31464.2|	O31464	RecName: Full=Probable sodium/glutamine symporter GlnT [Bacillus subtilis subsp. subtilis str. 168]	44.325	467	1.8499999999999995e-107	330	NA	NA	NA
amgK	sp|Q88QT3.1|	Q88QT3	RecName: Full=N-acetylmuramate/N-acetylglucosamine kinase; Short=MurNAc/GlcNAc kinase; AltName: Full=Anomeric sugar kinase [Pseudomonas putida KT2440]	74.336	339	2.28e-170	480	NA	NA	NA
amiC_1	sp|P63883.1|	P63883	RecName: Full=N-acetylmuramoyl-L-alanine amidase AmiC; Flags: Precursor [Escherichia coli K-12]	41.039	385	2.3e-74	243	NA	NA	NA
amiC_2	sp|O85057.1|	O85057	RecName: Full=Limonene hydroxylase; AltName: Full=(S)-limonene 6-monooxygenase; AltName: Full=(S)-limonene 7-monooxygenase; AltName: Full=Carveol dehydrogenase; AltName: Full=Perillyl-alcohol dehydrogenase [Geobacillus stearothermophilus]	37.692	130	3.67e-17	87	NA	NA	NA
amiC_3	sp|P27017.5|	P27017	RecName: Full=Aliphatic amidase expression-regulating protein [Pseudomonas aeruginosa PAO1]	31.389	360	3.13e-50	176	NA	NA	NA
amiC_4	sp|P63883.1|	P63883	RecName: Full=N-acetylmuramoyl-L-alanine amidase AmiC; Flags: Precursor [Escherichia coli K-12]	38.802	384	2.37e-76	246	NA	NA	NA
amiD_1	sp|P75820.1|	P75820	RecName: Full=N-acetylmuramoyl-L-alanine amidase AmiD; Flags: Precursor [Escherichia coli K-12]	41.25	240	3.6399999999999996e-45	155	NA	NA	NA
amiD_2	sp|P75820.1|	P75820	RecName: Full=N-acetylmuramoyl-L-alanine amidase AmiD; Flags: Precursor [Escherichia coli K-12]	44.314	255	1.5299999999999998e-61	197	NA	NA	NA
amiE	sp|C3K9E6.1|	C3K9E6	RecName: Full=Aliphatic amidase; AltName: Full=Acylamide amidohydrolase [Pseudomonas [fluorescens] SBW25]	97.406	347	0	681	NA	NA	NA
amn	sp|P0AE12.1|	P0AE12	RecName: Full=AMP nucleosidase [Escherichia coli K-12]	55.509	481	4.999999999999999e-180	516	NA	NA	NA
amnD	sp|Q9KWS2.1|	Q9KWS2	RecName: Full=2-aminomuconate deaminase [Pseudomonas sp.]	33.6	125	1.21e-8	53.5	NA	NA	NA
ampC	sp|P85302.1|	P85302	RecName: Full=Beta-lactamase; AltName: Full=Cephalosporinase [Pseudomonas fluorescens]	74.719	356	0	551	NA	NA	NA
ampD	sp|P44624.1|	P44624	RecName: Full=1,6-anhydro-N-acetylmuramyl-L-alanine amidase AmpD; AltName: Full=N-acetylmuramoyl-L-alanine amidase [Haemophilus influenzae Rd KW20]	56.983	179	1.0299999999999999e-69	213	NA	NA	NA
ampR	sp|P24734.3|	P24734	RecName: Full=HTH-type transcriptional activator AmpR [Pseudomonas aeruginosa PAO1]	78.893	289	3.6099999999999995e-166	465	NA	NA	NA
amtB_1	sp|P69680.1|	P69680	RecName: Full=Ammonium transporter AmtB; AltName: Full=Ammonia channel AmtB; AltName: Full=Ammonium channel AmtB; Flags: Precursor [Escherichia coli O157:H7]	50.242	414	7.680000000000001e-105	321	NA	NA	NA
amtB_2	sp|Q58739.1|	Q58739	RecName: Full=Ammonium transporter Amt2 [Methanocaldococcus jannaschii DSM 2661]	37.956	411	2.06e-59	201	NA	NA	NA
anmK	sp|Q3K5W7.1|	Q3K5W7	RecName: Full=Anhydro-N-acetylmuramic acid kinase; AltName: Full=AnhMurNAc kinase [Pseudomonas fluorescens Pf0-1]	84.807	362	0	627	NA	NA	NA
anoR_1	sp|P74946.1|	P74946	RecName: Full=Transcriptional activator protein VanR [Vibrio anguillarum]	30.612	196	3.18e-19	87	NA	NA	NA
anoR_2	sp|A0A0N8YGA2.1|	A0A0N8YGA2	RecName: Full=Transcriptional activator protein AnoR [Acinetobacter nosocomialis]	37.004	227	6.05e-51	168	NA	NA	NA
anr	sp|O85222.1|	O85222	RecName: Full=Transcriptional activator protein Anr; Short=ANR; AltName: Full=Anaerobic regulatory protein [Pseudomonas protegens CHA0]	97.131	244	1.3099999999999997e-148	417	NA	NA	NA
anr_1	sp|Q08530.2|	Q08530	RecName: Full=Transcriptional regulatory protein btr [Bordetella pertussis Tohama I]	39.512	205	1.99e-41	145	NA	NA	NA
ansA	sp|P0A962.1|	P0A962	RecName: Full=L-asparaginase 1; AltName: Full=L-asparaginase I; Short=L-ASNase I; AltName: Full=L-asparagine amidohydrolase I [Escherichia coli K-12]	36.873	339	2.34e-49	171	NA	NA	NA
ansB	sp|O68897.1|	O68897	RecName: Full=Glutaminase-asparaginase; AltName: Full=L-ASNase/L-GLNase; AltName: Full=L-asparagine/L-glutamine amidohydrolase; Flags: Precursor [Pseudomonas fluorescens bv. A]	98.619	362	0	611	NA	NA	NA
antA	sp|O85673.1|	O85673	RecName: Full=Anthranilate 1,2-dioxygenase large subunit [Acinetobacter baylyi ADP1]	76.577	444	0	744	NA	NA	NA
antB	sp|O85674.1|	O85674	RecName: Full=Anthranilate 1,2-dioxygenase small subunit [Acinetobacter baylyi ADP1]	55.828	163	1.05e-65	201	NA	NA	NA
antC	sp|O85675.1|	O85675	RecName: Full=Anthranilate 1,2-dioxygenase electron transfer component; Includes: RecName: Full=Ferredoxin; Includes: RecName: Full=Ferredoxin--NAD(+) reductase [Acinetobacter baylyi ADP1]	61.062	339	6.639999999999999e-153	436	NA	NA	NA
apaG	sp|C3K328.1|	C3K328	RecName: Full=Protein ApaG [Pseudomonas [fluorescens] SBW25]	97.619	126	1.5399999999999998e-88	255	NA	NA	NA
apaH_1	sp|C3K329.1|	C3K329	RecName: Full=Bis(5'-nucleosyl)-tetraphosphatase, symmetrical; AltName: Full=Ap4A hydrolase; AltName: Full=Diadenosine 5',5'''-P1,P4-tetraphosphate pyrophosphohydrolase; AltName: Full=Diadenosine tetraphosphatase [Pseudomonas [fluorescens] SBW25]	92.933	283	0	548	NA	NA	NA
apaH_2	sp|Q9K907.1|	Q9K907	RecName: Full=Bis(5'-nucleosyl)-tetraphosphatase PrpE [asymmetrical]; AltName: Full=Ap4A hydrolase; AltName: Full=Diadenosine 5',5'''-P1,P4-tetraphosphate asymmetrical hydrolase; Short=Diadenosine tetraphosphatase [Halalkalibacterium halodurans C-125]	42.667	75	3.42e-12	68.6	NA	NA	NA
apbC	sp|P72190.1|	P72190	RecName: Full=Iron-sulfur cluster carrier protein [Pseudomonas fragi]	92.473	279	0	512	NA	NA	NA
apbE	sp|A5F5Y3.2|	A5F5Y3	RecName: Full=FAD:protein FMN transferase; AltName: Full=Flavin transferase; Flags: Precursor [Vibrio cholerae O395]	37.294	303	1.6299999999999997e-57	191	NA	NA	NA
apc3	sp|Q58374.1|	Q58374	RecName: Full=Uncharacterized protein MJ0964 [Methanocaldococcus jannaschii DSM 2661]	33.382	692	1.2099999999999998e-133	412	NA	NA	NA
apc4	sp|Q58373.1|	Q58373	RecName: Full=Uncharacterized protein MJ0963 [Methanocaldococcus jannaschii DSM 2661]	30.325	554	1.7599999999999997e-55	199	NA	NA	NA
apeB	sp|C3K0D7.1|	C3K0D7	RecName: Full=Probable M18 family aminopeptidase 2 [Pseudomonas [fluorescens] SBW25]	99.068	429	0	853	NA	NA	NA
aphA	sp|Q9I3T5.1|	Q9I3T5	RecName: Full=Acetylpolyamine amidohydrolase 1; Short=APAH 1; AltName: Full=Acetylcadaverine deacetylase; AltName: Full=Acetylpolyamine deacetylase; AltName: Full=Acetylputrescine deacetylase [Pseudomonas aeruginosa PAO1]	70.52	346	4.5599999999999995e-172	484	NA	NA	NA
aplIM	sp|O33481.1|	O33481	RecName: Full=Type II methyltransferase M.PspPI; Short=M.PspPI; AltName: Full=Cytosine-specific methyltransferase PspPI; AltName: Full=Modification methylase PspPI [Psychrobacter sp. TA137]	30.084	359	2.84e-33	132	NA	NA	NA
appA	sp|Q8FW84.1|	Q8FW84	RecName: Full=Putative binding protein BRA0576/BS1330_II0571; Flags: Precursor [Brucella suis 1330]	35.246	610	1.0199999999999999e-116	363	NA	NA	NA
appC	sp|P94364.1|	P94364	RecName: Full=Cytochrome bd ubiquinol oxidase subunit 1; AltName: Full=Cytochrome d ubiquinol oxidase subunit I [Bacillus subtilis subsp. subtilis str. 168]	36.585	410	1.54e-72	239	NA	NA	NA
aprA_1	sp|A0A0C5CJR8.1|	A0A0C5CJR8	RecName: Full=Metallopeptidase AprA; AltName: Full=Heat-resistant peptidase; Flags: Precursor [Pseudomonas marginalis]	95.388	477	0	832	NA	NA	NA
aprA_2	sp|Q1ID47.1|	Q1ID47	RecName: Full=Metalloprotease AprA [Pseudomonas entomophila L48]	47.059	442	3.53e-114	347	NA	NA	NA
apt	sp|C3K148.1|	C3K148	RecName: Full=Adenine phosphoribosyltransferase; Short=APRT [Pseudomonas [fluorescens] SBW25]	98.352	182	1.01e-128	361	NA	NA	NA
apxIB	sp|P26760.2|	P26760	RecName: Full=Toxin RTX-I translocation ATP-binding protein; AltName: Full=APX-IB; AltName: Full=Cytolysin IB; Short=CLY-IB; AltName: Full=HLY-IB; AltName: Full=RTX-I toxin determinant B [Actinobacillus pleuropneumoniae]	60.229	699	0	850	NA	NA	NA
apxIB_2	sp|Q933I3.1|	Q933I3	RecName: Full=Leukotoxin translocation ATP-binding protein LktB [Mannheimia glucosida]	30.457	591	1.6199999999999999e-74	259	NA	NA	NA
araC	sp|Q1JUQ1.1|	Q1JUQ1	RecName: Full=L-arabonate dehydratase; AltName: Full=L-arabinonate dehydratase [Azospirillum brasilense]	78.596	584	0	937	NA	NA	NA
araF_1	sp|P02924.2|	P02924	RecName: Full=L-arabinose-binding periplasmic protein; Short=ABP; Flags: Precursor [Escherichia coli K-12]	59.568	324	8e-131	379	NA	NA	NA
araF_2	sp|P02924.2|	P02924	RecName: Full=L-arabinose-binding periplasmic protein; Short=ABP; Flags: Precursor [Escherichia coli K-12]	59.868	304	3.86e-126	367	NA	NA	NA
araG_1	sp|Q3K8M7.1|	Q3K8M7	RecName: Full=Arabinose import ATP-binding protein AraG [Pseudomonas fluorescens Pf0-1]	85.062	482	0	824	NA	NA	NA
araG_2	sp|Q3K8M7.1|	Q3K8M7	RecName: Full=Arabinose import ATP-binding protein AraG [Pseudomonas fluorescens Pf0-1]	85.49	510	0	877	NA	NA	NA
araG_3	sp|Q1ARR5.1|	Q1ARR5	RecName: Full=Ribose import ATP-binding protein RbsA 3 [Rubrobacter xylanophilus DSM 9941]	46.232	491	9.3e-136	405	NA	NA	NA
araH_1	sp|P0AE26.2|	P0AE26	RecName: Full=L-arabinose transport system permease protein AraH [Escherichia coli K-12]	61.92	323	2.97e-105	313	NA	NA	NA
araH_2	sp|P0AE26.2|	P0AE26	RecName: Full=L-arabinose transport system permease protein AraH [Escherichia coli K-12]	58.696	322	3.98e-97	293	NA	NA	NA
arcA	sp|P13981.2|	P13981	RecName: Full=Arginine deiminase; Short=ADI; AltName: Full=Arginine dihydrolase; Short=AD [Pseudomonas aeruginosa PAO1]	81.34	418	0	720	NA	NA	NA
arcB	sp|P08308.3|	P08308	RecName: Full=Ornithine carbamoyltransferase, catabolic; Short=OTCase [Pseudomonas aeruginosa PAO1]	86.607	336	0	626	NA	NA	NA
arcC1	sp|P13982.1|	P13982	RecName: Full=Carbamate kinase; Short=CKase [Pseudomonas aeruginosa PAO1]	82.201	309	1.6299999999999998e-168	473	NA	NA	NA
arcD_1	sp|P18275.1|	P18275	RecName: Full=Arginine/ornithine antiporter; AltName: Full=Arginine-ornithine exchanger [Pseudomonas aeruginosa PAO1]	75.217	460	0	570	NA	NA	NA
arcD_2	sp|P18275.1|	P18275	RecName: Full=Arginine/ornithine antiporter; AltName: Full=Arginine-ornithine exchanger [Pseudomonas aeruginosa PAO1]	84.792	480	0	632	NA	NA	NA
arfB	sp|P45388.1|	P45388	RecName: Full=Peptidyl-tRNA hydrolase ArfB; Short=PTH; AltName: Full=Alternative ribosome-rescue factor B [Pseudomonas putida]	86.131	137	2.92e-84	245	NA	NA	NA
argA	sp|C3K3V3.1|	C3K3V3	RecName: Full=Amino-acid acetyltransferase; AltName: Full=N-acetylglutamate synthase; Short=AGS; Short=NAGS [Pseudomonas [fluorescens] SBW25]	97.921	433	0	800	NA	NA	NA
argB	sp|C3K475.1|	C3K475	RecName: Full=Acetylglutamate kinase; AltName: Full=N-acetyl-L-glutamate 5-phosphotransferase; AltName: Full=NAG kinase; Short=NAGK [Pseudomonas [fluorescens] SBW25]	99.336	301	0	553	NA	NA	NA
argC	sp|C3K2Z7.1|	C3K2Z7	RecName: Full=N-acetyl-gamma-glutamyl-phosphate reductase; Short=AGPR; AltName: Full=N-acetyl-glutamate semialdehyde dehydrogenase; Short=NAGSA dehydrogenase [Pseudomonas [fluorescens] SBW25]	98.48	329	0	601	NA	NA	NA
argD_1	sp|Q7VSH3.1|	Q7VSH3	RecName: Full=Acetylornithine aminotransferase 2; Short=ACOAT 2 [Bordetella pertussis Tohama I]	48.813	379	6.0099999999999994e-96	296	NA	NA	NA
argD_2	sp|Q882K8.1|	Q882K8	RecName: Full=Acetylornithine aminotransferase 2; Short=ACOAT 2 [Pseudomonas syringae pv. tomato str. DC3000]	76.35	389	0	582	NA	NA	NA
argD_2~~~bioA_2	sp|O94562.1|	O94562	RecName: Full=Uncharacterized aminotransferase C1771.03c [Schizosaccharomyces pombe 972h-]	36.927	436	1.7000000000000001e-100	310	NA	NA	NA
argD_3	sp|Q7SY54.1|	Q7SY54	RecName: Full=Ethanolamine-phosphate phospho-lyase; AltName: Full=Alanine--glyoxylate aminotransferase 2-like 1 [Danio rerio]	42.512	414	2.93e-100	326	NA	NA	NA
argE_1	sp|Q9K4Z2.1|	Q9K4Z2	RecName: Full=Acetylornithine deacetylase; Short=AO; Short=Acetylornithinase; AltName: Full=N-acetylornithinase; Short=NAO [Moritella abyssi]	48.947	380	8.93e-126	370	NA	NA	NA
argE_2	sp|O68873.1|	O68873	RecName: Full=Acetylornithine deacetylase; Short=AO; Short=Acetylornithinase; AltName: Full=N-acetylornithinase; Short=NAO [Myxococcus xanthus]	37.533	381	7.82e-64	211	NA	NA	NA
argF	sp|Q87XL4.3|	Q87XL4	RecName: Full=Ornithine carbamoyltransferase; Short=OTCase [Pseudomonas syringae pv. tomato str. DC3000]	87.255	306	0	557	NA	NA	NA
argG	sp|C3KBZ2.1|	C3KBZ2	RecName: Full=Argininosuccinate synthase; AltName: Full=Citrulline--aspartate ligase [Pseudomonas [fluorescens] SBW25]	99.259	405	0	830	NA	NA	NA
argH_1	sp|C3K426.1|	C3K426	RecName: Full=Argininosuccinate lyase; Short=ASAL; AltName: Full=Arginosuccinase [Pseudomonas [fluorescens] SBW25]	98.707	464	0	941	NA	NA	NA
argH_2	sp|Q3KCB2.1|	Q3KCB2	RecName: Full=Argininosuccinate lyase 1; Short=ASAL 1; AltName: Full=Arginosuccinase 1 [Pseudomonas fluorescens Pf0-1]	88	475	0	767	NA	NA	NA
argJ	sp|Q4K7C2.1|	Q4K7C2	RecName: Full=Arginine biosynthesis bifunctional protein ArgJ; Includes: RecName: Full=Glutamate N-acetyltransferase; AltName: Full=Ornithine acetyltransferase; Short=OATase; AltName: Full=Ornithine transacetylase; Includes: RecName: Full=Amino-acid acetyltransferase; AltName: Full=N-acetylglutamate synthase; Short=AGSase; Contains: RecName: Full=Arginine biosynthesis bifunctional protein ArgJ alpha chain; Contains: RecName: Full=Arginine biosynthesis bifunctional protein ArgJ beta chain [Pseudomonas protegens Pf-5]	93.58	405	0	781	NA	NA	NA
argO_1	sp|A8GIT2.1|	A8GIT2	RecName: Full=Arginine exporter protein ArgO [Serratia proteamaculans 568]	47.179	195	5.32e-36	128	NA	NA	NA
argO_1~~~argO_2	sp|P64904.1|	P64904	RecName: Full=Lysine exporter LysE [Mycobacterium tuberculosis variant bovis AF2122/97]	37.879	198	1.53e-30	114	NA	NA	NA
argP_1	sp|P67668.1|	P67668	RecName: Full=Uncharacterized HTH-type transcriptional regulator Mb2303c [Mycobacterium tuberculosis variant bovis AF2122/97]	31.25	192	4.24e-13	72	NA	NA	NA
argP_2	sp|Q3K7N4.1|	Q3K7N4	RecName: Full=HTH-type transcriptional regulator ArgP [Pseudomonas fluorescens Pf0-1]	89.831	295	0	538	NA	NA	NA
argP_3	sp|B5XUC3.1|	B5XUC3	RecName: Full=HTH-type transcriptional regulator ArgP [Klebsiella variicola 342]	39.175	291	6.0200000000000005e-65	209	NA	NA	NA
argP_3~~~oxyR_2	sp|P52696.3|	P52696	RecName: Full=Uncharacterized HTH-type transcriptional regulator YbhD [Escherichia coli K-12]	39.831	236	1.3e-60	200	NA	NA	NA
argP_4	sp|P52685.1|	P52685	RecName: Full=Mau operon transcriptional activator [Paracoccus denitrificans]	30.075	266	1.21e-12	70.1	NA	NA	NA
argS	sp|C3KAH3.1|	C3KAH3	RecName: Full=Arginine--tRNA ligase; AltName: Full=Arginyl-tRNA synthetase; Short=ArgRS [Pseudomonas [fluorescens] SBW25]	93.982	565	0	1058	NA	NA	NA
argT_1	sp|G3XD47.1|	G3XD47	RecName: Full=L-arginine-binding protein; Flags: Precursor [Pseudomonas aeruginosa PAO1]	69.167	240	2.9599999999999994e-112	326	NA	NA	NA
argT_2	sp|G3XD47.1|	G3XD47	RecName: Full=L-arginine-binding protein; Flags: Precursor [Pseudomonas aeruginosa PAO1]	60.851	235	2.01e-102	301	NA	NA	NA
argT_3	sp|P02911.2|	P02911	RecName: Full=Lysine/arginine/ornithine-binding periplasmic protein; Short=LAO-binding protein; Flags: Precursor [Salmonella enterica subsp. enterica serovar Typhimurium str. LT2]	47.951	244	4.3899999999999997e-69	216	NA	NA	NA
arnA	sp|C3KAD2.1|	C3KAD2	RecName: Full=Bifunctional polymyxin resistance protein ArnA; Includes: RecName: Full=UDP-4-amino-4-deoxy-L-arabinose formyltransferase; AltName: Full=ArnAFT; AltName: Full=UDP-L-Ara4N formyltransferase; Includes: RecName: Full=UDP-glucuronic acid oxidase, UDP-4-keto-hexauronic acid decarboxylating; AltName: Full=ArnADH; AltName: Full=UDP-GlcUA decarboxylase; AltName: Full=UDP-glucuronic acid dehydrogenase [Pseudomonas [fluorescens] SBW25]	96.078	663	0	1331	NA	NA	NA
arnB_1	sp|Q4KC84.2|	Q4KC84	RecName: Full=UDP-4-amino-4-deoxy-L-arabinose--oxoglutarate aminotransferase; AltName: Full=UDP-(beta-L-threo-pentapyranosyl-4''-ulose diphosphate) aminotransferase; Short=UDP-Ara4O aminotransferase; AltName: Full=UDP-4-amino-4-deoxy-L-arabinose aminotransferase [Pseudomonas protegens Pf-5]	42.513	374	1.71e-85	267	NA	NA	NA
arnB_2	sp|Q07608.1|	Q07608	RecName: Full=Protein MosB [Sinorhizobium meliloti]	38.182	165	4.45e-17	86.7	NA	NA	NA
arnC	sp|C3KAD3.1|	C3KAD3	RecName: Full=Undecaprenyl-phosphate 4-deoxy-4-formamido-L-arabinose transferase; AltName: Full=Undecaprenyl-phosphate Ara4FN transferase; Short=Ara4FN transferase [Pseudomonas [fluorescens] SBW25]	96.491	342	0	582	NA	NA	NA
arnD	sp|Q4KC81.1|	Q4KC81	RecName: Full=Probable 4-deoxy-4-formamido-L-arabinose-phosphoundecaprenol deformylase ArnD [Pseudomonas protegens Pf-5]	85.714	294	0	523	NA	NA	NA
arnE_2	sp|Q3KCB8.1|	Q3KCB8	RecName: Full=Probable 4-amino-4-deoxy-L-arabinose-phosphoundecaprenol flippase subunit ArnE; Short=L-Ara4N-phosphoundecaprenol flippase subunit ArnE; AltName: Full=Undecaprenyl phosphate-aminoarabinose flippase subunit ArnE [Pseudomonas fluorescens Pf0-1]	30.864	81	8.74e-8	50.1	NA	NA	NA
arnE_3	sp|C3KAC9.1|	C3KAC9	RecName: Full=Probable 4-amino-4-deoxy-L-arabinose-phosphoundecaprenol flippase subunit ArnE; Short=L-Ara4N-phosphoundecaprenol flippase subunit ArnE; AltName: Full=Undecaprenyl phosphate-aminoarabinose flippase subunit ArnE [Pseudomonas [fluorescens] SBW25]	93	100	2.2200000000000002e-29	105	NA	NA	NA
arnF	sp|Q4KC78.1|	Q4KC78	RecName: Full=Probable 4-amino-4-deoxy-L-arabinose-phosphoundecaprenol flippase subunit ArnF; Short=L-Ara4N-phosphoundecaprenol flippase subunit ArnF; AltName: Full=Undecaprenyl phosphate-aminoarabinose flippase subunit ArnF [Pseudomonas protegens Pf-5]	76.642	137	8.150000000000001e-33	115	NA	NA	NA
arnT_2	sp|Q4K884.1|	Q4K884	RecName: Full=Undecaprenyl phosphate-alpha-4-amino-4-deoxy-L-arabinose arabinosyl transferase 2; AltName: Full=4-amino-4-deoxy-L-arabinose lipid A transferase 2; AltName: Full=Lipid IV(A) 4-amino-4-deoxy-L-arabinosyltransferase; AltName: Full=Undecaprenyl phosphate-alpha-L-Ara4N transferase 2 [Pseudomonas protegens Pf-5]	36.082	97	9.66e-8	58.2	NA	NA	NA
arnT_3	sp|Q4K884.1|	Q4K884	RecName: Full=Undecaprenyl phosphate-alpha-4-amino-4-deoxy-L-arabinose arabinosyl transferase 2; AltName: Full=4-amino-4-deoxy-L-arabinose lipid A transferase 2; AltName: Full=Lipid IV(A) 4-amino-4-deoxy-L-arabinosyltransferase; AltName: Full=Undecaprenyl phosphate-alpha-L-Ara4N transferase 2 [Pseudomonas protegens Pf-5]	71.238	525	0	729	NA	NA	NA
arnT_4	sp|Q4KC80.1|	Q4KC80	RecName: Full=Undecaprenyl phosphate-alpha-4-amino-4-deoxy-L-arabinose arabinosyl transferase 1; AltName: Full=4-amino-4-deoxy-L-arabinose lipid A transferase 1; AltName: Full=Lipid IV(A) 4-amino-4-deoxy-L-arabinosyltransferase; AltName: Full=Undecaprenyl phosphate-alpha-L-Ara4N transferase 1 [Pseudomonas protegens Pf-5]	73.406	549	0	682	NA	NA	NA
aroA_1	sp|Q608S5.2|	Q608S5	RecName: Full=3-phosphoshikimate 1-carboxyvinyltransferase; AltName: Full=5-enolpyruvylshikimate-3-phosphate synthase; Short=EPSP synthase; Short=EPSPS [Methylococcus capsulatus str. Bath]	68.372	430	0	565	NA	NA	NA
aroA_2	sp|Q4ZY26.1|	Q4ZY26	RecName: Full=3-phosphoshikimate 1-carboxyvinyltransferase; AltName: Full=5-enolpyruvylshikimate-3-phosphate synthase; Short=EPSP synthase; Short=EPSPS [Pseudomonas syringae pv. syringae B728a]	69.249	413	0	568	NA	NA	NA
aroB_2	sp|Q2NQJ2.1|	Q2NQJ2	RecName: Full=3-dehydroquinate synthase; Short=DHQS [Sodalis glossinidius str. 'morsitans']	38.8	250	2.43e-38	148	NA	NA	NA
aroC	sp|C3K084.1|	C3K084	RecName: Full=Chorismate synthase; Short=CS; AltName: Full=5-enolpyruvylshikimate-3-phosphate phospholyase [Pseudomonas [fluorescens] SBW25]	97.796	363	0	735	NA	NA	NA
aroE_1	sp|Q82M83.1|	Q82M83	RecName: Full=Shikimate dehydrogenase (NADP(+)); Short=SDH [Streptomyces avermitilis MA-4680 = NBRC 14893]	55.596	277	3.61e-84	257	NA	NA	NA
aroE_2	sp|A4XNB9.1|	A4XNB9	RecName: Full=Shikimate dehydrogenase (NADP(+)); Short=SDH [Ectopseudomonas mendocina ymp]	74.265	272	5.87e-134	382	NA	NA	NA
aroF_1	sp|P0A1B5.1|	P0A1B5	RecName: Full=Phospho-2-dehydro-3-deoxyheptonate aldolase, Tyr-sensitive; AltName: Full=3-deoxy-D-arabino-heptulosonate 7-phosphate synthase; AltName: Full=DAHP synthase; AltName: Full=Phospho-2-keto-3-deoxyheptonate aldolase [Salmonella enterica subsp. enterica serovar Typhimurium str. LT2]	59.429	350	5.999999999999999e-153	437	NA	NA	NA
aroF_2	sp|P00888.1|	P00888	RecName: Full=Phospho-2-dehydro-3-deoxyheptonate aldolase, Tyr-sensitive; AltName: Full=3-deoxy-D-arabino-heptulosonate 7-phosphate synthase; AltName: Full=DAHP synthase; AltName: Full=Phospho-2-keto-3-deoxyheptonate aldolase [Escherichia coli K-12]	53.293	334	6.83e-115	340	NA	NA	NA
aroH	sp|P29976.2|	P29976	RecName: Full=Phospho-2-dehydro-3-deoxyheptonate aldolase 1, chloroplastic; AltName: Full=3-deoxy-D-arabino-heptulosonate 7-phosphate synthase 1; AltName: Full=DAHP synthase 1; AltName: Full=Phospho-2-keto-3-deoxyheptonate aldolase 1; Flags: Precursor [Arabidopsis thaliana]	60.407	442	0	588	NA	NA	NA
aroK	sp|Q4KJI9.1|	Q4KJI9	RecName: Full=Shikimate kinase; Short=SK [Pseudomonas protegens Pf-5]	96.319	163	2.79e-102	293	NA	NA	NA
aroP_1	sp|Q8FL49.1|	Q8FL49	RecName: Full=Aromatic amino acid transport protein AroP; AltName: Full=Aromatic amino acid:H(+) symporter AroP; AltName: Full=General aromatic amino acid permease [Escherichia coli CFT073]	69.71	449	0	595	NA	NA	NA
aroP_2	sp|P15993.3|	P15993	RecName: Full=Aromatic amino acid transport protein AroP; AltName: Full=Aromatic amino acid:H(+) symporter AroP; AltName: Full=General aromatic amino acid permease; AltName: Full=General aromatic transport system [Escherichia coli K-12]	67.991	453	0	583	NA	NA	NA
aroQ1	sp|Q48DI3.1|	Q48DI3	RecName: Full=3-dehydroquinate dehydratase; Short=3-dehydroquinase; AltName: Full=Type II DHQase [Pseudomonas savastanoi pv. phaseolicola 1448A]	87.97	133	1.7e-82	242	NA	NA	NA
aroQ_1	sp|Q1GJU6.1|	Q1GJU6	RecName: Full=3-dehydroquinate dehydratase; Short=3-dehydroquinase; AltName: Full=Type II DHQase [Ruegeria sp. TM1040]	57.6	125	2.9699999999999997e-43	142	NA	NA	NA
aroQ_2	sp|Q88K84.1|	Q88K84	RecName: Full=3-dehydroquinate dehydratase 2; Short=3-dehydroquinase 2; AltName: Full=Type II DHQase 2 [Pseudomonas putida KT2440]	75	128	3.33e-65	198	NA	NA	NA
arsB	sp|P52146.1|	P52146	RecName: Full=Arsenical pump membrane protein [Escherichia coli]	72.167	406	0	526	NA	NA	NA
arsC	sp|Q9K8K8.1|	Q9K8K8	RecName: Full=Arsenate reductase [Halalkalibacterium halodurans C-125]	32.061	131	1.38e-15	72	NA	NA	NA
arsH	sp|B7J950.1|	B7J950	RecName: Full=NADPH-dependent FMN reductase ArsH; AltName: Full=Arsenical resistance operon protein ArsH [Acidithiobacillus ferrooxidans ATCC 23270]	74.641	209	5.05e-108	313	NA	NA	NA
arsH_2	sp|B7J950.1|	B7J950	RecName: Full=NADPH-dependent FMN reductase ArsH; AltName: Full=Arsenical resistance operon protein ArsH [Acidithiobacillus ferrooxidans ATCC 23270]	67.117	222	2.66e-109	317	NA	NA	NA
artJ_1	sp|P27676.1|	P27676	RecName: Full=Glutamine-binding protein; Short=GlnBP; Flags: Precursor [Geobacillus stearothermophilus]	32.804	189	2.26e-21	93.2	NA	NA	NA
artJ_2	sp|P30860.2|	P30860	RecName: Full=ABC transporter arginine-binding protein 1; Flags: Precursor [Escherichia coli K-12]	43.805	226	6.579999999999999e-54	177	NA	NA	NA
artQ	sp|P0AE34.1|	P0AE34	RecName: Full=Arginine ABC transporter permease protein ArtQ [Escherichia coli K-12]	44.162	197	1.43e-50	167	NA	NA	NA
aruC	sp|Q885K0.1|	Q885K0	RecName: Full=Acetylornithine aminotransferase 1; Short=ACOAT 1 [Pseudomonas syringae pv. tomato str. DC3000]	85.396	404	0	724	NA	NA	NA
aruG	sp|P80358.2|	P80358	RecName: Full=Arginine N-succinyltransferase subunit beta; AltName: Full=AOST; Short=AST; AltName: Full=ARUAII [Pseudomonas aeruginosa PAO1]	84.32	338	0	586	NA	NA	NA
aruI_1	sp|Q9HUI8.1|	Q9HUI8	RecName: Full=Probable 2-ketoarginine decarboxylase AruI; AltName: Full=2-oxo-5-guanidinopentanoate decarboxylase; AltName: Full=5-guanidino-2-oxopentanoate decarboxylase [Pseudomonas aeruginosa PAO1]	47.858	537	2.0499999999999996e-110	343	NA	NA	NA
aruI_2	sp|Q9HUI8.1|	Q9HUI8	RecName: Full=Probable 2-ketoarginine decarboxylase AruI; AltName: Full=2-oxo-5-guanidinopentanoate decarboxylase; AltName: Full=5-guanidino-2-oxopentanoate decarboxylase [Pseudomonas aeruginosa PAO1]	80.226	531	0	810	NA	NA	NA
ascD	sp|Q66DP5.3|	Q66DP5	RecName: Full=CDP-6-deoxy-L-threo-D-glycero-4-hexulose-3-dehydrase reductase; AltName: Full=CDP-6-deoxy-delta-3,4-glucoseen reductase; Short=E3 [Yersinia pseudotuberculosis IP 32953]	30.275	327	4.67e-40	146	NA	NA	NA
asd	sp|Q51344.2|	Q51344	RecName: Full=Aspartate-semialdehyde dehydrogenase; Short=ASA dehydrogenase; Short=ASADH; AltName: Full=Aspartate-beta-semialdehyde dehydrogenase [Pseudomonas aeruginosa PAO1]	89.972	359	0	684	NA	NA	NA
asnB	sp|P54420.2|	P54420	RecName: Full=Asparagine synthetase [glutamine-hydrolyzing] 1 [Bacillus subtilis subsp. subtilis str. 168]	30.769	624	4.0999999999999995e-72	246	NA	NA	NA
aspA	sp|P07346.1|	P07346	RecName: Full=Aspartate ammonia-lyase; Short=Aspartase [Pseudomonas fluorescens]	99.156	474	0	882	NA	NA	NA
aspC_1	sp|P43336.2|	P43336	RecName: Full=Aromatic-amino-acid aminotransferase [Pseudomonas aeruginosa PAO1]	76.904	394	0	592	NA	NA	NA
aspC_2	sp|P96847.2|	P96847	RecName: Full=Valine--pyruvate aminotransferase; AltName: Full=Alanine--valine transaminase [Mycobacterium tuberculosis H37Rv]	38.624	378	9.74e-79	250	NA	NA	NA
aspS	sp|C3JYT1.1|	C3JYT1	RecName: Full=Aspartate--tRNA(Asp/Asn) ligase; AltName: Full=Aspartyl-tRNA synthetase; Short=AspRS; AltName: Full=Non-discriminating aspartyl-tRNA synthetase; Short=ND-AspRS [Pseudomonas [fluorescens] SBW25]	98.646	591	0	1198	NA	NA	NA
aspT	sp|Q7WA16.1|	Q7WA16	RecName: Full=Uncharacterized transporter BPP1579 [Bordetella parapertussis 12822]	67.491	566	0	625	NA	NA	NA
astA	sp|P80357.2|	P80357	RecName: Full=Arginine N-succinyltransferase subunit alpha; Short=ARUAI; AltName: Full=AOST; Short=AST [Pseudomonas aeruginosa PAO1]	84.366	339	0	565	NA	NA	NA
astB	sp|C3JXY6.1|	C3JXY6	RecName: Full=N-succinylarginine dihydrolase [Pseudomonas [fluorescens] SBW25]	98.661	448	0	858	NA	NA	NA
astD	sp|C3JXY7.1|	C3JXY7	RecName: Full=N-succinylglutamate 5-semialdehyde dehydrogenase; AltName: Full=Succinylglutamic semialdehyde dehydrogenase; Short=SGSD [Pseudomonas [fluorescens] SBW25]	96.926	488	0	875	NA	NA	NA
astE	sp|C3JXY4.1|	C3JXY4	RecName: Full=Succinylglutamate desuccinylase [Pseudomonas [fluorescens] SBW25]	94.375	320	0	614	NA	NA	NA
atoC_1	sp|Q06065.2|	Q06065	RecName: Full=Regulatory protein AtoC; AltName: Full=Acetoacetate metabolism regulatory protein; AltName: Full=DNA-binding transcriptional regulator AtoC; AltName: Full=Ornithine decarboxylase antizyme [Escherichia coli K-12]	31.148	122	7.76e-11	62	NA	NA	NA
atoC_2	sp|Q9I4N3.1|	Q9I4N3	RecName: Full=Response regulator protein FleR [Pseudomonas aeruginosa PAO1]	77.754	472	0	660	NA	NA	NA
atoC_3	sp|Q9HWA4.1|	Q9HWA4	RecName: Full=Two-component response regulator PprB [Pseudomonas aeruginosa PAO1]	30.612	98	8.09e-10	58.2	NA	NA	NA
atoC_4	sp|Q06065.2|	Q06065	RecName: Full=Regulatory protein AtoC; AltName: Full=Acetoacetate metabolism regulatory protein; AltName: Full=DNA-binding transcriptional regulator AtoC; AltName: Full=Ornithine decarboxylase antizyme [Escherichia coli K-12]	43.86	456	1.0199999999999998e-129	386	NA	NA	NA
atoC_5	sp|Q06065.2|	Q06065	RecName: Full=Regulatory protein AtoC; AltName: Full=Acetoacetate metabolism regulatory protein; AltName: Full=DNA-binding transcriptional regulator AtoC; AltName: Full=Ornithine decarboxylase antizyme [Escherichia coli K-12]	36.947	452	1.34e-88	280	NA	NA	NA
atoE	sp|P76460.1|	P76460	RecName: Full=Putative short-chain fatty acid transporter [Escherichia coli K-12]	34.169	439	8.35e-45	165	NA	NA	NA
atoS	sp|Q9I4N4.1|	Q9I4N4	RecName: Full=Sensor protein kinase FleS [Pseudomonas aeruginosa PAO1]	73.5	400	4.53e-179	507	NA	NA	NA
atpA	sp|C3K1E8.1|	C3K1E8	RecName: Full=ATP synthase subunit alpha; AltName: Full=ATP synthase F1 sector subunit alpha; AltName: Full=F-ATPase subunit alpha [Pseudomonas [fluorescens] SBW25]	99.611	514	0	1045	NA	NA	NA
atpB	sp|C3K1F2.1|	C3K1F2	RecName: Full=ATP synthase subunit a; AltName: Full=ATP synthase F0 sector subunit a; AltName: Full=F-ATPase subunit 6 [Pseudomonas [fluorescens] SBW25]	98.616	289	0	542	NA	NA	NA
atpC	sp|C3K1E5.1|	C3K1E5	RecName: Full=ATP synthase epsilon chain; AltName: Full=ATP synthase F1 sector epsilon subunit; AltName: Full=F-ATPase epsilon subunit [Pseudomonas [fluorescens] SBW25]	99.275	138	4.0699999999999995e-87	253	NA	NA	NA
atpD	sp|C3K1E6.1|	C3K1E6	RecName: Full=ATP synthase subunit beta; AltName: Full=ATP synthase F1 sector subunit beta; AltName: Full=F-ATPase subunit beta [Pseudomonas [fluorescens] SBW25]	98.693	459	0	876	NA	NA	NA
atpF	sp|Q48BG1.1|	Q48BG1	RecName: Full=ATP synthase subunit b; AltName: Full=ATP synthase F(0) sector subunit b; AltName: Full=ATPase subunit I; AltName: Full=F-type ATPase subunit b; Short=F-ATPase subunit b [Pseudomonas savastanoi pv. phaseolicola 1448A]	91.667	156	6.58e-86	251	NA	NA	NA
atpG	sp|Q3K440.1|	Q3K440	RecName: Full=ATP synthase gamma chain; AltName: Full=ATP synthase F1 sector gamma subunit; AltName: Full=F-ATPase gamma subunit [Pseudomonas fluorescens Pf0-1]	99.301	286	0	556	NA	NA	NA
atpH_1	sp|C3K1E9.1|	C3K1E9	RecName: Full=ATP synthase subunit delta; AltName: Full=ATP synthase F(1) sector subunit delta; AltName: Full=F-type ATPase subunit delta; Short=F-ATPase subunit delta [Pseudomonas [fluorescens] SBW25]	98.876	178	6.78e-126	354	NA	NA	NA
atzF	sp|Q936X2.1|	Q936X2	RecName: Full=Allophanate hydrolase [Pseudomonas sp. ADP]	45.629	572	6.729999999999999e-148	442	NA	NA	NA
azoR1	sp|Q3KD08.1|	Q3KD08	RecName: Full=FMN-dependent NADH:quinone oxidoreductase 3; AltName: Full=Azo-dye reductase 3; AltName: Full=FMN-dependent NADH-azo compound oxidoreductase 3; AltName: Full=FMN-dependent NADH-azoreductase 3 [Pseudomonas fluorescens Pf0-1]	80.296	203	4.88e-120	341	NA	NA	NA
azoR_1	sp|Q3KGD1.1|	Q3KGD1	RecName: Full=FMN-dependent NADH:quinone oxidoreductase 2; AltName: Full=Azo-dye reductase 2; AltName: Full=FMN-dependent NADH-azo compound oxidoreductase 2; AltName: Full=FMN-dependent NADH-azoreductase 2 [Pseudomonas fluorescens Pf0-1]	84.848	198	3.7099999999999997e-124	351	NA	NA	NA
azoR_2	sp|Q4KEN7.1|	Q4KEN7	RecName: Full=FMN-dependent NADH:quinone oxidoreductase 4; AltName: Full=Azo-dye reductase 4; AltName: Full=FMN-dependent NADH-azo compound oxidoreductase 4; AltName: Full=FMN-dependent NADH-azoreductase 4 [Pseudomonas protegens Pf-5]	45.918	196	1.54e-49	162	NA	NA	NA
bacA	sp|Q57335.1|	Q57335	RecName: Full=Uncharacterized ABC transporter ATP-binding protein HI_0036 [Haemophilus influenzae Rd KW20]	35.897	546	1.33e-108	340	NA	NA	NA
bacC	sp|P54795.1|	P54795	RecName: Full=Protein MoaE [Klebsiella aerogenes]	54.733	243	1.34e-68	215	NA	NA	NA
bacC_2	sp|Q8KWT4.1|	Q8KWT4	RecName: Full=Dihydroanticapsin 7-dehydrogenase; AltName: Full=Bacilysin biosynthesis oxidoreductase BacC [Bacillus subtilis]	33.858	254	6.77e-37	133	NA	NA	NA
baeR_1	sp|P69228.1|	P69228	RecName: Full=Transcriptional regulatory protein BaeR [Escherichia coli K-12]	36.719	256	4.35e-43	149	NA	NA	NA
baeR_2	sp|Q04803.1|	Q04803	RecName: Full=Transcriptional activator protein PfeR [Pseudomonas aeruginosa PAO1]	51.982	227	1.23e-63	203	NA	NA	NA
baiA~~~lvr_2~~~fabG_4	sp|P51831.3|	P51831	RecName: Full=3-oxoacyl-[acyl-carrier-protein] reductase FabG; AltName: Full=3-ketoacyl-acyl carrier protein reductase; AltName: Full=Beta-Ketoacyl-acyl carrier protein reductase; AltName: Full=Beta-ketoacyl-ACP reductase [Bacillus subtilis subsp. subtilis str. 168]	43.719	199	1.87e-51	171	NA	NA	NA
bamA_1	sp|O34731.1|	O34731	RecName: Full=Uncharacterized NTE family protein YlbK [Bacillus subtilis subsp. subtilis str. 168]	35.714	280	1.3399999999999999e-45	166	NA	NA	NA
bamA_2	sp|Q8ZRP0.1|	Q8ZRP0	RecName: Full=Outer membrane protein assembly factor BamA; Flags: Precursor [Salmonella enterica subsp. enterica serovar Typhimurium str. LT2]	38.136	826	0	557	NA	NA	NA
bamB	sp|Q9HXJ7.1|	Q9HXJ7	RecName: Full=Outer membrane protein assembly factor BamB; Flags: Precursor [Pseudomonas aeruginosa PAO1]	73.421	380	0	533	NA	NA	NA
bamD	sp|P33641.2|	P33641	RecName: Full=Outer membrane protein assembly factor BamD; Flags: Precursor [Pseudomonas aeruginosa PAO1]	75.66	341	1.08e-175	493	NA	NA	NA
bamE	sp|O68564.1|	O68564	RecName: Full=Outer membrane protein assembly factor BamE; Flags: Precursor [Pseudomonas fluorescens]	94.286	175	3.7e-100	288	NA	NA	NA
barA	sp|Q9F8D7.1|	Q9F8D7	RecName: Full=Sensor histidine kinase GacS [Pseudomonas protegens CHA0]	87.786	917	0	1534	NA	NA	NA
bauC_1	sp|Q9I702.1|	Q9I702	RecName: Full=Malonate-semialdehyde dehydrogenase; AltName: Full=3-oxopropanoate dehydrogenase [Pseudomonas aeruginosa PAO1]	89.135	497	0	934	NA	NA	NA
bauC_2	sp|Q9I702.1|	Q9I702	RecName: Full=Malonate-semialdehyde dehydrogenase; AltName: Full=3-oxopropanoate dehydrogenase [Pseudomonas aeruginosa PAO1]	57.778	495	0	588	NA	NA	NA
bbsG	sp|Q8K370.1|	Q8K370	RecName: Full=Acyl-CoA dehydrogenase family member 10; Short=ACAD-10 [Mus musculus]	60.606	396	2.4299999999999994e-168	502	NA	NA	NA
bcp	sp|Q8P9V9.1|	Q8P9V9	RecName: Full=Peroxiredoxin Bcp; AltName: Full=Bacterioferritin comigratory protein; AltName: Full=Thioredoxin peroxidase; AltName: Full=Thioredoxin-dependent peroxiredoxin Bcp [Xanthomonas campestris pv. campestris str. ATCC 33913]	53.901	141	2.79e-40	135	NA	NA	NA
bcr_1	sp|P96709.1|	P96709	RecName: Full=Uncharacterized MFS-type transporter YdgK [Bacillus subtilis subsp. subtilis str. 168]	40.154	259	3.21e-50	177	NA	NA	NA
bcr_2	sp|P96709.1|	P96709	RecName: Full=Uncharacterized MFS-type transporter YdgK [Bacillus subtilis subsp. subtilis str. 168]	35.606	264	2.31e-43	159	NA	NA	NA
bcr_3	sp|P96709.1|	P96709	RecName: Full=Uncharacterized MFS-type transporter YdgK [Bacillus subtilis subsp. subtilis str. 168]	33.681	288	3.14e-25	109	NA	NA	NA
bdcA	sp|P39333.2|	P39333	RecName: Full=Cyclic-di-GMP-binding biofilm dispersal mediator protein [Escherichia coli K-12]	51.44	243	8.8e-73	224	NA	NA	NA
bdcA_1	sp|P39333.2|	P39333	RecName: Full=Cyclic-di-GMP-binding biofilm dispersal mediator protein [Escherichia coli K-12]	52.033	246	6.51e-73	225	NA	NA	NA
bdhA	sp|Q9X6U2.2|	Q9X6U2	RecName: Full=D-beta-hydroxybutyrate dehydrogenase; Short=BDH; AltName: Full=3-hydroxybutyrate dehydrogenase; Short=3-HBDH [Cupriavidus necator H16]	67.315	257	1.5900000000000002e-123	354	NA	NA	NA
bdlA_1~~~bdlA_4	sp|Q9I3S1.1|	Q9I3S1	RecName: Full=Biofilm dispersion protein BdlA; AltName: Full=Chemotaxis regulator BdlA [Pseudomonas aeruginosa PAO1]	47.215	413	7.51e-111	336	NA	NA	NA
bdlA_2	sp|Q9I3S1.1|	Q9I3S1	RecName: Full=Biofilm dispersion protein BdlA; AltName: Full=Chemotaxis regulator BdlA [Pseudomonas aeruginosa PAO1]	55.556	414	1.6999999999999997e-153	444	NA	NA	NA
bdlA_3	sp|Q9I3S1.1|	Q9I3S1	RecName: Full=Biofilm dispersion protein BdlA; AltName: Full=Chemotaxis regulator BdlA [Pseudomonas aeruginosa PAO1]	53.431	408	8.669999999999999e-130	384	NA	NA	NA
bdlA_4	sp|Q9I3S1.1|	Q9I3S1	RecName: Full=Biofilm dispersion protein BdlA; AltName: Full=Chemotaxis regulator BdlA [Pseudomonas aeruginosa PAO1]	44.794	413	7.62e-84	266	NA	NA	NA
benM_1	sp|P77559.1|	P77559	RecName: Full=Uncharacterized HTH-type transcriptional regulator YnfL [Escherichia coli K-12]	38.182	275	4.71e-48	165	NA	NA	NA
benM_2	sp|P20667.1|	P20667	RecName: Full=HTH-type transcriptional regulator CatR; AltName: Full=CatBC operon transcriptional activator [Pseudomonas putida]	70.934	289	2.4999999999999996e-144	410	NA	NA	NA
benM_3	sp|P77559.1|	P77559	RecName: Full=Uncharacterized HTH-type transcriptional regulator YnfL [Escherichia coli K-12]	51.389	288	2.09e-93	281	NA	NA	NA
benM_4	sp|P77559.1|	P77559	RecName: Full=Uncharacterized HTH-type transcriptional regulator YnfL [Escherichia coli K-12]	38.71	279	4.8099999999999994e-35	131	NA	NA	NA
bepA_1	sp|P66950.1|	P66950	RecName: Full=Beta-barrel assembly-enhancing protease; Flags: Precursor [Salmonella enterica subsp. enterica serovar Typhimurium str. LT2]	36.695	466	1.0699999999999999e-66	225	NA	NA	NA
bepA_3	sp|P42810.2|	P42810	RecName: Full=TPR repeat-containing protein PA4667 [Pseudomonas aeruginosa PAO1]	69.686	574	0	770	NA	NA	NA
bepE	sp|Q57124.1|	Q57124	RecName: Full=Uncharacterized transporter HI_0895 [Haemophilus influenzae Rd KW20]	41.724	1021	0	677	NA	NA	NA
bepF	sp|Q8FWV8.1|	Q8FWV8	RecName: Full=Efflux pump periplasmic linker BepF [Brucella suis 1330]	32.791	369	2.66e-47	170	NA	NA	NA
betA_1	sp|C3K3D3.1|	C3K3D3	RecName: Full=Oxygen-dependent choline dehydrogenase; Short=CDH; Short=CHD; AltName: Full=Betaine aldehyde dehydrogenase; Short=BADH [Pseudomonas [fluorescens] SBW25]	97.884	567	0	1119	NA	NA	NA
betA_2	sp|Q8BJ64.1|	Q8BJ64	RecName: Full=Choline dehydrogenase, mitochondrial; Short=CDH; Short=CHD; Flags: Precursor [Mus musculus]	39.815	540	4.1e-125	382	NA	NA	NA
betB_1	sp|C3K3D2.1|	C3K3D2	RecName: Full=Betaine aldehyde dehydrogenase; Short=BADH [Pseudomonas [fluorescens] SBW25]	98.163	490	0	991	NA	NA	NA
betB_2	sp|P42269.1|	P42269	RecName: Full=5-carboxymethyl-2-hydroxymuconate semialdehyde dehydrogenase; Short=CHMS dehydrogenase [Escherichia coli]	76.356	461	0	674	NA	NA	NA
betC	sp|O69787.2|	O69787	RecName: Full=Choline-sulfatase [Sinorhizobium meliloti 1021]	48.031	508	2.3799999999999997e-157	460	NA	NA	NA
betI_2	sp|C3K3D1.1|	C3K3D1	RecName: Full=HTH-type transcriptional regulator BetI [Pseudomonas [fluorescens] SBW25]	96.954	197	3.13e-142	397	NA	NA	NA
betI_3	sp|Q8D3K4.2|	Q8D3K4	RecName: Full=HTH-type transcriptional regulator BetI [Vibrio vulnificus CMCP6]	30.814	172	2.57e-18	82.4	NA	NA	NA
betI_4	sp|A7N212.1|	A7N212	RecName: Full=HTH-type transcriptional regulator BetI [Vibrio campbellii ATCC BAA-1116]	31.579	190	1.51e-25	101	NA	NA	NA
betT2	sp|Q6FDF5.1|	Q6FDF5	RecName: Full=Osmo-dependent choline transporter BetT2 [Acinetobacter baylyi ADP1]	45.827	659	0	562	NA	NA	NA
bfrD	sp|G3XCY8.1|	G3XCY8	RecName: Full=Probable TonB-dependent siderophore receptor PiuA; Flags: Precursor [Pseudomonas aeruginosa PAO1]	53.517	725	0	711	NA	NA	NA
bfr_1	sp|P77930.1|	P77930	RecName: Full=Bacterial ferritin; Short=FtnA; AltName: Full=Bacterial non-heme ferritin; AltName: Full=Bacterioferritin; Short=Bfr [Pseudomonas putida]	83.117	154	1.14e-93	270	NA	NA	NA
bfr_2	sp|P22759.2|	P22759	RecName: Full=Bacterioferritin; Short=BFR; AltName: Full=Cytochrome b-557.5 [Azotobacter vinelandii]	75	156	3.0699999999999996e-66	201	NA	NA	NA
bigR	sp|Q8UAA8.3|	Q8UAA8	RecName: Full=Biofilm growth-associated repressor [Agrobacterium fabrum str. C58]	52.055	73	1.86e-21	85.1	NA	NA	NA
bin3	sp|Q52563.1|	Q52563	RecName: Full=Resolvase [Pseudomonas syringae pv. tomato]	36.224	196	1.6399999999999998e-23	96.3	NA	NA	NA
bin3_1	sp|Q52563.1|	Q52563	RecName: Full=Resolvase [Pseudomonas syringae pv. tomato]	40.306	196	3.28e-37	131	NA	NA	NA
bin3~~~bin3_2	sp|Q52563.1|	Q52563	RecName: Full=Resolvase [Pseudomonas syringae pv. tomato]	41.5	200	1.1099999999999999e-39	137	NA	NA	NA
bioA	sp|P22805.1|	P22805	RecName: Full=Adenosylmethionine-8-amino-7-oxononanoate aminotransferase; AltName: Full=7,8-diamino-pelargonic acid aminotransferase; Short=DAPA AT; Short=DAPA aminotransferase; AltName: Full=7,8-diaminononanoate synthase; Short=DANS; AltName: Full=Diaminopelargonic acid synthase [Lysinibacillus sphaericus]	54.649	441	6.76e-179	511	NA	NA	NA
bioB	sp|Q3K5P1.1|	Q3K5P1	RecName: Full=Biotin synthase [Pseudomonas fluorescens Pf0-1]	97.151	351	0	720	NA	NA	NA
bioC	sp|A6UYW3.1|	A6UYW3	RecName: Full=Malonyl-[acyl-carrier protein] O-methyltransferase; Short=Malonyl-ACP O-methyltransferase; AltName: Full=Biotin synthesis protein BioC [Pseudomonas paraeruginosa PA7]	70.956	272	3.2400000000000004e-123	355	NA	NA	NA
bioD1	sp|Q9I614.1|	Q9I614	RecName: Full=ATP-dependent dethiobiotin synthetase BioD; AltName: Full=DTB synthetase; Short=DTBS; AltName: Full=Dethiobiotin synthase [Pseudomonas aeruginosa PAO1]	72.603	219	2.46e-91	270	NA	NA	NA
bioF	sp|Q3K5P2.1|	Q3K5P2	RecName: Full=8-amino-7-oxononanoate synthase; Short=AONS; AltName: Full=7-keto-8-amino-pelargonic acid synthase; Short=7-KAP synthase; Short=KAPA synthase; AltName: Full=8-amino-7-ketopelargonate synthase [Pseudomonas fluorescens Pf0-1]	92.621	393	0	691	NA	NA	NA
bioH	sp|C5BMZ8.1|	C5BMZ8	RecName: Full=Biotin biosynthesis bifunctional protein BioHC; Includes: RecName: Full=Carboxylesterase BioH; AltName: Full=Biotin synthesis protein BioH; Includes: RecName: Full=Malonyl-[acyl-carrier protein] O-methyltransferase; Short=Malonyl-ACP O-methyltransferase; AltName: Full=Biotin synthesis protein BioC [Teredinibacter turnerae T7901]	37.824	193	3.26e-29	118	NA	NA	NA
bioP	sp|O68826.2|	O68826	RecName: Full=Probable biotin transporter [Pseudomonas aeruginosa PAO1]	72.438	283	4.35e-98	292	NA	NA	NA
birA	sp|P37416.2|	P37416	RecName: Full=Bifunctional ligase/repressor BirA; AltName: Full=Biotin operon repressor; AltName: Full=Biotin--[acetyl-CoA-carboxylase] ligase; AltName: Full=Biotin--protein ligase; AltName: Full=Biotin-[acetyl-CoA carboxylase] synthetase [Salmonella enterica subsp. enterica serovar Typhimurium str. LT2]	42.767	318	6.889999999999999e-68	218	NA	NA	NA
bkdA1	sp|P09060.2|	P09060	RecName: Full=2-oxoisovalerate dehydrogenase subunit alpha; AltName: Full=Branched-chain alpha-keto acid dehydrogenase E1 component alpha chain; Short=BCKDH E1-alpha [Pseudomonas putida]	86.375	411	0	717	NA	NA	NA
bkdA2	sp|P09061.1|	P09061	RecName: Full=2-oxoisovalerate dehydrogenase subunit beta; AltName: Full=Branched-chain alpha-keto acid dehydrogenase E1 component beta chain; Short=BCKDH E1-beta [Pseudomonas putida]	90.634	331	0	608	NA	NA	NA
bkdB	sp|P09062.1|	P09062	RecName: Full=Lipoamide acyltransferase component of branched-chain alpha-keto acid dehydrogenase complex; AltName: Full=Branched-chain alpha-keto acid dehydrogenase complex component E2; Short=BCKAD-E2; Short=BCKADE2; AltName: Full=Dihydrolipoamide acetyltransferase component of branched-chain alpha-keto acid dehydrogenase complex; AltName: Full=Dihydrolipoamide branched chain transacylase; AltName: Full=Dihydrolipoyllysine-residue (2-methylpropanoyl)transferase [Pseudomonas putida]	70.686	423	0	573	NA	NA	NA
blc	sp|Q9FGT8.1|	Q9FGT8	RecName: Full=Temperature-induced lipocalin-1; Short=AtTIL1 [Arabidopsis thaliana]	37.419	155	9.1e-28	105	NA	NA	NA
bluB	sp|Q92PC8.1|	Q92PC8	RecName: Full=5,6-dimethylbenzimidazole synthase; Short=DMB synthase [Sinorhizobium meliloti 1021]	43.519	216	1.27e-36	130	NA	NA	NA
bluF	sp|P75990.1|	P75990	RecName: Full=Blue light- and temperature-regulated antirepressor BluF; Short=Blrp [Escherichia coli K-12]	31.441	229	1.76e-20	92.8	NA	NA	NA
bmr3	sp|O32182.1|	O32182	RecName: Full=Multidrug transporter protein MdtP; AltName: Full=MFS-type transporter MdtP [Bacillus subtilis subsp. subtilis str. 168]	34.389	442	4.87e-60	209	NA	NA	NA
bmrA	sp|Q2SZW0.1|	Q2SZW0	RecName: Full=ATP-dependent lipid A-core flippase; AltName: Full=Lipid A export ATP-binding/permease protein MsbA [Burkholderia thailandensis E264]	33.259	448	3.0200000000000003e-58	208	NA	NA	NA
bolA	sp|Q56585.1|	Q56585	RecName: Full=DNA-binding transcriptional regulator BolA [Vibrio alginolyticus]	45.455	99	5.59e-21	82.8	NA	NA	NA
bpt	sp|C3JY60.1|	C3JY60	RecName: Full=Aspartate/glutamate leucyltransferase [Pseudomonas [fluorescens] SBW25]	94.468	235	6.419999999999999e-169	468	NA	NA	NA
braC_1	sp|Q9HUQ0.1|	Q9HUQ0	RecName: Full=Amino acid binding protein; Flags: Precursor [Pseudomonas aeruginosa PAO1]	75.668	374	0	568	NA	NA	NA
braC_2	sp|P21175.2|	P21175	RecName: Full=Leucine-, isoleucine-, valine-, threonine-, and alanine-binding protein; Short=LIVAT-BP; Short=Leu/Ile/Val/Thr/Ala-binding protein; Flags: Precursor [Pseudomonas aeruginosa PAO1]	68.28	372	1.2299999999999997e-168	478	NA	NA	NA
brnQ	sp|P25185.1|	P25185	RecName: Full=Branched-chain amino acid transport system 3 carrier protein; AltName: Full=LIV-III [Pseudomonas aeruginosa PAO1]	77.346	437	1.14e-170	488	NA	NA	NA
bspRIM	sp|P05302.1|	P05302	RecName: Full=Type II methyltransferase M.DdeI; Short=M.DdeI; AltName: Full=Cytosine-specific methyltransferase DdeI; AltName: Full=Modification methylase DdeI [Desulfomicrobium norvegicum]	30.097	412	6.34e-40	150	NA	NA	NA
btsT	sp|P39396.2|	P39396	RecName: Full=Pyruvate/proton symporter BtsT; AltName: Full=Brenztraubensaure transporter; AltName: Full=Pyruvate/H(+) symporter [Escherichia coli K-12]	67.797	708	0	828	NA	NA	NA
btuB_1	sp|Q57H87.2|	Q57H87	RecName: Full=Vitamin B12 transporter BtuB; AltName: Full=Cobalamin receptor; AltName: Full=Outer membrane cobalamin translocator; Flags: Precursor [Salmonella enterica subsp. enterica serovar Choleraesuis str. SC-B67]	34.973	183	1.68e-14	80.9	NA	NA	NA
btuB_2	sp|A0A0D5YL73.1|	A0A0D5YL73	RecName: Full=Hemophilin receptor; AltName: Full=TonB-dependent receptor HphR [Acinetobacter baumannii]	30.806	1055	2.1700000000000003e-117	387	NA	NA	NA
btuB_3	sp|Q57408.3|	Q57408	RecName: Full=Probable hemoglobin and hemoglobin-haptoglobin-binding protein 4; Flags: Precursor [Haemophilus influenzae Rd KW20]	30.743	296	2.07e-30	132	NA	NA	NA
btuB_4	sp|P76115.1|	P76115	RecName: Full=Pyrroloquinoline quinone transporter; Short=PQQ transporter; AltName: Full=TonB-dependent receptor PqqU; Flags: Precursor [Escherichia coli K-12]	39.884	687	5.46e-146	445	NA	NA	NA
btuB_6	sp|Q7MQ42.1|	Q7MQ42	RecName: Full=Vitamin B12 transporter BtuB; AltName: Full=Cobalamin receptor; AltName: Full=Outer membrane cobalamin translocator; Flags: Precursor [Vibrio vulnificus YJ016]	31.81	591	3.0799999999999996e-68	236	NA	NA	NA
btuB_7	sp|Q8Z314.1|	Q8Z314	RecName: Full=Vitamin B12 transporter BtuB; AltName: Full=Cobalamin receptor; AltName: Full=Outer membrane cobalamin translocator; Flags: Precursor [Salmonella enterica subsp. enterica serovar Typhi]	31.579	171	1.73e-12	74.7	NA	NA	NA
btuB_9	sp|Q6LLU3.1|	Q6LLU3	RecName: Full=Vitamin B12 transporter BtuB; AltName: Full=Cobalamin receptor; AltName: Full=Outer membrane cobalamin translocator; Flags: Precursor [Photobacterium profundum SS9]	33.702	181	9.79e-14	78.2	NA	NA	NA
btuD_1	sp|P14175.1|	P14175	RecName: Full=Glycine betaine/proline betaine transport system ATP-binding protein ProV [Escherichia coli K-12]	52.313	281	2.1e-85	268	NA	NA	NA
btuD_10	sp|Q3KCC5.1|	Q3KCC5	RecName: Full=Fe(3+) ions import ATP-binding protein FbpC [Pseudomonas fluorescens Pf0-1]	77.299	348	2.1899999999999998e-175	493	NA	NA	NA
btuD_11	sp|P45171.2|	P45171	RecName: Full=Spermidine/putrescine import ATP-binding protein PotA [Haemophilus influenzae Rd KW20]	43.909	353	1.09e-78	247	NA	NA	NA
btuD_2	sp|Q933I3.1|	Q933I3	RecName: Full=Leukotoxin translocation ATP-binding protein LktB [Mannheimia glucosida]	30.066	602	1.6e-77	267	NA	NA	NA
btuD_3	sp|Q07698.1|	Q07698	RecName: Full=ABC transporter protein AbcA [Aeromonas salmonicida]	47.674	258	1.13e-76	244	NA	NA	NA
btuD_4	sp|P55662.1|	P55662	RecName: Full=Probable amino-acid ABC transporter ATP-binding protein y4tH [Sinorhizobium fredii NGR234]	50.204	245	4.6000000000000004e-73	235	NA	NA	NA
btuD_5	sp|P08007.2|	P08007	RecName: Full=Oligopeptide transport ATP-binding protein OppF [Salmonella enterica subsp. enterica serovar Typhimurium str. LT2]	49.074	324	5.71e-84	260	NA	NA	NA
btuD_7	sp|Q1MQ44.1|	Q1MQ44	RecName: Full=Spermidine/putrescine import ATP-binding protein PotA [Lawsonia intracellularis PHE/MN1-00]	41.076	353	7.15e-67	218	NA	NA	NA
btuD_8	sp|Q47T99.1|	Q47T99	RecName: Full=Spermidine/putrescine import ATP-binding protein PotA [Thermobifida fusca YX]	48.137	322	1.0899999999999999e-92	284	NA	NA	NA
btuD_8~~~btuD_6	sp|P46903.1|	P46903	RecName: Full=ABC transporter ATP-binding protein NatA; AltName: Full=ABC-type Na(+) transporter [Bacillus subtilis subsp. subtilis str. 168]	32.857	210	2.34e-33	126	NA	NA	NA
btuD_9	sp|Q4KB64.1|	Q4KB64	RecName: Full=Molybdenum import ATP-binding protein ModC [Pseudomonas protegens Pf-5]	83.799	358	0	566	NA	NA	NA
btuE_1	sp|O08368.1|	O08368	RecName: Full=Glutathione peroxidase; Flags: Precursor [Pseudomonas wisconsinensis]	72.956	159	1.84e-81	243	NA	NA	NA
btuE_2	sp|P06610.1|	P06610	RecName: Full=Thioredoxin/glutathione peroxidase BtuE [Escherichia coli K-12]	47.977	173	1.2399999999999998e-55	176	NA	NA	NA
btuF_1	sp|P37028.2|	P37028	RecName: Full=Vitamin B12-binding protein; Flags: Precursor [Escherichia coli K-12]	32.143	112	9.33e-6	50.1	NA	NA	NA
btuF_3~~~btuF_2	sp|A4TPX1.1|	A4TPX1	RecName: Full=Vitamin B12-binding protein; Flags: Precursor [Yersinia pestis Pestoides F]	38.636	264	4.6099999999999995e-35	130	NA	NA	NA
budC	sp|Q48436.2|	Q48436	RecName: Full=Diacetyl reductase [(S)-acetoin forming]; AltName: Full=Acetoin(diacetyl) reductase; Short=AR; AltName: Full=Meso-2,3-butanediol dehydrogenase [Klebsiella pneumoniae]	37.6	250	3.26e-41	144	NA	NA	NA
bvgA_1	sp|P0A4H2.1|	P0A4H2	RecName: Full=Virulence factors putative positive transcription regulator BvgA [Bordetella pertussis Tohama I]	46.635	208	4.5499999999999996e-61	192	NA	NA	NA
bvgA_2	sp|P0A4H2.1|	P0A4H2	RecName: Full=Virulence factors putative positive transcription regulator BvgA [Bordetella pertussis Tohama I]	60.577	208	5.23e-90	266	NA	NA	NA
bvgA_3	sp|P0A4H2.1|	P0A4H2	RecName: Full=Virulence factors putative positive transcription regulator BvgA [Bordetella pertussis Tohama I]	45.263	190	1.6e-51	168	NA	NA	NA
bvgA_3~~~bvgA_1	sp|P0A4H2.1|	P0A4H2	RecName: Full=Virulence factors putative positive transcription regulator BvgA [Bordetella pertussis Tohama I]	55.34	206	2.9000000000000004e-70	216	NA	NA	NA
bvgA_4	sp|P0A4H2.1|	P0A4H2	RecName: Full=Virulence factors putative positive transcription regulator BvgA [Bordetella pertussis Tohama I]	50	206	2.78e-66	206	NA	NA	NA
bvgS_1	sp|P40330.2|	P40330	RecName: Full=Virulence sensor protein BvgS; Flags: Precursor [Bordetella parapertussis 12822]	43.936	1179	0	848	NA	NA	NA
bvgS_3	sp|P40330.2|	P40330	RecName: Full=Virulence sensor protein BvgS; Flags: Precursor [Bordetella parapertussis 12822]	34.858	1159	0	603	NA	NA	NA
cadA_1	sp|P30336.2|	P30336	RecName: Full=Probable cadmium-transporting ATPase; AltName: Full=Cadmium-efflux ATPase [Alkalihalophilus pseudofirmus OF4]	47.306	594	3.51e-170	510	NA	NA	NA
cadA_2	sp|O30085.1|	O30085	RecName: Full=Copper-exporting P-type ATPase B [Archaeoglobus fulgidus DSM 4304]	31.092	595	2.9199999999999998e-46	177	NA	NA	NA
caiD	sp|Q28FR6.1|	Q28FR6	RecName: Full=3-hydroxyisobutyryl-CoA hydrolase, mitochondrial; AltName: Full=3-hydroxyisobutyryl-coenzyme A hydrolase; Short=HIB-CoA hydrolase; Short=HIBYL-CoA-H; Flags: Precursor [Xenopus tropicalis]	39.521	334	3.6e-83	261	NA	NA	NA
caiT	sp|Q6FDF6.1|	Q6FDF6	RecName: Full=Osmo-independent choline transporter BetT1 [Acinetobacter baylyi ADP1]	52.51	518	1.1099999999999998e-168	495	NA	NA	NA
calB	sp|Q9I6C8.1|	Q9I6C8	RecName: Full=Probable coniferyl aldehyde dehydrogenase; Short=CALDH [Pseudomonas aeruginosa PAO1]	77.384	451	0	726	NA	NA	NA
can	sp|P61517.1|	P61517	RecName: Full=Carbonic anhydrase 2; AltName: Full=Carbonate dehydratase 2 [Escherichia coli K-12]	54.589	207	2.23e-85	254	NA	NA	NA
capB_1	sp|P0A105.1|	P0A105	RecName: Full=Cold shock protein CapB; AltName: Full=Cold acclimation protein B [Pseudomonas syringae pv. tomato str. DC3000]	100	69	7.879999999999999e-45	140	NA	NA	NA
capB_2	sp|P72188.1|	P72188	RecName: Full=Cold shock protein CapA; AltName: Full=C7.0; AltName: Full=Cold acclimation protein A [Pseudomonas fragi]	96.875	64	3.22e-39	126	NA	NA	NA
carA	sp|Q87WP3.1|	Q87WP3	RecName: Full=Carbamoyl phosphate synthase small chain; AltName: Full=Carbamoyl phosphate synthetase glutamine chain [Pseudomonas syringae pv. tomato str. DC3000]	91.27	378	0	712	NA	NA	NA
carB_1	sp|A5H0J2.1|	A5H0J2	RecName: Full=Urea amidolyase; AltName: Full=Pyrimidine-degrading protein 13,15; AltName: Full=Uracil catabolism protein 3,5; Includes: RecName: Full=Urea carboxylase; Includes: RecName: Full=Allophanate hydrolase [Lachancea kluyveri]	43.067	1226	0	980	NA	NA	NA
carB_2	sp|Q87WP4.1|	Q87WP4	RecName: Full=Carbamoyl phosphate synthase large chain; AltName: Full=Carbamoyl phosphate synthetase ammonia chain [Pseudomonas syringae pv. tomato str. DC3000]	96.738	1073	0	2142	NA	NA	NA
cat	sp|Q27710.1|	Q27710	RecName: Full=Catalase [Wolbachia endosymbiont of Onchocerca volvulus]	95.021	482	0	960	NA	NA	NA
cat1	sp|P38946.1|	P38946	RecName: Full=Succinyl-CoA:acetate CoA-transferase; AltName: Full=Succinyl-CoA:CoA transferase [Clostridium kluyveri DSM 555]	52.535	493	3.53e-173	501	NA	NA	NA
catA	sp|P07773.1|	P07773	RecName: Full=Catechol 1,2-dioxygenase; AltName: Full=1,2-CTD [Acinetobacter baylyi ADP1]	56.507	292	1.0999999999999997e-106	316	NA	NA	NA
catB	sp|P08310.4|	P08310	RecName: Full=Muconate cycloisomerase 1; AltName: Full=Cis,cis-muconate lactonizing enzyme I; Short=MLE; AltName: Full=Muconate cycloisomerase I [Pseudomonas putida]	75.401	374	1.3799999999999999e-178	503	NA	NA	NA
catC	sp|P00948.3|	P00948	RecName: Full=Muconolactone Delta-isomerase; Short=MIase [Pseudomonas putida]	77.083	96	6.95e-46	145	NA	NA	NA
catD_1	sp|P00632.3|	P00632	RecName: Full=3-oxoadipate enol-lactonase 2; AltName: Full=3-oxoadipate enol-lactonase II; AltName: Full=Beta-ketoadipate enol-lactone hydrolase II; AltName: Full=Enol-lactone hydrolase II [Acinetobacter baylyi ADP1]	30.196	255	5.18e-25	103	NA	NA	NA
catD_2	sp|P26495.1|	P26495	RecName: Full=Poly(3-hydroxyalkanoate) depolymerase; Short=PHA depolymerase; AltName: Full=ORF2; AltName: Full=PHB depolymerase [Ectopseudomonas oleovorans]	88.929	280	0	526	NA	NA	NA
catD_3	sp|Q59093.2|	Q59093	RecName: Full=3-oxoadipate enol-lactonase 1; AltName: Full=3-oxoadipate enol-lactonase I; AltName: Full=Beta-ketoadipate enol-lactone hydrolase I; AltName: Full=Enol-lactone hydrolase I [Acinetobacter baylyi ADP1]	44.215	242	2.6e-66	210	NA	NA	NA
catI	sp|Q8VPF3.1|	Q8VPF3	RecName: Full=3-oxoadipate CoA-transferase subunit A; AltName: Full=3-oxoadipate:succinyl-CoA transferase subunit A; AltName: Full=Beta-ketoadipate:succinyl-CoA transferase subunit A [Pseudomonas knackmussii B13]	90.146	274	0	516	NA	NA	NA
catJ	sp|Q8VPF2.1|	Q8VPF2	RecName: Full=3-oxoadipate CoA-transferase subunit B; AltName: Full=3-oxoadipate:succinyl-CoA transferase subunit B; AltName: Full=Beta-ketoadipate:succinyl-CoA transferase subunit B [Pseudomonas knackmussii B13]	89.105	257	3.0599999999999998e-167	465	NA	NA	NA
catM	sp|P07774.3|	P07774	RecName: Full=HTH-type transcriptional regulator CatM; AltName: Full=Cat operon transcriptional regulator [Acinetobacter baylyi ADP1]	31.502	273	1.0399999999999999e-35	133	NA	NA	NA
cbbA	sp|Q9I5Y1.1|	Q9I5Y1	RecName: Full=Fructose-bisphosphate aldolase; Short=FBP aldolase; Short=FBPA; AltName: Full=Fructose-1,6-bisphosphate aldolase [Pseudomonas aeruginosa PAO1]	91.243	354	0	682	NA	NA	NA
cbiA	sp|A4VJ35.1|	A4VJ35	RecName: Full=Hydrogenobyrinate a,c-diamide synthase; AltName: Full=Hydrogenobyrinic acid a,c-diamide synthase [Stutzerimonas stutzeri A1501]	73.536	427	0	601	NA	NA	NA
cbiG	sp|P21635.1|	P21635	RecName: Full=Protein CobE [Sinorhizobium sp.]	36	125	2.44e-8	52.8	NA	NA	NA
cbpA	sp|Q87VN8.1|	Q87VN8	RecName: Full=Curved DNA-binding protein [Pseudomonas syringae pv. tomato str. DC3000]	66.242	314	3.5799999999999996e-109	322	NA	NA	NA
cbs	sp|Q91WT9.3|	Q91WT9	RecName: Full=Cystathionine beta-synthase; AltName: Full=Beta-thionase; AltName: Full=Serine sulfhydrase [Mus musculus]	39.34	394	1.04e-76	253	NA	NA	NA
cc4	sp|P00106.3|	P00106	RecName: Full=Cytochrome c4; Flags: Precursor [Pseudomonas aeruginosa PAO1]	84.024	169	3.2999999999999994e-104	301	NA	NA	NA
cca	sp|C3K334.1|	C3K334	RecName: Full=Multifunctional CCA protein; Includes: RecName: Full=CCA-adding enzyme; AltName: Full=CCA tRNA nucleotidyltransferase; AltName: Full=tRNA CCA-pyrophosphorylase; AltName: Full=tRNA adenylyl-/cytidylyl-transferase; AltName: Full=tRNA nucleotidyltransferase; AltName: Full=tRNA-NT; Includes: RecName: Full=2'-nucleotidase; Includes: RecName: Full=2',3'-cyclic phosphodiesterase; Includes: RecName: Full=Phosphatase [Pseudomonas [fluorescens] SBW25]	93.888	409	0	724	NA	NA	NA
cckA	sp|P0DOA0.1|	P0DOA0	RecName: Full=Sensor kinase CckA; Includes: RecName: Full=Protein histidine kinase; Includes: RecName: Full=Response regulator [Brucella abortus 2308]	37.19	121	2.19e-15	74.3	NA	NA	NA
ccmA	sp|Q4KG27.1|	Q4KG27	RecName: Full=Cytochrome c biogenesis ATP-binding export protein CcmA; AltName: Full=Heme exporter protein A [Pseudomonas protegens Pf-5]	85.238	210	2.6099999999999997e-130	368	NA	NA	NA
ccmB	sp|Q9I3N6.1|	Q9I3N6	RecName: Full=Heme exporter protein B; AltName: Full=Cytochrome c-type biogenesis protein CcmB [Pseudomonas aeruginosa PAO1]	87.805	82	2.1499999999999998e-24	99.4	NA	NA	NA
ccmC	sp|Q9I3N5.1|	Q9I3N5	RecName: Full=Heme exporter protein C; AltName: Full=Cytochrome c-type biogenesis protein CcmC [Pseudomonas aeruginosa PAO1]	85.246	244	5.88e-141	398	NA	NA	NA
ccmE	sp|C3K4Z0.1|	C3K4Z0	RecName: Full=Cytochrome c-type biogenesis protein CcmE; AltName: Full=Cytochrome c maturation protein E; AltName: Full=Heme chaperone CcmE [Pseudomonas [fluorescens] SBW25]	91.613	155	3.4799999999999997e-87	254	NA	NA	NA
ccmF	sp|P52225.1|	P52225	RecName: Full=Cytochrome c-type biogenesis protein CcmF; AltName: Full=Cytochrome c-type biogenesis protein CycK [Pseudomonas fluorescens]	96.515	660	0	1083	NA	NA	NA
ccmH	sp|P52226.1|	P52226	RecName: Full=Cytochrome c-type biogenesis protein CcmH; AltName: Full=Cytochrome c-type biogenesis protein CycL; Flags: Precursor [Pseudomonas fluorescens]	93.6	125	3.55e-62	191	NA	NA	NA
ccmM	sp|P40881.1|	P40881	RecName: Full=Carbonic anhydrase; Short=CA; Short=Cam; Flags: Precursor [Methanosarcina thermophila TM-1]	37.563	197	4.4199999999999995e-30	113	NA	NA	NA
ccoN1_1	sp|D9IA43.1|	D9IA43	RecName: Full=Cbb3-type cytochrome c oxidase subunit CcoN1; AltName: Full=Cytochrome CBB3 subunit CcoN1 [Stutzerimonas stutzeri]	83.158	475	0	826	NA	NA	NA
ccoN1_2	sp|D9IA43.1|	D9IA43	RecName: Full=Cbb3-type cytochrome c oxidase subunit CcoN1; AltName: Full=Cytochrome CBB3 subunit CcoN1 [Stutzerimonas stutzeri]	87.212	477	0	862	NA	NA	NA
ccoP1	sp|D9IA45.1|	D9IA45	RecName: Full=Cbb3-type cytochrome c oxidase subunit CcoP1; Short=Cbb3-Cox subunit CcoP1; AltName: Full=C-type cytochrome CcoP1; Short=Cyt c(P1); AltName: Full=Cytochrome c oxidase subunit III [Stutzerimonas stutzeri]	69.737	304	3.84e-163	459	NA	NA	NA
ccoP2	sp|Q8KS19.1|	Q8KS19	RecName: Full=Cbb3-type cytochrome c oxidase subunit CcoP2; Short=Cbb3-Cox subunit CcoP2; AltName: Full=C-type cytochrome CcoP2; Short=Cyt c(P2); AltName: Full=Cytochrome c oxidase subunit III [Stutzerimonas stutzeri]	68.847	321	6.569999999999999e-156	441	NA	NA	NA
ccp	sp|P55929.2|	P55929	RecName: Full=Cytochrome c551 peroxidase; Short=Cytochrome c peroxidase; Flags: Precursor [Nitrosomonas europaea ATCC 19718]	42.215	289	2.42e-77	243	NA	NA	NA
cdaR	sp|P37047.2|	P37047	RecName: Full=Carbohydrate diacid regulator; AltName: Full=Sugar diacid regulator [Escherichia coli K-12]	37.27	381	2.11e-63	210	NA	NA	NA
cdh	sp|A8AL09.1|	A8AL09	RecName: Full=CDP-diacylglycerol pyrophosphatase; AltName: Full=CDP-diacylglycerol phosphatidylhydrolase; AltName: Full=CDP-diglyceride hydrolase [Citrobacter koseri ATCC BAA-895]	43.548	248	1.01e-63	202	NA	NA	NA
cdhR_1	sp|P49322.1|	P49322	RecName: Full=Uncharacterized protein in cpoL 5'region; AltName: Full=ORF1 [Streptomyces lividans]	40.426	141	1.35e-21	92	NA	NA	NA
cdhR_2	sp|A0A0H2ZIC3.1|	A0A0H2ZIC3	RecName: Full=HTH-type transcriptional regulator GbdR; AltName: Full=Glycine betaine/dimethylglycine responsive regulator [Pseudomonas aeruginosa UCBPP-PA14]	86.376	367	0	659	NA	NA	NA
cdhR_3	sp|Q9HTH5.1|	Q9HTH5	RecName: Full=HTH-type transcriptional regulator CdhR; AltName: Full=Carnitine catabolism transcriptional activator [Pseudomonas aeruginosa PAO1]	81.23	309	0	531	NA	NA	NA
cdhR_4	sp|A0A0H2ZIC3.1|	A0A0H2ZIC3	RecName: Full=HTH-type transcriptional regulator GbdR; AltName: Full=Glycine betaine/dimethylglycine responsive regulator [Pseudomonas aeruginosa UCBPP-PA14]	38.75	320	1.8e-62	206	NA	NA	NA
cdhR_5	sp|B4TPQ9.1|	B4TPQ9	RecName: Full=HTH-type transcriptional activator RhaS; AltName: Full=L-rhamnose operon regulatory protein RhaS [Salmonella enterica subsp. enterica serovar Schwarzengrund str. CVM19633]	35.172	145	7.83e-16	79.7	NA	NA	NA
cdhR_6	sp|G3XCU2.1|	G3XCU2	RecName: Full=HTH-type transcriptional regulator ArgR [Pseudomonas aeruginosa PAO1]	81.847	314	1.3499999999999999e-166	469	NA	NA	NA
cdhR_8	sp|Q8G9F9.1|	Q8G9F9	RecName: Full=Isonitrile hydratase; AltName: Full=Cyclohexyl-isocyanide hydratase [Pseudomonas putida]	33.152	184	2.71e-19	88.2	NA	NA	NA
cdhR_9	sp|B7LVD8.1|	B7LVD8	RecName: Full=HTH-type transcriptional activator RhaS; AltName: Full=L-rhamnose operon regulatory protein RhaS [Escherichia fergusonii ATCC 35469]	36.559	93	7.05e-14	74.3	NA	NA	NA
cdiA1~~~cdiA	sp|E0SDG8.1|	E0SDG8	RecName: Full=Deoxyribonuclease CdiA; Short=DNase CdiA; AltName: Full=CdiA-Dd3937; AltName: Full=Toxin CdiA [Dickeya dadantii 3937]	32.022	1246	5.66e-109	396	NA	NA	NA
cdsA	sp|Q59640.2|	Q59640	RecName: Full=Phosphatidate cytidylyltransferase; AltName: Full=CDP-diacylglycerol synthase; Short=CDP-DAG synthase; Short=CDP-DG synthase; Short=CDS; AltName: Full=CDP-diglyceride pyrophosphorylase; AltName: Full=CDP-diglyceride synthase; AltName: Full=CTP:phosphatidate cytidylyltransferase [Pseudomonas aeruginosa PAO1]	71.321	265	3.16e-89	268	NA	NA	NA
cecR	sp|P0ACU0.1|	P0ACU0	RecName: Full=HTH-type transcriptional dual regulator CecR; AltName: Full=Regulator of cefoperazone and chloramphenicol sensitivity [Escherichia coli K-12]	30.233	215	1.33e-19	87	NA	NA	NA
cefD_1	sp|Q9KII6.1|	Q9KII6	RecName: Full=Probable cysteine desulfurase [Mycobacterium avium subsp. paratuberculosis K-10]	32.105	190	4.49e-14	77.4	NA	NA	NA
cfiB	sp|D3DJ42.1|	D3DJ42	RecName: Full=2-oxoglutarate carboxylase small subunit; AltName: Full=2-oxoglutarate carboxylase beta subunit [Hydrogenobacter thermophilus TK-6]	54.705	457	4.879999999999999e-176	505	NA	NA	NA
chaA	sp|P55471.1|	P55471	RecName: Full=Putative ionic transporter y4hA [Sinorhizobium fredii NGR234]	31.613	310	5.7199999999999996e-30	121	NA	NA	NA
chaC	sp|P39163.3|	P39163	RecName: Full=Glutathione-specific gamma-glutamylcyclotransferase; Short=Gamma-GCG; AltName: Full=Cation transport regulatory protein ChaC [Escherichia coli K-12]	35.789	190	4.93e-32	119	NA	NA	NA
cheB1	sp|Q88EW5.1|	Q88EW5	RecName: Full=Protein-glutamate methylesterase/protein-glutamine glutaminase of group 1 operon [Pseudomonas putida KT2440]	83.511	376	0	595	NA	NA	NA
cheB_1	sp|Q9FAD7.3|	Q9FAD7	RecName: Full=Chemotaxis protein CheY [Enterobacter cloacae]	42.063	126	1.1799999999999999e-23	96.7	NA	NA	NA
cheB_2	sp|Q55434.1|	Q55434	RecName: Full=Phytochrome-like protein cph2; AltName: Full=Bacteriophytochrome cph2 [Synechocystis sp. PCC 6803 substr. Kazusa]	44.828	203	1.4799999999999998e-43	163	NA	NA	NA
cheB_3	sp|Q4KHL8.1|	Q4KHL8	RecName: Full=Protein-glutamate methylesterase/protein-glutamine glutaminase 1 [Pseudomonas protegens Pf-5]	85.714	336	0	543	NA	NA	NA
cheB_4	sp|P62642.1|	P62642	RecName: Full=Putative protein-glutamate methylesterase/protein-glutamine glutaminase [Leptospira interrogans serovar Copenhageni str. Fiocruz L1-130]	42.162	185	1.1099999999999999e-43	147	NA	NA	NA
cheB_5	sp|Q55434.1|	Q55434	RecName: Full=Phytochrome-like protein cph2; AltName: Full=Bacteriophytochrome cph2 [Synechocystis sp. PCC 6803 substr. Kazusa]	46.784	171	2.12e-43	162	NA	NA	NA
cheR	sp|Q88GG4.1|	Q88GG4	RecName: Full=Putative methyltransferase Cher3 [Pseudomonas putida KT2440]	80	270	2.01e-160	449	NA	NA	NA
cheR2	sp|Q88ER1.1|	Q88ER1	RecName: Full=Chemotaxis protein methyltransferase Cher2 [Pseudomonas putida KT2440]	90.182	275	0	521	NA	NA	NA
cheV_1	sp|O25154.1|	O25154	RecName: Full=Chemotaxis protein CheV3 [Helicobacter pylori 26695]	30.897	301	5.57e-39	142	NA	NA	NA
cheV_2	sp|Q52881.2|	Q52881	RecName: Full=Chemotaxis protein CheW [Sinorhizobium meliloti 1021]	33.083	133	1.39e-11	64.7	NA	NA	NA
cheV_3	sp|O25154.1|	O25154	RecName: Full=Chemotaxis protein CheV3 [Helicobacter pylori 26695]	30.363	303	1.89e-37	138	NA	NA	NA
cheW	sp|O83453.1|	O83453	RecName: Full=Chemotaxis protein CheW [Treponema pallidum subsp. pallidum str. Nichols]	32.317	164	3.14e-27	103	NA	NA	NA
cheY	sp|Q51455.1|	Q51455	RecName: Full=Chemotaxis protein CheY [Pseudomonas aeruginosa PAO1]	87.097	124	7.3e-76	223	NA	NA	NA
cheZ	sp|Q88EW3.1|	Q88EW3	RecName: Full=Protein phosphatase CheZ; AltName: Full=Chemotaxis protein CheZ [Pseudomonas putida KT2440]	78.626	262	3.1299999999999995e-151	425	NA	NA	NA
chpB	sp|P33647.1|	P33647	RecName: Full=Endoribonuclease toxin ChpB; AltName: Full=Toxin ChpB; AltName: Full=mRNA interferase ChpB [Escherichia coli K-12]	51.304	115	2.58e-37	125	NA	NA	NA
chpS	sp|P08365.1|	P08365	RecName: Full=Antitoxin ChpS [Escherichia coli K-12]	34.524	84	1.14e-11	58.2	NA	NA	NA
chrA	sp|Q58128.1|	Q58128	RecName: Full=Uncharacterized transporter MJ0718 [Methanocaldococcus jannaschii DSM 2661]	36	75	1.47e-8	59.7	NA	NA	NA
chrR_1	sp|P0AGE6.1|	P0AGE6	RecName: Full=Quinone reductase; AltName: Full=Chromate reductase; Short=CHRR; AltName: Full=NAD(P)H dehydrogenase (quinone) [Escherichia coli K-12]	35.514	107	1.99e-14	70.9	NA	NA	NA
chrR_2	sp|Q93T20.1|	Q93T20	RecName: Full=Quinone reductase; AltName: Full=Chromate reductase; Short=CHRR; AltName: Full=NAD(P)H dehydrogenase (quinone) [Pseudomonas putida]	71.823	181	4.75e-91	266	NA	NA	NA
cidA_1	sp|Q81Y27.1|	Q81Y27	RecName: Full=Holin-like protein CidA 1 [Bacillus anthracis]	38.372	86	2.7e-7	49.3	NA	NA	NA
cim	sp|P02986.1|	P02986	RecName: Full=Cloacin immunity protein [Escherichia coli]	42.353	85	2.21e-15	67.8	NA	NA	NA
citG	sp|Q3K5B6.1|	Q3K5B6	RecName: Full=Probable 2-(5''-triphosphoribosyl)-3'-dephosphocoenzyme-A synthase; Short=2-(5''-triphosphoribosyl)-3'-dephospho-CoA synthase [Pseudomonas fluorescens Pf0-1]	79.699	266	3.5199999999999995e-132	379	NA	NA	NA
citN_1	sp|P42308.2|	P42308	RecName: Full=Citrate transporter [Bacillus subtilis subsp. subtilis str. 168]	43.88	433	1.4799999999999997e-104	319	NA	NA	NA
citN_3	sp|P42308.2|	P42308	RecName: Full=Citrate transporter [Bacillus subtilis subsp. subtilis str. 168]	62.85	428	0	558	NA	NA	NA
clpA	sp|P0ABH9.1|	P0ABH9	RecName: Full=ATP-dependent Clp protease ATP-binding subunit ClpA [Escherichia coli K-12]	66.622	752	0	992	NA	NA	NA
clpB_1	sp|Q51416.2|	Q51416	RecName: Full=ATP-dependent protease ATP-binding subunit-like protein AmiB [Pseudomonas aeruginosa PAO1]	53.516	256	4.53e-82	256	NA	NA	NA
clpB_2	sp|Q889C2.1|	Q889C2	RecName: Full=Chaperone protein ClpB [Pseudomonas syringae pv. tomato str. DC3000]	94.49	853	0	1459	NA	NA	NA
clpP_1	sp|C3JYK0.1|	C3JYK0	RecName: Full=ATP-dependent Clp protease proteolytic subunit; AltName: Full=Endopeptidase Clp [Pseudomonas [fluorescens] SBW25]	99.052	211	4.4299999999999995e-157	436	NA	NA	NA
clpS	sp|C3JY63.1|	C3JY63	RecName: Full=ATP-dependent Clp protease adapter protein ClpS [Pseudomonas [fluorescens] SBW25]	100	81	1.01e-43	140	NA	NA	NA
clpV1_1	sp|Q9I742.1|	Q9I742	RecName: Full=AAA+ ATPase ClpV1 [Pseudomonas aeruginosa PAO1]	87.251	902	0	1555	NA	NA	NA
clpV1_2	sp|Q9I742.1|	Q9I742	RecName: Full=AAA+ ATPase ClpV1 [Pseudomonas aeruginosa PAO1]	43.82	890	0	667	NA	NA	NA
clpV1_3	sp|Q9I742.1|	Q9I742	RecName: Full=AAA+ ATPase ClpV1 [Pseudomonas aeruginosa PAO1]	43.858	871	0	616	NA	NA	NA
clpX	sp|C3JYJ9.1|	C3JYJ9	RecName: Full=ATP-dependent Clp protease ATP-binding subunit ClpX [Pseudomonas [fluorescens] SBW25]	99.532	427	0	806	NA	NA	NA
clsA	sp|C3K1C4.1|	C3K1C4	RecName: Full=Cardiolipin synthase A; Short=CL synthase [Pseudomonas [fluorescens] SBW25]	96.451	479	0	908	NA	NA	NA
clsB	sp|Q8Z883.1|	Q8Z883	RecName: Full=Cardiolipin synthase B; Short=CL synthase [Salmonella enterica subsp. enterica serovar Typhi]	53.213	389	3.9799999999999997e-137	402	NA	NA	NA
clsC	sp|P75919.2|	P75919	RecName: Full=Cardiolipin synthase C; Short=CL synthase [Escherichia coli K-12]	37.967	482	3.17e-84	271	NA	NA	NA
cmk	sp|C3K6J9.1|	C3K6J9	RecName: Full=Cytidylate kinase; Short=CK; AltName: Full=Cytidine monophosphate kinase; Short=CMP kinase [Pseudomonas [fluorescens] SBW25]	98.69	229	9.809999999999998e-163	451	NA	NA	NA
cmoA	sp|C3K6Z4.1|	C3K6Z4	RecName: Full=Carboxy-S-adenosyl-L-methionine synthase; Short=Cx-SAM synthase [Pseudomonas [fluorescens] SBW25]	96.761	247	9.569999999999998e-177	488	NA	NA	NA
cmoB	sp|C3K6Z3.1|	C3K6Z3	RecName: Full=tRNA U34 carboxymethyltransferase [Pseudomonas [fluorescens] SBW25]	95.597	318	0	630	NA	NA	NA
cmoM	sp|Q8XDG3.1|	Q8XDG3	RecName: Full=tRNA 5-carboxymethoxyuridine methyltransferase; AltName: Full=cmo5U methyltransferase [Escherichia coli O157:H7]	40.316	253	1.24e-56	185	NA	NA	NA
cmpB	sp|Q55106.1|	Q55106	RecName: Full=Bicarbonate transport system permease protein CmpB [Synechococcus elongatus PCC 7942 = FACHB-805]	36.81	163	1.4e-29	115	NA	NA	NA
cmpC	sp|Q8PP41.1|	Q8PP41	RecName: Full=Aliphatic sulfonates import ATP-binding protein SsuB 1 [Xanthomonas citri subsp. citri 306]	46.083	217	5.3900000000000005e-58	188	NA	NA	NA
cmpD	sp|Q7VNG4.1|	Q7VNG4	RecName: Full=Spermidine/putrescine import ATP-binding protein PotA [[Haemophilus] ducreyi 35000HP]	41.667	216	3.43e-51	174	NA	NA	NA
cmpR_1	sp|Q5N5I5.1|	Q5N5I5	RecName: Full=HTH-type transcriptional activator CmpR [Synechococcus elongatus PCC 6301]	40.333	300	5.84e-78	244	NA	NA	NA
cmpR_2	sp|P0ACR4.1|	P0ACR4	RecName: Full=HTH-type transcriptional regulator YeiE [Escherichia coli K-12]	34.1	261	1.04e-31	122	NA	NA	NA
cmpR_3	sp|P0ACR4.1|	P0ACR4	RecName: Full=HTH-type transcriptional regulator YeiE [Escherichia coli K-12]	43.599	289	1.1599999999999999e-66	214	NA	NA	NA
cmpR_4	sp|O32255.1|	O32255	RecName: Full=Uncharacterized HTH-type transcriptional regulator YvbU [Bacillus subtilis subsp. subtilis str. 168]	35.154	293	8.07e-36	133	NA	NA	NA
cmpR_5	sp|P96194.1|	P96194	RecName: Full=Uncharacterized HTH-type transcriptional regulator in ibpB-leuC intergenic region [Azotobacter vinelandii]	87.736	106	4.27e-59	188	NA	NA	NA
cnbH	sp|Q38M35.2|	Q38M35	RecName: Full=2-amino-5-chloromuconic acid deaminase; AltName: Full=2-aminomuconate deaminase [Comamonas testosteroni]	32.741	394	2.86e-33	133	NA	NA	NA
cnoX	sp|P77395.2|	P77395	RecName: Full=Chaperedoxin; AltName: Full=Heat shock protein CnoX; AltName: Full=Trxsc [Escherichia coli K-12]	36.749	283	6.029999999999999e-52	174	NA	NA	NA
cntO_2	sp|Q9HUX3.1|	Q9HUX3	RecName: Full=Metal-pseudopaline receptor CntO; Flags: Precursor [Pseudomonas aeruginosa PAO1]	31.939	717	2.9400000000000002e-86	291	NA	NA	NA
cntO_3	sp|A0A0H2ZI93.1|	A0A0H2ZI93	RecName: Full=Metal-pseudopaline receptor CntO; Flags: Precursor [Pseudomonas aeruginosa UCBPP-PA14]	60.058	686	0	820	NA	NA	NA
cntO_4	sp|A0A0H2ZI93.1|	A0A0H2ZI93	RecName: Full=Metal-pseudopaline receptor CntO; Flags: Precursor [Pseudomonas aeruginosa UCBPP-PA14]	31.644	730	5.61e-85	285	NA	NA	NA
coaBC	sp|Q87T89.1|	Q87T89	RecName: Full=Coenzyme A biosynthesis bifunctional protein CoaBC; AltName: Full=DNA/pantothenate metabolism flavoprotein; AltName: Full=Phosphopantothenoylcysteine synthetase/decarboxylase; Short=PPCS-PPCDC; Includes: RecName: Full=Phosphopantothenoylcysteine decarboxylase; Short=PPC decarboxylase; Short=PPC-DC; AltName: Full=CoaC; Includes: RecName: Full=Phosphopantothenate--cysteine ligase; AltName: Full=CoaB; AltName: Full=Phosphopantothenoylcysteine synthetase; Short=PPC synthetase; Short=PPC-S [Vibrio parahaemolyticus RIMD 2210633]	61.64	378	8.28e-140	407	NA	NA	NA
coaD	sp|C3K3N4.1|	C3K3N4	RecName: Full=Phosphopantetheine adenylyltransferase; AltName: Full=Dephospho-CoA pyrophosphorylase; AltName: Full=Pantetheine-phosphate adenylyltransferase; Short=PPAT [Pseudomonas [fluorescens] SBW25]	100	159	2.71e-114	323	NA	NA	NA
coaE	sp|Q4K5X1.1|	Q4K5X1	RecName: Full=Dephospho-CoA kinase; AltName: Full=Dephosphocoenzyme A kinase [Pseudomonas protegens Pf-5]	84.058	207	4.64e-122	347	NA	NA	NA
coaX	sp|C3K2Z1.1|	C3K2Z1	RecName: Full=Type III pantothenate kinase; AltName: Full=PanK-III; AltName: Full=Pantothenic acid kinase [Pseudomonas [fluorescens] SBW25]	87.55	249	5.609999999999999e-158	441	NA	NA	NA
cobB	sp|Q882K4.1|	Q882K4	RecName: Full=NAD-dependent protein deacetylase 3; AltName: Full=Regulatory protein SIR2 homolog 3 [Pseudomonas syringae pv. tomato str. DC3000]	71.587	271	2.16e-128	369	NA	NA	NA
cobC	sp|P39701.3|	P39701	RecName: Full=Adenosylcobalamin/alpha-ribazole phosphatase; AltName: Full=Adenosylcobalamin phosphatase; AltName: Full=Alpha-ribazole-5'-phosphate phosphatase [Salmonella enterica subsp. enterica serovar Typhimurium str. LT2]	32.68	153	8.71e-15	72.4	NA	NA	NA
cobD	sp|A4VJ38.1|	A4VJ38	RecName: Full=Cobalamin biosynthesis protein CobD [Stutzerimonas stutzeri A1501]	72.632	285	2.25e-108	320	NA	NA	NA
cobH	sp|Q9HZU2.1|	Q9HZU2	RecName: Full=Precorrin-8X methylmutase; AltName: Full=HBA synthase; AltName: Full=Precorrin isomerase [Pseudomonas aeruginosa PAO1]	83.654	208	3.4099999999999994e-99	289	NA	NA	NA
cobI	sp|Q9HZU3.1|	Q9HZU3	RecName: Full=Precorrin-2 C(20)-methyltransferase; AltName: Full=S-adenosyl-L-methionine--precorrin-2 methyltransferase; Short=SP2MT [Pseudomonas aeruginosa PAO1]	80	240	2.43e-131	373	NA	NA	NA
cobK	sp|P21920.4|	P21920	RecName: Full=Precorrin-6A reductase; AltName: Full=Precorrin-6X reductase [Sinorhizobium sp.]	44.595	222	7.09e-47	159	NA	NA	NA
cobL	sp|Q9HZU0.1|	Q9HZU0	RecName: Full=Precorrin-6Y C(5,15)-methyltransferase [decarboxylating]; Short=Precorrin-6 methyltransferase; Short=Precorrin-6Y methylase [Pseudomonas aeruginosa PAO1]	69.849	398	0	516	NA	NA	NA
cobM	sp|Q9HZP9.1|	Q9HZP9	RecName: Full=Precorrin-4 C(11)-methyltransferase; AltName: Full=Precorrin-3 methylase [Pseudomonas aeruginosa PAO1]	75.403	248	1e-124	357	NA	NA	NA
cobN	sp|Q9HZQ3.1|	Q9HZQ3	RecName: Full=Aerobic cobaltochelatase subunit CobN; AltName: Full=Hydrogenobyrinic acid a,c-diamide cobaltochelatase subunit CobN [Pseudomonas aeruginosa PAO1]	75.997	1254	0	1855	NA	NA	NA
cobO_1	sp|Q9I472.1|	Q9I472	RecName: Full=Corrinoid adenosyltransferase; AltName: Full=Cob(II)alamin adenosyltransferase; AltName: Full=Cob(II)yrinic acid a,c-diamide adenosyltransferase; AltName: Full=Cobinamide/cobalamin adenosyltransferase [Pseudomonas aeruginosa PAO1]	74.384	203	5.639999999999999e-107	308	NA	NA	NA
cobO_2	sp|Q1LJ80.1|	Q1LJ80	RecName: Full=Cobalamin adenosyltransferase; Short=ATR [Cupriavidus metallidurans CH34]	51.337	187	3.49e-44	148	NA	NA	NA
cobP	sp|Q9I466.1|	Q9I466	RecName: Full=Bifunctional adenosylcobalamin biosynthesis protein CobP; AltName: Full=Adenosylcobinamide kinase; AltName: Full=Adenosylcobinamide-phosphate guanylyltransferase [Pseudomonas aeruginosa PAO1]	71.098	173	1.69e-68	208	NA	NA	NA
cobQ	sp|C3K0Z0.1|	C3K0Z0	RecName: Full=Cobyric acid synthase [Pseudomonas [fluorescens] SBW25]	94.824	483	0	855	NA	NA	NA
cobS	sp|C3K0Y6.1|	C3K0Y6	RecName: Full=Adenosylcobinamide-GDP ribazoletransferase; AltName: Full=Cobalamin synthase; AltName: Full=Cobalamin-5'-phosphate synthase [Pseudomonas [fluorescens] SBW25]	95.833	216	4.829999999999999e-107	311	NA	NA	NA
cobS_2	sp|P29933.1|	P29933	RecName: Full=Aerobic cobaltochelatase subunit CobS; AltName: Full=Hydrogenobyrinic acid a,c-diamide cobaltochelatase subunit CobS [Sinorhizobium sp.]	30.794	315	1.09e-38	142	NA	NA	NA
cobT	sp|C3K0Y8.1|	C3K0Y8	RecName: Full=Nicotinate-nucleotide--dimethylbenzimidazole phosphoribosyltransferase; Short=NN:DBI PRT; AltName: Full=N(1)-alpha-phosphoribosyltransferase [Pseudomonas [fluorescens] SBW25]	94.302	351	0	597	NA	NA	NA
codA_1	sp|P25524.3|	P25524	RecName: Full=Cytosine deaminase; Short=CD; Short=CDA; Short=CDase; AltName: Full=Cytosine aminohydrolase; AltName: Full=Isoguanine deaminase [Escherichia coli K-12]	30.637	408	1.73e-58	199	NA	NA	NA
codA_2	sp|P25524.3|	P25524	RecName: Full=Cytosine deaminase; Short=CD; Short=CDA; Short=CDase; AltName: Full=Cytosine aminohydrolase; AltName: Full=Isoguanine deaminase [Escherichia coli K-12]	58.272	405	1.8499999999999998e-171	489	NA	NA	NA
codB	sp|P0AA82.1|	P0AA82	RecName: Full=Cytosine permease [Escherichia coli K-12]	38.756	418	3.87e-63	212	NA	NA	NA
comEC	sp|P51973.1|	P51973	RecName: Full=Competence protein ComA [Neisseria gonorrhoeae]	36.719	256	2.76e-24	112	NA	NA	NA
comM	sp|P45049.1|	P45049	RecName: Full=Competence protein ComM [Haemophilus influenzae Rd KW20]	54.6	500	7.769999999999999e-166	481	NA	NA	NA
comR_1	sp|P39334.2|	P39334	RecName: Full=HTH-type transcriptional repressor BdcR [Escherichia coli K-12]	32.857	70	3.29e-7	52.4	NA	NA	NA
comR~~~comR_2	sp|P75952.2|	P75952	RecName: Full=HTH-type transcriptional repressor ComR; AltName: Full=Copper outer membrane regulator [Escherichia coli K-12]	32.203	177	3.17e-22	93.2	NA	NA	NA
copA_1	sp|Q4L970.1|	Q4L970	RecName: Full=Copper-exporting P-type ATPase; AltName: Full=Copper-exporting P-type ATPase A; AltName: Full=Cu(+)-exporting ATPase [Staphylococcus haemolyticus JCSC1435]	32.201	736	3.24e-102	337	NA	NA	NA
copA_2	sp|Q4L970.1|	Q4L970	RecName: Full=Copper-exporting P-type ATPase; AltName: Full=Copper-exporting P-type ATPase A; AltName: Full=Cu(+)-exporting ATPase [Staphylococcus haemolyticus JCSC1435]	45.312	704	1.5599999999999997e-176	528	NA	NA	NA
copR	sp|Q02540.1|	Q02540	RecName: Full=Transcriptional activator protein CopR [Pseudomonas syringae pv. tomato]	70.721	222	3.51e-100	293	NA	NA	NA
copR_1	sp|Q47456.1|	Q47456	RecName: Full=Transcriptional regulatory protein PcoR [Escherichia coli]	43.043	230	1.63e-56	182	NA	NA	NA
copR_3	sp|Q02540.1|	Q02540	RecName: Full=Transcriptional activator protein CopR [Pseudomonas syringae pv. tomato]	60.177	226	2.89e-94	278	NA	NA	NA
coq7	sp|C3K303.1|	C3K303	RecName: Full=3-demethoxyubiquinol 3-hydroxylase; Short=DMQ hydroxylase; AltName: Full=2-nonaprenyl-3-methyl-6-methoxy-1,4-benzoquinol hydroxylase [Pseudomonas [fluorescens] SBW25]	98.605	215	1.9199999999999996e-158	439	NA	NA	NA
corA	sp|O31543.1|	O31543	RecName: Full=Putative metal ion transporter YfjQ [Bacillus subtilis subsp. subtilis str. 168]	30.556	288	1.67e-40	147	NA	NA	NA
corC	sp|Q9KTE3.1|	Q9KTE3	RecName: Full=Magnesium and cobalt efflux protein CorC [Vibrio cholerae O1 biovar El Tor str. N16961]	51.971	279	1.24e-73	230	NA	NA	NA
cpdA_1	sp|D4P095.1|	D4P095	RecName: Full=3',5'-cyclic adenosine monophosphate phosphodiesterase CpdA; Short=3',5'-cyclic AMP phosphodiesterase; Short=cAMP phosphodiesterase [Pseudomonas aeruginosa]	62.595	262	2.52e-113	330	NA	NA	NA
cpdA_2	sp|D5V0N9.1|	D5V0N9	RecName: Full=Probable glycerophosphodiester phosphodiesterase GpdQ; Short=GDPD; Short=Glycerophosphoryl diester phosphodiesterase; AltName: Full=Glycerophosphodiesterase; AltName: Full=Glycerophosphorylethanolamine phosphodiesterase; Short=GPE phosphodiesterase [Arcobacter nitrofigilis DSM 7299]	37.818	275	4.61e-64	205	NA	NA	NA
cpdR	sp|Q2YIF7.1|	Q2YIF7	RecName: Full=Response regulator receiver protein CpdR; AltName: Full=Phospho-receiver protein CpdR [Brucella abortus 2308]	33.621	116	1.05e-14	68.2	NA	NA	NA
cpg2	sp|P06621.1|	P06621	RecName: Full=Carboxypeptidase G2; Short=CPDG2; AltName: Full=Folate hydrolase G2; AltName: Full=Glutamate carboxypeptidase; AltName: Full=Pteroylmonoglutamic acid hydrolase G2; AltName: INN=Glucarpidase; Flags: Precursor [Pseudomonas sp. RS-16]	37.838	370	2.07e-65	217	NA	NA	NA
cph1	sp|Q9R6X3.1|	Q9R6X3	RecName: Full=Cyanobacterial phytochrome B [Nostoc sp. PCC 7120 = FACHB-418]	34.61	757	5.4499999999999994e-133	414	NA	NA	NA
cph2	sp|Q9HX69.1|	Q9HX69	RecName: Full=Cyclic di-GMP phosphodiesterase RocR; Short=c-di-GMP PDE; AltName: Full=Response regulator RocR [Pseudomonas aeruginosa PAO1]	33.603	247	3.25e-46	163	NA	NA	NA
cpnA	sp|Q9N126.1|	Q9N126	RecName: Full=Retinol dehydrogenase 8; AltName: Full=Photoreceptor outer segment all-trans retinol dehydrogenase [Bos taurus]	35.349	215	2.8300000000000004e-27	108	NA	NA	NA
cpoB	sp|P0A130.1|	P0A130	RecName: Full=Cell division coordinator CpoB; Flags: Precursor [Pseudomonas putida KT2440]	79.188	197	1.4199999999999998e-96	287	NA	NA	NA
cpxR	sp|A0A0H3GGB5.1|	A0A0H3GGB5	RecName: Full=Transcriptional regulatory protein CpxR; AltName: Full=Response regulator CpxR [Klebsiella pneumoniae subsp. pneumoniae HS11286]	46.491	228	9.04e-57	183	NA	NA	NA
cra	sp|Q9KM69.1|	Q9KM69	RecName: Full=Fructose operon regulatory protein; AltName: Full=Catabolite repressor/activator [Vibrio cholerae O1 biovar El Tor str. N16961]	46.177	327	1.49e-75	238	NA	NA	NA
crcB_1	sp|Q93TE2.1|	Q93TE2	RecName: Full=Fluoride-specific ion channel FluC [Pseudomonas syringae pv. maculicola]	96.063	127	4.67e-82	239	NA	NA	NA
crcB_2	sp|C3JY55.1|	C3JY55	RecName: Full=Fluoride-specific ion channel FluC [Pseudomonas [fluorescens] SBW25]	95.161	124	3.02e-78	229	NA	NA	NA
creB	sp|P08368.1|	P08368	RecName: Full=Transcriptional regulatory protein CreB [Escherichia coli K-12]	52.273	220	1.17e-63	200	NA	NA	NA
creC	sp|P08401.2|	P08401	RecName: Full=Sensor protein CreC [Escherichia coli K-12]	47.391	460	4.86e-131	390	NA	NA	NA
creD	sp|P08369.1|	P08369	RecName: Full=Inner membrane protein CreD [Escherichia coli K-12]	38.051	431	6e-58	200	NA	NA	NA
crnA	sp|A0QSC0.2|	A0QSC0	RecName: Full=Mycofactocin precursor peptide peptidase [Mycolicibacterium smegmatis MC2 155]	36	100	1.05e-9	60.5	NA	NA	NA
crt_1	sp|Q4WF54.1|	Q4WF54	RecName: Full=Mevalonyl-coenzyme A hydratase sidH; AltName: Full=Siderophore biosynthesis protein H [Aspergillus fumigatus Af293]	32.031	256	4.63e-17	81.6	NA	NA	NA
crt_2	sp|P52046.1|	P52046	RecName: Full=Short-chain-enoyl-CoA hydratase; AltName: Full=3-hydroxybutyryl-CoA dehydratase; AltName: Full=Crotonase [Clostridium acetobutylicum ATCC 824]	34.661	251	1.83e-34	127	NA	NA	NA
crt_3	sp|Q62651.2|	Q62651	RecName: Full=Delta(3,5)-Delta(2,4)-dienoyl-CoA isomerase, mitochondrial; Flags: Precursor [Rattus norvegicus]	50.988	253	9.96e-90	272	NA	NA	NA
csdE	sp|Q52742.2|	Q52742	RecName: Full=Uncharacterized SufE-like protein RHE_CH01250 [Rhizobium etli CFN 42]	36.923	130	3.3e-24	94	NA	NA	NA
cseB	sp|L7N689.1|	L7N689	RecName: Full=Transcriptional regulatory protein TrcR; AltName: Full=Tuberculosis regulatory component response regulator [Mycobacterium tuberculosis H37Rv]	35.931	231	1.85e-35	129	NA	NA	NA
cspA_1	sp|O30875.1|	O30875	RecName: Full=Major cold shock protein [Micrococcus luteus NCTC 2665]	67.188	64	1.72e-26	94.4	NA	NA	NA
cspA_2	sp|P72192.1|	P72192	RecName: Full=Temperature acclimation protein B; AltName: Full=E8.0 [Pseudomonas fragi]	96.825	63	4.27e-39	126	NA	NA	NA
cspA_3	sp|P95459.1|	P95459	RecName: Full=Major cold shock protein CspA [Pseudomonas aeruginosa PAO1]	60.606	66	3.3400000000000003e-26	94	NA	NA	NA
csrA	sp|B8FK13.1|	B8FK13	RecName: Full=Translational regulator CsrA [Desulfatibacillum aliphaticivorans]	68.627	51	1.39e-18	74.7	NA	NA	NA
csrA1	sp|P0DPC3.1|	P0DPC3	RecName: Full=Translational regulator CsrA1; AltName: Full=Carbon storage regulator 1; AltName: Full=Regulator of secondary metabolites RsmE [Pseudomonas protegens CHA0]	96.875	64	9.05e-39	125	NA	NA	NA
csrA1_2	sp|P0DPC3.1|	P0DPC3	RecName: Full=Translational regulator CsrA1; AltName: Full=Carbon storage regulator 1; AltName: Full=Regulator of secondary metabolites RsmE [Pseudomonas protegens CHA0]	50	52	1.53e-12	58.5	NA	NA	NA
csrA2	sp|P69920.1|	P69920	RecName: Full=Translational regulator CsrA2; AltName: Full=Carbon storage regulator 2; AltName: Full=Regulator of secondary metabolites RsmA [Pseudomonas protegens CHA0]	100	61	1.67e-37	121	NA	NA	NA
ctaA	sp|Q8E8P8.1|	Q8E8P8	RecName: Full=Heme A synthase; Short=HAS; AltName: Full=Cytochrome aa3-controlling protein [Shewanella oneidensis MR-1]	44.964	278	1.0899999999999997e-55	188	NA	NA	NA
ctaB	sp|Q4KKL2.1|	Q4KKL2	RecName: Full=Protoheme IX farnesyltransferase 1; AltName: Full=Heme B farnesyltransferase 1; AltName: Full=Heme O synthase 1 [Pseudomonas protegens Pf-5]	91.489	282	1.45e-147	419	NA	NA	NA
ctaD	sp|Q1RI42.1|	Q1RI42	RecName: Full=Probable cytochrome c oxidase subunit 1; AltName: Full=Cytochrome aa3 subunit 1; AltName: Full=Cytochrome c oxidase polypeptide I [Rickettsia bellii RML369-C]	55.859	512	0	548	NA	NA	NA
ctaE	sp|P06030.3|	P06030	RecName: Full=Cytochrome c oxidase subunit 3; AltName: Full=Cytochrome aa3 subunit 3; AltName: Full=Cytochrome c oxidase polypeptide III; AltName: Full=Oxidase aa(3) subunit 3 [Paracoccus denitrificans]	38.384	297	4.1499999999999995e-54	180	NA	NA	NA
ctaG	sp|P56940.1|	P56940	RecName: Full=Cytochrome c oxidase assembly protein CtaG [Cereibacter sphaeroides]	36.413	184	1.4199999999999998e-31	115	NA	NA	NA
ctpH	sp|G3XDA3.1|	G3XDA3	RecName: Full=Methyl-accepting chemotaxis protein CtpH [Pseudomonas aeruginosa PAO1]	61.738	541	5.369999999999999e-178	516	NA	NA	NA
ctpL	sp|Q9HUW6.1|	Q9HUW6	RecName: Full=Methyl-accepting chemotaxis protein CtpL [Pseudomonas aeruginosa PAO1]	65.032	632	0	568	NA	NA	NA
cueR_1	sp|Q8ZCA8.1|	Q8ZCA8	RecName: Full=HTH-type transcriptional regulator CueR; AltName: Full=Copper efflux regulator; AltName: Full=Copper export regulator [Yersinia pestis]	35.652	115	1.82e-12	63.2	NA	NA	NA
cueR_2	sp|Q8ZCA8.1|	Q8ZCA8	RecName: Full=HTH-type transcriptional regulator CueR; AltName: Full=Copper efflux regulator; AltName: Full=Copper export regulator [Yersinia pestis]	43.038	79	3.35e-16	73.2	NA	NA	NA
curA	sp|P76113.3|	P76113	RecName: Full=NADPH-dependent curcumin reductase; AltName: Full=NADPH-dependent curcumin/dihydrocurcumin reductase [Escherichia coli K-12]	60.756	344	7.03e-147	421	NA	NA	NA
cusA	sp|P38054.2|	P38054	RecName: Full=Cation efflux system protein CusA [Escherichia coli K-12]	69.356	1041	0	1416	NA	NA	NA
cusB	sp|Q9ZHD0.1|	Q9ZHD0	RecName: Full=Putative membrane fusion protein SilB; Flags: Precursor [Salmonella enterica subsp. enterica serovar Typhimurium]	39.633	381	2.5899999999999996e-87	275	NA	NA	NA
cusR	sp|P0ACZ8.1|	P0ACZ8	RecName: Full=Transcriptional regulatory protein CusR [Escherichia coli K-12]	44.643	224	1.2200000000000001e-58	187	NA	NA	NA
cusR_1	sp|P0ACZ8.1|	P0ACZ8	RecName: Full=Transcriptional regulatory protein CusR [Escherichia coli K-12]	42.857	224	2.45e-58	187	NA	NA	NA
cusS	sp|Q02541.1|	Q02541	RecName: Full=Sensor protein CopS [Pseudomonas syringae pv. tomato]	41.505	412	1.73e-72	239	NA	NA	NA
cusS_2	sp|I1WSZ3.1|	I1WSZ3	RecName: Full=Sensor protein IrlS [Burkholderia pseudomallei 1026b]	36.096	374	1.8699999999999997e-68	229	NA	NA	NA
cvfB	sp|O06747.2|	O06747	RecName: Full=Uncharacterized protein YitL [Bacillus subtilis subsp. subtilis str. 168]	32.394	284	1.0600000000000001e-29	116	NA	NA	NA
cya	sp|Q9JYV5.1|	Q9JYV5	RecName: Full=Iron-regulated protein FrpC [Neisseria meningitidis MC58]	31.088	386	2.3e-35	143	NA	NA	NA
cyaY	sp|Q88B06.1|	Q88B06	RecName: Full=Iron-sulfur cluster assembly protein CyaY [Pseudomonas syringae pv. tomato str. DC3000]	86.364	110	7.48e-66	197	NA	NA	NA
cydA	sp|P94364.1|	P94364	RecName: Full=Cytochrome bd ubiquinol oxidase subunit 1; AltName: Full=Cytochrome d ubiquinol oxidase subunit I [Bacillus subtilis subsp. subtilis str. 168]	35.955	445	2.15e-81	263	NA	NA	NA
cynR_1	sp|Q8X4M5.1|	Q8X4M5	RecName: Full=HTH-type transcriptional regulator CynR; AltName: Full=Cyn operon transcriptional activator [Escherichia coli O157:H7]	30.822	292	3.8199999999999997e-34	129	NA	NA	NA
cynR_2	sp|P27111.5|	P27111	RecName: Full=HTH-type transcriptional regulator CynR; AltName: Full=Cyn operon transcriptional activator [Escherichia coli K-12]	34.296	277	1.5699999999999999e-40	145	NA	NA	NA
cynR_3	sp|P27111.5|	P27111	RecName: Full=HTH-type transcriptional regulator CynR; AltName: Full=Cyn operon transcriptional activator [Escherichia coli K-12]	62.245	294	4.969999999999999e-121	351	NA	NA	NA
cynR_5	sp|P52696.3|	P52696	RecName: Full=Uncharacterized HTH-type transcriptional regulator YbhD [Escherichia coli K-12]	33.214	280	6.999999999999999e-42	150	NA	NA	NA
cynS	sp|Q1I7P9.1|	Q1I7P9	RecName: Full=Cyanate hydratase; Short=Cyanase; AltName: Full=Cyanate hydrolase; AltName: Full=Cyanate lyase [Pseudomonas entomophila L48]	88.462	156	8.389999999999999e-99	284	NA	NA	NA
cynT_1	sp|P0ABE9.1|	P0ABE9	RecName: Full=Carbonic anhydrase 1; AltName: Full=Carbonate dehydratase 1 [Escherichia coli K-12]	81.991	211	7.999999999999999e-128	362	NA	NA	NA
cynT_2	sp|P0ABE9.1|	P0ABE9	RecName: Full=Carbonic anhydrase 1; AltName: Full=Carbonate dehydratase 1 [Escherichia coli K-12]	50.463	216	1.9199999999999998e-74	228	NA	NA	NA
cyoA	sp|Q9WWR1.1|	Q9WWR1	RecName: Full=Cytochrome bo(3) ubiquinol oxidase subunit 2; AltName: Full=Cytochrome o ubiquinol oxidase subunit 2; Short=Cytochrome o subunit 2; AltName: Full=Oxidase bo(3) subunit 2; AltName: Full=Ubiquinol oxidase polypeptide II; AltName: Full=Ubiquinol oxidase subunit 2; Flags: Precursor [Pseudomonas putida]	71.746	315	2.8499999999999997e-134	386	NA	NA	NA
cyoB	sp|Q9WWR2.1|	Q9WWR2	RecName: Full=Cytochrome bo(3) ubiquinol oxidase subunit 1; AltName: Full=Cytochrome o ubiquinol oxidase subunit 1; Short=Cytochrome o subunit 1; AltName: Full=Oxidase bo(3) subunit 1; AltName: Full=Ubiquinol oxidase polypeptide I; AltName: Full=Ubiquinol oxidase subunit 1 [Pseudomonas putida]	80.775	671	0	1074	NA	NA	NA
cyoC	sp|Q9WWR3.1|	Q9WWR3	RecName: Full=Cytochrome bo(3) ubiquinol oxidase subunit 3; AltName: Full=Cytochrome o ubiquinol oxidase subunit 3; Short=Cytochrome o subunit 3; AltName: Full=Oxidase bo(3) subunit 3; AltName: Full=Ubiquinol oxidase polypeptide III; AltName: Full=Ubiquinol oxidase subunit 3 [Pseudomonas putida]	75.543	184	6.4999999999999995e-99	288	NA	NA	NA
cyoD	sp|Q9WWR4.1|	Q9WWR4	RecName: Full=Cytochrome bo(3) ubiquinol oxidase subunit 4; AltName: Full=Cytochrome o ubiquinol oxidase subunit 4; Short=Cytochrome o subunit 4; AltName: Full=Oxidase bo(3) subunit 4; AltName: Full=Ubiquinol oxidase polypeptide IV; AltName: Full=Ubiquinol oxidase subunit 4 [Pseudomonas putida]	73.196	97	2.05e-36	122	NA	NA	NA
cyoE	sp|Q3K773.1|	Q3K773	RecName: Full=Protoheme IX farnesyltransferase 2; AltName: Full=Heme B farnesyltransferase 2; AltName: Full=Heme O synthase 2 [Pseudomonas fluorescens Pf0-1]	96.939	294	0	574	NA	NA	NA
cysA_1	sp|Q7NWX3.1|	Q7NWX3	RecName: Full=Sulfate/thiosulfate import ATP-binding protein CysA 2; AltName: Full=Sulfate-transporting ATPase 2 [Chromobacterium violaceum ATCC 12472]	55.963	327	2.36e-106	319	NA	NA	NA
cysA_2	sp|P0A193.1|	P0A193	RecName: Full=High-affinity branched-chain amino acid transport ATP-binding protein LivG; AltName: Full=LIV-I protein G [Salmonella enterica subsp. enterica serovar Typhimurium str. LT2]	39.526	253	3.68e-61	196	NA	NA	NA
cysA_3	sp|Q88AS5.1|	Q88AS5	RecName: Full=Sulfate/thiosulfate import ATP-binding protein CysA; AltName: Full=Sulfate-transporting ATPase [Pseudomonas syringae pv. tomato str. DC3000]	93.538	325	0	602	NA	NA	NA
cysB	sp|P06614.1|	P06614	RecName: Full=HTH-type transcriptional regulator CysB; AltName: Full=Cys regulon transcriptional activator [Salmonella enterica subsp. enterica serovar Typhimurium str. LT2]	65.217	322	2.3899999999999997e-159	451	NA	NA	NA
cysD_1	sp|B3E8X9.1|	B3E8X9	RecName: Full=Sulfate adenylyltransferase subunit 2; AltName: Full=ATP-sulfurylase small subunit; AltName: Full=Sulfate adenylate transferase; Short=SAT [Trichlorobacter lovleyi SZ]	70.608	296	1.1499999999999997e-158	454	NA	NA	NA
cysD_2	sp|C3KDP1.1|	C3KDP1	RecName: Full=Sulfate adenylyltransferase subunit 2; AltName: Full=ATP-sulfurylase small subunit; AltName: Full=Sulfate adenylate transferase; Short=SAT [Pseudomonas [fluorescens] SBW25]	99.344	305	0	631	NA	NA	NA
cysE	sp|A8F961.1|	A8F961	RecName: Full=Serine acetyltransferase; Short=SAT [Bacillus pumilus SAFR-032]	48.889	225	2.66e-65	205	NA	NA	NA
cysG_1	sp|P21640.1|	P21640	RecName: Full=Precorrin-3B C(17)-methyltransferase; Short=Precorrin-3 methylase; Short=Precorrin-3 methyltransferase [Sinorhizobium sp.]	49.2	250	2.3000000000000002e-58	197	NA	NA	NA
cysG_2	sp|C3JY53.1|	C3JY53	RecName: Full=Siroheme synthase; Includes: RecName: Full=Uroporphyrinogen-III C-methyltransferase; Short=Urogen III methylase; AltName: Full=SUMT; AltName: Full=Uroporphyrinogen III methylase; Short=UROM; Includes: RecName: Full=Precorrin-2 dehydrogenase; Includes: RecName: Full=Sirohydrochlorin ferrochelatase [Pseudomonas [fluorescens] SBW25]	98.491	464	0	859	NA	NA	NA
cysH	sp|O05927.2|	O05927	RecName: Full=Adenosine 5'-phosphosulfate reductase; Short=APS reductase; AltName: Full=5'-adenylylsulfate reductase; AltName: Full=Thioredoxin-dependent 5'-adenylylsulfate reductase [Pseudomonas aeruginosa PAO1]	83.607	244	3.3899999999999995e-159	444	NA	NA	NA
cysK_1	sp|Q5HRP1.1|	Q5HRP1	RecName: Full=Cysteine synthase; Short=CSase; AltName: Full=O-acetylserine (thiol)-lyase; Short=OAS-TL; AltName: Full=O-acetylserine sulfhydrylase [Staphylococcus epidermidis RP62A]	39.527	296	1.4899999999999999e-61	201	NA	NA	NA
cysK_2	sp|P0ABK5.2|	P0ABK5	RecName: Full=Cysteine synthase A; Short=CSase A; AltName: Full=O-acetylserine (thiol)-lyase A; Short=OAS-TL A; AltName: Full=O-acetylserine sulfhydrylase A; AltName: Full=S-carboxymethylcysteine synthase; AltName: Full=Sulfate starvation-induced protein 5; Short=SSI5 [Escherichia coli K-12]	70.679	324	1.5099999999999997e-144	413	NA	NA	NA
cysL_2	sp|Q5N5I5.1|	Q5N5I5	RecName: Full=HTH-type transcriptional activator CmpR [Synechococcus elongatus PCC 6301]	31.858	226	5.0599999999999996e-24	102	NA	NA	NA
cysM	sp|Q9I526.1|	Q9I526	RecName: Full=Cysteine synthase B; Short=CSase B; AltName: Full=O-acetylserine (thiol)-lyase B; Short=OAS-TL B; AltName: Full=O-acetylserine sulfhydrylase B [Pseudomonas aeruginosa PAO1]	85.185	297	0	538	NA	NA	NA
cysNC_1	sp|P72339.1|	P72339	RecName: Full=Bifunctional enzyme NodQ; AltName: Full=Nodulation protein Q; Includes: RecName: Full=Sulfate adenylyltransferase subunit 1; AltName: Full=ATP-sulfurylase large subunit; AltName: Full=Sulfate adenylate transferase; Short=SAT; Includes: RecName: Full=Adenylyl-sulfate kinase; AltName: Full=APS kinase; AltName: Full=ATP adenosine-5'-phosphosulfate 3'-phosphotransferase [Rhizobium sp. N33]	56.522	621	0	706	NA	NA	NA
cysNC_2	sp|O50274.1|	O50274	RecName: Full=Bifunctional enzyme CysN/CysC; Includes: RecName: Full=Sulfate adenylyltransferase subunit 1; AltName: Full=ATP-sulfurylase large subunit; AltName: Full=Sulfate adenylate transferase; Short=SAT; Includes: RecName: Full=Adenylyl-sulfate kinase; AltName: Full=APS kinase; AltName: Full=ATP adenosine-5'-phosphosulfate 3'-phosphotransferase [Pseudomonas aeruginosa PAO1]	86.888	633	0	1142	NA	NA	NA
cysQ~~~cysQ_2	sp|Q8Z153.1|	Q8Z153	RecName: Full=3'(2'),5'-bisphosphate nucleotidase CysQ; AltName: Full=3'(2'),5-bisphosphonucleoside 3'(2')-phosphohydrolase; AltName: Full=3'-phosphoadenosine 5'-phosphate phosphatase; Short=PAP phosphatase [Salmonella enterica subsp. enterica serovar Typhi]	50	248	6.61e-48	163	NA	NA	NA
cysS	sp|C3JYD3.1|	C3JYD3	RecName: Full=Cysteine--tRNA ligase; AltName: Full=Cysteinyl-tRNA synthetase; Short=CysRS [Pseudomonas [fluorescens] SBW25]	98.052	462	0	910	NA	NA	NA
cysT	sp|Q9TKU8.1|	Q9TKU8	RecName: Full=Probable sulfate transport system permease protein cysT [Nephroselmis olivacea]	50	230	1.32e-78	242	NA	NA	NA
cysW_3	sp|P0AEB0.1|	P0AEB0	RecName: Full=Sulfate transport system permease protein CysW [Escherichia coli K-12]	53.498	243	3.59e-81	249	NA	NA	NA
cysZ	sp|Q3KHX7.1|	Q3KHX7	RecName: Full=Sulfate transporter CysZ [Pseudomonas fluorescens Pf0-1]	93.2	250	1.7699999999999998e-144	407	NA	NA	NA
czcA_2	sp|P94177.1|	P94177	RecName: Full=Cation efflux system protein CzcA [Alcaligenes sp. CT14]	72.249	1045	0	1425	NA	NA	NA
czcB	sp|P13510.2|	P13510	RecName: Full=Cobalt-zinc-cadmium resistance protein CzcB; AltName: Full=Cation efflux system protein CzcB [Cupriavidus metallidurans CH34]	53.312	317	2.19e-113	343	NA	NA	NA
czcC	sp|P13509.4|	P13509	RecName: Full=Cobalt-zinc-cadmium resistance protein CzcC; AltName: Full=Cation efflux system protein CzcC; Flags: Precursor [Cupriavidus metallidurans CH34]	40.897	379	6.12e-78	249	NA	NA	NA
czcD_1	sp|P94178.1|	P94178	RecName: Full=Cation efflux system protein CzcD [Alcaligenes sp. CT14]	30.797	276	5.54e-17	83.2	NA	NA	NA
czcD_2	sp|P13512.2|	P13512	RecName: Full=Metal cation efflux system protein CzcD; AltName: Full=Cobalt-zinc-cadmium resistance protein CzcD [Cupriavidus metallidurans CH34]	64.46	287	4.659999999999999e-112	329	NA	NA	NA
czcO	sp|O07085.1|	O07085	RecName: Full=Uncharacterized oxidoreductase CzcO [Bacillus subtilis subsp. subtilis str. 168]	30.814	344	7.35e-51	176	NA	NA	NA
czcR_1	sp|Q44006.1|	Q44006	RecName: Full=Transcriptional activator protein CzcR [Cupriavidus metallidurans CH34]	40.271	221	8.46e-41	142	NA	NA	NA
czcR_1~~~czcR_2	sp|Q44006.1|	Q44006	RecName: Full=Transcriptional activator protein CzcR [Cupriavidus metallidurans CH34]	63.636	220	2.2400000000000002e-100	293	NA	NA	NA
czcR_2	sp|Q44006.1|	Q44006	RecName: Full=Transcriptional activator protein CzcR [Cupriavidus metallidurans CH34]	43.231	229	5.08e-59	188	NA	NA	NA
czcR_3	sp|Q44006.1|	Q44006	RecName: Full=Transcriptional activator protein CzcR [Cupriavidus metallidurans CH34]	57.014	221	1.28e-85	256	NA	NA	NA
czcR_4	sp|Q44006.1|	Q44006	RecName: Full=Transcriptional activator protein CzcR [Cupriavidus metallidurans CH34]	62.727	220	5.419999999999999e-99	290	NA	NA	NA
czcR_5	sp|Q44006.1|	Q44006	RecName: Full=Transcriptional activator protein CzcR [Cupriavidus metallidurans CH34]	55.909	220	1.4e-89	266	NA	NA	NA
czcR_6	sp|Q44006.1|	Q44006	RecName: Full=Transcriptional activator protein CzcR [Cupriavidus metallidurans CH34]	51.961	102	1.0899999999999999e-32	117	NA	NA	NA
czcS_1	sp|Q44007.2|	Q44007	RecName: Full=Sensor protein CzcS; Flags: Precursor [Cupriavidus metallidurans CH34]	34.529	446	1.11e-73	241	NA	NA	NA
czcS_2	sp|I1WSZ3.1|	I1WSZ3	RecName: Full=Sensor protein IrlS [Burkholderia pseudomallei 1026b]	41.587	315	2.6800000000000002e-70	234	NA	NA	NA
dacC_1	sp|P08506.2|	P08506	RecName: Full=D-alanyl-D-alanine carboxypeptidase DacC; Short=DD-carboxypeptidase; Short=DD-peptidase; AltName: Full=Penicillin-binding protein 6; Short=PBP-6; Flags: Precursor [Escherichia coli K-12]	45.889	377	9e-113	338	NA	NA	NA
dacC_2~~~dacC_1	sp|P39844.1|	P39844	RecName: Full=D-alanyl-D-alanine carboxypeptidase DacC; Short=DD-carboxypeptidase; Short=DD-peptidase; AltName: Full=Penicillin-binding protein 4a; Short=PBP-4a; Flags: Precursor [Bacillus subtilis subsp. subtilis str. 168]	43.805	452	3.61e-115	351	NA	NA	NA
dadA1_1	sp|Q48PZ1.1|	Q48PZ1	RecName: Full=D-amino acid dehydrogenase [Pseudomonas savastanoi pv. phaseolicola 1448A]	91.224	433	0	822	NA	NA	NA
dadA1_2	sp|Q9HU99.1|	Q9HU99	RecName: Full=D-amino acid dehydrogenase 2 [Pseudomonas aeruginosa PAO1]	69.007	413	0	568	NA	NA	NA
dadA1_3	sp|Q89F89.1|	Q89F89	RecName: Full=D-amino-acid oxidase; Short=DAAO; Short=DAMOX; Short=DAO [Bradyrhizobium diazoefficiens USDA 110]	33.247	388	2.8799999999999995e-55	191	NA	NA	NA
damX	sp|P45459.1|	P45459	RecName: Full=Cell division protein DamX [Serratia marcescens]	40.698	86	1.17e-10	64.7	NA	NA	NA
dan	sp|P72349.3|	P72349	RecName: Full=D-aminoacylase; AltName: Full=N-acyl-D-amino-acid deacylase [Achromobacter xylosoxidans]	51.368	475	1.75e-164	476	NA	NA	NA
dapA_1	sp|A3CVI7.1|	A3CVI7	RecName: Full=4-hydroxy-tetrahydrodipicolinate synthase; Short=HTPA synthase [Methanoculleus marisnigri JR1]	31.597	288	1.52e-42	150	NA	NA	NA
dapA_2	sp|Q4ZW75.1|	Q4ZW75	RecName: Full=4-hydroxy-tetrahydrodipicolinate synthase; Short=HTPA synthase [Pseudomonas syringae pv. syringae B728a]	88.014	292	0	525	NA	NA	NA
dapA_4	sp|A9FHA5.1|	A9FHA5	RecName: Full=4-hydroxy-tetrahydrodipicolinate synthase; Short=HTPA synthase [Sorangium cellulosum So ce56]	30.804	224	1.38e-12	70.5	NA	NA	NA
dapA_4~~~dapA_3	sp|Q97D80.1|	Q97D80	RecName: Full=4-hydroxy-tetrahydrodipicolinate synthase 2; Short=HTPA synthase 2 [Clostridium acetobutylicum ATCC 824]	33.08	263	2.65e-50	170	NA	NA	NA
dapB	sp|Q84CP9.2|	Q84CP9	RecName: Full=4-hydroxy-tetrahydrodipicolinate reductase; Short=HTPA reductase [Pseudomonas [fluorescens] SBW25]	94.403	268	0	507	NA	NA	NA
dapD	sp|A6V1C2.1|	A6V1C2	RecName: Full=2,3,4,5-tetrahydropyridine-2,6-dicarboxylate N-succinyltransferase; AltName: Full=Tetrahydrodipicolinate N-succinyltransferase; Short=THDP succinyltransferase; Short=THP succinyltransferase; AltName: Full=Tetrahydropicolinate succinylase [Pseudomonas paraeruginosa PA7]	86.628	344	0	597	NA	NA	NA
dapE	sp|Q4KHI7.1|	Q4KHI7	RecName: Full=Succinyl-diaminopimelate desuccinylase; Short=SDAP desuccinylase; AltName: Full=N-succinyl-LL-2,6-diaminoheptanedioate amidohydrolase [Pseudomonas protegens Pf-5]	96.084	383	0	736	NA	NA	NA
dapF_1	sp|Q88B09.1|	Q88B09	RecName: Full=Diaminopimelate epimerase; Short=DAP epimerase; AltName: Full=PLP-independent amino acid racemase [Pseudomonas syringae pv. tomato str. DC3000]	91.304	276	1.8099999999999998e-174	485	NA	NA	NA
dapF_3	sp|Q3IZB6.2|	Q3IZB6	RecName: Full=Diaminopimelate epimerase; Short=DAP epimerase; AltName: Full=PLP-independent amino acid racemase [Cereibacter sphaeroides 2.4.1]	49.042	261	7.100000000000001e-79	242	NA	NA	NA
dapH_1	sp|P50869.1|	P50869	RecName: Full=Chloramphenicol acetyltransferase [Morganella morganii]	40.845	142	3.6499999999999997e-31	116	NA	NA	NA
dapL_1	sp|Q9HUI9.1|	Q9HUI9	RecName: Full=Arginine--pyruvate transaminase AruH [Pseudomonas aeruginosa PAO1]	50.255	392	1.0499999999999999e-128	388	NA	NA	NA
dapL_2	sp|Q72BI1.1|	Q72BI1	RecName: Full=LL-diaminopimelate aminotransferase; Short=DAP-AT; Short=DAP-aminotransferase; Short=LL-DAP-aminotransferase [Nitratidesulfovibrio vulgaris str. Hildenborough]	32.161	398	4.16e-56	192	NA	NA	NA
dasC	sp|Q9KEE9.1|	Q9KEE9	RecName: Full=Arabinooligosaccharides transport system permease protein AraQ [Halalkalibacterium halodurans C-125]	30	280	1.3e-22	97.1	NA	NA	NA
dat	sp|Q9Z3R2.1|	Q9Z3R2	RecName: Full=Diaminobutyrate--2-oxoglutarate aminotransferase; AltName: Full=Diaminobutyrate transaminase; AltName: Full=L-2,4-diaminobutyrate:2-ketoglutarate 4-aminotransferase; Short=DABA aminotransferase; Short=DABA-AT; AltName: Full=L-diaminobutyric acid transaminase [Sinorhizobium meliloti 1021]	62.415	439	2.72e-175	503	NA	NA	NA
dauA_1	sp|Q9HXE3.1|	Q9HXE3	RecName: Full=FAD-dependent catabolic D-arginine dehydrogenase DauA; AltName: Full=D-arginine dehydrogenase; Short=DADH; AltName: Full=D-arginine utilization protein A; Short=Dau [Pseudomonas aeruginosa PAO1]	67.819	376	9.559999999999999e-174	491	NA	NA	NA
dauA_2	sp|P53393.1|	P53393	RecName: Full=Low affinity sulfate transporter 3 [Stylosanthes hamata]	41.667	144	4.41e-26	115	NA	NA	NA
dauB	sp|Q9HXE4.1|	Q9HXE4	RecName: Full=NAD(P)H-dependent anabolic L-arginine dehydrogenase DauB [Pseudomonas aeruginosa PAO1]	68.038	316	5.649999999999999e-130	375	NA	NA	NA
dauE~~~fabG_1	sp|A0A084R1K2.1|	A0A084R1K2	RecName: Full=Short-chain dehydrogenase/reductase ATR9; AltName: Full=Core atranone cluster (CAC) protein 9 [Stachybotrys chlorohalonatus IBT 40285]	33.333	180	2.49e-16	79	NA	NA	NA
dauR_1	sp|Q9HXE2.1|	Q9HXE2	RecName: Full=Transcriptional regulator DauR [Pseudomonas aeruginosa PAO1]	82.927	205	9.599999999999999e-126	356	NA	NA	NA
dauR_2	sp|Q9HXE2.1|	Q9HXE2	RecName: Full=Transcriptional regulator DauR [Pseudomonas aeruginosa PAO1]	31.579	209	2.7e-16	77.4	NA	NA	NA
davD_1	sp|Q9I6M5.1|	Q9I6M5	RecName: Full=Glutarate-semialdehyde dehydrogenase [Pseudomonas aeruginosa PAO1]	63.445	476	0	639	NA	NA	NA
davD_2	sp|Q88RC0.1|	Q88RC0	RecName: Full=Glutarate-semialdehyde dehydrogenase [Pseudomonas putida KT2440]	89.167	480	0	876	NA	NA	NA
davT_1	sp|Q88FI7.1|	Q88FI7	RecName: Full=2-aminoadipate transaminase; AltName: Full=2-aminoadipate aminotransferase; AltName: Full=L-2AA aminotransferase [Pseudomonas putida KT2440]	78.313	415	0	643	NA	NA	NA
davT_2	sp|O50131.1|	O50131	RecName: Full=Ornithine aminotransferase; Short=Orn-AT; AltName: Full=Ornithine delta-aminotransferase [Pyrococcus horikoshii OT3]	33.18	434	1.61e-61	210	NA	NA	NA
davT_3	sp|Q88RB9.1|	Q88RB9	RecName: Full=5-aminovalerate aminotransferase DavT; AltName: Full=5-aminovalerate transaminase; AltName: Full=Delta-aminovalerate aminotransferase [Pseudomonas putida KT2440]	84.941	425	0	723	NA	NA	NA
dbpA_1	sp|P21693.2|	P21693	RecName: Full=ATP-dependent RNA helicase DbpA [Escherichia coli K-12]	54.923	457	7.2699999999999985e-171	491	NA	NA	NA
dbpA_2	sp|Q88NV1.1|	Q88NV1	RecName: Full=ATP-dependent helicase Lhr-Core; Short=Lhr-Core; AltName: Full=DNA and RNA:DNA 3'-5' helicase Lhr-Core [Pseudomonas putida KT2440]	70.51	824	0	1082	NA	NA	NA
dcd	sp|C3K710.1|	C3K710	RecName: Full=dCTP deaminase; AltName: Full=Deoxycytidine triphosphate deaminase [Pseudomonas [fluorescens] SBW25]	98.404	188	7.769999999999999e-138	385	NA	NA	NA
dctA2	sp|Q848I3.1|	Q848I3	RecName: Full=C4-dicarboxylate transport protein [Pseudomonas chlororaphis subsp. chlororaphis]	95.045	444	0	810	NA	NA	NA
dctA_1	sp|B2AGL2.1|	B2AGL2	RecName: Full=C4-dicarboxylate transport protein [Cupriavidus taiwanensis LMG 19424]	69.1	411	1.5699999999999999e-164	473	NA	NA	NA
dctA_2	sp|Q9I713.1|	Q9I713	RecName: Full=C4-dicarboxylate transport protein 1 [Pseudomonas aeruginosa PAO1]	76.259	417	0	567	NA	NA	NA
dctB_1	sp|Q9HU20.1|	Q9HU20	RecName: Full=C4-dicarboxylate transport sensor protein DctB [Pseudomonas aeruginosa PAO1]	43.038	237	1.2599999999999999e-42	165	NA	NA	NA
dctB_2	sp|Q9HU20.1|	Q9HU20	RecName: Full=C4-dicarboxylate transport sensor protein DctB [Pseudomonas aeruginosa PAO1]	34.979	486	5.5e-76	257	NA	NA	NA
dctB_3	sp|Q9HU20.1|	Q9HU20	RecName: Full=C4-dicarboxylate transport sensor protein DctB [Pseudomonas aeruginosa PAO1]	65.432	567	0	647	NA	NA	NA
dctD_1	sp|Q9HU19.1|	Q9HU19	RecName: Full=C4-dicarboxylate transport transcriptional regulatory protein DctD [Pseudomonas aeruginosa PAO1]	55.909	440	4.3e-143	419	NA	NA	NA
dctD_2	sp|Q9HU19.1|	Q9HU19	RecName: Full=C4-dicarboxylate transport transcriptional regulatory protein DctD [Pseudomonas aeruginosa PAO1]	52.283	438	1.3e-150	439	NA	NA	NA
dctD_3	sp|P36219.1|	P36219	RecName: Full=Pathogenicity locus probable regulatory protein WtsA [Pantoea stewartii subsp. stewartii]	57.616	302	8.559999999999998e-118	345	NA	NA	NA
dctD_4	sp|Q9HU19.1|	Q9HU19	RecName: Full=C4-dicarboxylate transport transcriptional regulatory protein DctD [Pseudomonas aeruginosa PAO1]	77.007	461	0	607	NA	NA	NA
dcyD_2	sp|A4TK60.1|	A4TK60	RecName: Full=D-cysteine desulfhydrase [Yersinia pestis Pestoides F]	65.644	326	1.7099999999999998e-147	421	NA	NA	NA
dddP	sp|A3SK19.1|	A3SK19	RecName: Full=Dimethylsulfoniopropionate lyase DddP; Short=DMSP lyase [Roseovarius nubinhibens ISM]	35.013	397	2.1399999999999997e-81	259	NA	NA	NA
ddl	sp|Q3K746.1|	Q3K746	RecName: Full=D-alanine--D-alanine ligase; AltName: Full=D-Ala-D-Ala ligase; AltName: Full=D-alanylalanine synthetase [Pseudomonas fluorescens Pf0-1]	87.421	318	0	567	NA	NA	NA
ddlA	sp|P0A1F0.2|	P0A1F0	RecName: Full=D-alanine--D-alanine ligase A; AltName: Full=D-Ala-D-Ala ligase A; AltName: Full=D-alanylalanine synthetase A [Salmonella enterica subsp. enterica serovar Typhimurium str. LT2]	66.391	363	0	512	NA	NA	NA
ddpC	sp|P94312.1|	P94312	RecName: Full=Dipeptide transport system permease protein DppC [Alkalihalophilus pseudofirmus OF4]	40.693	231	9.95e-59	192	NA	NA	NA
ddpF	sp|A0A0H2ZH52.1|	A0A0H2ZH52	RecName: Full=Di/tripeptide transport ATP-binding protein DppF [Pseudomonas aeruginosa UCBPP-PA14]	86.378	323	0	563	NA	NA	NA
deaD	sp|Q8K9H6.1|	Q8K9H6	RecName: Full=ATP-dependent RNA helicase DeaD; AltName: Full=Cold-shock DEAD box protein A [Buchnera aphidicola str. Sg (Schizaphis graminum)]	44.524	557	1.3699999999999998e-130	397	NA	NA	NA
decR_1	sp|P0ACJ5.1|	P0ACJ5	RecName: Full=DNA-binding transcriptional activator DecR [Escherichia coli K-12]	40	150	1.83e-39	133	NA	NA	NA
decR_2	sp|P42179.1|	P42179	RecName: Full=Bkd operon transcriptional regulator [Pseudomonas putida]	79.747	158	3.89e-90	262	NA	NA	NA
decR_3	sp|P42179.1|	P42179	RecName: Full=Bkd operon transcriptional regulator [Pseudomonas putida]	41.176	153	4.0099999999999995e-34	120	NA	NA	NA
dedA	sp|P0ABP6.1|	P0ABP6	RecName: Full=Protein DedA; AltName: Full=Protein DSG-1 [Escherichia coli K-12]	56.436	202	1.6e-69	214	NA	NA	NA
def_1	sp|Q886I1.1|	Q886I1	RecName: Full=Peptide deformylase 2; Short=PDF 2; AltName: Full=Polypeptide deformylase 2 [Pseudomonas syringae pv. tomato str. DC3000]	84.358	179	3.2099999999999994e-107	307	NA	NA	NA
def_2	sp|A4VFH8.1|	A4VFH8	RecName: Full=Peptide deformylase; Short=PDF; AltName: Full=Polypeptide deformylase [Stutzerimonas stutzeri A1501]	90.476	168	3.929999999999999e-99	285	NA	NA	NA
degP	sp|Q4KGQ4.1|	Q4KGQ4	RecName: Full=Probable periplasmic serine endoprotease DegP-like; AltName: Full=Protease Do; Flags: Precursor [Pseudomonas protegens Pf-5]	90.644	481	0	834	NA	NA	NA
degS	sp|B1J4D7.1|	B1J4D7	RecName: Full=Probable periplasmic serine endoprotease DegP-like; AltName: Full=Protease Do; Flags: Precursor [Pseudomonas putida W619]	48.658	298	2.5799999999999996e-87	275	NA	NA	NA
degU	sp|P13800.2|	P13800	RecName: Full=Transcriptional regulatory protein DegU; AltName: Full=Protease production enhancer protein [Bacillus subtilis subsp. subtilis str. 168]	32.159	227	5.49e-39	137	NA	NA	NA
dehH1	sp|Q01398.1|	Q01398	RecName: Full=Haloacetate dehalogenase H-1 [Moraxella sp. B]	43.273	275	1.94e-70	222	NA	NA	NA
deoC1	sp|Q4ZMV1.1|	Q4ZMV1	RecName: Full=Deoxyribose-phosphate aldolase; Short=DERA; AltName: Full=2-deoxy-D-ribose 5-phosphate aldolase; AltName: Full=Phosphodeoxyriboaldolase; Short=Deoxyriboaldolase [Pseudomonas syringae pv. syringae B728a]	78.846	208	3.0800000000000003e-97	285	NA	NA	NA
deoR	sp|P0ACK5.1|	P0ACK5	RecName: Full=Deoxyribose operon repressor [Escherichia coli K-12]	44.622	251	9.439999999999999e-69	215	NA	NA	NA
der	sp|Q886Y6.1|	Q886Y6	RecName: Full=GTPase Der; AltName: Full=GTP-binding protein EngA [Pseudomonas syringae pv. tomato str. DC3000]	94.142	478	0	894	NA	NA	NA
dgcC_1	sp|P0AAP1.1|	P0AAP1	RecName: Full=Probable diguanylate cyclase DgcC; Short=DGC [Escherichia coli K-12]	37.278	338	2.1400000000000003e-79	250	NA	NA	NA
dgcC_2	sp|P0AAP1.1|	P0AAP1	RecName: Full=Probable diguanylate cyclase DgcC; Short=DGC [Escherichia coli K-12]	38.209	335	4.75e-76	241	NA	NA	NA
dgcN	sp|A0A0H2Z7X0.1|	A0A0H2Z7X0	RecName: Full=Diguanylate cyclase TpbB [Pseudomonas aeruginosa UCBPP-PA14]	61.916	407	1.03e-142	417	NA	NA	NA
dgkA	sp|Q9HY23.1|	Q9HY23	RecName: Full=Diacylglycerol kinase; Short=DAGK; AltName: Full=Diglyceride kinase; Short=DGK [Pseudomonas aeruginosa PAO1]	78.992	119	1.92e-51	161	NA	NA	NA
dgoA	sp|Q92RN8.1|	Q92RN8	RecName: Full=Probable 2-dehydro-3-deoxy-6-phosphogalactonate aldolase; AltName: Full=2-oxo-3-deoxygalactonate 6-phosphate aldolase; AltName: Full=6-phospho-2-dehydro-3-deoxygalactonate aldolase; AltName: Full=6-phospho-2-keto-3-deoxygalactonate aldolase; Short=KDPGal aldolase [Sinorhizobium meliloti 1021]	52.841	176	1.61e-40	140	NA	NA	NA
dgoD_1	sp|A4W4R9.1|	A4W4R9	RecName: Full=D-galactonate dehydratase; Short=GalD [Enterobacter sp. 638]	32.895	380	4.6099999999999996e-54	186	NA	NA	NA
dgoD_2	sp|B2UCA8.1|	B2UCA8	RecName: Full=D-galactonate dehydratase; Short=GalD [Ralstonia pickettii 12J]	64.66	382	5.899999999999999e-175	495	NA	NA	NA
dgoK1	sp|Q92RN7.1|	Q92RN7	RecName: Full=Probable 2-dehydro-3-deoxygalactonokinase DgoK1; AltName: Full=2-keto-3-deoxy-galactonokinase; AltName: Full=2-oxo-3-deoxygalactonate kinase [Sinorhizobium meliloti 1021]	35.099	302	5.5e-35	132	NA	NA	NA
dgoT	sp|P0AA76.1|	P0AA76	RecName: Full=D-galactonate transporter; AltName: Full=D-galactonate/H(+) symporter [Escherichia coli K-12]	56.532	421	8.569999999999999e-162	466	NA	NA	NA
dgt	sp|B7UXM6.1|	B7UXM6	RecName: Full=Deoxyguanosinetriphosphate triphosphohydrolase-like protein [Pseudomonas aeruginosa LESB58]	87.33	442	0	760	NA	NA	NA
dhaK2	sp|Q92EU2.1|	Q92EU2	RecName: Full=PTS-dependent dihydroxyacetone kinase 2, dihydroxyacetone-binding subunit DhaK [Listeria innocua Clip11262]	42.813	327	5.09e-71	226	NA	NA	NA
dhaL2	sp|P45620.2|	P45620	RecName: Full=Putative kinase MCAP_0235; AltName: Full=ORFC [Mycoplasma capricolum subsp. capricolum ATCC 27343]	33.168	202	6.2399999999999995e-30	113	NA	NA	NA
dhmA2_1	sp|P53750.1|	P53750	RecName: Full=Uncharacterized hydrolase YNR064C [Saccharomyces cerevisiae S288C]	49.306	288	7.53e-97	290	NA	NA	NA
dhmA_1	sp|P0DO70.1|	P0DO70	RecName: Full=Epoxide hydrolase 3; Short=SgEPH3; AltName: Full=24,25-dihydroxycucurbitadienol synthase EPH3 [Siraitia grosvenorii]	32.192	146	4.21e-11	66.6	NA	NA	NA
dhmA_2	sp|P34913.2|	P34913	RecName: Full=Bifunctional epoxide hydrolase 2; Includes: RecName: Full=Cytosolic epoxide hydrolase 2; Short=CEH; AltName: Full=Epoxide hydratase; AltName: Full=Soluble epoxide hydrolase; Short=SEH; Includes: RecName: Full=Lipid-phosphate phosphatase [Homo sapiens]	33.803	142	8.75e-12	68.9	NA	NA	NA
dht	sp|Q9I676.1|	Q9I676	RecName: Full=D-hydantoinase/dihydropyrimidinase; Short=DHPase [Pseudomonas aeruginosa PAO1]	86.639	479	0	856	NA	NA	NA
dinB	sp|Q3KH18.1|	Q3KH18	RecName: Full=DNA polymerase IV; Short=Pol IV [Pseudomonas fluorescens Pf0-1]	89.429	350	0	649	NA	NA	NA
dinF	sp|P28303.1|	P28303	RecName: Full=DNA damage-inducible protein F [Escherichia coli K-12]	44.954	436	2.28e-71	235	NA	NA	NA
dinG_1	sp|P54394.1|	P54394	RecName: Full=3'-5' exonuclease DinG [Bacillus subtilis subsp. subtilis str. 168]	42.574	101	2.67e-19	88.6	NA	NA	NA
dinG_3	sp|P29741.2|	P29741	RecName: Full=ATP-dependent DNA helicase DinG; AltName: Full=DNA 5'-3' helicase subunit DinG [Photobacterium profundum SS9]	36.791	723	4.14e-124	388	NA	NA	NA
dipZ	sp|P59960.1|	P59960	RecName: Full=Protein DipZ [Mycobacterium tuberculosis variant bovis AF2122/97]	32.865	569	2.17e-75	256	NA	NA	NA
divK	sp|A6X580.1|	A6X580	RecName: Full=Polar-differentiation response regulator DivK [Brucella anthropi ATCC 49188]	48.276	116	1.4e-30	108	NA	NA	NA
djlA	sp|P44607.1|	P44607	RecName: Full=Co-chaperone protein DjlA [Haemophilus influenzae Rd KW20]	31.364	220	1.9099999999999998e-23	99.4	NA	NA	NA
dkgB	sp|Q8ZH36.1|	Q8ZH36	RecName: Full=Methylglyoxal reductase DkgB [Yersinia pestis]	73.308	266	4.59e-142	402	NA	NA	NA
dksA_1	sp|P0A1G5.1|	P0A1G5	RecName: Full=RNA polymerase-binding transcription factor DksA [Salmonella enterica subsp. enterica serovar Typhimurium str. LT2]	71.852	135	1.93e-69	209	NA	NA	NA
dksA_2	sp|B8H0C0.1|	B8H0C0	RecName: Full=RNA polymerase-binding transcription factor DksA [Caulobacter vibrioides NA1000]	43.396	106	1.22e-14	68.9	NA	NA	NA
dksA_3	sp|B8H0C0.1|	B8H0C0	RecName: Full=RNA polymerase-binding transcription factor DksA [Caulobacter vibrioides NA1000]	34.746	118	8.31e-15	69.3	NA	NA	NA
dltA	sp|A7NN83.1|	A7NN83	RecName: Full=3-hydroxyacyl-[acyl-carrier-protein] dehydratase FabZ; AltName: Full=(3R)-hydroxymyristoyl-[acyl-carrier-protein] dehydratase; Short=(3R)-hydroxymyristoyl-ACP dehydrase; AltName: Full=Beta-hydroxyacyl-ACP dehydratase [Roseiflexus castenholzii DSM 13941]	40.23	87	1.75e-8	57	NA	NA	NA
dmdC_1	sp|A3SI50.1|	A3SI50	RecName: Full=3-methylmercaptopropionyl-CoA dehydrogenase; Short=MMPA-CoA dehydrogenase [Roseovarius nubinhibens ISM]	47.739	597	0	573	NA	NA	NA
dmdC_2	sp|A3SI50.1|	A3SI50	RecName: Full=3-methylmercaptopropionyl-CoA dehydrogenase; Short=MMPA-CoA dehydrogenase [Roseovarius nubinhibens ISM]	48.154	596	0	568	NA	NA	NA
dmdC_3	sp|A3SI50.1|	A3SI50	RecName: Full=3-methylmercaptopropionyl-CoA dehydrogenase; Short=MMPA-CoA dehydrogenase [Roseovarius nubinhibens ISM]	46.37	606	5.609999999999998e-180	524	NA	NA	NA
dmdC_4	sp|A3SI50.1|	A3SI50	RecName: Full=3-methylmercaptopropionyl-CoA dehydrogenase; Short=MMPA-CoA dehydrogenase [Roseovarius nubinhibens ISM]	36.273	601	2.27e-117	364	NA	NA	NA
dmlR_1	sp|A0A0H2XAU1.1|	A0A0H2XAU1	RecName: Full=HTH-type transcriptional regulator XC_2801 [Xanthomonas campestris pv. campestris str. 8004]	33.91	289	1.68e-39	144	NA	NA	NA
dmlR_10	sp|P37641.2|	P37641	RecName: Full=Uncharacterized HTH-type transcriptional regulator YhjC [Escherichia coli K-12]	31.579	304	4.84e-33	127	NA	NA	NA
dmlR_11	sp|A0A0H2XAU1.1|	A0A0H2XAU1	RecName: Full=HTH-type transcriptional regulator XC_2801 [Xanthomonas campestris pv. campestris str. 8004]	33.086	269	3.57e-32	125	NA	NA	NA
dmlR_12	sp|A0A0H2ZDG9.2|	A0A0H2ZDG9	RecName: Full=HTH-type transcriptional repressor PA14_22550 [Pseudomonas aeruginosa UCBPP-PA14]	30.719	306	3.28e-32	124	NA	NA	NA
dmlR_13	sp|Q9JPU9.2|	Q9JPU9	RecName: Full=HTH-type transcriptional regulator CrgA; AltName: Full=Contact-regulated gene A [Neisseria meningitidis 8013]	30.508	295	6.0999999999999996e-43	152	NA	NA	NA
dmlR_14	sp|P37641.2|	P37641	RecName: Full=Uncharacterized HTH-type transcriptional regulator YhjC [Escherichia coli K-12]	40.69	290	1.03e-70	223	NA	NA	NA
dmlR_15	sp|P30864.1|	P30864	RecName: Full=Uncharacterized HTH-type transcriptional regulator YafC [Escherichia coli K-12]	32.997	297	1.67e-38	140	NA	NA	NA
dmlR_16	sp|A0A0H2XAU1.1|	A0A0H2XAU1	RecName: Full=HTH-type transcriptional regulator XC_2801 [Xanthomonas campestris pv. campestris str. 8004]	34.471	293	2.76e-18	87	NA	NA	NA
dmlR_17	sp|Q9JPU9.2|	Q9JPU9	RecName: Full=HTH-type transcriptional regulator CrgA; AltName: Full=Contact-regulated gene A [Neisseria meningitidis 8013]	34.948	289	1.1799999999999999e-35	133	NA	NA	NA
dmlR_18	sp|P30864.1|	P30864	RecName: Full=Uncharacterized HTH-type transcriptional regulator YafC [Escherichia coli K-12]	35.714	294	2.3599999999999996e-47	164	NA	NA	NA
dmlR_19	sp|A0A0H2ZDG9.2|	A0A0H2ZDG9	RecName: Full=HTH-type transcriptional repressor PA14_22550 [Pseudomonas aeruginosa UCBPP-PA14]	34.797	296	3.1e-50	171	NA	NA	NA
dmlR_2	sp|P52689.1|	P52689	RecName: Full=Probable HTH-type transcriptional regulator LtrA [Klebsiella pneumoniae]	30.903	288	5.429999999999999e-42	149	NA	NA	NA
dmlR_20	sp|P30864.1|	P30864	RecName: Full=Uncharacterized HTH-type transcriptional regulator YafC [Escherichia coli K-12]	34.733	262	4.989999999999999e-35	132	NA	NA	NA
dmlR_21	sp|P43011.1|	P43011	RecName: Full=Uncharacterized HTH-type transcriptional regulator HI_1364; AltName: Full=ORF2 [Haemophilus influenzae Rd KW20]	33.808	281	9.339999999999999e-42	148	NA	NA	NA
dmlR_22	sp|P43011.1|	P43011	RecName: Full=Uncharacterized HTH-type transcriptional regulator HI_1364; AltName: Full=ORF2 [Haemophilus influenzae Rd KW20]	36.232	276	7.08e-63	203	NA	NA	NA
dmlR_23	sp|Q1R6S1.2|	Q1R6S1	RecName: Full=HTH-type transcriptional activator TtdR [Escherichia coli UTI89]	35.959	292	1.85e-53	179	NA	NA	NA
dmlR_24	sp|P43011.1|	P43011	RecName: Full=Uncharacterized HTH-type transcriptional regulator HI_1364; AltName: Full=ORF2 [Haemophilus influenzae Rd KW20]	31.317	281	7.979999999999999e-38	138	NA	NA	NA
dmlR_25	sp|P76250.2|	P76250	RecName: Full=HTH-type transcriptional regulator DmlR; AltName: Full=D-malate degradation protein R [Escherichia coli K-12]	56.463	294	5.5e-114	334	NA	NA	NA
dmlR_26	sp|P52689.1|	P52689	RecName: Full=Probable HTH-type transcriptional regulator LtrA [Klebsiella pneumoniae]	58.249	297	5.709999999999998e-107	317	NA	NA	NA
dmlR_3	sp|A0A0H2ZDG9.2|	A0A0H2ZDG9	RecName: Full=HTH-type transcriptional repressor PA14_22550 [Pseudomonas aeruginosa UCBPP-PA14]	30.272	294	3.12e-39	143	NA	NA	NA
dmlR_4	sp|P30864.1|	P30864	RecName: Full=Uncharacterized HTH-type transcriptional regulator YafC [Escherichia coli K-12]	36.333	300	9.28e-53	177	NA	NA	NA
dmlR_6	sp|A0A0H2ZDG9.2|	A0A0H2ZDG9	RecName: Full=HTH-type transcriptional repressor PA14_22550 [Pseudomonas aeruginosa UCBPP-PA14]	34.875	281	2.41e-44	156	NA	NA	NA
dmlR_7	sp|P30864.1|	P30864	RecName: Full=Uncharacterized HTH-type transcriptional regulator YafC [Escherichia coli K-12]	44.291	289	1.06e-84	259	NA	NA	NA
dmlR_8	sp|P76250.2|	P76250	RecName: Full=HTH-type transcriptional regulator DmlR; AltName: Full=D-malate degradation protein R [Escherichia coli K-12]	32.014	278	1.46e-34	130	NA	NA	NA
dmlR_9	sp|P43011.1|	P43011	RecName: Full=Uncharacterized HTH-type transcriptional regulator HI_1364; AltName: Full=ORF2 [Haemophilus influenzae Rd KW20]	33.214	280	4e-34	128	NA	NA	NA
dmlR_9~~~dmlR_11~~~dmlR_5	sp|P52689.1|	P52689	RecName: Full=Probable HTH-type transcriptional regulator LtrA [Klebsiella pneumoniae]	32.45	302	1.3199999999999999e-31	124	NA	NA	NA
dmoA_1	sp|E9JFX9.1|	E9JFX9	RecName: Full=Dimethyl-sulfide monooxygenase; AltName: Full=Dimethylsulfide monooxygenase large subunit [Hyphomicrobium sulfonivorans]	54.405	454	2.0399999999999998e-174	501	NA	NA	NA
dmoA_2	sp|A4IU28.1|	A4IU28	RecName: Full=Long-chain alkane monooxygenase; AltName: Full=Long-chain alkane degradation protein A [Geobacillus thermodenitrificans NG80-2]	51.893	449	5.4199999999999994e-170	488	NA	NA	NA
dnaA	sp|B0B0A5.1|	B0B0A5	RecName: Full=Chromosomal replication initiator protein DnaA [Pseudomonas [fluorescens] SBW25]	95.455	506	0	943	NA	NA	NA
dnaB_1	sp|P0ACB0.1|	P0ACB0	RecName: Full=Replicative DNA helicase DnaB; AltName: Full=DNA 5'-3' helicase DnaB [Escherichia coli K-12]	61.605	461	0	581	NA	NA	NA
dnaB_2	sp|Q8K932.1|	Q8K932	RecName: Full=Replicative DNA helicase DnaB; AltName: Full=DNA 5'-3' helicase DnaB [Buchnera aphidicola str. Sg (Schizaphis graminum)]	33.408	449	1.4500000000000001e-64	218	NA	NA	NA
dnaB_2~~~dnaB_1~~~dnaC_2	sp|Q89A52.1|	Q89A52	RecName: Full=Replicative DNA helicase DnaB; AltName: Full=DNA 5'-3' helicase DnaB [Buchnera aphidicola str. Bp (Baizongia pistaciae)]	33.11	447	2.33e-76	249	NA	NA	NA
dnaC_1	sp|P57134.1|	P57134	RecName: Full=Replicative helicase loader DnaC; AltName: Full=DNA replication protein DnaC [Buchnera aphidicola str. APS (Acyrthosiphon pisum)]	34.783	230	1.05e-21	94	NA	NA	NA
dnaC~~~dnaC_2	sp|P0AEF0.1|	P0AEF0	RecName: Full=Replicative helicase loader DnaC; AltName: Full=DNA replication protein DnaC [Escherichia coli K-12]	31.797	217	3.37e-29	113	NA	NA	NA
dnaE	sp|Q9XDH6.1|	Q9XDH6	RecName: Full=DNA polymerase III subunit alpha [Pseudomonas fluorescens]	94.373	1173	0	2292	NA	NA	NA
dnaE2	sp|Q3KBG7.1|	Q3KBG7	RecName: Full=Error-prone DNA polymerase [Pseudomonas fluorescens Pf0-1]	82.468	1021	0	1615	NA	NA	NA
dnaG	sp|P0A118.1|	P0A118	RecName: Full=DNA primase [Pseudomonas putida KT2440]	76.946	668	0	1045	NA	NA	NA
dnaJ	sp|C3K274.1|	C3K274	RecName: Full=Chaperone protein DnaJ [Pseudomonas [fluorescens] SBW25]	99.733	374	0	634	NA	NA	NA
dnaK_2	sp|Q4KIH1.1|	Q4KIH1	RecName: Full=Chaperone protein DnaK; AltName: Full=HSP70; AltName: Full=Heat shock 70 kDa protein; AltName: Full=Heat shock protein 70 [Pseudomonas protegens Pf-5]	94.671	638	0	1170	NA	NA	NA
dnaN	sp|P0A120.1|	P0A120	RecName: Full=Beta sliding clamp; Short=Beta clamp; Short=Sliding clamp; AltName: Full=Beta-clamp processivity factor; AltName: Full=DNA polymerase III beta sliding clamp subunit; AltName: Full=DNA polymerase III subunit beta [Pseudomonas putida KT2440]	92.916	367	0	660	NA	NA	NA
dnaQ	sp|P03007.1|	P03007	RecName: Full=DNA polymerase III subunit epsilon [Escherichia coli K-12]	51.029	243	2.61e-81	246	NA	NA	NA
dns	sp|Q9WVZ1.1|	Q9WVZ1	RecName: Full=Extracellular endonuclease; Flags: Precursor [Pseudomonas fluorescens bv. A]	69.672	244	3.3699999999999996e-110	318	NA	NA	NA
dpkA	sp|Q4U331.1|	Q4U331	RecName: Full=Delta(1)-pyrroline-2-carboxylate/Delta(1)-piperideine-2-carboxylate reductase; Short=Pyr2C/Pip2C reductase; AltName: Full=N-methyl-L-amino acid dehydrogenase [Pseudomonas syringae pv. tomato]	76.807	332	0	525	NA	NA	NA
dppA_1	sp|A0A0H2ZI72.1|	A0A0H2ZI72	RecName: Full=Probable di/tripeptide-binding protein 5; Flags: Precursor [Pseudomonas aeruginosa UCBPP-PA14]	75.595	504	0	778	NA	NA	NA
dppA_2	sp|A0A0H2ZGV7.1|	A0A0H2ZGV7	RecName: Full=Di/tripeptide-binding protein 4; Flags: Precursor [Pseudomonas aeruginosa UCBPP-PA14]	63.065	509	0	662	NA	NA	NA
dppA_3	sp|A0A0H2ZGV2.1|	A0A0H2ZGV2	RecName: Full=Di/tripeptide-binding protein 1; Flags: Precursor [Pseudomonas aeruginosa UCBPP-PA14]	72.15	535	0	800	NA	NA	NA
dppA_4	sp|A0A0H2ZGV2.1|	A0A0H2ZGV2	RecName: Full=Di/tripeptide-binding protein 1; Flags: Precursor [Pseudomonas aeruginosa UCBPP-PA14]	75.881	539	0	865	NA	NA	NA
dppA_5	sp|A0A0H2ZGV2.1|	A0A0H2ZGV2	RecName: Full=Di/tripeptide-binding protein 1; Flags: Precursor [Pseudomonas aeruginosa UCBPP-PA14]	71.513	509	0	799	NA	NA	NA
dppB_1	sp|A0A0H2ZGW7.1|	A0A0H2ZGW7	RecName: Full=Di/tripeptide transport system permease protein DppB [Pseudomonas aeruginosa UCBPP-PA14]	86.607	336	0	518	NA	NA	NA
dppB_2	sp|Q53191.2|	Q53191	RecName: Full=Probable peptide ABC transporter permease protein y4tP [Sinorhizobium fredii NGR234]	32.759	290	1.5599999999999998e-35	133	NA	NA	NA
dppC	sp|A0A0H2ZFV0.1|	A0A0H2ZFV0	RecName: Full=Di/tripeptide transport system permease protein DppC [Pseudomonas aeruginosa UCBPP-PA14]	87.459	303	1.0399999999999999e-133	384	NA	NA	NA
dppD	sp|A0A0H2ZGN6.1|	A0A0H2ZGN6	RecName: Full=Di/tripeptide transport ATP-binding protein DppD [Pseudomonas aeruginosa UCBPP-PA14]	80.556	324	0	536	NA	NA	NA
dsbA	sp|O52376.1|	O52376	RecName: Full=Thiol:disulfide interchange protein DsbA; Flags: Precursor [Pseudomonas syringae pv. tomato str. DC3000]	81.25	208	3.61e-125	355	NA	NA	NA
dsbB_1	sp|Q3K4T4.1|	Q3K4T4	RecName: Full=Disulfide bond formation protein B 2; AltName: Full=Disulfide oxidoreductase 2 [Pseudomonas fluorescens Pf0-1]	48.447	161	1.6e-43	145	NA	NA	NA
dsbB_2	sp|Q4K6L6.2|	Q4K6L6	RecName: Full=Disulfide bond formation protein B 1; AltName: Full=Disulfide oxidoreductase 1 [Pseudomonas protegens Pf-5]	83.333	168	1.3299999999999998e-72	218	NA	NA	NA
dsbC	sp|P55890.2|	P55890	RecName: Full=Thiol:disulfide interchange protein DsbC; Flags: Precursor [Salmonella enterica subsp. enterica serovar Typhimurium str. LT2]	47.619	210	7.909999999999999e-54	176	NA	NA	NA
dsbC_2	sp|Q2KU21.1|	Q2KU21	RecName: Full=Probable thiol:disulfide interchange protein DsbC; Flags: Precursor [Bordetella avium 197N]	34.091	88	2.96e-7	53.5	NA	NA	NA
dsbD	sp|Q9KJZ3.1|	Q9KJZ3	RecName: Full=Thiol:disulfide interchange protein DsbD; AltName: Full=Protein-disulfide reductase; Short=Disulfide reductase; Flags: Precursor [Pseudomonas sp. JR1/K1]	75.556	585	0	728	NA	NA	NA
dsbE	sp|P52237.1|	P52237	RecName: Full=Thiol:disulfide interchange protein DsbE; AltName: Full=Cytochrome c biogenesis protein CcmG [Pseudomonas fluorescens bv. C]	94.382	178	2.7199999999999997e-112	320	NA	NA	NA
dsbG	sp|Q9I106.1|	Q9I106	RecName: Full=Thiol:disulfide interchange protein DsbG; Flags: Precursor [Pseudomonas aeruginosa PAO1]	69.828	232	1.09e-114	332	NA	NA	NA
dsrE	sp|Q9I0N3.1|	Q9I0N3	RecName: Full=Sulfurtransferase TusD homolog [Pseudomonas aeruginosa PAO1]	72.093	129	1.5999999999999998e-57	177	NA	NA	NA
dtd	sp|C3K814.1|	C3K814	RecName: Full=D-aminoacyl-tRNA deacylase; Short=DTD; AltName: Full=Gly-tRNA(Ala) deacylase [Pseudomonas [fluorescens] SBW25]	96.552	145	1.36e-97	280	NA	NA	NA
dthadh	sp|B2DFG5.1|	B2DFG5	RecName: Full=D-threo-3-hydroxyaspartate dehydratase; Short=D-THA DH; Short=D-THA dehydratase; AltName: Full=Threo-3-hydroxy-D-aspartate ammonia-lyase [Delftia sp. HT23]	69.169	373	3.2599999999999997e-167	474	NA	NA	NA
dusA	sp|Q88KX0.1|	Q88KX0	RecName: Full=tRNA-dihydrouridine(20/20a) synthase; AltName: Full=U20-specific dihydrouridine synthase; Short=U20-specific Dus; AltName: Full=tRNA-dihydrouridine synthase A [Pseudomonas putida KT2440]	85.312	320	0	575	NA	NA	NA
dusB	sp|Q87VS1.1|	Q87VS1	RecName: Full=tRNA-dihydrouridine synthase B [Pseudomonas syringae pv. tomato str. DC3000]	88.131	337	0	583	NA	NA	NA
dusC	sp|Q88LF2.1|	Q88LF2	RecName: Full=tRNA-dihydrouridine(16) synthase; AltName: Full=U16-specific dihydrouridine synthase; Short=U16-specific Dus; AltName: Full=tRNA-dihydrouridine synthase C [Pseudomonas putida KT2440]	78.275	313	3.3899999999999993e-171	480	NA	NA	NA
dut	sp|C3K473.1|	C3K473	RecName: Full=Deoxyuridine 5'-triphosphate nucleotidohydrolase; Short=dUTPase; AltName: Full=dUTP pyrophosphatase [Pseudomonas [fluorescens] SBW25]	97.143	140	3.5699999999999993e-96	276	NA	NA	NA
dxr	sp|C3K601.1|	C3K601	RecName: Full=1-deoxy-D-xylulose 5-phosphate reductoisomerase; Short=DXP reductoisomerase; AltName: Full=1-deoxyxylulose-5-phosphate reductoisomerase; AltName: Full=2-C-methyl-D-erythritol 4-phosphate synthase [Pseudomonas [fluorescens] SBW25]	94.949	396	0	742	NA	NA	NA
dxs	sp|C3K2R1.1|	C3K2R1	RecName: Full=1-deoxy-D-xylulose-5-phosphate synthase; AltName: Full=1-deoxyxylulose-5-phosphate synthase; Short=DXP synthase; Short=DXPS [Pseudomonas [fluorescens] SBW25]	98.259	632	0	1245	NA	NA	NA
eamA_1	sp|F8JJ22.1|	F8JJ22	RecName: Full=Probable terminal-alkyne amino-acid exporter [Streptantibioticus cattleyicolor NRRL 8057 = DSM 46488]	33.451	284	2.8899999999999996e-32	124	NA	NA	NA
eamA_1~~~eamA_3	sp|P31125.2|	P31125	RecName: Full=Probable amino-acid metabolite efflux pump [Escherichia coli K-12]	34.576	295	1.37e-44	156	NA	NA	NA
eamB_1	sp|A8A390.1|	A8A390	RecName: Full=Cysteine/O-acetylserine efflux protein [Escherichia coli HS]	33.505	194	6.3900000000000004e-21	89	NA	NA	NA
eamB_2	sp|Q57L56.1|	Q57L56	RecName: Full=Cysteine/O-acetylserine efflux protein [Salmonella enterica subsp. enterica serovar Choleraesuis str. SC-B67]	31.481	162	7.32e-15	73.2	NA	NA	NA
eamB_3	sp|A1AEA8.1|	A1AEA8	RecName: Full=Cysteine/O-acetylserine efflux protein [Escherichia coli APEC O1]	30.387	181	4.72e-11	62.4	NA	NA	NA
ecfG	sp|B3Q6P8.1|	B3Q6P8	RecName: Full=ECF RNA polymerase sigma factor EcfG; AltName: Full=General stress response factor EcfG [Rhodopseudomonas palustris TIE-1]	35.766	137	2.59e-17	78.2	NA	NA	NA
echA8	sp|Q52995.2|	Q52995	RecName: Full=Probable enoyl-CoA hydratase [Sinorhizobium meliloti 1021]	67.315	257	4.8600000000000006e-123	353	NA	NA	NA
echA8_2	sp|P64017.1|	P64017	RecName: Full=Probable enoyl-CoA hydratase echA8 [Mycobacterium tuberculosis variant bovis AF2122/97]	61.868	257	2.5399999999999995e-112	327	NA	NA	NA
eda	sp|P00885.2|	P00885	RecName: Full=2-dehydro-3-deoxy-phosphogluconate aldolase; AltName: Full=2-keto-3-deoxy-6-phosphogluconate aldolase; Short=KDPG aldolase; AltName: Full=Phospho-2-dehydro-3-deoxygluconate aldolase; AltName: Full=Phospho-2-keto-3-deoxygluconate aldolase [Pseudomonas putida]	74.661	221	5.35e-111	320	NA	NA	NA
edd	sp|P31961.3|	P31961	RecName: Full=Phosphogluconate dehydratase; AltName: Full=6-phosphogluconate dehydratase [Pseudomonas aeruginosa PAO1]	74.507	608	0	948	NA	NA	NA
efeB	sp|Q3Z396.1|	Q3Z396	RecName: Full=Deferrochelatase; AltName: Full=Peroxidase EfeB; Flags: Precursor [Shigella sonnei Ss046]	56.867	415	4.269999999999999e-168	481	NA	NA	NA
efeO_1	sp|Q4ZR20.1|	Q4ZR20	RecName: Full=Iron uptake system component EfeM; Flags: Precursor [Pseudomonas syringae pv. syringae B728a]	85.49	255	1.1e-143	407	NA	NA	NA
efeO_2	sp|Q0WFT9.1|	Q0WFT9	RecName: Full=Iron uptake system component EfeO; Flags: Precursor [Yersinia pestis]	41.358	324	1.85e-89	278	NA	NA	NA
efeU_1	sp|Q0T618.2|	Q0T618	RecName: Full=Ferrous iron permease EfeU; AltName: Full=Fe(2+) ion permease EfeU; AltName: Full=Ferrous iron uptake protein [Shigella flexneri 5 str. 8401]	33.146	178	8.85e-8	55.1	NA	NA	NA
efeU_2	sp|Q0WFU0.1|	Q0WFU0	RecName: Full=Ferrous iron permease EfeU; AltName: Full=Fe(2+) ion permease EfeU; AltName: Full=Ferrous iron uptake protein [Yersinia pestis]	61.887	265	5.819999999999999e-89	269	NA	NA	NA
efp	sp|Q4ZQB2.1|	Q4ZQB2	RecName: Full=Elongation factor P; Short=EF-P [Pseudomonas syringae pv. syringae B728a]	97.884	189	8.41e-135	377	NA	NA	NA
ehpR	sp|Q8GPH6.1|	Q8GPH6	RecName: Full=Phenazine antibiotic resistance protein EhpR [Pantoea agglomerans]	31.897	116	9.13e-11	58.2	NA	NA	NA
elaA	sp|P0AEH3.1|	P0AEH3	RecName: Full=Protein ElaA [Escherichia coli K-12]	51.351	148	1.58e-50	161	NA	NA	NA
elbB	sp|P0ABU5.1|	P0ABU5	RecName: Full=Glyoxalase ElbB; AltName: Full=Sigma cross-reacting protein 27A; Short=SCRP-27A [Escherichia coli K-12]	59.346	214	3.8299999999999995e-87	259	NA	NA	NA
eltD_1	sp|A0QXD8.1|	A0QXD8	RecName: Full=Erythritol/L-threitol dehydrogenase [Mycolicibacterium smegmatis MC2 155]	50.704	355	3.37e-117	347	NA	NA	NA
eltD_2	sp|A0QXD8.1|	A0QXD8	RecName: Full=Erythritol/L-threitol dehydrogenase [Mycolicibacterium smegmatis MC2 155]	52.355	361	1.1399999999999998e-124	366	NA	NA	NA
emrA_1	sp|P0DPR6.1|	P0DPR6	RecName: Full=Colistin resistance protein EmrA [Acinetobacter baumannii ATCC 17978]	32.515	326	2.06e-49	173	NA	NA	NA
emrA_2	sp|P0DPR6.1|	P0DPR6	RecName: Full=Colistin resistance protein EmrA [Acinetobacter baumannii ATCC 17978]	36.982	338	2.25e-66	216	NA	NA	NA
emrA_3	sp|P27303.2|	P27303	RecName: Full=Multidrug export protein EmrA [Escherichia coli K-12]	45.845	349	5.449999999999999e-99	303	NA	NA	NA
emrA_4	sp|P0DPR6.1|	P0DPR6	RecName: Full=Colistin resistance protein EmrA [Acinetobacter baumannii ATCC 17978]	36.624	314	1.42e-50	175	NA	NA	NA
emrB_1	sp|P0DPR7.1|	P0DPR7	RecName: Full=Colistin resistance protein EmrB [Acinetobacter baumannii ATCC 17978]	32.049	493	6.78e-66	224	NA	NA	NA
emrB_2	sp|P0AEJ0.1|	P0AEJ0	RecName: Full=Multidrug export protein EmrB [Escherichia coli K-12]	49.503	503	4.4699999999999994e-157	459	NA	NA	NA
emrE	sp|Q9X2N9.1|	Q9X2N9	RecName: Full=Quaternary ammonium compound-resistance protein QacF; AltName: Full=Quaternary ammonium determinant F [Klebsiella aerogenes]	51.546	97	1.05e-20	82.8	NA	NA	NA
engB	sp|C3K6T0.1|	C3K6T0	RecName: Full=Probable GTP-binding protein EngB [Pseudomonas [fluorescens] SBW25]	98.592	213	1.9299999999999998e-156	434	NA	NA	NA
eno	sp|Q3KH92.1|	Q3KH92	RecName: Full=Enolase; AltName: Full=2-phospho-D-glycerate hydro-lyase; AltName: Full=2-phosphoglycerate dehydratase [Pseudomonas fluorescens Pf0-1]	96.97	429	0	813	NA	NA	NA
entD	sp|P19925.3|	P19925	RecName: Full=Enterobactin synthase component D; AltName: Full=4'-phosphopantetheinyl transferase EntD; AltName: Full=Enterochelin synthase D [Escherichia coli K-12]	33.333	195	4.8499999999999996e-23	95.9	NA	NA	NA
entS_1	sp|Q2FW71.1|	Q2FW71	RecName: Full=Staphyloferrin A transporter [Staphylococcus aureus subsp. aureus NCTC 8325]	34.211	152	7.53e-15	79	NA	NA	NA
envC	sp|P37690.2|	P37690	RecName: Full=Murein hydrolase activator EnvC; AltName: Full=Septal ring factor; Flags: Precursor [Escherichia coli K-12]	32.907	313	3.59e-39	149	NA	NA	NA
envZ	sp|P41406.2|	P41406	RecName: Full=Sensor histidine kinase EnvZ; AltName: Full=Osmolarity sensor protein EnvZ [Salmonella enterica subsp. enterica serovar Typhi]	33.409	440	1.21e-45	167	NA	NA	NA
epd	sp|Q3ILL8.1|	Q3ILL8	RecName: Full=D-erythrose-4-phosphate dehydrogenase; Short=E4PDH [Pseudoalteromonas translucida TAC125]	54.079	331	1.51e-126	369	NA	NA	NA
ephA_1	sp|P0DO70.1|	P0DO70	RecName: Full=Epoxide hydrolase 3; Short=SgEPH3; AltName: Full=24,25-dihydroxycucurbitadienol synthase EPH3 [Siraitia grosvenorii]	38.261	115	1.83e-20	93.6	NA	NA	NA
ephA_2~~~ephA	sp|I6YGS0.1|	I6YGS0	RecName: Full=Epoxide hydrolase A; Short=EHB; AltName: Full=Epoxide hydrolase EphA [Mycobacterium tuberculosis H37Rv]	42.395	309	9.150000000000001e-73	230	NA	NA	NA
epsF	sp|P22609.2|	P22609	RecName: Full=Type IV pilus assembly protein PilC [Pseudomonas aeruginosa PAO1]	62.432	370	3.4499999999999994e-171	486	NA	NA	NA
eptC	sp|P0CB40.1|	P0CB40	RecName: Full=Phosphoethanolamine transferase EptC [Escherichia coli RS218]	54.512	543	0	606	NA	NA	NA
era	sp|Q3KHL8.1|	Q3KHL8	RecName: Full=GTPase Era [Pseudomonas fluorescens Pf0-1]	96	300	0	599	NA	NA	NA
erpA	sp|C3K2Z6.1|	C3K2Z6	RecName: Full=Iron-sulfur cluster insertion protein ErpA [Pseudomonas [fluorescens] SBW25]	100	116	2.3999999999999998e-82	239	NA	NA	NA
esiB	sp|A0A0H2VDN9.1|	A0A0H2VDN9	RecName: Full=Secretory immunoglobulin A-binding protein EsiB; Flags: Precursor [Escherichia coli CFT073]	32.804	189	2.85e-16	80.9	NA	NA	NA
estA	sp|O33407.1|	O33407	RecName: Full=Esterase EstA; AltName: Full=Autotransporter esterase EstA; Flags: Precursor [Pseudomonas aeruginosa PAO1]	64.462	650	0	794	NA	NA	NA
estB_1	sp|Q53547.1|	Q53547	RecName: Full=Carboxylesterase 2; AltName: Full=Esterase II [Pseudomonas fluorescens]	94.037	218	2.66e-154	429	NA	NA	NA
estB_2	sp|P0CL94.1|	P0CL94	RecName: Full=Acyl-protein thioesterase 1; AltName: Full=Palmitoyl-protein hydrolase [Cryptococcus deneoformans JEC21]	30.455	220	1.92e-13	70.9	NA	NA	NA
etfA	sp|Q9HZP7.1|	Q9HZP7	RecName: Full=Electron transfer flavoprotein subunit alpha; Short=Alpha-ETF; AltName: Full=Electron transfer flavoprotein large subunit; Short=ETFLS [Pseudomonas aeruginosa PAO1]	87.702	309	4.779999999999999e-144	410	NA	NA	NA
etfB	sp|Q9HZP6.1|	Q9HZP6	RecName: Full=Electron transfer flavoprotein subunit beta; Short=Beta-ETF; AltName: Full=Electron transfer flavoprotein small subunit; Short=ETFSS [Pseudomonas aeruginosa PAO1]	92.369	249	3.8599999999999994e-162	451	NA	NA	NA
ettA_1	sp|P45127.1|	P45127	RecName: Full=Energy-dependent translational throttle protein EttA; AltName: Full=Translational regulatory factor EttA [Haemophilus influenzae Rd KW20]	72.875	553	0	780	NA	NA	NA
ettA_2	sp|A0A0H2VFI8.1|	A0A0H2VFI8	RecName: Full=Energy-dependent translational throttle protein EttA; AltName: Full=Translational regulatory factor EttA [Escherichia coli CFT073]	30.168	537	7.96e-39	152	NA	NA	NA
eutB	sp|P0AEJ6.1|	P0AEJ6	RecName: Full=Ethanolamine ammonia-lyase large subunit; Short=EAL large subunit; AltName: Full=Ethanolamine ammonia-lyase alpha subunit; AltName: Full=Ethanolamine ammonia-lyase heavy chain; AltName: Full=Ethanolamine deaminase large subunit [Escherichia coli K-12]	51.376	436	4.0599999999999995e-152	443	NA	NA	NA
eutC	sp|C3K2P6.1|	C3K2P6	RecName: Full=Ethanolamine ammonia-lyase small subunit; Short=EAL small subunit [Pseudomonas [fluorescens] SBW25]	93.382	272	0	522	NA	NA	NA
exbD_1	sp|Q05606.1|	Q05606	RecName: Full=Biopolymer transport protein ExbD [Pseudomonas putida]	80.986	142	2.6900000000000002e-79	233	NA	NA	NA
exbD_2	sp|P50599.1|	P50599	RecName: Full=Tol-Pal system protein TolR [Pseudomonas aeruginosa PAO1]	78.667	150	7.3e-81	238	NA	NA	NA
exbD_4	sp|Q9RMT1.1|	Q9RMT1	RecName: Full=Biopolymer transport protein ExbD [Pseudomonas aeruginosa PAO1]	88.722	133	8.88e-66	198	NA	NA	NA
exoA	sp|O26314.1|	O26314	RecName: Full=DNA uridine endonuclease; Short=DNA U-endo; Short=DNA U-endonuclease; AltName: Full=AP endonuclease; AltName: Full=ExoMt [Methanothermobacter thermautotrophicus str. Delta H]	31.727	249	1.28e-45	156	NA	NA	NA
exuT_1	sp|P0AA78.2|	P0AA78	RecName: Full=Hexuronate transporter; AltName: Full=Aldohexuronate transport system; Flags: Precursor [Escherichia coli K-12]	30.077	389	5.23e-41	154	NA	NA	NA
exuT_2	sp|P94774.1|	P94774	RecName: Full=Galacturonate transporter; Flags: Precursor [Dickeya chrysanthemi]	30.449	312	6.56e-39	147	NA	NA	NA
exuT_3	sp|O34456.1|	O34456	RecName: Full=Hexuronate transporter; AltName: Full=Aldohexuronate transport system [Bacillus subtilis subsp. subtilis str. 168]	30.738	244	2.09e-16	84.3	NA	NA	NA
fabA	sp|Q4KFX0.1|	Q4KFX0	RecName: Full=3-hydroxydecanoyl-[acyl-carrier-protein] dehydratase; AltName: Full=3-hydroxyacyl-[acyl-carrier-protein] dehydratase FabA; AltName: Full=Beta-hydroxydecanoyl thioester dehydrase; AltName: Full=Trans-2-decenoyl-[acyl-carrier-protein] isomerase [Pseudomonas protegens Pf-5]	98.246	171	1.4399999999999999e-124	350	NA	NA	NA
fabB	sp|Q02K94.1|	Q02K94	RecName: Full=3-oxoacyl-[acyl-carrier-protein] synthase 1; AltName: Full=3-oxoacyl-[acyl-carrier-protein] synthase I; AltName: Full=Beta-ketoacyl-ACP synthase I; Short=KAS I [Pseudomonas aeruginosa UCBPP-PA14]	88.395	405	0	691	NA	NA	NA
fabD_1	sp|P43712.1|	P43712	RecName: Full=Malonyl CoA-acyl carrier protein transacylase; Short=MCT [Haemophilus influenzae Rd KW20]	38.462	286	4.04e-35	132	NA	NA	NA
fabD_2	sp|O85140.3|	O85140	RecName: Full=Malonyl CoA-acyl carrier protein transacylase; Short=MCT [Salmonella enterica subsp. enterica serovar Typhimurium str. LT2]	62.876	299	8.16e-127	367	NA	NA	NA
fabF_1	sp|O34340.1|	O34340	RecName: Full=3-oxoacyl-[acyl-carrier-protein] synthase 2; AltName: Full=3-oxoacyl-[acyl-carrier-protein] synthase II; AltName: Full=Beta-ketoacyl-ACP synthase II; Short=KAS II [Bacillus subtilis subsp. subtilis str. 168]	38.499	413	1.67e-69	228	NA	NA	NA
fabF_2	sp|P55338.2|	P55338	RecName: Full=3-oxoacyl-[acyl-carrier-protein] synthase 2; AltName: Full=3-oxoacyl-[acyl-carrier-protein] synthase II; AltName: Full=Beta-ketoacyl-ACP synthase II; Short=KAS II [Vibrio harveyi]	64.096	415	0	523	NA	NA	NA
fabG_1	sp|Q49117.2|	Q49117	RecName: Full=Uncharacterized oxidoreductase MexAM1_META1p0182; AltName: Full=ORFC [Methylorubrum extorquens AM1]	37.247	247	3.2999999999999997e-41	144	NA	NA	NA
fabG_2	sp|P70720.1|	P70720	RecName: Full=3-oxoacyl-[acyl-carrier-protein] reductase FabG; AltName: Full=3-ketoacyl-acyl carrier protein reductase; AltName: Full=Beta-Ketoacyl-acyl carrier protein reductase; AltName: Full=Beta-ketoacyl-ACP reductase [Aggregatibacter actinomycetemcomitans]	77.686	242	6.199999999999999e-126	359	NA	NA	NA
fabG_3	sp|O67610.1|	O67610	RecName: Full=3-oxoacyl-[acyl-carrier-protein] reductase FabG; AltName: Full=3-ketoacyl-acyl carrier protein reductase; AltName: Full=Beta-Ketoacyl-acyl carrier protein reductase; AltName: Full=Beta-ketoacyl-ACP reductase [Aquifex aeolicus VF5]	41.667	180	3.4699999999999996e-42	147	NA	NA	NA
fabG_4	sp|Q8N4T8.3|	Q8N4T8	RecName: Full=3-oxoacyl-[acyl-carrier-protein] reductase; AltName: Full=3-ketoacyl-[acyl-carrier-protein] reductase beta subunit; Short=KAR beta subunit; AltName: Full=Carbonyl reductase family member 4; Short=CBR4; AltName: Full=Quinone reductase CBR4; AltName: Full=Short chain dehydrogenase/reductase family 45C member 1 [Homo sapiens]	33.333	144	5.42e-13	70.1	NA	NA	NA
fabG_5	sp|Q9KQH7.2|	Q9KQH7	RecName: Full=3-oxoacyl-[acyl-carrier-protein] reductase FabG; AltName: Full=3-ketoacyl-acyl carrier protein reductase; AltName: Full=Beta-Ketoacyl-acyl carrier protein reductase; AltName: Full=Beta-ketoacyl-ACP reductase [Vibrio cholerae O1 biovar El Tor str. N16961]	41.6	250	1.15e-45	156	NA	NA	NA
fabG_6	sp|O54438.1|	O54438	RecName: Full=3-oxoacyl-[acyl-carrier-protein] reductase FabG; AltName: Full=3-ketoacyl-acyl carrier protein reductase; AltName: Full=Beta-Ketoacyl-acyl carrier protein reductase; AltName: Full=Beta-ketoacyl-ACP reductase [Pseudomonas aeruginosa PAO1]	86.235	247	3.739999999999999e-152	426	NA	NA	NA
fabG_7	sp|Q9GKX2.1|	Q9GKX2	RecName: Full=Dehydrogenase/reductase SDR family member 4; AltName: Full=NADPH-dependent carbonyl reductase; Short=CR; Short=RACR; AltName: Full=NADPH-dependent retinol dehydrogenase/reductase; Short=NDRD; AltName: Full=Peroxisomal short-chain alcohol dehydrogenase; Short=PSCD; AltName: Full=Short chain dehydrogenase/reductase family 25C member 2; Short=Protein SDR25C2; AltName: Full=rabNRDR [Oryctolagus cuniculus]	38.525	244	1.34e-41	146	NA	NA	NA
fabH	sp|Q9CHG0.1|	Q9CHG0	RecName: Full=Beta-ketoacyl-[acyl-carrier-protein] synthase III; Short=Beta-ketoacyl-ACP synthase III; Short=KAS III; AltName: Full=3-oxoacyl-[acyl-carrier-protein] synthase 3; AltName: Full=3-oxoacyl-[acyl-carrier-protein] synthase III [Lactococcus lactis subsp. lactis Il1403]	30.982	326	4.7e-44	156	NA	NA	NA
fabR	sp|A6TGE7.1|	A6TGE7	RecName: Full=HTH-type transcriptional repressor FabR [Klebsiella pneumoniae subsp. pneumoniae MGH 78578]	40.972	144	1.04e-26	104	NA	NA	NA
fabV	sp|C3K5J5.1|	C3K5J5	RecName: Full=Enoyl-[acyl-carrier-protein] reductase [NADH]; Short=ENR [Pseudomonas [fluorescens] SBW25]	97.733	397	0	764	NA	NA	NA
fabZ	sp|C3K606.1|	C3K606	RecName: Full=3-hydroxyacyl-[acyl-carrier-protein] dehydratase FabZ; AltName: Full=(3R)-hydroxymyristoyl-[acyl-carrier-protein] dehydratase; Short=(3R)-hydroxymyristoyl-ACP dehydrase; AltName: Full=Beta-hydroxyacyl-ACP dehydratase [Pseudomonas [fluorescens] SBW25]	100	146	7.939999999999998e-107	303	NA	NA	NA
fadA_1	sp|O53871.1|	O53871	RecName: Full=Putative acyltransferase Rv0859 [Mycobacterium tuberculosis H37Rv]	65.586	401	0	523	NA	NA	NA
fadA_2	sp|O32177.1|	O32177	RecName: Full=3-ketoacyl-CoA thiolase; AltName: Full=Acetyl-CoA acyltransferase; AltName: Full=Beta-ketothiolase [Bacillus subtilis subsp. subtilis str. 168]	48.101	395	4.75e-113	338	NA	NA	NA
fadA_3	sp|Q4KFC3.1|	Q4KFC3	RecName: Full=3-ketoacyl-CoA thiolase; AltName: Full=Acetyl-CoA acyltransferase; AltName: Full=Beta-ketothiolase; AltName: Full=Fatty acid oxidation complex subunit beta [Pseudomonas protegens Pf-5]	95.908	391	0	755	NA	NA	NA
fadA_4	sp|O26884.1|	O26884	RecName: Full=Acetyl-CoA acetyltransferase; AltName: Full=Acetoacetyl-CoA thiolase [Methanothermobacter thermautotrophicus str. Delta H]	36.631	374	1.34e-71	232	NA	NA	NA
fadB	sp|C3K613.1|	C3K613	RecName: Full=Fatty acid oxidation complex subunit alpha; Includes: RecName: Full=Enoyl-CoA hydratase/Delta(3)-cis-Delta(2)-trans-enoyl-CoA isomerase/3-hydroxybutyryl-CoA epimerase; Includes: RecName: Full=3-hydroxyacyl-CoA dehydrogenase [Pseudomonas [fluorescens] SBW25]	99.301	715	0	1409	NA	NA	NA
fadD3	sp|O31826.1|	O31826	RecName: Full=Putative acyl-CoA synthetase YngI [Bacillus subtilis subsp. subtilis str. 168]	46.568	539	3.839999999999999e-176	511	NA	NA	NA
fadD_1	sp|Q8XDR6.1|	Q8XDR6	RecName: Full=Long-chain-fatty-acid--CoA ligase; AltName: Full=Long-chain acyl-CoA synthetase; Short=Acyl-CoA synthetase [Escherichia coli O157:H7]	55.37	540	0	624	NA	NA	NA
fadD_2	sp|P63521.1|	P63521	RecName: Full=Long-chain-fatty-acid--CoA ligase; AltName: Full=Long-chain acyl-CoA synthetase [Salmonella enterica subsp. enterica serovar Typhimurium str. LT2]	51.167	557	0	588	NA	NA	NA
fadD_3	sp|Q8XDR6.1|	Q8XDR6	RecName: Full=Long-chain-fatty-acid--CoA ligase; AltName: Full=Long-chain acyl-CoA synthetase; Short=Acyl-CoA synthetase [Escherichia coli O157:H7]	53.214	560	0	574	NA	NA	NA
fadD_4	sp|P69451.1|	P69451	RecName: Full=Long-chain-fatty-acid--CoA ligase; AltName: Full=Long-chain acyl-CoA synthetase; Short=Acyl-CoA synthetase [Escherichia coli K-12]	52.057	559	0	595	NA	NA	NA
fadD_5	sp|P63521.1|	P63521	RecName: Full=Long-chain-fatty-acid--CoA ligase; AltName: Full=Long-chain acyl-CoA synthetase [Salmonella enterica subsp. enterica serovar Typhimurium str. LT2]	49.58	119	5.5e-37	134	NA	NA	NA
fadD_6	sp|P63521.1|	P63521	RecName: Full=Long-chain-fatty-acid--CoA ligase; AltName: Full=Long-chain acyl-CoA synthetase [Salmonella enterica subsp. enterica serovar Typhimurium str. LT2]	59.42	138	9.12e-51	172	NA	NA	NA
fadE_1	sp|Q8ZBY6.1|	Q8ZBY6	RecName: Full=Acyl-coenzyme A dehydrogenase; Short=ACDH; Short=Acyl-CoA dehydrogenase [Yersinia pestis]	51.544	745	0	762	NA	NA	NA
fadE_2	sp|Q47146.2|	Q47146	RecName: Full=Acyl-coenzyme A dehydrogenase; Short=ACDH; Short=Acyl-CoA dehydrogenase [Escherichia coli K-12]	54.374	743	0	788	NA	NA	NA
fadH	sp|P42593.3|	P42593	RecName: Full=2,4-dienoyl-CoA reductase [(2E)-enoyl-CoA-producing]; Short=DCR; AltName: Full=2,4-dienoyl-coenzyme A reductase [NADPH] [Escherichia coli K-12]	63.476	679	0	790	NA	NA	NA
fadI_1	sp|A1RI91.1|	A1RI91	RecName: Full=3-ketoacyl-CoA thiolase; AltName: Full=ACSs; AltName: Full=Acetyl-CoA acyltransferase; AltName: Full=Acyl-CoA ligase; AltName: Full=Beta-ketothiolase; AltName: Full=Fatty acid oxidation complex subunit beta [Shewanella sp. W3-18-1]	39.765	425	6.42e-95	295	NA	NA	NA
fadI_2	sp|Q5QXN5.1|	Q5QXN5	RecName: Full=3-ketoacyl-CoA thiolase; AltName: Full=ACSs; AltName: Full=Acetyl-CoA acyltransferase; AltName: Full=Acyl-CoA ligase; AltName: Full=Beta-ketothiolase; AltName: Full=Fatty acid oxidation complex subunit beta [Idiomarina loihiensis L2TR]	42.29	428	2.7899999999999994e-101	311	NA	NA	NA
fadJ_1	sp|Q8XCP2.1|	Q8XCP2	RecName: Full=Fatty acid oxidation complex subunit alpha; Includes: RecName: Full=Enoyl-CoA hydratase/3-hydroxybutyryl-CoA epimerase; Includes: RecName: Full=3-hydroxyacyl-CoA dehydrogenase [Escherichia coli O157:H7]	37.225	728	5.96e-95	312	NA	NA	NA
fadJ_2	sp|Q58EB4.1|	Q58EB4	RecName: Full=3-hydroxyisobutyryl-CoA hydrolase, mitochondrial; AltName: Full=3-hydroxyisobutyryl-coenzyme A hydrolase; Short=HIB-CoA hydrolase; Short=HIBYL-CoA-H; Flags: Precursor [Danio rerio]	36.857	350	9.56e-56	190	NA	NA	NA
fae	sp|Q46AU8.1|	Q46AU8	RecName: Full=5,6,7,8-tetrahydromethanopterin hydro-lyase; AltName: Full=Formaldehyde-activating enzyme; Short=Fae [Methanosarcina barkeri str. Fusaro]	38.272	162	3.12e-33	119	NA	NA	NA
faeE	sp|P25402.1|	P25402	RecName: Full=Chaperone protein FanE; Flags: Precursor [Escherichia coli]	40.686	204	6.979999999999999e-52	171	NA	NA	NA
fan1	sp|Q9I2N0.1|	Q9I2N0	RecName: Full=Fanconi-associated nuclease 1 homolog; Short=PaFAN1; Short=pFAN1 [Pseudomonas aeruginosa PAO1]	60	540	0	551	NA	NA	NA
farR	sp|P62573.1|	P62573	RecName: Full=Homoprotocatechuate degradative operon repressor [Escherichia coli]	48.062	129	9.78e-38	128	NA	NA	NA
fbpA_1	sp|P35755.3|	P35755	RecName: Full=Iron-utilization periplasmic protein; AltName: Full=Fe(3+)-binding protein; AltName: Full=Iron-regulated 40 kDa protein; AltName: Full=Major ferric iron-binding protein; Short=MIRP; Flags: Precursor [Haemophilus influenzae Rd KW20]	45.714	315	5.49e-91	278	NA	NA	NA
fbpA_2	sp|P21408.1|	P21408	RecName: Full=Fe(3+)-binding periplasmic protein; AltName: Full=Iron(III)-binding periplasmic protein; Flags: Precursor [Serratia marcescens]	77.85	307	2.2999999999999995e-180	505	NA	NA	NA
fbp_1	sp|C3K7D6.1|	C3K7D6	RecName: Full=Fructose-1,6-bisphosphatase class 1; Short=FBPase class 1; AltName: Full=D-fructose-1,6-bisphosphate 1-phosphohydrolase class 1 [Pseudomonas [fluorescens] SBW25]	99.702	336	0	695	NA	NA	NA
fbp_2	sp|Q6BX45.1|	Q6BX45	RecName: Full=FK506-binding protein 1; Short=FKBP; AltName: Full=Peptidyl-prolyl cis-trans isomerase; Short=PPIase; AltName: Full=Rapamycin-binding protein [Debaryomyces hansenii CBS767]	51.923	104	3.2999999999999995e-31	109	NA	NA	NA
fbp_2~~~fbp_1	sp|Q6BX45.1|	Q6BX45	RecName: Full=FK506-binding protein 1; Short=FKBP; AltName: Full=Peptidyl-prolyl cis-trans isomerase; Short=PPIase; AltName: Full=Rapamycin-binding protein [Debaryomyces hansenii CBS767]	58.621	58	5.31e-16	69.3	NA	NA	NA
fcuA_1	sp|Q05202.1|	Q05202	RecName: Full=Ferrichrome receptor FcuA; Flags: Precursor [Yersinia enterocolitica]	36.834	676	5.03e-137	427	NA	NA	NA
fcuA_2	sp|Q05202.1|	Q05202	RecName: Full=Ferrichrome receptor FcuA; Flags: Precursor [Yersinia enterocolitica]	45.147	680	0	578	NA	NA	NA
fdhA	sp|P46154.3|	P46154	RecName: Full=Glutathione-independent formaldehyde dehydrogenase; Short=FALDH; Short=FDH; AltName: Full=Formaldehyde dismutase [Pseudomonas putida]	92.982	399	0	717	NA	NA	NA
fdhD	sp|Q7WMS0.1|	Q7WMS0	RecName: Full=Sulfur carrier protein FdhD [Bordetella bronchiseptica RB50]	40.084	237	3.56e-49	167	NA	NA	NA
fdtB	sp|Q6T1W6.1|	Q6T1W6	RecName: Full=dTDP-3-amino-3,6-dideoxy-alpha-D-galactopyranose transaminase; AltName: Full=dTDP-6-deoxy-D-xylo-hex-3-ulose aminase [Aneurinibacillus thermoaerophilus]	55.989	359	5.339999999999999e-143	413	NA	NA	NA
fdxA	sp|P00214.2|	P00214	RecName: Full=Ferredoxin-1; AltName: Full=Ferredoxin I; Short=FdI [Azotobacter vinelandii]	86.916	107	9.96e-66	196	NA	NA	NA
fdx_1	sp|P00208.3|	P00208	RecName: Full=Ferredoxin; AltName: Full=2[4Fe-4S] ferredoxin [Allochromatium vinosum DSM 180]	67.47	83	1.64e-36	120	NA	NA	NA
fdx_2	sp|P44428.2|	P44428	RecName: Full=2Fe-2S ferredoxin [Haemophilus influenzae Rd KW20]	64.602	113	7.12e-44	141	NA	NA	NA
feaB_1	sp|P80668.2|	P80668	RecName: Full=Phenylacetaldehyde dehydrogenase; Short=PAD [Escherichia coli K-12]	46.061	495	2.3e-142	421	NA	NA	NA
feaR	sp|Q00753.2|	Q00753	RecName: Full=Msm operon regulatory protein [Streptococcus mutans UA159]	39.423	104	3.01e-9	60.5	NA	NA	NA
fecA_1	sp|P13036.2|	P13036	RecName: Full=Fe(3+) dicitrate transport protein FecA; AltName: Full=Iron(III) dicitrate transport protein FecA; Flags: Precursor [Escherichia coli K-12]	63.6	750	0	957	NA	NA	NA
fecA_2	sp|P13036.2|	P13036	RecName: Full=Fe(3+) dicitrate transport protein FecA; AltName: Full=Iron(III) dicitrate transport protein FecA; Flags: Precursor [Escherichia coli K-12]	43.798	774	0	585	NA	NA	NA
fecB	sp|P15028.3|	P15028	RecName: Full=Fe(3+) dicitrate-binding periplasmic protein FecB; AltName: Full=Iron(III) dicitrate-binding periplasmic protein; Flags: Precursor [Escherichia coli K-12]	48.649	296	1.6200000000000002e-91	277	NA	NA	NA
fecC	sp|O34933.1|	O34933	RecName: Full=Fe(3+)-citrate import system permease protein YfmD; AltName: Full=Ferric-citrate import system permease protein [Bacillus subtilis subsp. subtilis str. 168]	35.689	283	1.5e-34	132	NA	NA	NA
fecD	sp|O34832.1|	O34832	RecName: Full=Fe(3+)-citrate import system permease protein YfmE; AltName: Full=Ferric-citrate import system permease protein [Bacillus subtilis subsp. subtilis str. 168]	47.297	296	8.46e-53	179	NA	NA	NA
fecE_1	sp|P15031.1|	P15031	RecName: Full=Fe(3+) dicitrate transport ATP-binding protein FecE; AltName: Full=Iron(III) dicitrate transport ATP-binding protein FecE [Escherichia coli K-12]	40.833	240	1.9499999999999997e-52	174	NA	NA	NA
fecE_2	sp|P15031.1|	P15031	RecName: Full=Fe(3+) dicitrate transport ATP-binding protein FecE; AltName: Full=Iron(III) dicitrate transport ATP-binding protein FecE [Escherichia coli K-12]	54.545	253	1.54e-93	278	NA	NA	NA
fecI_1	sp|P23484.3|	P23484	RecName: Full=Ferric citrate uptake sigma factor FecI [Escherichia coli K-12]	44.915	118	1.34e-13	67	NA	NA	NA
fecI_2	sp|P23484.3|	P23484	RecName: Full=Ferric citrate uptake sigma factor FecI [Escherichia coli K-12]	47.771	157	1.59e-42	142	NA	NA	NA
fecI_3	sp|P23484.3|	P23484	RecName: Full=Ferric citrate uptake sigma factor FecI [Escherichia coli K-12]	47.097	155	2.94e-39	134	NA	NA	NA
fecI_4	sp|P23484.3|	P23484	RecName: Full=Ferric citrate uptake sigma factor FecI [Escherichia coli K-12]	35.211	142	5.43e-20	84.7	NA	NA	NA
fecI_5	sp|P23484.3|	P23484	RecName: Full=Ferric citrate uptake sigma factor FecI [Escherichia coli K-12]	32.692	156	1.74e-11	62.4	NA	NA	NA
fecI_6	sp|P23484.3|	P23484	RecName: Full=Ferric citrate uptake sigma factor FecI [Escherichia coli K-12]	51.515	165	1.01e-44	148	NA	NA	NA
fecR_1	sp|P23485.1|	P23485	RecName: Full=Ferric citrate uptake sigma factor regulator FecR [Escherichia coli K-12]	33.546	313	7.310000000000001e-27	110	NA	NA	NA
fecR_2	sp|P23485.1|	P23485	RecName: Full=Ferric citrate uptake sigma factor regulator FecR [Escherichia coli K-12]	35.294	306	1.58e-43	154	NA	NA	NA
fecR_3	sp|P23485.1|	P23485	RecName: Full=Ferric citrate uptake sigma factor regulator FecR [Escherichia coli K-12]	33.168	202	4.02e-16	80.9	NA	NA	NA
fecR_4	sp|P23485.1|	P23485	RecName: Full=Ferric citrate uptake sigma factor regulator FecR [Escherichia coli K-12]	32.143	308	1.72e-38	141	NA	NA	NA
fetA	sp|Q0D9V6.1|	Q0D9V6	RecName: Full=Protein STAR1; AltName: Full=ABC transporter ABCI.12; Short=OsABCI12; AltName: Full=ABC transporter I family member 12; AltName: Full=Protein ALUMINUM SENSITIVE 1; AltName: Full=Protein SENSITIVE TO ALUMINUM RHIZOTOXICITY 1 [Oryza sativa Japonica Group]	39.906	213	2.73e-35	130	NA	NA	NA
fetB	sp|P74369.1|	P74369	RecName: Full=UPF0014 membrane protein slr1647 [Synechocystis sp. PCC 6803 substr. Kazusa]	41.429	210	1.1099999999999999e-39	141	NA	NA	NA
ffh	sp|P0AGD7.1|	P0AGD7	RecName: Full=Signal recognition particle protein; AltName: Full=Fifty-four homolog; Short=Ffh; AltName: Full=p48 [Escherichia coli K-12]	72.104	423	0	575	NA	NA	NA
fhuA	sp|Q47162.2|	Q47162	RecName: Full=Ferrichrysobactin receptor; Flags: Precursor [Dickeya dadantii 3937]	36.091	701	1.3199999999999998e-145	449	NA	NA	NA
fic	sp|P20605.1|	P20605	RecName: Full=Probable protein adenylyltransferase Fic; AltName: Full=Cell filamentation protein Fic [Escherichia coli K-12]	41.026	195	5.56e-51	166	NA	NA	NA
fieF	sp|Q57HF4.1|	Q57HF4	RecName: Full=Cation-efflux pump FieF [Salmonella enterica subsp. enterica serovar Choleraesuis str. SC-B67]	47.902	286	1.1600000000000001e-91	277	NA	NA	NA
fimD_1	sp|P43662.2|	P43662	RecName: Full=Outer membrane usher protein LpfC; Flags: Precursor [Salmonella enterica subsp. enterica serovar Typhimurium str. LT2]	37.367	843	3.559999999999999e-148	459	NA	NA	NA
fimD_2	sp|P37868.2|	P37868	RecName: Full=Outer membrane usher protein PefC; Flags: Precursor [Salmonella enterica subsp. enterica serovar Typhimurium str. LT2]	31.813	811	1.59e-122	390	NA	NA	NA
fis	sp|Q9HUW0.2|	Q9HUW0	RecName: Full=Putative Fis-like DNA-binding protein [Pseudomonas aeruginosa PAO1]	88.462	104	5.58e-63	189	NA	NA	NA
fixB	sp|Q1QYV9.1|	Q1QYV9	RecName: Full=Electron transfer flavoprotein subunit alpha; Short=Alpha-ETF [Chromohalobacter israelensis DSM 3043]	60.993	423	1.9799999999999996e-162	466	NA	NA	NA
fklB_1	sp|P0A9L3.2|	P0A9L3	RecName: Full=FKBP-type 22 kDa peptidyl-prolyl cis-trans isomerase; Short=FKBP22; Short=PPIase; AltName: Full=Rotamase [Escherichia coli K-12]	49.485	194	2.35e-49	162	NA	NA	NA
fklB_2	sp|P0A9L3.2|	P0A9L3	RecName: Full=FKBP-type 22 kDa peptidyl-prolyl cis-trans isomerase; Short=FKBP22; Short=PPIase; AltName: Full=Rotamase [Escherichia coli K-12]	47.03	202	1.1199999999999999e-57	185	NA	NA	NA
fkpB	sp|P21863.1|	P21863	RecName: Full=Probable FKBP-type 16 kDa peptidyl-prolyl cis-trans isomerase; Short=PPIase; AltName: Full=Rotamase [Pseudomonas fluorescens]	98.667	150	3.27e-104	297	NA	NA	NA
flgB	sp|P16437.2|	P16437	RecName: Full=Flagellar basal body rod protein FlgB; AltName: Full=Putative proximal rod protein [Salmonella enterica subsp. enterica serovar Typhimurium str. LT2]	46.97	132	1.36e-36	125	NA	NA	NA
flgC	sp|P0ABX2.1|	P0ABX2	RecName: Full=Flagellar basal-body rod protein FlgC; AltName: Full=Putative proximal rod protein [Escherichia coli K-12]	41.333	150	1.37e-23	92.4	NA	NA	NA
flgD	sp|P75936.1|	P75936	RecName: Full=Basal-body rod modification protein FlgD [Escherichia coli K-12]	41.463	164	1.77e-20	89.7	NA	NA	NA
flgE	sp|P75937.3|	P75937	RecName: Full=Flagellar hook protein FlgE [Escherichia coli K-12]	35.697	423	4.16e-63	212	NA	NA	NA
flgF	sp|P75938.1|	P75938	RecName: Full=Flagellar basal-body rod protein FlgF; AltName: Full=Putative proximal rod protein [Escherichia coli K-12]	39.683	252	5.3e-44	151	NA	NA	NA
flgG	sp|P0A1J3.1|	P0A1J3	RecName: Full=Flagellar basal-body rod protein FlgG; AltName: Full=Distal rod protein [Salmonella enterica subsp. enterica serovar Typhimurium str. LT2]	58.301	259	6.349999999999999e-106	310	NA	NA	NA
flgH	sp|C3K0W0.1|	C3K0W0	RecName: Full=Flagellar L-ring protein; AltName: Full=Basal body L-ring protein; Flags: Precursor [Pseudomonas [fluorescens] SBW25]	96.97	231	8.13e-164	454	NA	NA	NA
flgI	sp|Q4KG91.2|	Q4KG91	RecName: Full=Flagellar P-ring protein; AltName: Full=Basal body P-ring protein; Flags: Precursor [Pseudomonas protegens Pf-5]	96.467	368	0	644	NA	NA	NA
flhA	sp|P76298.1|	P76298	RecName: Full=Flagellar biosynthesis protein FlhA [Escherichia coli K-12]	53.253	661	0	557	NA	NA	NA
flhB_1	sp|P40727.1|	P40727	RecName: Full=Flagellar biosynthetic protein FlhB [Salmonella enterica subsp. enterica serovar Typhimurium str. LT2]	41.226	359	1.5200000000000001e-77	246	NA	NA	NA
flhB_2	sp|O34867.1|	O34867	RecName: Full=Uncharacterized protein YlqH [Bacillus subtilis subsp. subtilis str. 168]	45.882	85	5.52e-17	72.8	NA	NA	NA
flhF	sp|O52256.1|	O52256	RecName: Full=Flagellar biosynthesis protein FlhF; AltName: Full=Flagella-associated GTP-binding protein [Pseudomonas putida]	86.56	439	0	731	NA	NA	NA
fliA	sp|P29248.1|	P29248	RecName: Full=RNA polymerase sigma factor FliA; AltName: Full=RNA polymerase sigma factor for flagellar operon; AltName: Full=Sigma F; AltName: Full=Sigma-28 [Pseudomonas aeruginosa PAO1]	83.197	244	1.32e-142	402	NA	NA	NA
fliC	sp|P72151.2|	P72151	RecName: Full=B-type flagellin [Pseudomonas aeruginosa PAO1]	56.656	323	1.08e-73	243	NA	NA	NA
fliD	sp|O33421.1|	O33421	RecName: Full=A-type flagellar hook-associated protein 2; Short=HAP2; AltName: Full=Filament cap protein; AltName: Full=Flagellar cap protein [Pseudomonas aeruginosa]	33.962	477	2.68e-59	205	NA	NA	NA
fliE	sp|C3K0U6.1|	C3K0U6	RecName: Full=Flagellar hook-basal body complex protein FliE [Pseudomonas [fluorescens] SBW25]	98.165	109	1.72e-72	213	NA	NA	NA
fliF	sp|Q51463.2|	Q51463	RecName: Full=Flagellar M-ring protein [Pseudomonas aeruginosa PAO1]	74.667	600	0	795	NA	NA	NA
fliG	sp|Q51464.2|	Q51464	RecName: Full=Flagellar motor switch protein FliG [Pseudomonas aeruginosa PAO1]	88.166	338	0	612	NA	NA	NA
fliI	sp|Q9I4N1.1|	Q9I4N1	RecName: Full=Flagellum-specific ATP synthase [Pseudomonas aeruginosa PAO1]	87.248	447	0	783	NA	NA	NA
fliJ	sp|P52613.2|	P52613	RecName: Full=Flagellar FliJ protein [Escherichia coli K-12]	30.714	140	4.68e-11	60.5	NA	NA	NA
fliM	sp|Q51465.2|	Q51465	RecName: Full=Flagellar motor switch protein FliM [Pseudomonas aeruginosa PAO1]	89.097	321	0	588	NA	NA	NA
fliN	sp|Q51466.2|	Q51466	RecName: Full=Flagellar motor switch protein FliN [Pseudomonas aeruginosa PAO1]	86.792	106	1.24e-57	179	NA	NA	NA
fliP_1	sp|Q51468.2|	Q51468	RecName: Full=Flagellar biosynthetic protein FliP [Pseudomonas aeruginosa PAO1]	84.163	221	6.379999999999999e-130	370	NA	NA	NA
fliP_2	sp|Q60236.1|	Q60236	RecName: Full=Harpin secretion protein HrpW [Pseudomonas syringae pv. syringae]	72.917	192	1.8399999999999998e-88	262	NA	NA	NA
fliQ	sp|Q8KA36.1|	Q8KA36	RecName: Full=Flagellar biosynthetic protein FliQ [Buchnera aphidicola str. Sg (Schizaphis graminum)]	39.773	88	2.01e-15	68.2	NA	NA	NA
fliR	sp|P34202.1|	P34202	RecName: Full=Flagellar biosynthetic protein FliR; AltName: Full=Flagellar biosynthetic protein MopE [Pectobacterium carotovorum subsp. carotovorum]	38.71	217	3.34e-36	132	NA	NA	NA
fliS	sp|Q9I4N6.1|	Q9I4N6	RecName: Full=Flagellar secretion chaperone FliSB; AltName: Full=B-type flagellar protein FliS [Pseudomonas aeruginosa PAO1]	51.969	127	1.21e-34	119	NA	NA	NA
fliY_1	sp|P0AEM9.1|	P0AEM9	RecName: Full=L-cystine-binding protein TcyJ; Short=CBP; AltName: Full=Protein FliY; AltName: Full=Sulfate starvation-induced protein 7; Short=SSI7; Flags: Precursor [Escherichia coli K-12]	35.211	142	9.15e-17	78.2	NA	NA	NA
fliY_2	sp|P45024.1|	P45024	RecName: Full=Probable amino-acid ABC transporter-binding protein HI_1080; Flags: Precursor [Haemophilus influenzae Rd KW20]	30.37	135	1.24e-8	58.2	NA	NA	NA
fliY_3	sp|O34563.1|	O34563	RecName: Full=ABC transporter glutamine-binding protein GlnH; Flags: Precursor [Bacillus subtilis subsp. subtilis str. 168]	30.288	208	1.35e-19	89	NA	NA	NA
fliY_4	sp|P0AEM9.1|	P0AEM9	RecName: Full=L-cystine-binding protein TcyJ; Short=CBP; AltName: Full=Protein FliY; AltName: Full=Sulfate starvation-induced protein 7; Short=SSI7; Flags: Precursor [Escherichia coli K-12]	31.278	227	3.0699999999999996e-31	119	NA	NA	NA
fliY_5	sp|P0AEM9.1|	P0AEM9	RecName: Full=L-cystine-binding protein TcyJ; Short=CBP; AltName: Full=Protein FliY; AltName: Full=Sulfate starvation-induced protein 7; Short=SSI7; Flags: Precursor [Escherichia coli K-12]	65.665	233	7.19e-108	315	NA	NA	NA
fmdA	sp|Q50228.1|	Q50228	RecName: Full=Formamidase; AltName: Full=Formamide amidohydrolase [Methylophilus methylotrophus]	67.413	402	0	534	NA	NA	NA
fmt	sp|Q3KKE6.1|	Q3KKE6	RecName: Full=Methionyl-tRNA formyltransferase [Pseudomonas fluorescens Pf0-1]	92.994	314	0	594	NA	NA	NA
folB	sp|P0AC16.1|	P0AC16	RecName: Full=Dihydroneopterin aldolase; Short=DHNA; AltName: Full=7,8-dihydroneopterin 2'-epimerase; AltName: Full=7,8-dihydroneopterin aldolase; AltName: Full=7,8-dihydroneopterin epimerase; AltName: Full=Dihydroneopterin epimerase [Escherichia coli K-12]	49.565	115	7.6e-27	99	NA	NA	NA
folC	sp|P08192.2|	P08192	RecName: Full=Dihydrofolate synthase/folylpolyglutamate synthase; Short=DHFS / FPGS; AltName: Full=Folylpoly-gamma-glutamate synthetase-dihydrofolate synthetase; AltName: Full=Folylpolyglutamate synthetase; AltName: Full=Tetrahydrofolylpolyglutamate synthase [Escherichia coli K-12]	48.219	421	3.75e-100	308	NA	NA	NA
folD	sp|Q3K9W7.1|	Q3K9W7	RecName: Full=Bifunctional protein FolD; Includes: RecName: Full=Methylenetetrahydrofolate dehydrogenase; Includes: RecName: Full=Methenyltetrahydrofolate cyclohydrolase [Pseudomonas fluorescens Pf0-1]	94.346	283	0	548	NA	NA	NA
folE2	sp|C3K4H5.1|	C3K4H5	RecName: Full=GTP cyclohydrolase FolE2 [Pseudomonas [fluorescens] SBW25]	89.933	298	0	551	NA	NA	NA
folE_1	sp|Q884Q3.1|	Q884Q3	RecName: Full=GTP cyclohydrolase 1 2; AltName: Full=GTP cyclohydrolase I 2; Short=GTP-CH-I 2 [Pseudomonas syringae pv. tomato str. DC3000]	95.028	181	3.17e-127	357	NA	NA	NA
folE_2	sp|Q887V1.1|	Q887V1	RecName: Full=GTP cyclohydrolase 1 1; AltName: Full=GTP cyclohydrolase I 1; Short=GTP-CH-I 1 [Pseudomonas syringae pv. tomato str. DC3000]	88.172	186	5.55e-113	322	NA	NA	NA
folE_3	sp|Q88JY1.1|	Q88JY1	RecName: Full=GTP cyclohydrolase 1 2; AltName: Full=GTP cyclohydrolase I 2; Short=GTP-CH-I 2 [Pseudomonas putida KT2440]	85.326	184	2.8e-118	335	NA	NA	NA
folK_1	sp|O66550.1|	O66550	RecName: Full=2-amino-4-hydroxy-6-hydroxymethyldihydropteridine pyrophosphokinase; AltName: Full=6-hydroxymethyl-7,8-dihydropterin pyrophosphokinase; Short=PPPK; AltName: Full=7,8-dihydro-6-hydroxymethylpterin-pyrophosphokinase; Short=HPPK [Aquifex aeolicus VF5]	33.103	145	1.12e-14	70.9	NA	NA	NA
folK_2	sp|Q9HV71.1|	Q9HV71	RecName: Full=2-amino-4-hydroxy-6-hydroxymethyldihydropteridine pyrophosphokinase; AltName: Full=6-hydroxymethyl-7,8-dihydropterin pyrophosphokinase; Short=PPPK; AltName: Full=7,8-dihydro-6-hydroxymethylpterin-pyrophosphokinase; Short=HPPK [Pseudomonas aeruginosa PAO1]	64.198	162	1.2099999999999998e-52	167	NA	NA	NA
folM	sp|A6T8N3.1|	A6T8N3	RecName: Full=Dihydromonapterin reductase; Short=H(2)-MPt reductase; AltName: Full=Dihydrofolate reductase; Short=DHFR [Klebsiella pneumoniae subsp. pneumoniae MGH 78578]	51.073	233	4.37e-75	230	NA	NA	NA
folP	sp|P0AC13.1|	P0AC13	RecName: Full=Dihydropteroate synthase; Short=DHPS; AltName: Full=Dihydropteroate pyrophosphorylase [Escherichia coli K-12]	59.551	267	4.0699999999999995e-96	287	NA	NA	NA
folX	sp|Q9HYG7.1|	Q9HYG7	RecName: Full=Dihydroneopterin triphosphate 2'-epimerase; AltName: Full=D-erythro-7,8-dihydroneopterin triphosphate epimerase [Pseudomonas aeruginosa PAO1]	82.927	123	1.3900000000000001e-58	179	NA	NA	NA
fosA	sp|Q56415.1|	Q56415	RecName: Full=Glutathione transferase FosA; AltName: Full=Fosfomycin resistance protein [Serratia marcescens]	63.235	136	2.67e-49	157	NA	NA	NA
fpr_1	sp|P28901.3|	P28901	RecName: Full=Flavodoxin/ferredoxin--NADP reductase; AltName: Full=Ferredoxin (flavodoxin):NADP(+) oxidoreductase; AltName: Full=Ferredoxin--NADP reductase; Short=FNR; AltName: Full=Flavodoxin--NADP reductase; Short=FLDR [Shigella flexneri]	45.082	244	2.46e-63	201	NA	NA	NA
fpr_2	sp|Q44532.3|	Q44532	RecName: Full=Ferredoxin--NADP reductase; Short=FNR; AltName: Full=NADPH:ferredoxin reductase; AltName: Full=Protein X [Azotobacter vinelandii]	82.239	259	2.67e-161	450	NA	NA	NA
fpuC	sp|Q81LM1.1|	Q81LM1	RecName: Full=Petrobactin import ATP-binding protein FpuC [Bacillus anthracis]	38.261	230	1.7199999999999999e-43	151	NA	NA	NA
fpvA_1	sp|P48632.2|	P48632	RecName: Full=Ferripyoverdine receptor; Flags: Precursor [Pseudomonas aeruginosa PAO1]	38.719	718	2.2599999999999996e-157	479	NA	NA	NA
fpvA_2	sp|P48632.2|	P48632	RecName: Full=Ferripyoverdine receptor; Flags: Precursor [Pseudomonas aeruginosa PAO1]	67.485	815	0	1122	NA	NA	NA
frc	sp|A0A2I6PIZ1.1|	A0A2I6PIZ1	RecName: Full=Acetyl-coenzyme A transferase nodX; AltName: Full=Nodulisporic acid biosynthesis cluster protein X [Hypoxylon pulicicidum]	35.176	199	8.2e-25	110	NA	NA	NA
frmA	sp|P73138.1|	P73138	RecName: Full=S-(hydroxymethyl)glutathione dehydrogenase; AltName: Full=Alcohol dehydrogenase class-3; AltName: Full=Alcohol dehydrogenase class-III; AltName: Full=Glutathione-dependent formaldehyde dehydrogenase; Short=FALDH; Short=FDH; Short=GSH-FDH [Synechocystis sp. PCC 6803 substr. Kazusa]	73.442	369	0	553	NA	NA	NA
frmR	sp|P55757.1|	P55757	RecName: Full=Uncharacterized protein in bioA 5'region [Serratia marcescens]	40.659	91	1.67e-19	78.6	NA	NA	NA
frr	sp|C3K5Z8.1|	C3K5Z8	RecName: Full=Ribosome-recycling factor; Short=RRF; AltName: Full=Ribosome-releasing factor [Pseudomonas [fluorescens] SBW25]	95.676	185	9.549999999999999e-128	359	NA	NA	NA
fruA	sp|Q9KM72.1|	Q9KM72	RecName: Full=PTS system fructose-specific EIIB'BC component; Includes: RecName: Full=PTS system fructose-specific EIIB component; AltName: Full=EIII-Fru; AltName: Full=Fructose-specific phosphotransferase enzyme IIB component; Includes: RecName: Full=PTS system fructose-specific EIIC component; AltName: Full=Fructose permease IIC component [Vibrio cholerae O1 biovar El Tor str. N16961]	59.227	569	8.65e-170	497	NA	NA	NA
fsr	sp|P52067.1|	P52067	RecName: Full=Fosmidomycin resistance protein [Escherichia coli K-12]	60.053	378	2.49e-127	375	NA	NA	NA
ftsA	sp|P47203.2|	P47203	RecName: Full=Cell division protein FtsA [Pseudomonas aeruginosa PAO1]	90.714	420	0	728	NA	NA	NA
ftsB	sp|Q9HXZ6.1|	Q9HXZ6	RecName: Full=Cell division protein FtsB [Pseudomonas aeruginosa PAO1]	80.435	92	6.2599999999999994e-37	122	NA	NA	NA
ftsE	sp|P0A9R7.1|	P0A9R7	RecName: Full=Cell division ATP-binding protein FtsE [Escherichia coli K-12]	54.378	217	1.1e-81	246	NA	NA	NA
ftsH_1	sp|P63343.1|	P63343	RecName: Full=ATP-dependent zinc metalloprotease FtsH [Salmonella enterica subsp. enterica serovar Typhimurium str. LT2]	66.932	629	0	778	NA	NA	NA
ftsH_2	sp|P55530.1|	P55530	RecName: Full=Uncharacterized AAA family ATPase y4kL [Sinorhizobium fredii NGR234]	32.267	344	4.7e-44	157	NA	NA	NA
ftsI	sp|G3XD46.1|	G3XD46	RecName: Full=Peptidoglycan D,D-transpeptidase FtsI; AltName: Full=Penicillin-binding protein 3; Short=PBP-3 [Pseudomonas aeruginosa PAO1]	78.815	557	0	894	NA	NA	NA
ftsK	sp|Q9Z3U1.1|	Q9Z3U1	RecName: Full=DNA translocase FtsK [Pseudomonas syringae pv. syringae B728a]	88.369	791	0	1388	NA	NA	NA
ftsL	sp|Q9HVZ6.1|	Q9HVZ6	RecName: Full=Cell division protein FtsL [Pseudomonas aeruginosa PAO1]	76.289	97	2.15e-39	129	NA	NA	NA
ftsQ	sp|G3XDA7.1|	G3XDA7	RecName: Full=Cell division protein FtsQ [Pseudomonas aeruginosa PAO1]	74.101	278	1.29e-135	387	NA	NA	NA
ftsW	sp|C3KCS9.1|	C3KCS9	RecName: Full=Probable peptidoglycan glycosyltransferase FtsW; Short=PGT; AltName: Full=Cell division protein FtsW; AltName: Full=Cell wall polymerase; AltName: Full=Peptidoglycan polymerase; Short=PG polymerase [Pseudomonas [fluorescens] SBW25]	95.062	405	0	624	NA	NA	NA
ftsX	sp|Q9R9Y4.1|	Q9R9Y4	RecName: Full=Cell division protein FtsX [Pseudomonas putida]	82.991	341	4.79e-164	464	NA	NA	NA
ftsY	sp|P10121.1|	P10121	RecName: Full=Signal recognition particle receptor FtsY; Short=SRP receptor [Escherichia coli K-12]	68.852	305	3.1999999999999997e-137	407	NA	NA	NA
ftsZ	sp|Q59692.3|	Q59692	RecName: Full=Cell division protein FtsZ [Pseudomonas putida KT2440]	91.771	401	0	640	NA	NA	NA
fucA_1	sp|Q8GHB1.1|	Q8GHB1	RecName: Full=4-hydroxy-3-prenylphenylpyruvate oxygenase/4-hydroxy-3-prenylbenzoate synthase; AltName: Full=Bifunctional non-heme iron oxygenase; AltName: Full=Clorobiocin biosynthesis protein CloR [Streptomyces roseochromogenus subsp. oscitans]	31.472	197	2.34e-16	79.7	NA	NA	NA
fucA_2	sp|Q9HYH5.1|	Q9HYH5	RecName: Full=Putative aldolase class 2 protein PA3430 [Pseudomonas aeruginosa PAO1]	83.133	249	5.089999999999999e-158	442	NA	NA	NA
fucP	sp|P11551.3|	P11551	RecName: Full=L-fucose-proton symporter; AltName: Full=6-deoxy-L-galactose permease; AltName: Full=L-fucose permease; AltName: Full=L-fucose-H(+) symport protein [Escherichia coli K-12]	40	410	5.46e-92	288	NA	NA	NA
fumA	sp|P40720.3|	P40720	RecName: Full=Fumarate hydratase class I, aerobic; AltName: Full=Fumarase A; AltName: Full=Oxaloacetate keto--enol-isomerase; Short=OAAKE isomerase; AltName: Full=Oxaloacetate tautomerase [Salmonella enterica subsp. enterica serovar Typhimurium str. LT2]	34.071	452	4.22e-52	189	NA	NA	NA
fumC_1	sp|Q885V0.1|	Q885V0	RecName: Full=Fumarate hydratase class II; Short=Fumarase C; AltName: Full=Aerobic fumarase; AltName: Full=Iron-independent fumarase [Pseudomonas syringae pv. tomato str. DC3000]	88.069	461	0	788	NA	NA	NA
fumC_2	sp|Q51404.1|	Q51404	RecName: Full=Fumarate hydratase class II 2; Short=Fumarase C 2; AltName: Full=Aerobic fumarase 2; AltName: Full=Iron-independent fumarase 2 [Pseudomonas aeruginosa PAO1]	76.856	458	0	653	NA	NA	NA
fur	sp|O68563.1|	O68563	RecName: Full=Ferric uptake regulation protein; Short=Ferric uptake regulator [Pseudomonas fluorescens]	97.561	123	2.87e-84	245	NA	NA	NA
fusA	sp|C3K2X9.1|	C3K2X9	RecName: Full=Elongation factor G; Short=EF-G [Pseudomonas [fluorescens] SBW25]	100	701	0	1406	NA	NA	NA
gabD	sp|P46562.2|	P46562	RecName: Full=Putative aldehyde dehydrogenase family 7 member A1 homolog; AltName: Full=ALH-9 [Caenorhabditis elegans]	53.782	476	1.47e-154	453	NA	NA	NA
gabD1~~~aldh	sp|O32507.1|	O32507	RecName: Full=Succinate-semialdehyde dehydrogenase [NADP(+)]; Short=SSDH [Deinococcus radiodurans R1 = ATCC 13939 = DSM 20539]	48.222	450	2.3799999999999998e-150	440	NA	NA	NA
gabP_1	sp|O34618.1|	O34618	RecName: Full=Uncharacterized amino acid permease YtnA [Bacillus subtilis subsp. subtilis str. 168]	38.445	463	4.3e-109	333	NA	NA	NA
gabP_2	sp|P25527.1|	P25527	RecName: Full=Gamma-aminobutyric acid permease; Short=GABA permease; AltName: Full=4-aminobutyrate carrier; AltName: Full=4-aminobutyrate permease; AltName: Full=Gamma-aminobutyrate permease [Escherichia coli K-12]	67.873	442	0	540	NA	NA	NA
gabR_1	sp|P49309.1|	P49309	RecName: Full=Probable rhizopine catabolism regulatory protein MocR [Sinorhizobium meliloti]	36.456	491	3.29e-76	251	NA	NA	NA
gabR_3	sp|P49309.1|	P49309	RecName: Full=Probable rhizopine catabolism regulatory protein MocR [Sinorhizobium meliloti]	34.874	476	3.05e-88	282	NA	NA	NA
gabR_3~~~gabR_2	sp|P49309.1|	P49309	RecName: Full=Probable rhizopine catabolism regulatory protein MocR [Sinorhizobium meliloti]	35.794	447	4.99e-77	252	NA	NA	NA
gacA	sp|P32967.1|	P32967	RecName: Full=Response regulator GacA; AltName: Full=Global activator; AltName: Full=Global antibiotic and cyanide control protein [Pseudomonas protegens CHA0]	94.301	193	1.6099999999999998e-130	368	NA	NA	NA
gadA	sp|Q5E5Y7.1|	Q5E5Y7	RecName: Full=Glutamate decarboxylase [Aliivibrio fischeri ES114]	60.129	464	0	615	NA	NA	NA
gamP	sp|O34521.1|	O34521	RecName: Full=PTS system N-acetylglucosamine-specific EIICB component; AltName: Full=EIICB-Nag; Includes: RecName: Full=N-acetylglucosamine permease IIC component; AltName: Full=PTS system N-acetylglucosamine-specific EIIC component; Includes: RecName: Full=N-acetylglucosamine-specific phosphotransferase enzyme IIB component; AltName: Full=PTS system N-acetylglucosamine-specific EIIB component [Bacillus subtilis subsp. subtilis str. 168]	51.415	424	1.7099999999999999e-118	361	NA	NA	NA
gap2	sp|Q02PG5.1|	Q02PG5	RecName: Full=Glyceraldehyde-3-phosphate dehydrogenase-like protein [Pseudomonas aeruginosa UCBPP-PA14]	87.636	461	0	800	NA	NA	NA
gapA	sp|P27726.3|	P27726	RecName: Full=Glyceraldehyde-3-phosphate dehydrogenase; Short=GAPDH; AltName: Full=NAD-dependent glyceraldehyde-3-phosphate dehydrogenase [Pseudomonas aeruginosa PAO1]	77.846	325	0	540	NA	NA	NA
gapN	sp|Q9SNX8.1|	Q9SNX8	RecName: Full=NADP-dependent glyceraldehyde-3-phosphate dehydrogenase; AltName: Full=Glyceraldehyde-3-phosphate dehydrogenase [NADP(+)]; AltName: Full=Non-phosphorylating glyceraldehyde 3-phosphate dehydrogenase; AltName: Full=Triosephosphate dehydrogenase; AltName: Full=nr-G3PDH [Apium graveolens]	31.106	434	1.11e-58	206	NA	NA	NA
garB	sp|P23189.1|	P23189	RecName: Full=Glutathione reductase; Short=GR; Short=GRase [Pseudomonas aeruginosa PAO1]	82.405	449	0	728	NA	NA	NA
garD	sp|P42240.3|	P42240	RecName: Full=Probable galactarate dehydratase (L-threo-forming); Short=GalcD [Bacillus subtilis subsp. subtilis str. 168]	65.029	509	0	697	NA	NA	NA
garK	sp|P44507.1|	P44507	RecName: Full=Glycerate kinase [Haemophilus influenzae Rd KW20]	51.206	373	1.52e-113	338	NA	NA	NA
gatA~~~gatA_1	sp|C3K6Y4.1|	C3K6Y4	RecName: Full=Glutamyl-tRNA(Gln) amidotransferase subunit A; Short=Glu-ADT subunit A [Pseudomonas [fluorescens] SBW25]	98.344	483	0	932	NA	NA	NA
gatB	sp|C3K6Y3.1|	C3K6Y3	RecName: Full=Aspartyl/glutamyl-tRNA(Asn/Gln) amidotransferase subunit B; Short=Asp/Glu-ADT subunit B [Pseudomonas [fluorescens] SBW25]	96.881	481	0	964	NA	NA	NA
gatC	sp|C3K6Y5.1|	C3K6Y5	RecName: Full=Aspartyl/glutamyl-tRNA(Asn/Gln) amidotransferase subunit C; Short=Asp/Glu-ADT subunit C [Pseudomonas [fluorescens] SBW25]	95.789	95	1.31e-60	182	NA	NA	NA
gbpA	sp|P9WEM3.1|	P9WEM3	RecName: Full=AA10 family lytic polysaccharide monooxygenase CBP21; Short=LPMO CBP21; Flags: Precursor [Serratia marcescens]	34.146	205	6.63e-22	91.7	NA	NA	NA
gbsA	sp|Q9STS1.1|	Q9STS1	RecName: Full=Aminoaldehyde dehydrogenase ALDH10A9, peroxisomal; AltName: Full=4-trimethylammoniobutyraldehyde dehydrogenase ALDH10A9; AltName: Full=Aldehyde dehydrogenase family 10 member A9; AltName: Full=Aminobutyraldehyde dehydrogenase ALDH10A9; AltName: Full=Betaine aldehyde dehydrogenase ALDH10A9; AltName: Full=Gamma-guanidinobutyraldehyde dehydrogenase ALDH10A8 [Arabidopsis thaliana]	46.862	478	5.73e-144	425	NA	NA	NA
gbuA	sp|Q9I3S3.1|	Q9I3S3	RecName: Full=Guanidinobutyrase [Pseudomonas aeruginosa PAO1]	90.282	319	0	592	NA	NA	NA
gcd	sp|P05465.1|	P05465	RecName: Full=Quinoprotein glucose dehydrogenase A; AltName: Full=GDH-A; AltName: Full=Glucose dehydrogenase A [pyrroloquinoline-quinone]; AltName: Full=Quinoprotein glucose DH; Flags: Precursor [Acinetobacter calcoaceticus]	49.333	750	0	674	NA	NA	NA
gcl	sp|P0AEP7.2|	P0AEP7	RecName: Full=Glyoxylate carboligase; AltName: Full=Tartronate-semialdehyde synthase [Escherichia coli K-12]	72.881	590	0	935	NA	NA	NA
gcvA_1	sp|P0A9F6.1|	P0A9F6	RecName: Full=Glycine cleavage system transcriptional activator; AltName: Full=Gcv operon activator [Escherichia coli K-12]	33.898	295	2.24e-42	151	NA	NA	NA
gcvA_10	sp|P45099.1|	P45099	RecName: Full=Glycine cleavage system transcriptional activator homolog [Haemophilus influenzae Rd KW20]	30.976	297	4.98e-34	129	NA	NA	NA
gcvA_11	sp|P14145.1|	P14145	RecName: Full=HTH-type transcriptional activator AmpR [Rhodobacter capsulatus]	33.446	296	1.7599999999999998e-32	125	NA	NA	NA
gcvA_11~~~gcvA_9	sp|P45099.1|	P45099	RecName: Full=Glycine cleavage system transcriptional activator homolog [Haemophilus influenzae Rd KW20]	31.507	292	2.8999999999999996e-37	137	NA	NA	NA
gcvA_12	sp|P0A9F6.1|	P0A9F6	RecName: Full=Glycine cleavage system transcriptional activator; AltName: Full=Gcv operon activator [Escherichia coli K-12]	33.447	293	1.1999999999999999e-52	177	NA	NA	NA
gcvA_2	sp|P0A9F6.1|	P0A9F6	RecName: Full=Glycine cleavage system transcriptional activator; AltName: Full=Gcv operon activator [Escherichia coli K-12]	35.135	296	4.07e-49	168	NA	NA	NA
gcvA_4	sp|P0A9F6.1|	P0A9F6	RecName: Full=Glycine cleavage system transcriptional activator; AltName: Full=Gcv operon activator [Escherichia coli K-12]	32.051	312	8.92e-40	144	NA	NA	NA
gcvA_6	sp|P0A9F6.1|	P0A9F6	RecName: Full=Glycine cleavage system transcriptional activator; AltName: Full=Gcv operon activator [Escherichia coli K-12]	35.517	290	6.069999999999999e-55	184	NA	NA	NA
gcvA_6~~~gcvA_3	sp|P0A9F6.1|	P0A9F6	RecName: Full=Glycine cleavage system transcriptional activator; AltName: Full=Gcv operon activator [Escherichia coli K-12]	33.219	292	1.2499999999999998e-42	151	NA	NA	NA
gcvA_7	sp|P0A9F6.1|	P0A9F6	RecName: Full=Glycine cleavage system transcriptional activator; AltName: Full=Gcv operon activator [Escherichia coli K-12]	35.862	290	5.65e-48	165	NA	NA	NA
gcvA_8	sp|P0A9F6.1|	P0A9F6	RecName: Full=Glycine cleavage system transcriptional activator; AltName: Full=Gcv operon activator [Escherichia coli K-12]	31.119	286	6.62e-33	125	NA	NA	NA
gcvH_1	sp|Q88CI8.1|	Q88CI8	RecName: Full=Glycine cleavage system H protein 2 [Pseudomonas putida KT2440]	81.102	127	2.75e-70	209	NA	NA	NA
gcvH_2	sp|Q88P64.1|	Q88P64	RecName: Full=Glycine cleavage system H protein 1 [Pseudomonas putida KT2440]	86.614	127	7e-76	223	NA	NA	NA
gcvP	sp|C3JYR1.1|	C3JYR1	RecName: Full=Glycine dehydrogenase (decarboxylating); AltName: Full=Glycine cleavage system P-protein; AltName: Full=Glycine decarboxylase; AltName: Full=Glycine dehydrogenase (aminomethyl-transferring) [Pseudomonas [fluorescens] SBW25]	97.674	946	0	1763	NA	NA	NA
gcvT_1	sp|Q88AS0.1|	Q88AS0	RecName: Full=Aminomethyltransferase; AltName: Full=Glycine cleavage system T protein [Pseudomonas syringae pv. tomato str. DC3000]	81.944	360	0	578	NA	NA	NA
gcvT_2	sp|Q54DD3.1|	Q54DD3	RecName: Full=Aminomethyltransferase, mitochondrial; AltName: Full=Glycine cleavage system T protein; Short=GCVT; Flags: Precursor [Dictyostelium discoideum]	45.103	388	6.32e-108	325	NA	NA	NA
gdh	sp|Q9X248.1|	Q9X248	RecName: Full=3-oxoacyl-[acyl-carrier-protein] reductase FabG; AltName: Full=3-ketoacyl-acyl carrier protein reductase; AltName: Full=Beta-Ketoacyl-acyl carrier protein reductase; AltName: Full=Beta-ketoacyl-ACP reductase [Thermotoga maritima MSB8]	40.637	251	3.1e-51	170	NA	NA	NA
gdhA	sp|P15111.2|	P15111	RecName: Full=NADP-specific glutamate dehydrogenase; Short=NADP-GDH [Salmonella enterica subsp. enterica serovar Typhimurium str. LT2]	66.742	442	0	631	NA	NA	NA
gdhB	sp|Q9HZE0.1|	Q9HZE0	RecName: Full=NAD-specific glutamate dehydrogenase; Short=NAD-GDH; AltName: Full=NAD(+)-dependent glutamate dehydrogenase [Pseudomonas aeruginosa PAO1]	82.859	1616	0	2697	NA	NA	NA
gdhI_1	sp|P12310.2|	P12310	RecName: Full=Glucose 1-dehydrogenase [Bacillus subtilis subsp. subtilis str. 168]	42.424	231	2.15e-60	194	NA	NA	NA
gdhI_2	sp|Q51576.1|	Q51576	RecName: Full=Uncharacterized oxidoreductase PA3106 [Pseudomonas aeruginosa PAO1]	76.829	246	4.0199999999999995e-112	325	NA	NA	NA
gdx	sp|Q8FAL8.2|	Q8FAL8	RecName: Full=Guanidinium exporter [Escherichia coli CFT073]	63.107	103	7.65e-28	100	NA	NA	NA
gdx_2	sp|Q7MZY0.1|	Q7MZY0	RecName: Full=Guanidinium exporter [Photorhabdus laumondii subsp. laumondii TTO1]	65.385	104	3.16e-26	96.3	NA	NA	NA
ggt_1	sp|P36267.1|	P36267	RecName: Full=Glutathione hydrolase proenzyme; AltName: Full=Gamma-glutamyltranspeptidase proenzyme; Contains: RecName: Full=Glutathione hydrolase large chain; Contains: RecName: Full=Glutathione hydrolase small chain; Flags: Precursor [Pseudomonas sp. A14]	81.043	575	0	913	NA	NA	NA
ggt_2	sp|P54422.1|	P54422	RecName: Full=Glutathione hydrolase proenzyme; AltName: Full=Gamma-glutamyltranspeptidase proenzyme; Contains: RecName: Full=Glutathione hydrolase large chain; Contains: RecName: Full=Glutathione hydrolase small chain; Flags: Precursor [Bacillus subtilis subsp. subtilis str. 168]	34.744	567	3.36e-79	264	NA	NA	NA
ghrA_1	sp|Q7N571.1|	Q7N571	RecName: Full=Glyoxylate/hydroxypyruvate reductase A; AltName: Full=2-ketoacid reductase [Photorhabdus laumondii subsp. laumondii TTO1]	31.651	218	6.29e-28	113	NA	NA	NA
ghrA_2	sp|Q9X1C1.1|	Q9X1C1	RecName: Full=Hydroxypyruvate reductase; Short=HPR [Thermotoga maritima MSB8]	32.883	222	1.13e-20	93.6	NA	NA	NA
ghrB_1	sp|A8G7S7.1|	A8G7S7	RecName: Full=Glyoxylate/hydroxypyruvate reductase B [Serratia proteamaculans 568]	49.691	324	1.1e-105	315	NA	NA	NA
ghrB_2	sp|B7LTG7.1|	B7LTG7	RecName: Full=Glyoxylate/hydroxypyruvate reductase B [Escherichia fergusonii ATCC 35469]	60.185	324	9.869999999999998e-133	383	NA	NA	NA
glaR	sp|P54988.2|	P54988	RecName: Full=Nta operon transcriptional regulator [Aminobacter aminovorans]	33.88	183	3.09e-14	72.4	NA	NA	NA
glcA	sp|Q46839.1|	Q46839	RecName: Full=Glycolate permease GlcA [Escherichia coli K-12]	76.554	563	0	699	NA	NA	NA
glcB	sp|O05137.1|	O05137	RecName: Full=Malate synthase G [Pseudomonas fluorescens]	97.379	725	0	1406	NA	NA	NA
glcB_2	sp|Q87Z72.1|	Q87Z72	RecName: Full=Malate synthase G 2 [Pseudomonas syringae pv. tomato str. DC3000]	70.718	724	0	1022	NA	NA	NA
glcC	sp|P0ACL7.1|	P0ACL7	RecName: Full=Putative L-lactate dehydrogenase operon regulatory protein [Escherichia coli K-12]	33.721	172	6.75e-6	49.3	NA	NA	NA
glcC_2	sp|P0ACL5.1|	P0ACL5	RecName: Full=Glc operon transcriptional activator; AltName: Full=Glc regulatory protein; AltName: Full=HTH-type transcriptional regulator GlcC [Escherichia coli K-12]	63.158	247	1.48e-103	303	NA	NA	NA
glgA	sp|Q3KD65.2|	Q3KD65	RecName: Full=Glycogen synthase; AltName: Full=Starch [bacterial glycogen] synthase [Pseudomonas fluorescens Pf0-1]	91.116	484	0	885	NA	NA	NA
glgB	sp|Q3KD78.1|	Q3KD78	RecName: Full=1,4-alpha-glucan branching enzyme GlgB; AltName: Full=1,4-alpha-D-glucan:1,4-alpha-D-glucan 6-glucosyl-transferase; AltName: Full=Alpha-(1->4)-glucan branching enzyme; AltName: Full=Glycogen branching enzyme; Short=BE [Pseudomonas fluorescens Pf0-1]	84.946	744	0	1323	NA	NA	NA
glgE2	sp|Q9I1W4.1|	Q9I1W4	RecName: Full=Alpha-1,4-glucan:maltose-1-phosphate maltosyltransferase; Short=GMPMT; AltName: Full=(1->4)-alpha-D-glucan:maltose-1-phosphate alpha-D-maltosyltransferase [Pseudomonas aeruginosa PAO1]	65.278	648	0	885	NA	NA	NA
glgX	sp|P0A4Y5.1|	P0A4Y5	RecName: Full=Glycogen operon protein GlgX homolog [Mycobacterium tuberculosis variant bovis AF2122/97]	49.858	702	0	689	NA	NA	NA
glk	sp|B7V9H3.1|	B7V9H3	RecName: Full=Glucokinase; AltName: Full=Glucose kinase [Pseudomonas aeruginosa LESB58]	53.481	316	1.0599999999999999e-88	273	NA	NA	NA
glmM	sp|C3K264.1|	C3K264	RecName: Full=Phosphoglucosamine mutase [Pseudomonas [fluorescens] SBW25]	98.202	445	0	847	NA	NA	NA
glmS	sp|Q87TT8.2|	Q87TT8	RecName: Full=Glutamine--fructose-6-phosphate aminotransferase [isomerizing]; AltName: Full=D-fructose-6-phosphate amidotransferase; AltName: Full=GFAT; AltName: Full=Glucosamine-6-phosphate synthase; AltName: Full=Hexosephosphate aminotransferase; AltName: Full=L-glutamine--D-fructose-6-phosphate amidotransferase [Pseudomonas syringae pv. tomato str. DC3000]	88.871	611	0	1040	NA	NA	NA
glmU_1	sp|Q975F9.1|	Q975F9	RecName: Full=Bifunctional sugar-1-phosphate nucleotidylyltransferase/acetyltransferase; Includes: RecName: Full=Sugar-1-phosphate nucleotidylyltransferase; Short=Sugar-1-P NTase; AltName: Full=Glucose-1-phosphate thymidylyltransferase; AltName: Full=Glucose-1-phosphate uridylyltransferase; Short=Glc-1-P UTase; AltName: Full=N-acetylgalactosamine-1-phosphate uridyltransferase; Short=GalNAc-1-P UTase; AltName: Full=N-acetylglucosamine-1-phosphate uridyltransferase; Short=GlcNAc-1-P UTase; Includes: RecName: Full=Sugar-1-phosphate acetyltransferase; AltName: Full=Galactosamine-1-phosphate N-acetyltransferase; Short=GalN-1-P AcTase; Short=GalN-1-P acetyltransferase; AltName: Full=Glucosamine-1-phosphate N-acetyltransferase; Short=GlcN-1-P AcTase; Short=GlcN-1-P acetyltransferase [Sulfurisphaera tokodaii str. 7]	33.333	159	9.56e-15	75.1	NA	NA	NA
glmU_2	sp|C3K1E4.1|	C3K1E4	RecName: Full=Bifunctional protein GlmU; Includes: RecName: Full=UDP-N-acetylglucosamine pyrophosphorylase; AltName: Full=N-acetylglucosamine-1-phosphate uridyltransferase; Includes: RecName: Full=Glucosamine-1-phosphate N-acetyltransferase [Pseudomonas [fluorescens] SBW25]	97.363	455	0	903	NA	NA	NA
glnA	sp|Q3V5W6.1|	Q3V5W6	RecName: Full=Glutamine synthetase; Short=GS; AltName: Full=Glutamate--ammonia ligase; AltName: Full=Glutamine synthetase I beta; Short=GSI beta [Pseudomonas taetrolens]	94.017	468	0	926	NA	NA	NA
glnD	sp|C3K5E4.1|	C3K5E4	RecName: Full=Bifunctional uridylyltransferase/uridylyl-removing enzyme; Short=UTase/UR; AltName: Full=Bifunctional [protein-PII] modification enzyme; AltName: Full=Bifunctional nitrogen sensor protein; Includes: RecName: Full=[Protein-PII] uridylyltransferase; Short=PII uridylyltransferase; Short=UTase; Includes: RecName: Full=[Protein-PII]-UMP uridylyl-removing enzyme; Short=UR [Pseudomonas [fluorescens] SBW25]	99.333	900	0	1805	NA	NA	NA
glnE	sp|Q87VD5.1|	Q87VD5	RecName: Full=Bifunctional glutamine synthetase adenylyltransferase/adenylyl-removing enzyme; AltName: Full=ATP:glutamine synthetase adenylyltransferase; AltName: Full=ATase; Includes: RecName: Full=Glutamine synthetase adenylyl-L-tyrosine phosphorylase; AltName: Full=Adenylyl removase; Short=AR; Short=AT-N; Includes: RecName: Full=Glutamine synthetase adenylyl transferase; AltName: Full=Adenylyl transferase; Short=AT; Short=AT-C [Pseudomonas syringae pv. tomato str. DC3000]	82.335	985	0	1497	NA	NA	NA
glnG	sp|P41789.2|	P41789	RecName: Full=DNA-binding transcriptional regulator NtrC; AltName: Full=Nitrogen regulation protein NR(I); AltName: Full=Nitrogen regulator I; Short=NRI [Salmonella enterica subsp. enterica serovar Typhimurium str. LT2]	69.828	464	0	641	NA	NA	NA
glnH	sp|O34563.1|	O34563	RecName: Full=ABC transporter glutamine-binding protein GlnH; Flags: Precursor [Bacillus subtilis subsp. subtilis str. 168]	35.217	230	9.09e-40	142	NA	NA	NA
glnK	sp|Q52905.1|	Q52905	RecName: Full=Nitrogen regulatory protein P-II [Sinorhizobium meliloti 1021]	73.214	112	4.4499999999999995e-48	152	NA	NA	NA
glnL	sp|P19906.1|	P19906	RecName: Full=Sensory histidine kinase/phosphatase NtrB; AltName: Full=Nitrogen regulation protein NR(II); AltName: Full=Nitrogen regulator II; Short=NRII [Vibrio alginolyticus]	49.128	344	1.67e-111	332	NA	NA	NA
glnM	sp|P55660.1|	P55660	RecName: Full=Probable amino-acid ABC transporter permease protein y4tF [Sinorhizobium fredii NGR234]	33.529	170	1.44e-17	82	NA	NA	NA
glnP_1	sp|P0AEQ6.1|	P0AEQ6	RecName: Full=Glutamine transport system permease protein GlnP [Escherichia coli K-12]	37.838	222	1.86e-39	138	NA	NA	NA
glnP_2	sp|P0AEQ6.1|	P0AEQ6	RecName: Full=Glutamine transport system permease protein GlnP [Escherichia coli K-12]	33.175	211	6.1e-31	116	NA	NA	NA
glnP_3	sp|P52625.2|	P52625	RecName: Full=Probable amino-acid ABC transporter permease protein PatM [Vibrio harveyi]	34.343	198	2e-28	109	NA	NA	NA
glnP_4	sp|P0AEQ6.1|	P0AEQ6	RecName: Full=Glutamine transport system permease protein GlnP [Escherichia coli K-12]	36.538	208	1.05e-28	110	NA	NA	NA
glnQ_1	sp|P48243.2|	P48243	RecName: Full=Glutamate transport ATP-binding protein GluA; AltName: Full=Glutamate uptake system protein GluA [Corynebacterium glutamicum ATCC 13032]	54.393	239	7.12e-92	273	NA	NA	NA
glnQ_2	sp|O34677.1|	O34677	RecName: Full=Glutamine transport ATP-binding protein GlnQ [Bacillus subtilis subsp. subtilis str. 168]	63.964	222	1.9699999999999997e-101	297	NA	NA	NA
glnQ_3	sp|P21629.1|	P21629	RecName: Full=High-affinity branched-chain amino acid transport ATP-binding protein BraF [Pseudomonas aeruginosa PAO1]	53.047	279	2.25e-100	297	NA	NA	NA
glnQ_4	sp|P0AAG3.1|	P0AAG3	RecName: Full=Glutamate/aspartate import ATP-binding protein GltL [Escherichia coli K-12]	76.955	243	7.349999999999999e-129	367	NA	NA	NA
glnQ_5	sp|P45769.1|	P45769	RecName: Full=Uncharacterized amino-acid ABC transporter ATP-binding protein YhdZ [Escherichia coli K-12]	78.346	254	5.2e-155	434	NA	NA	NA
glnQ_6	sp|Q8NQU4.2|	Q8NQU4	RecName: Full=Arginine transport ATP-binding protein ArgV [Corynebacterium glutamicum ATCC 13032]	59.438	249	9.939999999999998e-106	309	NA	NA	NA
glnQ_7	sp|Q8NQU4.2|	Q8NQU4	RecName: Full=Arginine transport ATP-binding protein ArgV [Corynebacterium glutamicum ATCC 13032]	51.406	249	1.72e-75	233	NA	NA	NA
glnQ_8	sp|O34677.1|	O34677	RecName: Full=Glutamine transport ATP-binding protein GlnQ [Bacillus subtilis subsp. subtilis str. 168]	56.904	239	1.89e-92	275	NA	NA	NA
glnS	sp|Q87YQ1.1|	Q87YQ1	RecName: Full=Glutamine--tRNA ligase; AltName: Full=Glutaminyl-tRNA synthetase; Short=GlnRS [Pseudomonas syringae pv. tomato str. DC3000]	90.248	564	0	1073	NA	NA	NA
gloA	sp|P16635.3|	P16635	RecName: Full=Lactoylglutathione lyase; AltName: Full=Aldoketomutase; AltName: Full=Glyoxalase I; Short=Glx I; AltName: Full=Ketone-aldehyde mutase; AltName: Full=Methylglyoxalase; AltName: Full=S-D-lactoylglutathione methylglyoxal lyase [Pseudomonas putida]	81.503	173	3.08e-104	299	NA	NA	NA
gloB	sp|C3K9Q0.1|	C3K9Q0	RecName: Full=Hydroxyacylglutathione hydrolase; AltName: Full=Glyoxalase II; Short=Glx II [Pseudomonas [fluorescens] SBW25]	87.451	255	3.979999999999999e-164	457	NA	NA	NA
gloC	sp|Q57544.1|	Q57544	RecName: Full=Hydroxyacylglutathione hydrolase GloC; AltName: Full=Accessory type II glyoxalase; AltName: Full=Glyoxalase II 2; Short=GlxII-2 [Haemophilus influenzae Rd KW20]	37.5	208	1.34e-40	140	NA	NA	NA
glpD	sp|O83004.1|	O83004	RecName: Full=Glycerol-3-phosphate dehydrogenase [Pseudomonas tolaasii]	92.442	516	0	909	NA	NA	NA
glpE_1	sp|C3K330.1|	C3K330	RecName: Full=Thiosulfate sulfurtransferase GlpE [Pseudomonas [fluorescens] SBW25]	90.826	109	3.38e-69	205	NA	NA	NA
glpE_2	sp|P9WMN6.1|	P9WMN6	RecName: Full=Probable adenylyltransferase/sulfurtransferase MoeZ; Includes: RecName: Full=Sulfur carrier protein CysO adenylyltransferase; Includes: RecName: Full=Sulfur carrier protein CysO sulfurtransferase [Mycobacterium tuberculosis CDC1551]	43.49	384	9.01e-91	289	NA	NA	NA
glpE_3	sp|P73801.1|	P73801	RecName: Full=Uncharacterized protein slr1261 [Synechocystis sp. PCC 6803 substr. Kazusa]	33.333	102	1.42e-6	52	NA	NA	NA
glpF	sp|Q51389.2|	Q51389	RecName: Full=Glycerol uptake facilitator protein; AltName: Full=Glycerol diffusion facilitator [Pseudomonas aeruginosa PAO1]	86.29	248	3.5999999999999996e-133	380	NA	NA	NA
glpG	sp|Q664J1.1|	Q664J1	RecName: Full=Rhomboid protease GlpG; AltName: Full=Intramembrane serine protease [Yersinia pseudotuberculosis IP 32953]	32	225	2.49e-12	68.9	NA	NA	NA
glpK	sp|C3KBM0.1|	C3KBM0	RecName: Full=Glycerol kinase; AltName: Full=ATP:glycerol 3-phosphotransferase; AltName: Full=Glycerokinase; Short=GK [Pseudomonas [fluorescens] SBW25]	98.603	501	0	966	NA	NA	NA
glpQ	sp|P37965.1|	P37965	RecName: Full=Glycerophosphodiester phosphodiesterase; Short=Glycerophosphoryl diester phosphodiesterase; AltName: Full=Teichoicase; Flags: Precursor [Bacillus subtilis subsp. subtilis str. 168]	32.024	331	1.02e-41	150	NA	NA	NA
glpR	sp|Q51391.2|	Q51391	RecName: Full=Glycerol-3-phosphate regulon repressor [Pseudomonas aeruginosa PAO1]	78.486	251	6.21e-136	385	NA	NA	NA
glpT	sp|P08194.1|	P08194	RecName: Full=Glycerol-3-phosphate transporter; Short=G-3-P transporter; AltName: Full=G-3-P permease [Escherichia coli K-12]	73.611	432	0	606	NA	NA	NA
glsA2	sp|C3JXF9.1|	C3JXF9	RecName: Full=Glutaminase [Pseudomonas [fluorescens] SBW25]	97.682	302	0	563	NA	NA	NA
gltA	sp|P14165.2|	P14165	RecName: Full=Citrate synthase [Pseudomonas aeruginosa PAO1]	89.72	428	0	818	NA	NA	NA
gltB	sp|E1V8I1.1|	E1V8I1	RecName: Full=Glutamate synthase [NADPH] large chain; AltName: Full=GOGAT; AltName: Full=Glutamate synthase subunit alpha; Short=GLTS alpha chain [Halomonas elongata DSM 2581]	64.911	1462	0	2017	NA	NA	NA
gltC_1	sp|P52684.1|	P52684	RecName: Full=Malonate utilization transcriptional regulator [Klebsiella pneumoniae]	47.157	299	1.24e-93	282	NA	NA	NA
gltC_2	sp|P39592.1|	P39592	RecName: Full=Uncharacterized HTH-type transcriptional regulator YwbI [Bacillus subtilis subsp. subtilis str. 168]	36.678	289	1.55e-63	205	NA	NA	NA
gltC_3	sp|P39592.1|	P39592	RecName: Full=Uncharacterized HTH-type transcriptional regulator YwbI [Bacillus subtilis subsp. subtilis str. 168]	34.932	292	7.959999999999999e-57	188	NA	NA	NA
gltC_4	sp|O32255.1|	O32255	RecName: Full=Uncharacterized HTH-type transcriptional regulator YvbU [Bacillus subtilis subsp. subtilis str. 168]	30.233	301	3.15e-30	118	NA	NA	NA
gltC_5	sp|P52662.1|	P52662	RecName: Full=HTH-type transcriptional regulator PecT; AltName: Full=Pectinase gene transcriptional regulator [Dickeya dadantii 3937]	47.826	276	5.77e-91	275	NA	NA	NA
gltD	sp|E1V8I0.1|	E1V8I0	RecName: Full=Glutamate synthase [NADPH] small chain; AltName: Full=GOGAT; AltName: Full=Glutamate synthase subunit beta; Short=GLTS beta chain [Halomonas elongata DSM 2581]	77.966	472	0	708	NA	NA	NA
gltF_1	sp|P28721.1|	P28721	RecName: Full=Protein GltF; Flags: Precursor [Escherichia coli K-12]	30.328	244	1.99e-11	64.7	NA	NA	NA
gltF_4~~~gltF_3	sp|P28721.1|	P28721	RecName: Full=Protein GltF; Flags: Precursor [Escherichia coli K-12]	34.286	140	1.43e-11	65.5	NA	NA	NA
gltI_1	sp|Q9I402.1|	Q9I402	RecName: Full=L-glutamate/L-aspartate-binding protein; Flags: Precursor [Pseudomonas aeruginosa PAO1]	62.545	275	4.43e-122	354	NA	NA	NA
gltI_2	sp|Q9I402.1|	Q9I402	RecName: Full=L-glutamate/L-aspartate-binding protein; Flags: Precursor [Pseudomonas aeruginosa PAO1]	73.927	303	5.92e-154	435	NA	NA	NA
gltJ	sp|P0AER3.1|	P0AER3	RecName: Full=Glutamate/aspartate import permease protein GltJ [Escherichia coli K-12]	54.435	248	1.7399999999999997e-88	265	NA	NA	NA
gltK	sp|P0AER5.1|	P0AER5	RecName: Full=Glutamate/aspartate import permease protein GltK [Escherichia coli K-12]	54.054	222	3.43e-74	227	NA	NA	NA
gltK_2	sp|P0AER5.1|	P0AER5	RecName: Full=Glutamate/aspartate import permease protein GltK [Escherichia coli K-12]	30.455	220	1.5e-27	107	NA	NA	NA
gltP_1	sp|P21345.2|	P21345	RecName: Full=Glutamate/aspartate-proton symporter GltP; AltName: Full=Glutamate-aspartate carrier protein; AltName: Full=Proton-glutamate-aspartate transport protein [Escherichia coli K-12]	73.759	423	0	550	NA	NA	NA
gltR_1	sp|P94501.3|	P94501	RecName: Full=HTH-type transcriptional regulator GltR [Bacillus subtilis subsp. subtilis str. 168]	35.069	288	1.3699999999999998e-47	163	NA	NA	NA
gltR_2	sp|P77309.1|	P77309	RecName: Full=Uncharacterized HTH-type transcriptional regulator YneJ [Escherichia coli K-12]	48.043	281	3.8799999999999996e-95	285	NA	NA	NA
gltR_3	sp|P77309.1|	P77309	RecName: Full=Uncharacterized HTH-type transcriptional regulator YneJ [Escherichia coli K-12]	62.898	283	6.95e-136	389	NA	NA	NA
gltS_1~~~gltS_2~~~gltS	sp|P0AER8.1|	P0AER8	RecName: Full=Sodium/glutamate symporter; AltName: Full=Glutamate permease [Escherichia coli K-12]	68.17	399	2.66e-120	357	NA	NA	NA
gltX	sp|Q4KF16.1|	Q4KF16	RecName: Full=Glutamate--tRNA ligase; AltName: Full=Glutamyl-tRNA synthetase; Short=GluRS [Pseudomonas protegens Pf-5]	95.74	493	0	986	NA	NA	NA
gluQ	sp|Q4K5Z0.1|	Q4K5Z0	RecName: Full=Glutamyl-Q tRNA(Asp) synthetase; Short=Glu-Q-RSs [Pseudomonas protegens Pf-5]	82.653	294	5.4299999999999995e-173	483	NA	NA	NA
glxR	sp|P77161.1|	P77161	RecName: Full=2-hydroxy-3-oxopropionate reductase; AltName: Full=Tartronate semialdehyde reductase; Short=TSAR [Escherichia coli K-12]	63.574	291	2.6999999999999997e-131	377	NA	NA	NA
glyA_1	sp|Q3K5K9.1|	Q3K5K9	RecName: Full=Serine hydroxymethyltransferase 3; Short=SHMT 3; Short=Serine methylase 3 [Pseudomonas fluorescens Pf0-1]	95.683	417	0	827	NA	NA	NA
glyA_2	sp|Q48DU7.1|	Q48DU7	RecName: Full=Serine hydroxymethyltransferase 1; Short=SHMT 1; Short=Serine methylase 1 [Pseudomonas savastanoi pv. phaseolicola 1448A]	97.602	417	0	844	NA	NA	NA
glyQ	sp|Q4KKR7.1|	Q4KKR7	RecName: Full=Glycine--tRNA ligase alpha subunit; AltName: Full=Glycyl-tRNA synthetase alpha subunit; Short=GlyRS [Pseudomonas protegens Pf-5]	99.369	317	0	654	NA	NA	NA
glyS	sp|C3KE40.1|	C3KE40	RecName: Full=Glycine--tRNA ligase beta subunit; AltName: Full=Glycyl-tRNA synthetase beta subunit; Short=GlyRS [Pseudomonas [fluorescens] SBW25]	97.657	683	0	1298	NA	NA	NA
gmd	sp|Q9JRN5.1|	Q9JRN5	RecName: Full=GDP-mannose 4,6-dehydratase; AltName: Full=GDP-D-mannose dehydratase [Aggregatibacter actinomycetemcomitans]	72.965	344	0	550	NA	NA	NA
gmhA	sp|C3KBY0.1|	C3KBY0	RecName: Full=Phosphoheptose isomerase; AltName: Full=Sedoheptulose 7-phosphate isomerase [Pseudomonas [fluorescens] SBW25]	99.492	197	3.2999999999999997e-137	384	NA	NA	NA
gmhB	sp|Q88RS0.1|	Q88RS0	RecName: Full=D-glycero-beta-D-manno-heptose-1,7-bisphosphate 7-phosphatase; AltName: Full=D,D-heptose 1,7-bisphosphate phosphatase; Short=HBP phosphatase [Pseudomonas putida KT2440]	78.857	175	4.26e-102	294	NA	NA	NA
gmk	sp|Q3K4L8.1|	Q3K4L8	RecName: Full=Guanylate kinase; AltName: Full=GMP kinase [Pseudomonas fluorescens Pf0-1]	90.291	206	4.439999999999999e-130	367	NA	NA	NA
gno	sp|P50199.1|	P50199	RecName: Full=Gluconate 5-dehydrogenase; AltName: Full=D-gluconate 5-dehydrogenase (NADP); AltName: Full=Gluconate:NADP 5-oxidoreductase; Short=GNO [Gluconobacter oxydans 621H]	62.302	252	3.819999999999999e-101	298	NA	NA	NA
gntR	sp|Q9I1F6.1|	Q9I1F6	RecName: Full=HTH-type transcriptional regulator GntR [Pseudomonas aeruginosa PAO1]	78.235	340	0	553	NA	NA	NA
gntT_1	sp|Q9ZIJ1.1|	Q9ZIJ1	RecName: Full=Gluconate permease [Pseudomonas aeruginosa PAO1]	85.111	450	0	636	NA	NA	NA
gntT_2	sp|Q9Z670.1|	Q9Z670	RecName: Full=Gluconate permease [Zymomonas mobilis subsp. mobilis ZM4 = ATCC 31821]	50.594	421	4.8499999999999995e-146	427	NA	NA	NA
gntT_3	sp|Q9ZIJ1.1|	Q9ZIJ1	RecName: Full=Gluconate permease [Pseudomonas aeruginosa PAO1]	42.227	431	1.47e-80	259	NA	NA	NA
gnu	sp|Q56623.1|	Q56623	RecName: Full=UDP-glucose 4-epimerase; AltName: Full=Galactowaldenase; AltName: Full=UDP-galactose 4-epimerase [Vibrio cholerae]	49.521	313	1.76e-94	286	NA	NA	NA
golD_1	sp|Q21929.2|	Q21929	RecName: Full=L-xylulose reductase; Short=XR; AltName: Full=Dicarbonyl/L-xylulose reductase; Short=DCXR; AltName: Full=Short-chain dehydrogenase 21 [Caenorhabditis elegans]	44	250	2.6799999999999998e-56	183	NA	NA	NA
golD_2	sp|Q92EU6.1|	Q92EU6	RecName: Full=NAD-dependent glycerol dehydrogenase; AltName: Full=Dha-forming NAD-dependent glycerol dehydrogenase [Listeria innocua Clip11262]	55.02	249	1.16e-95	283	NA	NA	NA
gpFI_2	sp|P22501.2|	P22501	RecName: Full=Tail sheath protein; Short=TSP; AltName: Full=Major tail sheath protein; AltName: Full=Protein FI [Bacteriophage P2]	63.544	395	0	518	NA	NA	NA
gph	sp|Q4K4Z4.1|	Q4K4Z4	RecName: Full=Phosphoglycolate phosphatase; Short=PGP; Short=PGPase [Pseudomonas protegens Pf-5]	88.971	272	1.87e-179	497	NA	NA	NA
gph_2	sp|P77625.2|	P77625	RecName: Full=Hexitol phosphatase A; AltName: Full=Mannitol-1-phosphatase; AltName: Full=Sorbitol-6-phosphatase; AltName: Full=Sugar-phosphatase [Escherichia coli K-12]	36.932	176	1.05e-15	76.3	NA	NA	NA
gpmI	sp|Q3KJH9.1|	Q3KJH9	RecName: Full=2,3-bisphosphoglycerate-independent phosphoglycerate mutase; Short=BPG-independent PGAM; Short=Phosphoglyceromutase; Short=iPGM [Pseudomonas fluorescens Pf0-1]	90.748	508	0	864	NA	NA	NA
gpr	sp|Q8X529.1|	Q8X529	RecName: Full=L-glyceraldehyde 3-phosphate reductase; Short=L-GAP reductase; AltName: Full=Aldo-keto reductase YqhE [Escherichia coli O157:H7]	66.957	345	9.359999999999998e-167	471	NA	NA	NA
gpsA	sp|C3K747.1|	C3K747	RecName: Full=Glycerol-3-phosphate dehydrogenase [NAD(P)+]; AltName: Full=NAD(P)(+)-dependent glycerol-3-phosphate dehydrogenase; AltName: Full=NAD(P)H-dependent dihydroxyacetone-phosphate reductase [Pseudomonas [fluorescens] SBW25]	98.534	341	0	651	NA	NA	NA
gpx1	sp|P38143.1|	P38143	RecName: Full=Glutathione peroxidase-like peroxiredoxin 2; AltName: Full=Glutathione peroxidase homolog 2; Short=GPx 2 [Saccharomyces cerevisiae S288C]	58.125	160	1.7499999999999998e-66	202	NA	NA	NA
greA_1	sp|Q1GUG9.1|	Q1GUG9	RecName: Full=Transcription elongation factor GreA; AltName: Full=Transcript cleavage factor GreA [Sphingopyxis alaskensis RB2256]	39.048	105	3.54e-17	77	NA	NA	NA
greA_2	sp|Q87WP5.1|	Q87WP5	RecName: Full=Transcription elongation factor GreA; AltName: Full=Transcript cleavage factor GreA [Pseudomonas syringae pv. tomato str. DC3000]	90.506	158	2.4400000000000003e-100	288	NA	NA	NA
greB	sp|Q883T5.1|	Q883T5	RecName: Full=Transcription elongation factor GreB; AltName: Full=Transcript cleavage factor GreB [Pseudomonas syringae pv. tomato str. DC3000]	79.355	155	2.7e-88	257	NA	NA	NA
groL	sp|C3K1A0.1|	C3K1A0	RecName: Full=Chaperonin GroEL; AltName: Full=60 kDa chaperonin; AltName: Full=Chaperonin-60; Short=Cpn60 [Pseudomonas [fluorescens] SBW25]	98.864	528	0	918	NA	NA	NA
groS	sp|Q3K7L5.1|	Q3K7L5	RecName: Full=Co-chaperonin GroES; AltName: Full=10 kDa chaperonin; AltName: Full=Chaperonin-10; Short=Cpn10 [Pseudomonas fluorescens Pf0-1]	91.667	96	1.0099999999999999e-57	175	NA	NA	NA
group_0	sp|P09489.1|	P09489	RecName: Full=Extracellular serine protease; Flags: Precursor [Serratia marcescens]	32.026	612	8.44e-63	239	NA	NA	NA
group_1	sp|C7BKP9.1|	C7BKP9	RecName: Full=Toxin PAU_02230; AltName: Full=Photorhabdus asymbiotica toxin; Short=PaTox; Includes: RecName: Full=Protein N-acetylglucosaminyltransferase; Short=Protein O-GlcNAc transferase; AltName: Full=PaToxG; AltName: Full=Tyrosine glycosyltransferase; Includes: RecName: Full=Protein-glutamine amidohydrolase; AltName: Full=Glutamine deamidase; AltName: Full=PaToxD; AltName: Full=Protein-glutamine glutaminase [Photorhabdus asymbiotica subsp. asymbiotica ATCC 43949]	48.466	163	1.99e-40	170	NA	NA	NA
group_1003	sp|P9WLN8.1|	P9WLN8	RecName: Full=Uncharacterized protein MT2054 [Mycobacterium tuberculosis CDC1551]	34.632	231	2.17e-15	77	NA	NA	NA
group_1005	sp|O05730.2|	O05730	RecName: Full=Probable short-chain type dehydrogenase/reductase VdlC [Helicobacter pylori 26695]	32.601	273	1.26e-45	157	NA	NA	NA
group_1011	sp|P03037.1|	P03037	RecName: Full=Antirepressor protein ant [Lederbergvirus P22]	46.018	113	2.9e-24	102	NA	NA	NA
group_1015	sp|Q9KN86.1|	Q9KN86	RecName: Full=Peptidoglycan DD-endopeptidase ShyA; AltName: Full=Autolysin ShyA; AltName: Full=Major peptidoglycan endopeptidase ShyA; Short=Major PG EP ShyA; AltName: Full=Sidewall hydrolase A; AltName: Full=Zn-metalloprotease; Flags: Precursor [Vibrio cholerae O1 biovar El Tor str. N16961]	42.308	104	9.09e-20	91.7	NA	NA	NA
group_1017	sp|P76234.1|	P76234	RecName: Full=Methylglyoxal reductase YeaE; AltName: Full=Aldo-keto reductase YeaE [Escherichia coli K-12]	54.093	281	3.5399999999999996e-95	284	NA	NA	NA
group_1021	sp|P22862.4|	P22862	RecName: Full=Arylesterase; AltName: Full=Aryl-ester hydrolase; AltName: Full=Carboxylic acid perhydrolase; AltName: Full=PFE; AltName: Full=Putative bromoperoxidase [Pseudomonas fluorescens]	90.074	272	0	509	NA	NA	NA
group_1023	sp|Q6QJE2.1|	Q6QJE2	RecName: Full=Sulfate permease 2, chloroplastic; Flags: Precursor [Chlamydomonas reinhardtii]	35.971	139	3.49e-18	86.3	NA	NA	NA
group_1024	sp|Q9I398.1|	Q9I398	RecName: Full=Uncharacterized protein PA1624; Flags: Precursor [Pseudomonas aeruginosa PAO1]	55.185	270	9.449999999999998e-96	285	NA	NA	NA
group_1026	sp|Q47539.2|	Q47539	RecName: Full=Taurine transport system permease protein TauC [Escherichia coli K-12]	37.441	211	9.83e-16	78.2	NA	NA	NA
group_1027	sp|Q9I755.1|	Q9I755	RecName: Full=Type VI secretion system component TssM1 [Pseudomonas aeruginosa PAO1]	30.114	176	1.04e-12	71.2	NA	NA	NA
group_1029	sp|A0A5B8YU68.1|	A0A5B8YU68	RecName: Full=Short-chain dehydrogenase/reductase GME11361; AltName: Full=Dibenzodioxocinones biosynthesis cluster protein GME11361 [Pestalotiopsis microspora]	34.568	243	8.48e-35	129	NA	NA	NA
group_103	sp|Q9I310.1|	Q9I310	RecName: Full=Bifunctional diguanylate cyclase/cyclic di-GMP phosphodiesterase MucR; Short=DGC/PDE; AltName: Full=c-di-GMP-synthesizing enzyme [Pseudomonas aeruginosa PAO1]	38.249	434	7.73e-81	276	NA	NA	NA
group_1031	sp|P13082.1|	P13082	RecName: Full=Streptomycin 3''-kinase; AltName: Full=Streptomycin 3''-phosphotransferase; Short=SPH [Klebsiella pneumoniae]	47.744	266	4.6299999999999995e-66	209	NA	NA	NA
group_1036	sp|H9L484.1|	H9L484	RecName: Full=Transcriptional regulator RamA [Salmonella enterica subsp. enterica serovar Typhimurium str. LT2]	36.17	94	7.19e-10	58.5	NA	NA	NA
group_1037	sp|Q3J6K8.1|	Q3J6K8	RecName: Full=Transcriptional regulator AcuR [Cereibacter sphaeroides 2.4.1]	56.983	179	1.61e-65	206	NA	NA	NA
group_1038	sp|P26495.1|	P26495	RecName: Full=Poly(3-hydroxyalkanoate) depolymerase; Short=PHA depolymerase; AltName: Full=ORF2; AltName: Full=PHB depolymerase [Ectopseudomonas oleovorans]	37.86	243	2.3e-31	120	NA	NA	NA
group_104	sp|E8PLM2.1|	E8PLM2	RecName: Full=OLD nuclease; AltName: Full=Exodeoxyribonuclease OLD; AltName: Full=Overcoming lysogenization defect; Short=Old [Thermus scotoductus SA-01]	31.556	225	7.74e-11	68.9	NA	NA	NA
group_1046	sp|Q9HYI6.1|	Q9HYI6	RecName: Full=UPF0162 protein PA3419 [Pseudomonas aeruginosa PAO1]	62.03	266	2.47e-95	284	NA	NA	NA
group_1047	sp|Q45407.1|	Q45407	RecName: Full=EPS I polysaccharide export outer membrane protein EpsA; Flags: Precursor [Ralstonia solanacearum]	32.609	184	6.37e-10	62.4	NA	NA	NA
group_1049	sp|P51719.1|	P51719	RecName: Full=Capsid assembly scaffolding protein; AltName: Full=Gene product 17; Short=Gp17; AltName: Full=Head morphogenesis protein; AltName: Full=Scaffold protein; Contains: RecName: Full=Maturation protease [Haemophilus phage HP1c1]	37.193	285	2.3799999999999998e-45	157	NA	NA	NA
group_1051	sp|P9WLN8.1|	P9WLN8	RecName: Full=Uncharacterized protein MT2054 [Mycobacterium tuberculosis CDC1551]	32.589	224	1.75e-14	74.3	NA	NA	NA
group_1054	sp|Q9HZX3.1|	Q9HZX3	RecName: Full=Protein-glutamine gamma-glutamyltransferase; AltName: Full=Transglutaminase protein A; Short=TGase A [Pseudomonas aeruginosa PAO1]	31.25	144	2.88e-6	51.6	NA	NA	NA
group_1059	sp|P74547.1|	P74547	RecName: Full=Sulfate transport system permease protein CysW [Synechocystis sp. PCC 6803 substr. Kazusa]	31.959	194	3.86e-12	68.2	NA	NA	NA
group_106	sp|Q56078.2|	Q56078	RecName: Full=Periplasmic beta-glucosidase; AltName: Full=Beta-D-glucoside glucohydrolase; AltName: Full=Cellobiase; AltName: Full=Gentiobiase; AltName: Full=T-cell inhibitor; Flags: Precursor [Salmonella enterica subsp. enterica serovar Typhimurium str. LT2]	63.542	768	0	999	NA	NA	NA
group_1060	sp|P0DMP4.1|	P0DMP4	RecName: Full=DNA adenine methylase; AltName: Full=DNA adenine methyltransferase; AltName: Full=Deoxyadenosyl-methyltransferase; AltName: Full=M.StyDam [Salmonella enterica subsp. enterica serovar Typhimurium]	30.172	116	6.36e-7	52.8	NA	NA	NA
group_1063	sp|Q9HW50.1|	Q9HW50	RecName: Full=Lyso-ornithine lipid O-acyltransferase [Pseudomonas aeruginosa PAO1]	64.574	223	3.62e-86	260	NA	NA	NA
group_1065	sp|B2KNH9.1|	B2KNH9	RecName: Full=Mannose-specific lectin; AltName: Full=Agglutinin; Flags: Precursor [Dendrobium findlayanum]	33.065	124	7.33e-9	57	NA	NA	NA
group_1069	sp|Q9ZE54.1|	Q9ZE54	RecName: Full=Uncharacterized protein RP093; Flags: Precursor [Rickettsia prowazekii str. Madrid E]	39.161	143	2.2000000000000002e-29	114	NA	NA	NA
group_107	sp|P46339.2|	P46339	RecName: Full=Probable ABC transporter permease protein YqgH [Bacillus subtilis subsp. subtilis str. 168]	31.373	204	1.46e-8	60.5	NA	NA	NA
group_1072	sp|O34680.1|	O34680	RecName: Full=Type II methyltransferase M2.BsuMI; Short=M2.BsuMI; AltName: Full=BsuMI modification methylase subunit YdiP; AltName: Full=Cytosine-specific methyltransferase M2.BsuMI [Bacillus subtilis subsp. subtilis str. 168]	32.716	162	1.43e-18	87.4	NA	NA	NA
group_1073	sp|Q28IU1.1|	Q28IU1	RecName: Full=Very-long-chain 3-oxoacyl-CoA reductase; AltName: Full=17-beta-hydroxysteroid dehydrogenase 12; Short=17-beta-HSD 12; AltName: Full=3-ketoacyl-CoA reductase; Short=KAR; AltName: Full=Estradiol 17-beta-dehydrogenase 12 [Xenopus tropicalis]	34.862	218	8.02e-28	111	NA	NA	NA
group_1077	sp|P22263.1|	P22263	RecName: Full=Outer membrane porin F; Flags: Precursor [Pseudomonas syringae pv. syringae]	48.571	105	8.360000000000001e-22	95.9	NA	NA	NA
group_1079	sp|P45785.2|	P45785	RecName: Full=Putative HTH-type transcriptional regulator in exeN 3'region; AltName: Full=ORF2 [Aeromonas salmonicida]	34.225	187	9.75e-21	90.1	NA	NA	NA
group_1081	sp|O34578.1|	O34578	RecName: Full=Probable membrane transporter protein YjnA [Bacillus subtilis subsp. subtilis str. 168]	37.768	233	2e-34	127	NA	NA	NA
group_1082	sp|P55504.1|	P55504	RecName: Full=Uncharacterized protein y4jD [Sinorhizobium fredii NGR234]	37.079	89	2.16e-12	70.1	NA	NA	NA
group_1083	sp|Q7BVH7.1|	Q7BVH7	RecName: Full=Secreted effector protein SseB; AltName: Full=Secretion system effector B [Salmonella enterica subsp. enterica serovar Typhimurium str. LT2]	30.702	114	1.19e-11	65.5	NA	NA	NA
group_1085	sp|A0A061I403.1|	A0A061I403	RecName: Full=Protein adenylyltransferase FICD; AltName: Full=AMPylator FICD; AltName: Full=De-AMPylase FICD; AltName: Full=FIC domain-containing protein; AltName: Full=Huntingtin-interacting protein E [Cricetulus griseus]	30	210	2.89e-18	87	NA	NA	NA
group_1086	sp|P55714.1|	P55714	RecName: Full=Nodulation protein NolT; Flags: Precursor [Sinorhizobium fredii NGR234]	52.071	169	1.0399999999999999e-57	188	NA	NA	NA
group_1087	sp|Q9STY7.1|	Q9STY7	RecName: Full=11-beta-hydroxysteroid dehydrogenase-like 3; AltName: Full=17-beta-hydroxysteroid dehydrogenase-like 3; AltName: Full=Hydroxysteroid dehydrogenase 3; Short=AtHSD3 [Arabidopsis thaliana]	33.778	225	2.11e-26	107	NA	NA	NA
group_1089	sp|P11922.2|	P11922	RecName: Full=Invasin [Yersinia pseudotuberculosis IP 32953]	33.19	232	2.3e-15	79	NA	NA	NA
group_1091	sp|P0AAW1.1|	P0AAW1	RecName: Full=Uncharacterized protein YbhP [Escherichia coli K-12]	59.016	244	1.59e-97	288	NA	NA	NA
group_1092	sp|Q9UTA8.1|	Q9UTA8	RecName: Full=Uncharacterized methyltransferase-like C25B8.10 [Schizosaccharomyces pombe 972h-]	40.984	244	6.98e-61	195	NA	NA	NA
group_1094	sp|Q8GWR2.1|	Q8GWR2	RecName: Full=Oil body-associated protein 1B [Arabidopsis thaliana]	41.743	218	3.9599999999999997e-60	193	NA	NA	NA
group_1099	sp|Q89AS2.1|	Q89AS2	RecName: Full=Uncharacterized protein bbp_170; AltName: Full=yba2 [Buchnera aphidicola str. Bp (Baizongia pistaciae)]	55	60	4.17e-13	70.9	NA	NA	NA
group_1101	sp|P37665.2|	P37665	RecName: Full=Probable lipoprotein YiaD; Flags: Precursor [Escherichia coli K-12]	48.571	105	1.88e-25	103	NA	NA	NA
group_1102	sp|Q1QYV8.1|	Q1QYV8	RecName: Full=Electron transfer flavoprotein subunit beta; Short=Beta-ETF [Chromohalobacter israelensis DSM 3043]	57.647	255	1.29e-88	266	NA	NA	NA
group_1103	sp|Q06553.1|	Q06553	RecName: Full=HTH-type transcriptional regulator PrtR; AltName: Full=Pyocin repressor protein [Pseudomonas aeruginosa PAO1]	35.714	238	1.15e-37	135	NA	NA	NA
group_1109	sp|P0DOV5.1|	P0DOV5	RecName: Full=Sulfoquinovose 1-dehydrogenase; Short=SQ dehydrogenase [Pseudomonas putida]	47.012	251	6.579999999999999e-68	213	NA	NA	NA
group_111	sp|D2TV88.1|	D2TV88	RecName: Full=Autotransporter CRAC; AltName: Full=C.rodentium autotransporter required for colonization protein; Flags: Precursor [Citrobacter rodentium ICC168]	35.812	511	9.019999999999999e-72	259	NA	NA	NA
group_1110	sp|O18404.1|	O18404	RecName: Full=3-hydroxyacyl-CoA dehydrogenase type-2; AltName: Full=17-beta-hydroxysteroid dehydrogenase 10; Short=17-beta-HSD 10; AltName: Full=3-hydroxyacyl-CoA dehydrogenase type II; AltName: Full=Hydroxysteroid dehydrogenase; AltName: Full=Mitochondrial ribonuclease P protein 2; Short=Mitochondrial RNase P protein 2; AltName: Full=Scully protein; AltName: Full=Type II HADH [Drosophila melanogaster]	53.571	252	7.64e-60	192	NA	NA	NA
group_1114	sp|P45785.2|	P45785	RecName: Full=Putative HTH-type transcriptional regulator in exeN 3'region; AltName: Full=ORF2 [Aeromonas salmonicida]	31.351	185	4.81e-14	72	NA	NA	NA
group_1120	sp|P44292.1|	P44292	RecName: Full=Uncharacterized protein HI_1701 [Haemophilus influenzae Rd KW20]	31.604	212	8.95e-29	112	NA	NA	NA
group_1123	sp|Q9HXJ2.1|	Q9HXJ2	RecName: Full=Type IV pilus assembly protein PilF; Flags: Precursor [Pseudomonas aeruginosa PAO1]	60.084	238	1.27e-84	255	NA	NA	NA
group_1125	sp|Q9HVX2.1|	Q9HVX2	RecName: Full=GTP cyclohydrolase 1 type 2 homolog [Pseudomonas aeruginosa PAO1]	80.08	251	9.159999999999998e-152	426	NA	NA	NA
group_1126	sp|P75672.2|	P75672	RecName: Full=Uncharacterized protein YafS [Escherichia coli K-12]	31.795	195	5.21e-11	64.3	NA	NA	NA
group_1128	sp|Q8ZPK1.1|	Q8ZPK1	RecName: Full=Osmoprotectant import permease protein OsmY [Salmonella enterica subsp. enterica serovar Typhimurium str. LT2]	54.795	146	1.37e-38	137	NA	NA	NA
group_1130	sp|Q9HW51.1|	Q9HW51	RecName: Full=L-ornithine N(alpha)-acyltransferase [Pseudomonas aeruginosa PAO1]	78.088	251	1.1499999999999998e-143	405	NA	NA	NA
group_1134	sp|P21636.1|	P21636	RecName: Full=Precorrin-6A synthase [deacetylating] [Sinorhizobium sp.]	49.6	250	6.150000000000001e-85	256	NA	NA	NA
group_1141	sp|Q8VBX0.1|	Q8VBX0	RecName: Full=Ankyrin repeat and SOCS box protein 13; Short=ASB-13 [Mus musculus]	30.723	166	2.54e-12	68.6	NA	NA	NA
group_1143	sp|Q05613.1|	Q05613	RecName: Full=Protein TonB [Pseudomonas putida]	54.622	119	8.959999999999999e-35	127	NA	NA	NA
group_1144	sp|P0DXF7.1|	P0DXF7	RecName: Full=Functional amyloid sbunit FapE; AltName: Full=Fibril amyloid subunit FapE; Flags: Precursor [Pseudomonas fluorescens]	73.494	249	9.389999999999999e-74	228	NA	NA	NA
group_1145	sp|P0AEC0.1|	P0AEC0	RecName: Full=UPF0053 inner membrane protein YoaE [Escherichia coli K-12]	51.417	247	1.41e-81	256	NA	NA	NA
group_1146	sp|P54797.2|	P54797	RecName: Full=Transport and Golgi organization 2 homolog; AltName: Full=Ser/Thr-rich protein T10 in DGCR region [Mus musculus]	37.354	257	7.909999999999999e-42	147	NA	NA	NA
group_115	sp|P75838.2|	P75838	RecName: Full=Ribosomal protein S12 methylthiotransferase accessory factor YcaO [Escherichia coli K-12]	46.907	582	7.999999999999999e-172	509	NA	NA	NA
group_1151	sp|P55504.1|	P55504	RecName: Full=Uncharacterized protein y4jD [Sinorhizobium fredii NGR234]	30.698	215	5.930000000000001e-21	94.7	NA	NA	NA
group_1152	sp|P54307.4|	P54307	RecName: Full=Terminase small subunit; AltName: Full=G1P; AltName: Full=Terminase, small subunit gp1 [Bacillus phage SPP1]	45.783	83	1.19e-11	63.9	NA	NA	NA
group_1157	sp|Q83J92.1|	Q83J92	RecName: Full=DNA utilization protein YhgH; AltName: Full=Protein GntX [Shigella flexneri]	37.681	207	8.839999999999999e-32	119	NA	NA	NA
group_116	sp|O25153.1|	O25153	RecName: Full=Sensor histidine kinase CheAY [Helicobacter pylori 26695]	47.68	388	7.37e-105	342	NA	NA	NA
group_1169	sp|Q47718.1|	Q47718	PUTATIVE PSEUDOGENE: RecName: Full=Putative transposase InsO for insertion sequence element IS911B [Escherichia coli K-12]	51.724	145	1.46e-44	151	NA	NA	NA
group_1172	sp|A0A2H3D8Y2.1|	A0A2H3D8Y2	RecName: Full=Short-chain dehydrogenase/reductase ARMGADRAFT_1018421; AltName: Full=Melleolide biosynthesis cluster protein ARMGADRAFT_1018421 [Armillaria gallica]	31.073	177	1.73e-11	65.9	NA	NA	NA
group_1174	sp|P85503.2|	P85503	RecName: Full=Structural protein 3; AltName: Full=ORF15 protein [Pseudomonas phage PAJU2]	39.604	101	4.75e-15	73.6	NA	NA	NA
group_1176	sp|Q46AR9.1|	Q46AR9	RecName: Full=Alanyl-tRNA editing protein AlaX-M; Short=AlaX-M; AltName: Full=Alanyl-tRNA deacylase AlaX-M [Methanosarcina barkeri str. Fusaro]	35.685	241	1.11e-36	132	NA	NA	NA
group_1178	sp|Q09571.2|	Q09571	RecName: Full=Uncharacterized protein K02A2.1 [Caenorhabditis elegans]	38.816	152	7.619999999999999e-23	94	NA	NA	NA
group_1179	sp|Q8XCI6.1|	Q8XCI6	RecName: Full=UPF0759 protein YecE [Escherichia coli O157:H7]	34.862	109	1.42e-12	68.9	NA	NA	NA
group_1181	sp|Q9M0A5.1|	Q9M0A5	RecName: Full=Gamma-glutamyl peptidase 3 [Arabidopsis thaliana]	34.483	203	7.93e-30	114	NA	NA	NA
group_1188	sp|P03037.1|	P03037	RecName: Full=Antirepressor protein ant [Lederbergvirus P22]	40.336	119	2.29e-21	93.6	NA	NA	NA
group_119	sp|A9VQW7.1|	A9VQW7	RecName: Full=Septu protein PtuA; AltName: Full=Putative ATPase PtuA [Bacillus mycoides KBAB4]	31.373	612	5.18e-78	268	NA	NA	NA
group_1192	sp|P85503.2|	P85503	RecName: Full=Structural protein 3; AltName: Full=ORF15 protein [Pseudomonas phage PAJU2]	41.509	106	2.43e-19	85.1	NA	NA	NA
group_1194	sp|P44276.1|	P44276	RecName: Full=Uncharacterized protein HI_1624; Flags: Precursor [Haemophilus influenzae Rd KW20]	30.263	228	1.92e-15	75.9	NA	NA	NA
group_1195	sp|P51717.1|	P51717	RecName: Full=Probable portal protein; AltName: Full=ORF15 [Haemophilus phage HP1c1]	40.26	231	1.15e-53	179	NA	NA	NA
group_1198	sp|P23305.1|	P23305	RecName: Full=Uncharacterized protein YigA [Escherichia coli K-12]	30.189	212	4.54e-12	67	NA	NA	NA
group_1202	sp|P24200.2|	P24200	RecName: Full=Type IV methyl-directed restriction enzyme EcoKMcrA; Short=EcoKMcrA; AltName: Full=5-methylcytosine-specific restriction enzyme A [Escherichia coli K-12]	49.624	133	1.04e-39	141	NA	NA	NA
group_121	sp|P57503.1|	P57503	RecName: Full=Sulfite reductase [NADPH] flavoprotein alpha-component; Short=SiR-FP [Buchnera aphidicola str. APS (Acyrthosiphon pisum)]	35.648	216	7.09e-22	103	NA	NA	NA
group_1211	sp|P77368.1|	P77368	RecName: Full=UPF0098 protein YbcL; Flags: Precursor [Escherichia coli K-12]	44.828	145	2.65e-30	114	NA	NA	NA
group_1212	sp|P18680.2|	P18680	RecName: Full=26 kDa repressor protein; AltName: Full=Regulatory protein CI [Shamshuipovirus HK022]	31.401	207	1.92e-19	87	NA	NA	NA
group_1213	sp|P9WQK0.1|	P9WQK0	RecName: Full=Uncharacterized ABC transporter ATP-binding protein MT1014 [Mycobacterium tuberculosis CDC1551]	39.381	226	5.270000000000001e-29	112	NA	NA	NA
group_1214	sp|P45462.1|	P45462	RecName: Full=Uncharacterized protein in ampR 5'region [Yersinia enterocolitica]	31.624	117	5.69e-14	70.1	NA	NA	NA
group_1216	sp|B5ZWT2.1|	B5ZWT2	RecName: Full=2,3-bisphosphoglycerate-dependent phosphoglycerate mutase; Short=BPG-dependent PGAM; Short=PGAM; Short=Phosphoglyceromutase; Short=dPGM [Rhizobium leguminosarum bv. trifolii WSM2304]	36.559	93	3.67e-6	49.7	NA	NA	NA
group_1219	sp|O34970.1|	O34970	RecName: Full=Probable HTH-type transcriptional regulator YttP; AltName: Full=Stress response protein YttP [Bacillus subtilis subsp. subtilis str. 168]	31.111	90	4.63e-7	52.4	NA	NA	NA
group_1220	sp|Q3K9Y9.1|	Q3K9Y9	RecName: Full=Probable transcriptional regulatory protein Pfl01_3677 [Pseudomonas fluorescens Pf0-1]	94.468	235	2.5099999999999997e-163	453	NA	NA	NA
group_1226	sp|P49860.1|	P49860	RecName: Full=Prohead protease; AltName: Full=GP4 [Escherichia phage HK97]	32.579	221	3.12e-23	96.7	NA	NA	NA
group_1228	sp|O31185.1|	O31185	RecName: Full=UPF0700 transmembrane protein RA0705 [Sinorhizobium meliloti 1021]	53.659	205	4.1399999999999995e-43	148	NA	NA	NA
group_123	sp|P75783.2|	P75783	RecName: Full=Moderate conductance mechanosensitive channel YbiO; Flags: Precursor [Escherichia coli K-12]	34.138	290	4.96e-24	111	NA	NA	NA
group_1230	sp|Q9P6J2.1|	Q9P6J2	RecName: Full=Fe(2+)/Mn(2+) transporter pcl1; AltName: Full=Pombe ccc1-like protein 1 [Schizosaccharomyces pombe 972h-]	51.57	223	1.2799999999999998e-55	181	NA	NA	NA
group_1233	sp|P51739.1|	P51739	RecName: Full=Uncharacterized 58.7 kDa protein in lys 3'region; AltName: Full=ORF35 [Haemophilus phage HP1c1]	30.909	220	2.05e-24	103	NA	NA	NA
group_1238	sp|P0AF78.1|	P0AF78	RecName: Full=Uncharacterized protein YjfJ; Flags: Precursor [Escherichia coli K-12]	33.913	230	5.02e-20	88.2	NA	NA	NA
group_124	sp|Q59603.2|	Q59603	RecName: Full=Type II methyltransferase M.NgoBI; Short=M.NgoBI; AltName: Full=Cytosine-specific methyltransferase NgoBI; Short=M.NgoI; AltName: Full=Modification methylase NgoBI [Neisseria gonorrhoeae]	38.983	59	2.59e-7	56.6	NA	NA	NA
group_1243	sp|P27750.2|	P27750	RecName: Full=Uncharacterized protein H16_B0148; AltName: Full=ORF 8 [Cupriavidus necator H16]	33.889	180	1.75e-19	87.4	NA	NA	NA
group_1244	sp|P96683.1|	P96683	RecName: Full=Uncharacterized HTH-type transcriptional regulator YdfF [Bacillus subtilis subsp. subtilis str. 168]	34.375	224	1.1e-41	144	NA	NA	NA
group_125	sp|Q06584.3|	Q06584	RecName: Full=Pyocin-S2; AltName: Full=Killer protein [Pseudomonas aeruginosa PAO1]	35.156	256	2.99e-16	86.7	NA	NA	NA
group_1252	sp|Q56127.1|	Q56127	RecName: Full=Transcriptional regulatory protein RcsB [Salmonella enterica subsp. enterica serovar Typhi]	31.797	217	3.8e-28	109	NA	NA	NA
group_1253	sp|P42126.1|	P42126	RecName: Full=Enoyl-CoA delta isomerase 1, mitochondrial; AltName: Full=3,2-trans-enoyl-CoA isomerase; AltName: Full=Delta(3),Delta(2)-enoyl-CoA isomerase; Short=D3,D2-enoyl-CoA isomerase; AltName: Full=Dodecenoyl-CoA isomerase; Flags: Precursor [Homo sapiens]	31.111	225	7.53e-17	80.9	NA	NA	NA
group_1259	sp|P33366.1|	P33366	RecName: Full=Inner membrane protein YohD [Escherichia coli K-12]	39.2	125	1.38e-21	91.3	NA	NA	NA
group_1260	sp|Q08623.3|	Q08623	RecName: Full=Pseudouridine-5'-phosphatase; AltName: Full=Haloacid dehalogenase-like hydrolase domain-containing protein 1; AltName: Full=Haloacid dehalogenase-like hydrolase domain-containing protein 1A; AltName: Full=Protein GS1; AltName: Full=Pseudouridine-5'-monophosphatase; Short=5'-PsiMPase [Homo sapiens]	44.344	221	6.22e-57	183	NA	NA	NA
group_1261	sp|Q4L967.1|	Q4L967	RecName: Full=Putative acetyltransferase SH0499 [Staphylococcus haemolyticus JCSC1435]	37.288	118	2.62e-14	72	NA	NA	NA
group_1262	sp|P0AF76.1|	P0AF76	RecName: Full=Uncharacterized protein YjfI [Escherichia coli K-12]	38.971	136	3.4e-19	83.6	NA	NA	NA
group_1266	sp|Q56127.1|	Q56127	RecName: Full=Transcriptional regulatory protein RcsB [Salmonella enterica subsp. enterica serovar Typhi]	30.594	219	3.3e-20	88.2	NA	NA	NA
group_1267	sp|P51721.1|	P51721	RecName: Full=Probable terminase, endonuclease subunit; AltName: Full=ORF19 [Haemophilus phage HP1c1]	33.974	156	2.6299999999999998e-23	97.8	NA	NA	NA
group_1274	sp|Q52118.1|	Q52118	RecName: Full=Uncharacterized protein in mobD 3'region [Pantoea stewartii subsp. stewartii]	30	190	8.73e-6	49.3	NA	NA	NA
group_1275	sp|Q3K692.1|	Q3K692	RecName: Full=Putative 3-methyladenine DNA glycosylase [Pseudomonas fluorescens Pf0-1]	88.837	215	7.669999999999999e-143	401	NA	NA	NA
group_1278	sp|P14814.1|	P14814	RecName: Full=Probable helicase loader; AltName: Full=Replication protein 14 [Enterobacteria phage phi80]	32.576	132	5.46e-12	66.2	NA	NA	NA
group_1280	sp|Q3KI64.1|	Q3KI64	RecName: Full=PKHD-type hydroxylase Pfl01_0799 [Pseudomonas fluorescens Pf0-1]	88.938	226	1.9399999999999997e-153	427	NA	NA	NA
group_1285	sp|P0DXF6.1|	P0DXF6	RecName: Full=Probable functional amyloid protease FapD; AltName: Full=Probable fibril-associated protease FapD; Flags: Precursor [Pseudomonas fluorescens]	79.204	226	1.35e-114	329	NA	NA	NA
group_1286	sp|Q10092.1|	Q10092	RecName: Full=Probable glutathione-independent glyoxalase hsp3104; AltName: Full=Glyoxalase 3 homolog 4; AltName: Full=Heat shock protein 31 homolog 4 [Schizosaccharomyces pombe 972h-]	30.769	130	8.29e-10	60.1	NA	NA	NA
group_129	sp|Q9HYT3.1|	Q9HYT3	RecName: Full=Cyclic di-GMP phosphodiesterase NbdA; AltName: Full=NO-induced biofilm dispersion locus A [Pseudomonas aeruginosa PAO1]	35.363	427	3.54e-77	266	NA	NA	NA
group_1291	sp|C3K471.1|	C3K471	RecName: Full=UPF0758 protein PFLU_5982 [Pseudomonas [fluorescens] SBW25]	92.411	224	4.419999999999999e-151	421	NA	NA	NA
group_1292	sp|P45469.2|	P45469	RecName: Full=Putative NAD(P)-binding protein YraR [Escherichia coli K-12]	30.049	203	5.35e-8	54.7	NA	NA	NA
group_1298	sp|P40586.1|	P40586	RecName: Full=Uncharacterized protein YIR042C [Saccharomyces cerevisiae S288C]	40.278	216	5.93e-51	168	NA	NA	NA
group_1299	sp|P0ACT6.1|	P0ACT6	RecName: Full=HTH-type transcriptional regulator UidR; AltName: Full=Gus operon repressor; AltName: Full=Uid operon repressor [Escherichia coli K-12]	36.232	69	4.41e-6	49.3	NA	NA	NA
group_13	sp|P43329.3|	P43329	RecName: Full=ATP-dependent RNA helicase HrpA [Escherichia coli K-12]	49.882	1269	0	1156	NA	NA	NA
group_130	sp|Q9I310.1|	Q9I310	RecName: Full=Bifunctional diguanylate cyclase/cyclic di-GMP phosphodiesterase MucR; Short=DGC/PDE; AltName: Full=c-di-GMP-synthesizing enzyme [Pseudomonas aeruginosa PAO1]	65.167	689	0	880	NA	NA	NA
group_1301	sp|P64451.1|	P64451	RecName: Full=Uncharacterized lipoprotein YdcL; Flags: Precursor [Escherichia coli K-12]	40.777	206	8.88e-52	169	NA	NA	NA
group_1302	sp|P05100.1|	P05100	RecName: Full=DNA-3-methyladenine glycosylase 1; AltName: Full=3-methyladenine-DNA glycosylase I, constitutive; Short=TAG I; AltName: Full=DNA-3-methyladenine glycosidase I; AltName: Full=DNA-3-methyladenine glycosylase I [Escherichia coli K-12]	36.782	87	8.74e-9	56.6	NA	NA	NA
group_1305	sp|Q18169.1|	Q18169	RecName: Full=Esterase C25G4.2 [Caenorhabditis elegans]	35.111	225	1.66e-28	110	NA	NA	NA
group_1307	sp|Q0HVQ0.2|	Q0HVQ0	RecName: Full=Lipoprotein-releasing system ATP-binding protein LolD [Shewanella sp. MR-7]	41.475	217	1.01e-36	131	NA	NA	NA
group_1309	sp|P0ACS9.1|	P0ACS9	RecName: Full=HTH-type transcriptional regulator AcrR; AltName: Full=Potential acrAB operon repressor [Escherichia coli K-12]	38.806	67	4.32e-7	52.4	NA	NA	NA
group_1310	sp|P03697.1|	P03697	RecName: Full=Exonuclease [Escherichia phage Lambda]	30.047	213	6.06e-24	98.2	NA	NA	NA
group_1312	sp|Q658P3.2|	Q658P3	RecName: Full=Metalloreductase STEAP3; AltName: Full=Dudulin-2; AltName: Full=Six-transmembrane epithelial antigen of prostate 3; AltName: Full=Tumor suppressor-activated pathway protein 6; Short=hTSAP6; AltName: Full=pHyde; Short=hpHyde [Homo sapiens]	30.151	199	1.99e-14	74.7	NA	NA	NA
group_1317	sp|P82998.2|	P82998	RecName: Full=Glutathione S-transferase [Pseudomonas putida F1]	63.902	205	4.65e-83	249	NA	NA	NA
group_132	sp|O34311.2|	O34311	RecName: Full=Diguanylate cyclase DgcW [Bacillus subtilis subsp. subtilis str. 168]	32.157	255	3.2599999999999997e-34	143	NA	NA	NA
group_1321	sp|Q9HV32.1|	Q9HV32	RecName: Full=Response regulator protein PmrA [Pseudomonas aeruginosa PAO1]	46.729	214	1.1099999999999999e-56	182	NA	NA	NA
group_1322	sp|Q9I6F6.1|	Q9I6F6	RecName: Full=Histidinol-phosphatase; Short=Hol-Pase; AltName: Full=Histidinol-phosphate phosphatase [Pseudomonas aeruginosa PAO1]	71.889	217	1.63e-116	333	NA	NA	NA
group_1323	sp|A3KP85.2|	A3KP85	RecName: Full=Electron transfer flavoprotein beta subunit lysine methyltransferase; AltName: Full=ETFB lysine methyltransferase; Short=ETFB-KMT; AltName: Full=Protein N-lysine methyltransferase METTL20; Flags: Precursor [Danio rerio]	42.484	153	3.33e-11	64.3	NA	NA	NA
group_1326	sp|B8GX15.1|	B8GX15	RecName: Full=Protein CicA [Caulobacter vibrioides NA1000]	39.196	199	1.78e-32	120	NA	NA	NA
group_1333	sp|Q9I6F6.1|	Q9I6F6	RecName: Full=Histidinol-phosphatase; Short=Hol-Pase; AltName: Full=Histidinol-phosphate phosphatase [Pseudomonas aeruginosa PAO1]	39.72	214	1.04e-51	169	NA	NA	NA
group_1336	sp|Q9Z3Z9.1|	Q9Z3Z9	RecName: Full=Toluene tolerance protein ttg2D; Flags: Precursor [Pseudomonas putida]	76.329	207	1.22e-105	306	NA	NA	NA
group_1337	sp|C3K6R3.1|	C3K6R3	RecName: Full=UPF0502 protein PFLU_2135 [Pseudomonas [fluorescens] SBW25]	94.737	190	6.53e-131	370	NA	NA	NA
group_134	sp|P55577.1|	P55577	RecName: Full=Uncharacterized peptidase y4nA [Sinorhizobium fredii NGR234]	41.168	685	8.359999999999999e-166	496	NA	NA	NA
group_1340	sp|P0DMC7.1|	P0DMC7	RecName: Full=Transcriptional regulatory protein RcsB; AltName: Full=Capsular synthesis regulator component B [Escherichia coli K-12]	45.192	208	2.86e-49	162	NA	NA	NA
group_1341	sp|Q6F6U3.1|	Q6F6U3	RecName: Full=Nicotinamidase; AltName: Full=Nicotinamide deamidase; Short=NAMase [Acinetobacter baylyi ADP1]	33.663	202	1.19e-18	84	NA	NA	NA
group_1342	sp|P22996.1|	P22996	RecName: Full=Resolvase [Escherichia coli]	34.737	190	5.35e-22	92.8	NA	NA	NA
group_1345	sp|P37335.1|	P37335	RecName: Full=Uncharacterized HTH-type transcriptional regulator BphR [Paraburkholderia xenovorans LB400]	40.741	81	2.38e-6	50.4	NA	NA	NA
group_1350	sp|P49860.1|	P49860	RecName: Full=Prohead protease; AltName: Full=GP4 [Escherichia phage HK97]	32.812	192	6.32e-18	82	NA	NA	NA
group_1355	sp|P45469.2|	P45469	RecName: Full=Putative NAD(P)-binding protein YraR [Escherichia coli K-12]	47.596	208	4.68e-62	195	NA	NA	NA
group_1357	sp|A0A0H3HW87.1|	A0A0H3HW87	RecName: Full=Virulence factor BP1026B_II1948 [Burkholderia pseudomallei 1026b]	47.253	182	4.08e-50	165	NA	NA	NA
group_1358	sp|Q07465.1|	Q07465	RecName: Full=Ribonuclease; Flags: Precursor [Aeromonas hydrophila]	33.854	192	3.78e-25	100	NA	NA	NA
group_1360	sp|Q6DTN4.1|	Q6DTN4	RecName: Full=N-carbamoyl-L-amino-acid amidohydrolase; AltName: Full=Hydantoin utilization protein C; AltName: Full=L-N-carbamoylase; AltName: Full=SmLcar [Sinorhizobium meliloti]	52.432	185	1.65e-61	200	NA	NA	NA
group_1362	sp|Q54SE2.1|	Q54SE2	RecName: Full=1-Cys peroxiredoxin; AltName: Full=Thiol-specific antioxidant; AltName: Full=Thioredoxin peroxidase; AltName: Full=Thioredoxin-dependent peroxiredoxin [Dictyostelium discoideum]	61.429	210	7.629999999999998e-96	282	NA	NA	NA
group_1363	sp|Q02M20.1|	Q02M20	RecName: Full=Uncharacterized protein PA14_35840 [Pseudomonas aeruginosa UCBPP-PA14]	42.857	196	9.319999999999999e-46	154	NA	NA	NA
group_1364	sp|P31453.1|	P31453	RecName: Full=Uncharacterized HTH-type transcriptional regulator YidP [Escherichia coli K-12]	34.167	120	3.53e-8	55.5	NA	NA	NA
group_1367	sp|P76190.1|	P76190	RecName: Full=Murein DD-endopeptidase MepH; AltName: Full=Murein hydrolase MepH; Flags: Precursor [Escherichia coli K-12]	43.2	125	1.67e-34	126	NA	NA	NA
group_137	sp|G3XD24.1|	G3XD24	RecName: Full=Methyl-accepting chemotaxis protein PctA [Pseudomonas aeruginosa PAO1]	34.252	254	2.38e-9	64.3	NA	NA	NA
group_1373	sp|P55504.1|	P55504	RecName: Full=Uncharacterized protein y4jD [Sinorhizobium fredii NGR234]	33.173	208	2.3400000000000003e-27	111	NA	NA	NA
group_1374	sp|Q91YE3.2|	Q91YE3	RecName: Full=Egl nine homolog 1; AltName: Full=Hypoxia-inducible factor prolyl hydroxylase 2; Short=HIF-PH2; Short=HIF-prolyl hydroxylase 2; Short=HPH-2; AltName: Full=Prolyl hydroxylase domain-containing protein 2; Short=PHD2; AltName: Full=SM-20 [Mus musculus]	34.507	142	2.89e-7	53.5	NA	NA	NA
group_1375	sp|Q52828.1|	Q52828	RecName: Full=Protein GstA [Rhizobium leguminosarum]	59.314	204	4.02e-76	230	NA	NA	NA
group_1376	sp|P76117.1|	P76117	RecName: Full=Uncharacterized GST-like protein YncG [Escherichia coli K-12]	32.308	130	7.08e-15	73.2	NA	NA	NA
group_138	sp|P42257.1|	P42257	RecName: Full=Protein PilJ [Pseudomonas aeruginosa PAO1]	80.187	641	0	898	NA	NA	NA
group_1380	sp|P44905.1|	P44905	RecName: Full=5-formyltetrahydrofolate cyclo-ligase; Short=5-FCL; AltName: Full=5,10-methenyltetrahydrofolate synthetase; Short=MTHFS [Haemophilus influenzae Rd KW20]	39.56	182	2.36e-27	105	NA	NA	NA
group_1382	sp|P0AFV4.1|	P0AFV4	RecName: Full=Murein DD-endopeptidase MepS/Murein LD-carboxypeptidase; AltName: Full=Lipoprotein Spr; AltName: Full=Murein hydrolase MepS; Flags: Precursor [Escherichia coli K-12]	42.623	122	3.78e-25	100	NA	NA	NA
group_1383	sp|O31473.4|	O31473	RecName: Full=Uncharacterized protein YcgI [Bacillus subtilis subsp. subtilis str. 168]	38.323	167	1.2300000000000001e-29	112	NA	NA	NA
group_1387	sp|Q9ZD73.1|	Q9ZD73	RecName: Full=Uncharacterized protein RP471 [Rickettsia prowazekii str. Madrid E]	30.769	208	4.9e-24	98.2	NA	NA	NA
group_1388	sp|P38102.2|	P38102	RecName: Full=Uncharacterized membrane protein PA4757 [Pseudomonas aeruginosa PAO1]	33.077	130	1.77e-7	53.1	NA	NA	NA
group_1389	sp|P9WEM3.1|	P9WEM3	RecName: Full=AA10 family lytic polysaccharide monooxygenase CBP21; Short=LPMO CBP21; Flags: Precursor [Serratia marcescens]	32.367	207	1.22e-20	88.6	NA	NA	NA
group_139	sp|Q9I310.1|	Q9I310	RecName: Full=Bifunctional diguanylate cyclase/cyclic di-GMP phosphodiesterase MucR; Short=DGC/PDE; AltName: Full=c-di-GMP-synthesizing enzyme [Pseudomonas aeruginosa PAO1]	42.657	429	7.16e-83	279	NA	NA	NA
group_1392	sp|O48427.1|	O48427	RecName: Full=Protein ninG [Enterobacteria phage H-19B]	36.979	192	5.600000000000001e-27	105	NA	NA	NA
group_1395	sp|P0A4H2.1|	P0A4H2	RecName: Full=Virulence factors putative positive transcription regulator BvgA [Bordetella pertussis Tohama I]	51.923	208	3.0200000000000002e-59	187	NA	NA	NA
group_1397	sp|C0SPC3.1|	C0SPC3	RecName: Full=Putative ADP-ribose pyrophosphatase YjhB [Bacillus subtilis subsp. subtilis str. 168]	40.58	207	6.189999999999999e-46	154	NA	NA	NA
group_1398	sp|P22996.1|	P22996	RecName: Full=Resolvase [Escherichia coli]	33.5	200	1.26e-28	109	NA	NA	NA
group_1400	sp|Q7UG04.1|	Q7UG04	RecName: Full=Bifunctional methionine biosynthesis protein MetXA/MetW; Includes: RecName: Full=Homoserine O-acetyltransferase; Short=HAT; AltName: Full=Homoserine transacetylase; Short=HTA; Includes: RecName: Full=Protein MetW [Rhodopirellula baltica SH 1]	41.317	167	2.77e-32	125	NA	NA	NA
group_1404	sp|P44848.1|	P44848	RecName: Full=1-acyl-sn-glycerol-3-phosphate acyltransferase; Short=1-AGP acyltransferase; Short=1-AGPAT; AltName: Full=Lysophosphatidic acid acyltransferase; Short=LPAAT [Haemophilus influenzae Rd KW20]	30.147	136	3.24e-6	49.7	NA	NA	NA
group_1408	sp|P54176.1|	P54176	RecName: Full=Hemolysin-3; AltName: Full=Hemolysin III; Short=Hly-III [Bacillus cereus]	43.069	202	1.13e-43	148	NA	NA	NA
group_1409	sp|Q883R9.1|	Q883R9	RecName: Full=Phosphoserine phosphatase; Short=PSP; Short=PSPase [Pseudomonas syringae pv. tomato str. DC3000]	92.683	205	4.92e-141	395	NA	NA	NA
group_141	sp|Q59603.2|	Q59603	RecName: Full=Type II methyltransferase M.NgoBI; Short=M.NgoBI; AltName: Full=Cytosine-specific methyltransferase NgoBI; Short=M.NgoI; AltName: Full=Modification methylase NgoBI [Neisseria gonorrhoeae]	38.983	59	2.92e-7	56.6	NA	NA	NA
group_1414	sp|P71037.1|	P71037	RecName: Full=Uncharacterized protein YwnB [Bacillus subtilis subsp. subtilis str. 168]	39.048	210	1.7599999999999998e-31	117	NA	NA	NA
group_1417	sp|Q9I509.1|	Q9I509	RecName: Full=NAD(P)H dehydrogenase (quinone); AltName: Full=Flavoprotein WrbA; AltName: Full=NAD(P)H:quinone oxidoreductase; Short=NQO [Pseudomonas aeruginosa PAO1]	80.311	193	7.859999999999999e-115	328	NA	NA	NA
group_1419	sp|O64334.1|	O64334	RecName: Full=Tail tip assembly protein I; AltName: Full=Gene product 20; Short=gp20 [Escherichia phage N15]	47.668	193	2.31e-42	144	NA	NA	NA
group_142	sp|P33235.3|	P33235	RecName: Full=Flagellar hook-associated protein 1; Short=HAP1 [Escherichia coli K-12]	34.066	455	5.91e-49	183	NA	NA	NA
group_1422	sp|Q9XJQ4.1|	Q9XJQ4	RecName: Full=Protein ninG [Enterobacteria phage P21]	48.175	137	1.79e-39	137	NA	NA	NA
group_1425	sp|O87005.1|	O87005	RecName: Full=Chemotactic transduction protein ChpE [Pseudomonas aeruginosa PAO1]	63.243	185	2.22e-73	223	NA	NA	NA
group_1426	sp|Q9I0N5.1|	Q9I0N5	RecName: Full=3-mercaptopropionate dioxygenase; Short=3MDO; Short=p3MDO [Pseudomonas aeruginosa PAO1]	67.188	192	1.35e-89	264	NA	NA	NA
group_1431	sp|Q9ZCW7.1|	Q9ZCW7	RecName: Full=SCO2-like protein RP587 [Rickettsia prowazekii str. Madrid E]	33.333	156	2.97e-29	110	NA	NA	NA
group_1437	sp|Q9I3D8.1|	Q9I3D8	RecName: Full=Uncharacterized protein PA1579 [Pseudomonas aeruginosa PAO1]	61.194	201	5.72e-84	250	NA	NA	NA
group_1439	sp|P44187.1|	P44187	RecName: Full=Glycosyl hydrolase family 19 domain-containing protein HI_1415 [Haemophilus influenzae Rd KW20]	43.35	203	1.42e-39	137	NA	NA	NA
group_1441	sp|P95459.1|	P95459	RecName: Full=Major cold shock protein CspA [Pseudomonas aeruginosa PAO1]	62.121	66	2.5899999999999996e-23	91.3	NA	NA	NA
group_1444	sp|Q88KV1.1|	Q88KV1	RecName: Full=tRNA 2-(methylsulfanyl)-N(6)-isopentenyladenosine(37) hydroxylase; AltName: Full=2-methylthio-N6-isopentenyladenosine(37)-tRNA monooxygenase; AltName: Full=tRNA-(ms[2]io[6]A37)-hydroxylase [Pseudomonas putida KT2440]	79.695	197	1.79e-116	332	NA	NA	NA
group_1448	sp|P0ACS9.1|	P0ACS9	RecName: Full=HTH-type transcriptional regulator AcrR; AltName: Full=Potential acrAB operon repressor [Escherichia coli K-12]	36.667	60	4.34e-6	48.9	NA	NA	NA
group_1452	sp|Q9T1V4.1|	Q9T1V4	RecName: Full=Baseplate puncturing device gp45; AltName: Full=Baseplate spike protein; AltName: Full=Gene product 45; Short=gp45; AltName: Full=Gene product Q; Short=gpQ [Escherichia phage Mu]	32.759	116	9.88e-15	72.4	NA	NA	NA
group_1455	sp|Q17RB8.2|	Q17RB8	RecName: Full=LON peptidase N-terminal domain and RING finger protein 1; AltName: Full=RING finger protein 191 [Homo sapiens]	31.068	103	7.55e-6	49.3	NA	NA	NA
group_1457	sp|O64334.1|	O64334	RecName: Full=Tail tip assembly protein I; AltName: Full=Gene product 20; Short=gp20 [Escherichia phage N15]	47.644	191	2.9299999999999997e-41	141	NA	NA	NA
group_1459	sp|P96654.1|	P96654	RecName: Full=Uncharacterized isochorismatase family protein YddQ [Bacillus subtilis subsp. subtilis str. 168]	38.286	175	1.67e-36	128	NA	NA	NA
group_146	sp|Q56989.1|	Q56989	RecName: Full=Hemin receptor; Flags: Precursor [Yersinia pestis]	32.812	128	6.07e-7	56.6	NA	NA	NA
group_1460	sp|P23484.3|	P23484	RecName: Full=Ferric citrate uptake sigma factor FecI [Escherichia coli K-12]	52.258	155	4.09e-42	142	NA	NA	NA
group_1461	sp|P50360.2|	P50360	RecName: Full=Uncharacterized protein y4hP [Sinorhizobium fredii NGR234]	36.22	127	6.83e-22	95.9	NA	NA	NA
group_1464	sp|Q9XJQ4.1|	Q9XJQ4	RecName: Full=Protein ninG [Enterobacteria phage P21]	40.887	203	1.96e-39	136	NA	NA	NA
group_1471	sp|P25254.2|	P25254	RecName: Full=Uncharacterized protein PA0392 [Pseudomonas aeruginosa PAO1]	63.731	193	4.2399999999999996e-67	207	NA	NA	NA
group_1473	sp|P37506.1|	P37506	RecName: Full=Streptothricin acetyltransferase A [Bacillus subtilis subsp. subtilis str. 168]	35.897	156	1.5300000000000001e-27	105	NA	NA	NA
group_1474	sp|Q9HTC0.1|	Q9HTC0	RecName: Full=D-rhamnosyltransferase WbpZ; AltName: Full=GDP-D-Man:GlcNAc-diphosphate-lipid alpha-1,3-D-mannosyltransferase; AltName: Full=GDP-D-Man:GlcNAc/GalNAc-diphosphate-lipid alpha-1,3-D-mannosyltransferase; AltName: Full=GDP-D-rhamnose:GlcNAc/GalNAc-diphosphate-lipid alpha-1,3-D-rhamnosyltransferase [Pseudomonas aeruginosa PAO1]	58.549	193	9.8e-72	224	NA	NA	NA
group_1483	sp|O64334.1|	O64334	RecName: Full=Tail tip assembly protein I; AltName: Full=Gene product 20; Short=gp20 [Escherichia phage N15]	44.503	191	1.46e-38	134	NA	NA	NA
group_1485	sp|P77626.1|	P77626	RecName: Full=HTH-type transcriptional regulator SutR; AltName: Full=Sulfur utilization regulator [Escherichia coli K-12]	31.579	152	8.6e-11	61.2	NA	NA	NA
group_1487	sp|O64334.1|	O64334	RecName: Full=Tail tip assembly protein I; AltName: Full=Gene product 20; Short=gp20 [Escherichia phage N15]	46.114	193	3.8e-40	138	NA	NA	NA
group_1489	sp|Q8Z3B4.1|	Q8Z3B4	RecName: Full=Homoserine/homoserine lactone efflux protein [Salmonella enterica subsp. enterica serovar Typhi]	35.829	187	1.17e-25	101	NA	NA	NA
group_149	sp|Q9I0I6.1|	Q9I0I6	RecName: Full=Methyl-accepting chemotaxis protein CtpM [Pseudomonas aeruginosa PAO1]	38.485	330	1.5599999999999999e-38	154	NA	NA	NA
group_1493	sp|P46358.2|	P46358	RecName: Full=Probable RNA polymerase sigma factor RfaY [Xanthomonas campestris pv. campestris str. ATCC 33913]	30.508	177	4.85e-6	49.3	NA	NA	NA
group_1494	sp|P40586.1|	P40586	RecName: Full=Uncharacterized protein YIR042C [Saccharomyces cerevisiae S288C]	32.292	192	3.95e-25	100	NA	NA	NA
group_1495	sp|O64334.1|	O64334	RecName: Full=Tail tip assembly protein I; AltName: Full=Gene product 20; Short=gp20 [Escherichia phage N15]	48.691	191	3.8399999999999996e-45	150	NA	NA	NA
group_1498	sp|P76121.2|	P76121	RecName: Full=Uncharacterized protein YddH [Escherichia coli K-12]	50.549	182	1.31e-59	187	NA	NA	NA
group_15	sp|Q9I310.1|	Q9I310	RecName: Full=Bifunctional diguanylate cyclase/cyclic di-GMP phosphodiesterase MucR; Short=DGC/PDE; AltName: Full=c-di-GMP-synthesizing enzyme [Pseudomonas aeruginosa PAO1]	44.725	436	1.44e-113	374	NA	NA	NA
group_1501	sp|Q54FK1.1|	Q54FK1	RecName: Full=5'-deoxynucleotidase HDDC2; AltName: Full=HD domain-containing protein 2 homolog [Dictyostelium discoideum]	31.544	149	2.52e-16	76.3	NA	NA	NA
group_1503	sp|P03034.2|	P03034	RecName: Full=Repressor protein cI [Escherichia phage Lambda]	46.154	91	6.19e-19	84.3	NA	NA	NA
group_1506	sp|Q7CQM8.1|	Q7CQM8	RecName: Full=Tetrathionate response regulatory protein TtrR [Salmonella enterica subsp. enterica serovar Typhimurium str. LT2]	50	54	1.33e-9	58.5	NA	NA	NA
group_1508	sp|Q92LF6.1|	Q92LF6	RecName: Full=L-proline cis-4-hydroxylase; Short=P4H [Sinorhizobium meliloti 1021]	34.568	81	1.07e-6	51.2	NA	NA	NA
group_1509	sp|C3K3J9.1|	C3K3J9	RecName: Full=UPF0301 protein PFLU_5755 [Pseudomonas [fluorescens] SBW25]	96.825	189	2.95e-133	374	NA	NA	NA
group_151	sp|P03708.1|	P03708	RecName: Full=Terminase, large subunit; AltName: Full=DNA-packaging protein A; AltName: Full=Large terminase protein; AltName: Full=gpA; Includes: RecName: Full=Endonuclease; Includes: RecName: Full=ATPase [Escherichia phage Lambda]	35.655	603	4.71e-86	285	NA	NA	NA
group_1512	sp|Q9HX72.1|	Q9HX72	RecName: Full=Acetyltransferase PA3944; AltName: Full=GCN5-related N-acetyltransferase; Short=GNAT [Pseudomonas aeruginosa PAO1]	52.222	180	8.109999999999999e-61	190	NA	NA	NA
group_1514	sp|Q9I4L4.1|	Q9I4L4	RecName: Full=Negative regulator YfiR [Pseudomonas aeruginosa PAO1]	53.529	170	5.59e-61	191	NA	NA	NA
group_1518	sp|P0DXF4.1|	P0DXF4	RecName: Full=Functional amyloid subunit FapB; AltName: Full=Fibril amyloid subunit FapB; Flags: Precursor [Pseudomonas fluorescens]	62.366	186	4.4700000000000004e-64	198	NA	NA	NA
group_1519	sp|P67430.1|	P67430	RecName: Full=HTH-type transcriptional repressor NemR; AltName: Full=Bleach-sensing transcription factor; AltName: Full=Redox-regulated transcription factor NemR [Escherichia coli K-12]	30.894	123	3.8e-11	62.8	NA	NA	NA
group_152	sp|P0DKX5.1|	P0DKX5	RecName: Full=Cyclolysin secretion/processing ATP-binding protein CyaB [Bordetella pertussis Tohama I]	61.941	649	0	795	NA	NA	NA
group_1525	sp|P64816.1|	P64816	RecName: Full=Uncharacterized protein Mb1372 [Mycobacterium tuberculosis variant bovis AF2122/97]	40.107	187	8.41e-29	110	NA	NA	NA
group_1527	sp|P74615.1|	P74615	RecName: Full=Protein sll1483; Flags: Precursor [Synechocystis sp. PCC 6803 substr. Kazusa]	52.564	156	1.1099999999999999e-41	141	NA	NA	NA
group_153	sp|P51718.1|	P51718	RecName: Full=Probable terminase, ATPase subunit; AltName: Full=ORF16 [Haemophilus phage HP1c1]	44.426	601	3.3999999999999993e-174	512	NA	NA	NA
group_1533	sp|Q4K406.1|	Q4K406	RecName: Full=UPF0149 protein PFL_5969 [Pseudomonas protegens Pf-5]	79.032	186	1.6199999999999997e-89	263	NA	NA	NA
group_1536	sp|P45900.1|	P45900	RecName: Full=Uncharacterized protein YqaC; Flags: Precursor [Bacillus subtilis subsp. subtilis str. 168]	43.407	182	1.1e-35	125	NA	NA	NA
group_1537	sp|P45108.1|	P45108	RecName: Full=Colicin V production protein homolog [Haemophilus influenzae Rd KW20]	42.52	127	4.02e-22	90.5	NA	NA	NA
group_1538	sp|P12552.1|	P12552	RecName: Full=Uncharacterized protein ORF88; AltName: Full=Putative DNA-binding protein [Enterobacteria phage P4]	47.17	53	5.22e-11	59.7	NA	NA	NA
group_1540	sp|A0A0H2VDN9.1|	A0A0H2VDN9	RecName: Full=Secretory immunoglobulin A-binding protein EsiB; Flags: Precursor [Escherichia coli CFT073]	35.294	102	1.89e-11	65.1	NA	NA	NA
group_1542	sp|P0AD05.1|	P0AD05	RecName: Full=Uncharacterized protein YecA [Escherichia coli K-12]	37.5	184	6.95e-40	137	NA	NA	NA
group_1543	sp|P94482.1|	P94482	RecName: Full=Uncharacterized N-acetyltransferase YnaD [Bacillus subtilis subsp. subtilis str. 168]	30.114	176	3.04e-20	85.9	NA	NA	NA
group_1547	sp|P23484.3|	P23484	RecName: Full=Ferric citrate uptake sigma factor FecI [Escherichia coli K-12]	31.818	132	4.3e-11	62	NA	NA	NA
group_1548	sp|P76345.2|	P76345	RecName: Full=Cytochrome b561 homolog 1 [Escherichia coli K-12]	34.483	174	4.77e-24	95.9	NA	NA	NA
group_1549	sp|P37929.1|	P37929	RecName: Full=RNA polymerase sigma factor HrpL [Pseudomonas syringae pv. syringae]	49.677	155	3.8199999999999996e-47	155	NA	NA	NA
group_155	sp|Q9HW91.1|	Q9HW91	RecName: Full=Methyl-accepting chemotaxis protein PctB [Pseudomonas aeruginosa PAO1]	33.634	443	1.33e-33	140	NA	NA	NA
group_1551	sp|O34479.1|	O34479	RecName: Full=SPbeta prophage-derived putative HNH homing endonuclease YosQ [Bacillus subtilis subsp. subtilis str. 168]	34.058	138	1.98e-11	62.8	NA	NA	NA
group_1558	sp|B0TTR5.1|	B0TTR5	RecName: Full=Probable alpha-L-glutamate ligase [Shewanella halifaxensis HAW-EB4]	31.293	147	3.18e-13	70.1	NA	NA	NA
group_1559	sp|P51024.2|	P51024	RecName: Full=Uncharacterized protein YaiL [Escherichia coli K-12]	38.378	185	8.98e-30	110	NA	NA	NA
group_1566	sp|Q9HU21.1|	Q9HU21	RecName: Full=dTDP-4-dehydrorhamnose 3,5-epimerase; AltName: Full=Thymidine diphospho-4-keto-rhamnose 3,5-epimerase; AltName: Full=dTDP-4-keto-6-deoxyglucose 3,5-epimerase; AltName: Full=dTDP-6-deoxy-D-xylo-4-hexulose 3,5-epimerase; AltName: Full=dTDP-L-rhamnose synthase [Pseudomonas aeruginosa PAO1]	64.641	181	2e-84	249	NA	NA	NA
group_1569	sp|P51738.1|	P51738	RecName: Full=Uncharacterized 20.8 kDa protein in lys 3'region; AltName: Full=ORF34 [Haemophilus phage HP1c1]	38.333	120	3.46e-18	80.9	NA	NA	NA
group_157	sp|Q6GIB3.1|	Q6GIB3	RecName: Full=Putative O-acetyltransferase SAR0937 [Staphylococcus aureus subsp. aureus MRSA252]	31.609	348	1.3e-18	93.6	NA	NA	NA
group_1570	sp|P18103.1|	P18103	RecName: Full=K99 fimbrial protein; Flags: Precursor [Escherichia coli]	31.538	130	7.71e-8	53.1	NA	NA	NA
group_1571	sp|P17551.1|	P17551	RecName: Full=Chromate transport protein [Cupriavidus metallidurans CH34]	33.721	86	7.91e-9	57.4	NA	NA	NA
group_1572	sp|P76190.1|	P76190	RecName: Full=Murein DD-endopeptidase MepH; AltName: Full=Murein hydrolase MepH; Flags: Precursor [Escherichia coli K-12]	40.458	131	4.7299999999999997e-35	126	NA	NA	NA
group_1573	sp|A8K979.2|	A8K979	RecName: Full=ERI1 exoribonuclease 2; AltName: Full=Exonuclease domain-containing protein 1 [Homo sapiens]	30.89	191	7.19e-21	92.4	NA	NA	NA
group_1574	sp|Q9FMX7.1|	Q9FMX7	RecName: Full=Nicotinamidase 2; Short=AtNIC2; AltName: Full=Nicotinamide deamidase 2 [Arabidopsis thaliana]	32.45	151	5.71e-10	59.3	NA	NA	NA
group_1577	sp|P0AB35.1|	P0AB35	RecName: Full=Uncharacterized protein YcfJ [Escherichia coli K-12]	56	150	3.53e-31	114	NA	NA	NA
group_1579	sp|Q5XIE1.1|	Q5XIE1	RecName: Full=Protein THEM6; Flags: Precursor [Rattus norvegicus]	43.956	91	5.1e-14	70.5	NA	NA	NA
group_158	sp|Q88D09.1|	Q88D09	RecName: Full=Methyl-accepting chemotaxis protein McpQ [Pseudomonas putida KT2440]	54.217	332	3.4299999999999995e-55	202	NA	NA	NA
group_1583	sp|Q44583.1|	Q44583	RecName: Full=RNA polymerase sigma factor NccH [Achromobacter xylosoxidans]	32.308	130	1.88e-7	52	NA	NA	NA
group_1584	sp|Q9HYV6.1|	Q9HYV6	RecName: Full=Putative ankyrin repeat protein PA3287 [Pseudomonas aeruginosa PAO1]	34.694	147	2.26e-17	78.2	NA	NA	NA
group_1587	sp|O07001.1|	O07001	RecName: Full=Uncharacterized HTH-type transcriptional regulator YvdT [Bacillus subtilis subsp. subtilis str. 168]	30.851	94	2.76e-6	48.9	NA	NA	NA
group_1588	sp|P51738.1|	P51738	RecName: Full=Uncharacterized 20.8 kDa protein in lys 3'region; AltName: Full=ORF34 [Haemophilus phage HP1c1]	32.584	178	9.6e-19	82.4	NA	NA	NA
group_159	sp|P51731.1|	P51731	RecName: Full=Probable tape measure protein; Short=TMP; AltName: Full=Gene product 27; Short=gp27 [Haemophilus phage HP1c1]	52.32	388	2.0299999999999997e-96	314	NA	NA	NA
group_1594	sp|Q5FQ97.1|	Q5FQ97	RecName: Full=Gluconokinase; AltName: Full=Gluconate kinase [Gluconobacter oxydans 621H]	52.985	134	6.9999999999999995e-40	136	NA	NA	NA
group_1598	sp|P44187.1|	P44187	RecName: Full=Glycosyl hydrolase family 19 domain-containing protein HI_1415 [Haemophilus influenzae Rd KW20]	35.122	205	1.36e-20	87.4	NA	NA	NA
group_1599	sp|P44187.1|	P44187	RecName: Full=Glycosyl hydrolase family 19 domain-containing protein HI_1415 [Haemophilus influenzae Rd KW20]	38	200	3.98e-24	96.7	NA	NA	NA
group_1601	sp|P44187.1|	P44187	RecName: Full=Glycosyl hydrolase family 19 domain-containing protein HI_1415 [Haemophilus influenzae Rd KW20]	36.139	202	1.8499999999999998e-23	94.7	NA	NA	NA
group_1605	sp|O34612.1|	O34612	RecName: Full=Uncharacterized protein YjlB [Bacillus subtilis subsp. subtilis str. 168]	32.53	166	4.37e-25	98.2	NA	NA	NA
group_1606	sp|O34612.1|	O34612	RecName: Full=Uncharacterized protein YjlB [Bacillus subtilis subsp. subtilis str. 168]	35.119	168	3.8200000000000003e-29	108	NA	NA	NA
group_1607	sp|P71049.1|	P71049	RecName: Full=HTH-type transcriptional regulator SlrR [Bacillus subtilis subsp. subtilis str. 168]	39.706	68	8.21e-6	47	NA	NA	NA
group_1614	sp|P03796.1|	P03796	RecName: Full=Protein 7.7; AltName: Full=Gene product 7.7; Short=Gp7.7 [Escherichia phage T7]	34.286	140	6.12e-16	73.6	NA	NA	NA
group_1615	sp|P43502.1|	P43502	RecName: Full=Protein PilI [Pseudomonas aeruginosa PAO1]	63.842	177	3.8699999999999996e-60	187	NA	NA	NA
group_1617	sp|B8NHE3.1|	B8NHE3	RecName: Full=Methyltransferase flvH; AltName: Full=Flavunoidine biosynthesis cluster protein H [Aspergillus flavus NRRL3357]	39.062	64	1.78e-6	49.3	NA	NA	NA
group_1618	sp|P51734.1|	P51734	RecName: Full=Putative tail protein gp30; AltName: Full=Gene product 30; Short=gp30 [Haemophilus phage HP1c1]	47.977	173	1.1499999999999999e-57	181	NA	NA	NA
group_1619	sp|P51734.1|	P51734	RecName: Full=Putative tail protein gp30; AltName: Full=Gene product 30; Short=gp30 [Haemophilus phage HP1c1]	45.665	173	2.0999999999999996e-56	178	NA	NA	NA
group_1626	sp|Q3KI17.2|	Q3KI17	RecName: Full=Dual-action ribosomal maturation protein DarP; AltName: Full=Large ribosomal subunit assembly factor DarP [Pseudomonas fluorescens Pf0-1]	93.103	174	6.1499999999999995e-115	326	NA	NA	NA
group_163	sp|Q1QYW0.1|	Q1QYW0	RecName: Full=Probable membrane-anchored ferredoxin csal_0991; AltName: Full=Transmembrane clostridial-type ferredoxin [Chromohalobacter israelensis DSM 3043]	74.38	605	0	854	NA	NA	NA
group_1630	sp|P31047.1|	P31047	RecName: Full=Uncharacterized protein in lpd-3 5'region; AltName: Full=ORF1 [Pseudomonas putida]	60.993	141	1.49e-54	172	NA	NA	NA
group_1633	sp|P04174.1|	P04174	RecName: Full=Dihydrofolate reductase [Neisseria gonorrhoeae]	47.826	161	2.92e-47	154	NA	NA	NA
group_1635	sp|A0LZ23.1|	A0LZ23	RecName: Full=DNA ligase; AltName: Full=Polydeoxyribonucleotide synthase [NAD(+)] [Christiangramia forsetii KT0803]	37.143	70	1.84e-6	50.4	NA	NA	NA
group_1636	sp|P0DXX5.1|	P0DXX5	RecName: Full=tRNA-acetylating toxin 2; Short=TacT2 [Salmonella enterica subsp. enterica serovar Enteritidis]	35.443	158	1.93e-24	96.3	NA	NA	NA
group_1638	sp|P68928.2|	P68928	RecName: Full=Terminase small subunit; AltName: Full=G1P; AltName: Full=Terminase, small subunit [Bacillus phage SF6]	30.625	160	5.2100000000000003e-08	52.8	NA	NA	NA
group_164	sp|P50100.2|	P50100	RecName: Full=Uncharacterized protein MK0525; AltName: Full=OrfX [Methanopyrus kandleri AV19]	30.645	124	4.1e-9	60.1	NA	NA	NA
group_1640	sp|Q9I745.1|	Q9I745	RecName: Full=Type VI secretion system component TssE1 [Pseudomonas aeruginosa PAO1]	67.262	168	7.69e-71	214	NA	NA	NA
group_1641	sp|A8H4D4.1|	A8H4D4	RecName: Full=Probable alpha-L-glutamate ligase [Shewanella pealeana ATCC 700345]	36.434	129	3.47e-12	66.6	NA	NA	NA
group_1642	sp|Q9HYV6.1|	Q9HYV6	RecName: Full=Putative ankyrin repeat protein PA3287 [Pseudomonas aeruginosa PAO1]	56.429	140	8.62e-49	158	NA	NA	NA
group_1646	sp|P22502.2|	P22502	RecName: Full=Tail tube protein; Short=TTP; AltName: Full=Protein FII [Bacteriophage P2]	52.907	172	3.23e-54	172	NA	NA	NA
group_165	sp|P55706.1|	P55706	RecName: Full=Uncharacterized protein y4xN [Sinorhizobium fredii NGR234]	34.861	611	4.0599999999999995e-96	311	NA	NA	NA
group_1655	sp|P51771.1|	P51771	RecName: Full=Endolysin; AltName: Full=Lysis protein; AltName: Full=Lysozyme; AltName: Full=Protein gpK; AltName: Full=Transglycosylase [Bacteriophage P2]	62.025	158	1.73e-66	203	NA	NA	NA
group_1656	sp|P51771.1|	P51771	RecName: Full=Endolysin; AltName: Full=Lysis protein; AltName: Full=Lysozyme; AltName: Full=Protein gpK; AltName: Full=Transglycosylase [Bacteriophage P2]	61.392	158	1.85e-65	200	NA	NA	NA
group_1657	sp|Q03629.1|	Q03629	RecName: Full=Uncharacterized protein YML079W [Saccharomyces cerevisiae S288C]	37.419	155	2.25e-23	94.4	NA	NA	NA
group_1664	sp|P55504.1|	P55504	RecName: Full=Uncharacterized protein y4jD [Sinorhizobium fredii NGR234]	31.169	154	2.11e-7	52.8	NA	NA	NA
group_1665	sp|Q9I749.1|	Q9I749	RecName: Full=Type VI secretion system sheath protein TssB1; AltName: Full=Sheath protein HsiB1 [Pseudomonas aeruginosa PAO1]	92.073	164	7.919999999999999e-107	305	NA	NA	NA
group_1667	sp|I6YG32.1|	I6YG32	RecName: Full=N-alpha-acetyltransferase RimI [Mycobacterium tuberculosis H37Rv]	37.168	113	1.92e-9	56.6	NA	NA	NA
group_1674	sp|O05216.1|	O05216	RecName: Full=Chromate transport protein chrB [Bacillus subtilis subsp. subtilis str. 168]	30.476	105	1.3e-8	55.1	NA	NA	NA
group_1678	sp|P83221.3|	P83221	RecName: Full=Peptidyl-prolyl cis-trans isomerase cyp18; Short=PPIase cyp18; Short=SanCyp18; AltName: Full=Rotamase cyp18 [Streptomyces antibioticus]	65.868	167	4.6800000000000003e-79	234	NA	NA	NA
group_1681	sp|Q9I749.1|	Q9I749	RecName: Full=Type VI secretion system sheath protein TssB1; AltName: Full=Sheath protein HsiB1 [Pseudomonas aeruginosa PAO1]	33.645	107	2.63e-13	67.4	NA	NA	NA
group_1689	sp|P0A2S0.2|	P0A2S0	RecName: Full=Leucine-responsive regulatory protein [Salmonella enterica subsp. enterica serovar Typhimurium str. LT2]	43.651	126	3.1100000000000004e-26	100	NA	NA	NA
group_169	sp|P0ACY3.1|	P0ACY3	RecName: Full=Serine/threonine kinase YeaG; Short=Ser/Thr kinase YeaG; AltName: Full=Protein kinase YeaG; AltName: Full=Stress kinase YeaG [Escherichia coli K-12]	77.294	643	0	1008	NA	NA	NA
group_1690	sp|Q9I749.1|	Q9I749	RecName: Full=Type VI secretion system sheath protein TssB1; AltName: Full=Sheath protein HsiB1 [Pseudomonas aeruginosa PAO1]	30.252	119	9.84e-7	49.7	NA	NA	NA
group_1704	sp|C3K0T6.1|	C3K0T6	RecName: Full=Putative 4-hydroxy-4-methyl-2-oxoglutarate aldolase; Short=HMG aldolase; AltName: Full=Oxaloacetate decarboxylase; Short=OAA decarboxylase; AltName: Full=Regulator of ribonuclease activity homolog; AltName: Full=RraA-like protein [Pseudomonas [fluorescens] SBW25]	98.773	163	7.94e-118	332	NA	NA	NA
group_1705	sp|O34777.1|	O34777	RecName: Full=Organic hydroperoxide resistance transcriptional regulator [Bacillus subtilis subsp. subtilis str. 168]	48.837	129	3.5100000000000004e-26	99.8	NA	NA	NA
group_1706	sp|Q96F10.1|	Q96F10	RecName: Full=Thialysine N-epsilon-acetyltransferase; AltName: Full=Diamine acetyltransferase 2; AltName: Full=Spermidine/spermine N(1)-acetyltransferase 2; Short=SSAT-2 [Homo sapiens]	36.765	68	1.17e-7	52	NA	NA	NA
group_1707	sp|Q7M1B9.3|	Q7M1B9	RecName: Full=Thioredoxin; Short=Trx [Chloroflexus aurantiacus J-10-fl]	31.683	101	2.38e-8	52.8	NA	NA	NA
group_171	sp|Q88JU3.1|	Q88JU3	RecName: Full=3-dehydroshikimate dehydratase; Short=DSD [Pseudomonas putida KT2440]	82.835	635	0	1026	NA	NA	NA
group_1712	sp|C3K2C1.1|	C3K2C1	RecName: Full=UPF0114 protein PFLU_5318 [Pseudomonas [fluorescens] SBW25]	98.148	162	8.049999999999999e-89	259	NA	NA	NA
group_1713	sp|Q46864.1|	Q46864	RecName: Full=Antitoxin MqsA [Escherichia coli K-12]	32.09	134	5.92e-13	65.1	NA	NA	NA
group_1716	sp|Q88LK1.1|	Q88LK1	RecName: Full=Arsenic resistance transcriptional regulator ArsR1 [Pseudomonas putida KT2440]	65.254	118	8.429999999999999e-42	139	NA	NA	NA
group_1717	sp|Q52982.1|	Q52982	RecName: Full=Probable K(+)/H(+) antiporter subunit E; AltName: Full=pH adaptation potassium efflux system protein E; Short=Pha system subunit E [Sinorhizobium meliloti 1021]	41.414	99	5.07e-15	71.2	NA	NA	NA
group_1718	sp|E1VBT6.1|	E1VBT6	RecName: Full=Putative glutathione-dependent formaldehyde-activating enzyme [Halomonas elongata DSM 2581]	63.125	160	2.5600000000000002e-70	212	NA	NA	NA
group_1721	sp|P03797.1|	P03797	RecName: Full=Protein 3.8; AltName: Full=Gene product 3.8; Short=Gp3.8 [Escherichia phage T7]	39.344	61	5.94e-6	46.6	NA	NA	NA
group_1723	sp|P03797.1|	P03797	RecName: Full=Protein 3.8; AltName: Full=Gene product 3.8; Short=Gp3.8 [Escherichia phage T7]	40.984	61	2.86e-6	47.4	NA	NA	NA
group_1724	sp|P0A0Q7.1|	P0A0Q7	RecName: Full=Protein VdlD [Helicobacter pylori 26695]	51.773	141	6.249999999999999e-48	155	NA	NA	NA
group_1727	sp|C3JYU1.1|	C3JYU1	RecName: Full=Nucleotide-binding protein PFLU_4927 [Pseudomonas [fluorescens] SBW25]	98.758	161	7.759999999999999e-101	289	NA	NA	NA
group_1747	sp|Q6P8J2.1|	Q6P8J2	RecName: Full=Thialysine N-epsilon-acetyltransferase; AltName: Full=Diamine acetyltransferase 2; AltName: Full=Spermidine/spermine N(1)-acetyltransferase 2; Short=SSAT-2 [Mus musculus]	38.922	167	5.88e-36	125	NA	NA	NA
group_175	sp|Q9I310.1|	Q9I310	RecName: Full=Bifunctional diguanylate cyclase/cyclic di-GMP phosphodiesterase MucR; Short=DGC/PDE; AltName: Full=c-di-GMP-synthesizing enzyme [Pseudomonas aeruginosa PAO1]	44.125	417	8.45e-115	361	NA	NA	NA
group_1751	sp|P39354.2|	P39354	PUTATIVE PSEUDOGENE: RecName: Full=Putative uncharacterized protein YjhD [Escherichia coli K-12]	35.938	64	2.12e-8	52	NA	NA	NA
group_1756	sp|P20378.1|	P20378	RecName: Full=Putative esterase VNG_1336C [Halobacterium salinarum NRC-1]	38.667	75	2.7e-7	50.4	NA	NA	NA
group_1760	sp|Q6ACU3.2|	Q6ACU3	RecName: Full=Putative lipoprotein Lxx21020; Flags: Precursor [Leifsonia xyli subsp. xyli str. CTCB07]	30.435	138	2.26e-10	59.3	NA	NA	NA
group_1766	sp|Q5SID7.1|	Q5SID7	RecName: Full=Cyclic AMP receptor protein; AltName: Full=Cyclic AMP receptor protein/Fumarate and nitrate reduction regulator superfamily protein TTHA1437; Short=CRP/FNR superfamily protein TTHA1437; AltName: Full=cAMP receptor protein; Short=CRP [Thermus thermophilus HB8]	40.816	98	7.21e-15	72	NA	NA	NA
group_1767	sp|P73321.1|	P73321	RecName: Full=Protein MrgA [Synechocystis sp. PCC 6803 substr. Kazusa]	57.616	151	1.62e-62	192	NA	NA	NA
group_177	sp|Q57180.1|	Q57180	RecName: Full=Uncharacterized ABC transporter ATP-binding protein HI_1051 [Haemophilus influenzae Rd KW20]	50.991	555	0	555	NA	NA	NA
group_1779	sp|O96876.1|	O96876	RecName: Full=Protein TCP17 [Trypanosoma cruzi]	42.52	127	1.54e-21	88.2	NA	NA	NA
group_1794	sp|P36934.1|	P36934	RecName: Full=Tail completion protein S; AltName: Full=GpS [Bacteriophage P2]	35.772	123	1.47e-13	67	NA	NA	NA
group_18	sp|P0DXX7.1|	P0DXX7	RecName: Full=Tip attachment protein J; AltName: Full=Central tail fiber; Short=CTF; AltName: Full=gpJ protein [Escherichia phage SECphi27]	33.525	1217	0	642	NA	NA	NA
group_180	sp|Q9I744.1|	Q9I744	RecName: Full=Type VI secretion system component TssF1 [Pseudomonas aeruginosa PAO1]	80.129	619	0	1014	NA	NA	NA
group_1800	sp|P75976.2|	P75976	RecName: Full=Uncharacterized protein YmfL [Escherichia coli K-12]	30.357	112	9.5e-8	52.4	NA	NA	NA
group_1802	sp|P0AE91.1|	P0AE91	RecName: Full=Protein CreA; AltName: Full=Catabolite regulation protein A; Flags: Precursor [Escherichia coli K-12]	64.234	137	1.52e-63	194	NA	NA	NA
group_1806	sp|Q55535.1|	Q55535	RecName: Full=Putative low molecular weight protein-tyrosine-phosphatase slr0328 [Synechocystis sp. PCC 6803 substr. Kazusa]	45.513	156	1.73e-38	131	NA	NA	NA
group_1811	sp|P33355.1|	P33355	RecName: Full=Uncharacterized protein YehS [Escherichia coli K-12]	51.333	150	5.2e-52	165	NA	NA	NA
group_1814	sp|P43015.2|	P43015	RecName: Full=Transcriptional regulator HilA; Short=Protein IagA [Salmonella enterica subsp. enterica serovar Typhimurium str. LT2]	39.241	79	3.91e-6	48.9	NA	NA	NA
group_1819	sp|O07614.1|	O07614	RecName: Full=Uncharacterized N-acetyltransferase YhfO [Bacillus subtilis subsp. subtilis str. 168]	39.597	149	7.12e-27	101	NA	NA	NA
group_1821	sp|P64742.2|	P64742	RecName: Full=Uncharacterized protein Mb0911c [Mycobacterium tuberculosis variant bovis AF2122/97]	41.096	146	9.839999999999999e-30	108	NA	NA	NA
group_1824	sp|P36934.1|	P36934	RecName: Full=Tail completion protein S; AltName: Full=GpS [Bacteriophage P2]	36.986	146	2.0800000000000002e-29	107	NA	NA	NA
group_1825	sp|P36934.1|	P36934	RecName: Full=Tail completion protein S; AltName: Full=GpS [Bacteriophage P2]	38.411	151	1.47e-12	64.3	NA	NA	NA
group_1826	sp|C3K407.1|	C3K407	RecName: Full=UPF0178 protein PFLU_5917 [Pseudomonas [fluorescens] SBW25]	94.702	151	7.05e-97	278	NA	NA	NA
group_1829	sp|E1WAC2.1|	E1WAC2	RecName: Full=Invasion protein IagB; Flags: Precursor [Salmonella enterica subsp. enterica serovar Typhimurium str. SL1344]	50.781	128	1.0999999999999999e-42	142	NA	NA	NA
group_1832	sp|Q9HYH1.1|	Q9HYH1	RecName: Full=Uncharacterized protein PA3435 [Pseudomonas aeruginosa PAO1]	82.119	151	1.39e-85	250	NA	NA	NA
group_1834	sp|P9WNP2.1|	P9WNP2	RecName: Full=3-hydroxyacyl-thioester dehydratase Z; AltName: Full=Enoyl-CoA hydratase 2; AltName: Full=N-related protein; AltName: Full=Nodulation protein [Mycobacterium tuberculosis CDC1551]	49.306	144	2.31e-45	148	NA	NA	NA
group_1835	sp|P0DXF3.1|	P0DXF3	RecName: Full=Functional amyloid chaperone FapA; AltName: Full=Fibril amyloid chaperone protein FapA; Flags: Precursor [Pseudomonas fluorescens]	60.833	120	8.02e-28	103	NA	NA	NA
group_1843	sp|Q43899.1|	Q43899	RecName: Full=Aminoglycoside N(6')-acetyltransferase type 1; AltName: Full=AAC(6')-Ih; AltName: Full=Aminoglycoside resistance protein [Acinetobacter baumannii]	52.593	135	1.7e-40	135	NA	NA	NA
group_1845	sp|Q9XJJ6.1|	Q9XJJ6	RecName: Full=Spanin, inner membrane subunit; Short=i-spanin; AltName: Full=Lysis protein Rz [Escherichia phage 933W]	34.868	152	5.66e-13	65.5	NA	NA	NA
group_1849	sp|I1RV22.1|	I1RV22	RecName: Full=Putative acetyltransferase FG08082; AltName: Full=Butenolide biosynthesis cluster protein FG08082 [Fusarium graminearum PH-1]	30.769	143	4.48e-12	63.5	NA	NA	NA
group_1850	sp|Q9P016.1|	Q9P016	RecName: Full=Thymocyte nuclear protein 1; AltName: Full=Thymocyte protein Thy28 [Homo sapiens]	42.169	166	1.06e-24	97.8	NA	NA	NA
group_1852	sp|C3K5F5.1|	C3K5F5	RecName: Full=UPF0260 protein PFLU_1520 [Pseudomonas [fluorescens] SBW25]	97.315	149	1.0999999999999997e-106	303	NA	NA	NA
group_1854	sp|P51726.1|	P51726	RecName: Full=Putative tail tube protein; AltName: Full=ORF24 [Haemophilus phage HP1c1]	54.286	140	2.32e-45	148	NA	NA	NA
group_1855	sp|P51726.1|	P51726	RecName: Full=Putative tail tube protein; AltName: Full=ORF24 [Haemophilus phage HP1c1]	53.571	140	2.29e-45	148	NA	NA	NA
group_1857	sp|P0A4H2.1|	P0A4H2	RecName: Full=Virulence factors putative positive transcription regulator BvgA [Bordetella pertussis Tohama I]	36.508	126	2.7200000000000002e-21	88.6	NA	NA	NA
group_1858	sp|Q06592.1|	Q06592	RecName: Full=Histone acetyltransferase HPA2 [Saccharomyces cerevisiae S288C]	35.811	148	4.63e-26	99.4	NA	NA	NA
group_1865	sp|P75839.1|	P75839	RecName: Full=UPF0702 transmembrane protein YcaP [Escherichia coli K-12]	30.556	144	3.96e-13	67.4	NA	NA	NA
group_1871	sp|Q9I3A4.1|	Q9I3A4	RecName: Full=Putative esterase PA1618 [Pseudomonas aeruginosa PAO1]	82.857	140	1.95e-85	249	NA	NA	NA
group_1872	sp|P44239.1|	P44239	RecName: Full=Mu-like prophage FluMu protein gp46 [Haemophilus influenzae Rd KW20]	31.724	145	3.87e-10	57.4	NA	NA	NA
group_1876	sp|Q51467.2|	Q51467	RecName: Full=Flagellar protein FliO [Pseudomonas aeruginosa PAO1]	70.455	88	7.68e-36	124	NA	NA	NA
group_1878	sp|P45517.1|	P45517	RecName: Full=Uncharacterized 15.0 kDa protein in dhaT-dhaS intergenic region; AltName: Full=ORFY [Citrobacter freundii]	32.09	134	6.99e-8	51.6	NA	NA	NA
group_1879	sp|P0DUT9.1|	P0DUT9	RecName: Full=Short-chain diamines transporter; AltName: Full=Acinetobacter chlorhexidine efflux protein I [Acinetobacter baumannii ATCC 17978]	37.5	128	1.93e-26	99.8	NA	NA	NA
group_188	sp|Q8YC41.1|	Q8YC41	RecName: Full=Putative binding protein BMEII0691; Flags: Precursor [Brucella melitensis bv. 1 str. 16M]	38.832	582	8.14e-136	412	NA	NA	NA
group_1884	sp|P37248.2|	P37248	RecName: Full=Transposase for insertion sequence element IS1086 [Cupriavidus metallidurans CH34]	60.938	64	1.72e-19	85.9	NA	NA	NA
group_189	sp|O05307.1|	O05307	RecName: Full=Medium/long-chain-fatty-acid--CoA ligase FadD6; AltName: Full=FACL6 [Mycobacterium tuberculosis H37Rv]	40.577	589	7.969999999999999e-148	442	NA	NA	NA
group_1893	sp|P35878.1|	P35878	RecName: Full=Transposase for insertion sequence element IS904 [Lactococcus lactis subsp. lactis Il1403]	43.885	139	5.6e-34	122	NA	NA	NA
group_1895	sp|P45911.1|	P45911	RecName: Full=Uncharacterized protein YqaN [Bacillus subtilis subsp. subtilis str. 168]	33.333	135	1.89e-12	63.5	NA	NA	NA
group_1897	sp|P75976.2|	P75976	RecName: Full=Uncharacterized protein YmfL [Escherichia coli K-12]	33.75	80	3.77e-6	47.8	NA	NA	NA
group_19	sp|P09489.1|	P09489	RecName: Full=Extracellular serine protease; Flags: Precursor [Serratia marcescens]	35.996	1139	2.9599999999999996e-166	525	NA	NA	NA
group_190	sp|Q10211.1|	Q10211	RecName: Full=Uncharacterized protein C4H3.03c [Schizosaccharomyces pombe 972h-]	41.204	631	2.3499999999999998e-138	420	NA	NA	NA
group_1902	sp|P0A649.1|	P0A649	RecName: Full=Uncharacterized HTH-type transcriptional regulator Mb3122 [Mycobacterium tuberculosis variant bovis AF2122/97]	44.898	98	3.76e-21	86.7	NA	NA	NA
group_1909	sp|P00121.1|	P00121	RecName: Full=Cytochrome c5 [Ectopseudomonas mendocina]	83.544	79	4.5499999999999995e-45	145	NA	NA	NA
group_1910	sp|Q9GPR3.1|	Q9GPR3	RecName: Full=TM2 domain-containing protein DDB_G0277895 [Dictyostelium discoideum]	41.538	65	4.05e-11	60.5	NA	NA	NA
group_1911	sp|P72793.1|	P72793	RecName: Full=Protoporphyrinogen IX oxidase; Short=PPO; Short=Protox [Synechocystis sp. PCC 6803 substr. Kazusa]	44.615	130	1.9799999999999996e-31	114	NA	NA	NA
group_1912	sp|P0AF80.1|	P0AF80	RecName: Full=UPF0719 inner membrane protein YjfL [Escherichia coli K-12]	38.655	119	2.36e-24	94	NA	NA	NA
group_192	sp|P55493.1|	P55493	RecName: Full=Uncharacterized protein y4iJ [Sinorhizobium fredii NGR234]	37.438	609	2.32e-103	328	NA	NA	NA
group_1920	sp|P0AF48.1|	P0AF48	RecName: Full=UPF0047 protein YjbQ [Escherichia coli K-12]	58.993	139	3.66e-56	174	NA	NA	NA
group_1924	sp|O22005.2|	O22005	RecName: Full=Probable tail fiber assembly protein; AltName: Full=P37 [Enterobacteria phage SfV]	30	130	8.25e-8	52	NA	NA	NA
group_1926	sp|Q7CXI0.2|	Q7CXI0	RecName: Full=Acetyltransferase Atu2258; AltName: Full=GCN5-related N-acetyltransferase; Short=GNAT [Agrobacterium fabrum str. C58]	37.008	127	1.92e-23	91.7	NA	NA	NA
group_1933	sp|P0A0M6.1|	P0A0M6	RecName: Full=Putative acetyltransferase SAV1054; AltName: Full=GCN5-related N-acetyltransferase; Short=GNAT [Staphylococcus aureus subsp. aureus Mu50]	37.956	137	1.3500000000000002e-26	100	NA	NA	NA
group_194	sp|C0SCV1.2|	C0SCV1	RecName: Full=Probable Xaa-Pro aminopeptidase P; Short=AMPP; Short=Aminopeptidase P; AltName: Full=Aminoacylproline aminopeptidase; AltName: Full=Prolidase [Paracoccidioides brasiliensis Pb03]	37.316	611	5.27e-116	361	NA	NA	NA
group_1957	sp|Q9I644.1|	Q9I644	RecName: Full=Putative esterase PA0474 [Pseudomonas aeruginosa PAO1]	54.962	131	4.87e-35	121	NA	NA	NA
group_1961	sp|P68651.1|	P68651	RecName: Full=P21 prophage-derived protein NinB [Escherichia coli CFT073]	40.187	107	2.11e-12	63.5	NA	NA	NA
group_1964	sp|O66120.1|	O66120	RecName: Full=Uncharacterized acyl-CoA thioester hydrolase ZMO0511 [Zymomonas mobilis subsp. mobilis ZM4 = ATCC 31821]	39.091	110	1.2e-18	79.7	NA	NA	NA
group_1972	sp|P06966.1|	P06966	RecName: Full=HTH-type transcriptional regulator DicA; AltName: Full=Repressor protein of division inhibition gene dicA [Escherichia coli K-12]	31.783	129	1.4e-9	55.8	NA	NA	NA
group_1973	sp|P52758.1|	P52758	RecName: Full=2-iminobutanoate/2-iminopropanoate deaminase; AltName: Full=14.5 kDa translational inhibitor protein; Short=hp14.5; Short=p14.5; AltName: Full=Heat-responsive protein 12; AltName: Full=Reactive intermediate imine deaminase A homolog; AltName: Full=Translation inhibitor L-PSP ribonuclease; AltName: Full=UK114 antigen homolog [Homo sapiens]	32.71	107	7.24e-11	59.3	NA	NA	NA
group_1975	sp|O67712.1|	O67712	RecName: Full=Flagellar protein FliL [Aquifex aeolicus VF5]	30.097	103	8.45e-8	51.6	NA	NA	NA
group_1979	sp|P0A103.1|	P0A103	RecName: Full=ATP synthase protein I [Pseudomonas putida KT2440]	84.444	135	7.15e-71	211	NA	NA	NA
group_1983	sp|P44886.1|	P44886	RecName: Full=Uncharacterized acyl-CoA thioester hydrolase HI_0827 [Haemophilus influenzae Rd KW20]	46.341	123	2.6e-36	124	NA	NA	NA
group_1984	sp|P57362.1|	P57362	RecName: Full=Uncharacterized acyl-CoA thioester hydrolase BU274 [Buchnera aphidicola str. APS (Acyrthosiphon pisum)]	31.579	76	1.07e-6	48.1	NA	NA	NA
group_1996	sp|P0AAR5.1|	P0AAR5	RecName: Full=Inner membrane protein YbaN [Escherichia coli K-12]	38.776	98	5.36e-11	59.3	NA	NA	NA
group_1998	sp|E1VBT6.1|	E1VBT6	RecName: Full=Putative glutathione-dependent formaldehyde-activating enzyme [Halomonas elongata DSM 2581]	31.061	132	9.82e-8	51.2	NA	NA	NA
group_20	sp|Q9I755.1|	Q9I755	RecName: Full=Type VI secretion system component TssM1 [Pseudomonas aeruginosa PAO1]	32.986	288	1.14e-22	109	NA	NA	NA
group_2007	sp|Q05587.2|	Q05587	RecName: Full=Regulatory protein PocR [Salmonella enterica subsp. enterica serovar Typhimurium str. LT2]	33.019	106	4e-13	67.4	NA	NA	NA
group_2008	sp|P31078.2|	P31078	RecName: Full=HTH-type transcriptional regulator PetP [Rhodobacter capsulatus SB 1003]	42.52	127	2.1500000000000002e-26	99.8	NA	NA	NA
group_2011	sp|Q75KW7.1|	Q75KW7	RecName: Full=Two-component response regulator ORR41; AltName: Full=OsRRA14 [Oryza sativa Japonica Group]	33.981	103	9.04e-8	50.8	NA	NA	NA
group_2015	sp|Q3K426.1|	Q3K426	RecName: Full=Ribonuclease P protein component; Short=RNase P protein; Short=RNaseP protein; AltName: Full=Protein C5 [Pseudomonas fluorescens Pf0-1]	97.115	104	1.6399999999999998e-57	177	NA	NA	NA
group_202	sp|P77172.1|	P77172	RecName: Full=Cyclic di-GMP phosphodiesterase PdeF [Escherichia coli K-12]	31.513	238	1.19e-21	103	NA	NA	NA
group_2021	sp|P94533.1|	P94533	RecName: Full=Uncharacterized protein YsfE [Bacillus subtilis subsp. subtilis str. 168]	40.741	54	4.45e-10	55.5	NA	NA	NA
group_2022	sp|P42879.1|	P42879	RecName: Full=Uncharacterized protein R02472 [Sinorhizobium meliloti 1021]	33	100	7.92e-10	56.2	NA	NA	NA
group_2029	sp|P0CF60.1|	P0CF60	PUTATIVE PSEUDOGENE: RecName: Full=Putative transposase InsD for insertion element IS2E [Escherichia coli K-12]	62.602	123	5.9299999999999995e-52	166	NA	NA	NA
group_203	sp|Q9I744.1|	Q9I744	RecName: Full=Type VI secretion system component TssF1 [Pseudomonas aeruginosa PAO1]	30.609	624	1.2899999999999999e-61	218	NA	NA	NA
group_2041	sp|B0ZSH1.1|	B0ZSH1	RecName: Full=Probable tape measure protein; Short=TMP; AltName: Full=Gene product 23; Short=gp23 [Halomonas phage phiHAP-1 Gulf of Mexico/-/2001]	60	125	3.04e-42	150	NA	NA	NA
group_2043	sp|P20370.2|	P20370	RecName: Full=4-carboxymuconolactone decarboxylase; Short=CMD [Acinetobacter baylyi ADP1]	46.721	122	5.79e-36	122	NA	NA	NA
group_205	sp|Q58824.1|	Q58824	RecName: Full=Probable DNA double-strand break repair helicase HerA; AltName: Full=Probable bidirectional DNA 3'-5' and 5'-3' helicase HerA [Methanocaldococcus jannaschii DSM 2661]	36.975	119	2.37e-15	82.4	NA	NA	NA
group_2053	sp|Q91VC0.1|	Q91VC0	RecName: Full=dCTP pyrophosphatase 1; AltName: Full=Deoxycytidine-triphosphatase 1; Short=dCTPase 1; AltName: Full=RS21-C6 [Rattus norvegicus]	51.923	104	8.729999999999998e-31	110	NA	NA	NA
group_206	sp|Q55106.1|	Q55106	RecName: Full=Bicarbonate transport system permease protein CmpB [Synechococcus elongatus PCC 7942 = FACHB-805]	31.724	145	1.81e-7	56.6	NA	NA	NA
group_2065	sp|Q49VD3.2|	Q49VD3	RecName: Full=UPF0382 membrane protein SSP2132 [Staphylococcus saprophyticus subsp. saprophyticus ATCC 15305 = NCTC 7292]	41.584	101	4.88e-13	63.9	NA	NA	NA
group_2068	sp|Q05613.1|	Q05613	RecName: Full=Protein TonB [Pseudomonas putida]	48.276	87	1.16e-23	94.4	NA	NA	NA
group_2069	sp|P44191.1|	P44191	RecName: Full=Uncharacterized protein HI_1420 [Haemophilus influenzae Rd KW20]	32.941	85	8.06e-12	60.1	NA	NA	NA
group_2070	sp|P0A1S8.1|	P0A1S8	RecName: Full=Putative HNH nuclease YajD [Salmonella enterica subsp. enterica serovar Typhimurium str. LT2]	56.863	102	3.77e-39	130	NA	NA	NA
group_2074	sp|P00081.1|	P00081	RecName: Full=Cytochrome c2 [Agrobacterium tumefaciens (strain II CHRYS)]	50.495	101	1.05e-28	103	NA	NA	NA
group_2079	sp|O34593.1|	O34593	RecName: Full=Uncharacterized protein YjqA [Bacillus subtilis subsp. subtilis str. 168]	48.515	101	6.22e-25	94.7	NA	NA	NA
group_2082	sp|Q4K6I1.1|	Q4K6I1	RecName: Full=UPF0102 protein PFL_5073 [Pseudomonas protegens Pf-5]	76.423	123	3.81e-65	196	NA	NA	NA
group_2086	sp|P17909.3|	P17909	RecName: Full=Protein TraJ; AltName: Full=Relaxosome protein [Escherichia coli]	47.826	69	9.59e-7	47.8	NA	NA	NA
group_21	sp|Q9HWB8.1|	Q9HWB8	RecName: Full=Nuclease SbcCD subunit C [Pseudomonas aeruginosa PAO1]	43.939	660	5.2000000000000005e-105	362	NA	NA	NA
group_2101	sp|P39889.1|	P39889	RecName: Full=Tetracenomycin-F1 monooxygenase; AltName: Full=Tetracenomycin polyketide synthesis hydroxylase TcmH [Streptomyces glaucescens]	35.714	70	3.47e-6	45.8	NA	NA	NA
group_2103	sp|Q84V25.1|	Q84V25	RecName: Full=2-methylene-furan-3-one reductase; AltName: Full=Enone oxidoreductase; Short=FaEO; AltName: Full=Quinone oxidoreductase; Short=FaQR [Fragaria x ananassa]	47.273	110	2.9000000000000004e-21	89.4	NA	NA	NA
group_211	sp|P59217.1|	P59217	RecName: Full=Putative terminase large subunit [Enterobacteria phage SfV]	66.252	563	0	815	NA	NA	NA
group_212	sp|P75681.3|	P75681	PUTATIVE PSEUDOGENE: RecName: Full=Putative ferric transport system permease-like protein AfuB [Escherichia coli K-12]	34.783	115	3.67e-11	63.9	NA	NA	NA
group_2120	sp|Q99MY2.1|	Q99MY2	RecName: Full=Diphosphoinositol polyphosphate phosphohydrolase 2; Short=DIPP-2; AltName: Full=Diadenosine 5',5'''-P1,P6-hexaphosphate hydrolase 2; AltName: Full=Nucleoside diphosphate-linked moiety X motif 4; Short=Nudix motif 4 [Rattus norvegicus]	37.079	89	3.94e-7	49.7	NA	NA	NA
group_213	sp|P85501.2|	P85501	RecName: Full=Tape measure protein; Short=TMP; AltName: Full=ORF10 protein; AltName: Full=Structural protein 1 [Pseudomonas phage PAJU2]	58.163	98	2.27e-28	124	NA	NA	NA
group_2132	sp|P55503.1|	P55503	RecName: Full=Uncharacterized protein y4jC [Sinorhizobium fredii NGR234]	31.818	110	1.77e-10	57	NA	NA	NA
group_2135	sp|C3K0W5.1|	C3K0W5	RecName: Full=Putative pterin-4-alpha-carbinolamine dehydratase; Short=PHS; AltName: Full=4-alpha-hydroxy-tetrahydropterin dehydratase; AltName: Full=Pterin carbinolamine dehydratase; Short=PCD [Pseudomonas [fluorescens] SBW25]	99.153	118	4.3399999999999994e-72	213	NA	NA	NA
group_2139	sp|P30791.1|	P30791	RecName: Full=Uncharacterized HTH-type transcriptional regulator in himA 3'region [Rhodobacter capsulatus]	54.717	53	4.34e-14	65.1	NA	NA	NA
group_214	sp|Q5T089.2|	Q5T089	RecName: Full=MORN repeat-containing protein 1 [Homo sapiens]	34.715	193	6.85e-22	102	NA	NA	NA
group_2145	sp|Q57498.1|	Q57498	RecName: Full=Uncharacterized protein HI_1053 [Haemophilus influenzae Rd KW20]	66.964	112	3.67e-31	109	NA	NA	NA
group_2149	sp|Q9WXM9.1|	Q9WXM9	RecName: Full=UPF0166 protein TM_0021 [Thermotoga maritima MSB8]	33.75	80	4.64e-9	53.1	NA	NA	NA
group_215	sp|P15321.1|	P15321	RecName: Full=Hemolysin transporter protein ShlB; Flags: Precursor [Serratia marcescens]	38.969	485	4.41e-81	267	NA	NA	NA
group_2163	sp|Q50229.1|	Q50229	RecName: Full=Putative regulatory protein FmdB [Methylophilus methylotrophus]	34.454	119	2.12e-15	69.7	NA	NA	NA
group_2172	sp|P38521.2|	P38521	RecName: Full=Ribosome assembly factor YggL [Escherichia coli K-12]	42.991	107	2.2100000000000003e-21	84.7	NA	NA	NA
group_2173	sp|Q52996.2|	Q52996	RecName: Full=Uncharacterized protein R00369 [Sinorhizobium meliloti 1021]	37.391	115	1.13e-13	65.5	NA	NA	NA
group_2177	sp|Q9Z3Q3.1|	Q9Z3Q3	RecName: Full=Probable K(+)/H(+) antiporter subunit G; AltName: Full=pH adaptation potassium efflux system protein G; Short=Pha system subunit G [Sinorhizobium meliloti 1021]	44.872	78	6.2e-9	53.1	NA	NA	NA
group_218	sp|Q8L7Y9.1|	Q8L7Y9	RecName: Full=Non-specific phospholipase C1; Flags: Precursor [Arabidopsis thaliana]	35.345	116	6.03e-11	68.6	NA	NA	NA
group_2189	sp|P0AFJ1.1|	P0AFJ1	RecName: Full=Phosphonoacetate hydrolase YjdM [Escherichia coli K-12]	67.273	110	5.66e-51	159	NA	NA	NA
group_2196	sp|P62958.2|	P62958	RecName: Full=Adenosine 5'-monophosphoramidase HINT1; AltName: Full=17 kDa inhibitor of protein kinase C; AltName: Full=Desumoylating isopeptidase HINT1; AltName: Full=Histidine triad nucleotide-binding protein 1; AltName: Full=Protein kinase C inhibitor 1; AltName: Full=Protein kinase C-interacting protein 1; Short=PKCI-1 [Bos taurus]	60.36	111	6.73e-49	154	NA	NA	NA
group_22	sp|P85501.2|	P85501	RecName: Full=Tape measure protein; Short=TMP; AltName: Full=ORF10 protein; AltName: Full=Structural protein 1 [Pseudomonas phage PAJU2]	44.118	102	3.01e-15	84.7	NA	NA	NA
group_220	sp|Q6FA79.1|	Q6FA79	RecName: Full=Type IV pilus assembly ATPase TfpB; AltName: Full=Type four pilus PilB-like protein [Acinetobacter baylyi ADP1]	52.583	542	0	557	NA	NA	NA
group_2200	sp|Q9MCT0.1|	Q9MCT0	RecName: Full=Head completion protein gp7; AltName: Full=Connector protein gp7; AltName: Full=Gene product 7; Short=Gp7; AltName: Full=Stopper protein gp7 [Escherichia phage HK97]	31.313	99	2.74e-8	51.2	NA	NA	NA
group_2205	sp|Q9ZDD7.1|	Q9ZDD7	RecName: Full=Uncharacterized protein RP394 [Rickettsia prowazekii str. Madrid E]	36.145	83	3.61e-18	76.6	NA	NA	NA
group_221	sp|Q5SKN9.1|	Q5SKN9	RecName: Full=Long-chain-fatty-acid--CoA ligase; AltName: Full=Long-chain fatty acyl-CoA synthetase; Short=LC-FACS [Thermus thermophilus HB8]	40.562	498	1.36e-94	302	NA	NA	NA
group_2213	sp|P50359.2|	P50359	RecName: Full=Uncharacterized protein y4hO [Sinorhizobium fredii NGR234]	31.25	96	4.75e-7	47.8	NA	NA	NA
group_2222	sp|Q57134.1|	Q57134	RecName: Full=Uncharacterized protein HI_1008; Flags: Precursor [Haemophilus influenzae Rd KW20]	48.276	87	1.26e-12	62.4	NA	NA	NA
group_2232	sp|P0C5W3.1|	P0C5W3	RecName: Full=Transposase InsC for insertion element IS2A/D/F/H/I/K [Escherichia coli]	69.388	98	7.55e-40	131	NA	NA	NA
group_2236	sp|P69202.1|	P69202	RecName: Full=Repressor protein C2 [Lederbergvirus P22]	42.574	101	1.15e-19	82.8	NA	NA	NA
group_2243	sp|P09962.1|	P09962	RecName: Full=Antiholin; AltName: Full=Lysis inhibitor 13-108 [Lederbergvirus P22]	31.633	98	7.6e-9	52.4	NA	NA	NA
group_2247	sp|C0H3S9.1|	C0H3S9	RecName: Full=Uncharacterized HTH-type transcriptional regulator YbzH [Bacillus subtilis subsp. subtilis str. 168]	38.542	96	1.38e-17	74.3	NA	NA	NA
group_2251	sp|G8Q5R9.1|	G8Q5R9	RecName: Full=Transcription factor AmrZ [Pseudomonas ogarae]	96.296	108	5.3100000000000006e-70	207	NA	NA	NA
group_226	sp|P46339.2|	P46339	RecName: Full=Probable ABC transporter permease protein YqgH [Bacillus subtilis subsp. subtilis str. 168]	31.068	206	2.44e-14	77.4	NA	NA	NA
group_2275	sp|P40784.2|	P40784	RecName: Full=Tail fiber assembly protein homolog from lambdoid prophage Fels-1 [Salmonella enterica subsp. enterica serovar Typhimurium str. LT2]	45	80	1.32e-12	63.9	NA	NA	NA
group_2276	sp|P42436.1|	P42436	RecName: Full=Assimilatory nitrite reductase [NAD(P)H] small subunit [Bacillus subtilis subsp. subtilis str. 168]	41.333	75	1.34e-18	77	NA	NA	NA
group_228	sp|Q9ABX9.1|	Q9ABX9	RecName: Full=Uncharacterized signaling protein CC_0091 [Caulobacter vibrioides CB15]	39.326	445	1.17e-83	280	NA	NA	NA
group_2280	sp|P51732.1|	P51732	RecName: Full=Uncharacterized 12.7 kDa protein in lys 3'region; AltName: Full=ORF28 [Haemophilus phage HP1c1]	51.042	96	3.78e-25	94	NA	NA	NA
group_2282	sp|P51732.1|	P51732	RecName: Full=Uncharacterized 12.7 kDa protein in lys 3'region; AltName: Full=ORF28 [Haemophilus phage HP1c1]	53.125	96	1.92e-27	99.8	NA	NA	NA
group_229	sp|Q9HZP5.1|	Q9HZP5	RecName: Full=Electron transfer flavoprotein-ubiquinone oxidoreductase; Short=ETF-QO; Short=ETF-ubiquinone oxidoreductase; AltName: Full=Electron-transferring-flavoprotein dehydrogenase; Short=ETF dehydrogenase [Pseudomonas aeruginosa PAO1]	83.755	554	0	964	NA	NA	NA
group_2292	sp|Q9KD39.1|	Q9KD39	RecName: Full=GTP cyclohydrolase 1 type 2 homolog [Halalkalibacterium halodurans C-125]	46.078	102	2.27e-17	78.6	NA	NA	NA
group_2296	sp|A0A0F6B8D9.1|	A0A0F6B8D9	RecName: Full=Antitoxin TacA1; AltName: Full=Antitoxin A8 [Salmonella enterica subsp. enterica serovar Typhimurium str. 14028S]	40.964	83	7.33e-13	62	NA	NA	NA
group_23	sp|P40330.2|	P40330	RecName: Full=Virulence sensor protein BvgS; Flags: Precursor [Bordetella parapertussis 12822]	35.164	1220	0	637	NA	NA	NA
group_230	sp|P9WGF6.1|	P9WGF6	RecName: Full=Probable sulfate transporter MT1781 [Mycobacterium tuberculosis CDC1551]	31.4	500	1.82e-31	131	NA	NA	NA
group_2314	sp|P39213.1|	P39213	RecName: Full=Transposase InsN for insertion sequence element IS911 [Shigella dysenteriae]	50.505	99	6.689999999999999e-24	90.5	NA	NA	NA
group_2319	sp|Q02QI1.1|	Q02QI1	RecName: Full=STAS-domain containing protein PA14_20770 [Pseudomonas aeruginosa UCBPP-PA14]	59.406	101	3.31e-42	136	NA	NA	NA
group_233	sp|Q9HUB1.1|	Q9HUB1	RecName: Full=Methyl-accepting chemotaxis protein McpK; AltName: Full=Methyl-accepting chemotaxis protein K [Pseudomonas aeruginosa PAO1]	44.928	345	9.539999999999999e-41	159	NA	NA	NA
group_2330	sp|P64578.1|	P64578	RecName: Full=mRNA interferase toxin HigB; AltName: Full=Endoribonuclease HigB; AltName: Full=Toxin HigB [Escherichia coli K-12]	33.333	99	4.48e-8	50.1	NA	NA	NA
group_234	sp|P51735.1|	P51735	RecName: Full=Probable tail fiber protein; AltName: Full=Gene product 31; Short=gp31; AltName: Full=ORF31 [Haemophilus phage HP1c1]	38.062	289	1.1999999999999999e-46	178	NA	NA	NA
group_235	sp|P03710.1|	P03710	RecName: Full=Portal protein B; AltName: Full=GpB; AltName: Full=Minor capsid protein B; Contains: RecName: Full=Protein B* [Escherichia phage Lambda]	30.938	501	7.57e-70	236	NA	NA	NA
group_237	sp|Q71TL0.1|	Q71TL0	RecName: Full=DNA N-6-adenine-methyltransferase; Short=DAM; AltName: Full=EcoP1I DNA MTase; Short=M.EcoP1I; AltName: Full=Type II methyltransferase M.EphP1ORF2P; Short=M.EphP1ORF2P [Escherichia phage P1]	46.214	383	2.8899999999999998e-83	278	NA	NA	NA
group_238	sp|B2HGV4.1|	B2HGV4	RecName: Full=Long-chain-fatty-acid--CoA ligase FadD15; Short=FACL; AltName: Full=Acyl-CoA synthetase [Mycobacterium marinum M]	30.981	581	3.3e-62	218	NA	NA	NA
group_2396	sp|P55534.1|	P55534	RecName: Full=Putative toxin Y4kP [Sinorhizobium fredii NGR234]	40.845	71	1.05e-8	51.2	NA	NA	NA
group_2398	sp|Q66IM5.1|	Q66IM5	RecName: Full=Protein NATD1; AltName: Full=N-acetyltransferase domain-containing protein 1 [Xenopus tropicalis]	35.294	85	1.73e-12	61.2	NA	NA	NA
group_24	sp|P55383.1|	P55383	RecName: Full=Uncharacterized protein y4cA [Sinorhizobium fredii NGR234]	34.922	1217	0	581	NA	NA	NA
group_2408	sp|A4TGY3.1|	A4TGY3	RecName: Full=Protein TusB; AltName: Full=tRNA 2-thiouridine synthesizing protein B [Yersinia pestis Pestoides F]	33.663	101	3.88e-6	44.3	NA	NA	NA
group_2409	sp|Q52983.1|	Q52983	RecName: Full=Probable K(+)/H(+) antiporter subunit F; AltName: Full=pH adaptation potassium efflux system protein F; Short=Pha system subunit F [Sinorhizobium meliloti 1021]	61.644	73	5.17e-25	92.4	NA	NA	NA
group_2417	sp|C3K2M0.1|	C3K2M0	RecName: Full=UPF0250 protein PFLU_5418 [Pseudomonas [fluorescens] SBW25]	90.11	91	1.2499999999999999e-54	167	NA	NA	NA
group_2418	sp|Q88P81.1|	Q88P81	RecName: Full=UPF0213 protein PP_0972 [Pseudomonas putida KT2440]	75	80	2.23e-38	126	NA	NA	NA
group_2426	sp|Q5E4H8.1|	Q5E4H8	RecName: Full=DNA transformation protein TfoY; AltName: Full=DNA transformation protein TfoX2 [Aliivibrio fischeri ES114]	34.615	78	3.2e-8	51.6	NA	NA	NA
group_2439	sp|P76168.3|	P76168	RecName: Full=Putative defective protein IntQ; AltName: Full=Putative lambdoid prophage Qin defective integrase [Escherichia coli K-12]	44.231	52	1.7e-8	53.1	NA	NA	NA
group_2442	sp|P35535.1|	P35535	RecName: Full=Flagellar biosynthetic protein FliQ [Bacillus subtilis subsp. subtilis str. 168]	39.759	83	5.96e-16	69.3	NA	NA	NA
group_245	sp|P55546.1|	P55546	RecName: Full=Uncharacterized protein y4lF [Sinorhizobium fredii NGR234]	57.931	145	1.27e-49	177	NA	NA	NA
group_246	sp|A5W2C8.1|	A5W2C8	RecName: Full=Methyl-accepting chemotaxis protein PcaY; AltName: Full=Aromatic acid chemoreceptor PcaY [Pseudomonas putida F1]	51.393	323	1.42e-47	176	NA	NA	NA
group_2467	sp|P69982.1|	P69982	RecName: Full=Yop proteins translocation protein S [Yersinia pestis]	57.143	70	6.22e-10	53.9	NA	NA	NA
group_247	sp|Q9Z429.1|	Q9Z429	RecName: Full=Methyl-accepting chemotaxis protein NahY [Pseudomonas putida]	43.519	432	4.2599999999999996e-69	234	NA	NA	NA
group_248	sp|Q9Z429.1|	Q9Z429	RecName: Full=Methyl-accepting chemotaxis protein NahY [Pseudomonas putida]	46.445	422	3.21e-63	219	NA	NA	NA
group_2481	sp|P76231.2|	P76231	RecName: Full=Uncharacterized protein YeaC [Escherichia coli K-12]	40.351	57	6.33e-9	51.2	NA	NA	NA
group_2487	sp|P02989.1|	P02989	RecName: Full=Protein L [Escherichia coli]	49.412	85	1.76e-12	60.5	NA	NA	NA
group_25	sp|P26762.2|	P26762	RecName: Full=Virulence sensor protein BvgS; Flags: Precursor [Bordetella bronchiseptica RB50]	40.991	1171	0	813	NA	NA	NA
group_250	sp|B8MXP5.1|	B8MXP5	RecName: Full=Probable beta-glucosidase btgE; AltName: Full=Beta-D-glucoside glucohydrolase btgE; AltName: Full=Cellobiase btgE; AltName: Full=Gentiobiase btgE; Flags: Precursor [Aspergillus flavus NRRL3357]	31.933	238	4.6e-16	84.7	NA	NA	NA
group_251	sp|Q9Z429.1|	Q9Z429	RecName: Full=Methyl-accepting chemotaxis protein NahY [Pseudomonas putida]	33.191	235	2.34e-24	110	NA	NA	NA
group_2516	sp|A4ZFA6.1|	A4ZFA6	RecName: Full=Terminase small subunit [Dubowvirus dv80alpha]	46.552	58	2.99e-9	53.1	NA	NA	NA
group_2517	sp|O64333.1|	O64333	RecName: Full=Tail tip assembly protein K; AltName: Full=Gene product 19; Short=gp19; AltName: Full=Probable endopeptidase; AltName: Full=Tail assembly protein K [Escherichia phage N15]	40.789	76	1.08e-8	53.1	NA	NA	NA
group_2518	sp|P76063.1|	P76063	RecName: Full=Putative transcriptional regulator YdaS [Escherichia coli K-12]	40.541	74	2.69e-9	52.4	NA	NA	NA
group_2521	sp|P11221.1|	P11221	RecName: Full=Major outer membrane lipoprotein; Short=Outer membrane lipoprotein I; Flags: Precursor [Pseudomonas aeruginosa PAO1]	96.386	83	2.92e-13	62	NA	NA	NA
group_2524	sp|Q88L76.1|	Q88L76	RecName: Full=UPF0337 protein PP_2059 [Pseudomonas putida KT2440]	61.29	62	3.23e-19	77	NA	NA	NA
group_253	sp|O34849.1|	O34849	RecName: Full=Glutamate synthase large subunit-like protein YerD [Bacillus subtilis subsp. subtilis str. 168]	36.364	506	1.9199999999999997e-101	318	NA	NA	NA
group_2533	sp|P55630.1|	P55630	RecName: Full=Uncharacterized protein y4qI [Sinorhizobium fredii NGR234]	37.647	85	3.5e-9	54.7	NA	NA	NA
group_255	sp|P16701.1|	P16701	RecName: Full=Sulfate transport system permease protein CysT [Escherichia coli K-12]	32.857	140	5.03e-10	63.9	NA	NA	NA
group_2558	sp|P04132.1|	P04132	RecName: Full=Repressor protein C [Bacteriophage P2]	35.526	76	6.25e-13	61.6	NA	NA	NA
group_2559	sp|P12552.1|	P12552	RecName: Full=Uncharacterized protein ORF88; AltName: Full=Putative DNA-binding protein [Enterobacteria phage P4]	42.308	52	7.67e-10	53.5	NA	NA	NA
group_256	sp|P75436.1|	P75436	RecName: Full=Type I restriction enzyme MpnII methylase subunit; Short=M protein; AltName: Full=Type I methyltransferase M.MpnII; Short=M.MpnII [Mycoplasmoides pneumoniae M129]	35.261	536	2.72e-97	308	NA	NA	NA
group_2562	sp|P45026.1|	P45026	RecName: Full=Uncharacterized protein HI_1082 [Haemophilus influenzae Rd KW20]	41.333	75	5.62e-14	63.9	NA	NA	NA
group_2566	sp|P04132.1|	P04132	RecName: Full=Repressor protein C [Bacteriophage P2]	40	75	2.13e-14	65.1	NA	NA	NA
group_257	sp|Q3ULD5.1|	Q3ULD5	RecName: Full=Methylcrotonoyl-CoA carboxylase beta chain, mitochondrial; Short=MCCase subunit beta; AltName: Full=3-methylcrotonyl-CoA carboxylase 2; AltName: Full=3-methylcrotonyl-CoA carboxylase non-biotin-containing subunit; AltName: Full=3-methylcrotonyl-CoA:carbon dioxide ligase subunit beta; Flags: Precursor [Mus musculus]	68.097	536	0	746	NA	NA	NA
group_2570	sp|P04132.1|	P04132	RecName: Full=Repressor protein C [Bacteriophage P2]	38.158	76	3.78e-12	59.3	NA	NA	NA
group_2574	sp|P0AD40.1|	P0AD40	RecName: Full=Uncharacterized protein YpeB [Escherichia coli K-12]	47.826	69	3.23e-13	61.6	NA	NA	NA
group_2576	sp|P76063.1|	P76063	RecName: Full=Putative transcriptional regulator YdaS [Escherichia coli K-12]	38.596	57	2.66e-6	44.3	NA	NA	NA
group_258	sp|P26700.2|	P26700	RecName: Full=Probable tail fiber protein; AltName: Full=GpH [Bacteriophage P2]	38.667	300	6.73e-43	165	NA	NA	NA
group_2588	sp|Q5E7H1.1|	Q5E7H1	RecName: Full=DNA-binding protein VF_0530 [Aliivibrio fischeri ES114]	65.217	69	5.390000000000001e-29	101	NA	NA	NA
group_259	sp|P21409.2|	P21409	RecName: Full=Fe(3+)-transport system permease protein SfuB; AltName: Full=Iron(III)-transport system permease protein SfuB [Serratia marcescens]	74.639	485	0	531	NA	NA	NA
group_26	sp|Q9I755.1|	Q9I755	RecName: Full=Type VI secretion system component TssM1 [Pseudomonas aeruginosa PAO1]	77.293	1101	0	1564	NA	NA	NA
group_260	sp|Q51080.1|	Q51080	RecName: Full=3'-hydroxymethylcephem-O-carbamoyltransferase; Short=3'-hydroxymethylcephem-O-CASE; Short=CCT [Amycolatopsis lactamdurans]	42.389	519	1.49e-141	421	NA	NA	NA
group_261	sp|A0A4D6G3C8.1|	A0A4D6G3C8	RecName: Full=Cholesterol oxidase; Short=CHOX; AltName: Full=Cholesterol isomerase [Acinetobacter baumannii]	40	65	2.46e-6	53.9	NA	NA	NA
group_2610	sp|Q3K8R4.1|	Q3K8R4	RecName: Full=UPF0270 protein Pfl01_4103 [Pseudomonas fluorescens Pf0-1]	98.667	75	5.86e-49	151	NA	NA	NA
group_2619	sp|Q46866.2|	Q46866	RecName: Full=Probable transcriptional regulator YgiV [Escherichia coli K-12]	46.575	73	3.03e-18	76.6	NA	NA	NA
group_262	sp|Q9HUB1.1|	Q9HUB1	RecName: Full=Methyl-accepting chemotaxis protein McpK; AltName: Full=Methyl-accepting chemotaxis protein K [Pseudomonas aeruginosa PAO1]	38.961	231	6.04e-11	68.6	NA	NA	NA
group_2625	sp|O31834.1|	O31834	RecName: Full=Uncharacterized HTH-type transcriptional regulator YozG [Bacillus subtilis subsp. subtilis str. 168]	56.923	65	1.54e-20	80.1	NA	NA	NA
group_2648	sp|Q9HY80.1|	Q9HY80	RecName: Full=Bacterioferritin-associated ferredoxin; Short=Bfd [Pseudomonas aeruginosa PAO1]	86.275	51	5.18e-26	93.6	NA	NA	NA
group_265	sp|P16326.1|	P16326	RecName: Full=Flagellar hook-associated protein 3; Short=HAP3; AltName: Full=Hook-filament junction protein [Salmonella enterica subsp. enterica serovar Typhimurium str. LT2]	36.216	185	2.23e-22	101	NA	NA	NA
group_266	sp|Q8VPD4.1|	Q8VPD4	RecName: Full=L-amino acid oxidase; Short=L-AAO; Short=LAO; Short=roLAAO; Flags: Precursor [Rhodococcus opacus]	34.686	542	2.82e-79	261	NA	NA	NA
group_2666	sp|P38366.1|	P38366	RecName: Full=Molybdenum-pterin-binding protein 3; AltName: Full=Molybdenum-pterin-binding protein III [Clostridium pasteurianum]	41.538	65	1.46e-6	44.3	NA	NA	NA
group_267	sp|Q6FFQ0.1|	Q6FFQ0	RecName: Full=Alpha-ketoglutaric semialdehyde dehydrogenase; Short=alphaKGSA dehydrogenase; AltName: Full=2,5-dioxovalerate dehydrogenase [Acinetobacter baylyi ADP1]	57.795	526	0	522	NA	NA	NA
group_2670	sp|H9L4C5.1|	H9L4C5	RecName: Full=SPI-2 type 3 secretion system needle filament protein; Short=T3SS-2 needle filament protein [Salmonella enterica subsp. enterica serovar Typhimurium str. LT2]	46.479	71	1.3e-18	74.7	NA	NA	NA
group_2671	sp|Q37907.2|	Q37907	RecName: Full=Regulatory protein cro; AltName: Full=Antirepressor [Pseudomonas phage D3]	73.239	71	6.59e-33	110	NA	NA	NA
group_2694	sp|P76071.1|	P76071	RecName: Full=Transposase InsH for insertion sequence element IS5Y [Escherichia coli K-12]	61.538	52	3.59e-14	67.8	NA	NA	NA
group_2701	sp|Q2W3R9.1|	Q2W3R9	RecName: Full=Thiazole synthase [Paramagnetospirillum magneticum AMB-1]	46.97	66	1.08e-11	60.8	NA	NA	NA
group_2704	sp|Q87WD6.1|	Q87WD6	RecName: Full=Inorganic pyrophosphatase 2; AltName: Full=Pyrophosphate phospho-hydrolase 2; Short=PPase 2 [Pseudomonas syringae pv. tomato str. DC3000]	47.619	105	7.93e-15	67.8	NA	NA	NA
group_2712	sp|P03040.1|	P03040	RecName: Full=Regulatory protein cro [Escherichia phage Lambda]	44.444	63	7.69e-12	57.4	NA	NA	NA
group_2716	sp|P0AAS9.1|	P0AAS9	RecName: Full=Uncharacterized protein YbdD [Escherichia coli K-12]	67.692	65	4.81e-30	103	NA	NA	NA
group_2718	sp|Q8XQR9.3|	Q8XQR9	RecName: Full=Probable tautomerase RSp1151 [Ralstonia pseudosolanacearum GMI1000]	74.194	62	6.2299999999999996e-24	87.8	NA	NA	NA
group_273	sp|P76389.2|	P76389	RecName: Full=UPF0053 protein YegH [Escherichia coli K-12]	50.575	522	1.89e-141	421	NA	NA	NA
group_274	sp|P29013.2|	P29013	RecName: Full=Uncharacterized protein YcgB [Escherichia coli K-12]	67.343	493	0	711	NA	NA	NA
group_2747	sp|P09964.1|	P09964	RecName: Full=Regulatory protein cro; AltName: Full=Antirepressor [Lederbergvirus P22]	41.176	51	2.59e-6	43.1	NA	NA	NA
group_275	sp|A0A0H3LVU7.1|	A0A0H3LVU7	RecName: Full=Diguanylate cyclase BdcA; AltName: Full=Bordetella diguanylate cyclase A [Bordetella bronchiseptica RB50]	35.892	482	4.93e-90	288	NA	NA	NA
group_2752	sp|C3JY28.1|	C3JY28	RecName: Full=Methyltransferase activator Trm112 homolog [Pseudomonas [fluorescens] SBW25]	100	61	3.2899999999999996e-37	120	NA	NA	NA
group_277	sp|P75617.1|	P75617	RecName: Full=UPF0174 protein YaaW [Escherichia coli K-12]	30	180	4.46e-8	57.4	NA	NA	NA
group_2781	sp|P0C1F7.1|	P0C1F7	RecName: Full=Heme exporter protein D; AltName: Full=Cytochrome c-type biogenesis protein CcmD [Pseudomonas fluorescens]	93.103	58	1.5399999999999999e-34	114	NA	NA	NA
group_281	sp|Q55434.1|	Q55434	RecName: Full=Phytochrome-like protein cph2; AltName: Full=Bacteriophytochrome cph2 [Synechocystis sp. PCC 6803 substr. Kazusa]	42.012	169	1.75e-31	133	NA	NA	NA
group_2818	sp|Q7WJ43.1|	Q7WJ43	RecName: Full=Uncharacterized transporter BB2657 [Bordetella bronchiseptica RB50]	79.245	53	1.14e-20	85.9	NA	NA	NA
group_282	sp|Q9I748.1|	Q9I748	RecName: Full=Type VI secretion system sheath protein TssC1; AltName: Full=Sheath protein HsiC1 [Pseudomonas aeruginosa PAO1]	41.126	462	1.4599999999999996e-119	363	NA	NA	NA
group_2820	sp|Q9I5W9.1|	Q9I5W9	RecName: Full=PMP3 family protein PA0567 [Pseudomonas aeruginosa PAO1]	88.462	52	2.32e-19	75.1	NA	NA	NA
group_283	sp|P26700.2|	P26700	RecName: Full=Probable tail fiber protein; AltName: Full=GpH [Bacteriophage P2]	35.664	286	1.2899999999999998e-35	144	NA	NA	NA
group_2832	sp|Q56897.1|	Q56897	RecName: Full=Transposase for insertion sequence element IS1328 [Yersinia enterocolitica]	44	50	1.81e-10	56.6	NA	NA	NA
group_284	sp|P26700.2|	P26700	RecName: Full=Probable tail fiber protein; AltName: Full=GpH [Bacteriophage P2]	34.722	288	2.87e-26	116	NA	NA	NA
group_285	sp|Q9I3H5.1|	Q9I3H5	RecName: Full=Baeyer-Villiger monooxygenase; Short=BVMO [Pseudomonas aeruginosa PAO1]	55.741	479	0	582	NA	NA	NA
group_287	sp|Q55434.1|	Q55434	RecName: Full=Phytochrome-like protein cph2; AltName: Full=Bacteriophytochrome cph2 [Synechocystis sp. PCC 6803 substr. Kazusa]	43.103	174	1.93e-35	144	NA	NA	NA
group_289	sp|Q92I85.1|	Q92I85	RecName: Full=Putative transporter AmpG 4 [Rickettsia conorii str. Malish 7]	32.618	233	2.86e-21	99.4	NA	NA	NA
group_2892	sp|P39213.1|	P39213	RecName: Full=Transposase InsN for insertion sequence element IS911 [Shigella dysenteriae]	47.475	99	8.689999999999999e-23	87.8	NA	NA	NA
group_290	sp|P59789.1|	P59789	RecName: Full=Probable alginate O-acetylase AlgI; AltName: Full=Alginate biosynthesis protein AlgI [Pseudomonas fluorescens]	95.49	510	0	891	NA	NA	NA
group_2901	sp|P73709.1|	P73709	RecName: Full=Uncharacterized protein slr1819 [Synechocystis sp. PCC 6803 substr. Kazusa]	33.628	226	1.63e-10	67	NA	NA	NA
group_2902	sp|P28722.2|	P28722	RecName: Full=Uncharacterized fimbrial chaperone YhcA; Flags: Precursor [Escherichia coli K-12]	37.838	222	6.52e-49	163	NA	NA	NA
group_2903	sp|P28722.2|	P28722	RecName: Full=Uncharacterized fimbrial chaperone YhcA; Flags: Precursor [Escherichia coli K-12]	40.865	208	3.12e-50	167	NA	NA	NA
group_2904	sp|Q8P5Z7.1|	Q8P5Z7	RecName: Full=Probable fructose-bisphosphate aldolase class 1; AltName: Full=Fructose-bisphosphate aldolase class I; Short=FBP aldolase [Xanthomonas campestris pv. campestris str. ATCC 33913]	54.328	335	2.7699999999999997e-116	343	NA	NA	NA
group_2907	sp|P0DPE4.1|	P0DPE4	RecName: Full=Carboxynorspermidine synthase; Short=C-NSPD synthase; AltName: Full=Carboxynorspermidine dehydrogenase; Short=CANSDH [Vibrio alginolyticus NBRC 15630 = ATCC 17749]	46.25	400	3.4999999999999997e-113	341	NA	NA	NA
group_2918	sp|P44190.1|	P44190	RecName: Full=Uncharacterized protein HI_1419 [Haemophilus influenzae Rd KW20]	42.169	83	3.5e-19	78.6	NA	NA	NA
group_293	sp|Q886D9.1|	Q886D9	RecName: Full=Polyphosphate:AMP phosphotransferase; Short=PAP; AltName: Full=Polyphosphate kinase PPK2 [Pseudomonas syringae pv. tomato str. DC3000]	80.73	493	0	819	NA	NA	NA
group_2933	sp|A6B4U8.1|	A6B4U8	RecName: Full=DNA base-flipping protein; AltName: Full=Alkyltransferase-like protein ATL; AltName: Full=vpAtl [Vibrio parahaemolyticus AQ3810]	35.789	95	6.22e-12	60.5	NA	NA	NA
group_2939	sp|Q9HX72.1|	Q9HX72	RecName: Full=Acetyltransferase PA3944; AltName: Full=GCN5-related N-acetyltransferase; Short=GNAT [Pseudomonas aeruginosa PAO1]	33.108	148	9.15e-13	66.6	NA	NA	NA
group_294	sp|P70795.2|	P70795	RecName: Full=Uncharacterized 52.8 kDa protein in TAR-I ttuC' 3'region; AltName: Full=ORFZ2 [Agrobacterium vitis]	39.638	497	2.32e-89	285	NA	NA	NA
group_2941	sp|P43016.2|	P43016	RecName: Full=Transcriptional regulator HilA; Short=Protein IagA [Salmonella enterica subsp. enterica serovar Typhi]	50.549	91	5.83e-22	93.6	NA	NA	NA
group_2950	sp|Q9KBN7.1|	Q9KBN7	RecName: Full=UPF0157 protein BH1888 [Halalkalibacterium halodurans C-125]	35.256	156	2.1399999999999997e-23	94.7	NA	NA	NA
group_2951	sp|Q56143.2|	Q56143	RecName: Full=Regulatory protein SoxS [Salmonella enterica subsp. enterica serovar Typhimurium str. LT2]	30.303	99	2.38e-6	48.5	NA	NA	NA
group_2961	sp|Q9HT95.1|	Q9HT95	RecName: Full=Acetyltransferase PA5475; AltName: Full=GCN5-related N-acetyltransferase; Short=GNAT [Pseudomonas aeruginosa PAO1]	53.125	64	1.01e-16	73.9	NA	NA	NA
group_2967	sp|D4GWH7.1|	D4GWH7	RecName: Full=Uncharacterized isochorismatase family protein HVO_2328 [Haloferax volcanii DS2]	42.135	178	5.51e-43	145	NA	NA	NA
group_2979	sp|Q88JK6.1|	Q88JK6	RecName: Full=Methyl-accepting chemotaxis protein PcaY; AltName: Full=PcaY_PP [Pseudomonas putida KT2440]	50	356	1.15e-71	241	NA	NA	NA
group_298	sp|P64750.1|	P64750	RecName: Full=Uncharacterized protein Mb0918 [Mycobacterium tuberculosis variant bovis AF2122/97]	32.857	350	1.39e-27	117	NA	NA	NA
group_2982	sp|Q91VS7.3|	Q91VS7	RecName: Full=Microsomal glutathione S-transferase 1; Short=Microsomal GST-1; AltName: Full=Microsomal GST-I [Mus musculus]	34.884	129	2.6e-13	66.2	NA	NA	NA
group_2985	sp|Q9HXM1.1|	Q9HXM1	RecName: Full=Histone deacetylase-like amidohydrolase; Short=HDAH; AltName: Full=Acetylated lysine deacetylase; AltName: Full=Histone deacetylase homolog PA3774 [Pseudomonas aeruginosa PAO1]	74.247	365	0	565	NA	NA	NA
group_299	sp|Q9I748.1|	Q9I748	RecName: Full=Type VI secretion system sheath protein TssC1; AltName: Full=Sheath protein HsiC1 [Pseudomonas aeruginosa PAO1]	91.365	498	0	905	NA	NA	NA
group_2990	sp|A7Z5E4.1|	A7Z5E4	RecName: Full=HTH-type transcriptional regulator YofA [Bacillus velezensis FZB42]	35.577	104	8.63e-10	59.3	NA	NA	NA
group_2997	sp|Q51080.1|	Q51080	RecName: Full=3'-hydroxymethylcephem-O-carbamoyltransferase; Short=3'-hydroxymethylcephem-O-CASE; Short=CCT [Amycolatopsis lactamdurans]	43.269	520	4.969999999999999e-144	427	NA	NA	NA
group_300	sp|Q9I4U3.1|	Q9I4U3	RecName: Full=DNA recombination protein RmuC homolog [Pseudomonas aeruginosa PAO1]	79.621	422	0	612	NA	NA	NA
group_3002	sp|O64203.1|	O64203	RecName: Full=Endolysin A; AltName: Full=Gene 10 protein; AltName: Full=Gp10; AltName: Full=Lysis protein; AltName: Full=Lysozyme [Fromanvirus D29]	38.65	163	2.28e-22	96.7	NA	NA	NA
group_301	sp|A0A0H3LVU7.1|	A0A0H3LVU7	RecName: Full=Diguanylate cyclase BdcA; AltName: Full=Bordetella diguanylate cyclase A [Bordetella bronchiseptica RB50]	33.03	439	4.32e-36	144	NA	NA	NA
group_3012	sp|P05332.1|	P05332	RecName: Full=Uncharacterized N-acetyltransferase p20 [Bacillus licheniformis]	35.2	125	7.92e-8	53.1	NA	NA	NA
group_3018	sp|Q9VI85.1|	Q9VI85	RecName: Full=tRNA-uridine aminocarboxypropyltransferase 2; AltName: Full=DTW domain-containing protein 2 [Drosophila melanogaster]	33.032	221	1.11e-19	87.4	NA	NA	NA
group_3021	sp|Q9ERV7.1|	Q9ERV7	RecName: Full=p53-induced death domain-containing protein 1; AltName: Full=Leucine-rich repeat and death domain-containing protein; Contains: RecName: Full=PIDD-N; Contains: RecName: Full=PIDD-C; Contains: RecName: Full=PIDD-CC [Mus musculus]	34.682	173	1.41e-11	73.6	NA	NA	NA
group_3023	sp|E8WYN5.1|	E8WYN5	RecName: Full=(R)-mandelonitrile lyase; AltName: Full=Hydroxynitrile lyase; Short=GtHNL [Granulicella tundricola MP5ACTX9]	65.116	129	1.6699999999999998e-54	170	NA	NA	NA
group_3027	sp|Q9ABX9.1|	Q9ABX9	RecName: Full=Uncharacterized signaling protein CC_0091 [Caulobacter vibrioides CB15]	39.929	561	2.2499999999999996e-109	360	NA	NA	NA
group_303	sp|A0A0H3LVU7.1|	A0A0H3LVU7	RecName: Full=Diguanylate cyclase BdcA; AltName: Full=Bordetella diguanylate cyclase A [Bordetella bronchiseptica RB50]	30.345	435	2.39e-33	136	NA	NA	NA
group_3031	sp|P51718.1|	P51718	RecName: Full=Probable terminase, ATPase subunit; AltName: Full=ORF16 [Haemophilus phage HP1c1]	46.766	603	6.109999999999998e-180	528	NA	NA	NA
group_3032	sp|Q9I036.2|	Q9I036	RecName: Full=Copper-resistant cuproprotein CopI; Flags: Precursor [Pseudomonas aeruginosa PAO1]	68.571	175	1.89e-70	214	NA	NA	NA
group_3033	sp|P0DOV6.1|	P0DOV6	RecName: Full=6-deoxy-6-sulfogluconolactonase; AltName: Full=6-deoxy-6-sulfogluconolactone lactonase; Short=SGL lactonase [Pseudomonas putida]	36.364	297	8.79e-49	166	NA	NA	NA
group_3034	sp|P0DV98.1|	P0DV98	RecName: Full=Retron Vc95 probable ATPase; Short=ORF540 [Vibrio cholerae O1 biovar El Tor]	35.279	377	1.2299999999999998e-68	230	NA	NA	NA
group_3035	sp|P55174.1|	P55174	RecName: Full=Coenzyme PQQ synthesis protein F; AltName: Full=Pyrroloquinoline quinone biosynthesis protein F [Pseudomonas protegens CHA0]	52.179	803	0	693	NA	NA	NA
group_3044	sp|Q10268.1|	Q10268	RecName: Full=Membrane-anchored protein 1; Flags: Precursor [Schizosaccharomyces pombe 972h-]	30.189	159	1.04e-7	55.5	NA	NA	NA
group_3045	sp|P19441.1|	P19441	RecName: Full=Nodulation protein S [Sinorhizobium fredii NGR234]	30.476	105	6.9e-6	48.5	NA	NA	NA
group_3046	sp|O67071.1|	O67071	RecName: Full=Uncharacterized protein aq_928 [Aquifex aeolicus VF5]	36.257	171	1.1800000000000001e-29	113	NA	NA	NA
group_305	sp|Q9I748.1|	Q9I748	RecName: Full=Type VI secretion system sheath protein TssC1; AltName: Full=Sheath protein HsiC1 [Pseudomonas aeruginosa PAO1]	37.55	498	4.5699999999999995e-115	351	NA	NA	NA
group_3050	sp|P58114.1|	P58114	RecName: Full=Pirin-like protein CC_3178 [Caulobacter vibrioides CB15]	41.264	269	1.77e-63	204	NA	NA	NA
group_3062	sp|Q47319.2|	Q47319	RecName: Full=tRNA-uridine aminocarboxypropyltransferase; AltName: Full=SAM-dependent 3-amino-3-carboxypropyl transferase; AltName: Full=tRNA U47 acp transferase A; AltName: Full=tRNA aminocarboxypropyltransferase [Escherichia coli K-12]	51.389	216	4.8299999999999997e-60	192	NA	NA	NA
group_3065	sp|Q47718.1|	Q47718	PUTATIVE PSEUDOGENE: RecName: Full=Putative transposase InsO for insertion sequence element IS911B [Escherichia coli K-12]	54.701	117	2.39e-38	136	NA	NA	NA
group_3070	sp|P58040.1|	P58040	RecName: Full=UPF0153 protein PA1578.1 [Pseudomonas aeruginosa PAO1]	69.048	84	3.1699999999999996e-35	117	NA	NA	NA
group_3072	sp|C4SGN7.1|	C4SGN7	RecName: Full=tRNA nuclease CdiA; Short=tRNase CdiA; AltName: Full=Contact-dependent inhibitor A; Short=CdiA-43969; AltName: Full=Toxin CdiA; Flags: Precursor [Yersinia mollaretii ATCC 43969]	32.12	1099	6.69e-92	340	NA	NA	NA
group_3076	sp|O64333.1|	O64333	RecName: Full=Tail tip assembly protein K; AltName: Full=Gene product 19; Short=gp19; AltName: Full=Probable endopeptidase; AltName: Full=Tail assembly protein K [Escherichia phage N15]	47.881	236	9.7e-74	227	NA	NA	NA
group_3078	sp|Q9RBP5.1|	Q9RBP5	RecName: Full=1-hydroxy-2-glutathionyl-2-methyl-3-butene dehydrogenase [Rhodococcus sp. AD45]	31.551	187	3.04e-21	91.7	NA	NA	NA
group_308	sp|P26745.1|	P26745	RecName: Full=Terminase, large subunit; AltName: Full=DNA-packaging protein gp2; Includes: RecName: Full=Endonuclease; Includes: RecName: Full=ATPase [Lederbergvirus P22]	40.22	455	1.56e-92	293	NA	NA	NA
group_3080	sp|Q87AD3.1|	Q87AD3	RecName: Full=Probable transporter PD_1893 [Xylella fastidiosa Temecula1]	50.467	107	1.68e-27	102	NA	NA	NA
group_3081	sp|Q6NCZ5.1|	Q6NCZ5	RecName: Full=HTH-type quorum sensing-dependent transcriptional regulator RpaR; AltName: Full=4-coumaroyl-homoserine lactone receptor; Short=pC-HSL receptor [Rhodopseudomonas palustris CGA009]	56.667	60	1.16e-12	63.9	NA	NA	NA
group_3082	sp|P51735.1|	P51735	RecName: Full=Probable tail fiber protein; AltName: Full=Gene product 31; Short=gp31; AltName: Full=ORF31 [Haemophilus phage HP1c1]	38.177	351	4.7e-54	205	NA	NA	NA
group_3089	sp|Q9PL03.1|	Q9PL03	RecName: Full=Uncharacterized protein TC_0305 [Chlamydia muridarum str. Nigg]	34.161	161	7.88e-7	52.4	NA	NA	NA
group_309	sp|Q88D09.1|	Q88D09	RecName: Full=Methyl-accepting chemotaxis protein McpQ [Pseudomonas putida KT2440]	41.026	312	3.93e-39	153	NA	NA	NA
group_3091	sp|Q3KIA5.1|	Q3KIA5	RecName: Full=Protein RnfH [Pseudomonas fluorescens Pf0-1]	69.048	84	1.35e-33	114	NA	NA	NA
group_3094	sp|O32229.1|	O32229	RecName: Full=Uncharacterized oxidoreductase YvaG [Bacillus subtilis subsp. subtilis str. 168]	45.627	263	6.9e-81	247	NA	NA	NA
group_31	sp|P72235.1|	P72235	RecName: Full=Trehalose synthase; AltName: Full=Maltose alpha-D-glucosyltransferase [Pimelobacter sp.]	58.645	561	0	671	NA	NA	NA
group_3103	sp|P55504.1|	P55504	RecName: Full=Uncharacterized protein y4jD [Sinorhizobium fredii NGR234]	34.051	511	4.04e-82	268	NA	NA	NA
group_3104	sp|P51716.1|	P51716	RecName: Full=Uncharacterized 14.9 kDa protein in rep-hol intergenic region; AltName: Full=ORF14 [Haemophilus phage HP1c1]	43.939	132	1.7999999999999998e-35	122	NA	NA	NA
group_311	sp|P39342.1|	P39342	RecName: Full=Uncharacterized protein YjgR [Escherichia coli K-12]	47.548	469	6.25e-123	371	NA	NA	NA
group_3116	sp|P73136.1|	P73136	RecName: Full=Uncharacterized protein slr1025 [Synechocystis sp. PCC 6803 substr. Kazusa]	54.286	70	1.95e-24	92.4	NA	NA	NA
group_3118	sp|P51739.1|	P51739	RecName: Full=Uncharacterized 58.7 kDa protein in lys 3'region; AltName: Full=ORF35 [Haemophilus phage HP1c1]	36.392	316	3.6e-59	201	NA	NA	NA
group_312	sp|P44233.1|	P44233	RecName: Full=Mu-like prophage FluMu tail sheath protein [Haemophilus influenzae Rd KW20]	42.105	494	6.72e-114	348	NA	NA	NA
group_3127	sp|Q87AD4.1|	Q87AD4	RecName: Full=Probable transporter PD_1892 [Xylella fastidiosa Temecula1]	51.376	109	2.9299999999999997e-30	109	NA	NA	NA
group_313	sp|P39045.1|	P39045	RecName: Full=D-alanyl-D-alanine carboxypeptidase; Short=DD-carboxypeptidase; Short=DD-peptidase; AltName: Full=Penicillin-binding protein; Short=PBP; Flags: Precursor [Actinomadura sp. R39]	32.446	413	2.9899999999999997e-35	141	NA	NA	NA
group_3130	sp|P94389.1|	P94389	RecName: Full=Uncharacterized protein YcgL [Bacillus subtilis subsp. subtilis str. 168]	43.191	257	6.530000000000001e-70	219	NA	NA	NA
group_314	sp|Q9I748.1|	Q9I748	RecName: Full=Type VI secretion system sheath protein TssC1; AltName: Full=Sheath protein HsiC1 [Pseudomonas aeruginosa PAO1]	38.843	484	1.07e-112	345	NA	NA	NA
group_3140	sp|P81124.1|	P81124	RecName: Full=Probable glutathione transferase; AltName: Full=Glutathione-dependent dehydroascorbate reductase; AltName: Full=Monomethylarsonic acid reductase; Short=MMA(V) reductase; AltName: Full=Protein 9 [Aplysia californica]	33	100	1.44e-7	50.8	NA	NA	NA
group_3143	sp|P33128.2|	P33128	RecName: Full=Probable fimbrial chaperone YadV; Flags: Precursor [Escherichia coli K-12]	42.735	234	2.2199999999999994e-55	181	NA	NA	NA
group_3150	sp|Q9HVI1.1|	Q9HVI1	RecName: Full=Cyclic diguanosine monophosphate-binding protein PA4608; Short=c-di-GMP-binding protein PA4608; AltName: Full=Pilz domain-containing protein PA4608 [Pseudomonas aeruginosa PAO1]	48.571	105	1.0899999999999999e-23	91.3	NA	NA	NA
group_3155	sp|B3BM48.1|	B3BM48	RecName: Full=tRNA nuclease CdiA; Short=tRNase CdiA; AltName: Full=CdiA-EC869; AltName: Full=Toxin CdiA; Flags: Precursor [Escherichia coli O157:H7 str. EC869]	31.575	1460	7.76e-86	321	NA	NA	NA
group_3159	sp|Q9HWS0.1|	Q9HWS0	RecName: Full=Cyclic di-GMP phosphodiesterase PA4108 [Pseudomonas aeruginosa PAO1]	58.554	415	2.34e-170	485	NA	NA	NA
group_3166	sp|A0A7T8F1M6.1|	A0A7T8F1M6	RecName: Full=NmrA-like family domain-containing oxidoreductase FrzB; AltName: Full=FR901483 biosynthesis cluster protein B [Cladobotryum sp.]	31.25	160	9.47e-6	50.1	NA	NA	NA
group_317	sp|Q838S2.1|	Q838S2	RecName: Full=Chitinase; AltName: Full=EfChi18A; Flags: Precursor [Enterococcus faecalis V583]	58.696	322	3.2699999999999996e-133	392	NA	NA	NA
group_3172	sp|P71054.2|	P71054	RecName: Full=Putative glycosyltransferase EpsE [Bacillus subtilis subsp. subtilis str. 168]	33.333	111	4.85e-11	65.9	NA	NA	NA
group_3177	sp|Q9HT95.1|	Q9HT95	RecName: Full=Acetyltransferase PA5475; AltName: Full=GCN5-related N-acetyltransferase; Short=GNAT [Pseudomonas aeruginosa PAO1]	52.941	102	4.97e-33	116	NA	NA	NA
group_3179	sp|Q88L76.1|	Q88L76	RecName: Full=UPF0337 protein PP_2059 [Pseudomonas putida KT2440]	68.293	82	4.48e-18	74.3	NA	NA	NA
group_3188	sp|P0A968.1|	P0A968	RecName: Full=Cold shock-like protein CspD; Short=CSP-D [Escherichia coli K-12]	66.667	69	3.53e-24	89.7	NA	NA	NA
group_319	sp|Q6L8J9.1|	Q6L8J9	RecName: Full=Circadian clock oscillator protein KaiC [Thermostichus vulcanus]	30.088	226	6.32e-18	90.1	NA	NA	NA
group_3194	sp|Q9HUT5.1|	Q9HUT5	RecName: Full=Transcriptional regulator BrlR; AltName: Full=HTH-type transcriptional regulator BrlR; AltName: Full=MerR-like regulator BrlR; AltName: Full=biofilm resistance locus regulator [Pseudomonas aeruginosa PAO1]	30.921	152	6.09e-11	62.4	NA	NA	NA
group_32	sp|Q9I310.1|	Q9I310	RecName: Full=Bifunctional diguanylate cyclase/cyclic di-GMP phosphodiesterase MucR; Short=DGC/PDE; AltName: Full=c-di-GMP-synthesizing enzyme [Pseudomonas aeruginosa PAO1]	44.495	436	4.3e-114	372	NA	NA	NA
group_3202	sp|A5W2C8.1|	A5W2C8	RecName: Full=Methyl-accepting chemotaxis protein PcaY; AltName: Full=Aromatic acid chemoreceptor PcaY [Pseudomonas putida F1]	55.233	344	3.47e-86	279	NA	NA	NA
group_3204	sp|B8GZM2.1|	B8GZM2	RecName: Full=Response regulator PleD; AltName: Full=Stalked cell differentiation-controlling protein; Includes: RecName: Full=Diguanylate cyclase; Short=DGC; AltName: Full=Diguanylate kinase [Caulobacter vibrioides NA1000]	36.916	214	1.5499999999999998e-24	110	NA	NA	NA
group_3208	sp|Q48806.1|	Q48806	RecName: Full=Protein DlpA [Legionella pneumophila subsp. pneumophila str. Philadelphia 1]	37.143	210	5.52e-39	144	NA	NA	NA
group_3212	sp|Q9HT95.1|	Q9HT95	RecName: Full=Acetyltransferase PA5475; AltName: Full=GCN5-related N-acetyltransferase; Short=GNAT [Pseudomonas aeruginosa PAO1]	44.048	168	2.82e-41	140	NA	NA	NA
group_3214	sp|Q02006.2|	Q02006	RecName: Full=Putative potassium channel protein RPA4233 [Rhodopseudomonas palustris CGA009]	31.841	201	4.9900000000000006e-21	95.1	NA	NA	NA
group_3215	sp|Q49538.1|	Q49538	RecName: Full=Variant surface antigen F; AltName: Full=VlpF prolipoprotein; Flags: Precursor [Mesomycoplasma hyorhinis]	31.532	111	3.21e-11	61.6	NA	NA	NA
group_3221	sp|Q9P6J2.1|	Q9P6J2	RecName: Full=Fe(2+)/Mn(2+) transporter pcl1; AltName: Full=Pombe ccc1-like protein 1 [Schizosaccharomyces pombe 972h-]	59.854	137	3.6999999999999995e-47	159	NA	NA	NA
group_3223	sp|Q98J52.2|	Q98J52	RecName: Full=UPF0337 protein mlr2098 [Mesorhizobium japonicum MAFF 303099]	64	50	3.26e-15	65.9	NA	NA	NA
group_3229	sp|P0ABB8.1|	P0ABB8	RecName: Full=Magnesium-transporting ATPase, P-type 1; AltName: Full=Mg(2+) transport ATPase, P-type 1 [Escherichia coli K-12]	41.774	778	8.559999999999999e-172	534	NA	NA	NA
group_323	sp|P59785.1|	P59785	RecName: Full=Alginate biosynthesis protein AlgA; Includes: RecName: Full=Mannose-6-phosphate isomerase; AltName: Full=Phosphohexomutase; AltName: Full=Phosphomannose isomerase; Short=PMI; Includes: RecName: Full=Mannose-1-phosphate guanylyltransferase; AltName: Full=GDP-mannose pyrophosphorylase; Short=GMP; Short=GMPP; AltName: Full=GTP--mannose-1-phosphate guanylyltransferase [Pseudomonas fluorescens]	97.723	483	0	992	NA	NA	NA
group_3231	sp|Q7CXI0.2|	Q7CXI0	RecName: Full=Acetyltransferase Atu2258; AltName: Full=GCN5-related N-acetyltransferase; Short=GNAT [Agrobacterium fabrum str. C58]	31.818	132	2e-12	63.5	NA	NA	NA
group_3240	sp|P0DXX7.1|	P0DXX7	RecName: Full=Tip attachment protein J; AltName: Full=Central tail fiber; Short=CTF; AltName: Full=gpJ protein [Escherichia phage SECphi27]	39.688	834	0	617	NA	NA	NA
group_3245	sp|J2EKT7.1|	J2EKT7	RecName: Full=Metallothionein; AltName: Full=PflQ2 MT [Pseudomonas fluorescens Q2-87]	42.857	56	3.11e-7	45.4	NA	NA	NA
group_325	sp|P10351.2|	P10351	RecName: Full=Xanthine dehydrogenase; Short=XD; AltName: Full=Protein rosy locus [Drosophila melanogaster]	34.269	499	4.5999999999999996e-69	243	NA	NA	NA
group_3251	sp|P51739.1|	P51739	RecName: Full=Uncharacterized 58.7 kDa protein in lys 3'region; AltName: Full=ORF35 [Haemophilus phage HP1c1]	36.395	294	8.479999999999999e-53	184	NA	NA	NA
group_3252	sp|A0A0M9VXC7.1|	A0A0M9VXC7	RecName: Full=Thioredoxin reductase etpT; AltName: Full=Epipolythiodiketopiperazine biosynthesis cluster protein T; AltName: Full=Melinacidin IV biosynthesis cluster protein etpT [Escovopsis weberi]	34.146	287	3.82e-36	135	NA	NA	NA
group_3253	sp|P15276.2|	P15276	RecName: Full=Transcriptional regulatory protein AlgP; AltName: Full=Alginate regulatory protein AlgR3 [Pseudomonas aeruginosa PAO1]	75.94	133	7.06e-21	95.9	NA	NA	NA
group_3256	sp|P24200.2|	P24200	RecName: Full=Type IV methyl-directed restriction enzyme EcoKMcrA; Short=EcoKMcrA; AltName: Full=5-methylcytosine-specific restriction enzyme A [Escherichia coli K-12]	46.565	131	2.3000000000000002e-33	124	NA	NA	NA
group_3259	sp|Q45584.2|	Q45584	RecName: Full=Uncharacterized protein YbbK [Bacillus subtilis subsp. subtilis str. 168]	44.755	143	4.9000000000000003e-36	125	NA	NA	NA
group_3262	sp|A8PX35.1|	A8PX35	RecName: Full=Secreted triacylglycerol lipase LIP4; Flags: Precursor [Malassezia globosa CBS 7966]	31.658	199	6.26e-6	51.6	NA	NA	NA
group_3264	sp|Q47152.1|	Q47152	RecName: Full=REP-associated tyrosine transposase [Escherichia coli K-12]	32.955	88	3.28e-9	55.8	NA	NA	NA
group_3267	sp|P0DXX7.1|	P0DXX7	RecName: Full=Tip attachment protein J; AltName: Full=Central tail fiber; Short=CTF; AltName: Full=gpJ protein [Escherichia phage SECphi27]	33.826	1218	0	613	NA	NA	NA
group_327	sp|P55189.2|	P55189	RecName: Full=Putative sulfate transporter YbaR [Bacillus subtilis subsp. subtilis str. 168]	41.102	472	2.8899999999999997e-95	299	NA	NA	NA
group_3273	sp|O64313.1|	O64313	RecName: Full=Tail assembly protein E; AltName: Full=Gene product E; Short=gpE; AltName: Full=Tail assembly chaperone; Short=TAC [Bacteriophage P2]	50	88	2.13e-23	89.4	NA	NA	NA
group_3277	sp|P19144.1|	P19144	RecName: Full=Serralysin C; AltName: Full=Secreted protease C; Short=ProC; Flags: Precursor [Dickeya chrysanthemi]	37.662	77	4.9099999999999996e-06	52.8	NA	NA	NA
group_328	sp|O07594.1|	O07594	RecName: Full=Uncharacterized MscS family protein YhdY [Bacillus subtilis subsp. subtilis str. 168]	31.788	151	3.38e-16	83.6	NA	NA	NA
group_3281	sp|P02986.1|	P02986	RecName: Full=Cloacin immunity protein [Escherichia coli]	39.759	83	1.62e-15	68.2	NA	NA	NA
group_3283	sp|Q7Y2C0.1|	Q7Y2C0	RecName: Full=SAR-endolysin; AltName: Full=Endolysin; AltName: Full=Gene product 45; Short=gp45; AltName: Full=KMV45; AltName: Full=Lysis protein; AltName: Full=Lysozyme; AltName: Full=Muramidase [Pseudomonas phage phiKMV]	32.576	132	1.28e-7	52	NA	NA	NA
group_3284	sp|P51730.1|	P51730	RecName: Full=Uncharacterized 11.3 kDa protein in lys 3'region; AltName: Full=ORF26 [Haemophilus phage HP1c1]	34.524	84	1.25e-7	48.5	NA	NA	NA
group_3294	sp|Q9K0V1.1|	Q9K0V1	RecName: Full=Uncharacterized protein NMB0459 [Neisseria meningitidis MC58]	31.387	137	2.1e-10	65.1	NA	NA	NA
group_3298	sp|P27077.1|	P27077	RecName: Full=Integrase [Enterobacteria phage P21]	31.202	391	3.85e-34	132	NA	NA	NA
group_3304	sp|P51731.1|	P51731	RecName: Full=Probable tape measure protein; Short=TMP; AltName: Full=Gene product 27; Short=gp27 [Haemophilus phage HP1c1]	43.434	396	1.73e-100	329	NA	NA	NA
group_3306	sp|P96068.1|	P96068	RecName: Full=Secretion system apparatus protein SsaT [Salmonella enterica subsp. enterica serovar Typhimurium str. LT2]	40.167	239	8.059999999999999e-56	182	NA	NA	NA
group_3313	sp|P76071.1|	P76071	RecName: Full=Transposase InsH for insertion sequence element IS5Y [Escherichia coli K-12]	54.902	51	1.32e-12	63.2	NA	NA	NA
group_3319	sp|P00646.1|	P00646	RecName: Full=Colicin E3; AltName: Full=Colicin E3 A chain; Short=colE3; AltName: Full=Ribonuclease [Escherichia coli]	52.525	99	5.889999999999999e-23	103	NA	NA	NA
group_3320	sp|P16470.1|	P16470	RecName: Full=Shufflon-specific DNA recombinase [Escherichia coli]	32.751	229	8.59e-22	99	NA	NA	NA
group_3321	sp|O64332.1|	O64332	RecName: Full=Tail tip protein L; AltName: Full=Gene product 18; Short=gp18 [Escherichia phage N15]	54.4	250	8.26e-89	266	NA	NA	NA
group_3324	sp|P77698.1|	P77698	RecName: Full=Uncharacterized protein YbcK [Escherichia coli K-12]	31.161	353	6.66e-31	129	NA	NA	NA
group_3326	sp|P51721.1|	P51721	RecName: Full=Probable terminase, endonuclease subunit; AltName: Full=ORF19 [Haemophilus phage HP1c1]	34.416	154	1.53e-23	98.6	NA	NA	NA
group_3327	sp|P51739.1|	P51739	RecName: Full=Uncharacterized 58.7 kDa protein in lys 3'region; AltName: Full=ORF35 [Haemophilus phage HP1c1]	31.839	223	3.6800000000000004e-21	94.7	NA	NA	NA
group_3336	sp|Q8GIX7.1|	Q8GIX7	RecName: Full=Alcohol dehydrogenase; Short=ADH [Moraxella sp. TAE123]	59.644	337	1.44e-139	402	NA	NA	NA
group_3348	sp|Q6XQC4.1|	Q6XQC4	RecName: Full=Tape measure protein; Short=TMP; AltName: Full=Gene product 38; Short=gp38 [Escherichia phage T1]	32.468	154	4.97e-10	67.8	NA	NA	NA
group_3353	sp|Q06552.1|	Q06552	RecName: Full=Transcription regulatory protein PrtN; AltName: Full=Pyocin activator protein [Pseudomonas aeruginosa PAO1]	38.095	63	1.13e-6	46.2	NA	NA	NA
group_3354	sp|O64331.1|	O64331	RecName: Full=Tail tip protein M; AltName: Full=Gene product 17; Short=gp17 [Escherichia phage N15]	38.793	116	1.71e-16	72.4	NA	NA	NA
group_3355	sp|P25477.1|	P25477	RecName: Full=Capsid proteins; AltName: Full=GpN; Contains: RecName: Full=Minor capsid protein H1; Contains: RecName: Full=Minor capsid protein H2; Contains: RecName: Full=Major capsid protein N*; AltName: Full=Major head protein; Flags: Precursor [Bacteriophage P2]	35.714	350	2.0099999999999999e-60	201	NA	NA	NA
group_3356	sp|P51739.1|	P51739	RecName: Full=Uncharacterized 58.7 kDa protein in lys 3'region; AltName: Full=ORF35 [Haemophilus phage HP1c1]	35.535	318	3.06e-53	186	NA	NA	NA
group_3358	sp|P51722.1|	P51722	RecName: Full=Probable head completion/stabilization protein; AltName: Full=ORF20 [Haemophilus phage HP1c1]	35.099	151	2.9300000000000003e-26	99.8	NA	NA	NA
group_3360	sp|P27078.1|	P27078	RecName: Full=Integrase [Phage 434]	33.333	228	4.22e-11	66.6	NA	NA	NA
group_3363	sp|Q6QIA5.1|	Q6QIA5	RecName: Full=Probable tape measure protein; Short=TMP; AltName: Full=Gene product 44; Short=gp44 [Burkholderia phage BcepMu USA/Summer/2002]	33.333	189	3.18e-15	84.3	NA	NA	NA
group_3364	sp|O64331.1|	O64331	RecName: Full=Tail tip protein M; AltName: Full=Gene product 17; Short=gp17 [Escherichia phage N15]	36.752	117	1.93e-13	64.3	NA	NA	NA
group_3365	sp|D0ZWT5.1|	D0ZWT5	RecName: Full=Secretion system apparatus lipoprotein SsaJ; Flags: Precursor [Salmonella enterica subsp. enterica serovar Typhimurium str. 14028S]	40.764	157	4.85e-33	122	NA	NA	NA
group_3367	sp|P51719.1|	P51719	RecName: Full=Capsid assembly scaffolding protein; AltName: Full=Gene product 17; Short=Gp17; AltName: Full=Head morphogenesis protein; AltName: Full=Scaffold protein; Contains: RecName: Full=Maturation protease [Haemophilus phage HP1c1]	45.882	170	1.82e-42	150	NA	NA	NA
group_3369	sp|P51721.1|	P51721	RecName: Full=Probable terminase, endonuclease subunit; AltName: Full=ORF19 [Haemophilus phage HP1c1]	32.335	167	1.23e-17	83.2	NA	NA	NA
group_337	sp|P71241.2|	P71241	RecName: Full=UDP-glucose:undecaprenyl-phosphate glucose-1-phosphate transferase; Short=UDP-Glc:Und-P Glc-1-P transferase; AltName: Full=Colanic acid biosynthesis UDP-glucose lipid carrier transferase; AltName: Full=Glucosyl-P-P-undecaprenol synthase [Escherichia coli K-12]	46.403	278	2.5699999999999997e-72	239	NA	NA	NA
group_3372	sp|O64332.1|	O64332	RecName: Full=Tail tip protein L; AltName: Full=Gene product 18; Short=gp18 [Escherichia phage N15]	53.012	249	2.9399999999999998e-99	292	NA	NA	NA
group_3375	sp|P51718.1|	P51718	RecName: Full=Probable terminase, ATPase subunit; AltName: Full=ORF16 [Haemophilus phage HP1c1]	46.242	612	7.429999999999998e-180	528	NA	NA	NA
group_3376	sp|P25477.1|	P25477	RecName: Full=Capsid proteins; AltName: Full=GpN; Contains: RecName: Full=Minor capsid protein H1; Contains: RecName: Full=Minor capsid protein H2; Contains: RecName: Full=Major capsid protein N*; AltName: Full=Major head protein; Flags: Precursor [Bacteriophage P2]	40.785	331	4.43e-71	228	NA	NA	NA
group_3377	sp|P51767.1|	P51767	RecName: Full=Baseplate protein J; AltName: Full=Gene J protein; AltName: Full=GpJ [Bacteriophage P2]	31.366	322	6.51e-25	105	NA	NA	NA
group_3378	sp|P21679.2|	P21679	RecName: Full=Probable baseplate hub protein; AltName: Full=Gene D protein; AltName: Full=GpD; AltName: Full=Late control gene D protein [Eganvirus ev186]	43.132	364	6.26e-94	291	NA	NA	NA
group_3379	sp|O64333.1|	O64333	RecName: Full=Tail tip assembly protein K; AltName: Full=Gene product 19; Short=gp19; AltName: Full=Probable endopeptidase; AltName: Full=Tail assembly protein K [Escherichia phage N15]	49.206	252	2.8100000000000003e-73	227	NA	NA	NA
group_3380	sp|P25480.1|	P25480	RecName: Full=Probable portal protein; AltName: Full=GpQ [Bacteriophage P2]	37.931	319	2.47e-69	223	NA	NA	NA
group_3381	sp|P51719.1|	P51719	RecName: Full=Capsid assembly scaffolding protein; AltName: Full=Gene product 17; Short=Gp17; AltName: Full=Head morphogenesis protein; AltName: Full=Scaffold protein; Contains: RecName: Full=Maturation protease [Haemophilus phage HP1c1]	45.455	165	8.76e-37	136	NA	NA	NA
group_3382	sp|P26701.1|	P26701	RecName: Full=Baseplate protein I; AltName: Full=Gene I protein; Short=GpI [Bacteriophage P2]	32.692	104	5.49e-10	59.7	NA	NA	NA
group_3383	sp|P51718.1|	P51718	RecName: Full=Probable terminase, ATPase subunit; AltName: Full=ORF16 [Haemophilus phage HP1c1]	43.377	604	1.22e-172	509	NA	NA	NA
group_3385	sp|P51717.1|	P51717	RecName: Full=Probable portal protein; AltName: Full=ORF15 [Haemophilus phage HP1c1]	43.983	241	7.01e-65	208	NA	NA	NA
group_3388	sp|P76056.1|	P76056	RecName: Full=Prophage integrase IntR; AltName: Full=Putative lambdoid prophage Rac integrase [Escherichia coli K-12]	30.751	413	4.2499999999999995e-47	169	NA	NA	NA
group_3398	sp|P85501.2|	P85501	RecName: Full=Tape measure protein; Short=TMP; AltName: Full=ORF10 protein; AltName: Full=Structural protein 1 [Pseudomonas phage PAJU2]	38.243	387	3.15e-41	168	NA	NA	NA
group_3402	sp|Q7CQM5.1|	Q7CQM5	RecName: Full=Response regulator SsrB [Salmonella enterica subsp. enterica serovar Typhimurium str. LT2]	45.455	209	1.2399999999999999e-52	171	NA	NA	NA
group_342	sp|P41773.1|	P41773	RecName: Full=Lipase; AltName: Full=Triacylglycerol lipase; Flags: Precursor [Pseudomonas fluorescens]	96.849	476	0	927	NA	NA	NA
group_3420	sp|P26701.1|	P26701	RecName: Full=Baseplate protein I; AltName: Full=Gene I protein; Short=GpI [Bacteriophage P2]	57.627	177	2.32e-62	194	NA	NA	NA
group_3422	sp|O64334.1|	O64334	RecName: Full=Tail tip assembly protein I; AltName: Full=Gene product 20; Short=gp20 [Escherichia phage N15]	48.969	194	2.1e-39	136	NA	NA	NA
group_3426	sp|P51767.1|	P51767	RecName: Full=Baseplate protein J; AltName: Full=Gene J protein; AltName: Full=GpJ [Bacteriophage P2]	52.703	296	4.969999999999999e-101	301	NA	NA	NA
group_3427	sp|P51768.1|	P51768	RecName: Full=Baseplate protein W; AltName: Full=Gene W protein; AltName: Full=GpW [Bacteriophage P2]	42.593	108	2.87e-25	94.7	NA	NA	NA
group_3428	sp|P31340.2|	P31340	RecName: Full=Spike protein; AltName: Full=Baseplate assembly protein gpV; AltName: Full=Gene V protein; Short=GpV [Bacteriophage P2]	42.982	114	6.64e-13	68.2	NA	NA	NA
group_3431	sp|P55400.1|	P55400	RecName: Full=Probable conjugal transfer protein TrbJ [Sinorhizobium fredii NGR234]	34.574	188	4.5000000000000005e-26	106	NA	NA	NA
group_3432	sp|P36933.1|	P36933	RecName: Full=Tail completion protein R; AltName: Full=GpR [Bacteriophage P2]	46.154	117	5.1199999999999996e-30	109	NA	NA	NA
group_3433	sp|P03770.1|	P03770	RecName: Full=Protein ninG [Escherichia phage Lambda]	31.674	221	7.92e-21	89.4	NA	NA	NA
group_3436	sp|P51770.1|	P51770	RecName: Full=Probable spanin, inner membrane subunit; Short=i-spanin; AltName: Full=Protein lysB [Bacteriophage P2]	41.892	74	9.51e-8	51.2	NA	NA	NA
group_344	sp|P71389.1|	P71389	RecName: Full=Mu-like prophage FluMu DNA circularization protein [Haemophilus influenzae Rd KW20]	42.268	97	9.39e-14	76.6	NA	NA	NA
group_3441	sp|P51772.1|	P51772	RecName: Full=Baseplate protein X; AltName: Full=Gene X protein; Short=GpX [Bacteriophage P2]	56.25	64	1.03e-19	77.4	NA	NA	NA
group_3442	sp|P25475.1|	P25475	RecName: Full=Head completion/stabilization protein; AltName: Full=GpL [Bacteriophage P2]	38.806	134	4.19e-26	100	NA	NA	NA
group_3444	sp|P45418.4|	P45418	RecName: Full=Probable tautomerase K2 [Dickeya dadantii 3937]	50.746	67	1.84e-18	74.3	NA	NA	NA
group_3446	sp|O25903.1|	O25903	RecName: Full=1-acyl-sn-glycerol-3-phosphate acyltransferase; Short=1-AGP acyltransferase; Short=1-AGPAT; AltName: Full=Lysophosphatidic acid acyltransferase; Short=LPAAT [Helicobacter pylori 26695]	30.986	142	1.3e-7	54.7	NA	NA	NA
group_3447	sp|P46336.1|	P46336	RecName: Full=Aldo-keto reductase IolS; AltName: Full=AKR11A; AltName: Full=Vegetative protein 147; Short=VEG147 [Bacillus subtilis subsp. subtilis str. 168]	37.089	213	1.87e-22	97.4	NA	NA	NA
group_3448	sp|P29938.1|	P29938	RecName: Full=Uncharacterized protein in cobV 5'region; AltName: Full=ORF1 [Sinorhizobium sp.]	34.328	134	9.51e-13	67	NA	NA	NA
group_345	sp|Q1ID47.1|	Q1ID47	RecName: Full=Metalloprotease AprA [Pseudomonas entomophila L48]	65.979	485	0	579	NA	NA	NA
group_3450	sp|P9WIB8.1|	P9WIB8	RecName: Full=Secreted chorismate mutase; Short=CM; AltName: Full=*MtCM; Flags: Precursor [Mycobacterium tuberculosis CDC1551]	38.636	88	2.83e-10	60.1	NA	NA	NA
group_3451	sp|Q8ZRN1.1|	Q8ZRN1	RecName: Full=D-methionine-binding lipoprotein MetQ; Flags: Precursor [Salmonella enterica subsp. enterica serovar Typhimurium str. LT2]	42.308	208	1.35e-39	141	NA	NA	NA
group_3459	sp|Q6DHL5.1|	Q6DHL5	RecName: Full=Leucine-rich repeat-containing protein 57 [Danio rerio]	35.036	137	3.73e-10	65.5	NA	NA	NA
group_346	sp|A4VGK4.1|	A4VGK4	RecName: Full=D-2-hydroxyglutarate dehydrogenase; Short=D-2-HG dehydrogenase; Short=D2HGDH; AltName: Full=D-malate dehydrogenase [Stutzerimonas stutzeri A1501]	90.713	463	0	811	NA	NA	NA
group_3462	sp|A6VCX3.1|	A6VCX3	RecName: Full=L-methionine sulfoximine/L-methionine sulfone acetyltransferase; AltName: Full=Methionine derivative detoxifier A; Short=MDDA [Pseudomonas paraeruginosa PA7]	75.595	168	5.4100000000000004e-86	253	NA	NA	NA
group_3464	sp|C3K6U5.1|	C3K6U5	RecName: Full=Probable Fe(2+)-trafficking protein [Pseudomonas [fluorescens] SBW25]	96.667	90	2.17e-62	186	NA	NA	NA
group_3465	sp|Q9HU92.1|	Q9HU92	RecName: Full=N-formylglutamate deformylase; AltName: Full=N-formyl-L-glutamate deformylase [Pseudomonas aeruginosa PAO1]	72.453	265	3.8399999999999995e-145	410	NA	NA	NA
group_3466	sp|Q9RMT3.1|	Q9RMT3	RecName: Full=Protein tonB2 [Pseudomonas aeruginosa PAO1]	80.46	87	1.67e-42	149	NA	NA	NA
group_3470	sp|Q55406.1|	Q55406	RecName: Full=sn-1 stearoyl-lipid 9-desaturase; AltName: Full=Delta(9) acyl-lipid desaturase [Synechocystis sp. PCC 6803 substr. Kazusa]	31.405	242	1.66e-18	89	NA	NA	NA
group_3472	sp|Q9HUH4.1|	Q9HUH4	RecName: Full=Probable FAD-dependent oxidoreductase PA4991 [Pseudomonas aeruginosa PAO1]	76.744	387	0	573	NA	NA	NA
group_3474	sp|P94476.2|	P94476	RecName: Full=Uncharacterized protein YebA [Bacillus subtilis subsp. subtilis str. 168]	33.735	83	4.06e-6	54.7	NA	NA	NA
group_3475	sp|Q9NWU1.1|	Q9NWU1	RecName: Full=3-oxoacyl-[acyl-carrier-protein] synthase, mitochondrial; AltName: Full=Beta-ketoacyl-ACP synthase; Flags: Precursor [Homo sapiens]	39.773	264	3.48e-42	156	NA	NA	NA
group_3476	sp|Q9I5G7.1|	Q9I5G7	RecName: Full=Signal peptidase I; Short=SPase I; AltName: Full=Leader peptidase I [Pseudomonas aeruginosa PAO1]	31.22	205	1.74e-15	77.8	NA	NA	NA
group_3479	sp|O05083.1|	O05083	RecName: Full=Uncharacterized glycosyltransferase HI_1698 [Haemophilus influenzae Rd KW20]	30.921	152	3.87e-10	64.3	NA	NA	NA
group_348	sp|Q9I189.1|	Q9I189	RecName: Full=Pyoverdine export outer membrane protein OpmQ; Flags: Precursor [Pseudomonas aeruginosa PAO1]	35.541	453	2.89e-53	189	NA	NA	NA
group_3482	sp|P48027.1|	P48027	RecName: Full=Sensor protein GacS [Pseudomonas syringae pv. syringae]	34.047	514	1.28e-74	266	NA	NA	NA
group_3484	sp|Q9HYT3.1|	Q9HYT3	RecName: Full=Cyclic di-GMP phosphodiesterase NbdA; AltName: Full=NO-induced biofilm dispersion locus A [Pseudomonas aeruginosa PAO1]	42.177	441	1.6599999999999997e-101	337	NA	NA	NA
group_3488	sp|P37691.2|	P37691	RecName: Full=Uncharacterized protein YibQ; Flags: Precursor [Escherichia coli K-12]	41.026	195	3.67e-46	159	NA	NA	NA
group_349	sp|P54932.2|	P54932	RecName: Full=Protein RdxB [Cereibacter sphaeroides 2.4.1]	39.372	414	4.82e-74	243	NA	NA	NA
group_3490	sp|Q9R9N1.1|	Q9R9N1	RecName: Full=Lipopolysaccharide core biosynthesis glycosyltransferase LpsE [Sinorhizobium meliloti 1021]	32.787	183	1.82e-10	65.1	NA	NA	NA
group_3493	sp|P9WL97.1|	P9WL97	RecName: Full=Uncharacterized protein Rv2567 [Mycobacterium tuberculosis H37Rv]	35.917	774	4.56e-122	392	NA	NA	NA
group_3494	sp|A0A077LPS9.1|	A0A077LPS9	RecName: Full=D-mannose isomerase [Thermobifida fusca]	30.409	171	9.03e-10	63.5	NA	NA	NA
group_3498	sp|C3KAI3.1|	C3KAI3	RecName: Full=3-dehydroquinate synthase; Short=DHQS [Pseudomonas [fluorescens] SBW25]	96.477	369	0	722	NA	NA	NA
group_350	sp|P94369.1|	P94369	RecName: Full=Putative purine-cytosine permease YxlA [Bacillus subtilis subsp. subtilis str. 168]	35.886	457	6.1199999999999996e-83	266	NA	NA	NA
group_3501	sp|Q87VK8.1|	Q87VK8	RecName: Full=UPF0313 protein PSPTO_4928 [Pseudomonas syringae pv. tomato str. DC3000]	96.765	742	0	1455	NA	NA	NA
group_3502	sp|Q6AKK4.1|	Q6AKK4	RecName: Full=Probable alpha-L-glutamate ligase [Desulfotalea psychrophila LSv54]	39.85	133	7.069999999999999e-35	129	NA	NA	NA
group_3503	sp|P27294.3|	P27294	RecName: Full=Protein InaA [Escherichia coli K-12]	31.313	198	2.1599999999999998e-23	97.4	NA	NA	NA
group_3517	sp|B3VA58.1|	B3VA58	RecName: Full=UDP-N-acetylglucosamine--dolichyl-phosphate N-acetylglucosaminyltransferase; AltName: Full=Dol-P-GlcNAc synthase [Methanococcus voltae]	31.373	102	1.35e-7	54.3	NA	NA	NA
group_3519	sp|P37645.3|	P37645	RecName: Full=AsmA family protein YhjG [Escherichia coli K-12]	52.237	693	0	679	NA	NA	NA
group_352	sp|Q9KU93.1|	Q9KU93	RecName: Full=Peptidoglycan DD-endopeptidase ShyC; AltName: Full=Autolysin ShyC; AltName: Full=Sidewall hydrolase C [Vibrio cholerae O1 biovar El Tor str. N16961]	38.303	389	7.26e-85	270	NA	NA	NA
group_3520	sp|P0ADU7.1|	P0ADU7	RecName: Full=Uncharacterized protein YqiB [Escherichia coli K-12]	35.766	137	4.4800000000000005e-22	88.6	NA	NA	NA
group_3522	sp|P80546.1|	P80546	RecName: Full=Azurin [Pseudomonas fluorescens bv. A]	96.875	128	2.7499999999999997e-89	258	NA	NA	NA
group_3524	sp|Q9HWA1.1|	Q9HWA1	RecName: Full=TPR repeat-containing protein PA4299; Flags: Precursor [Pseudomonas aeruginosa PAO1]	38.247	251	6.1e-38	135	NA	NA	NA
group_3528	sp|Q9I310.1|	Q9I310	RecName: Full=Bifunctional diguanylate cyclase/cyclic di-GMP phosphodiesterase MucR; Short=DGC/PDE; AltName: Full=c-di-GMP-synthesizing enzyme [Pseudomonas aeruginosa PAO1]	44.676	432	1.62e-120	376	NA	NA	NA
group_3529	sp|Q88D09.1|	Q88D09	RecName: Full=Methyl-accepting chemotaxis protein McpQ [Pseudomonas putida KT2440]	50.693	649	4.68e-111	350	NA	NA	NA
group_353	sp|Q55587.1|	Q55587	RecName: Full=Uncharacterized protein sll0335 [Synechocystis sp. PCC 6803 substr. Kazusa]	52.137	468	2.13e-171	493	NA	NA	NA
group_3534	sp|Q9HUG6.1|	Q9HUG6	RecName: Full=O-antigen ligase; Short=O-Ag ligase [Pseudomonas aeruginosa PAO1]	36.01	386	1.4599999999999998e-54	194	NA	NA	NA
group_3535	sp|P72667.1|	P72667	RecName: Full=Ribosomal RNA small subunit methyltransferase E; AltName: Full=16S rRNA m3U1498 methyltransferase [Synechocystis sp. PCC 6803 substr. Kazusa]	50	52	2.83e-6	50.8	NA	NA	NA
group_3538	sp|P0C885.1|	P0C885	RecName: Full=Copper chaperone CopZ [Staphylococcus aureus RF122]	36.508	63	6.38e-7	44.7	NA	NA	NA
group_354	sp|Q55587.1|	Q55587	RecName: Full=Uncharacterized protein sll0335 [Synechocystis sp. PCC 6803 substr. Kazusa]	52.878	469	1.01e-173	499	NA	NA	NA
group_3543	sp|Q6G7C8.1|	Q6G7C8	RecName: Full=Zinc-type alcohol dehydrogenase-like protein SAS2087 [Staphylococcus aureus subsp. aureus MSSA476]	38.387	310	1.29e-60	200	NA	NA	NA
group_3547	sp|B5XWN4.1|	B5XWN4	RecName: Full=Transcriptional regulator SlyA [Klebsiella variicola 342]	32.308	130	1.81e-15	71.2	NA	NA	NA
group_3548	sp|Q5SID7.1|	Q5SID7	RecName: Full=Cyclic AMP receptor protein; AltName: Full=Cyclic AMP receptor protein/Fumarate and nitrate reduction regulator superfamily protein TTHA1437; Short=CRP/FNR superfamily protein TTHA1437; AltName: Full=cAMP receptor protein; Short=CRP [Thermus thermophilus HB8]	31.746	189	1.22e-11	65.1	NA	NA	NA
group_3549	sp|Q8X8Q3.2|	Q8X8Q3	RecName: Full=Diguanylate cyclase DgcM; Short=DGC [Escherichia coli O157:H7]	37.297	185	3.5800000000000003e-29	119	NA	NA	NA
group_355	sp|Q01854.1|	Q01854	RecName: Full=Protein RdxA [Cereibacter sphaeroides 2.4.1]	36.247	469	5.73e-76	248	NA	NA	NA
group_3557	sp|P96683.1|	P96683	RecName: Full=Uncharacterized HTH-type transcriptional regulator YdfF [Bacillus subtilis subsp. subtilis str. 168]	30.876	217	4.97e-13	69.3	NA	NA	NA
group_3558	sp|P21158.1|	P21158	RecName: Full=C-signal; AltName: Full=17-kDa C-factor protein; Short=p17; AltName: Full=C-factor; AltName: Full=Cell surface-associated intercellular C-signal; Flags: Precursor [Myxococcus xanthus]	31.818	154	1.86e-17	79.7	NA	NA	NA
group_3559	sp|P76481.1|	P76481	RecName: Full=Uncharacterized protein YfbK [Escherichia coli K-12]	52.258	465	2.6e-150	446	NA	NA	NA
group_356	sp|Q9K2Y1.1|	Q9K2Y1	RecName: Full=Outer membrane protein TolC; AltName: Full=Multidrug efflux pump subunit TolC; Flags: Precursor [Vibrio cholerae O1 biovar El Tor str. N16961]	34.211	418	1.21e-50	181	NA	NA	NA
group_3560	sp|Q7DDH4.1|	Q7DDH4	RecName: Full=Putative lipoprotein NMB1126/NMB1164; Flags: Precursor [Neisseria meningitidis MC58]	71.357	199	1.23e-105	306	NA	NA	NA
group_3563	sp|A5W2C8.1|	A5W2C8	RecName: Full=Methyl-accepting chemotaxis protein PcaY; AltName: Full=Aromatic acid chemoreceptor PcaY [Pseudomonas putida F1]	59.807	311	1.5599999999999998e-67	230	NA	NA	NA
group_3569	sp|G3XD51.1|	G3XD51	RecName: Full=Type IV pilus inner membrane component PilO [Pseudomonas aeruginosa PAO1]	36.364	198	8.51e-33	123	NA	NA	NA
group_357	sp|Q55587.1|	Q55587	RecName: Full=Uncharacterized protein sll0335 [Synechocystis sp. PCC 6803 substr. Kazusa]	52.463	467	2.1099999999999998e-172	496	NA	NA	NA
group_3574	sp|P0AFM2.1|	P0AFM2	RecName: Full=Glycine betaine/proline betaine-binding periplasmic protein; AltName: Full=GBBP; Flags: Precursor [Escherichia coli K-12]	34.615	104	9.85e-6	50.1	NA	NA	NA
group_3579	sp|G3XD28.1|	G3XD28	RecName: Full=Type IV pilus inner membrane component PilM [Pseudomonas aeruginosa PAO1]	53.409	176	6.2199999999999995e-46	158	NA	NA	NA
group_3580	sp|O34671.1|	O34671	RecName: Full=Probable glutamine ABC transporter permease protein GlnM [Bacillus subtilis subsp. subtilis str. 168]	41.584	202	3.37e-44	153	NA	NA	NA
group_3584	sp|C3K8W2.1|	C3K8W2	RecName: Full=Adenine deaminase; Short=ADE; AltName: Full=Adenine aminohydrolase; Short=AAH [Pseudomonas [fluorescens] SBW25]	99.054	317	0	653	NA	NA	NA
group_3585	sp|Q7DDE8.1|	Q7DDE8	RecName: Full=Putative lipoprotein NMB1124/NMB1162; Flags: Precursor [Neisseria meningitidis MC58]	53.763	186	2.47e-65	204	NA	NA	NA
group_3589	sp|Q9L4K3.1|	Q9L4K3	RecName: Full=Uncharacterized protein ORF1; Flags: Precursor [Chromohalobacter israelensis DSM 3043]	38.281	128	6.3299999999999995e-25	101	NA	NA	NA
group_3596	sp|Q57664.1|	Q57664	RecName: Full=Putative UDP-glucose 4-epimerase; AltName: Full=Galactowaldenase; AltName: Full=UDP-galactose 4-epimerase [Methanocaldococcus jannaschii DSM 2661]	35.41	305	1.7199999999999998e-47	164	NA	NA	NA
group_3597	sp|P52686.1|	P52686	RecName: Full=SDS degradation transcriptional activation protein [Pseudomonas sp. ATCC19151]	37.624	303	3.31e-56	187	NA	NA	NA
group_3598	sp|P94369.1|	P94369	RecName: Full=Putative purine-cytosine permease YxlA [Bacillus subtilis subsp. subtilis str. 168]	40.315	444	1.2599999999999998e-96	302	NA	NA	NA
group_3602	sp|Q59967.1|	Q59967	RecName: Full=Serine acetyltransferase, plasmid; Short=SAT [Synechococcus elongatus PCC 7942 = FACHB-805]	61.567	268	9.76e-109	322	NA	NA	NA
group_3604	sp|Q9I6Z9.1|	Q9I6Z9	RecName: Full=HTH-type transcriptional activator BauR [Pseudomonas aeruginosa PAO1]	64.262	305	1.11e-121	353	NA	NA	NA
group_3605	sp|D2T333.1|	D2T333	RecName: Full=Malonyl-[acyl-carrier protein] O-methyltransferase; Short=Malonyl-ACP O-methyltransferase; AltName: Full=Biotin synthesis protein BioC [Erwinia pyrifoliae DSM 12163]	32.857	140	5.84e-6	49.3	NA	NA	NA
group_3606	sp|P10183.2|	P10183	RecName: Full=HTH-type transcriptional activator NahR [Pseudomonas putida]	31.034	290	3.66e-36	134	NA	NA	NA
group_3608	sp|P0A5G6.1|	P0A5G6	RecName: Full=Uncharacterized protein Mb2599c [Mycobacterium tuberculosis variant bovis AF2122/97]	35.816	282	5.28e-54	181	NA	NA	NA
group_3609	sp|P39897.1|	P39897	RecName: Full=HTH-type transcriptional regulator MtrR; AltName: Full=Multiple transferrable resistance regulator [Neisseria gonorrhoeae]	30.693	101	1.92e-6	50.1	NA	NA	NA
group_3610	sp|P71338.2|	P71338	RecName: Full=Fe(3+)-transport system permease protein FbpB 2; AltName: Full=Iron(III)-transport system permease protein FbpB 2 [Haemophilus influenzae Rd KW20]	45.635	504	9.309999999999999e-101	316	NA	NA	NA
group_3613	sp|P45122.1|	P45122	RecName: Full=UPF0126 membrane protein HI_1240 [Haemophilus influenzae Rd KW20]	54.146	205	3.3800000000000004e-70	216	NA	NA	NA
group_3614	sp|Q1ID47.1|	Q1ID47	RecName: Full=Metalloprotease AprA [Pseudomonas entomophila L48]	45	440	7.299999999999999e-96	306	NA	NA	NA
group_3615	sp|P0DP92.1|	P0DP92	RecName: Full=Cellulose biosynthesis protein BcsQ [Escherichia coli K-12]	31.507	219	1.81e-12	69.3	NA	NA	NA
group_3616	sp|P30176.1|	P30176	RecName: Full=N-glycosidase YbiA; AltName: Full=Riboflavin biosynthesis intermediates N-glycosidase [Escherichia coli K-12]	34.194	155	1.1e-15	74.3	NA	NA	NA
group_3619	sp|P0A8Z7.1|	P0A8Z7	RecName: Full=Esterase YqiA [Escherichia coli K-12]	38.743	191	4.15e-33	120	NA	NA	NA
group_3622	sp|D4GYY1.1|	D4GYY1	RecName: Full=RIO-type serine/threonine-protein kinase Rio1 [Haloferax volcanii DS2]	37.209	215	1.6700000000000002e-21	95.1	NA	NA	NA
group_3624	sp|Q1ID47.1|	Q1ID47	RecName: Full=Metalloprotease AprA [Pseudomonas entomophila L48]	49.55	444	1.08e-124	384	NA	NA	NA
group_3626	sp|Q9HU77.1|	Q9HU77	RecName: Full=Formimidoylglutamate deiminase; AltName: Full=Formiminoglutamate deiminase; AltName: Full=N-formimino-L-glutamate deiminase; AltName: Full=N-formimino-L-glutamate iminohydrolase [Pseudomonas aeruginosa PAO1]	78.146	453	0	667	NA	NA	NA
group_3627	sp|Q9I0I6.1|	Q9I0I6	RecName: Full=Methyl-accepting chemotaxis protein CtpM [Pseudomonas aeruginosa PAO1]	44.813	241	3.4299999999999995e-24	110	NA	NA	NA
group_3628	sp|P0A9F6.1|	P0A9F6	RecName: Full=Glycine cleavage system transcriptional activator; AltName: Full=Gcv operon activator [Escherichia coli K-12]	35.739	291	1.21e-53	180	NA	NA	NA
group_3630	sp|Q9HUH5.1|	Q9HUH5	RecName: Full=Multidrug transporter PA4990 [Pseudomonas aeruginosa PAO1]	64.486	107	3.01e-30	107	NA	NA	NA
group_3632	sp|Q59071.1|	Q59071	RecName: Full=UPF0056 membrane protein MJ1677 [Methanocaldococcus jannaschii DSM 2661]	33.862	189	6.9300000000000008e-21	89	NA	NA	NA
group_3634	sp|Q9I6Z0.1|	Q9I6Z0	RecName: Full=8-oxoguanine deaminase [Pseudomonas aeruginosa PAO1]	83.929	448	0	778	NA	NA	NA
group_3638	sp|Q39161.1|	Q39161	RecName: Full=Ferredoxin--nitrite reductase, chloroplastic; Short=NiR; Flags: Precursor [Arabidopsis thaliana]	30.495	364	6.38e-25	110	NA	NA	NA
group_3639	sp|I6Y778.1|	I6Y778	RecName: Full=3-oxoacyl-[acyl-carrier-protein] reductase [NADH]; AltName: Full=Beta-ketoacyl CoA reductase; AltName: Full=FASII-like 3-oxoacyl-thioester reductase; AltName: Full=HMwFabG [Mycobacterium tuberculosis H37Rv]	47.921	457	2.81e-114	346	NA	NA	NA
group_3640	sp|P28269.1|	P28269	RecName: Full=Omega-amino acid--pyruvate aminotransferase; Short=Omega-APT; AltName: Full=Beta-alanine--pyruvate aminotransferase [Pseudomonas putida]	94.183	447	0	851	NA	NA	NA
group_3646	sp|O13737.2|	O13737	RecName: Full=2-hydroxy-palmitic acid dioxygenase mpo1; AltName: Full=Metabolism of phytosphingosine to odd-numbered fatty acids protein 1; Short=Metabolism of PHS to odd-numbered FA protein 1 [Schizosaccharomyces pombe 972h-]	30.323	155	3.5e-7	51.6	NA	NA	NA
group_3648	sp|P22639.2|	P22639	RecName: Full=Uncharacterized glycosyltransferase alr2836 [Nostoc sp. PCC 7120 = FACHB-418]	30.556	216	2.17e-17	84.3	NA	NA	NA
group_365	sp|O07635.1|	O07635	RecName: Full=Protein PhoH2; AltName: Full=Protein YlaK; AltName: Full=RNA 5'-3' helicase PhoH2 [Bacillus subtilis subsp. subtilis str. 168]	37.446	462	1.07e-77	252	NA	NA	NA
group_3657	sp|Q44879.1|	Q44879	RecName: Full=Carboxy-terminal-processing protease; Short=C-terminal-processing protease; Flags: Precursor [Bartonella bacilliformis KC583]	50.127	393	7.99e-116	348	NA	NA	NA
group_3659	sp|P27650.1|	P27650	RecName: Full=Protein HupE; Flags: Precursor [Rhizobium leguminosarum bv. viciae]	50.365	137	9.48e-18	80.1	NA	NA	NA
group_3663	sp|Q94AS5.1|	Q94AS5	RecName: Full=Isoprenylcysteine alpha-carbonyl methylesterase ICME; AltName: Full=Isoprenylcysteine methylesterase; AltName: Full=Prenylcysteine methylesterase; Short=AtPCME [Arabidopsis thaliana]	31.2	250	4.62e-20	92.8	NA	NA	NA
group_3672	sp|P21628.1|	P21628	RecName: Full=High-affinity branched-chain amino acid transport system permease protein BraE [Pseudomonas aeruginosa PAO1]	53.398	412	5.750000000000001e-85	268	NA	NA	NA
group_3673	sp|O53664.1|	O53664	RecName: Full=3-hydroxyacyl-thioester dehydratase X; AltName: Full=3-hydroxybutyryl-CoA dehydratase; AltName: Full=Enoyl-CoA hydratase 2 [Mycobacterium tuberculosis H37Rv]	36.522	230	9.06e-33	124	NA	NA	NA
group_3674	sp|G3XD30.1|	G3XD30	RecName: Full=Type IV pilus inner membrane component PilN [Pseudomonas aeruginosa PAO1]	42.077	183	6.32e-39	134	NA	NA	NA
group_3676	sp|Q57856.1|	Q57856	RecName: Full=Putative ABC transporter permease protein MJ0413 [Methanocaldococcus jannaschii DSM 2661]	33.668	199	2.77e-15	77	NA	NA	NA
group_3677	sp|P9WMT2.1|	P9WMT2	RecName: Full=Putative conjugal transfer protein MT3759 [Mycobacterium tuberculosis CDC1551]	42.475	299	9.929999999999998e-56	191	NA	NA	NA
group_368	sp|A0Q7V6.1|	A0Q7V6	RecName: Full=Probable sensor histidine kinase BfpK [Francisella tularensis subsp. novicida U112]	32.576	264	9.509999999999999e-37	141	NA	NA	NA
group_3683	sp|Q0VZ69.1|	Q0VZ69	RecName: Full=Tryptophan 2-halogenase [Chondromyces crocatus]	30.994	342	3.1699999999999998e-31	128	NA	NA	NA
group_3684	sp|O86332.1|	O86332	RecName: Full=Putative monooxygenase Rv0793 [Mycobacterium tuberculosis H37Rv]	34.118	85	4.23e-12	60.1	NA	NA	NA
group_369	sp|P42314.3|	P42314	RecName: Full=Uncharacterized transporter YxjC [Bacillus subtilis subsp. subtilis str. 168]	58.901	455	7.629999999999999e-175	501	NA	NA	NA
group_3693	sp|P55702.1|	P55702	RecName: Full=Uncharacterized protein y4xJ [Sinorhizobium fredii NGR234]	45.669	254	8.209999999999999e-55	190	NA	NA	NA
group_3695	sp|Q6INV3.1|	Q6INV3	RecName: Full=Leucine-rich repeat-containing protein 57 [Xenopus laevis]	31.875	160	1.4e-8	61.2	NA	NA	NA
group_3697	sp|Q8FW95.1|	Q8FW95	RecName: Full=Bacterioferritin; Short=BFR [Brucella suis 1330]	34.559	136	3.33e-11	61.6	NA	NA	NA
group_3698	sp|Q55116.1|	Q55116	RecName: Full=Putative esterase sll0410 [Synechocystis sp. PCC 6803 substr. Kazusa]	33.333	102	2.38e-10	58.5	NA	NA	NA
group_37	sp|P14283.3|	P14283	RecName: Full=Pertactin autotransporter; AltName: Full=P.93; Contains: RecName: Full=Outer membrane protein P.69; Contains: RecName: Full=Pertactin translocator; Flags: Precursor [Bordetella pertussis Tohama I]	36.364	550	6.94e-74	266	NA	NA	NA
group_370	sp|Q07698.1|	Q07698	RecName: Full=ABC transporter protein AbcA [Aeromonas salmonicida]	50.464	323	3.6e-108	325	NA	NA	NA
group_3704	sp|P20370.2|	P20370	RecName: Full=4-carboxymuconolactone decarboxylase; Short=CMD [Acinetobacter baylyi ADP1]	51.515	132	1.5299999999999999e-52	165	NA	NA	NA
group_3707	sp|A0Q7V6.1|	A0Q7V6	RecName: Full=Probable sensor histidine kinase BfpK [Francisella tularensis subsp. novicida U112]	30.469	256	7.7e-39	146	NA	NA	NA
group_371	sp|Q88CC1.1|	Q88CC1	RecName: Full=2-oxoadipate dioxygenase/decarboxylase; AltName: Full=2-hydroxyglutarate synthase [Pseudomonas putida KT2440]	69.063	459	0	615	NA	NA	NA
group_3710	sp|A0A084R1K2.1|	A0A084R1K2	RecName: Full=Short-chain dehydrogenase/reductase ATR9; AltName: Full=Core atranone cluster (CAC) protein 9 [Stachybotrys chlorohalonatus IBT 40285]	34.091	132	3.22e-7	52.8	NA	NA	NA
group_3720	sp|O32221.1|	O32221	RecName: Full=Copper chaperone CopZ; AltName: Full=Copper-ion-binding protein [Bacillus subtilis subsp. subtilis str. 168]	44.615	65	1.96e-9	52.4	NA	NA	NA
group_3723	sp|A1KH31.1|	A1KH31	RecName: Full=Peptidoglycan-binding protein ArfA; AltName: Full=Outer membrane protein A; Short=OmpATb; AltName: Full=Outer membrane protein ArfA [Mycobacterium tuberculosis variant bovis BCG str. Pasteur 1173P2]	32.292	96	1.42e-8	59.3	NA	NA	NA
group_3724	sp|Q7NA64.1|	Q7NA64	RecName: Full=UPF0276 protein plu0081 [Photorhabdus laumondii subsp. laumondii TTO1]	60.678	295	5.96e-126	364	NA	NA	NA
group_3725	sp|Q9HXY5.1|	Q9HXY5	RecName: Full=Skp-like protein; Flags: Precursor [Pseudomonas aeruginosa PAO1]	80.537	149	3.97e-84	248	NA	NA	NA
group_3727	sp|O96876.1|	O96876	RecName: Full=Protein TCP17 [Trypanosoma cruzi]	48.98	147	2.22e-28	105	NA	NA	NA
group_3747	sp|P0AAL9.1|	P0AAL9	RecName: Full=Uncharacterized protein YkgJ [Escherichia coli K-12]	51.429	105	2.8799999999999997e-32	112	NA	NA	NA
group_3752	sp|O34638.1|	O34638	RecName: Full=Sensor histidine kinase YkoH [Bacillus subtilis subsp. subtilis str. 168]	41.667	60	5.92e-6	45.8	NA	NA	NA
group_376	sp|P30871.1|	P30871	RecName: Full=Inorganic triphosphatase; Short=PPPase; AltName: Full=ORFXE [Escherichia coli K-12]	35.652	230	8.54e-15	79.7	NA	NA	NA
group_3765	sp|Q9HWR3.1|	Q9HWR3	RecName: Full=Bacteriophytochrome; AltName: Full=Phytochrome-like protein [Pseudomonas aeruginosa PAO1]	33.333	240	3.9400000000000003e-26	113	NA	NA	NA
group_3768	sp|B1ZZL9.1|	B1ZZL9	RecName: Full=Probable DNA ligase; AltName: Full=Polydeoxyribonucleotide synthase [ATP] [Opitutus terrae PB90-1]	34.603	315	7.77e-39	149	NA	NA	NA
group_3771	sp|P21628.1|	P21628	RecName: Full=High-affinity branched-chain amino acid transport system permease protein BraE [Pseudomonas aeruginosa PAO1]	73.141	417	4.57e-156	450	NA	NA	NA
group_3773	sp|Q47456.1|	Q47456	RecName: Full=Transcriptional regulatory protein PcoR [Escherichia coli]	43.478	230	8.3e-56	180	NA	NA	NA
group_3776	sp|P45682.1|	P45682	RecName: Full=Lipoprotein NlpD/LppB homolog; Flags: Precursor [Pseudomonas aeruginosa PAO1]	65.737	251	4.63e-98	292	NA	NA	NA
group_3777	sp|C3K7J3.1|	C3K7J3	RecName: Full=UPF0225 protein PFLU_1319 [Pseudomonas [fluorescens] SBW25]	95.513	156	2.96e-111	315	NA	NA	NA
group_378	sp|O42701.1|	O42701	RecName: Full=Na(+)/H(+) antiporter 2 [Zygosaccharomyces rouxii]	35.294	136	6.36e-7	55.5	NA	NA	NA
group_3783	sp|P42724.1|	P42724	RecName: Full=Trifolitoxin-processing protein TfxB [Rhizobium leguminosarum bv. trifolii]	32.8	125	4.89e-7	54.3	NA	NA	NA
group_3788	sp|P48840.1|	P48840	RecName: Full=Beta-agarase B [Vibrio sp. JT0107]	33.136	676	2.82e-105	347	NA	NA	NA
group_3791	sp|Q9HYT3.1|	Q9HYT3	RecName: Full=Cyclic di-GMP phosphodiesterase NbdA; AltName: Full=NO-induced biofilm dispersion locus A [Pseudomonas aeruginosa PAO1]	52.684	708	0	671	NA	NA	NA
group_3793	sp|A5U908.2|	A5U908	RecName: Full=L-cysteine desulfhydrase Cds1 [Mycobacterium tuberculosis H37Ra]	58.841	345	4.9e-141	407	NA	NA	NA
group_3795	sp|Q88JK6.1|	Q88JK6	RecName: Full=Methyl-accepting chemotaxis protein PcaY; AltName: Full=PcaY_PP [Pseudomonas putida KT2440]	51.258	318	1.6499999999999998e-35	143	NA	NA	NA
group_3797	sp|Q05627.2|	Q05627	RecName: Full=Uncharacterized protein Cbei_0202; AltName: Full=ORF1 [Clostridium beijerinckii NCIMB 8052]	48.393	529	3.95e-173	502	NA	NA	NA
group_3798	sp|P77717.1|	P77717	RecName: Full=Uncharacterized lipoprotein YbaY; Flags: Precursor [Escherichia coli K-12]	42.857	84	1.99e-14	69.7	NA	NA	NA
group_380	sp|Q9HX91.1|	Q9HX91	RecName: Full=Uncharacterized protein PA3922; Flags: Precursor [Pseudomonas aeruginosa PAO1]	80.659	455	0	771	NA	NA	NA
group_3802	sp|Q80ZD3.2|	Q80ZD3	RecName: Full=Sodium-independent sulfate anion transporter; AltName: Full=Kidney brain anion transporter; Short=KBAT; AltName: Full=Solute carrier family 26 member 11 [Mus musculus]	34.127	126	1.3e-6	54.7	NA	NA	NA
group_3803	sp|A0A0H2ZJS2.1|	A0A0H2ZJS2	RecName: Full=Diguanylate cyclase DgcP [Pseudomonas aeruginosa UCBPP-PA14]	55.924	422	1.59e-131	406	NA	NA	NA
group_3804	sp|Q9I767.1|	Q9I767	RecName: Full=5'-nucleotidase; AltName: Full=Nucleoside 5'-monophosphate phosphohydrolase [Pseudomonas aeruginosa PAO1]	71.226	212	1.8299999999999998e-107	311	NA	NA	NA
group_3806	sp|P65024.1|	P65024	RecName: Full=Uncharacterized protein Mb2609c [Mycobacterium tuberculosis variant bovis AF2122/97]	40.084	237	1.3399999999999999e-45	162	NA	NA	NA
group_3807	sp|P56739.1|	P56739	RecName: Full=Uncharacterized 21.2 kDa protein [Botrytis cinerea]	40.171	117	1.33e-15	71.6	NA	NA	NA
group_3808	sp|A1WUH0.1|	A1WUH0	RecName: Full=Dodecin [Halorhodospira halophila SL1]	60.294	68	4.15e-15	65.9	NA	NA	NA
group_381	sp|P0DTK9.1|	P0DTK9	RecName: Full=Anti-CBASS protein Acb1; Short=Acb1 [Caulobacter sp. RHG1]	32.62	374	5.529999999999999e-48	177	NA	NA	NA
group_3823	sp|Q9I7B1.1|	Q9I7B1	RecName: Full=TPR repeat-containing protein PA0015 [Pseudomonas aeruginosa PAO1]	77.228	101	9.919999999999999e-52	160	NA	NA	NA
group_3824	sp|O34215.1|	O34215	RecName: Full=Gluconate 2-dehydrogenase cytochrome c subunit; Short=GA 2-DH cytochrome c subunit; Short=GADH cytochrome c subunit; Flags: Precursor [Pantoea cypripedii]	68.01	397	0	551	NA	NA	NA
group_3826	sp|P47206.2|	P47206	RecName: Full=Putative copper-binding protein [Stutzerimonas stutzeri]	50	176	2.85e-60	190	NA	NA	NA
group_3828	sp|P43862.1|	P43862	RecName: Full=DNA-processing protein A; AltName: Full=Protein Smf [Haemophilus influenzae Rd KW20]	55.204	221	9.49e-76	241	NA	NA	NA
group_3829	sp|Q4UNC7.1|	Q4UNC7	RecName: Full=Probable ABC transporter permease protein RF_0080 [Rickettsia felis URRWXCal2]	32.02	203	5.169999999999999e-23	100	NA	NA	NA
group_383	sp|Q9HX91.1|	Q9HX91	RecName: Full=Uncharacterized protein PA3922; Flags: Precursor [Pseudomonas aeruginosa PAO1]	70.089	448	0	672	NA	NA	NA
group_3830	sp|O34214.1|	O34214	RecName: Full=Gluconate 2-dehydrogenase flavoprotein; AltName: Full=GA 2-DH dehydrogenase subunit; Short=GADH dehydrogenase subunit; Flags: Precursor [Pantoea cypripedii]	76.599	594	0	971	NA	NA	NA
group_3832	sp|P11732.1|	P11732	RecName: Full=Cytochrome c5 [Azotobacter vinelandii]	43.21	81	4.7e-14	64.7	NA	NA	NA
group_3833	sp|Q9I7C1.1|	Q9I7C1	RecName: Full=1-acyl-sn-glycerol-3-phosphate acyltransferase; Short=1-AGP acyltransferase; Short=1-AGPAT; AltName: Full=Lysophosphatidic acid acyltransferase A; Short=LPA acyltransferase; Short=LPAAT [Pseudomonas aeruginosa PAO1]	73.756	221	8.98e-122	350	NA	NA	NA
group_3834	sp|Q9L4K3.1|	Q9L4K3	RecName: Full=Uncharacterized protein ORF1; Flags: Precursor [Chromohalobacter israelensis DSM 3043]	44.094	127	6.11e-38	135	NA	NA	NA
group_3835	sp|P43932.1|	P43932	RecName: Full=UPF0053 protein HI_0056 [Haemophilus influenzae Rd KW20]	60.776	232	5.08e-72	223	NA	NA	NA
group_3837	sp|O32254.1|	O32254	RecName: Full=Uncharacterized protein YvbT [Bacillus subtilis subsp. subtilis str. 168]	56.839	329	2.9e-135	390	NA	NA	NA
group_3838	sp|A0A0H2ZFK2.1|	A0A0H2ZFK2	RecName: Full=Dual specificity protein phosphatase TpbA; Short=DUSP; AltName: Full=Dual specific tyrosine phosphatase; AltName: Full=Protein tyrosine phosphatase; AltName: Full=Tyrosine phosphatase related to biofilm formation; Flags: Precursor [Pseudomonas aeruginosa UCBPP-PA14]	50	188	3.6e-67	209	NA	NA	NA
group_384	sp|P55679.1|	P55679	RecName: Full=Uncharacterized zinc protease y4wA [Sinorhizobium fredii NGR234]	34.624	439	3.84e-75	247	NA	NA	NA
group_3840	sp|P0AF43.1|	P0AF43	RecName: Full=Putative inorganic phosphate export protein YjbB [Escherichia coli K-12]	61.111	522	5.619999999999999e-173	503	NA	NA	NA
group_3841	sp|P76172.2|	P76172	RecName: Full=Uncharacterized protein YnfD; Flags: Precursor [Escherichia coli K-12]	39.655	58	6.21e-7	46.2	NA	NA	NA
group_3843	sp|B7K3M6.1|	B7K3M6	RecName: Full=Adaptive-response sensory kinase SasA; AltName: Full=Sensor histidine kinase SasA [Rippkaea orientalis PCC 8801]	30.566	265	1.13e-23	107	NA	NA	NA
group_3844	sp|P35158.2|	P35158	RecName: Full=Spore maturation protein B [Bacillus subtilis subsp. subtilis str. 168]	43.75	160	5.9799999999999996e-37	135	NA	NA	NA
group_3845	sp|O34213.1|	O34213	RecName: Full=Gluconate 2-dehydrogenase subunit 3; Short=GA 2-DH subunit 3; Short=GADH subunit 3; Flags: Precursor [Pantoea cypripedii]	50.917	218	3.37e-65	205	NA	NA	NA
group_3847	sp|P32646.2|	P32646	RecName: Full=Cytochrome c oxidase subunit 2, mitochondrial; AltName: Full=Cytochrome c oxidase polypeptide II; Flags: Precursor [Vigna unguiculata]	37.611	226	2.8599999999999998e-46	164	NA	NA	NA
group_385	sp|Q87WW4.1|	Q87WW4	RecName: Full=Tryptophan--tRNA ligase; AltName: Full=Tryptophanyl-tRNA synthetase; Short=TrpRS [Pseudomonas syringae pv. tomato str. DC3000]	80.23	435	0	710	NA	NA	NA
group_3853	sp|Q1JPD3.2|	Q1JPD3	RecName: Full=D-2-hydroxyglutarate dehydrogenase, mitochondrial; Flags: Precursor [Bos taurus]	36.229	472	3.29e-72	241	NA	NA	NA
group_3854	sp|P96684.1|	P96684	RecName: Full=Uncharacterized protein YdfG [Bacillus subtilis subsp. subtilis str. 168]	34.043	141	4.59e-21	86.7	NA	NA	NA
group_3859	sp|O05494.1|	O05494	RecName: Full=Uncharacterized HTH-type transcriptional regulator YdhC [Bacillus subtilis subsp. subtilis str. 168]	30.303	198	2.52e-15	75.5	NA	NA	NA
group_3862	sp|P16939.1|	P16939	RecName: Full=Insertion element IS600 uncharacterized 11 kDa protein; AltName: Full=ISO-S3 11 kDa protein [Shigella sonnei]	45.918	98	4.63e-17	72.8	NA	NA	NA
group_3863	sp|P16940.1|	P16940	RecName: Full=Insertion element IS600 uncharacterized 31 kDa protein; AltName: Full=ISO-S3 31 kDa protein [Shigella sonnei]	37.023	262	2.0799999999999996e-55	182	NA	NA	NA
group_3864	sp|P27675.1|	P27675	RecName: Full=Glutamine transport ATP-binding protein GlnQ [Geobacillus stearothermophilus]	52.321	237	2.89e-78	238	NA	NA	NA
group_3865	sp|Q06903.2|	Q06903	RecName: Full=Prolyl endopeptidase; Short=PE; AltName: Full=Post-proline cleaving enzyme [Aeromonas hydrophila]	47.107	121	1.84e-22	94.4	NA	NA	NA
group_3868	sp|Q8NQU4.2|	Q8NQU4	RecName: Full=Arginine transport ATP-binding protein ArgV [Corynebacterium glutamicum ATCC 13032]	47.222	252	2.5200000000000003e-73	227	NA	NA	NA
group_3869	sp|P0AEP9.1|	P0AEP9	RecName: Full=Glycolate oxidase subunit GlcD; AltName: Full=Glycolate dehydrogenase subunit GlcD [Escherichia coli K-12]	79.76	499	0	793	NA	NA	NA
group_3873	sp|P31135.1|	P31135	RecName: Full=Putrescine transport system permease protein PotH [Escherichia coli K-12]	31.818	220	2.7599999999999996e-31	122	NA	NA	NA
group_3874	sp|Q18AM3.1|	Q18AM3	RecName: Full=Spermidine/putrescine import ATP-binding protein PotA [Clostridioides difficile 630]	50.479	313	4.5199999999999995e-87	269	NA	NA	NA
group_3875	sp|P55480.1|	P55480	RecName: Full=Uncharacterized oxidoreductase y4hM; Flags: Precursor [Sinorhizobium fredii NGR234]	38.275	371	1.1600000000000001e-73	238	NA	NA	NA
group_3876	sp|P52073.1|	P52073	RecName: Full=Glycolate oxidase subunit GlcE; AltName: Full=Glycolate dehydrogenase subunit GlcE [Escherichia coli K-12]	62.464	349	2.0399999999999998e-157	448	NA	NA	NA
group_3877	sp|Q92WR9.1|	Q92WR9	RecName: Full=Trans-3-hydroxy-L-proline dehydratase; Short=T3LHyp dehydratase; Short=t3HypD; AltName: Full=Trans-L-3-hydroxyproline dehydratase [Sinorhizobium meliloti 1021]	47.647	340	7.79e-113	334	NA	NA	NA
group_3878	sp|Q9X248.1|	Q9X248	RecName: Full=3-oxoacyl-[acyl-carrier-protein] reductase FabG; AltName: Full=3-ketoacyl-acyl carrier protein reductase; AltName: Full=Beta-Ketoacyl-acyl carrier protein reductase; AltName: Full=Beta-ketoacyl-ACP reductase [Thermotoga maritima MSB8]	40.562	249	4.79e-38	136	NA	NA	NA
group_388	sp|Q4R7M2.2|	Q4R7M2	RecName: Full=Dipeptidase 3; Flags: Precursor [Macaca fascicularis]	33.333	141	4.16e-16	84	NA	NA	NA
group_3882	sp|P23823.2|	P23823	RecName: Full=Uncharacterized HTH-type transcriptional regulator in aml 5'region; AltName: Full=ORF-S1 [Streptomyces limosus]	38.554	83	8.99e-7	48.9	NA	NA	NA
group_3883	sp|P35113.1|	P35113	RecName: Full=Nopaline transport system permease protein NocM [Agrobacterium fabrum str. C58]	30.693	202	8.34e-20	87.4	NA	NA	NA
group_3884	sp|A8IAD8.1|	A8IAD8	RecName: Full=Putative carbamate hydrolase RutD; AltName: Full=Aminohydrolase [Azorhizobium caulinodans ORS 571]	34.8	250	1.49e-42	148	NA	NA	NA
group_3886	sp|P27195.1|	P27195	RecName: Full=Prolyl endopeptidase; AltName: Full=Post-proline cleaving enzyme; AltName: Full=Proline-specific endopeptidase; Short=PE; Short=PSE; Flags: Precursor [Elizabethkingia miricola]	51.261	119	3.4099999999999995e-31	120	NA	NA	NA
group_3887	sp|P0AEQ1.1|	P0AEQ1	RecName: Full=Protein GlcG [Escherichia coli K-12]	64.655	116	9.53e-51	160	NA	NA	NA
group_3890	sp|P44191.1|	P44191	RecName: Full=Uncharacterized protein HI_1420 [Haemophilus influenzae Rd KW20]	35.484	93	1.01e-14	66.6	NA	NA	NA
group_3892	sp|Q1QYU6.1|	Q1QYU6	RecName: Full=Glycine betaine monooxygenase reductase subunit; Short=BMO reductase subunit; Short=GB monooxygenase reductase subunit; AltName: Full=BMO NADH-dependent flavine reductase component [Chromohalobacter israelensis DSM 3043]	31.487	343	1.63e-44	164	NA	NA	NA
group_39	sp|P09489.1|	P09489	RecName: Full=Extracellular serine protease; Flags: Precursor [Serratia marcescens]	39.56	1092	0	627	NA	NA	NA
group_3903	sp|Q8VMM5.1|	Q8VMM5	RecName: Full=Regulatory protein RecX [Pseudomonas putida]	61.111	126	7.2e-49	155	NA	NA	NA
group_3909	sp|Q7WDT6.1|	Q7WDT6	RecName: Full=Type IV secretion system protein PtlG homolog [Bordetella bronchiseptica RB50]	33.158	190	3.69e-21	97.8	NA	NA	NA
group_3912	sp|Q04230.1|	Q04230	RecName: Full=Type IV secretion system-coupling protein TrwB; AltName: Full=Conjugative coupling protein TrwB; AltName: Full=DNA-dependent ATPase; AltName: Full=Type IV coupling protein; Short=T4CP [Escherichia coli]	36.973	522	1.74e-97	307	NA	NA	NA
group_3915	sp|P52132.1|	P52132	RecName: Full=UPF0380 protein YfjQ [Escherichia coli K-12]	55.926	270	1.2199999999999999e-106	313	NA	NA	NA
group_3919	sp|P44190.1|	P44190	RecName: Full=Uncharacterized protein HI_1419 [Haemophilus influenzae Rd KW20]	48.315	89	2e-24	91.7	NA	NA	NA
group_3922	sp|P14500.1|	P14500	RecName: Full=Uncharacterized protein in mucB 3'region [Salmonella enterica subsp. enterica serovar Typhimurium]	49.153	59	1.07e-13	67.8	NA	NA	NA
group_3926	sp|Q6I6C7.1|	Q6I6C7	RecName: Full=Type IV secretion system protein TrwN; Flags: Precursor [Escherichia coli]	39.062	192	2.9399999999999996e-37	134	NA	NA	NA
group_393	sp|Q55434.1|	Q55434	RecName: Full=Phytochrome-like protein cph2; AltName: Full=Bacteriophytochrome cph2 [Synechocystis sp. PCC 6803 substr. Kazusa]	32.806	253	1.2299999999999999e-30	129	NA	NA	NA
group_3931	sp|A0AAI7ZGA5.1|	A0AAI7ZGA5	RecName: Full=Type IV secretion system ATPase VirB11 [Xanthomonas citri subsp. citri 306]	32.822	326	2e-49	171	NA	NA	NA
group_3934	sp|Q1RK58.1|	Q1RK58	RecName: Full=Phospholipase D; Short=PLD; AltName: Full=Choline phosphatase; Flags: Precursor [Rickettsia bellii RML369-C]	37.931	145	2.51e-13	68.9	NA	NA	NA
group_3938	sp|P35878.1|	P35878	RecName: Full=Transposase for insertion sequence element IS904 [Lactococcus lactis subsp. lactis Il1403]	30.769	182	9.78e-14	73.6	NA	NA	NA
group_394	sp|O05241.2|	O05241	RecName: Full=UPF0053 protein YugS [Bacillus subtilis subsp. subtilis str. 168]	33.073	384	9.19e-62	209	NA	NA	NA
group_3950	sp|Q8FEM8.1|	Q8FEM8	RecName: Full=mRNA interferase HigB; AltName: Full=Endoribonuclease HigB; AltName: Full=Toxin HigB [Escherichia coli CFT073]	39.048	105	2.93e-22	86.7	NA	NA	NA
group_3951	sp|P25736.1|	P25736	RecName: Full=Endonuclease-1; AltName: Full=Endonuclease I; Short=Endo I; Flags: Precursor [Escherichia coli K-12]	48.908	229	1.5400000000000003e-73	229	NA	NA	NA
group_3962	sp|Q56897.1|	Q56897	RecName: Full=Transposase for insertion sequence element IS1328 [Yersinia enterocolitica]	62.162	222	1.36e-98	294	NA	NA	NA
group_3964	sp|Q49WS9.1|	Q49WS9	RecName: Full=Uncharacterized oxidoreductase SSP1627 [Staphylococcus saprophyticus subsp. saprophyticus ATCC 15305 = NCTC 7292]	39.344	244	3.39e-39	139	NA	NA	NA
group_3966	sp|P25145.2|	P25145	RecName: Full=Uncharacterized oxidoreductase Lmo0432; AltName: Full=ORFA [Listeria monocytogenes EGD-e]	36.694	248	2.11e-36	132	NA	NA	NA
group_3969	sp|P18471.1|	P18471	RecName: Full=Protein TraU; Flags: Precursor [Escherichia coli K-12]	32.934	334	1.01e-41	151	NA	NA	NA
group_397	sp|Q9I753.1|	Q9I753	RecName: Full=Type VI secretion system baseplate component TssK1 [Pseudomonas aeruginosa PAO1]	75.45	444	0	654	NA	NA	NA
group_3971	sp|P67701.1|	P67701	RecName: Full=Antitoxin HigA [Escherichia coli K-12]	34.711	121	1.79e-12	65.9	NA	NA	NA
group_3977	sp|P94593.2|	P94593	RecName: Full=Putative ATP-dependent helicase/translocase YwqA [Bacillus subtilis subsp. subtilis str. 168]	39.364	503	2.08e-97	333	NA	NA	NA
group_3981	sp|Q8KYT4.1|	Q8KYT4	RecName: Full=Uncharacterized protein pXO1-01/BXA0003/GBAA_pXO1_0003 [Bacillus anthracis]	32.773	119	1.91e-11	64.7	NA	NA	NA
group_3982	sp|Q01723.2|	Q01723	RecName: Full=Type 3 secretion system secretin; Short=T3SS secretin; AltName: Full=Hypersensitivity response secretion protein HrpH; Flags: Precursor [Pseudomonas syringae pv. syringae]	34.884	86	3.26e-6	52.4	NA	NA	NA
group_3986	sp|Q9HI37.1|	Q9HI37	RecName: Full=Probable family 20 transposase [Pseudomonas aeruginosa PAO1]	55.786	337	3.02e-117	345	NA	NA	NA
group_3999	sp|F1ND48.2|	F1ND48	RecName: Full=F-box DNA helicase 1; AltName: Full=DNA 3'-5' helicase 1; AltName: Full=F-box only protein 18 [Gallus gallus]	32.47	502	8.6e-58	209	NA	NA	NA
group_401	sp|G3XDA8.1|	G3XDA8	RecName: Full=Phosphate-binding protein PstS; Flags: Precursor [Pseudomonas aeruginosa PAO1]	31.873	251	3.42e-14	76.6	NA	NA	NA
group_4010	sp|P32265.2|	P32265	RecName: Full=HTH-type transcriptional regulator NfxB [Pseudomonas aeruginosa PAO1]	59.459	185	5.05e-75	226	NA	NA	NA
group_4013	sp|P0C5W3.1|	P0C5W3	RecName: Full=Transposase InsC for insertion element IS2A/D/F/H/I/K [Escherichia coli]	68.687	99	2.16e-45	145	NA	NA	NA
group_4014	sp|P24082.2|	P24082	RecName: Full=Mating pair stabilization protein TraN; Flags: Precursor [Escherichia coli K-12]	32.143	112	1.37e-12	75.1	NA	NA	NA
group_402	sp|Q9I753.1|	Q9I753	RecName: Full=Type VI secretion system baseplate component TssK1 [Pseudomonas aeruginosa PAO1]	39.729	443	7.499999999999999e-101	311	NA	NA	NA
group_403	sp|P37631.3|	P37631	RecName: Full=Ribosomal RNA dihydrouridine synthase; Short=rRNA dihydrouridine synthase; AltName: Full=Ribosomal dihydrouridine synthase A [Escherichia coli K-12]	54.795	365	5.45e-138	404	NA	NA	NA
group_4035	sp|Q4KHU2.1|	Q4KHU2	RecName: Full=Nucleoid-associated protein PFL_1060 [Pseudomonas protegens Pf-5]	90.663	332	0	631	NA	NA	NA
group_4043	sp|P0C5W5.1|	P0C5W5	RecName: Full=Transposase InsD for insertion element IS2A/D/F/H/I/K [Escherichia coli]	60.169	236	1.45e-93	281	NA	NA	NA
group_4044	sp|P18472.2|	P18472	RecName: Full=Protein TraW; Flags: Precursor [Escherichia coli K-12]	31.967	122	1.55e-8	58.2	NA	NA	NA
group_405	sp|P41052.1|	P41052	RecName: Full=Membrane-bound lytic murein transglycosylase B; AltName: Full=35 kDa soluble lytic transglycosylase; AltName: Full=Murein hydrolase B; AltName: Full=Slt35; Flags: Precursor [Escherichia coli K-12]	30.4	250	3.1299999999999994e-23	103	NA	NA	NA
group_4053	sp|P11922.2|	P11922	RecName: Full=Invasin [Yersinia pseudotuberculosis IP 32953]	33.333	282	1.91e-36	151	NA	NA	NA
group_4057	sp|Q8T079.1|	Q8T079	RecName: Full=Cytokine-like nuclear factor N-PAC; Short=NPAC; AltName: Full=Glyoxylate reductase 1 homolog; AltName: Full=Nuclear protein NP60 homolog; AltName: Full=Nucleosome-destabilizing factor; AltName: Full=Putative oxidoreductase GLYR1 homolog [Drosophila melanogaster]	30.38	158	1.22e-8	59.3	NA	NA	NA
group_406	sp|Q9I1E0.1|	Q9I1E0	RecName: Full=Mannitol-binding protein; Flags: Precursor [Pseudomonas aeruginosa PAO1]	77.053	414	0	677	NA	NA	NA
group_4063	sp|Q08082.2|	Q08082	RecName: Full=Putative transposase for insertion sequence element IS6501 [Brucella ovis ATCC 25840]	33.333	132	2.46e-15	73.6	NA	NA	NA
group_407	sp|P73265.1|	P73265	RecName: Full=Nitrate import ATP-binding protein NrtD [Synechocystis sp. PCC 6803 substr. Kazusa]	43.077	260	9.079999999999999e-67	217	NA	NA	NA
group_4072	sp|P37247.1|	P37247	RecName: Full=Transposase for insertion sequence element IS4351; AltName: Full=Transposon TN4551 [Bacteroides fragilis]	47.368	95	1.0699999999999998e-23	96.7	NA	NA	NA
group_4076	sp|P0CE53.2|	P0CE53	RecName: Full=Transposase InsH for insertion sequence element IS5H [Escherichia coli K-12]	55.769	52	3.87e-13	65.1	NA	NA	NA
group_4080	sp|P32265.2|	P32265	RecName: Full=HTH-type transcriptional regulator NfxB [Pseudomonas aeruginosa PAO1]	59.459	185	7.820000000000001e-73	221	NA	NA	NA
group_4081	sp|P68588.1|	P68588	RecName: Full=Protein PsaE; Flags: Precursor [Yersinia pestis]	34.286	70	1.11e-6	52	NA	NA	NA
group_4082	sp|P06695.1|	P06695	RecName: Full=Transposase for transposon Tn501 [Pseudomonas aeruginosa]	85.946	185	3.51e-102	318	NA	NA	NA
group_4088	sp|Q56897.1|	Q56897	RecName: Full=Transposase for insertion sequence element IS1328 [Yersinia enterocolitica]	64.758	227	2.87e-104	308	NA	NA	NA
group_4090	sp|P50360.2|	P50360	RecName: Full=Uncharacterized protein y4hP [Sinorhizobium fredii NGR234]	31.908	304	9.37e-45	162	NA	NA	NA
group_4091	sp|Q56897.1|	Q56897	RecName: Full=Transposase for insertion sequence element IS1328 [Yersinia enterocolitica]	58.511	94	7.72e-36	126	NA	NA	NA
group_4092	sp|Q9I6Z9.1|	Q9I6Z9	RecName: Full=HTH-type transcriptional activator BauR [Pseudomonas aeruginosa PAO1]	33.681	288	4.789999999999999e-47	163	NA	NA	NA
group_410	sp|Q5E6C7.1|	Q5E6C7	RecName: Full=Glutamine transporter 1 [Aliivibrio fischeri ES114]	59.551	445	8e-140	410	NA	NA	NA
group_4100	sp|Q52563.1|	Q52563	RecName: Full=Resolvase [Pseudomonas syringae pv. tomato]	92.437	119	1.9299999999999998e-72	218	NA	NA	NA
group_4106	sp|P09748.1|	P09748	RecName: Full=Shufflon protein B' [Escherichia coli]	37.717	403	4.7999999999999993e-67	222	NA	NA	NA
group_4107	sp|Q5SLC9.1|	Q5SLC9	RecName: Full=Type IV pilus assembly ATPase PilB [Thermus thermophilus HB8]	36.103	349	2.69e-34	140	NA	NA	NA
group_411	sp|Q9I1E0.1|	Q9I1E0	RecName: Full=Mannitol-binding protein; Flags: Precursor [Pseudomonas aeruginosa PAO1]	79.277	415	0	702	NA	NA	NA
group_4114	sp|P94369.1|	P94369	RecName: Full=Putative purine-cytosine permease YxlA [Bacillus subtilis subsp. subtilis str. 168]	35.065	462	7.95e-75	246	NA	NA	NA
group_4124	sp|O05402.1|	O05402	RecName: Full=Putative peptidoglycan O-acetyltransferase YrhL [Bacillus subtilis subsp. subtilis str. 168]	32.733	333	4.36e-28	123	NA	NA	NA
group_4127	sp|Q8YDY9.2|	Q8YDY9	RecName: Full=Type IV secretion system ATPase VirB11 [Brucella melitensis bv. 1 str. 16M]	38.889	324	7.0300000000000005e-65	213	NA	NA	NA
group_413	sp|Q07698.1|	Q07698	RecName: Full=ABC transporter protein AbcA [Aeromonas salmonicida]	43.59	234	2.26e-66	217	NA	NA	NA
group_4130	sp|D0KZ82.1|	D0KZ82	RecName: Full=Maintenance of carboxysome distribution protein A; Short=alpha-McdA [Halothiobacillus neapolitanus c2]	30.198	202	1.91e-8	55.8	NA	NA	NA
group_4131	sp|G3XCX3.1|	G3XCX3	RecName: Full=Type IV pilus ATPase PilU [Pseudomonas aeruginosa PAO1]	33.548	155	1.43e-14	77	NA	NA	NA
group_4133	sp|O50337.1|	O50337	RecName: Full=Type IV secretion system protein TrwE [Escherichia coli]	39.247	186	2.64e-39	148	NA	NA	NA
group_4134	sp|Q9RPY4.1|	Q9RPY4	RecName: Full=Type IV secretion system protein VirB1; Flags: Precursor [Brucella suis 1330]	47.297	148	2.9e-36	130	NA	NA	NA
group_4136	sp|P58092.1|	P58092	RecName: Full=Antitoxin ParD [Escherichia coli O157:H7]	36.508	63	1.81e-8	49.7	NA	NA	NA
group_4143	sp|Q8NFZ0.2|	Q8NFZ0	RecName: Full=F-box DNA helicase 1; Short=hFBH1; AltName: Full=DNA 3'-5' helicase 1; AltName: Full=F-box only protein 18 [Homo sapiens]	39.568	139	1.4100000000000001e-22	96.3	NA	NA	NA
group_4147	sp|B7NC15.2|	B7NC15	RecName: Full=Inverse autotransporter adhesin YeeJ; Flags: Precursor [Escherichia coli UMN026]	31.579	171	6.24e-12	73.9	NA	NA	NA
group_4149	sp|Q8NFZ0.2|	Q8NFZ0	RecName: Full=F-box DNA helicase 1; Short=hFBH1; AltName: Full=DNA 3'-5' helicase 1; AltName: Full=F-box only protein 18 [Homo sapiens]	42.105	133	6.53e-22	94	NA	NA	NA
group_4150	sp|C0H3S6.1|	C0H3S6	RecName: Full=Putative DNA-binding protein YwzG [Bacillus subtilis subsp. subtilis str. 168]	31.868	91	3.95e-11	58.9	NA	NA	NA
group_4152	sp|Q45618.1|	Q45618	RecName: Full=Putative transposase for insertion sequence element IS5376 [Geobacillus stearothermophilus]	40.764	314	1.1500000000000001e-59	199	NA	NA	NA
group_4153	sp|P76071.1|	P76071	RecName: Full=Transposase InsH for insertion sequence element IS5Y [Escherichia coli K-12]	51.724	145	1.1599999999999998e-48	162	NA	NA	NA
group_4161	sp|P13694.1|	P13694	RecName: Full=Transposase for transposon Tn3926 [Escherichia coli]	73.705	251	3.87e-128	389	NA	NA	NA
group_4166	sp|P0CE53.2|	P0CE53	RecName: Full=Transposase InsH for insertion sequence element IS5H [Escherichia coli K-12]	50.289	173	8.34e-47	157	NA	NA	NA
group_4168	sp|P03014.2|	P03014	RecName: Full=Serine recombinase PinE; AltName: Full=DNA-invertase PinE; Short=DNA-invertase from lambdoid prophage e14; AltName: Full=Site-specific recombinase PinE [Escherichia coli K-12]	57.258	124	5.31e-40	141	NA	NA	NA
group_417	sp|P57239.1|	P57239	RecName: Full=Uncharacterized membrane protein BU139 [Buchnera aphidicola str. APS (Acyrthosiphon pisum)]	32.323	99	3.25e-16	81.6	NA	NA	NA
group_4176	sp|Q8RBR1.1|	Q8RBR1	RecName: Full=Putative RNase TTE0752; AltName: Full=Putative toxin TTE0752 [Caldanaerobacter subterraneus subsp. tengcongensis MB4]	36.792	106	9.99e-19	78.6	NA	NA	NA
group_4184	sp|P63521.1|	P63521	RecName: Full=Long-chain-fatty-acid--CoA ligase; AltName: Full=Long-chain acyl-CoA synthetase [Salmonella enterica subsp. enterica serovar Typhimurium str. LT2]	49.367	79	1.93e-17	79	NA	NA	NA
group_4186	sp|P11922.2|	P11922	RecName: Full=Invasin [Yersinia pseudotuberculosis IP 32953]	31.307	329	1.3e-35	148	NA	NA	NA
group_4187	sp|Q01565.1|	Q01565	RecName: Full=Secretin OutD; AltName: Full=General secretion pathway protein D; AltName: Full=Pectic enzymes secretion protein OutD; AltName: Full=Type II secretion system protein D; Short=T2SS protein D; Flags: Precursor [Dickeya dadantii 3937]	32.353	170	2.12e-15	81.6	NA	NA	NA
group_4189	sp|P37248.2|	P37248	RecName: Full=Transposase for insertion sequence element IS1086 [Cupriavidus metallidurans CH34]	50.305	328	2.0399999999999998e-109	325	NA	NA	NA
group_419	sp|Q44091.1|	Q44091	RecName: Full=L-sorbosone dehydrogenase; Short=SNDH [Gluconacetobacter liquefaciens]	61.894	433	0	518	NA	NA	NA
group_4190	sp|P17492.1|	P17492	RecName: Full=Replication protein [Neisseria gonorrhoeae]	36.321	212	2.7e-39	143	NA	NA	NA
group_4191	sp|P13694.1|	P13694	RecName: Full=Transposase for transposon Tn3926 [Escherichia coli]	93.707	731	0	1358	NA	NA	NA
group_4192	sp|P15026.2|	P15026	RecName: Full=Insertion sequence IS21 putative ATP-binding protein [Pseudomonas aeruginosa]	44.841	252	1.4299999999999999e-67	213	NA	NA	NA
group_4200	sp|P51767.1|	P51767	RecName: Full=Baseplate protein J; AltName: Full=Gene J protein; AltName: Full=GpJ [Bacteriophage P2]	31.975	319	1.07e-21	96.7	NA	NA	NA
group_4202	sp|P26701.1|	P26701	RecName: Full=Baseplate protein I; AltName: Full=Gene I protein; Short=GpI [Bacteriophage P2]	31.452	124	7.56e-7	51.2	NA	NA	NA
group_4210	sp|P37522.1|	P37522	RecName: Full=Sporulation initiation inhibitor protein Soj; AltName: Full=Suppressor of spo0J [Bacillus subtilis subsp. subtilis str. 168]	35.616	73	7.73e-6	48.9	NA	NA	NA
group_4212	sp|Q79RI9.1|	Q79RI9	RecName: Full=HTH-type transcriptional regulator for conjugative element R391; AltName: Full=ORF-96 protein [Providencia rettgeri]	31.452	124	1.38e-12	67.8	NA	NA	NA
group_4214	sp|Q6UAV6.1|	Q6UAV6	RecName: Full=Protelomerase; AltName: Full=Gene product 26; Short=Gp26; AltName: Full=Hairpin telomere resolvase; AltName: Full=TelK [Klebsiella phage phiKO2]	30.019	523	6.2399999999999995e-52	190	NA	NA	NA
group_422	sp|P0DXF8.1|	P0DXF8	RecName: Full=Functional amyloid transporter FapF; Flags: Precursor [Pseudomonas fluorescens]	83.295	437	0	712	NA	NA	NA
group_4220	sp|P10312.2|	P10312	RecName: Full=Probable baseplate hub protein; AltName: Full=Gene D protein; Short=GpD [Bacteriophage P2]	31.746	189	1.58e-17	85.9	NA	NA	NA
group_4222	sp|B0ZSF3.1|	B0ZSF3	RecName: Full=Major capsid protein; AltName: Full=Gene product 5; Short=gp5; AltName: Full=Major head protein [Halomonas phage phiHAP-1 Gulf of Mexico/-/2001]	48.435	607	5.15e-170	500	NA	NA	NA
group_4223	sp|B0ZSH1.1|	B0ZSH1	RecName: Full=Probable tape measure protein; Short=TMP; AltName: Full=Gene product 23; Short=gp23 [Halomonas phage phiHAP-1 Gulf of Mexico/-/2001]	46.687	664	1.34e-150	471	NA	NA	NA
group_4226	sp|P31340.2|	P31340	RecName: Full=Spike protein; AltName: Full=Baseplate assembly protein gpV; AltName: Full=Gene V protein; Short=GpV [Bacteriophage P2]	30.435	184	1.59e-7	53.1	NA	NA	NA
group_4237	sp|P27359.1|	P27359	RecName: Full=SAR-endolysin; AltName: Full=Endolysin; AltName: Full=Lysis protein; AltName: Full=Lysozyme; AltName: Full=Muramidase [Enterobacteria phage P21]	37.931	145	5.2399999999999996e-23	92.8	NA	NA	NA
group_4239	sp|B0ZSF2.1|	B0ZSF2	RecName: Full=Probable portal protein [Halomonas phage phiHAP-1 Gulf of Mexico/-/2001]	57.816	467	0	537	NA	NA	NA
group_424	sp|Q7SXW3.1|	Q7SXW3	RecName: Full=Leucine-rich repeat-containing protein 40 [Danio rerio]	32.673	202	5.46e-16	83.6	NA	NA	NA
group_4240	sp|B0ZSH1.1|	B0ZSH1	RecName: Full=Probable tape measure protein; Short=TMP; AltName: Full=Gene product 23; Short=gp23 [Halomonas phage phiHAP-1 Gulf of Mexico/-/2001]	55.645	124	3.9e-43	153	NA	NA	NA
group_4241	sp|Q9A4F4.1|	Q9A4F4	RecName: Full=Toxin RelE3 [Caulobacter vibrioides CB15]	33.333	93	5.3e-7	47	NA	NA	NA
group_4245	sp|P51731.1|	P51731	RecName: Full=Probable tape measure protein; Short=TMP; AltName: Full=Gene product 27; Short=gp27 [Haemophilus phage HP1c1]	50.868	403	1.18e-117	372	NA	NA	NA
group_4249	sp|P51731.1|	P51731	RecName: Full=Probable tape measure protein; Short=TMP; AltName: Full=Gene product 27; Short=gp27 [Haemophilus phage HP1c1]	32.53	83	3.24e-9	55.8	NA	NA	NA
group_4251	sp|P51730.1|	P51730	RecName: Full=Uncharacterized 11.3 kDa protein in lys 3'region; AltName: Full=ORF26 [Haemophilus phage HP1c1]	33.333	84	1.9e-8	50.8	NA	NA	NA
group_4254	sp|P51731.1|	P51731	RecName: Full=Probable tape measure protein; Short=TMP; AltName: Full=Gene product 27; Short=gp27 [Haemophilus phage HP1c1]	47.761	67	8.39e-11	58.5	NA	NA	NA
group_4255	sp|P51732.1|	P51732	RecName: Full=Uncharacterized 12.7 kDa protein in lys 3'region; AltName: Full=ORF28 [Haemophilus phage HP1c1]	50.476	105	1.45e-28	102	NA	NA	NA
group_4256	sp|P51733.1|	P51733	RecName: Full=Putative baseplate protein gp29; AltName: Full=Gene 29 protein; AltName: Full=Gp29 [Haemophilus phage HP1c1]	42.935	368	1.11e-103	314	NA	NA	NA
group_4257	sp|P51734.1|	P51734	RecName: Full=Putative tail protein gp30; AltName: Full=Gene product 30; Short=gp30 [Haemophilus phage HP1c1]	45.665	173	2.24e-56	178	NA	NA	NA
group_4261	sp|P51725.1|	P51725	RecName: Full=Putative tail sheath protein; AltName: Full=ORF23 [Haemophilus phage HP1c1]	44.022	368	7.16e-94	288	NA	NA	NA
group_4262	sp|P51726.1|	P51726	RecName: Full=Putative tail tube protein; AltName: Full=ORF24 [Haemophilus phage HP1c1]	57.857	140	1.9199999999999998e-47	153	NA	NA	NA
group_4263	sp|Q06126.1|	Q06126	RecName: Full=Transposase for insertion sequence element IS1001 [Bordetella parapertussis]	62.5	248	1.7699999999999999e-103	308	NA	NA	NA
group_4264	sp|P51726.1|	P51726	RecName: Full=Putative tail tube protein; AltName: Full=ORF24 [Haemophilus phage HP1c1]	54.839	93	1.01e-25	96.3	NA	NA	NA
group_4267	sp|P11922.2|	P11922	RecName: Full=Invasin [Yersinia pseudotuberculosis IP 32953]	35.153	458	1.43e-49	191	NA	NA	NA
group_4268	sp|Q56127.1|	Q56127	RecName: Full=Transcriptional regulatory protein RcsB [Salmonella enterica subsp. enterica serovar Typhi]	37.681	207	5.6300000000000004e-33	121	NA	NA	NA
group_4269	sp|P58662.1|	P58662	RecName: Full=Sensor histidine kinase RcsC [Salmonella enterica subsp. enterica serovar Typhimurium str. LT2]	32.613	509	8.49e-63	236	NA	NA	NA
group_427	sp|P06991.1|	P06991	RecName: Full=Type I restriction enzyme EcoDI specificity subunit; Short=S protein; AltName: Full=Type I specificity subunit S.EcoDI; Short=S.EcoDI; AltName: Full=Type-1 restriction enzyme EcoDI specificity subunit [Escherichia coli]	30.769	182	1.53e-12	72.8	NA	NA	NA
group_4270	sp|P0C5W5.1|	P0C5W5	RecName: Full=Transposase InsD for insertion element IS2A/D/F/H/I/K [Escherichia coli]	58.273	278	1.31e-116	339	NA	NA	NA
group_4271	sp|P0C5W3.1|	P0C5W3	RecName: Full=Transposase InsC for insertion element IS2A/D/F/H/I/K [Escherichia coli]	65.546	119	1.1299999999999998e-54	170	NA	NA	NA
group_4277	sp|Q48IV1.2|	Q48IV1	RecName: Full=Blue-light-activated protein; Includes: RecName: Full=Blue-light-activated histidine kinase; Includes: RecName: Full=Response regulator [Pseudomonas savastanoi pv. phaseolicola 1448A]	32.305	486	2.4299999999999997e-69	241	NA	NA	NA
group_4280	sp|D7Y2H4.1|	D7Y2H4	RecName: Full=CD-NTase-associated protein 6; Short=Cap6; AltName: Full=CBASS disassembly protein Trip13; AltName: Full=Probable ATPase Trip13 [Escherichia coli MS 115-1]	81.935	310	0	508	NA	NA	NA
group_4281	sp|D7Y2H5.1|	D7Y2H5	RecName: Full=Endodeoxyribonuclease NucC; AltName: Full=NucC nuclease [Escherichia coli MS 115-1]	87.719	228	4.0599999999999995e-148	415	NA	NA	NA
group_4283	sp|P22753.1|	P22753	RecName: Full=HTH-type transcriptional regulator SinR [Bacillus licheniformis]	32.039	103	4.27e-7	47.8	NA	NA	NA
group_4286	sp|Q08I43.2|	Q08I43	RecName: Full=3'-5' exonuclease eri1; AltName: Full=Enhanced RNAi protein [Schizosaccharomyces pombe 972h-]	38.889	54	6.71e-6	44.3	NA	NA	NA
group_4287	sp|D3KVM6.1|	D3KVM6	RecName: Full=2-hydroxy-1,4-benzoquinone reductase; AltName: Full=Benzoquinone reductase; AltName: Full=Hydroxybenzoquinone reductase [Burkholderia sp.]	39.56	91	1.64e-14	71.2	NA	NA	NA
group_4289	sp|Q08I43.2|	Q08I43	RecName: Full=3'-5' exonuclease eri1; AltName: Full=Enhanced RNAi protein [Schizosaccharomyces pombe 972h-]	31.944	216	7.26e-24	99	NA	NA	NA
group_4296	sp|P24181.2|	P24181	RecName: Full=Multidrug export protein AcrF; AltName: Full=Acriflavine resistance protein F; AltName: Full=Protein EnvD [Escherichia coli K-12]	50.245	1021	0	894	NA	NA	NA
group_4305	sp|D7Y2H3.2|	D7Y2H3	RecName: Full=CD-NTase-associated protein 7; Short=Cap7; AltName: Full=Bacterial HORMA sensor protein [Escherichia coli MS 115-1]	71.93	171	2.62e-89	261	NA	NA	NA
group_4306	sp|P50360.2|	P50360	RecName: Full=Uncharacterized protein y4hP [Sinorhizobium fredii NGR234]	41.667	120	3.0100000000000004e-27	107	NA	NA	NA
group_4308	sp|Q88L76.1|	Q88L76	RecName: Full=UPF0337 protein PP_2059 [Pseudomonas putida KT2440]	68.293	82	4.79e-18	73.9	NA	NA	NA
group_4309	sp|D7Y2H2.2|	D7Y2H2	RecName: Full=Cyclic AMP-AMP-AMP synthase; AltName: Full=CD-NTase018; AltName: Full=c-di-AMP synthase [Escherichia coli MS 115-1]	86.293	321	0	535	NA	NA	NA
group_431	sp|Q9HTF4.1|	Q9HTF4	RecName: Full=Glycine betaine monooxygenase oxygenase subunit; AltName: Full=Glycine betaine catabolism A [Pseudomonas aeruginosa PAO1]	87.173	421	0	781	NA	NA	NA
group_4310	sp|Q9HWR3.1|	Q9HWR3	RecName: Full=Bacteriophytochrome; AltName: Full=Phytochrome-like protein [Pseudomonas aeruginosa PAO1]	32.083	240	1.2e-24	109	NA	NA	NA
group_4311	sp|P55630.1|	P55630	RecName: Full=Uncharacterized protein y4qI [Sinorhizobium fredii NGR234]	37.089	213	3.52e-39	145	NA	NA	NA
group_4318	sp|P39897.1|	P39897	RecName: Full=HTH-type transcriptional regulator MtrR; AltName: Full=Multiple transferrable resistance regulator [Neisseria gonorrhoeae]	30.508	118	2.14e-6	49.7	NA	NA	NA
group_4321	sp|P51738.1|	P51738	RecName: Full=Uncharacterized 20.8 kDa protein in lys 3'region; AltName: Full=ORF34 [Haemophilus phage HP1c1]	38.136	118	6.22e-16	75.1	NA	NA	NA
group_4322	sp|P51735.1|	P51735	RecName: Full=Probable tail fiber protein; AltName: Full=Gene product 31; Short=gp31; AltName: Full=ORF31 [Haemophilus phage HP1c1]	37.544	285	6.0999999999999996e-46	179	NA	NA	NA
group_4325	sp|P51725.1|	P51725	RecName: Full=Putative tail sheath protein; AltName: Full=ORF23 [Haemophilus phage HP1c1]	44.293	368	1.0400000000000001e-91	282	NA	NA	NA
group_4327	sp|P51726.1|	P51726	RecName: Full=Putative tail tube protein; AltName: Full=ORF24 [Haemophilus phage HP1c1]	57.143	140	4.45e-46	150	NA	NA	NA
group_4339	sp|P51739.1|	P51739	RecName: Full=Uncharacterized 58.7 kDa protein in lys 3'region; AltName: Full=ORF35 [Haemophilus phage HP1c1]	30.18	222	4.8299999999999995e-23	100	NA	NA	NA
group_434	sp|Q44091.1|	Q44091	RecName: Full=L-sorbosone dehydrogenase; Short=SNDH [Gluconacetobacter liquefaciens]	51.538	390	1.2199999999999999e-132	392	NA	NA	NA
group_4342	sp|P51732.1|	P51732	RecName: Full=Uncharacterized 12.7 kDa protein in lys 3'region; AltName: Full=ORF28 [Haemophilus phage HP1c1]	53.75	80	2.33e-21	84.3	NA	NA	NA
group_4345	sp|P51726.1|	P51726	RecName: Full=Putative tail tube protein; AltName: Full=ORF24 [Haemophilus phage HP1c1]	57.143	140	1.4899999999999999e-47	154	NA	NA	NA
group_4346	sp|P51726.1|	P51726	RecName: Full=Putative tail tube protein; AltName: Full=ORF24 [Haemophilus phage HP1c1]	55.914	93	1.01e-25	96.3	NA	NA	NA
group_435	sp|P46827.1|	P46827	RecName: Full=Uncharacterized 24.6 kDa protein in ccpA 3'region; AltName: Full=ORF2 [Priestia megaterium]	34.532	139	6.6e-18	85.5	NA	NA	NA
group_436	sp|A0A0H2ZJS2.1|	A0A0H2ZJS2	RecName: Full=Diguanylate cyclase DgcP [Pseudomonas aeruginosa UCBPP-PA14]	42.727	110	6.17e-11	68.2	NA	NA	NA
group_439	sp|Q5L2G3.1|	Q5L2G3	RecName: Full=Uncharacterized oxidoreductase CzcO-like [Geobacillus kaustophilus HTA426]	41.935	217	7.760000000000001e-29	119	NA	NA	NA
group_440	sp|Q92KZ7.1|	Q92KZ7	RecName: Full=Probable sugar-binding periplasmic protein; Flags: Precursor [Sinorhizobium meliloti 1021]	47	400	1.9599999999999996e-107	326	NA	NA	NA
group_441	sp|A5PKH3.1|	A5PKH3	RecName: Full=Fumarylacetoacetase; Short=FAA; AltName: Full=Beta-diketonase; AltName: Full=Fumarylacetoacetate hydrolase [Bos taurus]	47.837	416	9.7e-121	360	NA	NA	NA
group_443	sp|P9WJX0.1|	P9WJX0	RecName: Full=Uncharacterized MFS-type transporter MT2531 [Mycobacterium tuberculosis CDC1551]	55.725	393	2.38e-102	313	NA	NA	NA
group_449	sp|C3K332.1|	C3K332	RecName: Full=UPF0229 protein PFLU_5583 [Pseudomonas [fluorescens] SBW25]	99.527	423	0	801	NA	NA	NA
group_45	sp|P09489.1|	P09489	RecName: Full=Extracellular serine protease; Flags: Precursor [Serratia marcescens]	31.532	444	1.92e-44	178	NA	NA	NA
group_450	sp|O53732.3|	O53732	RecName: Full=Tuberculostearic acid methyltransferase UfaA1; Short=TSA methyltransferase [Mycobacterium tuberculosis H37Rv]	39.181	342	6.45e-76	245	NA	NA	NA
group_454	sp|Q9I4P4.1|	Q9I4P4	RecName: Full=Peptidoglycan hydrolase FlgJ; AltName: Full=Muramidase FlgJ [Pseudomonas aeruginosa PAO1]	53.012	415	1.3199999999999999e-135	397	NA	NA	NA
group_458	sp|Q5L2G3.1|	Q5L2G3	RecName: Full=Uncharacterized oxidoreductase CzcO-like [Geobacillus kaustophilus HTA426]	41.818	220	1.13e-36	140	NA	NA	NA
group_46	sp|P09489.1|	P09489	RecName: Full=Extracellular serine protease; Flags: Precursor [Serratia marcescens]	33.022	1072	9.97e-141	450	NA	NA	NA
group_460	sp|P49861.1|	P49861	RecName: Full=Major capsid protein; AltName: Full=Gene product 5; Short=gp5; AltName: Full=Major head protein; Contains: RecName: Full=Scaffolding domain delta [Escherichia phage HK97]	54.511	266	2.78e-92	286	NA	NA	NA
group_463	sp|Q9HZ55.1|	Q9HZ55	RecName: Full=Ribosomal large subunit pseudouridine synthase B; AltName: Full=23S rRNA pseudouridine(2605) synthase; AltName: Full=rRNA pseudouridylate synthase B; AltName: Full=rRNA-uridine isomerase B [Pseudomonas aeruginosa PAO1]	61.045	421	1.4799999999999998e-167	478	NA	NA	NA
group_464	sp|Q9Y6N5.1|	Q9Y6N5	RecName: Full=Sulfide:quinone oxidoreductase, mitochondrial; Short=SQOR; AltName: Full=Sulfide dehydrogenase-like; AltName: Full=Sulfide quinone oxidoreductase; Flags: Precursor [Homo sapiens]	42.077	366	4.2899999999999996e-104	318	NA	NA	NA
group_465	sp|C3JXY0.1|	C3JXY0	RecName: Full=Aspartate kinase; AltName: Full=Aspartokinase [Pseudomonas [fluorescens] SBW25]	96.852	413	0	805	NA	NA	NA
group_468	sp|P37908.5|	P37908	RecName: Full=UPF0053 inner membrane protein YfjD [Escherichia coli K-12]	35.176	398	2.0500000000000002e-70	231	NA	NA	NA
group_470	sp|P23597.1|	P23597	RecName: Full=Proteases secretion protein PrtE [Dickeya chrysanthemi]	30.095	422	1e-34	137	NA	NA	NA
group_471	sp|Q6ZNB7.1|	Q6ZNB7	RecName: Full=Alkylglycerol monooxygenase; AltName: Full=Transmembrane protein 195 [Homo sapiens]	36.41	390	1.05e-62	211	NA	NA	NA
group_473	sp|P31135.1|	P31135	RecName: Full=Putrescine transport system permease protein PotH [Escherichia coli K-12]	38.743	191	1.9500000000000002e-33	130	NA	NA	NA
group_474	sp|P75843.1|	P75843	RecName: Full=Interstrand DNA cross-link repair glycosylase; Short=ICL repair glycosylase; AltName: Full=Alkylpurine DNA glycosylase [Escherichia coli K-12]	36.842	399	4.3599999999999996e-61	206	NA	NA	NA
group_476	sp|A0A482NAR8.1|	A0A482NAR8	RecName: Full=NADH-dependent flavin oxidoreductase iccG; AltName: Full=Ilicicolin H biosynthesis cluster protein G [Talaromyces variabilis]	40.51	353	4.67e-76	244	NA	NA	NA
group_478	sp|P76542.2|	P76542	RecName: Full=Prophage integrase IntZ; AltName: Full=Putative prophage CPZ-55 integrase [Escherichia coli K-12]	39.32	412	2.36e-78	250	NA	NA	NA
group_480	sp|P77316.1|	P77316	RecName: Full=Uncharacterized zinc-type alcohol dehydrogenase-like protein YbdR [Escherichia coli K-12]	71.675	406	0	576	NA	NA	NA
group_481	sp|P77316.1|	P77316	RecName: Full=Uncharacterized zinc-type alcohol dehydrogenase-like protein YbdR [Escherichia coli K-12]	73.552	397	0	583	NA	NA	NA
group_49	sp|O84834.2|	O84834	RecName: Full=Ribonucleoside-diphosphate reductase subunit alpha; AltName: Full=Ribonucleotide reductase [Chlamydia trachomatis D/UW-3/CX]	53	900	0	945	NA	NA	NA
group_491	sp|P49859.1|	P49859	RecName: Full=Portal protein; AltName: Full=GP3 [Escherichia phage HK97]	30.682	352	2.95e-39	148	NA	NA	NA
group_492	sp|P55140.2|	P55140	RecName: Full=UPF0603 protein YgcG; Flags: Precursor [Escherichia coli K-12]	45.669	127	2.17e-22	99.4	NA	NA	NA
group_493	sp|Q06400.1|	Q06400	RecName: Full=Probable transporter YedE [Salmonella enterica subsp. enterica serovar Typhimurium str. LT2]	32.09	134	1.59e-6	53.5	NA	NA	NA
group_494	sp|Q52997.2|	Q52997	RecName: Full=Uncharacterized protein R00370 [Sinorhizobium meliloti 1021]	41	400	1.54e-76	246	NA	NA	NA
group_497	sp|P49861.1|	P49861	RecName: Full=Major capsid protein; AltName: Full=Gene product 5; Short=gp5; AltName: Full=Major head protein; Contains: RecName: Full=Scaffolding domain delta [Escherichia phage HK97]	33.244	373	2e-58	198	NA	NA	NA
group_498	sp|O27068.1|	O27068	RecName: Full=Uncharacterized protein MTH_987 [Methanothermobacter thermautotrophicus str. Delta H]	31.662	379	5.15e-41	152	NA	NA	NA
group_499	sp|P17223.1|	P17223	RecName: Full=Anticodon nuclease; Short=ACNase; AltName: Full=Phage-less ACNase [Escherichia coli]	35.77	383	1.63e-39	148	NA	NA	NA
group_5	sp|Q8ZDJ2.1|	Q8ZDJ2	RecName: Full=Alpha-2-macroglobulin homolog; Flags: Precursor [Yersinia pestis]	38.391	1964	0	1280	NA	NA	NA
group_509	sp|Q937N7.1|	Q937N7	RecName: Full=2-methyl-aconitate isomerase; AltName: Full=Cis-trans isomerase [Cupriavidus necator]	85.606	396	0	640	NA	NA	NA
group_51	sp|A0A1S4NYE3.2|	A0A1S4NYE3	RecName: Full=tRNA nuclease CdiA; Short=tRNase CdiA; AltName: Full=Contact-dependent inhibitor A; Short=CdiA-STECO31; AltName: Full=Toxin CdiA; Flags: Precursor [Escherichia coli STEC_O31]	32.353	204	2.54e-11	72	NA	NA	NA
group_512	sp|O33683.2|	O33683	RecName: Full=Uncharacterized protein RA0937 [Sinorhizobium meliloti 1021]	42.522	341	2.89e-68	224	NA	NA	NA
group_513	sp|P17583.2|	P17583	RecName: Full=Cyanate transport protein CynX [Escherichia coli K-12]	40.263	380	2.66e-53	184	NA	NA	NA
group_514	sp|A9MJT5.1|	A9MJT5	RecName: Full=Multidrug resistance protein MdtL [Salmonella enterica subsp. arizonae serovar 62:z4,z23:-]	36.364	99	1.79e-6	53.1	NA	NA	NA
group_518	sp|O07603.1|	O07603	RecName: Full=Putative aminopeptidase YhfE [Bacillus subtilis subsp. subtilis str. 168]	36.677	319	6.43e-60	200	NA	NA	NA
group_519	sp|P52223.1|	P52223	RecName: Full=Cytochrome c-type biogenesis protein CycH [Pseudomonas fluorescens]	96.721	305	0	554	NA	NA	NA
group_52	sp|P23388.1|	P23388	RecName: Full=Multiphosphoryl transfer protein; Short=MTP; AltName: Full=Triphosphoryl transfer protein; Short=TTP; Includes: RecName: Full=Phosphoenolpyruvate-protein phosphotransferase; AltName: Full=Phosphotransferase system enzyme I; Includes: RecName: Full=Phosphocarrier protein HPr; Short=Protein H; Includes: RecName: Full=PTS system fructose-specific EIIA component; AltName: Full=EIII-Fru; AltName: Full=Fructose-specific phosphotransferase enzyme IIA component [Rhodobacter capsulatus]	45.74	669	8.1e-126	404	NA	NA	NA
group_521	sp|P10958.1|	P10958	RecName: Full=Transcriptional regulatory protein FixJ [Sinorhizobium meliloti 1021]	39.286	112	1.21e-16	81.3	NA	NA	NA
group_522	sp|P45767.3|	P45767	RecName: Full=Putative amino-acid ABC transporter permease protein YhdX [Escherichia coli K-12]	63.038	395	3.4799999999999995e-153	441	NA	NA	NA
group_524	sp|B5L3F2.1|	B5L3F2	RecName: Full=UDP-Glc:alpha-D-GlcNAc-diphosphoundecaprenol beta-1,3-glucosyltransferase WfgD [Escherichia coli]	38.835	103	4.81e-16	80.5	NA	NA	NA
group_526	sp|P71276.2|	P71276	RecName: Full=Retron Ec48 reverse transcriptase; Short=RT-Ec48; AltName: Full=ECOR-58 reverse transcriptase [Escherichia coli]	43.243	333	1.36e-85	269	NA	NA	NA
group_53	sp|Q8XAP1.1|	Q8XAP1	RecName: Full=Adenylate cyclase; AltName: Full=ATP pyrophosphate-lyase; AltName: Full=Adenylyl cyclase [Escherichia coli O157:H7]	35.389	681	5.86e-131	418	NA	NA	NA
group_530	sp|P51733.1|	P51733	RecName: Full=Putative baseplate protein gp29; AltName: Full=Gene 29 protein; AltName: Full=Gp29 [Haemophilus phage HP1c1]	41.57	344	1.28e-94	291	NA	NA	NA
group_531	sp|P51733.1|	P51733	RecName: Full=Putative baseplate protein gp29; AltName: Full=Gene 29 protein; AltName: Full=Gp29 [Haemophilus phage HP1c1]	43.597	367	6.34e-105	318	NA	NA	NA
group_539	sp|P65010.1|	P65010	RecName: Full=Uncharacterized protein Mb2598c [Mycobacterium tuberculosis variant bovis AF2122/97]	45.533	347	2.15e-92	283	NA	NA	NA
group_540	sp|Q887Q0.1|	Q887Q0	RecName: Full=Alginate biosynthesis protein Alg44 [Pseudomonas syringae pv. tomato str. DC3000]	73.333	390	0	575	NA	NA	NA
group_541	sp|Q8XB92.1|	Q8XB92	RecName: Full=Probable diguanylate cyclase DgcQ; Short=DGC; AltName: Full=Cellulose synthesis regulatory protein [Escherichia coli O157:H7]	45.062	162	3.27e-34	136	NA	NA	NA
group_543	sp|D4I6V2.1|	D4I6V2	RecName: Full=Multidrug resistance protein MdtA; AltName: Full=Multidrug transporter MdtA; Flags: Precursor [Erwinia amylovora ATCC 49946]	38.462	338	1.51e-62	209	NA	NA	NA
group_545	sp|P55495.1|	P55495	RecName: Full=Uncharacterized protein y4iL [Sinorhizobium fredii NGR234]	33.987	306	5.659999999999999e-40	150	NA	NA	NA
group_547	sp|P80193.1|	P80193	RecName: Full=Gamma-butyrobetaine dioxygenase; AltName: Full=Gamma-butyrobetaine hydroxylase; Short=Gamma-BBH; AltName: Full=Gamma-butyrobetaine,2-oxoglutarate dioxygenase [Pseudomonas sp. AK-1]	69.895	382	0	551	NA	NA	NA
group_554	sp|Q05146.1|	Q05146	RecName: Full=Outer membrane protein A; Flags: Precursor [Bordetella avium]	34.146	123	3.14e-8	56.6	NA	NA	NA
group_555	sp|O75179.3|	O75179	RecName: Full=Ankyrin repeat domain-containing protein 17; AltName: Full=Gene trap ankyrin repeat protein; AltName: Full=Serologically defined breast cancer antigen NY-BR-16 [Homo sapiens]	35.772	123	4.75e-10	65.5	NA	NA	NA
group_556	sp|P30795.2|	P30795	RecName: Full=Uncharacterized protein ZMO1242 [Zymomonas mobilis subsp. mobilis ZM4 = ATCC 31821]	43.883	376	5.4299999999999994e-104	315	NA	NA	NA
group_557	sp|P0AAP1.1|	P0AAP1	RecName: Full=Probable diguanylate cyclase DgcC; Short=DGC [Escherichia coli K-12]	33.702	181	5.09e-26	110	NA	NA	NA
group_558	sp|A3R044.1|	A3R044	RecName: Full=Sulfite efflux pump SSU1 [Trichophyton benhamiae CBS 112371]	36.667	360	4.6899999999999994e-54	186	NA	NA	NA
group_559	sp|P09986.1|	P09986	RecName: Full=Hemolysin secretion protein D, chromosomal [Escherichia coli]	32.258	403	1.78e-51	181	NA	NA	NA
group_56	sp|P59969.1|	P59969	RecName: Full=Putative HTH-type transcriptional regulator Mb0914c [Mycobacterium tuberculosis variant bovis AF2122/97]	35.529	501	2.99e-67	245	NA	NA	NA
group_561	sp|Q9CLT9.2|	Q9CLT9	RecName: Full=Acetylornithine deacetylase; Short=AO; Short=Acetylornithinase; AltName: Full=N-acetylornithinase; Short=NAO [Pasteurella multocida subsp. multocida str. Pm70]	34.066	364	4.39e-59	199	NA	NA	NA
group_562	sp|P95608.1|	P95608	RecName: Full=Muconate cycloisomerase 1; AltName: Full=Cis,cis-muconate lactonizing enzyme I; Short=MLE; AltName: Full=Muconate cycloisomerase I [Rhodococcus opacus]	32.353	374	3.1499999999999996e-47	167	NA	NA	NA
group_564	sp|P44180.1|	P44180	RecName: Full=Uncharacterized protein HI_1405 [Haemophilus influenzae Rd KW20]	31.902	163	1.1e-15	81.3	NA	NA	NA
group_568	sp|Q88LS1.1|	Q88LS1	RecName: Full=Protein-arginine rhamnosyltransferase; AltName: Full=EF-P arginine rhamnosyltransferase [Pseudomonas putida KT2440]	63.733	375	3.11e-137	399	NA	NA	NA
group_570	sp|P28721.1|	P28721	RecName: Full=Protein GltF; Flags: Precursor [Escherichia coli K-12]	30.247	162	3.69e-9	60.5	NA	NA	NA
group_573	sp|Q9T1V2.1|	Q9T1V2	RecName: Full=Baseplate protein gp47; AltName: Full=Gene product 47; Short=gp47; AltName: Full=Gene product W; Short=gpW [Escherichia phage Mu]	34.13	293	1.09e-26	112	NA	NA	NA
group_575	sp|P51725.1|	P51725	RecName: Full=Putative tail sheath protein; AltName: Full=ORF23 [Haemophilus phage HP1c1]	42.971	377	1.4599999999999997e-87	272	NA	NA	NA
group_576	sp|Q9HWR3.1|	Q9HWR3	RecName: Full=Bacteriophytochrome; AltName: Full=Phytochrome-like protein [Pseudomonas aeruginosa PAO1]	30.566	265	4.33e-27	116	NA	NA	NA
group_58	sp|P59969.1|	P59969	RecName: Full=Putative HTH-type transcriptional regulator Mb0914c [Mycobacterium tuberculosis variant bovis AF2122/97]	36.409	401	5.1899999999999997e-54	206	NA	NA	NA
group_580	sp|O34798.1|	O34798	RecName: Full=Peptidoglycan-N-acetylmuramic acid deacetylase PdaC; Short=Peptidoglycan MurNAc deacetylase; AltName: Full=Polysaccharide deacetylase PdaC [Bacillus subtilis subsp. subtilis str. 168]	33.571	140	4.34e-10	64.7	NA	NA	NA
group_581	sp|Q9HWR3.1|	Q9HWR3	RecName: Full=Bacteriophytochrome; AltName: Full=Phytochrome-like protein [Pseudomonas aeruginosa PAO1]	30.859	256	1.9700000000000002e-26	114	NA	NA	NA
group_582	sp|Q9HWR3.1|	Q9HWR3	RecName: Full=Bacteriophytochrome; AltName: Full=Phytochrome-like protein [Pseudomonas aeruginosa PAO1]	31.963	219	2.4900000000000002e-27	117	NA	NA	NA
group_583	sp|Q9HYV7.1|	Q9HYV7	RecName: Full=Beta-ketodecanoyl-[acyl-carrier-protein] synthase [Pseudomonas aeruginosa PAO1]	77.65	349	0	583	NA	NA	NA
group_584	sp|P51725.1|	P51725	RecName: Full=Putative tail sheath protein; AltName: Full=ORF23 [Haemophilus phage HP1c1]	42.935	368	3.7799999999999996e-94	289	NA	NA	NA
group_585	sp|Q8L8B8.1|	Q8L8B8	RecName: Full=Cytokinin riboside 5'-monophosphate phosphoribohydrolase LOG3; AltName: Full=Protein LONELY GUY 3 [Arabidopsis thaliana]	36.364	99	1.42e-6	52	NA	NA	NA
group_591	sp|P08888.1|	P08888	RecName: Full=Nodulation protein 10; AltName: Full=Nodulation protein X; AltName: Full=Probable sugar acetylase [Rhizobium leguminosarum bv. viciae]	36.842	95	8.07e-6	50.8	NA	NA	NA
group_593	sp|Q47527.2|	Q47527	RecName: Full=Retron Ec83 probable ATPase [Escherichia coli]	33.708	89	3.55e-8	58.5	NA	NA	NA
group_597	sp|A0MTQ2.1|	A0MTQ2	RecName: Full=Beta-peptidyl aminopeptidase BapA; Contains: RecName: Full=Beta-peptidyl aminopeptidase BapA alpha subunit; Contains: RecName: Full=Beta-peptidyl aminopeptidase BapA beta subunit; Flags: Precursor [Sphingosinicella microcystinivorans]	47.527	364	1.61e-85	267	NA	NA	NA
group_598	sp|Q47594.1|	Q47594	RecName: Full=O-antigen chain mannosyltransferase B; AltName: Full=Mannosyl-N-acetyl-alpha-D-glucosaminyl-diphospho-ditrans,octacis-undecaprenol 3-alpha-mannosyltransferase [Escherichia coli]	30.736	231	1.7e-13	74.7	NA	NA	NA
group_599	sp|C3KDU4.1|	C3KDU4	RecName: Full=DNA replication and repair protein RecF [Pseudomonas [fluorescens] SBW25]	99.183	367	0	708	NA	NA	NA
group_602	sp|Q7TP48.2|	Q7TP48	RecName: Full=Adipocyte plasma membrane-associated protein [Rattus norvegicus]	31.844	358	7.739999999999999e-52	179	NA	NA	NA
group_604	sp|Q58925.1|	Q58925	RecName: Full=Uncharacterized N-acetyltransferase MJ1530 [Methanocaldococcus jannaschii DSM 2661]	36.275	102	4.06e-8	55.5	NA	NA	NA
group_606	sp|P26502.2|	P26502	RecName: Full=Exopolysaccharide production protein ExoZ [Sinorhizobium meliloti 1021]	31.529	314	2.4e-17	85.1	NA	NA	NA
group_612	sp|P08558.1|	P08558	RecName: Full=Baseplate hub protein gp44; AltName: Full=43 kDa tail protein; AltName: Full=Gene product 44; Short=gp44; AltName: Full=Gene product P; Short=gpP [Escherichia phage Mu]	30.114	352	9.56e-34	131	NA	NA	NA
group_616	sp|A0A1D5NSM8.1|	A0A1D5NSM8	RecName: Full=Sushi, von Willebrand factor type A, EGF and pentraxin domain-containing protein 1; AltName: Full=Polydom; Flags: Precursor [Danio rerio]	30.872	149	9.49e-7	54.7	NA	NA	NA
group_618	sp|P77562.1|	P77562	RecName: Full=Uncharacterized protein YaiW [Escherichia coli K-12]	60.116	346	8.449999999999998e-158	450	NA	NA	NA
group_621	sp|A0QYB3.1|	A0QYB3	RecName: Full=Xylitol-binding protein; Flags: Precursor [Mycolicibacterium smegmatis MC2 155]	30.526	190	7.28e-8	57	NA	NA	NA
group_625	sp|Q57022.1|	Q57022	RecName: Full=Uncharacterized glycosyltransferase HI_0868 [Haemophilus influenzae Rd KW20]	32.571	175	1.17e-18	87.4	NA	NA	NA
group_626	sp|Q9ZCT3.1|	Q9ZCT3	RecName: Full=Putative transport protein RP630 [Rickettsia prowazekii str. Madrid E]	30.117	342	1.0899999999999998e-42	154	NA	NA	NA
group_628	sp|P50600.2|	P50600	RecName: Full=Tol-Pal system protein TolA [Pseudomonas aeruginosa PAO1]	60	120	1.27e-38	144	NA	NA	NA
group_630	sp|P0AFI9.1|	P0AFI9	RecName: Full=Putative permease PerM [Escherichia coli K-12]	48.711	349	4.87e-51	176	NA	NA	NA
group_631	sp|P06723.1|	P06723	RecName: Full=Integrase [Eganvirus ev186]	46.176	340	2.1399999999999995e-96	292	NA	NA	NA
group_632	sp|P75853.2|	P75853	RecName: Full=Putative aliphatic sulfonates-binding protein; Flags: Precursor [Escherichia coli K-12]	40.244	82	8.29e-6	50.8	NA	NA	NA
group_635	sp|Q709F0.3|	Q709F0	RecName: Full=Acyl-CoA dehydrogenase family member 11; Short=ACAD-11 [Homo sapiens]	30.878	353	9.559999999999999e-52	186	NA	NA	NA
group_637	sp|Q838S2.1|	Q838S2	RecName: Full=Chitinase; AltName: Full=EfChi18A; Flags: Precursor [Enterococcus faecalis V583]	58.824	323	2.2899999999999997e-137	397	NA	NA	NA
group_640	sp|P25265.1|	P25265	RecName: Full=Type II methylase M.HgiDII; Short=M.HgiDII; AltName: Full=Cytosine-specific methyltransferase HgiDII; AltName: Full=Modification methylase HgiDII [Herpetosiphon aurantiacus]	37.901	343	1.08e-57	194	NA	NA	NA
group_645	sp|Q9HZQ2.1|	Q9HZQ2	RecName: Full=Zinc chaperone CobW [Pseudomonas aeruginosa PAO1]	78.409	352	0	514	NA	NA	NA
group_646	sp|A0A1C9CX66.1|	A0A1C9CX66	RecName: Full=(S)-8-oxocitronellyl enol synthase CYC2; AltName: Full=Cyclase 2; AltName: Full=Iridoid synthase; Short=ISY [Camptotheca acuminata]	36.639	363	1.63e-75	241	NA	NA	NA
group_649	sp|Q9HTR2.1|	Q9HTR2	RecName: Full=Phosphorylcholine phosphatase; Short=PChP; AltName: Full=Phosphoethanolamine/phosphocholine phosphatase; Flags: Precursor [Pseudomonas aeruginosa PAO1]	79.331	329	0	563	NA	NA	NA
group_65	sp|P94593.2|	P94593	RecName: Full=Putative ATP-dependent helicase/translocase YwqA [Bacillus subtilis subsp. subtilis str. 168]	38.207	513	4.73e-90	309	NA	NA	NA
group_650	sp|P72171.1|	P72171	RecName: Full=Ornithine utilization regulator [Pseudomonas aeruginosa PAO1]	30.645	310	3.5399999999999997e-31	123	NA	NA	NA
group_651	sp|P64760.1|	P64760	RecName: Full=Uncharacterized protein Mb0930; Flags: Precursor [Mycobacterium tuberculosis variant bovis AF2122/97]	42.056	321	3.14e-78	247	NA	NA	NA
group_653	sp|P45468.1|	P45468	RecName: Full=UPF0718 protein YraQ [Escherichia coli K-12]	65.653	329	1.35e-135	392	NA	NA	NA
group_654	sp|Q1QWN6.1|	Q1QWN6	RecName: Full=(S)-sulfolactate dehydrogenase; AltName: Full=(2S)-3-sulfolactate dehydrogenase; AltName: Full=(S)-sulfolactate oxidoreductase [Chromohalobacter israelensis DSM 3043]	40.417	240	3.0399999999999997e-34	131	NA	NA	NA
group_657	sp|Q7T6X9.2|	Q7T6X9	RecName: Full=DNA topoisomerase 1B; Short=TopIB; AltName: Full=DNA topoisomerase type IB [Acanthamoeba polyphaga mimivirus]	32.765	293	6.81e-52	178	NA	NA	NA
group_660	sp|P06723.1|	P06723	RecName: Full=Integrase [Eganvirus ev186]	44.828	348	4.19e-93	284	NA	NA	NA
group_663	sp|Q7BVH7.1|	Q7BVH7	RecName: Full=Secreted effector protein SseB; AltName: Full=Secretion system effector B [Salmonella enterica subsp. enterica serovar Typhimurium str. LT2]	33.333	75	7.97e-8	55.5	NA	NA	NA
group_665	sp|Q47199.1|	Q47199	RecName: Full=F17d-G fimbrial adhesin; Flags: Precursor [Escherichia coli]	32.948	173	4.82e-15	78.6	NA	NA	NA
group_67	sp|O64203.1|	O64203	RecName: Full=Endolysin A; AltName: Full=Gene 10 protein; AltName: Full=Gp10; AltName: Full=Lysis protein; AltName: Full=Lysozyme [Fromanvirus D29]	31.792	173	2e-9	64.7	NA	NA	NA
group_672	sp|Q9I6R6.1|	Q9I6R6	RecName: Full=Gamma-aminobutyric acid-binding protein; Short=GABA-binding protein; Flags: Precursor [Pseudomonas aeruginosa PAO1]	61.801	322	9.559999999999998e-144	413	NA	NA	NA
group_678	sp|Q38582.1|	Q38582	RecName: Full=Major capsid protein; AltName: Full=Gene product 13; Short=gp13 [Bacillus phage SPP1]	36.628	344	8.380000000000001e-64	208	NA	NA	NA
group_679	sp|P67099.1|	P67099	RecName: Full=Uncharacterized NTE family protein Mb1092c [Mycobacterium tuberculosis variant bovis AF2122/97]	40.974	349	7.45e-73	233	NA	NA	NA
group_68	sp|P71059.1|	P71059	RecName: Full=Uncharacterized glycosyltransferase EpsJ [Bacillus subtilis subsp. subtilis str. 168]	32.039	103	3.27e-7	57	NA	NA	NA
group_685	sp|Q57SD4.1|	Q57SD4	RecName: Full=Putative transcriptional regulator of 2-aminoethylphosphonate degradation operons [Salmonella enterica subsp. enterica serovar Choleraesuis str. SC-B67]	32.927	82	1.94e-6	52	NA	NA	NA
group_689	sp|Q5AGW8.1|	Q5AGW8	RecName: Full=Purine nucleoside permease; Flags: Precursor [Candida albicans SC5314]	39.557	316	9.42e-71	229	NA	NA	NA
group_690	sp|P25477.1|	P25477	RecName: Full=Capsid proteins; AltName: Full=GpN; Contains: RecName: Full=Minor capsid protein H1; Contains: RecName: Full=Minor capsid protein H2; Contains: RecName: Full=Major capsid protein N*; AltName: Full=Major head protein; Flags: Precursor [Bacteriophage P2]	37.101	345	2.3499999999999997e-67	218	NA	NA	NA
group_696	sp|O66648.3|	O66648	RecName: Full=Glutamine--fructose-6-phosphate aminotransferase [isomerizing]; AltName: Full=D-fructose-6-phosphate amidotransferase; AltName: Full=GFAT; AltName: Full=Glucosamine-6-phosphate synthase; AltName: Full=Hexosephosphate aminotransferase; AltName: Full=L-glutamine--D-fructose-6-phosphate amidotransferase [Aquifex aeolicus VF5]	30.033	303	6.239999999999999e-31	126	NA	NA	NA
group_697	sp|Q01609.2|	Q01609	RecName: Full=Uncharacterized protein PA2218 [Pseudomonas aeruginosa PAO1]	48.742	318	4.05e-75	239	NA	NA	NA
group_698	sp|Q9I1P2.1|	Q9I1P2	RecName: Full=HTH-type transcriptional regulator VqsM; AltName: Full=Virulence and quorum sensing modulator protein [Pseudomonas aeruginosa PAO1]	40.23	87	1.92e-12	70.5	NA	NA	NA
group_7	sp|G9LZD7.1|	G9LZD7	RecName: Full=Probable inactive leucine-rich repeat receptor kinase XIAO; Flags: Precursor [Oryza sativa Japonica Group]	36.478	159	1.9e-8	63.5	NA	NA	NA
group_70	sp|Q5HPI1.1|	Q5HPI1	RecName: Full=Phosphatidylglycerol lysyltransferase; AltName: Full=Lysylphosphatidylglycerol synthase; Short=LPG synthase; AltName: Full=Multiple peptide resistance factor [Staphylococcus epidermidis RP62A]	34.797	296	6.3e-46	181	NA	NA	NA
group_700	sp|Q9I750.1|	Q9I750	RecName: Full=Type VI secretion system component TssA1 [Pseudomonas aeruginosa PAO1]	56.686	344	1.3899999999999999e-109	326	NA	NA	NA
group_701	sp|Q45614.1|	Q45614	RecName: Full=Sensor histidine kinase WalK [Bacillus subtilis subsp. subtilis str. 168]	30.638	235	6.139999999999999e-31	126	NA	NA	NA
group_703	sp|Q52374.1|	Q52374	RecName: Full=Type III secretion protein hrcQa [Pseudomonas syringae pv. syringae]	32.34	235	3.3e-19	88.6	NA	NA	NA
group_705	sp|Q9I0M3.1|	Q9I0M3	RecName: Full=DNA translocase FtsK [Pseudomonas aeruginosa PAO1]	77.049	61	3.33e-21	98.2	NA	NA	NA
group_707	sp|P9WMJ2.1|	P9WMJ2	RecName: Full=HTH-type transcriptional regulator VirS; AltName: Full=Virulence-regulating protein VirS [Mycobacterium tuberculosis CDC1551]	32.051	156	1.38e-13	73.9	NA	NA	NA
group_709	sp|P10312.2|	P10312	RecName: Full=Probable baseplate hub protein; AltName: Full=Gene D protein; Short=GpD [Bacteriophage P2]	33.953	215	3.23e-22	99.4	NA	NA	NA
group_71	sp|Q04336.1|	Q04336	RecName: Full=Uncharacterized protein YMR196W [Saccharomyces cerevisiae S288C]	44.468	931	0	760	NA	NA	NA
group_716	sp|Q9HTX3.1|	Q9HTX3	RecName: Full=Probable binding protein component of ABC iron transporter PA5217; Flags: Precursor [Pseudomonas aeruginosa PAO1]	82.748	313	0	553	NA	NA	NA
group_719	sp|P13906.3|	P13906	RecName: Full=Type II methyltransferase M.BspRI; Short=M.BspRI; AltName: Full=Cytosine-specific methyltransferase BspRI; AltName: Full=Modification methylase BspRI [Lysinibacillus sphaericus]	39.571	326	1.26e-61	205	NA	NA	NA
group_722	sp|P55719.1|	P55719	RecName: Full=Probable translocation protein Y4yK [Sinorhizobium fredii NGR234]	38.75	80	6.31e-9	60.1	NA	NA	NA
group_723	sp|P45524.1|	P45524	RecName: Full=Putative esterase YheT [Escherichia coli K-12]	41.433	321	1.13e-62	205	NA	NA	NA
group_724	sp|Q53FA7.2|	Q53FA7	RecName: Full=Quinone oxidoreductase PIG3; AltName: Full=NADPH:quinone reductase PIG3; AltName: Full=Tumor protein p53-inducible protein 3; Short=Protein PIG3; AltName: Full=p53-induced gene 3 protein [Homo sapiens]	40.606	330	1.93e-75	238	NA	NA	NA
group_727	sp|P39879.2|	P39879	RecName: Full=Uncharacterized protein PA2026 [Pseudomonas aeruginosa PAO1]	71.656	314	9.1e-140	402	NA	NA	NA
group_728	sp|P51634.2|	P51634	RecName: Full=Magnesium-chelatase subunit ChlI; AltName: Full=Mg-protoporphyrin IX chelatase [Synechocystis sp. PCC 6803 substr. Kazusa]	47.143	280	4.609999999999999e-68	220	NA	NA	NA
group_729	sp|P72171.1|	P72171	RecName: Full=Ornithine utilization regulator [Pseudomonas aeruginosa PAO1]	30.303	297	3.18e-30	120	NA	NA	NA
group_73	sp|A0A0H2ZC68.1|	A0A0H2ZC68	RecName: Full=Motility hub protein FimV; Flags: Precursor [Pseudomonas aeruginosa UCBPP-PA14]	51.911	314	7.08e-78	275	NA	NA	NA
group_730	sp|P46495.2|	P46495	RecName: Full=Putative integrase/recombinase HI_1572 [Haemophilus influenzae Rd KW20]	40.549	328	2.9000000000000003e-58	195	NA	NA	NA
group_731	sp|P94474.2|	P94474	RecName: Full=Uncharacterized protein YeaC [Bacillus subtilis subsp. subtilis str. 168]	44.737	304	1.08e-82	256	NA	NA	NA
group_736	sp|P72171.1|	P72171	RecName: Full=Ornithine utilization regulator [Pseudomonas aeruginosa PAO1]	34.767	279	2.52e-40	147	NA	NA	NA
group_737	sp|P36547.2|	P36547	RecName: Full=HTH-type DNA-binding transcriptional activator EutR; AltName: Full=Ethanolamine operon regulatory protein [Escherichia coli K-12]	31.102	254	6.49e-20	92.4	NA	NA	NA
group_738	sp|D4GP28.1|	D4GP28	RecName: Full=Probable 2-keto-3-deoxyxylonate dehydratase; Short=KDXD [Haloferax volcanii DS2]	35.115	131	1.87e-8	58.2	NA	NA	NA
group_744	sp|P40401.1|	P40401	RecName: Full=Putative aliphatic sulfonates transport permease protein SsuC [Bacillus subtilis subsp. subtilis str. 168]	33.918	171	1.05e-20	93.2	NA	NA	NA
group_746	sp|P52024.2|	P52024	RecName: Full=DNA polymerase III subunit delta' [Pseudomonas aeruginosa PAO1]	72.727	308	2.06e-156	444	NA	NA	NA
group_749	sp|Q48MT7.1|	Q48MT7	RecName: Full=Renalase [Pseudomonas savastanoi pv. phaseolicola 1448A]	80.183	328	2.0799999999999995e-169	476	NA	NA	NA
group_75	sp|Q9ABX9.1|	Q9ABX9	RecName: Full=Uncharacterized signaling protein CC_0091 [Caulobacter vibrioides CB15]	44.235	425	2.7599999999999998e-108	354	NA	NA	NA
group_750	sp|A0A0H2ZIC3.1|	A0A0H2ZIC3	RecName: Full=HTH-type transcriptional regulator GbdR; AltName: Full=Glycine betaine/dimethylglycine responsive regulator [Pseudomonas aeruginosa UCBPP-PA14]	32.719	217	1.12e-15	80.5	NA	NA	NA
group_752	sp|G5EBD7.1|	G5EBD7	RecName: Full=6-phosphogluconate dehydrogenase, NAD(+)-dependent, decarboxylating; Short=6PGDH [Gluconobacter oxydans 621H]	64.955	331	1.2e-143	411	NA	NA	NA
group_753	sp|Q8YFI5.2|	Q8YFI5	RecName: Full=Na(+)/H(+) antiporter NhaA; AltName: Full=Sodium/proton antiporter NhaA [Brucella melitensis bv. 1 str. 16M]	47.895	190	2.53e-40	153	NA	NA	NA
group_758	sp|T2KNC8.1|	T2KNC8	RecName: Full=Oxidoreductase P35; AltName: Full=P35_oxidoreductase; AltName: Full=Polysaccharide utilization locus H protein P35; Short=PUL H protein P35 [Formosa agariphila KMM 3901]	34.076	314	6.29e-62	202	NA	NA	NA
group_76	sp|Q9I742.1|	Q9I742	RecName: Full=AAA+ ATPase ClpV1 [Pseudomonas aeruginosa PAO1]	49.648	711	0	598	NA	NA	NA
group_760	sp|E9CV02.1|	E9CV02	RecName: Full=Putative dipeptidase CPSG_01350 [Coccidioides posadasii str. Silveira]	30.357	280	8.76e-34	132	NA	NA	NA
group_761	sp|P23485.1|	P23485	RecName: Full=Ferric citrate uptake sigma factor regulator FecR [Escherichia coli K-12]	31.443	194	2.44e-15	79	NA	NA	NA
group_765	sp|P55630.1|	P55630	RecName: Full=Uncharacterized protein y4qI [Sinorhizobium fredii NGR234]	38.535	314	7.769999999999999e-60	203	NA	NA	NA
group_767	sp|P71318.1|	P71318	RecName: Full=Hydrogen peroxide-inducible genes activator [Pectobacterium carotovorum subsp. carotovorum]	32.083	240	1.6200000000000003e-27	112	NA	NA	NA
group_77	sp|P33129.3|	P33129	RecName: Full=Outer membrane usher protein HtrE; AltName: Full=Heat shock protein E; Flags: Precursor [Escherichia coli K-12]	36.375	833	7.229999999999999e-157	483	NA	NA	NA
group_770	sp|P0AAX8.1|	P0AAX8	RecName: Full=Probable L,D-transpeptidase YbiS; Flags: Precursor [Escherichia coli K-12]	47.534	223	2.6400000000000002e-58	192	NA	NA	NA
group_771	sp|Q8NQU3.1|	Q8NQU3	RecName: Full=Arginine transport system permease protein ArgU [Corynebacterium glutamicum ATCC 13032]	37.193	285	7e-48	166	NA	NA	NA
group_773	sp|P75853.2|	P75853	RecName: Full=Putative aliphatic sulfonates-binding protein; Flags: Precursor [Escherichia coli K-12]	33.465	254	1.79e-30	120	NA	NA	NA
group_775	sp|P51739.1|	P51739	RecName: Full=Uncharacterized 58.7 kDa protein in lys 3'region; AltName: Full=ORF35 [Haemophilus phage HP1c1]	39.55	311	6.9e-54	187	NA	NA	NA
group_776	sp|P49859.1|	P49859	RecName: Full=Portal protein; AltName: Full=GP3 [Escherichia phage HK97]	38.494	239	1.0199999999999999e-47	168	NA	NA	NA
group_777	sp|P23485.1|	P23485	RecName: Full=Ferric citrate uptake sigma factor regulator FecR [Escherichia coli K-12]	40.291	206	7.559999999999999e-34	129	NA	NA	NA
group_78	sp|P23388.1|	P23388	RecName: Full=Multiphosphoryl transfer protein; Short=MTP; AltName: Full=Triphosphoryl transfer protein; Short=TTP; Includes: RecName: Full=Phosphoenolpyruvate-protein phosphotransferase; AltName: Full=Phosphotransferase system enzyme I; Includes: RecName: Full=Phosphocarrier protein HPr; Short=Protein H; Includes: RecName: Full=PTS system fructose-specific EIIA component; AltName: Full=EIII-Fru; AltName: Full=Fructose-specific phosphotransferase enzyme IIA component [Rhodobacter capsulatus]	46.914	486	1.2800000000000002e-122	392	NA	NA	NA
group_783	sp|P37626.1|	P37626	RecName: Full=Uncharacterized protein YhiI; Flags: Precursor [Escherichia coli K-12]	40.061	327	1.68e-52	179	NA	NA	NA
group_785	sp|P45250.1|	P45250	RecName: Full=Putative 2-hydroxyacid dehydrogenase HI_1556 [Haemophilus influenzae Rd KW20]	47.5	280	2.05e-89	273	NA	NA	NA
group_789	sp|Q93HX6.2|	Q93HX6	RecName: Full=Glucosaminate ammonia-lyase; AltName: Full=D-glucosaminate dehydratase alpha-subunit; AltName: Full=GlcNA-DH alpha subunit; Short=GlcNADH-alpha [Pseudomonas fluorescens]	92.476	319	0	574	NA	NA	NA
group_79	sp|Q5E841.1|	Q5E841	RecName: Full=Sulfite reductase [NADPH] flavoprotein alpha-component; Short=SiR-FP [Aliivibrio fischeri ES114]	30.597	536	1.45e-46	179	NA	NA	NA
group_793	sp|Q53W62.1|	Q53W62	RecName: Full=HTH-type transcriptional repressor CarH [Thermus thermophilus HB8]	30.38	237	3.36e-20	92	NA	NA	NA
group_794	sp|Q9I6Z9.1|	Q9I6Z9	RecName: Full=HTH-type transcriptional activator BauR [Pseudomonas aeruginosa PAO1]	38.776	294	8.809999999999999e-60	196	NA	NA	NA
group_795	sp|P24252.1|	P24252	RecName: Full=Uncharacterized protein YbgA; AltName: Full=ORF169; AltName: Full=TKP [Escherichia coli K-12]	33.333	159	1.88e-25	103	NA	NA	NA
group_796	sp|Q79FN7.1|	Q79FN7	RecName: Full=Chaperone MoxR1 [Mycobacterium tuberculosis H37Rv]	46.053	304	3.45e-81	254	NA	NA	NA
group_797	sp|P64864.1|	P64864	RecName: Full=Uncharacterized protein Mb1547 [Mycobacterium tuberculosis variant bovis AF2122/97]	34.389	221	1.33e-32	126	NA	NA	NA
group_801	sp|O34437.1|	O34437	RecName: Full=Putative ribonuclease-like protein YfkH [Bacillus subtilis subsp. subtilis str. 168]	36.239	218	1.29e-37	138	NA	NA	NA
group_804	sp|Q65CJ7.2|	Q65CJ7	RecName: Full=Hydroxyphenylpyruvate reductase; Short=HPPR [Coleus scutellarioides]	41.135	282	9.59e-53	178	NA	NA	NA
group_805	sp|A9VQW6.1|	A9VQW6	RecName: Full=Septu protein PtuB; AltName: Full=Putative nuclease PtuB [Bacillus mycoides KBAB4]	31.915	235	7.839999999999999e-23	99.4	NA	NA	NA
group_806	sp|Q9HTH5.1|	Q9HTH5	RecName: Full=HTH-type transcriptional regulator CdhR; AltName: Full=Carnitine catabolism transcriptional activator [Pseudomonas aeruginosa PAO1]	31.148	305	1.5300000000000001e-27	112	NA	NA	NA
group_809	sp|Q9L4K3.1|	Q9L4K3	RecName: Full=Uncharacterized protein ORF1; Flags: Precursor [Chromohalobacter israelensis DSM 3043]	50	130	1.0499999999999999e-41	145	NA	NA	NA
group_81	sp|P77504.1|	P77504	RecName: Full=Uncharacterized ABC transporter permease YbbP [Escherichia coli K-12]	36.628	344	2.6799999999999998e-37	154	NA	NA	NA
group_811	sp|Q52118.1|	Q52118	RecName: Full=Uncharacterized protein in mobD 3'region [Pantoea stewartii subsp. stewartii]	30.137	146	3.35e-6	51.6	NA	NA	NA
group_816	sp|Q9L4K3.1|	Q9L4K3	RecName: Full=Uncharacterized protein ORF1; Flags: Precursor [Chromohalobacter israelensis DSM 3043]	35.669	157	1.63e-26	105	NA	NA	NA
group_817	sp|A0QNZ7.1|	A0QNZ7	RecName: Full=Monoacylglycerol lipase; Short=MGL [Mycolicibacterium smegmatis MC2 155]	30.137	292	8.19e-25	104	NA	NA	NA
group_818	sp|Q55434.1|	Q55434	RecName: Full=Phytochrome-like protein cph2; AltName: Full=Bacteriophytochrome cph2 [Synechocystis sp. PCC 6803 substr. Kazusa]	39.645	169	3.4e-32	130	NA	NA	NA
group_819	sp|C3K059.1|	C3K059	RecName: Full=tRNA uridine(34) hydroxylase; AltName: Full=tRNA hydroxylation protein O [Pseudomonas [fluorescens] SBW25]	98.083	313	0	645	NA	NA	NA
group_82	sp|P23388.1|	P23388	RecName: Full=Multiphosphoryl transfer protein; Short=MTP; AltName: Full=Triphosphoryl transfer protein; Short=TTP; Includes: RecName: Full=Phosphoenolpyruvate-protein phosphotransferase; AltName: Full=Phosphotransferase system enzyme I; Includes: RecName: Full=Phosphocarrier protein HPr; Short=Protein H; Includes: RecName: Full=PTS system fructose-specific EIIA component; AltName: Full=EIII-Fru; AltName: Full=Fructose-specific phosphotransferase enzyme IIA component [Rhodobacter capsulatus]	41.24	645	3.7099999999999994e-118	380	NA	NA	NA
group_823	sp|Q4VFY5.1|	Q4VFY5	RecName: Full=Ornithine lipid ester-linked acyl 2-hydroxylase; AltName: Full=Ornithine lipid synthesis protein OlsC [Rhizobium tropici]	34.27	178	1.93e-23	100	NA	NA	NA
group_827	sp|P76091.1|	P76091	RecName: Full=Putative phosphatidate cytidylyltransferase YnbB; AltName: Full=CDP-diacylglycerol synthase; Short=CDP-DAG synthase; Short=CDP-DG synthase; Short=CDS [Escherichia coli K-12]	39.597	298	1.12e-51	175	NA	NA	NA
group_828	sp|P64854.1|	P64854	RecName: Full=Uncharacterized protein Mb1516 [Mycobacterium tuberculosis variant bovis AF2122/97]	35.345	116	1.8e-11	67.4	NA	NA	NA
group_829	sp|Q5UQ70.1|	Q5UQ70	RecName: Full=Putative deoxynucleotide monophosphate kinase; Short=DNK; Short=dNMP kinase [Acanthamoeba polyphaga mimivirus]	40.741	81	2.5e-9	59.3	NA	NA	NA
group_831	sp|O29470.1|	O29470	RecName: Full=Uncharacterized transporter AF_0788 [Archaeoglobus fulgidus DSM 4304]	34.146	164	4.2e-18	86.3	NA	NA	NA
group_832	sp|P75989.1|	P75989	RecName: Full=HTH-type transcriptional repressor BluR [Escherichia coli K-12]	46.809	94	3.5e-20	90.9	NA	NA	NA
group_835	sp|P0DX70.1|	P0DX70	RecName: Full=DNA-binding transcriptional repressor CapW; AltName: Full=CBASS-associated protein with WYL domain; Short=CapW [Escherichia coli KTE188]	32.028	281	8.6e-32	123	NA	NA	NA
group_839	sp|O13842.1|	O13842	RecName: Full=Putative polysaccharide deacetylase; AltName: Full=Chitin deacetylase 1 [Schizosaccharomyces pombe 972h-]	43.949	314	5.9499999999999995e-87	266	NA	NA	NA
group_840	sp|Q73RG3.1|	Q73RG3	RecName: Full=Diguanylate cyclase A; Short=DGC [Treponema denticola ATCC 35405]	48.462	130	1.2699999999999998e-32	127	NA	NA	NA
group_841	sp|P0AEM9.1|	P0AEM9	RecName: Full=L-cystine-binding protein TcyJ; Short=CBP; AltName: Full=Protein FliY; AltName: Full=Sulfate starvation-induced protein 7; Short=SSI7; Flags: Precursor [Escherichia coli K-12]	31.579	171	8.49e-13	70.5	NA	NA	NA
group_843	sp|G9AIU0.1|	G9AIU0	RecName: Full=Aliphatic nitrilase; AltName: Full=NitSf [Sinorhizobium fredii HH103]	52.667	300	8.68e-109	321	NA	NA	NA
group_846	sp|A6XIG6.1|	A6XIG6	RecName: Full=4-sulfomuconolactone hydrolase; AltName: Full=4-carboxymethylen-4-sulfo-but-2-en-olide hydrolases [Hydrogenophaga intermedia]	37.011	281	3.789999999999999e-55	184	NA	NA	NA
group_847	sp|P25266.1|	P25266	RecName: Full=Type II methylase M.HgiEI; Short=M.HgiEI; AltName: Full=Cytosine-specific methyltransferase HgiEI; AltName: Full=Modification methylase HgiEI [Herpetosiphon aurantiacus]	30.814	172	1.1e-11	68.6	NA	NA	NA
group_849	sp|P28606.2|	P28606	RecName: Full=Uncharacterized protein SYNPCC7002_A1628 [Picosynechococcus sp. PCC 7002]	49	300	1.3100000000000002e-97	292	NA	NA	NA
group_850	sp|P26403.1|	P26403	RecName: Full=O-antigen chain rhamnosyltransferase RfbN; AltName: Full=dTDP-Rha:alpha-D-Gal-diphosphoundecaprenol alpha-1,3-rhamnosyltransferase [Salmonella enterica subsp. enterica serovar Typhimurium str. LT2]	44.444	306	1.0499999999999999e-82	255	NA	NA	NA
group_852	sp|Q9BXI3.1|	Q9BXI3	RecName: Full=Cytosolic 5'-nucleotidase 1A; Short=cN1A; AltName: Full=5'-deoxynucleotidase; AltName: Full=Cytosolic 5'-nucleotidase IA; Short=cN-I; Short=cN-IA [Homo sapiens]	46.053	304	1.4100000000000001e-73	233	NA	NA	NA
group_853	sp|O31443.1|	O31443	RecName: Full=Putative HTH-type DNA-binding domain-containing acetyltransferase YbfA [Bacillus subtilis subsp. subtilis str. 168]	37.209	301	1.1599999999999999e-56	188	NA	NA	NA
group_856	sp|Q93C64.1|	Q93C64	RecName: Full=Tyrosine recombinase XerD [Lacticaseibacillus casei]	33.061	245	3.04e-20	91.7	NA	NA	NA
group_857	sp|P97852.3|	P97852	RecName: Full=Peroxisomal multifunctional enzyme type 2; Short=MFE-2; AltName: Full=17-beta-hydroxysteroid dehydrogenase 4; Short=17-beta-HSD 4; AltName: Full=D-bifunctional protein; Short=DBP; AltName: Full=Multifunctional protein 2; Short=MFP-2; Contains: RecName: Full=(3R)-hydroxyacyl-CoA dehydrogenase; Contains: RecName: Full=Enoyl-CoA hydratase 2; AltName: Full=3-alpha,7-alpha,12-alpha-trihydroxy-5-beta-cholest-24-enoyl-CoA hydratase [Rattus norvegicus]	57.285	302	6.939999999999999e-107	330	NA	NA	NA
group_858	sp|Q4VFY5.1|	Q4VFY5	RecName: Full=Ornithine lipid ester-linked acyl 2-hydroxylase; AltName: Full=Ornithine lipid synthesis protein OlsC [Rhizobium tropici]	34.01	197	2.2299999999999998e-23	100	NA	NA	NA
group_859	sp|B1J9C7.1|	B1J9C7	RecName: Full=Probable 5-dehydro-4-deoxyglucarate dehydratase; AltName: Full=5-keto-4-deoxy-glucarate dehydratase; Short=KDGDH [Pseudomonas putida W619]	94.719	303	0	536	NA	NA	NA
group_861	sp|P24202.1|	P24202	RecName: Full=Type IV methyl-directed restriction enzyme EcoKMrr; Short=EcoKMrr; AltName: Full=Mrr restriction system protein [Escherichia coli K-12]	36.741	313	9.69e-51	172	NA	NA	NA
group_864	sp|P75836.1|	P75836	RecName: Full=Uncharacterized HTH-type transcriptional regulator YcaN [Escherichia coli K-12]	40.476	294	4.24e-65	209	NA	NA	NA
group_866	sp|P21417.1|	P21417	RecName: Full=Uncharacterized 22.8 kDa protein in gp15-gp3 intergenic region; AltName: Full=ORF201 [Lederbergvirus P22]	40.157	127	6.36e-22	94.4	NA	NA	NA
group_869	sp|Q8RXP6.1|	Q8RXP6	RecName: Full=Alpha/beta hydrolase domain-containing protein WAV2; AltName: Full=Protein WAVY GROWTH 2 [Arabidopsis thaliana]	30.315	254	3.94e-20	91.7	NA	NA	NA
group_87	sp|Q8EJM6.1|	Q8EJM6	RecName: Full=Cyclic di-GMP phosphodiesterase PdeB; AltName: Full=Phosphodiesterase biofilm protein [Shewanella oneidensis MR-1]	36.086	557	2.54e-100	333	NA	NA	NA
group_874	sp|P0DXZ3.1|	P0DXZ3	RecName: Full=HTH-type transcriptional regulator DgcR [Pseudoalteromonas sp.]	36.585	287	1.31e-44	156	NA	NA	NA
group_878	sp|B8A8C9.1|	B8A8C9	RecName: Full=Phospholipase A1-II 5 [Oryza sativa Indica Group]	30.909	165	5.34e-6	51.2	NA	NA	NA
group_880	sp|O53664.1|	O53664	RecName: Full=3-hydroxyacyl-thioester dehydratase X; AltName: Full=3-hydroxybutyryl-CoA dehydratase; AltName: Full=Enoyl-CoA hydratase 2 [Mycobacterium tuberculosis H37Rv]	30.385	260	1.64e-27	111	NA	NA	NA
group_882	sp|P52689.1|	P52689	RecName: Full=Probable HTH-type transcriptional regulator LtrA [Klebsiella pneumoniae]	32.99	291	4.74e-38	139	NA	NA	NA
group_885	sp|P96668.1|	P96668	RecName: Full=Uncharacterized transporter YdeK [Bacillus subtilis subsp. subtilis str. 168]	42.586	263	8.710000000000001e-50	169	NA	NA	NA
group_886	sp|P77775.1|	P77775	RecName: Full=Epimerase family protein YfcH [Escherichia coli K-12]	46.316	285	3.21e-65	209	NA	NA	NA
group_889	sp|A0A0H2ZIC3.1|	A0A0H2ZIC3	RecName: Full=HTH-type transcriptional regulator GbdR; AltName: Full=Glycine betaine/dimethylglycine responsive regulator [Pseudomonas aeruginosa UCBPP-PA14]	40.741	297	8.320000000000001e-59	195	NA	NA	NA
group_89	sp|P75867.1|	P75867	RecName: Full=Putative Lon protease homolog; AltName: Full=ATP-dependent protease La homolog [Escherichia coli K-12]	37.317	410	7.789999999999999e-74	255	NA	NA	NA
group_891	sp|Q9I6Z9.1|	Q9I6Z9	RecName: Full=HTH-type transcriptional activator BauR [Pseudomonas aeruginosa PAO1]	36.749	283	2.2099999999999997e-54	182	NA	NA	NA
group_892	sp|P13799.2|	P13799	RecName: Full=Signal transduction histidine-protein kinase/phosphatase DegS [Bacillus subtilis subsp. subtilis str. 168]	33.482	224	7.310000000000001e-27	111	NA	NA	NA
group_894	sp|P37641.2|	P37641	RecName: Full=Uncharacterized HTH-type transcriptional regulator YhjC [Escherichia coli K-12]	35.786	299	1.6699999999999999e-52	177	NA	NA	NA
group_895	sp|P0A9F6.1|	P0A9F6	RecName: Full=Glycine cleavage system transcriptional activator; AltName: Full=Gcv operon activator [Escherichia coli K-12]	34.932	292	1.29e-53	179	NA	NA	NA
group_896	sp|Q12177.1|	Q12177	RecName: Full=Uncharacterized protein YLL056C [Saccharomyces cerevisiae S288C]	30.844	308	2.7e-30	119	NA	NA	NA
group_897	sp|Q98E66.1|	Q98E66	RecName: Full=Voltage-dependent anion channel-forming protein mll4386 [Mesorhizobium japonicum MAFF 303099]	40.94	298	5.55e-77	239	NA	NA	NA
group_902	sp|Q09709.1|	Q09709	RecName: Full=Pseudouridylate synthase C18B11.02c [Schizosaccharomyces pombe 972h-]	31.361	169	1.73e-15	79.3	NA	NA	NA
group_903	sp|P28493.1|	P28493	RecName: Full=Pathogenesis-related protein 5; Short=PR-5; Flags: Precursor [Arabidopsis thaliana]	30.263	152	2.76e-8	57	NA	NA	NA
group_904	sp|P96668.1|	P96668	RecName: Full=Uncharacterized transporter YdeK [Bacillus subtilis subsp. subtilis str. 168]	68.99	287	2.6399999999999995e-106	313	NA	NA	NA
group_906	sp|P64429.1|	P64429	RecName: Full=Uncharacterized protein YpfJ [Escherichia coli K-12]	50.345	290	6.23e-77	239	NA	NA	NA
group_907	sp|Q9UYV8.1|	Q9UYV8	RecName: Full=Nitrilase; AltName: Full=PaNit [Pyrococcus abyssi GE5]	38.462	273	3.8399999999999996e-60	195	NA	NA	NA
group_908	sp|Q7DFU6.4|	Q7DFU6	PUTATIVE PSEUDOGENE: RecName: Full=Putative hydrolase fragment YghX [Escherichia coli K-12]	83.505	97	2.88e-53	172	NA	NA	NA
group_91	sp|P85502.2|	P85502	RecName: Full=Structural protein 2; AltName: Full=ORF23 protein [Pseudomonas phage PAJU2]	41.176	136	1.24e-18	94.4	NA	NA	NA
group_911	sp|Q9JMR6.1|	Q9JMR6	RecName: Full=Uncharacterized protein YuaY [Escherichia coli K-12]	38.411	151	1.39e-27	111	NA	NA	NA
group_914	sp|Q58778.1|	Q58778	RecName: Full=Uncharacterized protein MJ1383; Flags: Precursor [Methanocaldococcus jannaschii DSM 2661]	31.25	256	2.32e-26	107	NA	NA	NA
group_915	sp|Q97FE0.1|	Q97FE0	RecName: Full=Probable manganese catalase [Clostridium acetobutylicum ATCC 824]	41.364	220	6.579999999999999e-42	147	NA	NA	NA
group_92	sp|P33410.1|	P33410	RecName: Full=Outer membrane usher protein FimC; Flags: Precursor [Bordetella pertussis Tohama I]	31.655	139	1.24e-9	65.9	NA	NA	NA
group_923	sp|P44299.1|	P44299	RecName: Full=5-oxoprolinase subunit B; Short=5-OPase subunit B; AltName: Full=5-oxoprolinase (ATP-hydrolyzing) subunit B [Haemophilus influenzae Rd KW20]	30.464	151	1.07e-7	54.7	NA	NA	NA
group_925	sp|Q8NQU3.1|	Q8NQU3	RecName: Full=Arginine transport system permease protein ArgU [Corynebacterium glutamicum ATCC 13032]	42.857	238	1.2799999999999998e-55	185	NA	NA	NA
group_926	sp|A1B2F3.1|	A1B2F3	RecName: Full=High-affinity zinc uptake system protein AztC; Flags: Precursor [Paracoccus denitrificans PD1222]	45.357	280	7.38e-69	219	NA	NA	NA
group_928	sp|P76146.2|	P76146	RecName: Full=Voltage-dependent anion channel-forming protein YneE [Escherichia coli K-12]	31.538	260	5.79e-41	147	NA	NA	NA
group_93	sp|P27380.3|	P27380	RecName: Full=Transglycosylase; AltName: Full=Protein P7 [Enterobacteria phage PRD1]	55.263	114	1.59e-27	115	NA	NA	NA
group_930	sp|Q9WVK3.1|	Q9WVK3	RecName: Full=Peroxisomal trans-2-enoyl-CoA reductase; Short=TERP; AltName: Full=PX-2,4-DCR1; AltName: Full=Peroxisomal 2,4-dienoyl-CoA reductase; AltName: Full=RLF98 [Rattus norvegicus]	41.045	268	2.04e-65	209	NA	NA	NA
group_931	sp|Q1GNW5.1|	Q1GNW5	RecName: Full=Ectoine dioxygenase; AltName: Full=Ectoine hydroxylase [Sphingopyxis alaskensis RB2256]	31.835	267	4.75e-15	77.4	NA	NA	NA
group_936	sp|C3KBB4.1|	C3KBB4	RecName: Full=Oxaloacetate decarboxylase [Pseudomonas [fluorescens] SBW25]	92.042	289	0	546	NA	NA	NA
group_939	sp|P0DQV9.1|	P0DQV9	RecName: Full=B-type lectin plumieribetin [Scorpaena plumieri]	41.053	95	1.66e-10	60.5	NA	NA	NA
group_94	sp|P40330.2|	P40330	RecName: Full=Virulence sensor protein BvgS; Flags: Precursor [Bordetella parapertussis 12822]	33.966	527	1.78e-51	198	NA	NA	NA
group_940	sp|O83112.1|	O83112	RecName: Full=Uncharacterized protein TP_0073 [Treponema pallidum subsp. pallidum str. Nichols]	32.143	196	8.23e-20	92.4	NA	NA	NA
group_942	sp|Q10480.2|	Q10480	RecName: Full=Nuclease 1, mitochondrial; AltName: Full=SpNUC1; Flags: Precursor [Schizosaccharomyces pombe 972h-]	30.189	212	1.74e-16	81.6	NA	NA	NA
group_944	sp|P82597.3|	P82597	RecName: Full=Thermostable monoacylglycerol lipase; Short=MGLP; Short=bMGL [Bacillus sp. H-257]	30.827	266	1.37e-31	120	NA	NA	NA
group_945	sp|Q9I163.1|	Q9I163	RecName: Full=Putative quercetin 2,3-dioxygenase PA2418; Short=Putative quercetinase; AltName: Full=Pirin-like protein PA2418 [Pseudomonas aeruginosa PAO1]	64.664	283	5.4e-137	391	NA	NA	NA
group_947	sp|P44726.1|	P44726	RecName: Full=Probable endoribonuclease YicC [Haemophilus influenzae Rd KW20]	47.917	288	2.58e-86	262	NA	NA	NA
group_949	sp|Q3JRV4.1|	Q3JRV4	RecName: Full=Probable metallo-hydrolase BURPS1710b_2304 [Burkholderia pseudomallei 1710b]	55.137	292	3.46e-113	331	NA	NA	NA
group_95	sp|P77302.2|	P77302	RecName: Full=Diguanylate cyclase DgcM; Short=DGC [Escherichia coli K-12]	38.265	196	8.66e-28	120	NA	NA	NA
group_950	sp|Q9I4L5.1|	Q9I4L5	RecName: Full=Diguanylate cyclase TpbB; Short=DGC [Pseudomonas aeruginosa PAO1]	44.516	155	8.559999999999999e-31	122	NA	NA	NA
group_951	sp|P0DOV6.1|	P0DOV6	RecName: Full=6-deoxy-6-sulfogluconolactonase; AltName: Full=6-deoxy-6-sulfogluconolactone lactonase; Short=SGL lactonase [Pseudomonas putida]	35.452	299	4.65e-41	146	NA	NA	NA
group_955	sp|P37348.4|	P37348	RecName: Full=UPF0759 protein YecE [Escherichia coli K-12]	42.264	265	7.47e-59	192	NA	NA	NA
group_959	sp|P76062.1|	P76062	RecName: Full=DNA-binding transcriptional repressor RacR; AltName: Full=Prophage repressor RacR; AltName: Full=Rac prophage repressor [Escherichia coli K-12]	42.478	113	3.83e-16	77.4	NA	NA	NA
group_96	sp|Q73E41.1|	Q73E41	RecName: Full=Calcium-transporting ATPase 1; AltName: Full=BACCA1 [Bacillus cereus ATCC 10987]	34.43	790	5.689999999999999e-112	364	NA	NA	NA
group_961	sp|P44189.1|	P44189	RecName: Full=Uncharacterized protein HI_1418 [Haemophilus influenzae Rd KW20]	47.059	102	3.99e-23	97.1	NA	NA	NA
group_962	sp|Q48269.2|	Q48269	RecName: Full=CDP-diacylglycerol--serine O-phosphatidyltransferase; AltName: Full=Phosphatidylserine synthase [Helicobacter pylori 26695]	42.647	136	7.94e-26	105	NA	NA	NA
group_963	sp|P30864.1|	P30864	RecName: Full=Uncharacterized HTH-type transcriptional regulator YafC [Escherichia coli K-12]	33.692	279	2.2799999999999998e-40	145	NA	NA	NA
group_968	sp|P46922.1|	P46922	RecName: Full=Glycine betaine-binding protein OpuAC; Flags: Precursor [Bacillus subtilis subsp. subtilis str. 168]	47.552	143	4.01e-43	152	NA	NA	NA
group_969	sp|O31398.1|	O31398	RecName: Full=Uncharacterized protein YkwD; Flags: Precursor [Bacillus subtilis subsp. subtilis str. 168]	33.588	131	2.34e-17	82.8	NA	NA	NA
group_97	sp|P26700.2|	P26700	RecName: Full=Probable tail fiber protein; AltName: Full=GpH [Bacteriophage P2]	33.166	199	5.1199999999999995e-24	111	NA	NA	NA
group_971	sp|Q10082.1|	Q10082	RecName: Full=Uncharacterized protein C11D3.03c [Schizosaccharomyces pombe 972h-]	56.204	274	2.57e-103	306	NA	NA	NA
group_976	sp|A5VEM2.1|	A5VEM2	RecName: Full=UPF0276 protein Swit_4400 [Rhizorhabdus wittichii RW1]	50	280	7.539999999999999e-92	276	NA	NA	NA
group_977	sp|Q9I6G4.1|	Q9I6G4	RecName: Full=Calcium-regulated beta-propeller protein CarP; AltName: Full=Calcium-regulated protein CarP; AltName: Full=Protein CarP; Flags: Precursor [Pseudomonas aeruginosa PAO1]	61.62	284	9.54e-123	356	NA	NA	NA
group_978	sp|Q746H2.1|	Q746H2	RecName: Full=Probable plasmid-partitioning protein ParB [Thermus thermophilus HB27]	35.294	102	2.12e-8	57.8	NA	NA	NA
group_983	sp|P26495.1|	P26495	RecName: Full=Poly(3-hydroxyalkanoate) depolymerase; Short=PHA depolymerase; AltName: Full=ORF2; AltName: Full=PHB depolymerase [Ectopseudomonas oleovorans]	36.777	242	1.3199999999999998e-32	124	NA	NA	NA
group_984	sp|P51717.1|	P51717	RecName: Full=Probable portal protein; AltName: Full=ORF15 [Haemophilus phage HP1c1]	39.231	260	2.5899999999999998e-61	200	NA	NA	NA
group_987	sp|P26093.2|	P26093	RecName: Full=Lipoprotein E; AltName: Full=Outer membrane protein P4; Short=OMP P4; Flags: Precursor [Haemophilus influenzae Rd KW20]	32	175	6.14e-18	84.7	NA	NA	NA
group_990	sp|A0A385XJE6.2|	A0A385XJE6	RecName: Full=Transposase InsH for insertion sequence element IS5U [Escherichia coli K-12]	49.091	275	1.11e-87	267	NA	NA	NA
group_999	sp|P55603.1|	P55603	RecName: Full=Probable ABC transporter permease protein y4oR [Sinorhizobium fredii NGR234]	35.606	264	9.8e-50	168	NA	NA	NA
grpE	sp|C3K276.1|	C3K276	RecName: Full=Protein GrpE; AltName: Full=HSP-70 cofactor [Pseudomonas [fluorescens] SBW25]	97.312	186	3.97e-117	332	NA	NA	NA
grsB	sp|P9WER8.1|	P9WER8	RecName: Full=Malpinin synthetase; AltName: Full=Nonribosomal peptide synthetase 3 [Mortierella alpina]	44.819	4121	0	3152	NA	NA	NA
grxC	sp|Q9HU55.1|	Q9HU55	RecName: Full=Glutaredoxin [Pseudomonas aeruginosa PAO1]	69.512	82	7.25e-40	129	NA	NA	NA
grxD	sp|P0AC69.1|	P0AC69	RecName: Full=Glutaredoxin 4; Short=Grx4; AltName: Full=Monothiol glutaredoxin [Escherichia coli K-12]	72.449	98	1.02e-49	156	NA	NA	NA
gshA	sp|Q3KJQ5.1|	Q3KJQ5	RecName: Full=Glutamate--cysteine ligase; AltName: Full=Gamma-ECS; Short=GCS; AltName: Full=Gamma-glutamylcysteine synthetase [Pseudomonas fluorescens Pf0-1]	90.998	511	0	936	NA	NA	NA
gshAB	sp|O86109.1|	O86109	RecName: Full=Cyanophycin synthetase; AltName: Full=Cyanophycin synthase [Trichormus variabilis ATCC 29413]	32.716	324	3.48e-34	142	NA	NA	NA
gshB	sp|Q88D35.1|	Q88D35	RecName: Full=Glutathione synthetase; AltName: Full=GSH synthetase; Short=GSH-S; Short=GSHase; AltName: Full=Glutathione synthase [Pseudomonas putida KT2440]	86.751	317	0	576	NA	NA	NA
gsiA	sp|Q32IB5.2|	Q32IB5	RecName: Full=Glutathione import ATP-binding protein GsiA [Shigella dysenteriae Sd197]	43.501	577	1.95e-137	414	NA	NA	NA
gsiB	sp|Q8ZQM3.1|	Q8ZQM3	RecName: Full=Glutathione-binding protein GsiB; Flags: Precursor [Salmonella enterica subsp. enterica serovar Typhimurium str. LT2]	30.408	490	9.33e-48	176	NA	NA	NA
gsiC	sp|Q8FJK9.1|	Q8FJK9	RecName: Full=Glutathione transport system permease protein GsiC [Escherichia coli CFT073]	36.559	279	3.76e-52	176	NA	NA	NA
gsiD	sp|P51000.1|	P51000	RecName: Full=Dipeptide transport system permease protein DppC [Haemophilus influenzae Rd KW20]	41.573	178	5.459999999999999e-31	120	NA	NA	NA
gst	sp|P44521.1|	P44521	RecName: Full=Glutathione S-transferase [Haemophilus influenzae Rd KW20]	32.558	215	1.44e-22	93.6	NA	NA	NA
gstB_1	sp|Q9P6M1.3|	Q9P6M1	RecName: Full=Glutathione S-transferase 3; AltName: Full=GST-III [Schizosaccharomyces pombe 972h-]	34.884	215	7.37e-36	129	NA	NA	NA
gstB_2	sp|P0ACA7.1|	P0ACA7	RecName: Full=Glutathione S-transferase GstB [Escherichia coli K-12]	36.275	204	4.11e-29	110	NA	NA	NA
gstB_3	sp|P15214.2|	P15214	RecName: Full=Glutathione S-transferase GST-6.0; AltName: Full=GST B1-1 [Proteus mirabilis]	44.724	199	2.0899999999999995e-55	177	NA	NA	NA
gstB_4	sp|P0ACA7.1|	P0ACA7	RecName: Full=Glutathione S-transferase GstB [Escherichia coli K-12]	43.541	209	1.23e-49	163	NA	NA	NA
gtaB	sp|Q59633.1|	Q59633	RecName: Full=UTP--glucose-1-phosphate uridylyltransferase; AltName: Full=Alpha-D-glucosyl-1-phosphate uridylyltransferase; AltName: Full=UDP-glucose pyrophosphorylase; Short=UDPGP; AltName: Full=Uridine diphosphoglucose pyrophosphorylase [Pseudomonas aeruginosa]	98.208	279	0	556	NA	NA	NA
guaA	sp|C3K1K0.1|	C3K1K0	RecName: Full=GMP synthase [glutamine-hydrolyzing]; AltName: Full=GMP synthetase; AltName: Full=Glutamine amidotransferase [Pseudomonas [fluorescens] SBW25]	98.286	525	0	1063	NA	NA	NA
guaB	sp|P31002.1|	P31002	RecName: Full=Inosine-5'-monophosphate dehydrogenase; Short=IMP dehydrogenase; Short=IMPD; Short=IMPDH [Acinetobacter calcoaceticus]	72.597	489	0	649	NA	NA	NA
guaD_1	sp|P76641.1|	P76641	RecName: Full=Guanine deaminase; Short=Guanase; Short=Guanine aminase; AltName: Full=Guanine aminohydrolase; Short=GAH [Escherichia coli K-12]	56.452	434	1.11e-171	491	NA	NA	NA
guaD_2	sp|O34598.1|	O34598	RecName: Full=Guanine deaminase; Short=GDEase; Short=Guanase; Short=Guanine aminase; AltName: Full=Guanine aminohydrolase; Short=GAH [Bacillus subtilis subsp. subtilis str. 168]	36.806	144	2.22e-28	105	NA	NA	NA
gudD	sp|P42206.1|	P42206	RecName: Full=Glucarate dehydratase; Short=GDH; Short=GlucD [Pseudomonas putida]	80.182	439	0	731	NA	NA	NA
gudP	sp|P42237.2|	P42237	RecName: Full=Probable galactarate/D-glucarate transporter GudP [Bacillus subtilis subsp. subtilis str. 168]	67.489	446	0	620	NA	NA	NA
gutB	sp|O34788.1|	O34788	RecName: Full=(R,R)-butanediol dehydrogenase; AltName: Full=Acetoin reductase/2,3-butanediol dehydrogenase; Short=AR/BDH [Bacillus subtilis subsp. subtilis str. 168]	43.143	350	1.36e-76	242	NA	NA	NA
gyrA	sp|P48372.1|	P48372	RecName: Full=DNA gyrase subunit A [Pseudomonas aeruginosa PAO1]	81.136	880	0	1398	NA	NA	NA
gyrB	sp|P13364.2|	P13364	RecName: Full=DNA gyrase subunit B [Pseudomonas putida]	89.454	806	0	1419	NA	NA	NA
hcaB_1	sp|P0DX40.1|	P0DX40	RecName: Full=CLA biosynthesis dehydrogenase/reductase; Short=CLA-DH [Lactiplantibacillus plantarum]	32.143	252	8.209999999999999e-32	122	NA	NA	NA
hcaB_2	sp|P9WGR4.1|	P9WGR4	RecName: Full=Uncharacterized oxidoreductase MT0502 [Mycobacterium tuberculosis CDC1551]	34.444	180	1.75e-19	87.4	NA	NA	NA
hcaB_3	sp|I6Y778.1|	I6Y778	RecName: Full=3-oxoacyl-[acyl-carrier-protein] reductase [NADH]; AltName: Full=Beta-ketoacyl CoA reductase; AltName: Full=FASII-like 3-oxoacyl-thioester reductase; AltName: Full=HMwFabG [Mycobacterium tuberculosis H37Rv]	48.559	451	1.7799999999999999e-121	364	NA	NA	NA
hcaR_1	sp|O33945.1|	O33945	RecName: Full=Probable cat1 operon transcriptional activator; AltName: Full=ORFR1 [Acinetobacter lwoffii]	40	175	2.86e-28	113	NA	NA	NA
hcaR_2	sp|P16931.3|	P16931	RecName: Full=HTH-type transcriptional regulator DgdR; AltName: Full=2,2-dialkylglycine decarboxylase repressor [Burkholderia cepacia]	33.735	249	8.69e-36	133	NA	NA	NA
hcaR_3	sp|Q04778.1|	Q04778	RecName: Full=HTH-type transcriptional regulator AlsR; AltName: Full=Als operon regulatory protein [Bacillus subtilis subsp. subtilis str. 168]	33.798	287	7.77e-39	141	NA	NA	NA
hcf136	sp|Q7V4Q3.1|	Q7V4Q3	RecName: Full=Photosystem II assembly lipoprotein Ycf48; Flags: Precursor [Prochlorococcus marinus str. MIT 9313]	33.333	138	1.4e-12	71.2	NA	NA	NA
hcnB	sp|P72300.1|	P72300	RecName: Full=Opine oxidase subunit A; AltName: Full=Octopine oxidase subunit A [Sinorhizobium meliloti]	35.886	457	6.249999999999999e-55	194	NA	NA	NA
hcp1_1	sp|Q9I747.1|	Q9I747	RecName: Full=Protein hcp1 [Pseudomonas aeruginosa PAO1]	75.776	161	8.39e-75	223	NA	NA	NA
hcp1_2	sp|Q9I747.1|	Q9I747	RecName: Full=Protein hcp1 [Pseudomonas aeruginosa PAO1]	68.519	162	4.42e-66	201	NA	NA	NA
hcpA_1	sp|Q9HI36.1|	Q9HI36	RecName: Full=Major exported protein; AltName: Full=Secreted protein hcp [Pseudomonas aeruginosa PAO1]	44.379	169	2.24e-51	164	NA	NA	NA
hcpA_2	sp|Q9HI36.1|	Q9HI36	RecName: Full=Major exported protein; AltName: Full=Secreted protein hcp [Pseudomonas aeruginosa PAO1]	32.53	166	4.880000000000001e-27	102	NA	NA	NA
hcpA_3~~~hcpA_2	sp|Q9HI36.1|	Q9HI36	RecName: Full=Major exported protein; AltName: Full=Secreted protein hcp [Pseudomonas aeruginosa PAO1]	76.744	172	5.429999999999999e-99	285	NA	NA	NA
hcr	sp|A0A0H2ZJB2.1|	A0A0H2ZJB2	RecName: Full=Glycine betaine monooxygenase reductase subunit; AltName: Full=Glycine betaine catabolism B [Pseudomonas aeruginosa UCBPP-PA14]	85.792	366	0	600	NA	NA	NA
hda	sp|A1JL00.1|	A1JL00	RecName: Full=DnaA regulatory inactivator Hda [Yersinia enterocolitica subsp. enterocolitica 8081]	46.983	232	2.44e-65	205	NA	NA	NA
hdfR_10	sp|A0A0H2XAU1.1|	A0A0H2XAU1	RecName: Full=HTH-type transcriptional regulator XC_2801 [Xanthomonas campestris pv. campestris str. 8004]	30.994	171	5.46e-9	59.7	NA	NA	NA
hdfR_11	sp|Q9X725.1|	Q9X725	RecName: Full=Hydrogen peroxide-inducible genes activator [Dickeya chrysanthemi]	32.743	226	2.43e-20	92	NA	NA	NA
hdfR_2	sp|P16931.3|	P16931	RecName: Full=HTH-type transcriptional regulator DgdR; AltName: Full=2,2-dialkylglycine decarboxylase repressor [Burkholderia cepacia]	38.043	276	2.2499999999999996e-52	176	NA	NA	NA
hdfR_3	sp|P16931.3|	P16931	RecName: Full=HTH-type transcriptional regulator DgdR; AltName: Full=2,2-dialkylglycine decarboxylase repressor [Burkholderia cepacia]	31.707	164	4.6e-13	72	NA	NA	NA
hdfR_4	sp|P0DUU5.1|	P0DUU5	RecName: Full=HTH-type transcriptional regulator AceR [Acinetobacter baumannii ATCC 17978]	31.69	284	2.34e-33	127	NA	NA	NA
hdfR_5	sp|Q04778.1|	Q04778	RecName: Full=HTH-type transcriptional regulator AlsR; AltName: Full=Als operon regulatory protein [Bacillus subtilis subsp. subtilis str. 168]	33.456	272	4.68e-45	158	NA	NA	NA
hdfR_7	sp|P52662.1|	P52662	RecName: Full=HTH-type transcriptional regulator PecT; AltName: Full=Pectinase gene transcriptional regulator [Dickeya dadantii 3937]	30.986	213	1.24e-15	79	NA	NA	NA
hdfR_7~~~hdfR_6	sp|B7NF72.1|	B7NF72	RecName: Full=HTH-type transcriptional regulator HdfR; AltName: Full=H-NS-dependent flhDC regulator [Escherichia coli UMN026]	30.175	285	1.9899999999999999e-25	105	NA	NA	NA
hemA	sp|C3KDC5.1|	C3KDC5	RecName: Full=Glutamyl-tRNA reductase; Short=GluTR [Pseudomonas [fluorescens] SBW25]	97.669	429	0	811	NA	NA	NA
hemB_1	sp|Q59643.1|	Q59643	RecName: Full=Delta-aminolevulinic acid dehydratase; Short=ALAD; Short=ALADH; AltName: Full=Porphobilinogen synthase [Pseudomonas aeruginosa PAO1]	85.846	325	0	513	NA	NA	NA
hemB_2	sp|P0ACB2.2|	P0ACB2	RecName: Full=Delta-aminolevulinic acid dehydratase; Short=ALAD; Short=ALADH; AltName: Full=Porphobilinogen synthase [Escherichia coli K-12]	76.667	300	1.8999999999999998e-162	458	NA	NA	NA
hemC	sp|C3K424.1|	C3K424	RecName: Full=Porphobilinogen deaminase; Short=PBG; AltName: Full=Hydroxymethylbilane synthase; Short=HMBS; AltName: Full=Pre-uroporphyrinogen synthase [Pseudomonas [fluorescens] SBW25]	96.166	313	0	563	NA	NA	NA
hemD	sp|P48246.2|	P48246	RecName: Full=Uroporphyrinogen-III synthase; Short=UROS; AltName: Full=Hydroxymethylbilane hydrolyase [cyclizing]; AltName: Full=Uroporphyrinogen-III cosynthase [Pseudomonas aeruginosa PAO1]	62.869	237	4.7999999999999996e-60	192	NA	NA	NA
hemE	sp|C3KBH3.1|	C3KBH3	RecName: Full=Uroporphyrinogen decarboxylase; Short=UPD; Short=URO-D [Pseudomonas [fluorescens] SBW25]	98.592	355	0	702	NA	NA	NA
hemF	sp|C3K4I0.1|	C3K4I0	RecName: Full=Oxygen-dependent coproporphyrinogen-III oxidase; Short=CPO; Short=Coprogen oxidase; Short=Coproporphyrinogenase [Pseudomonas [fluorescens] SBW25]	98.065	310	0	633	NA	NA	NA
hemH	sp|C3KDN7.1|	C3KDN7	RecName: Full=Ferrochelatase; AltName: Full=Heme synthase; AltName: Full=Protoheme ferro-lyase [Pseudomonas [fluorescens] SBW25]	95.015	341	0	671	NA	NA	NA
hemL	sp|C3K2K3.1|	C3K2K3	RecName: Full=Glutamate-1-semialdehyde 2,1-aminomutase; Short=GSA; AltName: Full=Glutamate-1-semialdehyde aminotransferase; Short=GSA-AT [Pseudomonas [fluorescens] SBW25]	98.126	427	0	859	NA	NA	NA
hemN	sp|P77915.2|	P77915	RecName: Full=Oxygen-independent coproporphyrinogen III oxidase; Short=CPO; AltName: Full=Coproporphyrinogen III dehydrogenase; Short=CPDH [Pseudomonas aeruginosa PAO1]	76.739	460	0	739	NA	NA	NA
hemW	sp|P52062.1|	P52062	RecName: Full=Heme chaperone HemW [Escherichia coli K-12]	54.865	370	8.14e-138	401	NA	NA	NA
hexR_1	sp|Q88P32.1|	Q88P32	RecName: Full=HTH-type transcriptional regulator HexR [Pseudomonas putida KT2440]	43.939	264	8.310000000000001e-70	220	NA	NA	NA
hexR_2	sp|Q88P32.1|	Q88P32	RecName: Full=HTH-type transcriptional regulator HexR [Pseudomonas putida KT2440]	87.676	284	5.729999999999999e-175	487	NA	NA	NA
hexR_3	sp|Q88P32.1|	Q88P32	RecName: Full=HTH-type transcriptional regulator HexR [Pseudomonas putida KT2440]	31.047	277	2.96e-25	104	NA	NA	NA
hflC	sp|P44545.1|	P44545	RecName: Full=Protein HflC [Haemophilus influenzae Rd KW20]	42.143	280	4.5599999999999995e-67	214	NA	NA	NA
hflD	sp|C3JY69.1|	C3JY69	RecName: Full=High frequency lysogenization protein HflD homolog [Pseudomonas [fluorescens] SBW25]	99.034	207	2.89e-149	416	NA	NA	NA
hflK	sp|P0ABC7.1|	P0ABC7	RecName: Full=Modulator of FtsH protease HflK [Escherichia coli K-12]	42.933	375	1.24e-81	259	NA	NA	NA
hflX	sp|P25519.3|	P25519	RecName: Full=GTPase HflX; AltName: Full=GTP-binding protein HflX [Escherichia coli K-12]	59.569	418	3.4299999999999994e-163	469	NA	NA	NA
hfq	sp|C3KDW3.1|	C3KDW3	RecName: Full=RNA-binding protein Hfq [Pseudomonas [fluorescens] SBW25]	96.512	86	8.89e-57	172	NA	NA	NA
hifA	sp|P12267.1|	P12267	RecName: Full=Fimbrial subunit type 3; Flags: Precursor [Klebsiella pneumoniae]	33.766	154	2.41e-6	49.3	NA	NA	NA
higA	sp|P67701.1|	P67701	RecName: Full=Antitoxin HigA [Escherichia coli K-12]	39.098	133	7.13e-17	74.7	NA	NA	NA
higA_2	sp|Q46561.1|	Q46561	RecName: Full=Virulence-associated protein A' [Dichelobacter nodosus]	44.156	77	1.01e-12	62	NA	NA	NA
higB	sp|Q8FEM8.1|	Q8FEM8	RecName: Full=mRNA interferase HigB; AltName: Full=Endoribonuclease HigB; AltName: Full=Toxin HigB [Escherichia coli CFT073]	31.183	93	2.94e-12	60.5	NA	NA	NA
higB2	sp|Q9KMA6.1|	Q9KMA6	RecName: Full=Toxin HigB-2 [Vibrio cholerae O1 biovar El Tor str. N16961]	46.078	102	6.5100000000000005e-21	83.2	NA	NA	NA
higB_2	sp|Q7A225.1|	Q7A225	RecName: Full=Endoribonuclease HigB; AltName: Full=Host inhibition of growth protein B; AltName: Full=Killer protein; AltName: Full=Toxin HigB; AltName: Full=mRNA interferase HigB [Proteus vulgaris]	50	92	1.0800000000000001e-29	104	NA	NA	NA
hin_1	sp|P0C1G2.1|	P0C1G2	RecName: Full=Transposons Tn1721 resolvase [Escherichia coli]	90.86	186	2.4299999999999997e-110	315	NA	NA	NA
hin_2	sp|P03015.2|	P03015	RecName: Full=Serine recombinase gin; AltName: Full=G-segment invertase; Short=Gin; AltName: Full=Gene product 53; Short=gp53 [Escherichia phage Mu]	62.983	181	3e-79	237	NA	NA	NA
hin_3	sp|P03015.2|	P03015	RecName: Full=Serine recombinase gin; AltName: Full=G-segment invertase; Short=Gin; AltName: Full=Gene product 53; Short=gp53 [Escherichia phage Mu]	51.397	179	3.74e-46	153	NA	NA	NA
hisA	sp|C3K6V2.1|	C3K6V2	RecName: Full=1-(5-phosphoribosyl)-5-[(5-phosphoribosylamino)methylideneamino] imidazole-4-carboxamide isomerase; AltName: Full=Phosphoribosylformimino-5-aminoimidazole carboxamide ribotide isomerase [Pseudomonas [fluorescens] SBW25]	98.765	243	1.1299999999999998e-175	486	NA	NA	NA
hisB	sp|C3K6U9.1|	C3K6U9	RecName: Full=Imidazoleglycerol-phosphate dehydratase; Short=IGPD [Pseudomonas [fluorescens] SBW25]	100	197	5.97e-143	399	NA	NA	NA
hisC_1	sp|Q01856.1|	Q01856	RecName: Full=Uncharacterized HTH-type transcriptional regulator RHOS4_30730 [Cereibacter sphaeroides 2.4.1]	34.368	451	3.94e-67	225	NA	NA	NA
hisC_2	sp|Q9I468.1|	Q9I468	RecName: Full=Threonine-phosphate decarboxylase; AltName: Full=L-threonine-O-3-phosphate decarboxylase [Pseudomonas aeruginosa PAO1]	64.526	327	5.26e-131	379	NA	NA	NA
hisC_3	sp|Q3K8U2.1|	Q3K8U2	RecName: Full=Histidinol-phosphate aminotransferase 2; AltName: Full=Imidazole acetol-phosphate transaminase 2 [Pseudomonas fluorescens Pf0-1]	90.811	370	0	661	NA	NA	NA
hisC_4	sp|Q4KI72.1|	Q4KI72	RecName: Full=Histidinol-phosphate aminotransferase 1; AltName: Full=Imidazole acetol-phosphate transaminase 1 [Pseudomonas protegens Pf-5]	92.571	350	0	666	NA	NA	NA
hisC_5	sp|Q72LL6.1|	Q72LL6	RecName: Full=2-aminoadipate transaminase; AltName: Full=2-aminoadipate aminotransferase; AltName: Full=Alpha-aminoadipate aminotransferase; Short=AAA-AT; Short=AadAT [Thermus thermophilus HB27]	31.208	298	3.2999999999999996e-30	124	NA	NA	NA
hisC_6	sp|Q01856.1|	Q01856	RecName: Full=Uncharacterized HTH-type transcriptional regulator RHOS4_30730 [Cereibacter sphaeroides 2.4.1]	35.225	423	3.04e-50	179	NA	NA	NA
hisD	sp|Q3KHZ2.1|	Q3KHZ2	RecName: Full=Histidinol dehydrogenase; Short=HDH [Pseudomonas fluorescens Pf0-1]	94.05	437	0	815	NA	NA	NA
hisE	sp|C3K8U0.1|	C3K8U0	RecName: Full=Phosphoribosyl-ATP pyrophosphatase; Short=PRA-PH [Pseudomonas [fluorescens] SBW25]	98.182	110	2.69e-76	223	NA	NA	NA
hisF	sp|C3K6V3.1|	C3K6V3	RecName: Full=Imidazole glycerol phosphate synthase subunit HisF; AltName: Full=IGP synthase cyclase subunit; AltName: Full=IGP synthase subunit HisF; AltName: Full=ImGP synthase subunit HisF; Short=IGPS subunit HisF [Pseudomonas [fluorescens] SBW25]	99.609	256	0	518	NA	NA	NA
hisG	sp|C3K8X5.1|	C3K8X5	RecName: Full=ATP phosphoribosyltransferase; Short=ATP-PRT; Short=ATP-PRTase [Pseudomonas [fluorescens] SBW25]	100	211	9.739999999999998e-152	422	NA	NA	NA
hisH	sp|Q3KJI8.1|	Q3KJI8	RecName: Full=Imidazole glycerol phosphate synthase subunit HisH; AltName: Full=IGP synthase glutaminase subunit; AltName: Full=IGP synthase subunit HisH; AltName: Full=ImGP synthase subunit HisH; Short=IGPS subunit HisH [Pseudomonas fluorescens Pf0-1]	95.755	212	1.4299999999999998e-151	422	NA	NA	NA
hisI_1	sp|Q4KJL5.1|	Q4KJL5	RecName: Full=Phosphoribosyl-AMP cyclohydrolase 1; Short=PRA-CH 1 [Pseudomonas protegens Pf-5]	90.769	130	1.7999999999999997e-87	253	NA	NA	NA
hisI_1~~~hisI_2	sp|Q4K3E4.1|	Q4K3E4	RecName: Full=Phosphoribosyl-AMP cyclohydrolase 2; Short=PRA-CH 2 [Pseudomonas protegens Pf-5]	74.436	133	1.67e-69	208	NA	NA	NA
hisJ_1	sp|P02910.1|	P02910	RecName: Full=Histidine-binding periplasmic protein; Short=HBP; Flags: Precursor [Salmonella enterica subsp. enterica serovar Typhimurium str. LT2]	40.529	227	6.410000000000001e-58	188	NA	NA	NA
hisJ_2	sp|P0AEU0.1|	P0AEU0	RecName: Full=Histidine-binding periplasmic protein; Short=HBP; Flags: Precursor [Escherichia coli K-12]	45.726	234	6.939999999999999e-68	213	NA	NA	NA
hisM_1	sp|P0A2I7.1|	P0A2I7	RecName: Full=Histidine/lysine/arginine/ornithine transport system permease protein HisM [Salmonella enterica subsp. enterica serovar Typhimurium str. LT2]	59.13	230	7.88e-99	290	NA	NA	NA
hisM_2	sp|P0A2I7.1|	P0A2I7	RecName: Full=Histidine/lysine/arginine/ornithine transport system permease protein HisM [Salmonella enterica subsp. enterica serovar Typhimurium str. LT2]	59.825	229	7.209999999999999e-104	303	NA	NA	NA
hisP_1	sp|O30506.2|	O30506	RecName: Full=Arginine/ornithine transport ATP-binding protein AotP [Pseudomonas aeruginosa PAO1]	66.008	253	1.3899999999999998e-106	312	NA	NA	NA
hisP_2	sp|O30506.2|	O30506	RecName: Full=Arginine/ornithine transport ATP-binding protein AotP [Pseudomonas aeruginosa PAO1]	90.551	254	8.479999999999999e-156	436	NA	NA	NA
hisP_3	sp|O30506.2|	O30506	RecName: Full=Arginine/ornithine transport ATP-binding protein AotP [Pseudomonas aeruginosa PAO1]	69.02	255	1.1899999999999997e-119	344	NA	NA	NA
hisQ_1	sp|P52094.2|	P52094	RecName: Full=Histidine/lysine/arginine/ornithine transport system permease protein HisQ [Escherichia coli K-12]	64.162	173	7.100000000000001e-77	234	NA	NA	NA
hisQ_2	sp|P52094.2|	P52094	RecName: Full=Histidine/lysine/arginine/ornithine transport system permease protein HisQ [Escherichia coli K-12]	52.838	229	3.59e-76	232	NA	NA	NA
hisQ_3	sp|P0A2I9.1|	P0A2I9	RecName: Full=Histidine/lysine/arginine/ornithine transport system permease protein HisQ [Salmonella enterica subsp. enterica serovar Typhimurium str. LT2]	62.222	225	3.6e-84	253	NA	NA	NA
hisS	sp|C3K1L3.1|	C3K1L3	RecName: Full=Histidine--tRNA ligase; AltName: Full=Histidyl-tRNA synthetase; Short=HisRS [Pseudomonas [fluorescens] SBW25]	98.601	429	0	815	NA	NA	NA
hisZ_1	sp|O28631.1|	O28631	RecName: Full=Histidine--tRNA ligase; AltName: Full=Histidyl-tRNA synthetase; Short=HisRS [Archaeoglobus fulgidus DSM 4304]	36.937	111	4.78e-15	75.5	NA	NA	NA
hisZ_2	sp|C3KDW7.1|	C3KDW7	RecName: Full=ATP phosphoribosyltransferase regulatory subunit [Pseudomonas [fluorescens] SBW25]	98.987	395	0	697	NA	NA	NA
hiuH	sp|P76341.1|	P76341	RecName: Full=5-hydroxyisourate hydrolase; Short=HIU hydrolase; Short=HIUHase; AltName: Full=Transthyretin-like protein; Short=TLP; AltName: Full=Transthyretin-related protein; Short=TRP; Flags: Precursor [Escherichia coli K-12]	54.464	112	1.9399999999999997e-37	127	NA	NA	NA
hldE	sp|C3KDB8.1|	C3KDB8	RecName: Full=Bifunctional protein HldE; Includes: RecName: Full=D-beta-D-heptose 7-phosphate kinase; AltName: Full=D-beta-D-heptose 7-phosphotransferase; AltName: Full=D-glycero-beta-D-manno-heptose-7-phosphate kinase; Includes: RecName: Full=D-beta-D-heptose 1-phosphate adenylyltransferase; AltName: Full=D-glycero-beta-D-manno-heptose 1-phosphate adenylyltransferase [Pseudomonas [fluorescens] SBW25]	97.046	474	0	890	NA	NA	NA
hlyD	sp|P09986.1|	P09986	RecName: Full=Hemolysin secretion protein D, chromosomal [Escherichia coli]	37.076	472	1.3899999999999998e-87	279	NA	NA	NA
hmgA	sp|Q4KI35.1|	Q4KI35	RecName: Full=Homogentisate 1,2-dioxygenase; Short=HGDO; AltName: Full=Homogentisate oxygenase; AltName: Full=Homogentisic acid oxidase; AltName: Full=Homogentisicase [Pseudomonas protegens Pf-5]	89.882	425	0	806	NA	NA	NA
hmp	sp|Q88PP0.1|	Q88PP0	RecName: Full=Flavohemoprotein; AltName: Full=Flavohemoglobin; AltName: Full=Hemoglobin-like protein; AltName: Full=Nitric oxide dioxygenase; Short=NO oxygenase; Short=NOD [Pseudomonas putida KT2440]	77.354	393	0	637	NA	NA	NA
hmrR	sp|Q9HV30.1|	Q9HV30	RecName: Full=Uncharacterized HTH-type transcriptional regulator PA4778 [Pseudomonas aeruginosa PAO1]	79.389	131	1.32e-72	216	NA	NA	NA
hmuT	sp|Q56991.2|	Q56991	RecName: Full=Hemin-binding periplasmic protein HmuT; Flags: Precursor [Yersinia pestis]	35.249	261	4.42e-36	133	NA	NA	NA
hmuU_1	sp|O31569.1|	O31569	RecName: Full=Probable siderophore transport system permease protein YfhA [Bacillus subtilis subsp. subtilis str. 168]	35.737	319	4.979999999999999e-37	139	NA	NA	NA
hmuU_2	sp|Q56992.2|	Q56992	RecName: Full=Hemin transport system permease protein HmuU [Yersinia pestis]	48.78	287	3.27e-49	171	NA	NA	NA
hmuV	sp|Q3K6R9.1|	Q3K6R9	RecName: Full=Hemin import ATP-binding protein HmuV [Pseudomonas fluorescens Pf0-1]	85.49	255	4.28e-149	419	NA	NA	NA
holA	sp|P28630.1|	P28630	RecName: Full=DNA polymerase III subunit delta [Escherichia coli K-12]	35.385	325	2.8499999999999997e-47	166	NA	NA	NA
holC	sp|O68823.1|	O68823	RecName: Full=DNA polymerase III subunit chi; AltName: Full=Accessory clamp loader complex subunit chi; AltName: Full=Replication clamp loader subunit HolC [Pseudomonas aeruginosa PAO1]	65.493	142	9.85e-61	186	NA	NA	NA
hom	sp|P29365.2|	P29365	RecName: Full=Homoserine dehydrogenase; Short=HDH; Short=HSD [Pseudomonas aeruginosa PAO1]	88.479	434	0	712	NA	NA	NA
hpcB	sp|Q05353.2|	Q05353	RecName: Full=3,4-dihydroxyphenylacetate 2,3-dioxygenase; AltName: Full=Homoprotocatechuate 2,3-dioxygenase; Short=HPC dioxygenase [Escherichia coli]	63.077	260	6.310000000000001e-123	355	NA	NA	NA
hpcD	sp|Q05354.3|	Q05354	RecName: Full=5-carboxymethyl-2-hydroxymuconate Delta-isomerase; AltName: Full=5-carboxymethyl-2-hydroxymuconic acid isomerase; Short=CHM isomerase; Short=CHMI [Escherichia coli]	62.698	126	9.429999999999999e-54	167	NA	NA	NA
hpcE_1	sp|Q9RPU5.1|	Q9RPU5	RecName: Full=4-hydroxyphenylacetate degradation bifunctional isomerase/decarboxylase; Includes: RecName: Full=2-hydroxyhepta-2,4-diene-1,7-dioate isomerase; Short=HHDD isomerase; AltName: Full=5-carboxymethyl-2-hydroxymuconate Delta-isomerase; Includes: RecName: Full=5-carboxymethyl-2-oxo-hex-3-ene-1,7-dioate decarboxylase; AltName: Full=5-oxopent-3-ene-1,2,5-tricarboxylate decarboxylase; Short=OPET decarboxylase [Salmonella enterica subsp. enterica serovar Dublin]	74.641	209	4.4800000000000003e-100	301	NA	NA	NA
hpcE_2	sp|Q46978.1|	Q46978	RecName: Full=4-hydroxyphenylacetate degradation bifunctional isomerase/decarboxylase; Includes: RecName: Full=2-hydroxyhepta-2,4-diene-1,7-dioate isomerase; Short=HHDD isomerase; AltName: Full=5-carboxymethyl-2-hydroxymuconate Delta-isomerase; Includes: RecName: Full=5-carboxymethyl-2-oxo-hex-3-ene-1,7-dioate decarboxylase; AltName: Full=5-oxopent-3-ene-1,2,5-tricarboxylate decarboxylase; Short=OPET decarboxylase [Escherichia coli]	44.976	209	5.0199999999999997e-54	181	NA	NA	NA
hpcG	sp|P42270.2|	P42270	RecName: Full=2-oxo-hept-4-ene-1,7-dioate hydratase; Short=OHED hydratase [Escherichia coli]	72.388	268	2.0499999999999997e-144	408	NA	NA	NA
hpcH	sp|A0A081HJP9.1|	A0A081HJP9	RecName: Full=Hydroxypyruvate/pyruvate aldolase; Short=HPA/PA aldolase [Pseudomonas aeruginosa]	79.401	267	1.4999999999999998e-150	424	NA	NA	NA
hpd	sp|P80064.1|	P80064	RecName: Full=4-hydroxyphenylpyruvate dioxygenase; Short=4HPPD; Short=HPD; Short=HPPDase [Pseudomonas sp. 'P.J. 874']	92.157	357	0	682	NA	NA	NA
hpf	sp|P0A147.1|	P0A147	RecName: Full=Ribosome hibernation promoting factor; Short=HPF; AltName: Full=Hibernation factor HPF [Pseudomonas putida KT2440]	79	100	1.51e-52	162	NA	NA	NA
hprA	sp|Q9YAW4.2|	Q9YAW4	RecName: Full=Glyoxylate reductase [Aeropyrum pernix K1]	37.597	258	9.39e-39	142	NA	NA	NA
hprS	sp|Q8XBY4.1|	Q8XBY4	RecName: Full=Sensor histidine kinase CusS [Escherichia coli O157:H7]	41.007	278	4.13e-57	199	NA	NA	NA
hpsN	sp|Q988P7.1|	Q988P7	RecName: Full=Histidinol dehydrogenase homolog 1 [Mesorhizobium japonicum MAFF 303099]	65.721	423	0	556	NA	NA	NA
hpt	sp|P37472.1|	P37472	RecName: Full=Hypoxanthine-guanine phosphoribosyltransferase; Short=HGPRT; Short=HGPRTase [Bacillus subtilis subsp. subtilis str. 168]	32.738	168	1.4e-19	84.3	NA	NA	NA
hrcN	sp|Q52371.2|	Q52371	RecName: Full=Type 3 secretion system ATPase; Short=T3SS ATPase [Pseudomonas syringae pv. syringae]	65.766	444	0	555	NA	NA	NA
hrp1	sp|Q9LEV3.1|	Q9LEV3	RecName: Full=CBS domain-containing protein CBSX3, mitochondrial; Flags: Precursor [Arabidopsis thaliana]	40.397	151	8.280000000000001e-29	107	NA	NA	NA
hrpB	sp|P37024.3|	P37024	RecName: Full=ATP-dependent RNA helicase HrpB [Escherichia coli K-12]	46.356	837	0	583	NA	NA	NA
hscA	sp|C3K1M1.1|	C3K1M1	RecName: Full=Chaperone protein HscA homolog [Pseudomonas [fluorescens] SBW25]	96.613	620	0	1169	NA	NA	NA
hscB	sp|C3K1M2.1|	C3K1M2	RecName: Full=Co-chaperone protein HscB homolog [Pseudomonas [fluorescens] SBW25]	96.532	173	9.95e-122	343	NA	NA	NA
hslO	sp|C3K4J4.1|	C3K4J4	RecName: Full=33 kDa chaperonin; AltName: Full=Heat shock protein 33 homolog; Short=HSP33 [Pseudomonas [fluorescens] SBW25]	97.333	300	0	565	NA	NA	NA
hslR	sp|P44754.1|	P44754	RecName: Full=Heat shock protein 15 homolog; Short=HSP15 [Haemophilus influenzae Rd KW20]	55.285	123	3.32e-34	118	NA	NA	NA
hslU	sp|C3K8V3.1|	C3K8V3	RecName: Full=ATP-dependent protease ATPase subunit HslU; AltName: Full=Unfoldase HslU [Pseudomonas [fluorescens] SBW25]	98.652	445	0	759	NA	NA	NA
hslV	sp|C3KAH1.1|	C3KAH1	RecName: Full=ATP-dependent protease subunit HslV [Pseudomonas [fluorescens] SBW25]	98.295	176	3.19e-98	285	NA	NA	NA
hsrA	sp|P31474.1|	P31474	RecName: Full=Probable transport protein HsrA; AltName: Full=High-copy suppressor of rspA [Escherichia coli K-12]	50.218	458	2.3399999999999997e-128	384	NA	NA	NA
hss	sp|O32323.1|	O32323	RecName: Full=Homospermidine synthase; Short=HSS [Blastochloris viridis]	39.498	438	1.52e-92	291	NA	NA	NA
htpG	sp|C3K6N7.1|	C3K6N7	RecName: Full=Chaperone protein HtpG; AltName: Full=Heat shock protein HtpG; AltName: Full=High temperature protein G [Pseudomonas [fluorescens] SBW25]	97.792	634	0	1197	NA	NA	NA
htpX	sp|C3K733.1|	C3K733	RecName: Full=Protease HtpX; AltName: Full=Heat shock protein HtpX [Pseudomonas [fluorescens] SBW25]	98.983	295	0	593	NA	NA	NA
htrE_1	sp|P21647.1|	P21647	RecName: Full=Outer membrane usher protein MrkC; Flags: Precursor [Klebsiella pneumoniae]	37.074	793	1.05e-164	503	NA	NA	NA
htrE_2	sp|P33129.3|	P33129	RecName: Full=Outer membrane usher protein HtrE; AltName: Full=Heat shock protein E; Flags: Precursor [Escherichia coli K-12]	32.614	880	3.65e-142	446	NA	NA	NA
hupB_1	sp|Q9HTL0.1|	Q9HTL0	RecName: Full=DNA-binding protein HU-alpha [Pseudomonas aeruginosa PAO1]	92.222	90	8.14e-57	172	NA	NA	NA
hupB_2	sp|P02344.2|	P02344	RecName: Full=DNA-binding protein HRm [Sinorhizobium meliloti 1021]	40	90	1.47e-10	55.8	NA	NA	NA
hupB_3	sp|Q9KHS6.1|	Q9KHS6	RecName: Full=DNA-binding protein HU-beta [Pseudomonas protegens Pf-5]	94.444	90	1.42e-29	103	NA	NA	NA
hutH_1	sp|Q73Q56.1|	Q73Q56	RecName: Full=Histidine ammonia-lyase; Short=Histidase [Treponema denticola ATCC 35405]	41.785	493	8.909999999999998e-130	389	NA	NA	NA
hutH_2	sp|Q8VMR3.2|	Q8VMR3	RecName: Full=Histidine ammonia-lyase; Short=Histidase [Pseudomonas [fluorescens] SBW25]	97.451	510	0	954	NA	NA	NA
hutH_3	sp|A8MF64.1|	A8MF64	RecName: Full=Histidine ammonia-lyase; Short=Histidase [Alkaliphilus oremlandii OhILAs]	34.725	455	5.0700000000000004e-85	275	NA	NA	NA
hutI	sp|Q4KJN0.1|	Q4KJN0	RecName: Full=Imidazolonepropionase; AltName: Full=Imidazolone-5-propionate hydrolase [Pseudomonas protegens Pf-5]	89.277	401	0	710	NA	NA	NA
hutU	sp|C3K803.1|	C3K803	RecName: Full=Urocanate hydratase; Short=Urocanase; AltName: Full=Imidazolonepropionate hydrolase [Pseudomonas [fluorescens] SBW25]	97.482	556	0	1128	NA	NA	NA
hxpA	sp|P77625.2|	P77625	RecName: Full=Hexitol phosphatase A; AltName: Full=Mannitol-1-phosphatase; AltName: Full=Sorbitol-6-phosphatase; AltName: Full=Sugar-phosphatase [Escherichia coli K-12]	40.741	216	2.67e-36	130	NA	NA	NA
hxpA_2	sp|O06995.1|	O06995	RecName: Full=Beta-phosphoglucomutase; Short=Beta-PGM [Bacillus subtilis subsp. subtilis str. 168]	30.89	191	6.44e-13	68.9	NA	NA	NA
hyi	sp|P30147.1|	P30147	RecName: Full=Hydroxypyruvate isomerase; AltName: Full=Glyoxylate-induced protein [Escherichia coli K-12]	58.268	254	1.1999999999999998e-103	304	NA	NA	NA
hyuA_2	sp|Q6TMG4.1|	Q6TMG4	RecName: Full=Hydantoin racemase [Sinorhizobium meliloti]	33.043	230	5.13e-29	113	NA	NA	NA
hyuC_2	sp|Q6DTN4.1|	Q6DTN4	RecName: Full=N-carbamoyl-L-amino-acid amidohydrolase; AltName: Full=Hydantoin utilization protein C; AltName: Full=L-N-carbamoylase; AltName: Full=SmLcar [Sinorhizobium meliloti]	47.595	395	1.4599999999999998e-118	355	NA	NA	NA
hyuC_2~~~hyuC_1	sp|Q6DTN4.1|	Q6DTN4	RecName: Full=N-carbamoyl-L-amino-acid amidohydrolase; AltName: Full=Hydantoin utilization protein C; AltName: Full=L-N-carbamoylase; AltName: Full=SmLcar [Sinorhizobium meliloti]	47.549	408	1.4799999999999998e-126	375	NA	NA	NA
hyuE	sp|Q00924.1|	Q00924	RecName: Full=Hydantoin racemase [Pseudomonas sp. NS671]	37.288	236	9.05e-48	161	NA	NA	NA
iaaM	sp|P06617.1|	P06617	RecName: Full=Tryptophan 2-monooxygenase [Pseudomonas savastanoi]	30.769	546	2.46e-45	171	NA	NA	NA
ibpA_1	sp|P96193.1|	P96193	RecName: Full=16 kDa heat shock protein B [Azotobacter vinelandii]	66.434	143	2.1199999999999998e-67	204	NA	NA	NA
icd_1	sp|Q02NB5.1|	Q02NB5	RecName: Full=Isocitrate dehydrogenase [NADP]; Short=IDH; AltName: Full=IDP; AltName: Full=NADP(+)-specific ICDH; AltName: Full=Oxalosuccinate decarboxylase [Pseudomonas aeruginosa UCBPP-PA14]	89.713	418	0	775	NA	NA	NA
icd_2	sp|P16100.5|	P16100	RecName: Full=Isocitrate dehydrogenase [NADP]; Short=IDH; AltName: Full=Oxalosuccinate decarboxylase [Azotobacter vinelandii]	81.386	736	0	1201	NA	NA	NA
idnD	sp|P39346.1|	P39346	RecName: Full=L-idonate 5-dehydrogenase (NAD(P)(+)) [Escherichia coli K-12]	43.671	316	1.42e-84	262	NA	NA	NA
ihfA	sp|C3JZN1.1|	C3JZN1	RecName: Full=Integration host factor subunit alpha; Short=IHF-alpha [Pseudomonas [fluorescens] SBW25]	100	100	6.2e-68	201	NA	NA	NA
ihfB	sp|C3K6K2.1|	C3K6K2	RecName: Full=Integration host factor subunit beta; Short=IHF-beta [Pseudomonas [fluorescens] SBW25]	100	98	2.71e-68	202	NA	NA	NA
ileS	sp|P18330.2|	P18330	RecName: Full=Isoleucine--tRNA ligase 1; AltName: Full=Isoleucyl-tRNA synthetase 1; Short=IleRS 1 [Pseudomonas fluorescens]	97.243	943	0	1865	NA	NA	NA
ilvA_1	sp|P53607.1|	P53607	RecName: Full=L-threonine dehydratase biosynthetic IlvA; AltName: Full=Threonine deaminase [Burkholderia multivorans ATCC 17616]	58.964	502	0	551	NA	NA	NA
ilvA_2	sp|P53607.1|	P53607	RecName: Full=L-threonine dehydratase biosynthetic IlvA; AltName: Full=Threonine deaminase [Burkholderia multivorans ATCC 17616]	58.621	319	3.6999999999999997e-116	348	NA	NA	NA
ilvC	sp|C3K225.1|	C3K225	RecName: Full=Ketol-acid reductoisomerase (NADP(+)); Short=KARI; AltName: Full=Acetohydroxy-acid isomeroreductase; Short=AHIR; AltName: Full=Alpha-keto-beta-hydroxylacyl reductoisomerase; AltName: Full=Ketol-acid reductoisomerase type 1; AltName: Full=Ketol-acid reductoisomerase type I [Pseudomonas [fluorescens] SBW25]	99.408	338	0	671	NA	NA	NA
ilvD	sp|C3K3P0.1|	C3K3P0	RecName: Full=Dihydroxy-acid dehydratase; Short=DAD [Pseudomonas [fluorescens] SBW25]	99.184	613	0	1224	NA	NA	NA
ilvE	sp|P54689.1|	P54689	RecName: Full=Branched-chain-amino-acid aminotransferase; Short=BCAT [Haemophilus influenzae Rd KW20]	70.088	341	0	512	NA	NA	NA
ilvH	sp|P21622.2|	P21622	RecName: Full=Acetolactate synthase isozyme 3 small subunit; AltName: Full=ALS-III; AltName: Full=Acetohydroxy-acid synthase III small subunit; Short=AHAS-III [Salmonella enterica subsp. enterica serovar Typhimurium str. LT2]	62.346	162	1.87e-72	218	NA	NA	NA
ilvI	sp|P00893.2|	P00893	RecName: Full=Acetolactate synthase isozyme 3 large subunit; AltName: Full=AHAS-III; AltName: Full=ALS-III; AltName: Full=Acetohydroxy-acid synthase III large subunit [Escherichia coli K-12]	63.194	576	0	734	NA	NA	NA
ilvI_2	sp|Q57725.1|	Q57725	RecName: Full=Probable acetolactate synthase large subunit; Short=AHAS; AltName: Full=Acetohydroxy-acid synthase large subunit; Short=ALS [Methanocaldococcus jannaschii DSM 2661]	36.207	580	8.29e-94	302	NA	NA	NA
inaA	sp|P27294.3|	P27294	RecName: Full=Protein InaA [Escherichia coli K-12]	40.741	216	1.82e-49	164	NA	NA	NA
inaZ	sp|P09815.1|	P09815	RecName: Full=Ice nucleation protein [Pseudomonas fluorescens]	86.172	1092	0	1417	NA	NA	NA
infA	sp|A4VLV5.1|	A4VLV5	RecName: Full=Translation initiation factor IF-1 [Stutzerimonas stutzeri A1501]	100	72	5.2499999999999996e-48	149	NA	NA	NA
infB	sp|C3K259.1|	C3K259	RecName: Full=Translation initiation factor IF-2 [Pseudomonas [fluorescens] SBW25]	99.219	640	0	1168	NA	NA	NA
infC	sp|C3JZN6.1|	C3JZN6	RecName: Full=Translation initiation factor IF-3 [Pseudomonas [fluorescens] SBW25]	100	129	4.48e-74	221	NA	NA	NA
inh	sp|O87807.1|	O87807	RecName: Full=Alkaline proteinase inhibitor; Flags: Precursor [Pseudomonas tolaasii]	67.01	97	1.6799999999999997e-42	137	NA	NA	NA
inhA	sp|Q8G9F9.1|	Q8G9F9	RecName: Full=Isonitrile hydratase; AltName: Full=Cyclohexyl-isocyanide hydratase [Pseudomonas putida]	78.095	210	2.7299999999999996e-109	316	NA	NA	NA
intA	sp|P24218.1|	P24218	RecName: Full=Prophage integrase IntD; AltName: Full=Prophage DLP12 integrase; AltName: Full=Prophage QSR' integrase [Escherichia coli K-12]	34.783	69	9.48e-6	51.2	NA	NA	NA
intA_1	sp|P76542.2|	P76542	RecName: Full=Prophage integrase IntZ; AltName: Full=Putative prophage CPZ-55 integrase [Escherichia coli K-12]	31.989	372	6.89e-38	144	NA	NA	NA
intA_1~~~intA	sp|P76542.2|	P76542	RecName: Full=Prophage integrase IntZ; AltName: Full=Putative prophage CPZ-55 integrase [Escherichia coli K-12]	36.09	399	2.85e-52	184	NA	NA	NA
intA_2	sp|P37317.1|	P37317	RecName: Full=Integrase [Lederbergvirus Sf6]	34.474	380	1.03e-53	186	NA	NA	NA
intA_3	sp|P08320.2|	P08320	RecName: Full=Integrase [Enterobacteria phage P4]	49.395	413	1.59e-134	397	NA	NA	NA
intA~~~intA_3	sp|P32053.2|	P32053	RecName: Full=Prophage integrase IntA; AltName: Full=Prophage CP4-57 integrase SlpA [Escherichia coli K-12]	49.752	404	1.4e-134	395	NA	NA	NA
intQ	sp|P76056.1|	P76056	RecName: Full=Prophage integrase IntR; AltName: Full=Putative lambdoid prophage Rac integrase [Escherichia coli K-12]	31.807	393	5.3399999999999995e-42	155	NA	NA	NA
intS	sp|P37317.1|	P37317	RecName: Full=Integrase [Lederbergvirus Sf6]	35.128	390	1.35e-77	248	NA	NA	NA
iolB	sp|Q5KYR2.1|	Q5KYR2	RecName: Full=5-deoxy-glucuronate isomerase; Short=5DG isomerase [Geobacillus kaustophilus HTA426]	56.485	239	2.73e-98	291	NA	NA	NA
iolC	sp|Q63B75.1|	Q63B75	RecName: Full=5-dehydro-2-deoxygluconokinase 1; AltName: Full=2-deoxy-5-keto-D-gluconate kinase 1; Short=DKG kinase 1 [Bacillus cereus E33L]	35.417	336	4.27e-53	188	NA	NA	NA
iolD	sp|A0REB6.1|	A0REB6	RecName: Full=3D-(3,5/4)-trihydroxycyclohexane-1,2-dione hydrolase; Short=THcHDO hydrolase [Bacillus thuringiensis str. Al Hakam]	66.512	645	0	872	NA	NA	NA
iolD_2	sp|P27868.1|	P27868	RecName: Full=Acetolactate synthase; AltName: Full=ALS; AltName: Full=Acetohydroxy-acid synthase [Limnospira platensis]	32.317	164	1.64e-14	78.2	NA	NA	NA
iolE	sp|P49304.1|	P49304	RecName: Full=Rhizopine catabolism protein MocC [Sinorhizobium meliloti]	48.252	286	3.4399999999999993e-87	266	NA	NA	NA
iolG_1	sp|F0M433.1|	F0M433	RecName: Full=Levoglucosan dehydrogenase; Short=LGDH; AltName: Full=1,6-anhydro-beta-D-glucose dehydrogenase; AltName: Full=PpLGDH [Pseudarthrobacter phenanthrenivorans Sphe3]	38.619	391	3.45e-75	241	NA	NA	NA
iolG_2	sp|C3K9I8.1|	C3K9I8	RecName: Full=Inositol 2-dehydrogenase; AltName: Full=Myo-inositol 2-dehydrogenase; Short=MI 2-dehydrogenase [Pseudomonas [fluorescens] SBW25]	97.321	336	0	632	NA	NA	NA
iolS	sp|A2XRZ0.1|	A2XRZ0	RecName: Full=Probable aldo-keto reductase 2 [Oryza sativa Indica Group]	50.467	321	5.61e-102	306	NA	NA	NA
iolW	sp|O32223.1|	O32223	RecName: Full=scyllo-inositol 2-dehydrogenase (NADP(+)) IolW; AltName: Full=NADP(+)-dependent scyllo-inositol dehydrogenase 1; Short=NADP(+)-dependent SI dehydrogenase 1 [Bacillus subtilis subsp. subtilis str. 168]	31.831	355	4.77e-54	184	NA	NA	NA
iorA	sp|Q51697.1|	Q51697	RecName: Full=Isoquinoline 1-oxidoreductase subunit alpha [Brevundimonas diminuta]	51.799	139	9.25e-47	152	NA	NA	NA
iorB	sp|Q51698.1|	Q51698	RecName: Full=Isoquinoline 1-oxidoreductase subunit beta [Brevundimonas diminuta]	30.284	776	1.7500000000000002e-70	249	NA	NA	NA
ipsA	sp|P96857.4|	P96857	RecName: Full=HTH-type transcriptional regulator Rv3575c [Mycobacterium tuberculosis H37Rv]	37.855	317	5.1699999999999986e-55	187	NA	NA	NA
iscA	sp|A8GHY1.1|	A8GHY1	RecName: Full=Iron-binding protein IscA; AltName: Full=Iron-sulfur cluster assembly protein [Serratia proteamaculans 568]	71.963	107	1.4599999999999998e-43	140	NA	NA	NA
iscR	sp|O69219.1|	O69219	RecName: Full=Putative HTH-type transcriptional regulator ORF2 [Azotobacter vinelandii]	76.22	164	1.14e-84	248	NA	NA	NA
iscS_1	sp|C3K1M5.1|	C3K1M5	RecName: Full=Cysteine desulfurase IscS [Pseudomonas [fluorescens] SBW25]	100	404	0	838	NA	NA	NA
iscS_2	sp|O31269.3|	O31269	RecName: Full=Cysteine desulfurase IscS [Azotobacter vinelandii]	57.979	376	1e-122	363	NA	NA	NA
iscU	sp|O31270.1|	O31270	RecName: Full=Iron-sulfur cluster assembly scaffold protein IscU [Azotobacter vinelandii]	89.062	128	7.03e-84	244	NA	NA	NA
iscX	sp|Q51384.1|	Q51384	RecName: Full=Uncharacterized protein PA3808 [Pseudomonas aeruginosa PAO1]	59.091	66	1.65e-21	82	NA	NA	NA
isfD_1	sp|O57314.1|	O57314	RecName: Full=Very-long-chain 3-oxoacyl-CoA reductase; AltName: Full=17-beta-hydroxysteroid dehydrogenase 12; Short=17-beta-HSD 12; AltName: Full=3-ketoacyl-CoA reductase; Short=KAR; AltName: Full=Estradiol 17-beta-dehydrogenase 12 [Anas platyrhynchos]	33.333	156	2.39e-13	72	NA	NA	NA
isfD_2	sp|D3U1D9.1|	D3U1D9	RecName: Full=Sulfoacetaldehyde reductase; AltName: Full=Isethionate formation reductase [Klebsiella oxytoca]	60	250	3.7899999999999993e-101	297	NA	NA	NA
ispA	sp|P22939.1|	P22939	RecName: Full=Farnesyl diphosphate synthase; Short=FPP synthase; AltName: Full=(2E,6E)-farnesyl diphosphate synthase; AltName: Full=Geranyltranstransferase [Escherichia coli K-12]	53.405	279	1.3e-65	210	NA	NA	NA
ispB	sp|P0AD57.1|	P0AD57	RecName: Full=Octaprenyl diphosphate synthase; AltName: Full=All-trans-octaprenyl-diphosphate synthase; AltName: Full=Octaprenyl pyrophosphate synthase; Short=OPP synthase [Escherichia coli K-12]	52.336	321	1.32e-115	340	NA	NA	NA
ispD	sp|C3K6H8.1|	C3K6H8	RecName: Full=2-C-methyl-D-erythritol 4-phosphate cytidylyltransferase; AltName: Full=4-diphosphocytidyl-2C-methyl-D-erythritol synthase; AltName: Full=MEP cytidylyltransferase; Short=MCT [Pseudomonas [fluorescens] SBW25]	92.766	235	1.45e-136	385	NA	NA	NA
ispE	sp|C3KDC2.1|	C3KDC2	RecName: Full=4-diphosphocytidyl-2-C-methyl-D-erythritol kinase; Short=CMK; AltName: Full=4-(cytidine-5'-diphospho)-2-C-methyl-D-erythritol kinase [Pseudomonas [fluorescens] SBW25]	95.88	267	0	511	NA	NA	NA
ispF	sp|C3K703.1|	C3K703	RecName: Full=2-C-methyl-D-erythritol 2,4-cyclodiphosphate synthase; Short=MECDP-synthase; Short=MECPP-synthase; Short=MECPS [Pseudomonas [fluorescens] SBW25]	99.363	157	7.95e-96	276	NA	NA	NA
ispG	sp|C3K1L4.1|	C3K1L4	RecName: Full=4-hydroxy-3-methylbut-2-en-1-yl diphosphate synthase (flavodoxin); AltName: Full=1-hydroxy-2-methyl-2-(E)-butenyl 4-diphosphate synthase [Pseudomonas [fluorescens] SBW25]	97.74	354	0	638	NA	NA	NA
ispH	sp|C3KDX7.1|	C3KDX7	RecName: Full=4-hydroxy-3-methylbut-2-enyl diphosphate reductase; Short=HMBPP reductase [Pseudomonas [fluorescens] SBW25]	99.048	315	0	639	NA	NA	NA
ispU	sp|Q88MH6.1|	Q88MH6	RecName: Full=Ditrans,polycis-undecaprenyl-diphosphate synthase ((2E,6E)-farnesyl-diphosphate specific); AltName: Full=Ditrans,polycis-undecaprenylcistransferase; AltName: Full=Undecaprenyl diphosphate synthase; Short=UDS; AltName: Full=Undecaprenyl pyrophosphate synthase; Short=UPP synthase [Pseudomonas putida KT2440]	90.4	250	7.9e-173	479	NA	NA	NA
iutA	sp|Q8YZR0.1|	Q8YZR0	RecName: Full=Schizokinen transporter SchT; AltName: Full=TonB-dependent transporter SchT; Short=TBDT SchT [Nostoc sp. PCC 7120 = FACHB-418]	35.489	696	4.859999999999999e-103	337	NA	NA	NA
ivy	sp|Q9HT89.1|	Q9HT89	RecName: Full=Uncharacterized protein PA5481; Flags: Precursor [Pseudomonas aeruginosa PAO1]	60.769	130	7.009999999999999e-54	170	NA	NA	NA
katB	sp|Q59635.1|	Q59635	RecName: Full=Catalase; AltName: Full=Paraquat-inducible catalase isozyme B; Flags: Precursor [Pseudomonas aeruginosa PAO1]	80.873	481	0	798	NA	NA	NA
katE	sp|P95539.1|	P95539	RecName: Full=Catalase HPII [Pseudomonas putida]	77.483	715	0	1134	NA	NA	NA
kbp	sp|P0ADE6.2|	P0ADE6	RecName: Full=Potassium binding protein Kbp; Short=K(+) binding protein Kbp [Escherichia coli K-12]	55.333	150	1.0599999999999999e-42	141	NA	NA	NA
kce	sp|Q9HTH7.1|	Q9HTH7	RecName: Full=3-dehydrocarnitine:acetyl-CoA trimethylamine transferase; AltName: Full=3-dehydrocarnitine cleavage enzyme [Pseudomonas aeruginosa PAO1]	80.612	294	2.5799999999999996e-157	443	NA	NA	NA
kdgK_1	sp|P45416.3|	P45416	RecName: Full=2-dehydro-3-deoxygluconokinase; AltName: Full=2-keto-3-deoxygluconokinase; AltName: Full=3-deoxy-2-oxo-D-gluconate kinase; AltName: Full=KDG kinase [Dickeya dadantii 3937]	53.289	304	2.1e-99	297	NA	NA	NA
kdgK_2	sp|P50845.1|	P50845	RecName: Full=2-dehydro-3-deoxygluconokinase; AltName: Full=2-keto-3-deoxygluconokinase; AltName: Full=3-deoxy-2-oxo-D-gluconate kinase; AltName: Full=KDG kinase [Bacillus subtilis subsp. subtilis str. 168]	54.072	307	2.25e-113	333	NA	NA	NA
kdgR_1~~~kdgR_2	sp|P76268.1|	P76268	RecName: Full=HTH-type transcriptional regulator KdgR [Escherichia coli K-12]	31.092	238	1.1699999999999998e-23	100	NA	NA	NA
kdgR_3	sp|G3XD97.1|	G3XD97	RecName: Full=HTH-type transcriptional regulator PtxS [Pseudomonas aeruginosa PAO1]	67.879	330	5.709999999999999e-158	449	NA	NA	NA
kdpA_1	sp|C3K4Y3.1|	C3K4Y3	RecName: Full=Potassium-transporting ATPase potassium-binding subunit; AltName: Full=ATP phosphohydrolase [potassium-transporting] A chain; AltName: Full=Potassium-binding and translocating subunit A; AltName: Full=Potassium-translocating ATPase A chain [Pseudomonas [fluorescens] SBW25]	95.567	564	0	956	NA	NA	NA
kdpA_2	sp|A9C190.1|	A9C190	RecName: Full=Potassium-transporting ATPase potassium-binding subunit; AltName: Full=ATP phosphohydrolase [potassium-transporting] A chain; AltName: Full=Potassium-binding and translocating subunit A; AltName: Full=Potassium-translocating ATPase A chain [Delftia acidovorans SPH-1]	77.425	567	0	799	NA	NA	NA
kdpB_1	sp|P57698.1|	P57698	RecName: Full=Potassium-transporting ATPase ATP-binding subunit; AltName: Full=ATP phosphohydrolase [potassium-transporting] B chain; AltName: Full=Potassium-binding and translocating subunit B; AltName: Full=Potassium-translocating ATPase B chain [Pseudomonas aeruginosa PAO1]	84.751	682	0	1015	NA	NA	NA
kdpB_2	sp|Q47H39.1|	Q47H39	RecName: Full=Potassium-transporting ATPase ATP-binding subunit; AltName: Full=ATP phosphohydrolase [potassium-transporting] B chain; AltName: Full=Potassium-binding and translocating subunit B; AltName: Full=Potassium-translocating ATPase B chain [Dechloromonas aromatica RCB]	77.18	688	0	944	NA	NA	NA
kdpC_1	sp|A5W155.1|	A5W155	RecName: Full=Potassium-transporting ATPase KdpC subunit; AltName: Full=ATP phosphohydrolase [potassium-transporting] C chain; AltName: Full=Potassium-binding and translocating subunit C; AltName: Full=Potassium-translocating ATPase C chain [Pseudomonas putida F1]	70.718	181	2.9299999999999994e-87	256	NA	NA	NA
kdpC_2	sp|Q89FC4.1|	Q89FC4	RecName: Full=Potassium-transporting ATPase KdpC subunit; AltName: Full=ATP phosphohydrolase [potassium-transporting] C chain; AltName: Full=Potassium-binding and translocating subunit C; AltName: Full=Potassium-translocating ATPase C chain [Bradyrhizobium diazoefficiens USDA 110]	56.41	195	4.709999999999999e-55	177	NA	NA	NA
kdpD_1	sp|P94608.2|	P94608	RecName: Full=Sensor protein KdpD [Clostridium acetobutylicum ATCC 824]	43.963	323	3.27e-80	281	NA	NA	NA
kdpD_2	sp|P21865.2|	P21865	RecName: Full=Sensor protein KdpD [Escherichia coli K-12]	46.222	900	0	616	NA	NA	NA
kdpE_1	sp|P9WGN0.1|	P9WGN0	RecName: Full=Transcriptional regulatory protein KdpE [Mycobacterium tuberculosis CDC1551]	50.679	221	2.53e-62	197	NA	NA	NA
kdpE_2	sp|P21866.3|	P21866	RecName: Full=KDP operon transcriptional regulatory protein KdpE [Escherichia coli K-12]	56.444	225	2.3899999999999998e-89	265	NA	NA	NA
kdsA	sp|C3K6H5.1|	C3K6H5	RecName: Full=2-dehydro-3-deoxyphosphooctonate aldolase; AltName: Full=3-deoxy-D-manno-octulosonic acid 8-phosphate synthase; AltName: Full=KDO-8-phosphate synthase; Short=KDO 8-P synthase; Short=KDOPS; AltName: Full=Phospho-2-dehydro-3-deoxyoctonate aldolase [Pseudomonas [fluorescens] SBW25]	99.644	281	0	545	NA	NA	NA
kdsB	sp|C3JY27.1|	C3JY27	RecName: Full=3-deoxy-manno-octulosonate cytidylyltransferase; AltName: Full=CMP-2-keto-3-deoxyoctulosonic acid synthase; Short=CKS; Short=CMP-KDO synthase [Pseudomonas [fluorescens] SBW25]	96.85	254	0	502	NA	NA	NA
kdsC	sp|Q8ZB47.1|	Q8ZB47	RecName: Full=3-deoxy-D-manno-octulosonate 8-phosphate phosphatase KdsC; AltName: Full=KDO 8-P phosphatase [Yersinia pestis]	49.112	169	1.1e-51	166	NA	NA	NA
kdsD_1	sp|Q9HVW0.1|	Q9HVW0	RecName: Full=Arabinose 5-phosphate isomerase KdsD; Short=API; AltName: Full=Pa-KdsD [Pseudomonas aeruginosa PAO1]	79.012	324	0	511	NA	NA	NA
kduD	sp|P0DXE1.1|	P0DXE1	RecName: Full=Cis-4-hydroxycyclohexanecarboxylate dehydrogenase; Short=Cis-4-hydroxyCHCA dehydrogenase [Sinomonas cyclohexanicum]	42.92	226	6.939999999999999e-42	145	NA	NA	NA
kefB	sp|P39830.2|	P39830	RecName: Full=Putative cation/proton antiporter YbaL [Escherichia coli K-12]	33.075	387	3.24e-45	171	NA	NA	NA
kefC_1	sp|Q0ZAH7.1|	Q0ZAH7	RecName: Full=Putative K(+) efflux antiporter KefB [Alkalimonas amylolytica]	42.726	543	7.7e-69	238	NA	NA	NA
kefC_2	sp|B2VK47.1|	B2VK47	RecName: Full=Glutathione-regulated potassium-efflux system protein KefB; AltName: Full=K(+)/H(+) antiporter [Erwinia tasmaniensis Et1/99]	44.852	573	9.589999999999998e-130	396	NA	NA	NA
kefF_1	sp|P16083.5|	P16083	RecName: Full=Ribosyldihydronicotinamide dehydrogenase [quinone]; AltName: Full=NRH dehydrogenase [quinone] 2; AltName: Full=NRH:quinone oxidoreductase 2; AltName: Full=Quinone reductase 2; Short=QR2 [Homo sapiens]	44.24	217	4.3499999999999995e-57	184	NA	NA	NA
kgtP_1	sp|P0AEX3.1|	P0AEX3	RecName: Full=Alpha-ketoglutarate permease [Escherichia coli K-12]	53.991	426	7.429999999999999e-147	428	NA	NA	NA
kgtP_2	sp|P0AEX3.1|	P0AEX3	RecName: Full=Alpha-ketoglutarate permease [Escherichia coli K-12]	69.834	421	0	543	NA	NA	NA
kinB	sp|O34206.1|	O34206	RecName: Full=Alginate biosynthesis sensor protein KinB [Pseudomonas aeruginosa]	59.03	598	0	584	NA	NA	NA
kstR2	sp|Q0S7V2.1|	Q0S7V2	RecName: Full=HTH-type transcriptional repressor KstR2 [Rhodococcus jostii RHA1]	32.749	171	3.33e-15	74.3	NA	NA	NA
ktrA	sp|P39760.1|	P39760	RecName: Full=Ktr system potassium uptake protein C; Short=K(+)-uptake protein KtrC; AltName: Full=ORF4 [Bacillus subtilis subsp. subtilis str. 168]	38.164	207	5.909999999999999e-47	157	NA	NA	NA
ktrB	sp|O32081.1|	O32081	RecName: Full=Ktr system potassium uptake protein B; Short=K(+)-uptake protein KtrB [Bacillus subtilis subsp. subtilis str. 168]	39.573	422	1.85e-70	232	NA	NA	NA
ku	sp|Q87ZG4.1|	Q87ZG4	RecName: Full=Non-homologous end joining protein Ku [Pseudomonas syringae pv. tomato str. DC3000]	78.626	262	4.0199999999999996e-150	425	NA	NA	NA
kup	sp|Q4KHA4.1|	Q4KHA4	RecName: Full=Probable potassium transport system protein Kup [Pseudomonas protegens Pf-5]	93.049	633	0	1088	NA	NA	NA
kynA	sp|Q4KIP3.1|	Q4KIP3	RecName: Full=Tryptophan 2,3-dioxygenase; Short=TDO; AltName: Full=Tryptamin 2,3-dioxygenase; AltName: Full=Tryptophan oxygenase; Short=TO; Short=TRPO; AltName: Full=Tryptophan pyrrolase; AltName: Full=Tryptophanase [Pseudomonas protegens Pf-5]	87.719	285	0	525	NA	NA	NA
kynB	sp|Q4KIP4.2|	Q4KIP4	RecName: Full=Kynurenine formamidase; Short=KFA; Short=KFase; AltName: Full=Arylformamidase; AltName: Full=N-formylkynurenine formamidase; Short=FKF [Pseudomonas protegens Pf-5]	84.507	213	4.03e-131	370	NA	NA	NA
kynU	sp|P83788.1|	P83788	RecName: Full=Kynureninase; AltName: Full=L-kynurenine hydrolase [Pseudomonas fluorescens]	85.577	416	0	743	NA	NA	NA
laaA	sp|C3K630.1|	C3K630	RecName: Full=L-amino acid amidase [Pseudomonas [fluorescens] SBW25]	93.548	310	0	592	NA	NA	NA
lacC	sp|Q9KM71.1|	Q9KM71	RecName: Full=1-phosphofructokinase; AltName: Full=Fructose 1-phosphate kinase; Short=Fru1PK [Vibrio cholerae O1 biovar El Tor str. N16961]	48.701	308	2.8499999999999997e-89	272	NA	NA	NA
lacF	sp|P55602.1|	P55602	RecName: Full=Probable ABC transporter permease protein y4oQ [Sinorhizobium fredii NGR234]	37.5	256	4.19e-39	142	NA	NA	NA
lamB	sp|Q7N987.1|	Q7N987	RecName: Full=Maltoporin; AltName: Full=Maltose-inducible porin; Flags: Precursor [Photorhabdus laumondii subsp. laumondii TTO1]	32.949	434	1.78e-57	197	NA	NA	NA
lcdH_2~~~lcdH~~~lcdH_1	sp|Q4ZSC0.1|	Q4ZSC0	RecName: Full=L-carnitine dehydrogenase; Short=CDH; Short=L-CDH [Pseudomonas syringae pv. syringae B728a]	90.852	317	0	596	NA	NA	NA
lcfB	sp|Q9EY88.1|	Q9EY88	RecName: Full=Feruloyl-CoA synthase; AltName: Full=Feruloyl coenzyme A synthetase; AltName: Full=Feruloyl-CoA synthetase [Amycolatopsis sp.]	34.455	505	5.6599999999999995e-68	229	NA	NA	NA
ldc	sp|O50657.1|	O50657	RecName: Full=Lysine/ornithine decarboxylase; Short=LDC [Selenomonas ruminantium]	32.703	370	1.0999999999999999e-52	182	NA	NA	NA
ldh	sp|P54531.1|	P54531	RecName: Full=Leucine dehydrogenase; Short=LeuDH [Bacillus subtilis subsp. subtilis str. 168]	43.402	341	1.95e-90	278	NA	NA	NA
ldhA	sp|P44501.1|	P44501	RecName: Full=2-hydroxyacid dehydrogenase homolog [Haemophilus influenzae Rd KW20]	52.439	328	2.62e-117	344	NA	NA	NA
lemA_1	sp|A8AVK0.1|	A8AVK0	RecName: Full=Protein LemA [Streptococcus gordonii str. Challis substr. CH1]	36.747	166	9.73e-29	108	NA	NA	NA
lemA_2	sp|A8AVK0.1|	A8AVK0	RecName: Full=Protein LemA [Streptococcus gordonii str. Challis substr. CH1]	33.117	154	3.8199999999999996e-23	94.4	NA	NA	NA
lepA	sp|C3K6G8.1|	C3K6G8	RecName: Full=Elongation factor 4; Short=EF-4; AltName: Full=Ribosomal back-translocase LepA [Pseudomonas [fluorescens] SBW25]	99.666	599	0	1195	NA	NA	NA
lepB	sp|P26844.1|	P26844	RecName: Full=Signal peptidase I; Short=SPase I; AltName: Full=Leader peptidase I [Pseudomonas fluorescens]	96.127	284	0	556	NA	NA	NA
leuA	sp|C3K1K7.1|	C3K1K7	RecName: Full=2-isopropylmalate synthase; AltName: Full=Alpha-IPM synthase; AltName: Full=Alpha-isopropylmalate synthase [Pseudomonas [fluorescens] SBW25]	98.032	559	0	1111	NA	NA	NA
leuA_2	sp|Q9V1J1.1|	Q9V1J1	RecName: Full=Homocitrate synthase; Short=HCS [Pyrococcus abyssi GE5]	39.262	298	4.73e-61	201	NA	NA	NA
leuB	sp|Q4KF05.1|	Q4KF05	RecName: Full=3-isopropylmalate dehydrogenase; AltName: Full=3-IPM-DH; AltName: Full=Beta-IPM dehydrogenase; Short=IMDH [Pseudomonas protegens Pf-5]	95.278	360	0	667	NA	NA	NA
leuC_1	sp|Q65VS0.1|	Q65VS0	RecName: Full=3-isopropylmalate dehydratase large subunit 1; AltName: Full=Alpha-IPM isomerase 1; Short=IPMI 1; AltName: Full=Isopropylmalate isomerase 1 [[Mannheimia] succiniciproducens MBEL55E]	70.172	466	0	674	NA	NA	NA
leuC_2	sp|Q4KF08.1|	Q4KF08	RecName: Full=3-isopropylmalate dehydratase large subunit; AltName: Full=Alpha-IPM isomerase; Short=IPMI; AltName: Full=Isopropylmalate isomerase [Pseudomonas protegens Pf-5]	93.856	472	0	896	NA	NA	NA
leuD1_1	sp|Q65VR9.1|	Q65VR9	RecName: Full=3-isopropylmalate dehydratase small subunit 1; AltName: Full=Alpha-IPM isomerase 1; Short=IPMI 1; AltName: Full=Isopropylmalate isomerase 1 [[Mannheimia] succiniciproducens MBEL55E]	62.687	201	8.62e-80	239	NA	NA	NA
leuD1_2	sp|Q4KF07.1|	Q4KF07	RecName: Full=3-isopropylmalate dehydratase small subunit; AltName: Full=Alpha-IPM isomerase; Short=IPMI; AltName: Full=Isopropylmalate isomerase [Pseudomonas protegens Pf-5]	93.458	214	2.68e-149	416	NA	NA	NA
leuE	sp|A6T7N0.1|	A6T7N0	RecName: Full=Leucine efflux protein [Klebsiella pneumoniae subsp. pneumoniae MGH 78578]	32.796	186	8.89e-13	67.8	NA	NA	NA
leuS	sp|C3K2L2.1|	C3K2L2	RecName: Full=Leucine--tRNA ligase; AltName: Full=Leucyl-tRNA synthetase; Short=LeuRS [Pseudomonas [fluorescens] SBW25]	96.659	868	0	1736	NA	NA	NA
lexA_1	sp|Q8KT78.1|	Q8KT78	RecName: Full=LexA repressor [Pseudomonas chlororaphis subsp. chlororaphis]	94.554	202	5.85e-142	397	NA	NA	NA
lexA_2	sp|P69202.1|	P69202	RecName: Full=Repressor protein C2 [Lederbergvirus P22]	32.857	210	2.37e-28	108	NA	NA	NA
lexA_3	sp|Q881U0.1|	Q881U0	RecName: Full=LexA repressor 2 [Pseudomonas syringae pv. tomato str. DC3000]	76.617	201	1.22e-108	312	NA	NA	NA
lexA_3~~~lexA_4~~~lexA_2	sp|P69202.1|	P69202	RecName: Full=Repressor protein C2 [Lederbergvirus P22]	47.716	197	3.699999999999999e-43	147	NA	NA	NA
lexA_4	sp|P69202.1|	P69202	RecName: Full=Repressor protein C2 [Lederbergvirus P22]	46.047	215	5.4699999999999995e-40	139	NA	NA	NA
lgrB	sp|Q70LM4.1|	Q70LM4	RecName: Full=Linear gramicidin synthase subunit D; Includes: RecName: Full=ATP-dependent D-leucine adenylase; Short=D-LeuA; AltName: Full=D-leucine activase; Includes: RecName: Full=Leucine racemase [ATP-hydrolyzing]; Includes: RecName: Full=ATP-dependent tryptophan adenylase; Short=TrpA; AltName: Full=Tryptophan activase; Includes: RecName: Full=ATP-dependent glycine adenylase; Short=GlyA; AltName: Full=Glycine activase; Includes: RecName: Full=Linear gramicidin--PCP reductase [Brevibacillus parabrevis]	41.61	3701	0	2555	NA	NA	NA
lgrD_1	sp|Q70LM5.1|	Q70LM5	RecName: Full=Linear gramicidin synthase subunit C; Includes: RecName: Full=ATP-dependent valine adenylase; Short=ValA; AltName: Full=Valine activase; Includes: RecName: Full=ATP-dependent D-valine adenylase; Short=D-ValA; AltName: Full=D-valine activase; Includes: RecName: Full=Valine racemase [ATP-hydrolyzing]; Includes: RecName: Full=ATP-dependent tryptophan adenylase; Short=TrpA; AltName: Full=Tryptophan activase; Includes: RecName: Full=ATP-dependent tryptophan/phenylalanine/tyrosine adenylase; Short=Trp/Phe/TyrA; AltName: Full=Tryptophan/phenylalanine/tyrosine activase [Brevibacillus parabrevis]	38.378	3687	0	2191	NA	NA	NA
lgrD_2	sp|Q70LM5.1|	Q70LM5	RecName: Full=Linear gramicidin synthase subunit C; Includes: RecName: Full=ATP-dependent valine adenylase; Short=ValA; AltName: Full=Valine activase; Includes: RecName: Full=ATP-dependent D-valine adenylase; Short=D-ValA; AltName: Full=D-valine activase; Includes: RecName: Full=Valine racemase [ATP-hydrolyzing]; Includes: RecName: Full=ATP-dependent tryptophan adenylase; Short=TrpA; AltName: Full=Tryptophan activase; Includes: RecName: Full=ATP-dependent tryptophan/phenylalanine/tyrosine adenylase; Short=Trp/Phe/TyrA; AltName: Full=Tryptophan/phenylalanine/tyrosine activase [Brevibacillus parabrevis]	40.653	3707	0	2429	NA	NA	NA
lgrD_3	sp|P0DX16.1|	P0DX16	RecName: Full=Isonitrile lipopeptide synthase [Streptomyces coeruleorubidus]	30.17	1001	1.39e-82	299	NA	NA	NA
lgrE	sp|P14686.1|	P14686	RecName: Full=Gramicidin S biosynthesis protein GrsT [Aneurinibacillus migulanus]	37.004	227	4.4e-50	167	NA	NA	NA
lgt	sp|C3K3Q9.1|	C3K3Q9	RecName: Full=Phosphatidylglycerol--prolipoprotein diacylglyceryl transferase [Pseudomonas [fluorescens] SBW25]	94.444	270	0	517	NA	NA	NA
lig	sp|B1ZZL9.1|	B1ZZL9	RecName: Full=Probable DNA ligase; AltName: Full=Polydeoxyribonucleotide synthase [ATP] [Opitutus terrae PB90-1]	35.629	334	4.84e-44	171	NA	NA	NA
ligA	sp|C3JXX6.1|	C3JXX6	RecName: Full=DNA ligase; AltName: Full=Polydeoxyribonucleotide synthase [NAD(+)] [Pseudomonas [fluorescens] SBW25]	96.193	788	0	1550	NA	NA	NA
ligB	sp|C3K3F7.1|	C3K3F7	RecName: Full=DNA ligase B; AltName: Full=Polydeoxyribonucleotide synthase [NAD(+)] B [Pseudomonas [fluorescens] SBW25]	80.3	533	0	882	NA	NA	NA
ligD	sp|Q9I1X7.1|	Q9I1X7	RecName: Full=Multifunctional non-homologous end joining protein LigD; AltName: Full=NHEJ DNA polymerase; Includes: RecName: Full=3'-phosphoesterase; Short=3'-ribonuclease/3'-phosphatase; Includes: RecName: Full=DNA ligase D; Short=LigD; AltName: Full=Polydeoxyribonucleotide synthase [ATP]; Includes: RecName: Full=DNA repair polymerase; Short=Pol; AltName: Full=Polymerase/primase [Pseudomonas aeruginosa PAO1]	55.542	839	0	864	NA	NA	NA
linC	sp|A0A1L5BUG8.1|	A0A1L5BUG8	RecName: Full=2,5-dichloro-2,5-cyclohexadiene-1,4-diol dehydrogenase; Short=2,5-DDOL dehydrogenase [Sphingobium indicum B90A]	45.6	250	6.049999999999999e-54	177	NA	NA	NA
lipA	sp|C3K2L8.1|	C3K2L8	RecName: Full=Lipoyl synthase; AltName: Full=Lip-syn; Short=LS; AltName: Full=Lipoate synthase; AltName: Full=Lipoic acid synthase; AltName: Full=Sulfur insertion protein LipA [Pseudomonas [fluorescens] SBW25]	99.413	341	0	702	NA	NA	NA
lipB	sp|C3K2L9.1|	C3K2L9	RecName: Full=Octanoyltransferase; AltName: Full=Lipoate-protein ligase B; AltName: Full=Lipoyl/octanoyl transferase; AltName: Full=Octanoyl-[acyl-carrier-protein]-protein N-octanoyltransferase [Pseudomonas [fluorescens] SBW25]	97.209	215	2.6e-155	431	NA	NA	NA
lips	sp|P08658.3|	P08658	RecName: Full=Triacylglycerol lipase; AltName: Full=Cold-adapted lipase; AltName: Full=Extracellular lipase; AltName: Full=Triacylglycerol ester hydrolase [Pseudomonas fragi]	47.635	296	3.73e-89	270	NA	NA	NA
liuE	sp|Q9I2A0.1|	Q9I2A0	RecName: Full=3-hydroxy-3-isohexenylglutaryl-CoA/hydroxy-methylglutaryl-CoA lyase; Short=HIHG-CoA lyase; Short=HMG-CoA lyase; AltName: Full=(S)-3-hydroxy-3-methylglutaryl-CoA acetoacetate-lyase; AltName: Full=3-hydroxy-3-(4-methylpent-3-en-1-yl)glutaryl-CoA acetate-lyase [Pseudomonas aeruginosa PAO1]	76.976	291	3.2299999999999995e-148	421	NA	NA	NA
livF_1	sp|P0A191.1|	P0A191	RecName: Full=High-affinity branched-chain amino acid transport ATP-binding protein LivF; AltName: Full=LIV-I protein F [Salmonella enterica subsp. enterica serovar Typhimurium str. LT2]	59.916	237	9.48e-96	283	NA	NA	NA
livF_2	sp|P0A191.1|	P0A191	RecName: Full=High-affinity branched-chain amino acid transport ATP-binding protein LivF; AltName: Full=LIV-I protein F [Salmonella enterica subsp. enterica serovar Typhimurium str. LT2]	42.105	228	1.72e-41	144	NA	NA	NA
livF_3	sp|P21630.1|	P21630	RecName: Full=High-affinity branched-chain amino acid transport ATP-binding protein BraG [Pseudomonas aeruginosa PAO1]	46.121	232	2.9500000000000003e-59	189	NA	NA	NA
livF_4	sp|P0A191.1|	P0A191	RecName: Full=High-affinity branched-chain amino acid transport ATP-binding protein LivF; AltName: Full=LIV-I protein F [Salmonella enterica subsp. enterica serovar Typhimurium str. LT2]	39.914	233	4.24e-38	135	NA	NA	NA
livF_5	sp|P21629.1|	P21629	RecName: Full=High-affinity branched-chain amino acid transport ATP-binding protein BraF [Pseudomonas aeruginosa PAO1]	36.078	255	4.9e-46	157	NA	NA	NA
livF_6	sp|P0A191.1|	P0A191	RecName: Full=High-affinity branched-chain amino acid transport ATP-binding protein LivF; AltName: Full=LIV-I protein F [Salmonella enterica subsp. enterica serovar Typhimurium str. LT2]	45.902	244	4.29e-61	195	NA	NA	NA
livF_7	sp|P21630.1|	P21630	RecName: Full=High-affinity branched-chain amino acid transport ATP-binding protein BraG [Pseudomonas aeruginosa PAO1]	87.124	233	7.62e-137	386	NA	NA	NA
livH_1	sp|P0AEX7.1|	P0AEX7	RecName: Full=High-affinity branched-chain amino acid transport system permease protein LivH; AltName: Full=LIV-I protein H [Escherichia coli K-12]	56.478	301	6.8699999999999994e-90	273	NA	NA	NA
livH_2	sp|P21627.1|	P21627	RecName: Full=High-affinity branched-chain amino acid transport system permease protein BraD [Pseudomonas aeruginosa PAO1]	31.65	297	3.06e-17	83.2	NA	NA	NA
livH_5	sp|P21627.1|	P21627	RecName: Full=High-affinity branched-chain amino acid transport system permease protein BraD [Pseudomonas aeruginosa PAO1]	84.691	307	2.4999999999999997e-159	449	NA	NA	NA
lldD_1	sp|C3K053.2|	C3K053	RecName: Full=L-lactate dehydrogenase [Pseudomonas [fluorescens] SBW25]	94.415	376	0	738	NA	NA	NA
lldD_2	sp|Q4ZY06.1|	Q4ZY06	RecName: Full=L-lactate dehydrogenase [Pseudomonas syringae pv. syringae B728a]	47.105	380	6.139999999999998e-119	353	NA	NA	NA
lnrK	sp|A8R3T0.1|	A8R3T0	RecName: Full=Glycerol metabolism activator; AltName: Full=DNA-binding response regulator; AltName: Full=Protein AgmR [Pseudomonas putida]	44.828	203	9.23e-46	154	NA	NA	NA
lnt	sp|Q87VX7.1|	Q87VX7	RecName: Full=Apolipoprotein N-acyltransferase; Short=ALP N-acyltransferase [Pseudomonas syringae pv. tomato str. DC3000]	79.724	508	0	763	NA	NA	NA
loiP	sp|Q5A663.1|	Q5A663	RecName: Full=Mitochondrial metalloendopeptidase OMA1 [Candida albicans SC5314]	31.818	242	1.22e-28	114	NA	NA	NA
lolA	sp|C3JY57.1|	C3JY57	RecName: Full=Outer-membrane lipoprotein carrier protein; Flags: Precursor [Pseudomonas [fluorescens] SBW25]	94.681	188	6.8e-131	369	NA	NA	NA
lolB	sp|C3KDC3.1|	C3KDC3	RecName: Full=Outer-membrane lipoprotein LolB; Flags: Precursor [Pseudomonas [fluorescens] SBW25]	91.707	205	2.76e-137	385	NA	NA	NA
lolD_1	sp|Q4KFA2.2|	Q4KFA2	RecName: Full=Lipoprotein-releasing system ATP-binding protein LolD [Pseudomonas protegens Pf-5]	93.833	227	1.92e-155	433	NA	NA	NA
lolD_2	sp|P0A9T8.1|	P0A9T8	RecName: Full=Uncharacterized ABC transporter ATP-binding protein YbbA [Escherichia coli K-12]	60.092	218	5.5499999999999994e-68	211	NA	NA	NA
lolE_1	sp|Q9PEF2.1|	Q9PEF2	RecName: Full=Lipoprotein-releasing system transmembrane protein LolC [Xylella fastidiosa 9a5c]	44.762	420	2.2000000000000002e-97	300	NA	NA	NA
lolE_2	sp|Q9PEF2.1|	Q9PEF2	RecName: Full=Lipoprotein-releasing system transmembrane protein LolC [Xylella fastidiosa 9a5c]	42.788	416	1.4099999999999998e-107	326	NA	NA	NA
lon_1	sp|Q31FD3.2|	Q31FD3	RecName: Full=Lon protease 2; AltName: Full=ATP-dependent protease La 2 [Hydrogenovibrio crunogenus XCL-2]	57.263	833	0	954	NA	NA	NA
lon_2	sp|P74956.2|	P74956	RecName: Full=Lon protease; AltName: Full=ATP-dependent protease La [Vibrio parahaemolyticus RIMD 2210633]	70.143	767	0	1100	NA	NA	NA
lpdG	sp|P31052.4|	P31052	RecName: Full=Dihydrolipoyl dehydrogenase; AltName: Full=Dihydrolipoamide dehydrogenase; AltName: Full=E3 component of 2-oxoglutarate dehydrogenase complex; AltName: Full=Glycine oxidation system L-factor; AltName: Full=LPD-GLC [Pseudomonas putida]	90.377	478	0	844	NA	NA	NA
lpdV	sp|P09063.1|	P09063	RecName: Full=Dihydrolipoyl dehydrogenase; AltName: Full=Dihydrolipoamide dehydrogenase; AltName: Full=E3 component of branched-chain alpha-keto acid dehydrogenase complex; AltName: Full=LPD-Val [Pseudomonas putida]	78.555	429	0	670	NA	NA	NA
lpfB_1	sp|Q8X5K6.2|	Q8X5K6	RecName: Full=Probable fimbrial chaperone LpfB; Flags: Precursor [Escherichia coli O157:H7]	39.423	208	5.57e-43	148	NA	NA	NA
lpfB_2	sp|P43661.2|	P43661	RecName: Full=Chaperone protein LpfB; Flags: Precursor [Salmonella enterica subsp. enterica serovar Typhimurium str. LT2]	35.714	196	4.059999999999999e-34	125	NA	NA	NA
lptA	sp|Q9HVV7.1|	Q9HVV7	RecName: Full=Lipopolysaccharide export system protein LptH; AltName: Full=Pa-LptH; Flags: Precursor [Pseudomonas aeruginosa PAO1]	62.941	170	7.709999999999999e-60	187	NA	NA	NA
lptB_1	sp|P21629.1|	P21629	RecName: Full=High-affinity branched-chain amino acid transport ATP-binding protein BraF [Pseudomonas aeruginosa PAO1]	35.458	251	1.05e-33	126	NA	NA	NA
lptB_2	sp|P05529.1|	P05529	RecName: Full=Protein McbF [Escherichia coli]	33.484	221	7.22e-30	114	NA	NA	NA
lptB_3	sp|P21629.1|	P21629	RecName: Full=High-affinity branched-chain amino acid transport ATP-binding protein BraF [Pseudomonas aeruginosa PAO1]	44.094	254	1.53e-59	191	NA	NA	NA
lptB_4	sp|P45073.1|	P45073	RecName: Full=Lipopolysaccharide export system ATP-binding protein LptB [Haemophilus influenzae Rd KW20]	66.39	241	1.92e-117	338	NA	NA	NA
lptB_5	sp|P21629.1|	P21629	RecName: Full=High-affinity branched-chain amino acid transport ATP-binding protein BraF [Pseudomonas aeruginosa PAO1]	85.882	255	1.71e-164	458	NA	NA	NA
lptD	sp|Q4K4X8.2|	Q4K4X8	RecName: Full=LPS-assembly protein LptD; Flags: Precursor [Pseudomonas protegens Pf-5]	77.378	946	0	1555	NA	NA	NA
lptF	sp|P0AF98.1|	P0AF98	RecName: Full=Lipopolysaccharide export system permease protein LptF [Escherichia coli K-12]	34.819	359	1.12e-45	163	NA	NA	NA
lptG	sp|P45332.1|	P45332	RecName: Full=Lipopolysaccharide export system permease protein LptG [Haemophilus influenzae Rd KW20]	38.611	360	5.37e-65	213	NA	NA	NA
lpxA	sp|C3K607.1|	C3K607	RecName: Full=Acyl-[acyl-carrier-protein]--UDP-N-acetylglucosamine O-acyltransferase; Short=UDP-N-acetylglucosamine acyltransferase [Pseudomonas [fluorescens] SBW25]	97.287	258	0	519	NA	NA	NA
lpxB	sp|C3K6G9.1|	C3K6G9	RecName: Full=Lipid-A-disaccharide synthase [Pseudomonas [fluorescens] SBW25]	96.834	379	0	698	NA	NA	NA
lpxC	sp|C3KDE0.1|	C3KDE0	RecName: Full=UDP-3-O-acyl-N-acetylglucosamine deacetylase; Short=UDP-3-O-acyl-GlcNAc deacetylase; AltName: Full=UDP-3-O-[R-3-hydroxymyristoyl]-N-acetylglucosamine deacetylase [Pseudomonas [fluorescens] SBW25]	99.67	303	0	611	NA	NA	NA
lpxD_1	sp|P71405.2|	P71405	RecName: Full=Serine acetyltransferase; Short=SAT [Helicobacter pylori 26695]	47.712	153	3.23e-34	126	NA	NA	NA
lpxD_2	sp|C3K605.1|	C3K605	RecName: Full=UDP-3-O-acylglucosamine N-acyltransferase [Pseudomonas [fluorescens] SBW25]	97.721	351	0	673	NA	NA	NA
lpxD_2~~~dapH_1	sp|Q6T1W7.1|	Q6T1W7	RecName: Full=dTDP-3-amino-3,6-dideoxy-alpha-D-galactopyranose 3-N-acetyltransferase; AltName: Full=dTDP-D-Fucp3N acetylase [Aneurinibacillus thermoaerophilus]	60.256	156	2.3199999999999998e-66	209	NA	NA	NA
lpxH_2	sp|C3JYD6.1|	C3JYD6	RecName: Full=UDP-2,3-diacylglucosamine hydrolase; AltName: Full=UDP-2,3-diacylglucosamine diphosphatase [Pseudomonas [fluorescens] SBW25]	97.189	249	4.53e-179	494	NA	NA	NA
lpxK	sp|C3JY29.1|	C3JY29	RecName: Full=Tetraacyldisaccharide 4'-kinase; AltName: Full=Lipid A 4'-kinase [Pseudomonas [fluorescens] SBW25]	93.846	325	0	584	NA	NA	NA
lpxL	sp|P0ACV0.1|	P0ACV0	RecName: Full=Lipid A biosynthesis lauroyltransferase; AltName: Full=Kdo(2)-lipid IV(A) lauroyltransferase [Escherichia coli K-12]	44.737	304	1.73e-84	259	NA	NA	NA
lpxP	sp|P0ACV0.1|	P0ACV0	RecName: Full=Lipid A biosynthesis lauroyltransferase; AltName: Full=Kdo(2)-lipid IV(A) lauroyltransferase [Escherichia coli K-12]	30.545	275	2.55e-28	113	NA	NA	NA
lrpC_2	sp|O59188.1|	O59188	RecName: Full=HTH-type transcriptional regulator FL11; AltName: Full=Feast/famine regulatory protein FL11; Short=FFRP FL11 [Pyrococcus horikoshii OT3]	32.117	137	1.77e-12	63.9	NA	NA	NA
lrpC_2~~~lrpC_1	sp|P96582.2|	P96582	RecName: Full=HTH-type transcriptional regulator LrpC [Bacillus subtilis subsp. subtilis str. 168]	32.331	133	4.65e-24	94.4	NA	NA	NA
lrp_1	sp|P37424.3|	P37424	RecName: Full=Leucine-responsive regulatory protein [Klebsiella pneumoniae]	61.842	152	3.95e-63	194	NA	NA	NA
lrp_2	sp|Q9V1E5.1|	Q9V1E5	RecName: Full=Uncharacterized HTH-type transcriptional regulator PYRAB04820 [Pyrococcus abyssi GE5]	30.882	136	2.68e-19	81.6	NA	NA	NA
lrp_3	sp|P56901.1|	P56901	RecName: Full=Leucine-responsive regulatory protein [Sinorhizobium meliloti 1021]	40.541	148	2.9200000000000002e-36	125	NA	NA	NA
lrp_4	sp|P0A2S0.2|	P0A2S0	RecName: Full=Leucine-responsive regulatory protein [Salmonella enterica subsp. enterica serovar Typhimurium str. LT2]	48.322	149	3.95e-39	133	NA	NA	NA
lrp_5	sp|P56901.1|	P56901	RecName: Full=Leucine-responsive regulatory protein [Sinorhizobium meliloti 1021]	45.517	145	1.5399999999999998e-37	129	NA	NA	NA
lspA_1	sp|P17942.1|	P17942	RecName: Full=Lipoprotein signal peptidase; AltName: Full=Prolipoprotein signal peptidase; AltName: Full=Signal peptidase II; Short=SPase II [Pseudomonas fluorescens]	95.294	170	1.7599999999999998e-82	243	NA	NA	NA
lspA_2	sp|Q2LTG5.1|	Q2LTG5	RecName: Full=Lipoprotein signal peptidase; AltName: Full=Prolipoprotein signal peptidase; AltName: Full=Signal peptidase II; Short=SPase II [Syntrophus aciditrophicus SB]	34.234	111	1.22e-11	62.8	NA	NA	NA
lsrR	sp|A6TEB9.1|	A6TEB9	RecName: Full=Transcriptional regulator LsrR [Klebsiella pneumoniae subsp. pneumoniae MGH 78578]	30.671	313	7.39e-23	100	NA	NA	NA
ltaE_1	sp|O50584.1|	O50584	RecName: Full=Low specificity L-threonine aldolase; Short=Low specificity L-TA [Pseudomonas sp. NCIMB 10558]	89.017	346	0	655	NA	NA	NA
ltaE_2	sp|P75823.1|	P75823	RecName: Full=Low specificity L-threonine aldolase; Short=Low specificity L-TA [Escherichia coli K-12]	58.485	330	6.46e-128	372	NA	NA	NA
ltxB	sp|P23702.1|	P23702	RecName: Full=Leukotoxin export ATP-binding protein LtxB [Aggregatibacter actinomycetemcomitans]	31.26	611	4.79e-64	229	NA	NA	NA
ltxD	sp|P55125.1|	P55125	RecName: Full=Leukotoxin secretion protein D [Mannheimia cf. haemolytica]	34.874	476	4.2100000000000004e-79	257	NA	NA	NA
lutA	sp|P52074.1|	P52074	RecName: Full=Glycolate oxidase iron-sulfur subunit; AltName: Full=Glycolate dehydrogenase subunit GlcF; AltName: Full=Glycolate oxidase subunit GlcF [Escherichia coli K-12]	69.802	404	0	576	NA	NA	NA
lutR_1	sp|O07007.1|	O07007	RecName: Full=HTH-type transcriptional regulator LutR; AltName: Full=L-lactate utilization operon repressor [Bacillus subtilis subsp. subtilis str. 168]	33.178	214	9.13e-23	95.5	NA	NA	NA
lutR_2	sp|O07007.1|	O07007	RecName: Full=HTH-type transcriptional regulator LutR; AltName: Full=L-lactate utilization operon repressor [Bacillus subtilis subsp. subtilis str. 168]	33.824	136	4.55e-12	67	NA	NA	NA
lutR_3	sp|P31460.4|	P31460	RecName: Full=Galactonate operon transcriptional repressor; AltName: Full=HTH-type transcriptional repressor DgoR [Escherichia coli K-12]	34.434	212	4.8399999999999995e-23	96.3	NA	NA	NA
lutR_4	sp|O07007.1|	O07007	RecName: Full=HTH-type transcriptional regulator LutR; AltName: Full=L-lactate utilization operon repressor [Bacillus subtilis subsp. subtilis str. 168]	35.577	208	1.0199999999999999e-24	100	NA	NA	NA
lvr	sp|Q9LBG2.1|	Q9LBG2	RecName: Full=Levodione reductase; AltName: Full=(6R)-2,2,6-trimethyl-1,4-cyclohexanedione reductase [Leifsonia aquatica]	35.185	270	1.13e-47	162	NA	NA	NA
lysA_1	sp|O05321.1|	O05321	RecName: Full=Diaminopimelate decarboxylase; Short=DAP decarboxylase; Short=DAPDC [Pseudomonas fluorescens]	90.144	416	0	762	NA	NA	NA
lysA_2	sp|O05321.1|	O05321	RecName: Full=Diaminopimelate decarboxylase; Short=DAP decarboxylase; Short=DAPDC [Pseudomonas fluorescens]	41.839	435	3.589999999999999e-101	311	NA	NA	NA
lysN	sp|Q72LL6.1|	Q72LL6	RecName: Full=2-aminoadipate transaminase; AltName: Full=2-aminoadipate aminotransferase; AltName: Full=Alpha-aminoadipate aminotransferase; Short=AAA-AT; Short=AadAT [Thermus thermophilus HB27]	35.958	381	1.7e-73	237	NA	NA	NA
lysU	sp|Q3KHF3.1|	Q3KHF3	RecName: Full=Lysine--tRNA ligase; AltName: Full=Lysyl-tRNA synthetase; Short=LysRS [Pseudomonas fluorescens Pf0-1]	99	500	0	988	NA	NA	NA
lytR	sp|P26275.1|	P26275	RecName: Full=Positive alginate biosynthesis regulatory protein [Pseudomonas aeruginosa PAO1]	79.032	248	4.5e-136	385	NA	NA	NA
macA_1	sp|Q88F89.1|	Q88F89	RecName: Full=Pyoverdine export membrane fusion protein PvdR; AltName: Full=Periplasmic adapter protein PvdR; Flags: Precursor [Pseudomonas putida KT2440]	70.572	367	0	517	NA	NA	NA
macA_3	sp|P64176.1|	P64176	RecName: Full=Macrolide export protein MacA [Escherichia coli O157:H7]	45.067	375	3.08e-84	263	NA	NA	NA
macB_1	sp|Q3KF57.1|	Q3KF57	RecName: Full=Pyoverdine export ATP-binding/permease protein PvdT [Pseudomonas fluorescens Pf0-1]	85.388	657	0	1075	NA	NA	NA
macB_2	sp|Q6MPX9.1|	Q6MPX9	RecName: Full=Macrolide export ATP-binding/permease protein MacB [Bdellovibrio bacteriovorus HD100]	30.583	412	1.2399999999999998e-31	130	NA	NA	NA
macB_3	sp|Q3KE48.1|	Q3KE48	RecName: Full=Probable export ATP-binding/permease protein Pfl01_2215 [Pseudomonas fluorescens Pf0-1]	86.043	652	0	1082	NA	NA	NA
madA	sp|O06924.1|	O06924	RecName: Full=Acetyl-S-ACP:malonate ACP transferase; Short=ACP transferase; AltName: Full=Malonate/acetyl-CoA transferase [Malonomonas rubra]	56.261	551	0	643	NA	NA	NA
madC	sp|O06926.1|	O06926	RecName: Full=Malonyl-S-ACP:biotin-protein carboxyltransferase MADC [Malonomonas rubra]	37.984	258	1.32e-50	172	NA	NA	NA
madD	sp|O06927.1|	O06927	RecName: Full=Malonyl-S-ACP:biotin-protein carboxyltransferase MADD [Malonomonas rubra]	34.043	235	7.77e-25	103	NA	NA	NA
maeB	sp|E1V8J1.1|	E1V8J1	RecName: Full=NADP-dependent malic enzyme; Short=NADP-ME; AltName: Full=Malic enzyme [Halomonas elongata DSM 2581]	76.247	421	0	662	NA	NA	NA
maiA	sp|Q88FY4.1|	Q88FY4	RecName: Full=Maleate isomerase; AltName: Full=Maleate cis-trans isomerase; AltName: Full=Nicotinate degradation protein E [Pseudomonas putida KT2440]	90.8	250	2.8e-167	464	NA	NA	NA
malK	sp|Q1CC21.1|	Q1CC21	RecName: Full=Maltose/maltodextrin import ATP-binding protein MalK [Yersinia pestis Antiqua]	55.462	357	2.2699999999999998e-136	396	NA	NA	NA
malP	sp|P0AC86.1|	P0AC86	RecName: Full=Glycogen phosphorylase [Escherichia coli K-12]	49.501	802	0	777	NA	NA	NA
malQ	sp|P15977.2|	P15977	RecName: Full=4-alpha-glucanotransferase; AltName: Full=Amylomaltase; AltName: Full=Disproportionating enzyme; Short=D-enzyme [Escherichia coli K-12]	31.05	686	4.2799999999999995e-99	322	NA	NA	NA
malT_1	sp|O32197.1|	O32197	RecName: Full=Transcriptional regulatory protein LiaR [Bacillus subtilis subsp. subtilis str. 168]	39.252	107	1.26e-8	59.7	NA	NA	NA
malT_2	sp|P9WMF8.1|	P9WMF8	RecName: Full=DNA-binding transcriptional activator DevR/DosR [Mycobacterium tuberculosis CDC1551]	36.538	104	2.51e-9	60.8	NA	NA	NA
malT_3	sp|Q7TXA9.1|	Q7TXA9	RecName: Full=Serine/threonine-protein kinase PknK; AltName: Full=Protein kinase K [Mycobacterium tuberculosis variant bovis AF2122/97]	32.135	445	4.4099999999999996e-35	148	NA	NA	NA
mamB	sp|Q10LJ2.1|	Q10LJ2	RecName: Full=Metal tolerance protein 2; Short=OsMTP2 [Oryza sativa Japonica Group]	34.589	292	5.45e-36	136	NA	NA	NA
map_1	sp|P0AE18.1|	P0AE18	RecName: Full=Methionine aminopeptidase; Short=MAP; Short=MetAP; AltName: Full=Peptidase M [Escherichia coli K-12]	63.707	259	1.9399999999999997e-118	342	NA	NA	NA
map_2	sp|P0AE18.1|	P0AE18	RecName: Full=Methionine aminopeptidase; Short=MAP; Short=MetAP; AltName: Full=Peptidase M [Escherichia coli K-12]	51.822	247	2.05e-89	268	NA	NA	NA
marR	sp|P0A2T4.1|	P0A2T4	RecName: Full=Multiple antibiotic resistance protein MarR [Salmonella enterica subsp. enterica serovar Typhimurium str. LT2]	41.176	119	7.91e-19	80.9	NA	NA	NA
mazG	sp|P0AEY3.1|	P0AEY3	RecName: Full=Nucleoside triphosphate pyrophosphohydrolase; Short=NTP-PPase [Escherichia coli K-12]	50.181	277	1.01e-72	226	NA	NA	NA
mbtH	sp|P59965.1|	P59965	RecName: Full=Protein MbtH [Mycobacterium tuberculosis variant bovis AF2122/97]	46.97	66	9.1e-18	72.8	NA	NA	NA
mcbC	sp|P23185.1|	P23185	RecName: Full=Microcin B17-processing protein McbC [Escherichia coli]	35.857	251	8.74e-43	150	NA	NA	NA
mcbD	sp|P23186.1|	P23186	RecName: Full=Microcin B17-processing protein McbD [Escherichia coli]	33.249	394	8.559999999999999e-60	202	NA	NA	NA
mcbR	sp|O05494.1|	O05494	RecName: Full=Uncharacterized HTH-type transcriptional regulator YdhC [Bacillus subtilis subsp. subtilis str. 168]	38.028	71	6.01e-7	52	NA	NA	NA
mcpA	sp|Q88KP1.1|	Q88KP1	RecName: Full=Methyl-accepting chemotaxis protein McpA [Pseudomonas putida KT2440]	78.185	628	0	882	NA	NA	NA
mcpP_1	sp|Q88IY8.1|	Q88IY8	RecName: Full=Methyl-accepting chemotaxis protein McpP [Pseudomonas putida KT2440]	71.691	544	0	657	NA	NA	NA
mcpP_2	sp|Q9I0I6.1|	Q9I0I6	RecName: Full=Methyl-accepting chemotaxis protein CtpM [Pseudomonas aeruginosa PAO1]	69.832	537	0	634	NA	NA	NA
mcpQ_1	sp|Q88D09.1|	Q88D09	RecName: Full=Methyl-accepting chemotaxis protein McpQ [Pseudomonas putida KT2440]	49.61	641	9.33e-113	354	NA	NA	NA
mcpQ_2	sp|Q88D09.1|	Q88D09	RecName: Full=Methyl-accepting chemotaxis protein McpQ [Pseudomonas putida KT2440]	66.144	638	0	608	NA	NA	NA
mcpS	sp|Q88E10.1|	Q88E10	RecName: Full=Methyl-accepting chemotaxis protein McpS [Pseudomonas putida KT2440]	70.469	640	0	637	NA	NA	NA
mcpU_1	sp|Q9I0I4.1|	Q9I0I4	RecName: Full=Methyl-accepting chemotaxis protein TlpQ; AltName: Full=TlpQ chemoreceptor [Pseudomonas aeruginosa PAO1]	55.289	709	0	572	NA	NA	NA
mcpU_2	sp|Q9I0I4.1|	Q9I0I4	RecName: Full=Methyl-accepting chemotaxis protein TlpQ; AltName: Full=TlpQ chemoreceptor [Pseudomonas aeruginosa PAO1]	68.768	714	0	812	NA	NA	NA
mdaB	sp|P0AEY5.1|	P0AEY5	RecName: Full=NADPH:quinone oxidoreductase MdaB; AltName: Full=Modulator of drug activity B [Escherichia coli K-12]	61.458	192	9.359999999999998e-87	256	NA	NA	NA
mdcC	sp|C3K3I7.1|	C3K3I7	RecName: Full=Malonate decarboxylase acyl carrier protein; AltName: Full=Malonate decarboxylase subunit delta [Pseudomonas [fluorescens] SBW25]	95.96	99	3.63e-65	194	NA	NA	NA
mdcG	sp|Q3K5C0.1|	Q3K5C0	RecName: Full=Phosphoribosyl-dephospho-CoA transferase; AltName: Full=Malonate decarboxylase holo-[acyl-carrier-protein] synthase; Short=Holo-ACP synthase [Pseudomonas fluorescens Pf0-1]	63.402	194	3.8099999999999995e-67	207	NA	NA	NA
mdeA	sp|A0A0J6G7P5.1|	A0A0J6G7P5	RecName: Full=L-methionine gamma-lyase; Short=MGL [Pseudomonas deceptionensis]	79.494	395	0	642	NA	NA	NA
mdoD	sp|C3KDR8.1|	C3KDR8	RecName: Full=Glucans biosynthesis protein D; Flags: Precursor [Pseudomonas [fluorescens] SBW25]	98.152	541	0	1067	NA	NA	NA
mdoG	sp|B1J2R3.1|	B1J2R3	RecName: Full=Glucans biosynthesis protein G; Flags: Precursor [Pseudomonas putida W619]	70.266	602	0	856	NA	NA	NA
mdrP_1	sp|P31126.2|	P31126	RecName: Full=Uncharacterized MFS-type transporter YdeE [Escherichia coli K-12]	35.15	367	4.2299999999999995e-56	192	NA	NA	NA
mdrP_2	sp|P31126.2|	P31126	RecName: Full=Uncharacterized MFS-type transporter YdeE [Escherichia coli K-12]	32.07	343	3.2799999999999996e-47	168	NA	NA	NA
mdrP_3	sp|P31126.2|	P31126	RecName: Full=Uncharacterized MFS-type transporter YdeE [Escherichia coli K-12]	35.311	354	6.910000000000001e-58	197	NA	NA	NA
mdtA_1	sp|B1JSD5.1|	B1JSD5	RecName: Full=Multidrug resistance protein MdtA; AltName: Full=Multidrug transporter MdtA; Flags: Precursor [Yersinia pseudotuberculosis YPIII]	50.459	327	3.3799999999999993e-96	296	NA	NA	NA
mdtA_3	sp|Q57500.2|	Q57500	RecName: Full=Uncharacterized protein HI_0894 [Haemophilus influenzae Rd KW20]	31.792	346	5.04e-39	146	NA	NA	NA
mdtA_6	sp|D2BTK6.1|	D2BTK6	RecName: Full=Multidrug resistance protein MdtA; AltName: Full=Multidrug transporter MdtA; Flags: Precursor [Dickeya parazeae Ech586]	50.513	390	1.4799999999999997e-119	358	NA	NA	NA
mdtA_8	sp|B7MWY7.1|	B7MWY7	RecName: Full=Multidrug resistance protein MdtA; AltName: Full=Multidrug transporter MdtA; Flags: Precursor [Escherichia coli ED1a]	38.576	337	1.67e-69	227	NA	NA	NA
mdtB_1	sp|D0JNB0.2|	D0JNB0	RecName: Full=Multidrug resistance protein MdtB; AltName: Full=Multidrug transporter MdtB [Yersinia pestis D182038]	58.783	1019	0	1011	NA	NA	NA
mdtB_2	sp|D0JNB0.2|	D0JNB0	RecName: Full=Multidrug resistance protein MdtB; AltName: Full=Multidrug transporter MdtB [Yersinia pestis D182038]	66.21	1021	0	1222	NA	NA	NA
mdtB_3	sp|D0JNB0.2|	D0JNB0	RecName: Full=Multidrug resistance protein MdtB; AltName: Full=Multidrug transporter MdtB [Yersinia pestis D182038]	49.409	1016	0	850	NA	NA	NA
mdtC_1	sp|Q6D2B1.1|	Q6D2B1	RecName: Full=Multidrug resistance protein MdtB; AltName: Full=Multidrug transporter MdtB [Pectobacterium atrosepticum SCRI1043]	48.734	987	0	854	NA	NA	NA
mdtC_2	sp|B1JSD3.1|	B1JSD3	RecName: Full=Multidrug resistance protein MdtC; AltName: Full=Multidrug transporter MdtC [Yersinia pseudotuberculosis YPIII]	56.078	1020	0	1006	NA	NA	NA
mdtC_3~~~mdtC_4~~~mdtC_1	sp|B1JSD3.1|	B1JSD3	RecName: Full=Multidrug resistance protein MdtC; AltName: Full=Multidrug transporter MdtC [Yersinia pseudotuberculosis YPIII]	54.623	1049	0	999	NA	NA	NA
mdtD_1	sp|P9WG90.1|	P9WG90	RecName: Full=Multidrug resistance protein Stp; AltName: Full=Spectinomycin tetracycline efflux pump [Mycobacterium tuberculosis CDC1551]	32.692	416	2.73e-39	153	NA	NA	NA
mdtD_2	sp|P44927.1|	P44927	RecName: Full=Multidrug export protein EmrB [Haemophilus influenzae Rd KW20]	34.459	148	2.31e-14	78.2	NA	NA	NA
mdtD_3	sp|Q180E3.1|	Q180E3	RecName: Full=Riboflavin transporter RibZ [Clostridioides difficile 630]	31.892	185	3.25e-7	55.8	NA	NA	NA
mdtK	sp|Q88BA2.1|	Q88BA2	RecName: Full=Probable multidrug resistance protein NorM; AltName: Full=Multidrug-efflux transporter [Pseudomonas syringae pv. tomato str. DC3000]	70.133	452	0	580	NA	NA	NA
mdtL	sp|Q1RI77.1|	Q1RI77	RecName: Full=Uncharacterized transporter RBE_0856 [Rickettsia bellii RML369-C]	30.942	223	1.14e-20	95.9	NA	NA	NA
melD_1	sp|O58968.1|	O58968	RecName: Full=Probable ABC transporter permease protein PH1215 [Pyrococcus horikoshii OT3]	37.815	238	3.87e-39	142	NA	NA	NA
menB	sp|Q5SKU3.1|	Q5SKU3	RecName: Full=Putative enoyl-CoA hydratase; AltName: Full=TtECH [Thermus thermophilus HB8]	32.245	245	1.14e-37	136	NA	NA	NA
menE	sp|Q7TYX8.2|	Q7TYX8	RecName: Full=Long-chain-fatty-acid--CoA ligase FadD15; Short=FACL; AltName: Full=Acyl-CoA synthetase [Mycobacterium tuberculosis variant bovis AF2122/97]	30.709	254	9.27e-28	120	NA	NA	NA
menH_2	sp|Q7MPY0.2|	Q7MPY0	RecName: Full=Pimeloyl-[acyl-carrier protein] methyl ester esterase; AltName: Full=Biotin synthesis protein BioH; AltName: Full=Carboxylesterase BioH [Vibrio vulnificus YJ016]	30	110	3.08e-8	57	NA	NA	NA
menH_3	sp|P9WLC7.1|	P9WLC7	RecName: Full=Uncharacterized protein Rv2307c [Mycobacterium tuberculosis H37Rv]	41.315	213	2.3400000000000002e-29	116	NA	NA	NA
menH_4	sp|A2BGU9.1|	A2BGU9	RecName: Full=Serine hydrolase-like protein [Danio rerio]	32.632	285	1.13e-42	151	NA	NA	NA
menI	sp|Q97YR6.1|	Q97YR6	RecName: Full=Putative esterase SSO1253 [Saccharolobus solfataricus P2]	31.746	126	8.56e-14	66.6	NA	NA	NA
mepA	sp|O34474.2|	O34474	RecName: Full=Multidrug resistance transport protein YoeA; AltName: Full=Plipastatin efflux protein; AltName: Full=Plipastatin transporter; AltName: Full=Transport efflux protein YoeA [Bacillus subtilis subsp. subtilis str. 168]	40.749	454	1.32e-95	298	NA	NA	NA
merR1_1	sp|P45277.1|	P45277	RecName: Full=HTH-type transcriptional regulator ZntR homolog [Haemophilus influenzae Rd KW20]	54.737	95	7.880000000000001e-33	115	NA	NA	NA
merR1_2	sp|P58379.1|	P58379	RecName: Full=Heavy metal-dependent transcription regulator 2 [Sinorhizobium meliloti 1021]	34.167	120	7.18e-13	64.3	NA	NA	NA
metC	sp|Q83A83.1|	Q83A83	RecName: Full=Cystathionine beta-lyase; Short=CBL; AltName: Full=Beta-cystathionase; AltName: Full=Cysteine lyase; AltName: Full=Cysteine-S-conjugate beta-lyase [Coxiella burnetii RSA 493]	65.312	369	0	528	NA	NA	NA
metE	sp|Q4KE22.1|	Q4KE22	RecName: Full=5-methyltetrahydropteroyltriglutamate--homocysteine methyltransferase; AltName: Full=Cobalamin-independent methionine synthase; AltName: Full=Methionine synthase, vitamin-B12 independent isozyme [Pseudomonas protegens Pf-5]	90.146	751	0	1359	NA	NA	NA
metF	sp|O67422.1|	O67422	RecName: Full=5,10-methylenetetrahydrofolate reductase [Aquifex aeolicus VF5]	43.066	274	4.5400000000000005e-80	246	NA	NA	NA
metG	sp|C3KBZ7.1|	C3KBZ7	RecName: Full=Methionine--tRNA ligase; AltName: Full=Methionyl-tRNA synthetase; Short=MetRS [Pseudomonas [fluorescens] SBW25]	98.389	683	0	1402	NA	NA	NA
metH	sp|Q9I2Q2.1|	Q9I2Q2	RecName: Full=Methionine synthase; AltName: Full=5-methyltetrahydrofolate--homocysteine methyltransferase; AltName: Full=Methionine synthase, vitamin-B12 dependent; Short=MS [Pseudomonas aeruginosa PAO1]	85.922	1236	0	2180	NA	NA	NA
metI	sp|Q9KTJ6.1|	Q9KTJ6	RecName: Full=Probable D-methionine transport system permease protein MetI [Vibrio cholerae O1 biovar El Tor str. N16961]	55.45	211	4.53e-35	127	NA	NA	NA
metK	sp|C3K3F5.1|	C3K3F5	RecName: Full=S-adenosylmethionine synthase; Short=AdoMet synthase; AltName: Full=MAT; AltName: Full=Methionine adenosyltransferase [Pseudomonas [fluorescens] SBW25]	98.485	396	0	806	NA	NA	NA
metN_1	sp|Q4KBU0.1|	Q4KBU0	RecName: Full=Methionine import ATP-binding protein MetN 3 [Pseudomonas protegens Pf-5]	74.583	240	3.9899999999999994e-101	300	NA	NA	NA
metN_2	sp|Q3KJS6.1|	Q3KJS6	RecName: Full=Methionine import ATP-binding protein MetN 2 [Pseudomonas fluorescens Pf0-1]	85.829	374	0	611	NA	NA	NA
metN_3	sp|Q3KK97.1|	Q3KK97	RecName: Full=Methionine import ATP-binding protein MetN 1 [Pseudomonas fluorescens Pf0-1]	94.925	335	0	645	NA	NA	NA
metP_1	sp|Q9KTJ6.1|	Q9KTJ6	RecName: Full=Probable D-methionine transport system permease protein MetI [Vibrio cholerae O1 biovar El Tor str. N16961]	52.995	217	4.44e-50	165	NA	NA	NA
metP_2	sp|Q9KTJ6.1|	Q9KTJ6	RecName: Full=Probable D-methionine transport system permease protein MetI [Vibrio cholerae O1 biovar El Tor str. N16961]	56.8	125	1.67e-20	89	NA	NA	NA
metP_3	sp|Q8X800.1|	Q8X800	RecName: Full=D-methionine transport system permease protein MetI [Escherichia coli O157:H7]	52.571	175	6.36e-37	131	NA	NA	NA
metQ_1	sp|Q9CK95.1|	Q9CK95	RecName: Full=Probable D-methionine-binding lipoprotein MetQ; AltName: Full=Outer membrane lipoprotein 1; Flags: Precursor [Pasteurella multocida subsp. multocida str. Pm70]	36.522	230	1.47e-44	154	NA	NA	NA
metQ_2	sp|Q9CK95.1|	Q9CK95	RecName: Full=Probable D-methionine-binding lipoprotein MetQ; AltName: Full=Outer membrane lipoprotein 1; Flags: Precursor [Pasteurella multocida subsp. multocida str. Pm70]	41.423	239	1.94e-57	187	NA	NA	NA
metQ_3	sp|Q9CK95.1|	Q9CK95	RecName: Full=Probable D-methionine-binding lipoprotein MetQ; AltName: Full=Outer membrane lipoprotein 1; Flags: Precursor [Pasteurella multocida subsp. multocida str. Pm70]	44.538	238	8.28e-65	206	NA	NA	NA
metQ_4	sp|Q9CK95.1|	Q9CK95	RecName: Full=Probable D-methionine-binding lipoprotein MetQ; AltName: Full=Outer membrane lipoprotein 1; Flags: Precursor [Pasteurella multocida subsp. multocida str. Pm70]	48.536	239	5.930000000000001e-70	219	NA	NA	NA
metR_1	sp|P0DUU5.1|	P0DUU5	RecName: Full=HTH-type transcriptional regulator AceR [Acinetobacter baumannii ATCC 17978]	30.796	289	2.93e-27	110	NA	NA	NA
metR_2	sp|P45349.1|	P45349	RecName: Full=HTH-type transcriptional regulator MetR [Haemophilus influenzae Rd KW20]	46.382	304	8.069999999999999e-88	268	NA	NA	NA
metXS	sp|C3K3L0.1|	C3K3L0	RecName: Full=Homoserine O-succinyltransferase; Short=HST; AltName: Full=Homoserine transsuccinylase; Short=HTS [Pseudomonas [fluorescens] SBW25]	97.889	379	0	775	NA	NA	NA
metZ_1	sp|Q07703.3|	Q07703	RecName: Full=Cystathionine beta-lyase; Short=CBL; AltName: Full=Beta-cystathionase; AltName: Full=Cysteine lyase; AltName: Full=Cysteine-S-conjugate beta-lyase; AltName: Full=Osteotoxin [Bordetella avium]	46.341	369	5.939999999999999e-101	323	NA	NA	NA
metZ_2	sp|P55218.1|	P55218	RecName: Full=O-succinylhomoserine sulfhydrylase; Short=OSH sulfhydrylase; Short=OSHS sulfhydrylase [Pseudomonas aeruginosa PAO1]	81.886	403	0	656	NA	NA	NA
mexA	sp|P52477.1|	P52477	RecName: Full=Multidrug resistance protein MexA; Flags: Precursor [Pseudomonas aeruginosa PAO1]	44.944	356	1.64e-92	285	NA	NA	NA
mexA_2	sp|P52477.1|	P52477	RecName: Full=Multidrug resistance protein MexA; Flags: Precursor [Pseudomonas aeruginosa PAO1]	44.715	369	2.4099999999999997e-88	275	NA	NA	NA
mexB	sp|O52248.2|	O52248	RecName: Full=Toluene efflux pump membrane transporter TtgB [Pseudomonas putida DOT-T1E]	54.788	1013	0	996	NA	NA	NA
mexB_2	sp|P52002.2|	P52002	RecName: Full=Multidrug resistance protein MexB; AltName: Full=Multidrug-efflux transporter MexB [Pseudomonas aeruginosa PAO1]	49.033	1034	0	964	NA	NA	NA
mfd	sp|P30958.2|	P30958	RecName: Full=Transcription-repair-coupling factor; Short=TRCF [Escherichia coli K-12]	56.833	1105	0	1218	NA	NA	NA
mglA~~~rbsA_1	sp|Q398W2.1|	Q398W2	RecName: Full=Ribose import ATP-binding protein RbsA 2 [Burkholderia lata]	63.817	503	0	634	NA	NA	NA
mgtA_1	sp|Q8NT41.1|	Q8NT41	RecName: Full=GDP-mannose-dependent alpha-mannosyltransferase; AltName: Full=Guanosine diphosphomannose-dependent alpha-mannosyltransferase [Corynebacterium glutamicum ATCC 13032]	32.546	381	5.309999999999999e-43	158	NA	NA	NA
mgtA_2	sp|P0ABB8.1|	P0ABB8	RecName: Full=Magnesium-transporting ATPase, P-type 1; AltName: Full=Mg(2+) transport ATPase, P-type 1 [Escherichia coli K-12]	63.898	903	0	1143	NA	NA	NA
mgtB	sp|P22036.3|	P22036	RecName: Full=Magnesium-transporting ATPase, P-type 1; AltName: Full=Mg(2+) transport ATPase, P-type 1 [Salmonella enterica subsp. enterica serovar Typhimurium str. LT2]	68.907	878	0	1199	NA	NA	NA
mgtC	sp|Q2YIG0.1|	Q2YIG0	RecName: Full=Protein MgtC [Brucella abortus 2308]	43.721	215	1.36e-40	142	NA	NA	NA
mhqP	sp|P96694.1|	P96694	RecName: Full=Putative oxidoreductase MhqP [Bacillus subtilis subsp. subtilis str. 168]	43.137	102	3.62e-16	73.2	NA	NA	NA
miaA	sp|C3KDW2.1|	C3KDW2	RecName: Full=tRNA dimethylallyltransferase; AltName: Full=Dimethylallyl diphosphate:tRNA dimethylallyltransferase; Short=DMAPP:tRNA dimethylallyltransferase; Short=DMATase; AltName: Full=Isopentenyl-diphosphate:tRNA isopentenyltransferase; Short=IPP transferase; Short=IPPT; Short=IPTase [Pseudomonas [fluorescens] SBW25]	97.214	323	0	537	NA	NA	NA
miaB	sp|Q4K5I3.1|	Q4K5I3	RecName: Full=tRNA-2-methylthio-N(6)-dimethylallyladenosine synthase; AltName: Full=(Dimethylallyl)adenosine tRNA methylthiotransferase MiaB; AltName: Full=tRNA-i(6)A37 methylthiotransferase [Pseudomonas protegens Pf-5]	97.059	442	0	898	NA	NA	NA
minC	sp|C3K0D3.1|	C3K0D3	RecName: Full=Probable septum site-determining protein MinC [Pseudomonas [fluorescens] SBW25]	95.918	245	4.169999999999999e-133	378	NA	NA	NA
minD	sp|P0AEZ3.2|	P0AEZ3	RecName: Full=Septum site-determining protein MinD; AltName: Full=Cell division inhibitor MinD [Escherichia coli K-12]	72.8	250	5.789999999999999e-133	379	NA	NA	NA
minE	sp|C3K0D5.1|	C3K0D5	RecName: Full=Cell division topological specificity factor [Pseudomonas [fluorescens] SBW25]	100	84	6.15e-58	175	NA	NA	NA
mip	sp|P30417.2|	P30417	RecName: Full=Probable FKBP-type 25 kDa peptidyl-prolyl cis-trans isomerase; Short=PPIase; AltName: Full=Rotamase [Pseudomonas aeruginosa PAO1]	54.688	192	1.03e-60	192	NA	NA	NA
mkl	sp|P30769.2|	P30769	RecName: Full=Probable ribonucleotide transport ATP-binding protein mkl [Mycobacterium leprae TN]	38.306	248	1.91e-36	135	NA	NA	NA
mlaA	sp|P76506.1|	P76506	RecName: Full=Intermembrane phospholipid transport system lipoprotein MlaA; Flags: Precursor [Escherichia coli K-12]	35.135	222	1.46e-29	114	NA	NA	NA
mlaD	sp|P64604.1|	P64604	RecName: Full=Intermembrane phospholipid transport system binding protein MlaD [Escherichia coli K-12]	48	125	8.81e-34	120	NA	NA	NA
mlaE	sp|P64606.1|	P64606	RecName: Full=Intermembrane phospholipid transport system permease protein MlaE [Escherichia coli K-12]	59.846	259	1.65e-103	304	NA	NA	NA
mlaF	sp|P45031.1|	P45031	RecName: Full=Intermembrane phospholipid transport system ATP-binding protein MlaF [Haemophilus influenzae Rd KW20]	58.015	262	4.64e-105	308	NA	NA	NA
mltA	sp|P0A935.1|	P0A935	RecName: Full=Membrane-bound lytic murein transglycosylase A; AltName: Full=Mlt38; AltName: Full=Murein hydrolase A; Flags: Precursor [Escherichia coli K-12]	32.404	287	9.13e-31	124	NA	NA	NA
mltB	sp|P41052.1|	P41052	RecName: Full=Membrane-bound lytic murein transglycosylase B; AltName: Full=35 kDa soluble lytic transglycosylase; AltName: Full=Murein hydrolase B; AltName: Full=Slt35; Flags: Precursor [Escherichia coli K-12]	47.284	313	1.75e-77	244	NA	NA	NA
mltD	sp|P0AEZ7.1|	P0AEZ7	RecName: Full=Membrane-bound lytic murein transglycosylase D; AltName: Full=Murein hydrolase D; AltName: Full=Regulatory protein DniR; Flags: Precursor [Escherichia coli K-12]	40.481	457	1.47e-103	319	NA	NA	NA
mltF_1	sp|Q9I310.1|	Q9I310	RecName: Full=Bifunctional diguanylate cyclase/cyclic di-GMP phosphodiesterase MucR; Short=DGC/PDE; AltName: Full=c-di-GMP-synthesizing enzyme [Pseudomonas aeruginosa PAO1]	45.475	453	3.959999999999999e-119	389	NA	NA	NA
mltF_2	sp|O32198.1|	O32198	RecName: Full=Sensor histidine kinase LiaS [Bacillus subtilis subsp. subtilis str. 168]	30.043	233	6.3e-20	95.5	NA	NA	NA
mltF_4	sp|Q4KHS7.2|	Q4KHS7	RecName: Full=Membrane-bound lytic murein transglycosylase F; AltName: Full=Murein lyase F; Flags: Precursor [Pseudomonas protegens Pf-5]	89.44	464	0	869	NA	NA	NA
mltG	sp|P44720.1|	P44720	RecName: Full=Endolytic murein transglycosylase; AltName: Full=Peptidoglycan lytic transglycosylase; AltName: Full=Peptidoglycan polymerization terminase [Haemophilus influenzae Rd KW20]	36.278	317	1.3499999999999999e-68	223	NA	NA	NA
mmgC_1	sp|P45857.3|	P45857	RecName: Full=Acyl-CoA dehydrogenase [Bacillus subtilis subsp. subtilis str. 168]	38.587	368	3.93e-75	240	NA	NA	NA
mmgC_2	sp|Q75IM9.2|	Q75IM9	RecName: Full=Isovaleryl-CoA dehydrogenase, mitochondrial; Short=IVD; Flags: Precursor [Oryza sativa Japonica Group]	65.957	376	0	524	NA	NA	NA
mmgC_3	sp|P45857.3|	P45857	RecName: Full=Acyl-CoA dehydrogenase [Bacillus subtilis subsp. subtilis str. 168]	47.733	375	1.56e-113	338	NA	NA	NA
mmgC_4	sp|P45857.3|	P45857	RecName: Full=Acyl-CoA dehydrogenase [Bacillus subtilis subsp. subtilis str. 168]	52.957	372	7.499999999999999e-112	334	NA	NA	NA
mmgC_5	sp|P15650.1|	P15650	RecName: Full=Long-chain specific acyl-CoA dehydrogenase, mitochondrial; Short=LCAD; AltName: Full=Medium-chain acyl-CoA dehydrogenase, mitochondrial; Flags: Precursor [Rattus norvegicus]	55.703	377	8.249999999999999e-153	440	NA	NA	NA
mmgC_6	sp|Q54R47.1|	Q54R47	RecName: Full=Glutaryl-CoA dehydrogenase, mitochondrial; Short=GCD; Flags: Precursor [Dictyostelium discoideum]	67.183	387	2.65e-173	493	NA	NA	NA
mmsA_1	sp|Q0WM29.2|	Q0WM29	RecName: Full=Methylmalonate-semialdehyde dehydrogenase [acylating], mitochondrial; Short=MM-ALDH; Short=MMSDH; Short=Malonate-semialdehyde dehydrogenase [acylating]; AltName: Full=Aldehyde dehydrogenase family 6 member B2; Flags: Precursor [Arabidopsis thaliana]	61.506	478	0	592	NA	NA	NA
mmsB_1	sp|Q54CX6.1|	Q54CX6	RecName: Full=Probable 3-hydroxyisobutyrate dehydrogenase, mitochondrial; Short=HIBADH; Flags: Precursor [Dictyostelium discoideum]	53.608	291	3.79e-99	296	NA	NA	NA
mneA	sp|A0A0H3AJF5.1|	A0A0H3AJF5	RecName: Full=Putative manganese exporter; AltName: Full=Manganese exporter A [Vibrio cholerae O395]	54.891	184	2.05e-50	166	NA	NA	NA
mngR	sp|Q9K492.1|	Q9K492	RecName: Full=HTH-type transcriptional repressor DasR [Streptomyces coelicolor A3(2)]	31.739	230	8.88e-17	80.1	NA	NA	NA
mnhC1	sp|Q52980.1|	Q52980	RecName: Full=Probable K(+)/H(+) antiporter subunit C; AltName: Full=pH adaptation potassium efflux system protein C; Short=Pha system subunit C [Sinorhizobium meliloti 1021]	68.142	113	1.3099999999999999e-48	154	NA	NA	NA
mnmA	sp|C3JY68.1|	C3JY68	RecName: Full=tRNA-specific 2-thiouridylase MnmA [Pseudomonas [fluorescens] SBW25]	97.326	374	0	697	NA	NA	NA
mnmC_2	sp|Q4K8K9.1|	Q4K8K9	RecName: Full=tRNA 5-methylaminomethyl-2-thiouridine biosynthesis bifunctional protein MnmC; Short=tRNA mnm(5)s(2)U biosynthesis bifunctional protein; Includes: RecName: Full=tRNA (mnm(5)s(2)U34)-methyltransferase; Includes: RecName: Full=FAD-dependent cmnm(5)s(2)U34 oxidoreductase [Pseudomonas protegens Pf-5]	80.945	656	0	974	NA	NA	NA
mnmE	sp|Q3K429.1|	Q3K429	RecName: Full=tRNA modification GTPase MnmE [Pseudomonas fluorescens Pf0-1]	94.298	456	0	760	NA	NA	NA
mnmG	sp|Q4K399.1|	Q4K399	RecName: Full=tRNA uridine 5-carboxymethylaminomethyl modification enzyme MnmG; AltName: Full=Glucose-inhibited division protein A [Pseudomonas protegens Pf-5]	96.032	630	0	1248	NA	NA	NA
mntC	sp|P42361.1|	P42361	RecName: Full=Manganese import system permease protein ScaB; AltName: Full=ORF2 [Streptococcus gordonii]	30.37	270	1.21e-25	105	NA	NA	NA
mntH	sp|Q9RPF3.2|	Q9RPF3	RecName: Full=Divalent metal cation transporter MntH 1 [Pseudomonas aeruginosa PAO1]	71.167	437	0	551	NA	NA	NA
mntP	sp|Q48FX8.1|	Q48FX8	RecName: Full=Manganese exporter MntP [Pseudomonas savastanoi pv. phaseolicola 1448A]	78.723	188	1.25e-84	250	NA	NA	NA
moaA	sp|Q4L8D2.1|	Q4L8D2	RecName: Full=GTP 3',8-cyclase; AltName: Full=Molybdenum cofactor biosynthesis protein A [Staphylococcus haemolyticus JCSC1435]	38.516	283	6.159999999999999e-52	177	NA	NA	NA
moaA_2	sp|Q46CH7.1|	Q46CH7	RecName: Full=AdoMet-dependent heme synthase [Methanosarcina barkeri str. Fusaro]	31.792	173	1.96e-12	70.5	NA	NA	NA
moaB	sp|P0AEZ9.2|	P0AEZ9	RecName: Full=Molybdenum cofactor biosynthesis protein B [Escherichia coli K-12]	56.442	163	1.31e-63	196	NA	NA	NA
moaC	sp|C3KEA5.1|	C3KEA5	RecName: Full=Cyclic pyranopterin monophosphate synthase; AltName: Full=Molybdenum cofactor biosynthesis protein C [Pseudomonas [fluorescens] SBW25]	96.178	157	7.47e-108	306	NA	NA	NA
moaD	sp|P30748.2|	P30748	RecName: Full=Molybdopterin synthase sulfur carrier subunit; AltName: Full=MPT synthase subunit 1; AltName: Full=Molybdenum cofactor biosynthesis protein D; AltName: Full=Molybdopterin-converting factor small subunit; AltName: Full=Molybdopterin-converting factor subunit 1; AltName: Full=Sulfur carrier protein MoaD [Escherichia coli K-12]	52.5	80	6.97e-20	78.6	NA	NA	NA
moaE	sp|Q9HX97.1|	Q9HX97	RecName: Full=Molybdopterin synthase catalytic subunit; AltName: Full=MPT synthase subunit 2; AltName: Full=Molybdenum cofactor biosynthesis protein E; AltName: Full=Molybdopterin-converting factor large subunit; AltName: Full=Molybdopterin-converting factor subunit 2 [Pseudomonas aeruginosa PAO1]	83.221	149	2.88e-90	261	NA	NA	NA
moaF	sp|P54796.1|	P54796	RecName: Full=Protein MoaF; Flags: Precursor [Klebsiella aerogenes]	47.232	271	9.63e-76	234	NA	NA	NA
mobA_1	sp|C3K7L4.1|	C3K7L4	RecName: Full=Molybdenum cofactor guanylyltransferase; Short=MoCo guanylyltransferase; AltName: Full=GTP:molybdopterin guanylyltransferase; AltName: Full=Mo-MPT guanylyltransferase; AltName: Full=Molybdopterin guanylyltransferase; AltName: Full=Molybdopterin-guanine dinucleotide synthase; Short=MGD synthase [Pseudomonas [fluorescens] SBW25]	84.5	200	4e-108	311	NA	NA	NA
modA	sp|Q9I2N2.1|	Q9I2N2	RecName: Full=Tungstate/molybdate/chromate-binding protein ModA; Flags: Precursor [Pseudomonas aeruginosa PAO1]	79.909	219	6.12e-127	363	NA	NA	NA
modB	sp|P37731.1|	P37731	RecName: Full=Molybdenum transport system permease protein ModB [Azotobacter vinelandii]	79.646	226	3.93e-121	346	NA	NA	NA
modE	sp|P58497.1|	P58497	RecName: Full=Transcriptional regulator ModE [Yersinia pestis]	39.453	256	1.7099999999999998e-34	127	NA	NA	NA
moeA	sp|P12281.1|	P12281	RecName: Full=Molybdopterin molybdenumtransferase; Short=MPT Mo-transferase [Escherichia coli K-12]	43.299	388	6.039999999999999e-82	260	NA	NA	NA
moeB	sp|P12282.1|	P12282	RecName: Full=Molybdopterin-synthase adenylyltransferase; AltName: Full=MoaD protein adenylase; AltName: Full=Molybdopterin-converting factor subunit 1 adenylase; AltName: Full=Sulfur carrier protein MoaD adenylyltransferase [Escherichia coli K-12]	54.472	246	2.65e-59	191	NA	NA	NA
moeZ	sp|P9WMN6.1|	P9WMN6	RecName: Full=Probable adenylyltransferase/sulfurtransferase MoeZ; Includes: RecName: Full=Sulfur carrier protein CysO adenylyltransferase; Includes: RecName: Full=Sulfur carrier protein CysO sulfurtransferase [Mycobacterium tuberculosis CDC1551]	44.086	372	1.6e-76	244	NA	NA	NA
motA	sp|P55891.1|	P55891	RecName: Full=Motility protein A; AltName: Full=Chemotaxis protein MotA [Salmonella enterica subsp. enterica serovar Typhimurium str. LT2]	43.662	284	1.27e-75	235	NA	NA	NA
motB_1	sp|P39064.1|	P39064	RecName: Full=Uncharacterized protein YtxE [Bacillus subtilis subsp. subtilis str. 168]	30.876	217	1.92e-26	107	NA	NA	NA
motB_2	sp|P0AF06.1|	P0AF06	RecName: Full=Motility protein B; AltName: Full=Chemotaxis protein MotB [Escherichia coli K-12]	37.5	328	9.719999999999999e-45	158	NA	NA	NA
moxC	sp|O34974.1|	O34974	RecName: Full=N-acetyl-S-alkylcysteine sulfoxide monooxygenase; AltName: Full=N-acetyl-S-alkylcysteine sulfoxide lyase [Bacillus subtilis subsp. subtilis str. 168]	55.059	425	7.229999999999999e-167	479	NA	NA	NA
mpl	sp|P37773.3|	P37773	RecName: Full=UDP-N-acetylmuramate--L-alanyl-gamma-D-glutamyl-meso-2,6-diaminoheptandioate ligase; AltName: Full=Murein peptide ligase; AltName: Full=UDP-N-acetylmuramate:L-alanyl-gamma-D-glutamyl-meso-diaminopimelate ligase [Escherichia coli K-12]	59.465	449	0	547	NA	NA	NA
mqo_1	sp|Q88NF9.1|	Q88NF9	RecName: Full=Probable malate:quinone oxidoreductase 2; AltName: Full=MQO 2; AltName: Full=Malate dehydrogenase [quinone] 2 [Pseudomonas putida KT2440]	84.6	500	0	888	NA	NA	NA
mqo_2	sp|Q887Z4.1|	Q887Z4	RecName: Full=Probable malate:quinone oxidoreductase; AltName: Full=MQO; AltName: Full=Malate dehydrogenase [quinone] [Pseudomonas syringae pv. tomato str. DC3000]	86.454	502	0	846	NA	NA	NA
mqsR	sp|Q46865.1|	Q46865	RecName: Full=mRNA interferase toxin MqsR; AltName: Full=Endoribonuclease MqsR; AltName: Full=Motility quorum-sensing regulator MqsR; AltName: Full=Toxin MqsR [Escherichia coli K-12]	39.394	99	5.11e-13	62.8	NA	NA	NA
mraY	sp|C3KCS7.1|	C3KCS7	RecName: Full=Phospho-N-acetylmuramoyl-pentapeptide-transferase; AltName: Full=UDP-MurNAc-pentapeptide phosphotransferase [Pseudomonas [fluorescens] SBW25]	98.889	360	0	637	NA	NA	NA
mraZ	sp|Q4K6I4.1|	Q4K6I4	RecName: Full=Transcriptional regulator MraZ [Pseudomonas protegens Pf-5]	98.013	151	7.79e-83	243	NA	NA	NA
mrcA	sp|Q07806.2|	Q07806	RecName: Full=Penicillin-binding protein 1A; Short=PBP-1a; Short=PBP1a; Includes: RecName: Full=Penicillin-insensitive transglycosylase; AltName: Full=Peptidoglycan TGase; Includes: RecName: Full=Penicillin-sensitive transpeptidase; AltName: Full=DD-transpeptidase [Pseudomonas aeruginosa PAO1]	72.871	822	0	1216	NA	NA	NA
mrcB	sp|Q9KUC0.1|	Q9KUC0	RecName: Full=Penicillin-binding protein 1B; Short=PBP-1b; Short=PBP1b; AltName: Full=Murein polymerase; Includes: RecName: Full=Penicillin-insensitive transglycosylase; AltName: Full=Peptidoglycan TGase; AltName: Full=Peptidoglycan glycosyltransferase; Includes: RecName: Full=Penicillin-sensitive transpeptidase; AltName: Full=DD-transpeptidase [Vibrio cholerae O1 biovar El Tor str. N16961]	44.429	700	0	558	NA	NA	NA
mrdA_1	sp|D0C8Z9.1|	D0C8Z9	RecName: Full=Peptidoglycan D,D-transpeptidase MrdA; AltName: Full=Class B penicillin-binding protein 2; Short=bPBP2; AltName: Full=Penicillin-binding protein 2; Short=PBP-2; Short=PBP2 [Acinetobacter baumannii ATCC 19606 = CIP 70.34 = JCM 6841]	46.895	612	0	552	NA	NA	NA
mrdA_2	sp|D0C8Z9.1|	D0C8Z9	RecName: Full=Peptidoglycan D,D-transpeptidase MrdA; AltName: Full=Class B penicillin-binding protein 2; Short=bPBP2; AltName: Full=Penicillin-binding protein 2; Short=PBP-2; Short=PBP2 [Acinetobacter baumannii ATCC 19606 = CIP 70.34 = JCM 6841]	44.463	614	2.68e-178	524	NA	NA	NA
mrdB	sp|P0ABG7.1|	P0ABG7	RecName: Full=Peptidoglycan glycosyltransferase MrdB; Short=PGT; AltName: Full=Cell elongation protein RodA; AltName: Full=Cell wall polymerase; AltName: Full=Peptidoglycan polymerase; Short=PG polymerase; AltName: Full=Rod shape-determining protein; AltName: Full=Shape, elongation, division and sporulation glycosyltransferase RodA; Short=SEDS GT RodA [Escherichia coli K-12]	53.134	367	1.8999999999999998e-98	300	NA	NA	NA
mreB	sp|P0A9X4.1|	P0A9X4	RecName: Full=Cell shape-determining protein MreB; AltName: Full=Actin-like MreB protein; AltName: Full=Rod shape-determining protein MreB [Escherichia coli K-12]	80.692	347	0	564	NA	NA	NA
mreC	sp|P44475.1|	P44475	RecName: Full=Cell shape-determining protein MreC; AltName: Full=Cell shape protein MreC; AltName: Full=Rod shape-determining protein MreC [Haemophilus influenzae Rd KW20]	42.857	245	4.519999999999999e-55	187	NA	NA	NA
mreD	sp|P0ABH4.1|	P0ABH4	RecName: Full=Rod shape-determining protein MreD [Escherichia coli K-12]	34.646	127	9.46e-9	54.7	NA	NA	NA
mrkD	sp|P62605.1|	P62605	RecName: Full=Type-1 fimbrial protein, C chain; AltName: Full=Type-1C pilin; Flags: Precursor [Escherichia coli]	31.844	179	1.82e-6	51.2	NA	NA	NA
mro	sp|P05149.1|	P05149	RecName: Full=Aldose 1-epimerase; AltName: Full=Galactose mutarotase; AltName: Full=Type-1 mutarotase; Flags: Precursor [Acinetobacter calcoaceticus]	45.479	376	2.86e-107	323	NA	NA	NA
mrpA	sp|P13421.1|	P13421	RecName: Full=Fimbria A protein; Flags: Precursor [Serratia marcescens]	46.541	159	1.02e-31	115	NA	NA	NA
mrpD	sp|Q52981.2|	Q52981	RecName: Full=Probable K(+)/H(+) antiporter subunit D; AltName: Full=pH adaptation potassium efflux system protein D; Short=Pha system subunit D [Sinorhizobium meliloti 1021]	50.282	531	4.78e-98	311	NA	NA	NA
mrr	sp|P24202.1|	P24202	RecName: Full=Type IV methyl-directed restriction enzyme EcoKMrr; Short=EcoKMrr; AltName: Full=Mrr restriction system protein [Escherichia coli K-12]	36.452	310	3.7e-50	171	NA	NA	NA
msbA_1	sp|Q9FNU2.1|	Q9FNU2	RecName: Full=ABC transporter B family member 25; Short=ABC transporter ABCB.25; Short=OsABCB25; AltName: Full=Protein ALS1 homolog; AltName: Full=Protein ALUMINUM SENSITIVE 1; Short=OsALS1 [Oryza sativa Japonica Group]	40.381	525	8.87e-111	348	NA	NA	NA
msbA_2	sp|Q3KJ31.1|	Q3KJ31	RecName: Full=ATP-dependent lipid A-core flippase; AltName: Full=Lipid A export ATP-binding/permease protein MsbA [Pseudomonas fluorescens Pf0-1]	90.756	595	0	1045	NA	NA	NA
mscK	sp|P77338.1|	P77338	RecName: Full=Mechanosensitive channel MscK; AltName: Full=Potassium efflux system KefA; Flags: Precursor [Escherichia coli K-12]	40.877	1118	0	617	NA	NA	NA
mscL	sp|Q3K6I0.2|	Q3K6I0	RecName: Full=Large-conductance mechanosensitive channel [Pseudomonas fluorescens Pf0-1]	89.781	137	1.66e-75	223	NA	NA	NA
mscS	sp|O52401.1|	O52401	RecName: Full=Small-conductance mechanosensitive channel [Edwardsiella ictaluri 93-146]	38.182	275	7.87e-46	158	NA	NA	NA
mscS_1	sp|Q8R6L9.1|	Q8R6L9	RecName: Full=Small-conductance mechanosensitive channel [Caldanaerobacter subterraneus subsp. tengcongensis MB4]	32.645	242	3.17e-26	112	NA	NA	NA
mshA_1	sp|J7I4B7.1|	J7I4B7	RecName: Full=O-antigen chain terminator bifunctional methyltransferase/kinase WbdD; Includes: RecName: Full=3-O-phospho-polymannosyl GlcNAc-diphospho-ditrans,octacis-undecaprenol 3-phospho-methyltransferase; Includes: RecName: Full=Polymannosyl GlcNAc-diphospho-ditrans,octacis-undecaprenol kinase [Escherichia coli]	42.678	478	2.11e-120	401	NA	NA	NA
mshA_2	sp|Q47594.1|	Q47594	RecName: Full=O-antigen chain mannosyltransferase B; AltName: Full=Mannosyl-N-acetyl-alpha-D-glucosaminyl-diphospho-ditrans,octacis-undecaprenol 3-alpha-mannosyltransferase [Escherichia coli]	36.292	383	6.7700000000000005e-77	246	NA	NA	NA
mshD~~~mshD_1	sp|O32075.1|	O32075	RecName: Full=Uncharacterized N-acetyltransferase YuaI [Bacillus subtilis subsp. subtilis str. 168]	34.706	170	9.32e-20	84.3	NA	NA	NA
msrA_1	sp|O69761.1|	O69761	RecName: Full=Peptide methionine sulfoxide reductase MsrA; Short=Protein-methionine-S-oxide reductase; AltName: Full=Peptide-methionine (S)-S-oxide reductase; Short=Peptide Met(O) reductase [Pseudomonas fluorescens]	94.969	159	6.359999999999999e-112	319	NA	NA	NA
msrA_2	sp|Q4ZM24.1|	Q4ZM24	RecName: Full=Peptide methionine sulfoxide reductase MsrA; Short=Protein-methionine-S-oxide reductase; AltName: Full=Peptide-methionine (S)-S-oxide reductase; Short=Peptide Met(O) reductase [Pseudomonas syringae pv. syringae B728a]	82.243	214	1.8699999999999998e-134	379	NA	NA	NA
msrA_3~~~msrA_1	sp|Q98DV6.1|	Q98DV6	RecName: Full=Peptide methionine sulfoxide reductase MsrA 2; Short=Protein-methionine-S-oxide reductase 2; AltName: Full=Peptide-methionine (S)-S-oxide reductase 2; Short=Peptide Met(O) reductase 2 [Mesorhizobium japonicum MAFF 303099]	70.681	191	5.82e-86	256	NA	NA	NA
msrB_1	sp|C3K735.1|	C3K735	RecName: Full=Peptide methionine sulfoxide reductase MsrB; AltName: Full=Peptide-methionine (R)-S-oxide reductase [Pseudomonas [fluorescens] SBW25]	96.923	130	6.47e-94	269	NA	NA	NA
msrB_1~~~msrB_2	sp|Q8UGX7.1|	Q8UGX7	RecName: Full=Peptide methionine sulfoxide reductase MsrB; AltName: Full=Peptide-methionine (R)-S-oxide reductase [Agrobacterium fabrum str. C58]	53.6	125	1.0599999999999999e-45	149	NA	NA	NA
msrC	sp|P76270.2|	P76270	RecName: Full=Free methionine-R-sulfoxide reductase; Short=fRMsr [Escherichia coli K-12]	56.835	139	1.15e-53	170	NA	NA	NA
msrP	sp|Q888N2.1|	Q888N2	RecName: Full=Protein-methionine-sulfoxide reductase catalytic subunit MsrP; Flags: Precursor [Pseudomonas syringae pv. tomato str. DC3000]	88.724	337	0	601	NA	NA	NA
msrQ	sp|C3K222.1|	C3K222	RecName: Full=Protein-methionine-sulfoxide reductase heme-binding subunit MsrQ; AltName: Full=Flavocytochrome MsrQ [Pseudomonas [fluorescens] SBW25]	94.175	206	1.89e-115	330	NA	NA	NA
msuD_1	sp|Q9I1C2.1|	Q9I1C2	RecName: Full=Methanesulfonate monooxygenase; AltName: Full=FMNH2-dependent methanesulfonate monooxygenase; AltName: Full=Methanesulfonate sulfonatase [Pseudomonas aeruginosa PAO1]	40	325	2.5899999999999996e-68	222	NA	NA	NA
msuD_2	sp|Q87ZG3.1|	Q87ZG3	RecName: Full=Alkanesulfonate monooxygenase; AltName: Full=FMNH2-dependent aliphatic sulfonate monooxygenase [Pseudomonas syringae pv. tomato str. DC3000]	93.668	379	0	734	NA	NA	NA
mtaD	sp|C5BSJ0.1|	C5BSJ0	RecName: Full=5-methylthioadenosine/S-adenosylhomocysteine deaminase; Short=MTA/SAH deaminase [Teredinibacter turnerae T7901]	52.174	414	7.25e-142	416	NA	NA	NA
mtfA	sp|B2VFG2.1|	B2VFG2	RecName: Full=Mlc titration factor A; AltName: Full=Probable zinc metallopeptidase MtfA [Erwinia tasmaniensis Et1/99]	41.525	236	1.7099999999999998e-46	159	NA	NA	NA
mtgA	sp|C3K3M0.1|	C3K3M0	RecName: Full=Biosynthetic peptidoglycan transglycosylase; AltName: Full=Glycan polymerase; AltName: Full=Peptidoglycan glycosyltransferase MtgA; Short=PGT [Pseudomonas [fluorescens] SBW25]	94.583	240	3.7499999999999997e-157	438	NA	NA	NA
mtnA	sp|Q3K8T8.1|	Q3K8T8	RecName: Full=Methylthioribose-1-phosphate isomerase; Short=M1Pi; Short=MTR-1-P isomerase; AltName: Full=S-methyl-5-thioribose-1-phosphate isomerase [Pseudomonas fluorescens Pf0-1]	79.888	358	0	525	NA	NA	NA
mtnB	sp|Q9HYH5.1|	Q9HYH5	RecName: Full=Putative aldolase class 2 protein PA3430 [Pseudomonas aeruginosa PAO1]	50.794	252	1.6100000000000002e-64	205	NA	NA	NA
mtnD	sp|Q3KFI8.2|	Q3KFI8	RecName: Full=Acireductone dioxygenase; AltName: Full=1,2-dihydroxy-3-keto-5-methylthiopentene dioxygenase; Short=DHK-MTPene dioxygenase; AltName: Full=Acireductone dioxygenase (Fe(2+)-requiring); Short=ARD'; Short=Fe-ARD; AltName: Full=Acireductone dioxygenase (Ni(2+)-requiring); Short=ARD; Short=Ni-ARD [Pseudomonas fluorescens Pf0-1]	61.326	181	3.91e-81	241	NA	NA	NA
mtnX	sp|C4KZ51.1|	C4KZ51	RecName: Full=2-hydroxy-3-keto-5-methylthiopentenyl-1-phosphate phosphatase; Short=HK-MTPenyl-1-P phosphatase [Exiguobacterium sp. AT1b]	30	210	2.26e-23	96.7	NA	NA	NA
mtrA_1	sp|P45008.1|	P45008	RecName: Full=Uncharacterized HTH-type transcriptional regulator HI_1052 [Haemophilus influenzae Rd KW20]	36.913	298	2.12e-65	210	NA	NA	NA
mtrA_2	sp|Q03320.1|	Q03320	RecName: Full=Putative AraC-like transcription regulator [Streptomyces antibioticus]	30.418	263	1.75e-24	103	NA	NA	NA
mucA	sp|P38107.1|	P38107	RecName: Full=Sigma factor AlgU negative regulatory protein [Pseudomonas aeruginosa PAO1]	68.878	196	8.48e-64	198	NA	NA	NA
mucB	sp|P38108.1|	P38108	RecName: Full=Sigma factor AlgU regulatory protein MucB; Flags: Precursor [Pseudomonas aeruginosa PAO1]	60.265	302	1.6099999999999998e-125	364	NA	NA	NA
mug	sp|A6TE50.1|	A6TE50	RecName: Full=G/U mismatch-specific DNA glycosylase; AltName: Full=Double-strand-specific uracil glycosylase; AltName: Full=Mismatch-specific uracil DNA-glycosylase; Short=MUG [Klebsiella pneumoniae subsp. pneumoniae MGH 78578]	48.81	168	7.87e-50	161	NA	NA	NA
mupP_1	sp|Q88M11.1|	Q88M11	RecName: Full=N-acetylmuramic acid 6-phosphate phosphatase; Short=MurNAc 6-phosphate phosphatase; Short=MurNAc-6P phosphatase [Pseudomonas putida KT2440]	83.857	223	2.46e-127	361	NA	NA	NA
mupP_2	sp|Q8RYE9.1|	Q8RYE9	RecName: Full=Haloacid dehalogenase-like hydrolase domain-containing protein At2g33255 [Arabidopsis thaliana]	32.768	177	1.27e-12	67.4	NA	NA	NA
murA	sp|C3K8X4.1|	C3K8X4	RecName: Full=UDP-N-acetylglucosamine 1-carboxyvinyltransferase; AltName: Full=Enoylpyruvate transferase; AltName: Full=UDP-N-acetylglucosamine enolpyruvyl transferase; Short=EPT [Pseudomonas [fluorescens] SBW25]	99.05	421	0	804	NA	NA	NA
murB	sp|Q3K8J6.1|	Q3K8J6	RecName: Full=UDP-N-acetylenolpyruvoylglucosamine reductase; AltName: Full=UDP-N-acetylmuramate dehydrogenase [Pseudomonas fluorescens Pf0-1]	80.236	339	0	520	NA	NA	NA
murC	sp|C3KCT1.1|	C3KCT1	RecName: Full=UDP-N-acetylmuramate--L-alanine ligase; AltName: Full=UDP-N-acetylmuramoyl-L-alanine synthetase [Pseudomonas [fluorescens] SBW25]	98.753	481	0	944	NA	NA	NA
murD	sp|Q3K742.1|	Q3K742	RecName: Full=UDP-N-acetylmuramoylalanine--D-glutamate ligase; AltName: Full=D-glutamic acid-adding enzyme; AltName: Full=UDP-N-acetylmuramoyl-L-alanyl-D-glutamate synthetase [Pseudomonas fluorescens Pf0-1]	88.839	448	0	682	NA	NA	NA
murE	sp|Q87WY0.1|	Q87WY0	RecName: Full=UDP-N-acetylmuramoyl-L-alanyl-D-glutamate--2,6-diaminopimelate ligase; AltName: Full=Meso-A2pm-adding enzyme; AltName: Full=Meso-diaminopimelate-adding enzyme; AltName: Full=UDP-MurNAc-L-Ala-D-Glu:meso-diaminopimelate ligase; AltName: Full=UDP-MurNAc-tripeptide synthetase; AltName: Full=UDP-N-acetylmuramyl-tripeptide synthetase [Pseudomonas syringae pv. tomato str. DC3000]	84.025	482	0	697	NA	NA	NA
murF	sp|P11880.2|	P11880	RecName: Full=UDP-N-acetylmuramoyl-tripeptide--D-alanyl-D-alanine ligase; AltName: Full=D-alanyl-D-alanine-adding enzyme; AltName: Full=UDP-MurNAc-pentapeptide synthetase [Escherichia coli K-12]	46.667	450	5.329999999999999e-96	299	NA	NA	NA
murG	sp|C3KCT0.1|	C3KCT0	RecName: Full=UDP-N-acetylglucosamine--N-acetylmuramyl-(pentapeptide) pyrophosphoryl-undecaprenol N-acetylglucosamine transferase; AltName: Full=Undecaprenyl-PP-MurNAc-pentapeptide-UDPGlcNAc GlcNAc transferase [Pseudomonas [fluorescens] SBW25]	95.506	356	0	630	NA	NA	NA
murI	sp|A5VYG8.1|	A5VYG8	RecName: Full=Glutamate racemase [Pseudomonas putida F1]	76.538	260	7.26e-142	401	NA	NA	NA
murJ_2	sp|P37169.1|	P37169	RecName: Full=Probable lipid II flippase MurJ [Salmonella enterica subsp. enterica serovar Typhimurium str. LT2]	72.549	510	0	709	NA	NA	NA
murU	sp|Q88QT2.1|	Q88QT2	RecName: Full=N-acetylmuramate alpha-1-phosphate uridylyltransferase; Short=MurNAc-1P uridylyltransferase; Short=MurNAc-alpha-1P uridylyltransferase [Pseudomonas putida KT2440]	72.398	221	7.76e-108	312	NA	NA	NA
mutL	sp|C3KDW1.1|	C3KDW1	RecName: Full=DNA mismatch repair protein MutL [Pseudomonas [fluorescens] SBW25]	98.894	633	0	1235	NA	NA	NA
mutM	sp|C3K3N6.1|	C3K3N6	RecName: Full=Formamidopyrimidine-DNA glycosylase; Short=Fapy-DNA glycosylase; AltName: Full=DNA-(apurinic or apyrimidinic site) lyase MutM; Short=AP lyase MutM [Pseudomonas [fluorescens] SBW25]	96.283	269	1.7199999999999996e-180	499	NA	NA	NA
mutS	sp|C3KCT2.1|	C3KCT2	RecName: Full=DNA mismatch repair protein MutS [Pseudomonas [fluorescens] SBW25]	98.146	863	0	1634	NA	NA	NA
mutY	sp|P17802.1|	P17802	RecName: Full=Adenine DNA glycosylase; AltName: Full=A/G-specific adenine glycosylase [Escherichia coli K-12]	53.779	344	1.3299999999999998e-121	357	NA	NA	NA
mxiA	sp|P69955.1|	P69955	RecName: Full=Low calcium response locus protein D [Yersinia pestis]	42.12	698	2.9999999999999995e-126	394	NA	NA	NA
nadA	sp|Q3K7X0.1|	Q3K7X0	RecName: Full=Quinolinate synthase [Pseudomonas fluorescens Pf0-1]	93.182	352	0	689	NA	NA	NA
nadB	sp|Q51363.1|	Q51363	RecName: Full=L-aspartate oxidase; Short=LASPO; AltName: Full=Quinolinate synthase B [Pseudomonas aeruginosa PAO1]	87.151	537	0	952	NA	NA	NA
nadC	sp|P30819.2|	P30819	RecName: Full=Nicotinate-nucleotide pyrophosphorylase [carboxylating]; AltName: Full=Quinolinate phosphoribosyltransferase [decarboxylating]; Short=QAPRTase [Pseudomonas aeruginosa PAO1]	77.305	282	2.4499999999999996e-159	447	NA	NA	NA
nadD	sp|Q4K5G0.1|	Q4K5G0	RecName: Full=Probable nicotinate-nucleotide adenylyltransferase; AltName: Full=Deamido-NAD(+) diphosphorylase; AltName: Full=Deamido-NAD(+) pyrophosphorylase; AltName: Full=Nicotinate mononucleotide adenylyltransferase; Short=NaMN adenylyltransferase [Pseudomonas protegens Pf-5]	89.252	214	2.3e-127	360	NA	NA	NA
nadE_1	sp|Q3KIW5.1|	Q3KIW5	RecName: Full=NH(3)-dependent NAD(+) synthetase [Pseudomonas fluorescens Pf0-1]	88.727	275	9.389999999999998e-180	498	NA	NA	NA
nadE_3	sp|Q9UYV8.1|	Q9UYV8	RecName: Full=Nitrilase; AltName: Full=PaNit [Pyrococcus abyssi GE5]	34.191	272	1.25e-37	138	NA	NA	NA
nadK	sp|C3K9T0.1|	C3K9T0	RecName: Full=NAD kinase; AltName: Full=ATP-dependent NAD kinase [Pseudomonas [fluorescens] SBW25]	99.298	285	0	545	NA	NA	NA
nadX	sp|Q2T559.1|	Q2T559	RecName: Full=L-aspartate dehydrogenase [Burkholderia thailandensis E264]	51.807	249	6.29e-64	204	NA	NA	NA
nagAa	sp|Q45692.1|	Q45692	RecName: Full=2,4-dinitrotoluene dioxygenase system ferredoxin--NAD(+), reductase component; AltName: Full=Ferredoxin--NAD(+) reductase (2,4-dinitrotoluene dioxygenase ferredoxin-specific) [Burkholderia sp. RASC]	30.739	257	2.1e-24	104	NA	NA	NA
nagL	sp|P57109.1|	P57109	RecName: Full=Maleylacetoacetate isomerase; Short=MAAI [Pseudomonas aeruginosa PAO1]	75.117	213	3.87e-105	304	NA	NA	NA
nagR_1	sp|O34817.1|	O34817	RecName: Full=HTH-type transcriptional repressor NagR; AltName: Full=N-acetylglucosamine utilization regulator [Bacillus subtilis subsp. subtilis str. 168]	33.613	238	1.24e-36	132	NA	NA	NA
nagR_2	sp|P22773.1|	P22773	RecName: Full=Histidine utilization repressor [Pseudomonas putida]	83.936	249	1.93e-154	432	NA	NA	NA
nagZ	sp|B7UYS5.1|	B7UYS5	RecName: Full=Beta-hexosaminidase; AltName: Full=Beta-N-acetylhexosaminidase; AltName: Full=N-acetyl-beta-glucosaminidase [Pseudomonas aeruginosa LESB58]	83.735	332	0	556	NA	NA	NA
nagZ_1	sp|B4SRK3.1|	B4SRK3	RecName: Full=Beta-hexosaminidase; AltName: Full=Beta-N-acetylhexosaminidase; AltName: Full=N-acetyl-beta-glucosaminidase [Stenotrophomonas maltophilia R551-3]	39.011	182	1.3500000000000001e-27	113	NA	NA	NA
nagZ_2	sp|Q5QUZ5.1|	Q5QUZ5	RecName: Full=Beta-hexosaminidase; AltName: Full=Beta-N-acetylhexosaminidase; AltName: Full=N-acetyl-beta-glucosaminidase [Idiomarina loihiensis L2TR]	31.418	261	9.520000000000001e-27	111	NA	NA	NA
naiP	sp|Q6FFF7.1|	Q6FFF7	RecName: Full=Niacin transporter NiaP [Acinetobacter baylyi ADP1]	37.587	431	9.75e-86	272	NA	NA	NA
namA	sp|B8G5D6.1|	B8G5D6	RecName: Full=NADPH dehydrogenase; AltName: Full=CaOYE [Chloroflexus aggregans DSM 9485]	55.682	352	7.06e-127	371	NA	NA	NA
nanR_1	sp|P44487.1|	P44487	RecName: Full=Uxu operon regulator [Haemophilus influenzae Rd KW20]	30.348	201	2.45e-14	73.9	NA	NA	NA
nanR_2	sp|P44487.1|	P44487	RecName: Full=Uxu operon regulator [Haemophilus influenzae Rd KW20]	30.144	209	6.4e-11	63.5	NA	NA	NA
nanR_3	sp|P42239.2|	P42239	RecName: Full=Uncharacterized HTH-type transcriptional regulator YcbG [Bacillus subtilis subsp. subtilis str. 168]	30.921	152	3.6e-11	64.3	NA	NA	NA
nanT_1~~~naiP_1	sp|Q6FFF7.1|	Q6FFF7	RecName: Full=Niacin transporter NiaP [Acinetobacter baylyi ADP1]	30.162	431	4.82e-54	189	NA	NA	NA
nanT_2	sp|P40862.2|	P40862	RecName: Full=Proline/betaine transporter; AltName: Full=Proline porter II; Short=PPII [Salmonella enterica subsp. enterica serovar Typhimurium str. LT2]	37.987	308	1.2699999999999999e-43	165	NA	NA	NA
nasA_1	sp|Q06457.2|	Q06457	RecName: Full=Nitrate reductase [Klebsiella oxytoca]	40.156	899	0	599	NA	NA	NA
nasA_2	sp|P42432.2|	P42432	RecName: Full=Nitrate transporter [Bacillus subtilis subsp. subtilis str. 168]	46.115	399	6.839999999999999e-89	277	NA	NA	NA
nasD	sp|P42435.1|	P42435	RecName: Full=Nitrite reductase [NAD(P)H] [Bacillus subtilis subsp. subtilis str. 168]	53.54	805	0	861	NA	NA	NA
ndh	sp|P00393.2|	P00393	RecName: Full=Type II NADH:quinone oxidoreductase; AltName: Full=Cupric reductase; AltName: Full=NADH dehydrogenase-2; Short=NADH dh II; Short=NDH-2; AltName: Full=NADH-quinone reductase; Short=NQR; AltName: Full=NADH:ubiquinone oxidoreductase; AltName: Full=Respiratory NADH dehydrogenase [Escherichia coli K-12]	55.581	430	6.6e-147	427	NA	NA	NA
ndhB	sp|Q52978.2|	Q52978	RecName: Full=Probable K(+)/H(+) antiporter subunit A/B; AltName: Full=pH adaptation potassium efflux system protein A/B; Short=Pha system subunit A/B [Sinorhizobium meliloti 1021]	59.813	963	0	951	NA	NA	NA
ndhC	sp|Q3KA63.1|	Q3KA63	RecName: Full=NADH-quinone oxidoreductase subunit A; AltName: Full=NADH dehydrogenase I subunit A; AltName: Full=NDH-1 subunit A; AltName: Full=NUO1 [Pseudomonas fluorescens Pf0-1]	99.27	137	3.46e-93	268	NA	NA	NA
ndk	sp|C3K1L8.1|	C3K1L8	RecName: Full=Nucleoside diphosphate kinase; Short=NDK; Short=NDP kinase; AltName: Full=Nucleoside-2-P kinase [Pseudomonas [fluorescens] SBW25]	100	141	5.69e-98	280	NA	NA	NA
ndvB	sp|P20471.2|	P20471	RecName: Full=Cyclic beta-(1,2)-glucan synthase NdvB [Sinorhizobium meliloti 1021]	36.414	2867	0	1686	NA	NA	NA
nemA_2	sp|C5H429.2|	C5H429	RecName: Full=Artemisinic aldehyde Delta(11(13)) reductase [Artemisia annua]	34.699	366	3.309999999999999e-55	189	NA	NA	NA
nemA_2~~~nemA_3~~~nemA_1	sp|P77258.1|	P77258	RecName: Full=N-ethylmaleimide reductase; Short=NEM reductase; AltName: Full=N-ethylmaleimide reducing enzyme [Escherichia coli K-12]	47.658	363	8.999999999999998e-101	305	NA	NA	NA
nemA_3	sp|P77258.1|	P77258	RecName: Full=N-ethylmaleimide reductase; Short=NEM reductase; AltName: Full=N-ethylmaleimide reducing enzyme [Escherichia coli K-12]	47.17	371	2.36e-108	325	NA	NA	NA
nemA_4	sp|Q84QK0.1|	Q84QK0	RecName: Full=12-oxophytodienoate reductase 1; AltName: Full=12-oxophytodienoate-10,11-reductase 1; Short=OPDA-reductase 1; Short=OsOPR1 [Oryza sativa Japonica Group]	49.459	370	6.439999999999999e-106	319	NA	NA	NA
nemR_1	sp|P67430.1|	P67430	RecName: Full=HTH-type transcriptional repressor NemR; AltName: Full=Bleach-sensing transcription factor; AltName: Full=Redox-regulated transcription factor NemR [Escherichia coli K-12]	41.919	198	3.2799999999999995e-48	159	NA	NA	NA
nepI_2	sp|A9MWE8.1|	A9MWE8	RecName: Full=Purine ribonucleoside efflux pump NepI [Salmonella enterica subsp. enterica serovar Paratyphi B str. SPB7]	34.181	354	1.23e-53	186	NA	NA	NA
nepI_2~~~nepI_1	sp|Q3YWE6.2|	Q3YWE6	RecName: Full=Purine ribonucleoside efflux pump NepI [Shigella sonnei Ss046]	30.241	291	1.54e-29	121	NA	NA	NA
nepI_3	sp|Q01602.1|	Q01602	RecName: Full=Transcription regulatory protein OpdE [Pseudomonas aeruginosa PAO1]	62.125	367	1.62e-138	404	NA	NA	NA
nfdA	sp|Q68AP4.1|	Q68AP4	RecName: Full=N-substituted formamide deformylase; Flags: Precursor [Arthrobacter pascens]	30.87	230	2.84e-20	98.2	NA	NA	NA
nfuA	sp|C3K9S0.1|	C3K9S0	RecName: Full=Fe/S biogenesis protein NfuA [Pseudomonas [fluorescens] SBW25]	98.969	194	7.54e-142	395	NA	NA	NA
ngcG	sp|O58967.1|	O58967	RecName: Full=Probable ABC transporter permease protein PH1216 [Pyrococcus horikoshii OT3]	38.618	246	5.4999999999999993e-42	148	NA	NA	NA
nhaA	sp|Q3KGX9.1|	Q3KGX9	RecName: Full=Na(+)/H(+) antiporter NhaA; AltName: Full=Sodium/proton antiporter NhaA [Pseudomonas fluorescens Pf0-1]	86.667	390	0	623	NA	NA	NA
nhaK_1	sp|A7Z8R4.1|	A7Z8R4	RecName: Full=Sodium, potassium, lithium and rubidium/H(+) antiporter [Bacillus velezensis FZB42]	37.423	163	3.99e-22	98.6	NA	NA	NA
nhaK_2~~~nhaK	sp|P32703.1|	P32703	RecName: Full=Uncharacterized Na(+)/H(+) exchanger YjcE [Escherichia coli K-12]	45.389	553	3.2399999999999994e-89	288	NA	NA	NA
nhaP	sp|G3XD29.1|	G3XD29	RecName: Full=Na(+)/H(+) antiporter NhaP; AltName: Full=Sodium/proton antiporter NhaP [Pseudomonas aeruginosa PAO1]	73.113	424	0	538	NA	NA	NA
nhaP2	sp|C3KBV7.1|	C3KBV7	RecName: Full=K(+)/H(+) antiporter NhaP2; AltName: Full=Potassium/proton antiporter NhaP2 [Pseudomonas [fluorescens] SBW25]	97.586	580	0	1012	NA	NA	NA
nhaR	sp|P52692.1|	P52692	RecName: Full=Transcriptional activator protein NhaR; AltName: Full=Na(+)/H(+) antiporter regulatory protein [Vibrio cholerae O1 biovar El Tor str. N16961]	37.838	296	2.9199999999999997e-67	214	NA	NA	NA
nhoA	sp|Q00267.1|	Q00267	RecName: Full=Arylamine N-acetyltransferase / N-hydroxyarylamine O-acetyltransferase; AltName: Full=Arylhydroxamate N,O-acetyltransferase; AltName: Full=NAT101 [Salmonella enterica subsp. enterica serovar Typhimurium str. LT2]	37.387	222	4.62e-42	148	NA	NA	NA
nicA	sp|Q88FX9.1|	Q88FX9	RecName: Full=Nicotinate dehydrogenase subunit A; AltName: Full=Nicotinate degradation protein A; AltName: Full=Nicotinate dehydrogenase small subunit [Pseudomonas putida KT2440]	81.208	149	4.15e-78	232	NA	NA	NA
nicB	sp|Q88FX8.1|	Q88FX8	RecName: Full=Nicotinate dehydrogenase subunit B; AltName: Full=Nicotinate degradation protein B; AltName: Full=Nicotinate dehydrogenase large subunit [Pseudomonas putida KT2440]	74.809	1179	0	1657	NA	NA	NA
nicC	sp|Q88FY2.1|	Q88FY2	RecName: Full=6-hydroxynicotinate 3-monooxygenase; Short=6-HNA monooxygenase; AltName: Full=Nicotinate degradation protein C; Flags: Precursor [Pseudomonas putida KT2440]	78.796	382	0	596	NA	NA	NA
nicD	sp|Q88FY3.1|	Q88FY3	RecName: Full=N-formylmaleamate deformylase; AltName: Full=Nicotinate degradation protein D [Pseudomonas putida KT2440]	76.426	263	1.09e-142	404	NA	NA	NA
nicF	sp|Q88FY5.1|	Q88FY5	RecName: Full=Maleamate amidohydrolase; AltName: Full=Nicotinate degradation protein F [Pseudomonas putida KT2440]	78.537	205	5.4799999999999996e-120	342	NA	NA	NA
nicP_1	sp|Q88FY7.1|	Q88FY7	RecName: Full=Porin-like protein NicP; AltName: Full=Nicotinate degradation protein P; Flags: Precursor [Pseudomonas putida KT2440]	36.977	430	1.89e-76	248	NA	NA	NA
nicP_2	sp|Q88FY7.1|	Q88FY7	RecName: Full=Porin-like protein NicP; AltName: Full=Nicotinate degradation protein P; Flags: Precursor [Pseudomonas putida KT2440]	41.206	398	3.95e-94	293	NA	NA	NA
nicP_3	sp|Q88JX6.1|	Q88JX6	RecName: Full=Porin-like protein GalP; AltName: Full=Gallate degradation protein P; Flags: Precursor [Pseudomonas putida KT2440]	67.83	401	0	558	NA	NA	NA
nicP_4	sp|Q88JX6.1|	Q88JX6	RecName: Full=Porin-like protein GalP; AltName: Full=Gallate degradation protein P; Flags: Precursor [Pseudomonas putida KT2440]	67.263	391	0	516	NA	NA	NA
nicP_5	sp|Q88JX6.1|	Q88JX6	RecName: Full=Porin-like protein GalP; AltName: Full=Gallate degradation protein P; Flags: Precursor [Pseudomonas putida KT2440]	33.333	453	3.47e-54	189	NA	NA	NA
nicP_6	sp|Q88FY7.1|	Q88FY7	RecName: Full=Porin-like protein NicP; AltName: Full=Nicotinate degradation protein P; Flags: Precursor [Pseudomonas putida KT2440]	37.324	426	3.5e-71	234	NA	NA	NA
nicR	sp|Q88FY0.1|	Q88FY0	RecName: Full=HTH-type transcriptional repressor NicR; AltName: Full=Nicotinate degradation protein R [Pseudomonas putida KT2440]	72.059	136	2.35e-69	209	NA	NA	NA
nicS_1	sp|Q88FX7.1|	Q88FX7	RecName: Full=HTH-type transcriptional repressor NicS; AltName: Full=Nicotinate degradation protein S [Pseudomonas putida KT2440]	31.527	203	2.63e-39	137	NA	NA	NA
nicS_2	sp|Q88FX7.1|	Q88FX7	RecName: Full=HTH-type transcriptional repressor NicS; AltName: Full=Nicotinate degradation protein S [Pseudomonas putida KT2440]	69.048	210	2.47e-108	312	NA	NA	NA
nicT_1	sp|Q88FY6.1|	Q88FY6	RecName: Full=Putative metabolite transport protein NicT; AltName: Full=Nicotinate degradation protein T [Pseudomonas putida KT2440]	41.849	411	1.17e-93	292	NA	NA	NA
nicT_2	sp|Q88FY6.1|	Q88FY6	RecName: Full=Putative metabolite transport protein NicT; AltName: Full=Nicotinate degradation protein T [Pseudomonas putida KT2440]	42.431	436	1.05e-113	343	NA	NA	NA
nicT_3	sp|Q88FY6.1|	Q88FY6	RecName: Full=Putative metabolite transport protein NicT; AltName: Full=Nicotinate degradation protein T [Pseudomonas putida KT2440]	44.725	436	6.61e-110	333	NA	NA	NA
nicT_4	sp|Q88FY6.1|	Q88FY6	RecName: Full=Putative metabolite transport protein NicT; AltName: Full=Nicotinate degradation protein T [Pseudomonas putida KT2440]	82.151	437	0	661	NA	NA	NA
nicX	sp|Q88FY1.1|	Q88FY1	RecName: Full=2,5-dihydroxypyridine 5,6-dioxygenase; Short=2,5-DHP dioxygenase; AltName: Full=Nicotinate degradation protein X [Pseudomonas putida KT2440]	87.429	350	0	657	NA	NA	NA
nimR_1	sp|P76241.1|	P76241	RecName: Full=HTH-type transcriptional regulator NimR; AltName: Full=Regulator of nimT [Escherichia coli K-12]	36.652	221	8.719999999999999e-35	129	NA	NA	NA
nimR_2	sp|P76241.1|	P76241	RecName: Full=HTH-type transcriptional regulator NimR; AltName: Full=Regulator of nimT [Escherichia coli K-12]	30.493	223	6.33e-26	105	NA	NA	NA
nimR_3	sp|Q8NRR3.1|	Q8NRR3	RecName: Full=HTH-type transcriptional regulator RipA; AltName: Full=AraC-type regulator RipA; AltName: Full=Repressor of iron proteins A; Short=RIPA [Corynebacterium glutamicum ATCC 13032]	43.396	106	6.27e-8	56.2	NA	NA	NA
nimR_4	sp|P76241.1|	P76241	RecName: Full=HTH-type transcriptional regulator NimR; AltName: Full=Regulator of nimT [Escherichia coli K-12]	32.143	224	8.07e-30	115	NA	NA	NA
nimR_5	sp|P76241.1|	P76241	RecName: Full=HTH-type transcriptional regulator NimR; AltName: Full=Regulator of nimT [Escherichia coli K-12]	34.685	222	9.67e-29	113	NA	NA	NA
nimR_6	sp|Q8FQS2.2|	Q8FQS2	RecName: Full=HTH-type transcriptional regulator RipA; AltName: Full=Repressor of iron proteins A; Short=RIPA [Corynebacterium efficiens YS-314]	33.333	102	2.96e-8	57	NA	NA	NA
nimR_7	sp|P76241.1|	P76241	RecName: Full=HTH-type transcriptional regulator NimR; AltName: Full=Regulator of nimT [Escherichia coli K-12]	41.221	262	8.14e-56	184	NA	NA	NA
nit1	sp|P0DP68.1|	P0DP68	RecName: Full=Deaminated glutathione amidase; Short=dGSH amidase; AltName: Full=Nitrilase homolog 1; Short=yeNit1 [Yersinia enterocolitica]	48.117	239	3.76e-77	239	NA	NA	NA
nlhH	sp|P71668.1|	P71668	RecName: Full=Esterase LipI [Mycobacterium tuberculosis H37Rv]	42.007	269	1.5399999999999999e-43	154	NA	NA	NA
nmoA	sp|Q9HWH9.1|	Q9HWH9	RecName: Full=Nitronate monooxygenase; Short=NMO; AltName: Full=Propionate 3-nitronate monooxygenase; Short=P3N monooxygenase [Pseudomonas aeruginosa PAO1]	41.547	349	7.93e-56	189	NA	NA	NA
nnr	sp|Q83CM5.1|	Q83CM5	RecName: Full=Bifunctional NAD(P)H-hydrate repair enzyme Nnr; AltName: Full=Nicotinamide nucleotide repair protein; Includes: RecName: Full=ADP-dependent (S)-NAD(P)H-hydrate dehydratase; AltName: Full=ADP-dependent NAD(P)HX dehydratase; Includes: RecName: Full=NAD(P)H-hydrate epimerase; AltName: Full=NAD(P)HX epimerase [Coxiella burnetii RSA 493]	46.403	278	2.92e-61	204	NA	NA	NA
nnr_1~~~nnr_2	sp|B5YIM0.1|	B5YIM0	RecName: Full=Bifunctional NAD(P)H-hydrate repair enzyme Nnr; AltName: Full=Nicotinamide nucleotide repair protein; Includes: RecName: Full=ADP-dependent (S)-NAD(P)H-hydrate dehydratase; AltName: Full=ADP-dependent NAD(P)HX dehydratase; Includes: RecName: Full=NAD(P)H-hydrate epimerase; AltName: Full=NAD(P)HX epimerase [Thermodesulfovibrio yellowstonii DSM 11347]	33.268	511	9.139999999999999e-54	192	NA	NA	NA
noc_1	sp|Q83AH2.2|	Q83AH2	RecName: Full=Probable chromosome-partitioning protein ParB [Coxiella burnetii RSA 493]	41.379	174	2.2300000000000003e-27	115	NA	NA	NA
noc_2	sp|C5D9Y4.1|	C5D9Y4	RecName: Full=Nucleoid occlusion protein; Short=Noc [Geobacillus sp. WCH70]	38.255	149	8.96e-20	90.9	NA	NA	NA
noc~~~noc_3	sp|Q9PHE9.1|	Q9PHE9	RecName: Full=Probable plasmid-partitioning protein ParB [Xylella fastidiosa 9a5c]	34.356	163	4.94e-17	84.3	NA	NA	NA
nodD2_1	sp|Q9EXL7.1|	Q9EXL7	RecName: Full=HTH-type transcriptional activator NagR [Ralstonia sp.]	32.441	299	4.41e-41	147	NA	NA	NA
nodD2_2	sp|Q9EXL7.1|	Q9EXL7	RecName: Full=HTH-type transcriptional activator NagR [Ralstonia sp.]	30.519	308	1.48e-28	114	NA	NA	NA
nodD2_3	sp|P10183.2|	P10183	RecName: Full=HTH-type transcriptional activator NahR [Pseudomonas putida]	31.834	289	7.079999999999999e-41	147	NA	NA	NA
nodD2_4	sp|Q9EXL7.1|	Q9EXL7	RecName: Full=HTH-type transcriptional activator NagR [Ralstonia sp.]	31.973	294	6.63e-36	134	NA	NA	NA
nolT	sp|P55714.1|	P55714	RecName: Full=Nodulation protein NolT; Flags: Precursor [Sinorhizobium fredii NGR234]	40.659	182	2.4899999999999996e-37	135	NA	NA	NA
norG_1	sp|P39389.1|	P39389	RecName: Full=Uncharacterized HTH-type transcriptional regulator YjiR [Escherichia coli K-12]	56.93	469	0	561	NA	NA	NA
norG_2	sp|P39389.1|	P39389	RecName: Full=Uncharacterized HTH-type transcriptional regulator YjiR [Escherichia coli K-12]	38.696	460	7.1899999999999995e-115	349	NA	NA	NA
norG_4	sp|P39389.1|	P39389	RecName: Full=Uncharacterized HTH-type transcriptional regulator YjiR [Escherichia coli K-12]	50.968	465	3.7299999999999993e-178	511	NA	NA	NA
norG_5	sp|P77730.1|	P77730	RecName: Full=Uncharacterized HTH-type transcriptional regulator YdcR [Escherichia coli K-12]	47.65	468	5.16e-146	428	NA	NA	NA
norG_6	sp|Q72LL6.1|	Q72LL6	RecName: Full=2-aminoadipate transaminase; AltName: Full=2-aminoadipate aminotransferase; AltName: Full=Alpha-aminoadipate aminotransferase; Short=AAA-AT; Short=AadAT [Thermus thermophilus HB27]	30.375	293	3.44e-28	119	NA	NA	NA
norM	sp|Q9I3Y3.1|	Q9I3Y3	RecName: Full=Multidrug resistance protein PmpM; AltName: Full=H(+)/drug antiporter; AltName: Full=Multidrug-efflux transporter [Pseudomonas aeruginosa PAO1]	69.507	446	0	612	NA	NA	NA
norR_1	sp|G3XCV0.1|	G3XCV0	RecName: Full=Transcriptional regulator FleQ [Pseudomonas aeruginosa PAO1]	84.167	480	0	810	NA	NA	NA
norR_2	sp|B7N6T9.1|	B7N6T9	RecName: Full=Anaerobic nitric oxide reductase transcription regulator NorR [Escherichia coli UMN026]	52.4	500	4.819999999999999e-157	459	NA	NA	NA
norR_3	sp|P26047.3|	P26047	RecName: Full=Signal-transduction and transcriptional-control protein [Clostridium beijerinckii]	39.623	371	8.46e-69	234	NA	NA	NA
norR_4	sp|Q06065.2|	Q06065	RecName: Full=Regulatory protein AtoC; AltName: Full=Acetoacetate metabolism regulatory protein; AltName: Full=DNA-binding transcriptional regulator AtoC; AltName: Full=Ornithine decarboxylase antizyme [Escherichia coli K-12]	45.302	298	1.67e-79	258	NA	NA	NA
novN	sp|P74178.1|	P74178	RecName: Full=Uncharacterized protein sll1178 [Synechocystis sp. PCC 6803 substr. Kazusa]	55.717	621	0	622	NA	NA	NA
novR	sp|Q9HYH5.1|	Q9HYH5	RecName: Full=Putative aldolase class 2 protein PA3430 [Pseudomonas aeruginosa PAO1]	32.487	197	1.7799999999999998e-23	98.2	NA	NA	NA
nphR	sp|Q9Z3Q6.1|	Q9Z3Q6	RecName: Full=Transcriptional activator RhrA [Sinorhizobium meliloti 1021]	30.147	136	8.37e-12	68.6	NA	NA	NA
nrdB_1	sp|Q9Z6S4.1|	Q9Z6S4	RecName: Full=Ribonucleoside-diphosphate reductase subunit beta; AltName: Full=Ribonucleotide reductase small subunit [Chlamydia pneumoniae]	58.457	337	2.9199999999999995e-148	427	NA	NA	NA
nrdB_1~~~nrdB_2	sp|Q9Z6S4.1|	Q9Z6S4	RecName: Full=Ribonucleoside-diphosphate reductase subunit beta; AltName: Full=Ribonucleotide reductase small subunit [Chlamydia pneumoniae]	58.457	337	1.6199999999999996e-148	428	NA	NA	NA
nrdR	sp|Q889R0.1|	Q889R0	RecName: Full=Transcriptional repressor NrdR [Pseudomonas syringae pv. tomato str. DC3000]	95.513	156	1.8899999999999998e-103	295	NA	NA	NA
nreC	sp|P0AGA6.1|	P0AGA6	RecName: Full=Transcriptional regulatory protein UhpA [Escherichia coli K-12]	34.597	211	9.66e-27	104	NA	NA	NA
nrtA	sp|P73452.1|	P73452	RecName: Full=Nitrate/nitrite binding protein NrtA; Flags: Precursor [Synechocystis sp. PCC 6803 substr. Kazusa]	36.387	393	3.15e-81	259	NA	NA	NA
nrtD	sp|Q1M7R4.1|	Q1M7R4	RecName: Full=Taurine import ATP-binding protein TauB [Rhizobium johnstonii 3841]	50	242	1.52e-66	211	NA	NA	NA
nsaD	sp|Q9X9Q7.1|	Q9X9Q7	RecName: Full=2-hydroxychromene-2-carboxylate isomerase; Short=HCCA isomerase [Sphingobium xenophagum]	31.472	197	2.3400000000000003e-27	105	NA	NA	NA
nspC	sp|Q5QCP2.1|	Q5QCP2	RecName: Full=Carboxynorspermidine/carboxyspermidine decarboxylase; Short=CANS DC/CAS DC; Short=CANSDC/CASDC [Herminiimonas arsenicoxydans]	66.027	365	0	528	NA	NA	NA
ntaA	sp|P54995.1|	P54995	RecName: Full=Dibenzothiophene-sulfone monooxygenase; Short=DBTO2 monooxygenase; Short=DBTO2-MO; AltName: Full=Dibenzothiophene desulfurization enzyme A [Rhodococcus qingshengii]	48.874	444	4.02e-134	396	NA	NA	NA
nth	sp|P0AB83.1|	P0AB83	RecName: Full=Endonuclease III; AltName: Full=DNA-(apurinic or apyrimidinic site) lyase [Escherichia coli K-12]	73.558	208	1.53e-110	318	NA	NA	NA
nucA	sp|P13717.2|	P13717	RecName: Full=Nuclease; AltName: Full=Endonuclease; Contains: RecName: Full=Nuclease isoform Sm2; Contains: RecName: Full=Nuclease isoform Sm3; Contains: RecName: Full=Nuclease isoform Sm1; Flags: Precursor [Serratia marcescens]	64.017	239	1.5299999999999998e-112	328	NA	NA	NA
nucS	sp|Q8ZWG7.1|	Q8ZWG7	RecName: Full=Endonuclease NucS [Pyrobaculum aerophilum str. IM2]	42.453	106	6.56e-13	69.3	NA	NA	NA
nudC_1	sp|P93740.2|	P93740	RecName: Full=Nudix hydrolase 23, chloroplastic; Short=AtNUDT23; AltName: Full=ADP-ribose pyrophosphatase; AltName: Full=FAD diphosphatase; Flags: Precursor [Arabidopsis thaliana]	45.732	164	5.98e-48	160	NA	NA	NA
nudC_2	sp|Q3KC83.1|	Q3KC83	RecName: Full=NAD-capped RNA hydrolase NudC; Short=DeNADding enzyme NudC; AltName: Full=NADH pyrophosphatase [Pseudomonas fluorescens Pf0-1]	87.726	277	5.47e-175	486	NA	NA	NA
nudE	sp|P45799.1|	P45799	RecName: Full=ADP compounds hydrolase NudE [Escherichia coli K-12]	51.648	182	3.11e-57	181	NA	NA	NA
nudF	sp|P83842.1|	P83842	RecName: Full=ADP-ribose pyrophosphatase; AltName: Full=ADP-ribose diphosphatase; AltName: Full=ADP-ribose phosphohydrolase; Short=ASPPase; AltName: Full=Adenosine diphosphoribose pyrophosphatase; Short=ADPR-PPase [Escherichia coli CFT073]	48.187	193	9.74e-53	171	NA	NA	NA
nudJ	sp|Q31ZL0.1|	Q31ZL0	RecName: Full=Phosphatase NudJ [Shigella boydii Sb227]	38.028	142	1.94e-25	97.8	NA	NA	NA
nudK	sp|Q6D8X4.1|	Q6D8X4	RecName: Full=GDP-mannose pyrophosphatase; AltName: Full=GDP-mannose hydrolase; AltName: Full=GDPMK [Pectobacterium atrosepticum SCRI1043]	57.732	194	1.4099999999999998e-57	182	NA	NA	NA
nudL	sp|A7MKE8.1|	A7MKE8	RecName: Full=Uncharacterized Nudix hydrolase NudL [Cronobacter sakazakii ATCC BAA-894]	44.068	177	1.01e-36	129	NA	NA	NA
nuoB	sp|C3JY82.1|	C3JY82	RecName: Full=NADH-quinone oxidoreductase subunit B; AltName: Full=NADH dehydrogenase I subunit B; AltName: Full=NDH-1 subunit B [Pseudomonas [fluorescens] SBW25]	100	224	3.06e-169	467	NA	NA	NA
nuoC	sp|C3JY83.1|	C3JY83	RecName: Full=NADH-quinone oxidoreductase subunit C/D; AltName: Full=NADH dehydrogenase I subunit C/D; AltName: Full=NDH-1 subunit C/D [Pseudomonas [fluorescens] SBW25]	99.495	594	0	1233	NA	NA	NA
nuoE	sp|Q9I0J8.1|	Q9I0J8	RecName: Full=NADH-quinone oxidoreductase subunit E; AltName: Full=NADH dehydrogenase I subunit E; AltName: Full=NDH-1 subunit E [Pseudomonas aeruginosa PAO1]	88.344	163	4.2899999999999994e-106	303	NA	NA	NA
nuoF	sp|Q9I0J7.1|	Q9I0J7	RecName: Full=NADH-quinone oxidoreductase subunit F; AltName: Full=NADH dehydrogenase I subunit F; AltName: Full=NDH-1 subunit F [Pseudomonas aeruginosa PAO1]	86.253	451	0	817	NA	NA	NA
nuoG	sp|Q9KGW3.1|	Q9KGW3	RecName: Full=NADH-quinone oxidoreductase subunit G; AltName: Full=NADH dehydrogenase I subunit G; AltName: Full=NDH-1 subunit G [Pseudomonas fluorescens]	92.588	904	0	1679	NA	NA	NA
nuoH	sp|C3JY87.1|	C3JY87	RecName: Full=NADH-quinone oxidoreductase subunit H; AltName: Full=NADH dehydrogenase I subunit H; AltName: Full=NDH-1 subunit H [Pseudomonas [fluorescens] SBW25]	99.403	335	0	551	NA	NA	NA
nuoI	sp|Q3KA56.1|	Q3KA56	RecName: Full=NADH-quinone oxidoreductase subunit I; AltName: Full=NADH dehydrogenase I subunit I; AltName: Full=NDH-1 subunit I [Pseudomonas fluorescens Pf0-1]	99.451	182	2.2499999999999998e-134	375	NA	NA	NA
nuoJ	sp|Q9I0J3.1|	Q9I0J3	RecName: Full=NADH-quinone oxidoreductase subunit J; AltName: Full=NADH dehydrogenase I subunit J; AltName: Full=NDH-1 subunit J [Pseudomonas aeruginosa PAO1]	78.313	166	2.6899999999999995e-57	179	NA	NA	NA
nuoK	sp|C3JY90.1|	C3JY90	RecName: Full=NADH-quinone oxidoreductase subunit K; AltName: Full=NADH dehydrogenase I subunit K; AltName: Full=NDH-1 subunit K [Pseudomonas [fluorescens] SBW25]	100	102	4.59e-67	199	NA	NA	NA
nuoL	sp|Q9I0J1.1|	Q9I0J1	RecName: Full=NADH-quinone oxidoreductase subunit L; AltName: Full=NADH dehydrogenase I subunit L; AltName: Full=NDH-1 subunit L [Pseudomonas aeruginosa PAO1]	84.193	601	0	834	NA	NA	NA
nuoM	sp|Q9I0J0.1|	Q9I0J0	RecName: Full=NADH-quinone oxidoreductase subunit M; AltName: Full=NADH dehydrogenase I subunit M; AltName: Full=NDH-1 subunit M [Pseudomonas aeruginosa PAO1]	79.093	507	0	715	NA	NA	NA
nuoN	sp|A4XV14.1|	A4XV14	RecName: Full=NADH-quinone oxidoreductase subunit N; AltName: Full=NADH dehydrogenase I subunit N; AltName: Full=NDH-1 subunit N [Ectopseudomonas mendocina ymp]	77.778	486	0	629	NA	NA	NA
nusA	sp|P0AFF6.1|	P0AFF6	RecName: Full=Transcription termination/antitermination protein NusA; AltName: Full=N utilization substance protein A; AltName: Full=Transcription termination/antitermination L factor [Escherichia coli K-12]	64.503	493	0	567	NA	NA	NA
nusB	sp|C3K2R8.1|	C3K2R8	RecName: Full=Transcription antitermination protein NusB; AltName: Full=Antitermination factor NusB [Pseudomonas [fluorescens] SBW25]	90.361	166	3.1699999999999996e-109	311	NA	NA	NA
nusG	sp|Q9HWC4.1|	Q9HWC4	RecName: Full=Transcription termination/antitermination protein NusG [Pseudomonas aeruginosa PAO1]	93.082	159	1.5400000000000001e-105	301	NA	NA	NA
oadA	sp|Q58628.1|	Q58628	RecName: Full=Pyruvate carboxylase subunit B; AltName: Full=Pyruvic carboxylase B [Methanocaldococcus jannaschii DSM 2661]	53.422	599	0	600	NA	NA	NA
oah1	sp|Q5SK88.1|	Q5SK88	RecName: Full=O-acetyl-L-homoserine sulfhydrylase 1; Short=OAH-sulfhydrylase 1 [Thermus thermophilus HB8]	52.607	422	2.2599999999999997e-144	421	NA	NA	NA
obg	sp|Q3K6K9.1|	Q3K6K9	RecName: Full=GTPase Obg; AltName: Full=GTP-binding protein Obg [Pseudomonas fluorescens Pf0-1]	94.764	382	0	703	NA	NA	NA
occM_1	sp|P35114.2|	P35114	RecName: Full=Octopine transport system permease protein OccM [Agrobacterium tumefaciens]	42.105	190	1.1899999999999999e-45	155	NA	NA	NA
occM_2	sp|P35114.2|	P35114	RecName: Full=Octopine transport system permease protein OccM [Agrobacterium tumefaciens]	48.636	220	8.62e-62	196	NA	NA	NA
occM_2~~~occM_3	sp|P35114.2|	P35114	RecName: Full=Octopine transport system permease protein OccM [Agrobacterium tumefaciens]	53.107	177	1.96e-62	198	NA	NA	NA
occM_4	sp|P0AEQ6.1|	P0AEQ6	RecName: Full=Glutamine transport system permease protein GlnP [Escherichia coli K-12]	30.986	213	6.519999999999999e-23	95.5	NA	NA	NA
occP	sp|O30506.2|	O30506	RecName: Full=Arginine/ornithine transport ATP-binding protein AotP [Pseudomonas aeruginosa PAO1]	66.265	249	1.9299999999999997e-104	306	NA	NA	NA
occQ	sp|P35118.1|	P35118	RecName: Full=Nopaline transport system permease protein NocQ [Agrobacterium fabrum str. C58]	43.077	195	3.989999999999999e-37	133	NA	NA	NA
occR	sp|P03030.1|	P03030	RecName: Full=Transcriptional activator protein LysR [Escherichia coli K-12]	53.872	297	2.5099999999999994e-107	317	NA	NA	NA
occT	sp|P0A4F8.1|	P0A4F8	RecName: Full=Octopine-binding periplasmic protein; Flags: Precursor [Agrobacterium tumefaciens]	37.729	273	2.71e-44	154	NA	NA	NA
ocd	sp|Q88H32.1|	Q88H32	RecName: Full=Ornithine cyclodeaminase; Short=OCD [Pseudomonas putida KT2440]	62.575	334	3.75e-135	391	NA	NA	NA
ogt	sp|Q9ZET8.1|	Q9ZET8	RecName: Full=Methylated-DNA--protein-cysteine methyltransferase; AltName: Full=6-O-methylguanine-DNA methyltransferase; Short=MGMT; AltName: Full=O-6-methylguanine-DNA-alkyltransferase [Mycobacterium avium subsp. paratuberculosis K-10]	49.618	131	8.25e-38	130	NA	NA	NA
ohrB	sp|P0A0V4.1|	P0A0V4	RecName: Full=Organic hydroperoxide resistance protein [Xanthomonas citri subsp. citri 306]	69.403	134	2.88e-65	197	NA	NA	NA
ohrR	sp|P0DX95.1|	P0DX95	RecName: Full=HTH-type transcriptional regulator TtmR; AltName: Full=Formaldehyde-responsive transcription factor; AltName: Full=Transition to methylotrophy regulator [Methylorubrum extorquens PA1]	49.275	138	6.15e-34	120	NA	NA	NA
ohyA	sp|C7DLJ6.1|	C7DLJ6	RecName: Full=Oleate hydratase; AltName: Full=Fatty acid double bond hydratase; AltName: Full=Fatty acid hydratase [Elizabethkingia meningoseptica]	41.353	532	2.05e-135	410	NA	NA	NA
oleB	sp|Q07646.1|	Q07646	RecName: Full=Mesoderm-specific transcript protein; AltName: Full=Paternally-expressed gene 1 protein [Mus musculus]	40.339	295	1.8199999999999998e-60	198	NA	NA	NA
oleD	sp|B2FI29.1|	B2FI29	RecName: Full=2-alkyl-3-oxoalkanoate reductase [Stenotrophomonas maltophilia K279a]	37.304	319	8.13e-56	187	NA	NA	NA
ompA	sp|P13794.1|	P13794	RecName: Full=Outer membrane porin F; Flags: Precursor [Pseudomonas aeruginosa PAO1]	45.806	155	3.38e-30	117	NA	NA	NA
ompA_1	sp|P38399.2|	P38399	RecName: Full=Outer membrane protein A; AltName: Full=Outer membrane porin A; Flags: Precursor [Yersinia pseudotuberculosis IP 32953]	36.508	126	1.07e-11	68.2	NA	NA	NA
ompA_2	sp|P24755.1|	P24755	RecName: Full=Outer membrane protein A; AltName: Full=Outer membrane porin A; AltName: Full=Outer membrane protein 3A [Serratia odorifera]	33.858	127	7.86e-14	73.6	NA	NA	NA
ompA_3	sp|P38399.2|	P38399	RecName: Full=Outer membrane protein A; AltName: Full=Outer membrane porin A; Flags: Precursor [Yersinia pseudotuberculosis IP 32953]	35.714	126	3.43e-13	72.4	NA	NA	NA
ompR_1	sp|G3XCY6.1|	G3XCY6	RecName: Full=Transcriptional regulatory protein GltR [Pseudomonas aeruginosa PAO1]	80.252	238	5.94e-131	372	NA	NA	NA
ompR_2	sp|G3XCY6.1|	G3XCY6	RecName: Full=Transcriptional regulatory protein GltR [Pseudomonas aeruginosa PAO1]	47.137	227	2.8900000000000002e-64	203	NA	NA	NA
ompR_3	sp|A0A0H3NGY1.1|	A0A0H3NGY1	RecName: Full=DNA-binding dual transcriptional regulator OmpR; AltName: Full=Transcriptional regulatory protein OmpR [Salmonella enterica subsp. enterica serovar Typhimurium str. SL1344]	66.383	235	6.1e-114	329	NA	NA	NA
ompR_4	sp|G3XCY6.1|	G3XCY6	RecName: Full=Transcriptional regulatory protein GltR [Pseudomonas aeruginosa PAO1]	47.845	232	8.599999999999999e-66	207	NA	NA	NA
ompW	sp|P17266.2|	P17266	RecName: Full=Outer membrane protein W; Flags: Precursor [Vibrio cholerae O1 biovar El Tor str. N16961]	42.995	207	5.9900000000000005e-50	165	NA	NA	NA
opgH	sp|C3K816.1|	C3K816	RecName: Full=Glucans biosynthesis glucosyltransferase H [Pseudomonas [fluorescens] SBW25]	97.024	840	0	1574	NA	NA	NA
oppD	sp|P04285.1|	P04285	RecName: Full=Oligopeptide transport ATP-binding protein OppD [Salmonella enterica subsp. enterica serovar Typhimurium str. LT2]	48.58	317	1.36e-93	284	NA	NA	NA
oprB_1	sp|Q51485.1|	Q51485	RecName: Full=Porin B; AltName: Full=Glucose porin; AltName: Full=Outer membrane protein D1; Flags: Precursor [Pseudomonas aeruginosa PAO1]	65.06	415	0	576	NA	NA	NA
oprB_2	sp|Q51485.1|	Q51485	RecName: Full=Porin B; AltName: Full=Glucose porin; AltName: Full=Outer membrane protein D1; Flags: Precursor [Pseudomonas aeruginosa PAO1]	33.483	445	9.13e-68	225	NA	NA	NA
oprD_1	sp|P32722.1|	P32722	RecName: Full=Porin D; AltName: Full=Imipenem/basic amino acid-specific outer membrane pore; AltName: Full=Outer membrane carboxylate channel D1; Short=OccD1; AltName: Full=Outer membrane protein D2; Flags: Precursor [Pseudomonas aeruginosa PAO1]	48.026	456	1.1899999999999998e-121	363	NA	NA	NA
oprD_2	sp|P32722.1|	P32722	RecName: Full=Porin D; AltName: Full=Imipenem/basic amino acid-specific outer membrane pore; AltName: Full=Outer membrane carboxylate channel D1; Short=OccD1; AltName: Full=Outer membrane protein D2; Flags: Precursor [Pseudomonas aeruginosa PAO1]	60.633	442	0	525	NA	NA	NA
oprD_3	sp|P32722.1|	P32722	RecName: Full=Porin D; AltName: Full=Imipenem/basic amino acid-specific outer membrane pore; AltName: Full=Outer membrane carboxylate channel D1; Short=OccD1; AltName: Full=Outer membrane protein D2; Flags: Precursor [Pseudomonas aeruginosa PAO1]	35.828	441	4.78e-60	206	NA	NA	NA
oprD_4	sp|Q88JX6.1|	Q88JX6	RecName: Full=Porin-like protein GalP; AltName: Full=Gallate degradation protein P; Flags: Precursor [Pseudomonas putida KT2440]	31.121	437	2.99e-46	168	NA	NA	NA
oprD_5	sp|P32722.1|	P32722	RecName: Full=Porin D; AltName: Full=Imipenem/basic amino acid-specific outer membrane pore; AltName: Full=Outer membrane carboxylate channel D1; Short=OccD1; AltName: Full=Outer membrane protein D2; Flags: Precursor [Pseudomonas aeruginosa PAO1]	42.019	426	2.6799999999999995e-99	306	NA	NA	NA
oprD_6	sp|P32722.1|	P32722	RecName: Full=Porin D; AltName: Full=Imipenem/basic amino acid-specific outer membrane pore; AltName: Full=Outer membrane carboxylate channel D1; Short=OccD1; AltName: Full=Outer membrane protein D2; Flags: Precursor [Pseudomonas aeruginosa PAO1]	40.959	459	3.44e-104	319	NA	NA	NA
oprD_7	sp|P32722.1|	P32722	RecName: Full=Porin D; AltName: Full=Imipenem/basic amino acid-specific outer membrane pore; AltName: Full=Outer membrane carboxylate channel D1; Short=OccD1; AltName: Full=Outer membrane protein D2; Flags: Precursor [Pseudomonas aeruginosa PAO1]	39.644	449	6.35e-84	267	NA	NA	NA
oprF	sp|P37726.1|	P37726	RecName: Full=Outer membrane porin F; AltName: Full=Root adhesin; Flags: Precursor [Pseudomonas fluorescens]	89.49	314	0	529	NA	NA	NA
oprJ_1	sp|Q51397.2|	Q51397	RecName: Full=Outer membrane protein OprJ; Flags: Precursor [Pseudomonas aeruginosa PAO1]	65.055	455	7.93e-179	512	NA	NA	NA
oprJ_2	sp|Q51397.2|	Q51397	RecName: Full=Outer membrane protein OprJ; Flags: Precursor [Pseudomonas aeruginosa PAO1]	58.12	117	2.03e-28	111	NA	NA	NA
oprJ_3	sp|Q51397.2|	Q51397	RecName: Full=Outer membrane protein OprJ; Flags: Precursor [Pseudomonas aeruginosa PAO1]	65.763	295	3.8499999999999993e-106	320	NA	NA	NA
oprM_1	sp|Q51397.2|	Q51397	RecName: Full=Outer membrane protein OprJ; Flags: Precursor [Pseudomonas aeruginosa PAO1]	33.333	177	1.68e-14	79	NA	NA	NA
oprM_2	sp|Q9I189.1|	Q9I189	RecName: Full=Pyoverdine export outer membrane protein OpmQ; Flags: Precursor [Pseudomonas aeruginosa PAO1]	64.653	447	6.939999999999999e-165	476	NA	NA	NA
oprM_4	sp|Q51487.2|	Q51487	RecName: Full=Outer membrane protein OprM; Flags: Precursor [Pseudomonas aeruginosa PAO1]	32.706	425	9.899999999999998e-43	160	NA	NA	NA
oprM_6	sp|Q51487.2|	Q51487	RecName: Full=Outer membrane protein OprM; Flags: Precursor [Pseudomonas aeruginosa PAO1]	30.103	485	2.2e-41	157	NA	NA	NA
opuAA	sp|P46920.3|	P46920	RecName: Full=Glycine betaine transport ATP-binding protein OpuAA; AltName: Full=Quaternary-amine-transporting ATPase [Bacillus subtilis subsp. subtilis str. 168]	58.555	263	4.619999999999999e-112	332	NA	NA	NA
opuAB_1	sp|P46921.1|	P46921	RecName: Full=Glycine betaine transport system permease protein OpuAB [Bacillus subtilis subsp. subtilis str. 168]	44.649	271	2.93e-70	221	NA	NA	NA
opuAB_2	sp|P46921.1|	P46921	RecName: Full=Glycine betaine transport system permease protein OpuAB [Bacillus subtilis subsp. subtilis str. 168]	43.561	264	7.65e-66	210	NA	NA	NA
oqxB9	sp|Q8G2M6.1|	Q8G2M6	RecName: Full=Efflux pump membrane transporter BepE [Brucella suis 1330]	47.834	1039	0	824	NA	NA	NA
orn	sp|Q3KIZ7.1|	Q3KIZ7	RecName: Full=Oligoribonuclease [Pseudomonas fluorescens Pf0-1]	92.737	179	7.72e-126	354	NA	NA	NA
osmC	sp|P0C0L2.2|	P0C0L2	RecName: Full=Peroxiredoxin OsmC; AltName: Full=Osmotically-inducible protein C [Escherichia coli K-12]	60.14	143	1.5100000000000002e-58	181	NA	NA	NA
osmV	sp|Q8ZPK4.1|	Q8ZPK4	RecName: Full=Osmoprotectant import ATP-binding protein OsmV [Salmonella enterica subsp. enterica serovar Typhimurium str. LT2]	61.93	373	6.249999999999999e-168	477	NA	NA	NA
osmV_2	sp|Q8ZPK4.1|	Q8ZPK4	RecName: Full=Osmoprotectant import ATP-binding protein OsmV [Salmonella enterica subsp. enterica serovar Typhimurium str. LT2]	56.757	370	4.62e-149	429	NA	NA	NA
osmW	sp|Q8ZPK3.1|	Q8ZPK3	RecName: Full=Osmoprotectant import permease protein OsmW [Salmonella enterica subsp. enterica serovar Typhimurium str. LT2]	64.141	198	2.5099999999999998e-52	171	NA	NA	NA
osmW_2	sp|Q8ZPK3.1|	Q8ZPK3	RecName: Full=Osmoprotectant import permease protein OsmW [Salmonella enterica subsp. enterica serovar Typhimurium str. LT2]	56.542	214	4.509999999999999e-56	180	NA	NA	NA
osmX	sp|Q9HXC4.1|	Q9HXC4	RecName: Full=Glycine-betaine-binding protein; Flags: Precursor [Pseudomonas aeruginosa PAO1]	57.627	295	3.889999999999999e-119	347	NA	NA	NA
osmX_2	sp|Q9HXC4.1|	Q9HXC4	RecName: Full=Glycine-betaine-binding protein; Flags: Precursor [Pseudomonas aeruginosa PAO1]	45.552	281	7.03e-85	260	NA	NA	NA
osmY_1	sp|P0AFH8.1|	P0AFH8	RecName: Full=Osmotically-inducible protein Y; Flags: Precursor [Escherichia coli K-12]	35.948	153	4.63e-9	57.4	NA	NA	NA
osmY_2	sp|Q8ZPK1.1|	Q8ZPK1	RecName: Full=Osmoprotectant import permease protein OsmY [Salmonella enterica subsp. enterica serovar Typhimurium str. LT2]	65.363	179	1.4699999999999998e-52	172	NA	NA	NA
osmY_3	sp|P45301.1|	P45301	RecName: Full=Outer membrane lipoprotein DolP; Flags: Precursor [Haemophilus influenzae Rd KW20]	37.436	195	1.22e-36	129	NA	NA	NA
outO	sp|P22610.3|	P22610	RecName: Full=Prepilin leader peptidase/N-methyltransferase; AltName: Full=Protein PilD; AltName: Full=Protein secretion protein XCPA; Includes: RecName: Full=Leader peptidase; AltName: Full=Prepilin peptidase; Includes: RecName: Full=N-methyltransferase [Pseudomonas aeruginosa PAO1]	66.426	277	2.37e-111	326	NA	NA	NA
outO_2	sp|Q9ZEL6.1|	Q9ZEL6	RecName: Full=Prepilin leader peptidase/N-methyltransferase; Includes: RecName: Full=Leader peptidase; AltName: Full=Prepilin peptidase; Includes: RecName: Full=N-methyltransferase [Stutzerimonas stutzeri]	45.378	238	1.37e-38	138	NA	NA	NA
oxyR_1	sp|P0ACQ4.1|	P0ACQ4	RecName: Full=DNA-binding transcriptional dual regulator OxyR; AltName: Full=Hydrogen peroxide-inducible genes activator; AltName: Full=Morphology and auto-aggregation control protein [Escherichia coli K-12]	40.339	295	8.239999999999999e-69	219	NA	NA	NA
oxyR_3	sp|Q9HWH8.1|	Q9HWH8	RecName: Full=HTH-type transcriptional regulator NmoR [Pseudomonas aeruginosa PAO1]	35.294	136	1.04e-15	79	NA	NA	NA
paaF_1	sp|Q4WF54.1|	Q4WF54	RecName: Full=Mevalonyl-coenzyme A hydratase sidH; AltName: Full=Siderophore biosynthesis protein H [Aspergillus fumigatus Af293]	35.081	248	5.04e-33	124	NA	NA	NA
paaF_2	sp|O75521.4|	O75521	RecName: Full=Enoyl-CoA delta isomerase 2; AltName: Full=DRS-1; AltName: Full=Delta(3),delta(2)-enoyl-CoA isomerase; Short=D3,D2-enoyl-CoA isomerase; AltName: Full=Diazepam-binding inhibitor-related protein 1; Short=DBI-related protein 1; AltName: Full=Dodecenoyl-CoA isomerase; AltName: Full=Hepatocellular carcinoma-associated antigen 88; AltName: Full=Peroxisomal 3,2-trans-enoyl-CoA isomerase; Short=pECI; AltName: Full=Renal carcinoma antigen NY-REN-1; Flags: Precursor [Homo sapiens]	33.463	257	4.67e-24	102	NA	NA	NA
pabB	sp|P12680.1|	P12680	RecName: Full=Aminodeoxychorismate synthase component 1; Short=ADC synthase; Short=ADCS; AltName: Full=4-amino-4-deoxychorismate synthase component 1 [Salmonella enterica subsp. enterica serovar Typhimurium str. LT2]	48.571	455	1.39e-127	380	NA	NA	NA
pabC	sp|Q56693.1|	Q56693	RecName: Full=Aminodeoxychorismate lyase; AltName: Full=4-amino-4-deoxychorismate lyase; Short=ADC lyase; Short=ADCL [Vibrio harveyi]	41.264	269	1.34e-49	167	NA	NA	NA
pagL	sp|Q9HVD1.1|	Q9HVD1	RecName: Full=Lipid A deacylase PagL; AltName: Full=LPS 3-O-deacylase PagL; AltName: Full=Outer membrane enzyme PagL; AltName: Full=PhoP/PhoQ-activated gene product L; Flags: Precursor [Pseudomonas aeruginosa PAO1]	64.331	157	7.04e-62	191	NA	NA	NA
paiA_1	sp|P16966.1|	P16966	RecName: Full=Acetyltransferase; AltName: Full=Tabtoxin resistance protein [Pseudomonas amygdali pv. tabaci]	30.526	95	7.8e-6	47.4	NA	NA	NA
paiB	sp|Q4WVZ0.1|	Q4WVZ0	RecName: Full=Uncharacterized protein AFUA_5G13800 [Aspergillus fumigatus Af293]	37.288	236	2.9499999999999997e-32	120	NA	NA	NA
pal_1	sp|P37665.2|	P37665	RecName: Full=Probable lipoprotein YiaD; Flags: Precursor [Escherichia coli K-12]	40.952	105	4.07e-21	92	NA	NA	NA
pal_2	sp|P0A138.1|	P0A138	RecName: Full=Peptidoglycan-associated lipoprotein; Short=PAL; Flags: Precursor [Pseudomonas putida KT2440]	95.783	166	1.0999999999999997e-106	304	NA	NA	NA
pal_3	sp|Q9I4L6.1|	Q9I4L6	RecName: Full=Outer-membrane lipoprotein YfiB; AltName: Full=Outer-membrane bound Pal-like protein; Flags: Precursor [Pseudomonas aeruginosa PAO1]	52.5	160	1.2499999999999997e-55	175	NA	NA	NA
pal_4	sp|Q05146.1|	Q05146	RecName: Full=Outer membrane protein A; Flags: Precursor [Bordetella avium]	33.065	124	2.58e-10	63.5	NA	NA	NA
panB	sp|Q9ZEP8.1|	Q9ZEP8	RecName: Full=3-methyl-2-oxobutanoate hydroxymethyltransferase; AltName: Full=Ketopantoate hydroxymethyltransferase; Short=KPHMT [Pseudomonas [fluorescens] SBW25]	94.361	266	0	514	NA	NA	NA
panC	sp|Q9ZEP7.2|	Q9ZEP7	RecName: Full=Pantothenate synthetase; Short=PS; AltName: Full=Pantoate--beta-alanine ligase; AltName: Full=Pantoate-activating enzyme [Pseudomonas [fluorescens] SBW25]	95.035	282	0	555	NA	NA	NA
panE_1	sp|Q8YX96.1|	Q8YX96	RecName: Full=2-dehydropantoate 2-reductase; AltName: Full=Ketopantoate reductase; Short=KPR [Nostoc sp. PCC 7120 = FACHB-418]	38.095	294	6.31e-53	179	NA	NA	NA
panE_2	sp|Q9HW09.1|	Q9HW09	RecName: Full=2-dehydropantoate 2-reductase; AltName: Full=Ketopantoate reductase; Short=KPR [Pseudomonas aeruginosa PAO1]	66.89	299	3.4199999999999995e-125	362	NA	NA	NA
panS	sp|O34524.1|	O34524	RecName: Full=Uncharacterized sodium-dependent transporter YocS [Bacillus subtilis subsp. subtilis str. 168]	55.949	311	1.69e-95	288	NA	NA	NA
paoA	sp|P77165.1|	P77165	RecName: Full=Aldehyde oxidoreductase iron-sulfur-binding subunit PaoA; Flags: Precursor [Escherichia coli K-12]	57.895	171	4.0299999999999994e-54	174	NA	NA	NA
paoB	sp|P77324.1|	P77324	RecName: Full=Aldehyde oxidoreductase FAD-binding subunit PaoB [Escherichia coli K-12]	50.613	326	7.709999999999999e-93	282	NA	NA	NA
paoC	sp|P77489.1|	P77489	RecName: Full=Aldehyde oxidoreductase molybdenum-binding subunit PaoC [Escherichia coli K-12]	37.382	741	6.87e-113	360	NA	NA	NA
papC	sp|P77196.3|	P77196	PUTATIVE PSEUDOGENE: RecName: Full=Putative outer membrane usher protein YfcU; Flags: Precursor [Escherichia coli K-12]	49.112	845	0	823	NA	NA	NA
papH	sp|P42185.1|	P42185	RecName: Full=PRS fimbrial minor pilin protein; Flags: Precursor [Escherichia coli]	34.132	167	4.39e-23	93.6	NA	NA	NA
parA	sp|P0A149.1|	P0A149	RecName: Full=Uncharacterized protein PP_0002 [Pseudomonas putida KT2440]	92.308	260	2.9499999999999996e-177	491	NA	NA	NA
parB	sp|P0A151.1|	P0A151	RecName: Full=Probable chromosome-partitioning protein ParB [Pseudomonas putida KT2440]	85.862	290	1.2599999999999997e-168	471	NA	NA	NA
parC	sp|Q9HUK1.1|	Q9HUK1	RecName: Full=DNA topoisomerase 4 subunit A; AltName: Full=Topoisomerase IV subunit A [Pseudomonas aeruginosa PAO1]	85.392	753	0	1275	NA	NA	NA
parE	sp|Q9HUJ8.1|	Q9HUJ8	RecName: Full=DNA topoisomerase 4 subunit B; AltName: Full=Topoisomerase IV subunit B [Pseudomonas aeruginosa PAO1]	89.474	627	0	1165	NA	NA	NA
pat	sp|Q9KCA8.1|	Q9KCA8	RecName: Full=Histidinol-phosphate aminotransferase; AltName: Full=Imidazole acetol-phosphate transaminase [Halalkalibacterium halodurans C-125]	30.503	318	1.56e-34	133	NA	NA	NA
patA_1	sp|Q88ND2.1|	Q88ND2	RecName: Full=Probable alginate O-acetylase AlgI; AltName: Full=Alginate biosynthesis protein AlgI [Pseudomonas putida KT2440]	42.914	501	4.2599999999999997e-113	345	NA	NA	NA
patA~~~patA_2	sp|O25526.1|	O25526	RecName: Full=Peptidoglycan O-acetyltransferase; Short=PG acetyltransferase [Helicobacter pylori 26695]	45.507	523	2.2399999999999995e-148	437	NA	NA	NA
patB	sp|Q08432.1|	Q08432	RecName: Full=Cystathionine beta-lyase PatB; Short=CBL; AltName: Full=Beta-cystathionase PatB; AltName: Full=Cysteine lyase PatB; AltName: Full=Cysteine-S-conjugate beta-lyase PatB [Bacillus subtilis subsp. subtilis str. 168]	36.951	387	2.43e-72	233	NA	NA	NA
pat_1	sp|Q9HT95.1|	Q9HT95	RecName: Full=Acetyltransferase PA5475; AltName: Full=GCN5-related N-acetyltransferase; Short=GNAT [Pseudomonas aeruginosa PAO1]	53.005	183	2.08e-56	179	NA	NA	NA
pbpC	sp|P76577.1|	P76577	RecName: Full=Penicillin-binding protein 1C; Short=PBP-1c; Short=PBP1c; Includes: RecName: Full=Penicillin-insensitive transglycosylase; AltName: Full=Peptidoglycan TGase; Includes: RecName: Full=Transpeptidase-like module [Escherichia coli K-12]	33.333	756	2.2899999999999998e-82	281	NA	NA	NA
pbpG	sp|P0AFI5.2|	P0AFI5	RecName: Full=D-alanyl-D-alanine endopeptidase; Short=DD-endopeptidase; AltName: Full=Penicillin-binding protein 7; Short=PBP-7; Flags: Precursor [Escherichia coli K-12]	66.409	259	3.3899999999999998e-121	353	NA	NA	NA
pbuE	sp|O34367.1|	O34367	RecName: Full=Uncharacterized MFS-type transporter YtbD [Bacillus subtilis subsp. subtilis str. 168]	35.87	276	1.93e-41	153	NA	NA	NA
pbuE_2	sp|Q0GQS6.1|	Q0GQS6	RecName: Full=Purine efflux pump PbuE [Bacillus amyloliquefaciens]	33.053	357	4.7099999999999995e-25	108	NA	NA	NA
pcaB	sp|P32427.3|	P32427	RecName: Full=3-carboxy-cis,cis-muconate cycloisomerase; AltName: Full=3-carboxymuconate lactonizing enzyme; Short=CMLE [Pseudomonas putida]	77.197	421	0	608	NA	NA	NA
pcaF	sp|Q51956.1|	Q51956	RecName: Full=Beta-ketoadipyl-CoA thiolase; AltName: Full=3-oxoadipyl-CoA thiolase [Pseudomonas putida]	89.5	400	0	695	NA	NA	NA
pcaG	sp|P20371.3|	P20371	RecName: Full=Protocatechuate 3,4-dioxygenase alpha chain; AltName: Full=3,4-PCD [Acinetobacter baylyi ADP1]	44.776	201	3.34e-38	133	NA	NA	NA
pcaH	sp|P15110.1|	P15110	RecName: Full=Protocatechuate 3,4-dioxygenase beta chain; AltName: Full=3,4-PCD [Burkholderia cepacia]	61.435	223	1.08e-92	275	NA	NA	NA
pcaK_1	sp|Q43975.3|	Q43975	RecName: Full=4-hydroxybenzoate transporter PcaK; Short=4-HB transporter [Acinetobacter baylyi ADP1]	37.317	410	3.1100000000000003e-59	204	NA	NA	NA
pcaK_2	sp|Q51955.1|	Q51955	RecName: Full=4-hydroxybenzoate transporter PcaK [Pseudomonas putida]	90.09	444	0	706	NA	NA	NA
pcaR	sp|Q52154.1|	Q52154	RecName: Full=Pca regulon regulatory protein [Pseudomonas putida]	86.486	259	5.0599999999999994e-157	441	NA	NA	NA
pchB	sp|Q51507.2|	Q51507	RecName: Full=Isochorismate pyruvate lyase; Short=IPL; AltName: Full=Chorismate mutase; Short=CM; AltName: Full=Salicylate biosynthesis protein [Pseudomonas aeruginosa PAO1]	30.233	86	4.08e-9	52.8	NA	NA	NA
pckA	sp|C3K4J5.1|	C3K4J5	RecName: Full=Phosphoenolpyruvate carboxykinase (ATP); Short=PCK; Short=PEP carboxykinase; Short=PEPCK [Pseudomonas [fluorescens] SBW25]	98.441	513	0	993	NA	NA	NA
pcm	sp|C3K706.1|	C3K706	RecName: Full=Protein-L-isoaspartate O-methyltransferase; AltName: Full=L-isoaspartyl protein carboxyl methyltransferase; AltName: Full=Protein L-isoaspartyl methyltransferase; AltName: Full=Protein-beta-aspartate methyltransferase; Short=PIMT [Pseudomonas [fluorescens] SBW25]	99.052	211	1.9e-150	419	NA	NA	NA
pcnB	sp|P0ABF1.2|	P0ABF1	RecName: Full=Poly(A) polymerase I; Short=PAP I; AltName: Full=Plasmid copy number protein; Flags: Precursor [Escherichia coli K-12]	47.7	413	5.9299999999999995e-118	356	NA	NA	NA
pcoC	sp|Q47454.1|	Q47454	RecName: Full=Copper resistance protein C; Flags: Precursor [Escherichia coli]	41.837	98	2.06e-17	75.5	NA	NA	NA
pcp	sp|P42673.1|	P42673	RecName: Full=Pyrrolidone-carboxylate peptidase; AltName: Full=5-oxoprolyl-peptidase; AltName: Full=Pyroglutamyl-peptidase I; Short=PGP-I; Short=Pyrase [Pseudomonas fluorescens]	79.343	213	4.1999999999999987e-119	340	NA	NA	NA
pcpR_1	sp|P10183.2|	P10183	RecName: Full=HTH-type transcriptional activator NahR [Pseudomonas putida]	31.365	271	1.2300000000000001e-33	127	NA	NA	NA
pcpR_3	sp|Q9EXL7.1|	Q9EXL7	RecName: Full=HTH-type transcriptional activator NagR [Ralstonia sp.]	33.775	302	2.4300000000000003e-58	192	NA	NA	NA
pcpR_4	sp|Q9EXL7.1|	Q9EXL7	RecName: Full=HTH-type transcriptional activator NagR [Ralstonia sp.]	32.624	282	1.86e-35	132	NA	NA	NA
pcs	sp|Q9HXE9.1|	Q9HXE9	RecName: Full=Phosphatidylcholine synthase; Short=PC synthase; Short=PCS; AltName: Full=CDP-diglyceride-choline O-phosphatidyltransferase [Pseudomonas aeruginosa PAO1]	65.385	234	2.42e-90	269	NA	NA	NA
pctA_1	sp|Q88N45.1|	Q88N45	RecName: Full=Methyl-accepting chemotaxis protein McpG [Pseudomonas putida KT2440]	74.444	630	0	775	NA	NA	NA
pctA_2	sp|G3XD24.1|	G3XD24	RecName: Full=Methyl-accepting chemotaxis protein PctA [Pseudomonas aeruginosa PAO1]	30.414	628	2.43e-59	214	NA	NA	NA
pdeB	sp|P77473.2|	P77473	RecName: Full=Probable cyclic di-GMP phosphodiesterase PdeB [Escherichia coli K-12]	36.441	236	9.37e-44	158	NA	NA	NA
pdeG	sp|P75995.2|	P75995	RecName: Full=Probable cyclic di-GMP phosphodiesterase PdeG [Escherichia coli K-12]	33.129	489	7.16e-78	256	NA	NA	NA
pdeR	sp|Q9HX69.1|	Q9HX69	RecName: Full=Cyclic di-GMP phosphodiesterase RocR; Short=c-di-GMP PDE; AltName: Full=Response regulator RocR [Pseudomonas aeruginosa PAO1]	47.115	104	8.489999999999999e-23	94.7	NA	NA	NA
pdhR	sp|P0ACL9.1|	P0ACL9	RecName: Full=Pyruvate dehydrogenase complex repressor [Escherichia coli K-12]	49.569	232	1.87e-66	209	NA	NA	NA
pdxA	sp|Q88QT5.1|	Q88QT5	RecName: Full=4-hydroxythreonine-4-phosphate dehydrogenase; AltName: Full=4-(phosphohydroxy)-L-threonine dehydrogenase [Pseudomonas putida KT2440]	90.244	328	0	557	NA	NA	NA
pdxB	sp|C3K5G7.1|	C3K5G7	RecName: Full=Erythronate-4-phosphate dehydrogenase [Pseudomonas [fluorescens] SBW25]	92.895	380	0	700	NA	NA	NA
pdxH	sp|C3K863.1|	C3K863	RecName: Full=Pyridoxine/pyridoxamine 5'-phosphate oxidase; AltName: Full=PNP/PMP oxidase; Short=PNPOx; AltName: Full=Pyridoxal 5'-phosphate synthase [Pseudomonas [fluorescens] SBW25]	96.279	215	2.02e-154	429	NA	NA	NA
pdxJ	sp|C3K6Z0.1|	C3K6Z0	RecName: Full=Pyridoxine 5'-phosphate synthase; Short=PNP synthase [Pseudomonas [fluorescens] SBW25]	98.312	237	1.5199999999999997e-159	445	NA	NA	NA
pdxY	sp|C3K4G7.1|	C3K4G7	RecName: Full=Pyridoxal kinase PdxY; Short=PL kinase [Pseudomonas [fluorescens] SBW25]	97.241	290	0	548	NA	NA	NA
peb1A_2	sp|Q0P9X8.1|	Q0P9X8	RecName: Full=Major cell-binding factor; AltName: Full=CBF1; AltName: Full=PEB1; Flags: Precursor [Campylobacter jejuni subsp. jejuni NCTC 11168 = ATCC 700819]	30.579	121	2.94e-7	53.9	NA	NA	NA
pepA	sp|C3K6G5.1|	C3K6G5	RecName: Full=Probable cytosol aminopeptidase; AltName: Full=Leucine aminopeptidase; Short=LAP; AltName: Full=Leucyl aminopeptidase [Pseudomonas [fluorescens] SBW25]	95.161	496	0	928	NA	NA	NA
pepN	sp|Q8H0S9.1|	Q8H0S9	RecName: Full=Puromycin-sensitive aminopeptidase; Short=PSA; AltName: Full=Cytosol alanyl aminopeptidase; Short=AAP-S; AltName: Full=Meiotic prophase aminopeptidase 1 [Arabidopsis thaliana]	51.802	888	0	929	NA	NA	NA
pepP	sp|P15034.2|	P15034	RecName: Full=Xaa-Pro aminopeptidase; AltName: Full=Aminoacylproline aminopeptidase; AltName: Full=Aminopeptidase P II; Short=APP-II; AltName: Full=X-Pro aminopeptidase [Escherichia coli K-12]	46.939	441	1.74e-135	399	NA	NA	NA
perB	sp|Q7DBF7.1|	Q7DBF7	RecName: Full=GDP-perosamine N-acetyltransferase [Escherichia coli O157:H7]	45.161	186	9.52e-41	140	NA	NA	NA
petA	sp|O31214.2|	O31214	RecName: Full=Ubiquinol-cytochrome c reductase iron-sulfur subunit; AltName: Full=Rieske iron-sulfur protein; Short=RISP [Allochromatium vinosum DSM 180]	57.653	196	2.8999999999999993e-55	177	NA	NA	NA
petB	sp|O31215.2|	O31215	RecName: Full=Cytochrome b [Allochromatium vinosum DSM 180]	64.373	407	1.2399999999999999e-168	481	NA	NA	NA
petC	sp|O31216.1|	O31216	RecName: Full=Cytochrome c1; Flags: Precursor [Allochromatium vinosum DSM 180]	42.966	263	1.58e-54	179	NA	NA	NA
petE	sp|Q9K0K9.1|	Q9K0K9	RecName: Full=Iron-regulated protein FrpA [Neisseria meningitidis MC58]	42.056	107	1.25e-8	65.1	NA	NA	NA
pfeS	sp|Q04804.2|	Q04804	RecName: Full=Sensor protein PfeS [Pseudomonas aeruginosa PAO1]	50.562	445	5.729999999999999e-143	419	NA	NA	NA
pfkB	sp|P42720.1|	P42720	RecName: Full=Fructokinase [Rhizobium leguminosarum bv. trifolii]	35.959	292	1.4e-52	178	NA	NA	NA
pfyP_1	sp|P58724.1|	P58724	RecName: Full=Blue-light photoreceptor; AltName: Full=Phototropin homolog [Listeria monocytogenes EGD-e]	44.037	109	7.400000000000001e-29	109	NA	NA	NA
pfyP_2	sp|P58724.1|	P58724	RecName: Full=Blue-light photoreceptor; AltName: Full=Phototropin homolog [Listeria monocytogenes EGD-e]	36.641	131	9.640000000000001e-29	108	NA	NA	NA
pgaA	sp|P69434.1|	P69434	RecName: Full=Poly-beta-1,6-N-acetyl-D-glucosamine export protein; Short=PGA export protein; Short=Poly-beta-1,6-GlcNAc export protein; Flags: Precursor [Escherichia coli K-12]	39.223	798	4.52e-167	507	NA	NA	NA
pgaB	sp|P75906.1|	P75906	RecName: Full=Poly-beta-1,6-N-acetyl-D-glucosamine N-deacetylase; Short=PGA N-deacetylase; Short=Poly-beta-1,6-GlcNAc N-deacetylase; Flags: Precursor [Escherichia coli K-12]	51.204	623	0	654	NA	NA	NA
pgaC	sp|P75905.1|	P75905	RecName: Full=Poly-beta-1,6-N-acetyl-D-glucosamine synthase; Short=PGA synthase; Short=Poly-beta-1,6-GlcNAc synthase; AltName: Full=Biofilm PGA synthesis protein PgaC; AltName: Full=N-acetylglucosaminyltransferase PgaC [Escherichia coli K-12]	64.029	417	0	575	NA	NA	NA
pgdA	sp|B5ZA76.1|	B5ZA76	RecName: Full=Peptidoglycan deacetylase; Short=PG deacetylase; AltName: Full=Acetylxylan esterase [Helicobacter pylori G27]	76.976	291	1.05e-172	482	NA	NA	NA
pgi	sp|C3K249.1|	C3K249	RecName: Full=Glucose-6-phosphate isomerase; Short=GPI; AltName: Full=Phosphoglucose isomerase; Short=PGI; AltName: Full=Phosphohexose isomerase; Short=PHI [Pseudomonas [fluorescens] SBW25]	96.931	554	0	1096	NA	NA	NA
pgk	sp|C3K3F1.1|	C3K3F1	RecName: Full=Phosphoglycerate kinase [Pseudomonas [fluorescens] SBW25]	98.45	387	0	684	NA	NA	NA
pglC	sp|Q0P9D0.1|	Q0P9D0	RecName: Full=Undecaprenyl phosphate N,N'-diacetylbacillosamine 1-phosphate transferase; AltName: Full=Protein glycosylation C [Campylobacter jejuni subsp. jejuni NCTC 11168 = ATCC 700819]	43.506	154	1.8999999999999998e-35	125	NA	NA	NA
pglF	sp|P39853.1|	P39853	RecName: Full=Capsular polysaccharide biosynthesis protein CapD [Staphylococcus aureus]	41.988	493	1.11e-114	359	NA	NA	NA
pgl_1	sp|Q9EV79.1|	Q9EV79	RecName: Full=6-phosphogluconolactonase; Short=6PGL [Pseudomonas putida]	62.869	237	5.1899999999999995e-90	268	NA	NA	NA
pgl_2	sp|T2KMF9.1|	T2KMF9	RecName: Full=6-phosphogluconolactonase; AltName: Full=P9_lactonase; AltName: Full=Polysaccharide utilization locus H protein P9; Short=PUL H protein P9 [Formosa agariphila KMM 3901]	33.973	365	6.09e-59	198	NA	NA	NA
pgm	sp|P38569.1|	P38569	RecName: Full=Phosphoglucomutase; Short=PGM; AltName: Full=Glucose phosphomutase [Komagataeibacter xylinus]	63.687	537	0	621	NA	NA	NA
pgrR_1	sp|P37641.2|	P37641	RecName: Full=Uncharacterized HTH-type transcriptional regulator YhjC [Escherichia coli K-12]	45.638	298	1.64e-94	284	NA	NA	NA
pgrR_2	sp|A0A0H2ZDG9.2|	A0A0H2ZDG9	RecName: Full=HTH-type transcriptional repressor PA14_22550 [Pseudomonas aeruginosa UCBPP-PA14]	39.456	294	4.63e-67	215	NA	NA	NA
pgrR_3	sp|P52689.1|	P52689	RecName: Full=Probable HTH-type transcriptional regulator LtrA [Klebsiella pneumoniae]	33.219	292	2.35e-34	130	NA	NA	NA
pgrR_4	sp|P43011.1|	P43011	RecName: Full=Uncharacterized HTH-type transcriptional regulator HI_1364; AltName: Full=ORF2 [Haemophilus influenzae Rd KW20]	32.509	283	1.26e-45	159	NA	NA	NA
pgrR_5	sp|P75836.1|	P75836	RecName: Full=Uncharacterized HTH-type transcriptional regulator YcaN [Escherichia coli K-12]	34.915	295	4.1900000000000005e-64	207	NA	NA	NA
pgrR_7	sp|P75836.1|	P75836	RecName: Full=Uncharacterized HTH-type transcriptional regulator YcaN [Escherichia coli K-12]	41.176	289	6.21e-75	234	NA	NA	NA
pgrR_8	sp|Q01610.2|	Q01610	RecName: Full=Putative transcriptional regulator [Pseudomonas aeruginosa PAO1]	55.593	295	2.2199999999999995e-101	302	NA	NA	NA
pgrR_9	sp|P43011.1|	P43011	RecName: Full=Uncharacterized HTH-type transcriptional regulator HI_1364; AltName: Full=ORF2 [Haemophilus influenzae Rd KW20]	34.397	282	3.36e-52	176	NA	NA	NA
pgsA	sp|P45419.1|	P45419	RecName: Full=CDP-diacylglycerol--glycerol-3-phosphate 3-phosphatidyltransferase; AltName: Full=Phosphatidylglycerophosphate synthase; Short=PGP synthase [Pseudomonas fluorescens]	84.492	187	1.31e-74	225	NA	NA	NA
phaA	sp|Q9I2A8.1|	Q9I2A8	RecName: Full=Acetyl-CoA acetyltransferase; AltName: Full=Acetoacetyl-CoA thiolase [Pseudomonas aeruginosa PAO1]	88.01	392	0	630	NA	NA	NA
phaC_1	sp|P26496.1|	P26496	RecName: Full=Poly(3-hydroxyalkanoate) polymerase 2; Short=PHA polymerase 2; AltName: Full=ORF3; AltName: Full=PHA synthase 2; AltName: Full=Polyhydroxyalkanoic acid synthase 2 [Ectopseudomonas oleovorans]	73.571	560	0	857	NA	NA	NA
phaC_2	sp|P26494.1|	P26494	RecName: Full=Poly(3-hydroxyalkanoate) polymerase 1; Short=PHA polymerase 1; AltName: Full=ORF1; AltName: Full=Polyhydroxyalkanoic acid synthase 1; Short=PHA synthase 1 [Ectopseudomonas oleovorans]	84.794	559	0	974	NA	NA	NA
phaJ	sp|C5AZ74.1|	C5AZ74	RecName: Full=3-hydroxybutyryl-CoA dehydratase; AltName: Full=R-specific crotonase [Methylorubrum extorquens AM1]	42.647	136	3.58e-34	120	NA	NA	NA
pheA	sp|Q9HZ67.1|	Q9HZ67	RecName: Full=Bifunctional chorismate mutase/prephenate dehydratase; AltName: Full=Chorismate mutase-prephenate dehydratase; AltName: Full=P-protein; Includes: RecName: Full=Chorismate mutase; Short=CM; Includes: RecName: Full=Prephenate dehydratase; Short=PDT [Pseudomonas aeruginosa PAO1]	87.945	365	0	671	NA	NA	NA
pheC	sp|Q01269.2|	Q01269	RecName: Full=Cyclohexadienyl dehydratase; Includes: RecName: Full=Prephenate dehydratase; Includes: RecName: Full=Arogenate dehydratase; Flags: Precursor [Pseudomonas aeruginosa PAO1]	53.017	232	2.36e-82	250	NA	NA	NA
pheS	sp|C3JZN3.1|	C3JZN3	RecName: Full=Phenylalanine--tRNA ligase alpha subunit; AltName: Full=Phenylalanyl-tRNA synthetase alpha subunit; Short=PheRS [Pseudomonas [fluorescens] SBW25]	99.704	338	0	628	NA	NA	NA
pheT	sp|Q3KEX7.1|	Q3KEX7	RecName: Full=Phenylalanine--tRNA ligase beta subunit; AltName: Full=Phenylalanyl-tRNA synthetase beta subunit; Short=PheRS [Pseudomonas fluorescens Pf0-1]	91.035	792	0	1417	NA	NA	NA
phhA	sp|P43334.2|	P43334	RecName: Full=Phenylalanine-4-hydroxylase; Short=PAH; AltName: Full=Phe-4-monooxygenase [Pseudomonas aeruginosa PAO1]	84.921	252	2.5999999999999997e-160	448	NA	NA	NA
phnN	sp|C3K5M3.1|	C3K5M3	RecName: Full=Ribose 1,5-bisphosphate phosphokinase PhnN; AltName: Full=Ribose 1,5-bisphosphokinase [Pseudomonas [fluorescens] SBW25]	92.188	192	3.8399999999999997e-118	335	NA	NA	NA
phnR	sp|Q57SD4.1|	Q57SD4	RecName: Full=Putative transcriptional regulator of 2-aminoethylphosphonate degradation operons [Salmonella enterica subsp. enterica serovar Choleraesuis str. SC-B67]	43.556	225	1.66e-61	196	NA	NA	NA
phnV	sp|P0AFK6.1|	P0AFK6	RecName: Full=Spermidine/putrescine transport system permease protein PotC [Escherichia coli K-12]	33.333	219	1.82e-30	117	NA	NA	NA
phnW	sp|Q4K9L8.1|	Q4K9L8	RecName: Full=2-aminoethylphosphonate--pyruvate transaminase; AltName: Full=2-aminoethylphosphonate aminotransferase; AltName: Full=AEP transaminase; Short=AEPT [Pseudomonas protegens Pf-5]	87.572	346	0	635	NA	NA	NA
phnX_1	sp|A7N333.1|	A7N333	RecName: Full=Phosphonoacetaldehyde hydrolase; Short=Phosphonatase; AltName: Full=Phosphonoacetaldehyde phosphonohydrolase [Vibrio campbellii ATCC BAA-1116]	31.515	165	1.28e-16	79	NA	NA	NA
phnX_2	sp|C3JYI3.1|	C3JYI3	RecName: Full=Phosphonoacetaldehyde hydrolase; Short=Phosphonatase; AltName: Full=Phosphonoacetaldehyde phosphonohydrolase [Pseudomonas [fluorescens] SBW25]	95.273	275	0	545	NA	NA	NA
phnZ	sp|D0E8I5.1|	D0E8I5	RecName: Full=2-amino-1-hydroxyethylphosphonate dioxygenase (glycine-forming); AltName: Full=Di-iron oxygenase; AltName: Full=Nonheme iron-dependent oxygenase [uncultured bacterium HF130_AEPn_1]	45.562	169	1.6e-44	149	NA	NA	NA
phoB	sp|P23620.2|	P23620	RecName: Full=Phosphate regulon transcriptional regulatory protein PhoB [Pseudomonas aeruginosa PAO1]	94.298	228	1.3699999999999998e-158	441	NA	NA	NA
phoD_2	sp|P42251.3|	P42251	RecName: Full=Alkaline phosphatase D; Short=APaseD; Flags: Precursor [Bacillus subtilis subsp. subtilis str. 168]	42.264	530	1.1899999999999998e-132	400	NA	NA	NA
phoP_1	sp|P52108.2|	P52108	RecName: Full=Transcriptional regulatory protein RstA [Escherichia coli K-12]	43.333	240	5.5699999999999985e-55	179	NA	NA	NA
phoP_2	sp|Q9I4F9.1|	Q9I4F9	RecName: Full=Two-component response regulator PhoP [Pseudomonas aeruginosa PAO1]	84.889	225	5.64e-120	343	NA	NA	NA
phoQ	sp|Q9I4F8.1|	Q9I4F8	RecName: Full=Two-component sensor PhoQ; Flags: Precursor [Pseudomonas aeruginosa PAO1]	66.741	448	1.9899999999999998e-175	501	NA	NA	NA
phoR	sp|P23621.2|	P23621	RecName: Full=Phosphate regulon sensor protein PhoR [Pseudomonas aeruginosa PAO1]	79.677	433	0	650	NA	NA	NA
phoU	sp|Q9Z410.1|	Q9Z410	RecName: Full=Phosphate-specific transport system accessory protein PhoU homolog; Short=Pst system accessory protein PhoU homolog [Pseudomonas putida]	91.797	256	2.48e-156	437	NA	NA	NA
phrB_1	sp|A9CH39.1|	A9CH39	RecName: Full=(6-4) photolyase; AltName: Full=(6-4)DNA photolyase; AltName: Full=DNA photolyase PhrB; AltName: Full=Photoreactivating enzyme PhrB [Agrobacterium fabrum str. C58]	50.69	507	0	526	NA	NA	NA
phrB_2	sp|P00914.1|	P00914	RecName: Full=Deoxyribodipyrimidine photo-lyase; AltName: Full=DNA photolyase; AltName: Full=Photoreactivating enzyme [Escherichia coli K-12]	44.703	472	1.1099999999999998e-133	397	NA	NA	NA
phzF	sp|Q8NIL3.1|	Q8NIL3	RecName: Full=Antisense-enhancing sequence 1; AltName: Full=AES factor 1 [Schizosaccharomyces pombe 972h-]	35.354	297	2.6599999999999997e-48	165	NA	NA	NA
pigA	sp|G3XCZ8.1|	G3XCZ8	RecName: Full=Heme oxygenase PigA [Pseudomonas aeruginosa PAO1]	56.122	196	7.17e-52	168	NA	NA	NA
pikAII_1	sp|Q0VC50.1|	Q0VC50	RecName: Full=NAD(P)H oxidoreductase RTN4IP1, mitochondrial; AltName: Full=Reticulon-4-interacting protein 1; Flags: Precursor [Bos taurus]	35.714	364	7.93e-52	179	NA	NA	NA
pikC	sp|P53554.1|	P53554	RecName: Full=Biotin biosynthesis cytochrome P450 [Bacillus subtilis subsp. subtilis str. 168]	36.486	148	1.37e-20	95.5	NA	NA	NA
pilA	sp|P36643.1|	P36643	RecName: Full=Fimbrial protein; AltName: Full=Pilin; Flags: Precursor [Pseudomonas putida]	48.598	107	3.5200000000000004e-26	98.6	NA	NA	NA
pilQ	sp|P34750.2|	P34750	RecName: Full=Fimbrial assembly protein PilQ; Flags: Precursor [Pseudomonas aeruginosa PAO1]	69.369	444	0	561	NA	NA	NA
pilT	sp|P24559.1|	P24559	RecName: Full=Type IV pilus retraction ATPase PilT [Pseudomonas aeruginosa PAO1]	72.727	341	0	514	NA	NA	NA
pip_1	sp|Q97UA2.1|	Q97UA2	RecName: Full=Proline iminopeptidase; Short=PIP; AltName: Full=Prolyl aminopeptidase; Short=PAP; AltName: Full=Tricorn protease-interacting factor F1 [Saccharolobus solfataricus P2]	35.537	242	2.62e-41	148	NA	NA	NA
pip_2	sp|Q9PD69.1|	Q9PD69	RecName: Full=Proline iminopeptidase; Short=PIP; AltName: Full=Prolyl aminopeptidase; Short=PAP [Xylella fastidiosa 9a5c]	55.663	309	9.44e-127	367	NA	NA	NA
pitA_1	sp|P0AFJ7.1|	P0AFJ7	RecName: Full=Low-affinity inorganic phosphate transporter PitA; AltName: Full=Metal phosphate:H(+) symporter PitA [Escherichia coli K-12]	45.168	476	4.48e-116	355	NA	NA	NA
pitA_2	sp|P0AFJ7.1|	P0AFJ7	RecName: Full=Low-affinity inorganic phosphate transporter PitA; AltName: Full=Metal phosphate:H(+) symporter PitA [Escherichia coli K-12]	55.467	503	6.12e-141	417	NA	NA	NA
pknD_1	sp|P54744.3|	P54744	RecName: Full=Serine/threonine-protein kinase PknB [Mycobacterium leprae TN]	41.667	252	1.8399999999999998e-47	183	NA	NA	NA
pknD_2	sp|P9WI64.1|	P9WI64	RecName: Full=Serine/threonine-protein kinase PknK; AltName: Full=Protein kinase K [Mycobacterium tuberculosis CDC1551]	39	200	2e-19	96.3	NA	NA	NA
pknD_3	sp|Q9XA16.1|	Q9XA16	RecName: Full=Probable serine/threonine-protein kinase SCO3848 [Streptomyces coelicolor A3(2)]	34.722	216	6.66e-23	101	NA	NA	NA
pld1	sp|Q76KC2.3|	Q76KC2	RecName: Full=Pyridoxal 4-dehydrogenase [Microbacterium luteolum]	36.503	326	4.8600000000000005e-58	193	NA	NA	NA
pleD	sp|P43501.1|	P43501	RecName: Full=Protein PilH [Pseudomonas aeruginosa PAO1]	85.124	121	5.26e-75	221	NA	NA	NA
plsB	sp|C3K4R1.1|	C3K4R1	RecName: Full=Glycerol-3-phosphate acyltransferase; Short=GPAT [Pseudomonas [fluorescens] SBW25]	97.259	839	0	1586	NA	NA	NA
plsC	sp|P0A257.1|	P0A257	RecName: Full=1-acyl-sn-glycerol-3-phosphate acyltransferase; Short=1-AGP acyltransferase; Short=1-AGPAT; AltName: Full=Lysophosphatidic acid acyltransferase; Short=LPAAT [Salmonella enterica subsp. enterica serovar Typhimurium str. LT2]	40.909	220	2.949999999999999e-55	180	NA	NA	NA
plsX	sp|C3K0N6.1|	C3K0N6	RecName: Full=Phosphate acyltransferase; AltName: Full=Acyl-ACP phosphotransacylase; AltName: Full=Acyl-[acyl-carrier-protein]--phosphate acyltransferase; AltName: Full=Phosphate-acyl-ACP acyltransferase [Pseudomonas [fluorescens] SBW25]	96.319	326	0	633	NA	NA	NA
plsY	sp|Q3K5S2.1|	Q3K5S2	RecName: Full=Glycerol-3-phosphate acyltransferase; AltName: Full=Acyl-PO4 G3P acyltransferase; AltName: Full=Acyl-phosphate--glycerol-3-phosphate acyltransferase; AltName: Full=G3P acyltransferase; Short=GPAT; AltName: Full=Lysophosphatidic acid synthase; Short=LPA synthase [Pseudomonas fluorescens Pf0-1]	92.593	189	1.64e-93	273	NA	NA	NA
pmbA	sp|P0AFK0.1|	P0AFK0	RecName: Full=Metalloprotease PmbA; AltName: Full=Protein TldE [Escherichia coli K-12]	51.294	425	1.14e-136	403	NA	NA	NA
pmdD	sp|Q93PS7.1|	Q93PS7	RecName: Full=2-pyrone-4,6-dicarbaxylate hydrolase; Short=PDC hydrolase; AltName: Full=2-pyrone-4,6-dicarboxylate lactonase [Comamonas testosteroni]	30.466	279	1.89e-30	119	NA	NA	NA
pmpR	sp|Q3K7V7.1|	Q3K7V7	RecName: Full=Probable transcriptional regulatory protein Pfl01_4410 [Pseudomonas fluorescens Pf0-1]	91.093	247	1.6299999999999997e-132	376	NA	NA	NA
pncB2	sp|Q3KIW4.1|	Q3KIW4	RecName: Full=Nicotinate phosphoribosyltransferase; Short=NAPRTase [Pseudomonas fluorescens Pf0-1]	92.289	402	0	753	NA	NA	NA
pncC	sp|P72227.1|	P72227	RecName: Full=Nicotinamide-nucleotide amidohydrolase PncC; Short=NMN amidohydrolase PncC; AltName: Full=NMN deamidase; AltName: Full=Nicotinamide-nucleotide amidase [Pseudomonas putida]	77.778	144	1.29e-71	216	NA	NA	NA
pncC_2	sp|P31131.1|	P31131	RecName: Full=Protein YdeJ [Escherichia coli K-12]	39.716	141	3.62e-24	95.5	NA	NA	NA
pnp	sp|C3K255.1|	C3K255	RecName: Full=Polyribonucleotide nucleotidyltransferase; AltName: Full=Polynucleotide phosphorylase; Short=PNPase [Pseudomonas [fluorescens] SBW25]	99.001	701	0	1333	NA	NA	NA
pntA	sp|P51995.2|	P51995	RecName: Full=NAD(P) transhydrogenase subunit alpha part 2; AltName: Full=Nicotinamide nucleotide transhydrogenase subunit alpha 2; AltName: Full=Pyridine nucleotide transhydrogenase subunit alpha 2 [Rickettsia prowazekii str. Madrid E]	53.333	90	6.55e-29	104	NA	NA	NA
pntAA	sp|P0C186.1|	P0C186	RecName: Full=NAD(P) transhydrogenase subunit alpha part 1; AltName: Full=Nicotinamide nucleotide transhydrogenase subunit alpha 1; AltName: Full=Proton-translocating transhydrogenase component 1; AltName: Full=Pyridine nucleotide transhydrogenase subunit alpha 1; AltName: Full=dI [Rhodospirillum rubrum]	50.396	379	4.0899999999999996e-108	325	NA	NA	NA
pntAA_1	sp|P0C186.1|	P0C186	RecName: Full=NAD(P) transhydrogenase subunit alpha part 1; AltName: Full=Nicotinamide nucleotide transhydrogenase subunit alpha 1; AltName: Full=Proton-translocating transhydrogenase component 1; AltName: Full=Pyridine nucleotide transhydrogenase subunit alpha 1; AltName: Full=dI [Rhodospirillum rubrum]	41.005	378	3.6299999999999996e-54	186	NA	NA	NA
pntB	sp|P0C188.1|	P0C188	RecName: Full=NAD(P) transhydrogenase subunit beta; AltName: Full=Nicotinamide nucleotide transhydrogenase subunit beta; AltName: Full=Proton-translocating transhydrogenase NADP(H)-binding component; AltName: Full=Pyridine nucleotide transhydrogenase subunit beta; AltName: Full=dIII [Rhodospirillum rubrum]	57.322	478	2.15e-158	460	NA	NA	NA
pntB_1	sp|P0C188.1|	P0C188	RecName: Full=NAD(P) transhydrogenase subunit beta; AltName: Full=Nicotinamide nucleotide transhydrogenase subunit beta; AltName: Full=Proton-translocating transhydrogenase NADP(H)-binding component; AltName: Full=Pyridine nucleotide transhydrogenase subunit beta; AltName: Full=dIII [Rhodospirillum rubrum]	42.211	398	2.36e-83	268	NA	NA	NA
pobA	sp|P20586.1|	P20586	RecName: Full=p-hydroxybenzoate hydroxylase; Short=PHBH; AltName: Full=4-hydroxybenzoate 3-monooxygenase [Pseudomonas aeruginosa PAO1]	74.873	394	0	626	NA	NA	NA
polA	sp|Q9HT80.1|	Q9HT80	RecName: Full=DNA polymerase I; Short=POL I [Pseudomonas aeruginosa PAO1]	77.336	931	0	1367	NA	NA	NA
polB	sp|P21189.2|	P21189	RecName: Full=DNA polymerase II; Short=Pol II [Escherichia coli K-12]	67.219	784	0	1064	NA	NA	NA
polS	sp|Q59787.1|	Q59787	RecName: Full=Sorbitol dehydrogenase; Short=SDH; AltName: Full=Galactitol 2-dehydrogenase; AltName: Full=L-iditol 2-dehydrogenase; AltName: Full=Polyol dehydrogenase [Cereibacter sphaeroides]	77.647	255	6.199999999999999e-143	404	NA	NA	NA
pomA	sp|P28611.1|	P28611	RecName: Full=Motility protein A; AltName: Full=Chemotaxis protein MotA [Bacillus subtilis subsp. subtilis str. 168]	38.367	245	1.0599999999999999e-48	164	NA	NA	NA
por	sp|Q0UEB6.1|	Q0UEB6	RecName: Full=Mannitol 2-dehydrogenase; Short=M2DH; Short=MDH [Parastagonospora nodorum SN15]	44.286	490	2.1899999999999997e-138	413	NA	NA	NA
potA_1	sp|P31134.2|	P31134	RecName: Full=Putrescine transport ATP-binding protein PotG [Escherichia coli K-12]	63.687	358	7.059999999999999e-145	418	NA	NA	NA
potA_2	sp|Q110U3.1|	Q110U3	RecName: Full=Spermidine/putrescine import ATP-binding protein PotA [Trichodesmium erythraeum IMS101]	46.765	340	2.4199999999999997e-103	312	NA	NA	NA
potA_3	sp|Q9KS33.1|	Q9KS33	RecName: Full=Spermidine/putrescine import ATP-binding protein PotA [Vibrio cholerae O1 biovar El Tor str. N16961]	42.697	356	5.65e-65	213	NA	NA	NA
potB	sp|P45170.1|	P45170	RecName: Full=Spermidine/putrescine transport system permease protein PotB [Haemophilus influenzae Rd KW20]	32.857	210	1.2699999999999998e-35	132	NA	NA	NA
potH	sp|P31135.1|	P31135	RecName: Full=Putrescine transport system permease protein PotH [Escherichia coli K-12]	59.79	286	7.040000000000001e-117	342	NA	NA	NA
poxB	sp|P07003.1|	P07003	RecName: Full=Pyruvate dehydrogenase [ubiquinone]; AltName: Full=Pyruvate oxidase; Short=POX; AltName: Full=Pyruvate:ubiquinone-8 oxidoreductase [Escherichia coli K-12]	66.897	580	0	791	NA	NA	NA
ppa	sp|Q889M7.1|	Q889M7	RecName: Full=Inorganic pyrophosphatase 1; AltName: Full=Pyrophosphate phospho-hydrolase 1; Short=PPase 1 [Pseudomonas syringae pv. tomato str. DC3000]	96.571	175	1.3000000000000001e-122	346	NA	NA	NA
ppaC	sp|Q65E18.1|	Q65E18	RecName: Full=Probable manganese-dependent inorganic pyrophosphatase; AltName: Full=Pyrophosphate phospho-hydrolase; Short=PPase [Bacillus licheniformis DSM 13 = ATCC 14580]	31.111	180	9.91e-12	68.2	NA	NA	NA
ppaX	sp|Q9L392.1|	Q9L392	RecName: Full=Probable phosphatase IndB [Dickeya dadantii 3937]	34.928	209	4.9000000000000004e-29	111	NA	NA	NA
ppc_1	sp|Q3KHE4.1|	Q3KHE4	RecName: Full=Phosphoenolpyruvate carboxylase; Short=PEPC; Short=PEPCase [Pseudomonas fluorescens Pf0-1]	91.373	881	0	1496	NA	NA	NA
ppiA	sp|Q59641.2|	Q59641	RecName: Full=Peptidyl-prolyl cis-trans isomerase A; Short=PPIase A; AltName: Full=Cyclophilin A; AltName: Full=Rotamase A; Flags: Precursor [Pseudomonas aeruginosa PAO1]	63.636	187	4.08e-71	216	NA	NA	NA
ppiC_1	sp|P0A9L5.2|	P0A9L5	RecName: Full=Peptidyl-prolyl cis-trans isomerase C; Short=PPIase C; AltName: Full=Par10; AltName: Full=Parvulin; AltName: Full=Rotamase C [Escherichia coli K-12]	55.056	89	1.02e-27	99.4	NA	NA	NA
ppiC_2	sp|P0A9L5.2|	P0A9L5	RecName: Full=Peptidyl-prolyl cis-trans isomerase C; Short=PPIase C; AltName: Full=Par10; AltName: Full=Parvulin; AltName: Full=Rotamase C [Escherichia coli K-12]	54.348	92	3.97e-27	97.8	NA	NA	NA
ppiD	sp|P0ABZ6.1|	P0ABZ6	RecName: Full=Chaperone SurA; AltName: Full=Peptidyl-prolyl cis-trans isomerase SurA; Short=PPIase SurA; AltName: Full=Rotamase SurA; AltName: Full=Survival protein A; Flags: Precursor [Escherichia coli K-12]	57.292	96	6.87e-26	114	NA	NA	NA
ppk	sp|Q87UP6.1|	Q87UP6	RecName: Full=Polyphosphate kinase; AltName: Full=ATP-polyphosphate phosphotransferase; AltName: Full=Polyphosphoric acid kinase [Pseudomonas syringae pv. tomato str. DC3000]	91.79	743	0	1322	NA	NA	NA
ppnN	sp|P0ADR8.1|	P0ADR8	RecName: Full=Pyrimidine/purine nucleotide 5'-monophosphate nucleosidase; AltName: Full=AMP nucleosidase; AltName: Full=CMP nucleosidase; AltName: Full=GMP nucleosidase; AltName: Full=IMP nucleosidase; AltName: Full=UMP nucleosidase; AltName: Full=dTMP nucleosidase [Escherichia coli K-12]	56.793	449	0	541	NA	NA	NA
ppnP	sp|C3K0G3.1|	C3K0G3	RecName: Full=Pyrimidine/purine nucleoside phosphorylase; AltName: Full=Adenosine phosphorylase; AltName: Full=Cytidine phosphorylase; AltName: Full=Guanosine phosphorylase; AltName: Full=Inosine phosphorylase; AltName: Full=Thymidine phosphorylase; AltName: Full=Uridine phosphorylase; AltName: Full=Xanthosine phosphorylase [Pseudomonas [fluorescens] SBW25]	95.745	94	2.59e-63	189	NA	NA	NA
ppsA	sp|Q02KR1.1|	Q02KR1	RecName: Full=Phosphoenolpyruvate synthase; Short=PEP synthase; AltName: Full=Pyruvate, water dikinase [Pseudomonas aeruginosa UCBPP-PA14]	91.909	791	0	1469	NA	NA	NA
ppsC	sp|Q53FA7.2|	Q53FA7	RecName: Full=Quinone oxidoreductase PIG3; AltName: Full=NADPH:quinone reductase PIG3; AltName: Full=Tumor protein p53-inducible protein 3; Short=Protein PIG3; AltName: Full=p53-induced gene 3 protein [Homo sapiens]	42.633	319	3.3599999999999997e-66	214	NA	NA	NA
ppsR	sp|C3K116.1|	C3K116	RecName: Full=Putative phosphoenolpyruvate synthase regulatory protein; Short=PEP synthase regulatory protein; Short=PSRP; AltName: Full=Pyruvate, water dikinase regulatory protein [Pseudomonas [fluorescens] SBW25]	99.265	272	0	560	NA	NA	NA
ppx	sp|Q9S605.1|	Q9S605	RecName: Full=Exopolyphosphatase; Short=ExopolyPase [Pseudomonas aeruginosa]	75.2	500	0	790	NA	NA	NA
pqiA_1	sp|P0AFL9.1|	P0AFL9	RecName: Full=Intermembrane transport protein PqiA; AltName: Full=Paraquat-inducible protein A [Escherichia coli K-12]	45.366	205	4.319999999999999e-55	183	NA	NA	NA
pqiA_2	sp|P0AFL9.1|	P0AFL9	RecName: Full=Intermembrane transport protein PqiA; AltName: Full=Paraquat-inducible protein A [Escherichia coli K-12]	30.055	183	6.18e-17	82	NA	NA	NA
pqiA_3	sp|P0AFL9.1|	P0AFL9	RecName: Full=Intermembrane transport protein PqiA; AltName: Full=Paraquat-inducible protein A [Escherichia coli K-12]	39.459	185	3.33e-32	123	NA	NA	NA
pqiB	sp|P43671.2|	P43671	RecName: Full=Intermembrane transport protein PqiB; AltName: Full=Paraquat-inducible protein B [Escherichia coli K-12]	31.827	531	1.15e-74	249	NA	NA	NA
pqqB	sp|C3K348.1|	C3K348	RecName: Full=Coenzyme PQQ synthesis protein B; AltName: Full=Pyrroloquinoline quinone biosynthesis protein B [Pseudomonas [fluorescens] SBW25]	98.68	303	0	618	NA	NA	NA
pqqC	sp|Q88QV6.1|	Q88QV6	RecName: Full=Pyrroloquinoline-quinone synthase; AltName: Full=Coenzyme PQQ synthesis protein C; AltName: Full=Pyrroloquinoline quinone biosynthesis protein C [Pseudomonas putida KT2440]	94.821	251	2.2499999999999996e-180	498	NA	NA	NA
pqqD	sp|C3K350.1|	C3K350	RecName: Full=PqqA binding protein; AltName: Full=Coenzyme PQQ synthesis protein D; AltName: Full=Pyrroloquinoline quinone biosynthesis protein D [Pseudomonas [fluorescens] SBW25]	95.604	91	1.14e-60	182	NA	NA	NA
pqqE	sp|Q4K4U8.1|	Q4K4U8	RecName: Full=PqqA peptide cyclase; AltName: Full=Coenzyme PQQ synthesis protein E; AltName: Full=Pyrroloquinoline quinone biosynthesis protein E [Pseudomonas protegens Pf-5]	94.344	389	0	765	NA	NA	NA
prc	sp|P23865.2|	P23865	RecName: Full=Tail-specific protease; AltName: Full=C-terminal-processing peptidase; AltName: Full=PRC protein; AltName: Full=Protease Re; Flags: Precursor [Escherichia coli K-12]	41.899	716	2.63e-159	478	NA	NA	NA
preA	sp|Q8ZNL7.1|	Q8ZNL7	RecName: Full=NAD-dependent dihydropyrimidine dehydrogenase subunit PreA; Short=DPD; AltName: Full=Dihydrothymine dehydrogenase; AltName: Full=Dihydrouracil dehydrogenase [Salmonella enterica subsp. enterica serovar Typhimurium str. LT2]	43.951	405	7.529999999999999e-104	317	NA	NA	NA
preT	sp|Q8U195.1|	Q8U195	RecName: Full=Sulfide dehydrogenase subunit alpha; Short=SuDH; AltName: Full=Ferredoxin:NADP oxidoreductase; Short=FNOR; Flags: Precursor [Pyrococcus furiosus DSM 3638]	31.847	471	1.6200000000000003e-64	218	NA	NA	NA
prfA	sp|C3KDC6.1|	C3KDC6	RecName: Full=Peptide chain release factor 1; Short=RF-1 [Pseudomonas [fluorescens] SBW25]	99.167	360	0	730	NA	NA	NA
prfB	sp|Q3BUB7.1|	Q3BUB7	RecName: Full=Peptide chain release factor 2; Short=RF-2 [Xanthomonas euvesicatoria pv. vesicatoria str. 85-10]	69.679	343	7.709999999999999e-174	495	NA	NA	NA
prfC	sp|C3K5A9.1|	C3K5A9	RecName: Full=Peptide chain release factor 3; Short=RF-3 [Pseudomonas [fluorescens] SBW25]	98.482	527	0	1079	NA	NA	NA
priA	sp|A6TGC5.1|	A6TGC5	RecName: Full=Replication restart protein PriA; AltName: Full=ATP-dependent DNA helicase PriA; AltName: Full=DNA 3'-5' helicase PriA; AltName: Full=PriA DNA helicase [Klebsiella pneumoniae subsp. pneumoniae MGH 78578]	50	722	0	665	NA	NA	NA
prlC	sp|P44573.1|	P44573	RecName: Full=Oligopeptidase A [Haemophilus influenzae Rd KW20]	56.223	683	0	737	NA	NA	NA
prmA	sp|C3K6W5.1|	C3K6W5	RecName: Full=Ribosomal protein L11 methyltransferase; Short=L11 Mtase [Pseudomonas [fluorescens] SBW25]	97.945	292	0	552	NA	NA	NA
prmB	sp|Q9I347.1|	Q9I347	RecName: Full=Ribosomal protein uL3 glutamine methyltransferase; Short=uL3 MTase; AltName: Full=N5-glutamine methyltransferase PrmB [Pseudomonas aeruginosa PAO1]	79.264	299	1.0599999999999998e-177	495	NA	NA	NA
prmC	sp|Q9HVC8.1|	Q9HVC8	RecName: Full=Release factor glutamine methyltransferase; Short=RF MTase; AltName: Full=N5-glutamine methyltransferase PrmC; AltName: Full=Protein-(glutamine-N5) MTase PrmC; AltName: Full=Protein-glutamine N-methyltransferase PrmC [Pseudomonas aeruginosa PAO1]	70.29	276	2.4700000000000003e-122	353	NA	NA	NA
proA	sp|C3K2M9.1|	C3K2M9	RecName: Full=Gamma-glutamyl phosphate reductase; Short=GPR; AltName: Full=Glutamate-5-semialdehyde dehydrogenase; AltName: Full=Glutamyl-gamma-semialdehyde dehydrogenase; Short=GSA dehydrogenase [Pseudomonas [fluorescens] SBW25]	97.625	421	0	761	NA	NA	NA
proB	sp|Q3K6L0.2|	Q3K6L0	RecName: Full=Glutamate 5-kinase; AltName: Full=Gamma-glutamyl kinase; Short=GK [Pseudomonas fluorescens Pf0-1]	97.849	372	0	674	NA	NA	NA
proC	sp|P22008.2|	P22008	RecName: Full=Pyrroline-5-carboxylate reductase; Short=P5C reductase; Short=P5CR; AltName: Full=PCA reductase [Pseudomonas aeruginosa PAO1]	70.33	273	3.2799999999999996e-134	383	NA	NA	NA
proP_1	sp|P16482.1|	P16482	RecName: Full=Citrate-proton symporter; AltName: Full=Citrate carrier protein; AltName: Full=Citrate transporter [Klebsiella pneumoniae]	74.528	424	0	536	NA	NA	NA
proP_2	sp|P07661.1|	P07661	RecName: Full=Citrate-proton symporter; AltName: Full=Citrate carrier protein; AltName: Full=Citrate transporter; AltName: Full=Citrate utilization determinant; AltName: Full=Citrate utilization protein A [Escherichia coli]	63.57	409	2.2999999999999996e-163	469	NA	NA	NA
proP_3	sp|P40862.2|	P40862	RecName: Full=Proline/betaine transporter; AltName: Full=Proline porter II; Short=PPII [Salmonella enterica subsp. enterica serovar Typhimurium str. LT2]	33.649	422	3.09e-71	236	NA	NA	NA
proP_4	sp|P40862.2|	P40862	RecName: Full=Proline/betaine transporter; AltName: Full=Proline porter II; Short=PPII [Salmonella enterica subsp. enterica serovar Typhimurium str. LT2]	81.727	498	0	764	NA	NA	NA
proP_5	sp|P0C0L7.1|	P0C0L7	RecName: Full=Proline/betaine transporter; AltName: Full=Proline porter II; Short=PPII [Escherichia coli K-12]	30.13	385	1.82e-27	117	NA	NA	NA
proR	sp|Q88NF3.1|	Q88NF3	RecName: Full=4-hydroxyproline 2-epimerase; Short=4-hydroxyproline epimerase; Short=4Hyp 2-epimerase; Short=4HypE [Pseudomonas putida KT2440]	81.818	308	0	530	NA	NA	NA
proS	sp|Q4KH98.1|	Q4KH98	RecName: Full=Proline--tRNA ligase; AltName: Full=Prolyl-tRNA synthetase; Short=ProRS [Pseudomonas protegens Pf-5]	96.147	571	0	1094	NA	NA	NA
proY_1	sp|C3K810.1|	C3K810	RecName: Full=L-histidine transporter HutT [Pseudomonas [fluorescens] SBW25]	97.441	469	0	814	NA	NA	NA
proY_2	sp|O34618.1|	O34618	RecName: Full=Uncharacterized amino acid permease YtnA [Bacillus subtilis subsp. subtilis str. 168]	68.384	427	0	554	NA	NA	NA
prpB_1	sp|Q937P0.1|	Q937P0	RecName: Full=2-methylisocitrate lyase; Short=2-MIC; Short=MICL; AltName: Full=(2R,3S)-2-methylisocitrate lyase [Cupriavidus necator]	78.716	296	1.4299999999999998e-152	431	NA	NA	NA
prpC_1	sp|O34779.1|	O34779	RecName: Full=Protein phosphatase PrpC [Bacillus subtilis subsp. subtilis str. 168]	35.246	244	1.3599999999999998e-35	129	NA	NA	NA
prpC_2	sp|Q8EJW2.1|	Q8EJW2	RecName: Full=2-methylcitrate synthase; Short=2-MCS; Short=MCS; AltName: Full=Citrate synthase [Shewanella oneidensis MR-1]	74.4	375	0	593	NA	NA	NA
prpC_3	sp|O34779.1|	O34779	RecName: Full=Protein phosphatase PrpC [Bacillus subtilis subsp. subtilis str. 168]	30.638	235	2.9200000000000002e-27	108	NA	NA	NA
prpD	sp|Q937N6.1|	Q937N6	RecName: Full=2-methylcitrate dehydratase; Short=2-MC dehydratase; AltName: Full=Aconitate hydratase; Short=ACN; Short=Aconitase [Cupriavidus necator]	61.771	497	0	604	NA	NA	NA
prs	sp|Q888C6.1|	Q888C6	RecName: Full=Ribose-phosphate pyrophosphokinase; Short=RPPK; AltName: Full=5-phospho-D-ribosyl alpha-1-diphosphate synthase; AltName: Full=Phosphoribosyl diphosphate synthase; AltName: Full=Phosphoribosyl pyrophosphate synthase; Short=P-Rib-PP synthase; Short=PRPP synthase; Short=PRPPase [Pseudomonas syringae pv. tomato str. DC3000]	98.387	310	0	621	NA	NA	NA
prsD	sp|Q03024.1|	Q03024	RecName: Full=Alkaline protease secretion ATP-binding protein AprD [Pseudomonas aeruginosa PAO1]	58.984	551	0	584	NA	NA	NA
prsE_1	sp|Q03025.2|	Q03025	RecName: Full=Alkaline protease secretion protein AprE [Pseudomonas aeruginosa PAO1]	49.417	429	2.11e-140	411	NA	NA	NA
prsE_2	sp|Q7ANN5.1|	Q7ANN5	RecName: Full=Type I secretion system membrane fusion protein PrsE [Sinorhizobium meliloti 1021]	30.788	406	4.49e-38	146	NA	NA	NA
prsE_3	sp|P09986.1|	P09986	RecName: Full=Hemolysin secretion protein D, chromosomal [Escherichia coli]	32.026	153	8.35e-9	60.8	NA	NA	NA
prtR_1	sp|Q06553.1|	Q06553	RecName: Full=HTH-type transcriptional regulator PrtR; AltName: Full=Pyocin repressor protein [Pseudomonas aeruginosa PAO1]	34.866	261	1.19e-44	154	NA	NA	NA
prtR_2	sp|Q06553.1|	Q06553	RecName: Full=HTH-type transcriptional regulator PrtR; AltName: Full=Pyocin repressor protein [Pseudomonas aeruginosa PAO1]	41.202	233	1.64e-50	168	NA	NA	NA
prtR_3	sp|Q06553.1|	Q06553	RecName: Full=HTH-type transcriptional regulator PrtR; AltName: Full=Pyocin repressor protein [Pseudomonas aeruginosa PAO1]	42.616	237	2.9800000000000004e-59	191	NA	NA	NA
psd	sp|C3KDM6.1|	C3KDM6	RecName: Full=Phosphatidylserine decarboxylase proenzyme; Contains: RecName: Full=Phosphatidylserine decarboxylase alpha chain; Contains: RecName: Full=Phosphatidylserine decarboxylase beta chain [Pseudomonas [fluorescens] SBW25]	96.853	286	0	555	NA	NA	NA
psiE	sp|Q813A6.1|	Q813A6	RecName: Full=Protein PsiE homolog [Bacillus cereus ATCC 14579]	35.556	90	6.61e-8	52	NA	NA	NA
psiF	sp|P0AFM4.1|	P0AFM4	RecName: Full=Phosphate starvation-inducible protein PsiF; Flags: Precursor [Escherichia coli K-12]	53.247	77	2.93e-20	81.3	NA	NA	NA
pssA	sp|P23830.2|	P23830	RecName: Full=CDP-diacylglycerol--serine O-phosphatidyltransferase PssA; AltName: Full=Phosphatidylserine synthase [Escherichia coli K-12]	53.935	432	2.09e-148	433	NA	NA	NA
pstA	sp|Q9PBK1.1|	Q9PBK1	RecName: Full=Phosphate transport system permease protein PstA [Xylella fastidiosa 9a5c]	59.023	266	1.2499999999999998e-96	289	NA	NA	NA
pstB_1	sp|Q4K3K9.1|	Q4K3K9	RecName: Full=Phosphate import ATP-binding protein PstB; AltName: Full=ABC phosphate transporter; AltName: Full=Phosphate-transporting ATPase [Pseudomonas protegens Pf-5]	97.834	277	0	568	NA	NA	NA
pstB_2	sp|Q48HD9.1|	Q48HD9	RecName: Full=Phosphate import ATP-binding protein PstB 1; AltName: Full=ABC phosphate transporter 1; AltName: Full=Phosphate-transporting ATPase 1 [Pseudomonas savastanoi pv. phaseolicola 1448A]	89.189	259	4.5799999999999993e-166	462	NA	NA	NA
pstC	sp|Q9PBK2.1|	Q9PBK2	RecName: Full=Phosphate transport system permease protein PstC [Xylella fastidiosa 9a5c]	66.007	303	1.1499999999999999e-126	368	NA	NA	NA
pstS_1	sp|G3XDA8.1|	G3XDA8	RecName: Full=Phosphate-binding protein PstS; Flags: Precursor [Pseudomonas aeruginosa PAO1]	84.887	311	0	506	NA	NA	NA
pstS_2	sp|Q87C91.1|	Q87C91	RecName: Full=Phosphate-binding protein PstS; Short=PBP; Flags: Precursor [Xylella fastidiosa Temecula1]	63.344	311	6.39e-111	330	NA	NA	NA
pta	sp|Q88PS4.1|	Q88PS4	RecName: Full=Phosphate acetyltransferase; AltName: Full=Phosphotransacetylase [Pseudomonas putida KT2440]	87.879	693	0	1188	NA	NA	NA
pth	sp|C3KCR9.1|	C3KCR9	RecName: Full=Peptidyl-tRNA hydrolase; Short=Pth [Pseudomonas [fluorescens] SBW25]	97.423	194	1.2199999999999998e-125	355	NA	NA	NA
ptrB	sp|P24555.2|	P24555	RecName: Full=Protease 2; AltName: Full=Oligopeptidase B; AltName: Full=Protease II [Escherichia coli K-12]	38.978	685	2.1899999999999998e-135	416	NA	NA	NA
ptsN	sp|Q9HVV4.1|	Q9HVV4	RecName: Full=Nitrogen regulatory protein; AltName: Full=Enzyme IIA-NTR; Includes: RecName: Full=Phosphotransferase enzyme IIA component; AltName: Full=PTS system EIIA component [Pseudomonas aeruginosa PAO1]	75.974	154	4.0399999999999995e-87	254	NA	NA	NA
ptsO	sp|Q9HVV2.1|	Q9HVV2	RecName: Full=Phosphocarrier protein HPr; AltName: Full=Histidine-containing protein [Pseudomonas aeruginosa PAO1]	80	90	2.61e-49	153	NA	NA	NA
ptsP	sp|P37177.2|	P37177	RecName: Full=Phosphoenolpyruvate-dependent phosphotransferase system; AltName: Full=Enzyme I-Ntr; Short=EINtr; AltName: Full=Phosphotransferase system, enzyme I [Escherichia coli K-12]	42.936	722	0	580	NA	NA	NA
pucA	sp|Q46808.1|	Q46808	RecName: Full=Uncharacterized protein YqeB [Escherichia coli K-12]	34.118	170	9.79e-15	78.2	NA	NA	NA
pucD	sp|Q00519.5|	Q00519	RecName: Full=Xanthine dehydrogenase/oxidase; Includes: RecName: Full=Xanthine dehydrogenase; Short=XD; Includes: RecName: Full=Xanthine oxidase; Short=XO; AltName: Full=Xanthine oxidoreductase; Short=XOR [Mus musculus]	44.689	772	0	616	NA	NA	NA
pucI_1	sp|P94575.1|	P94575	RecName: Full=Allantoin permease; AltName: Full=Allantoin transport protein; AltName: Full=Allantoin transporter [Bacillus subtilis subsp. subtilis str. 168]	35.404	483	3.68e-84	272	NA	NA	NA
pucI_2	sp|P94575.1|	P94575	RecName: Full=Allantoin permease; AltName: Full=Allantoin transport protein; AltName: Full=Allantoin transporter [Bacillus subtilis subsp. subtilis str. 168]	31.818	462	1.19e-71	238	NA	NA	NA
pucI_3	sp|P94575.1|	P94575	RecName: Full=Allantoin permease; AltName: Full=Allantoin transport protein; AltName: Full=Allantoin transporter [Bacillus subtilis subsp. subtilis str. 168]	35.824	455	1.31e-79	259	NA	NA	NA
pucM	sp|Q9I3J5.1|	Q9I3J5	RecName: Full=5-hydroxyisourate hydrolase; Short=HIU hydrolase; Short=HIUHase [Pseudomonas aeruginosa PAO1]	81.197	117	8.25e-67	200	NA	NA	NA
purA	sp|C3KDW8.1|	C3KDW8	RecName: Full=Adenylosuccinate synthetase; Short=AMPSase; Short=AdSS; AltName: Full=IMP--aspartate ligase [Pseudomonas [fluorescens] SBW25]	97.902	429	0	816	NA	NA	NA
purB	sp|Q9I0K9.1|	Q9I0K9	RecName: Full=Adenylosuccinate lyase; Short=ASL; AltName: Full=Adenylosuccinase; Short=ASase [Pseudomonas aeruginosa PAO1]	86.842	456	0	832	NA	NA	NA
purC	sp|C3KED7.1|	C3KED7	RecName: Full=Phosphoribosylaminoimidazole-succinocarboxamide synthase; AltName: Full=SAICAR synthetase [Pseudomonas [fluorescens] SBW25]	99.578	237	4.809999999999999e-162	450	NA	NA	NA
purD	sp|Q87VR8.1|	Q87VR8	RecName: Full=Phosphoribosylamine--glycine ligase; AltName: Full=GARS; AltName: Full=Glycinamide ribonucleotide synthetase; AltName: Full=Phosphoribosylglycinamide synthetase [Pseudomonas syringae pv. tomato str. DC3000]	93.023	430	0	778	NA	NA	NA
purE	sp|P72157.2|	P72157	RecName: Full=N5-carboxyaminoimidazole ribonucleotide mutase; Short=N5-CAIR mutase; AltName: Full=5-(carboxyamino)imidazole ribonucleotide mutase [Pseudomonas aeruginosa PAO1]	91.411	163	5.23e-84	247	NA	NA	NA
purF	sp|Q51342.3|	Q51342	RecName: Full=Amidophosphoribosyltransferase; Short=ATase; AltName: Full=Glutamine phosphoribosylpyrophosphate amidotransferase; Short=GPATase [Pseudomonas aeruginosa PAO1]	90.818	501	0	953	NA	NA	NA
purH	sp|C3K6E0.1|	C3K6E0	RecName: Full=Bifunctional purine biosynthesis protein PurH; Includes: RecName: Full=Phosphoribosylaminoimidazolecarboxamide formyltransferase; AltName: Full=AICAR transformylase; Includes: RecName: Full=IMP cyclohydrolase; AltName: Full=ATIC; AltName: Full=IMP synthase; AltName: Full=Inosinicase [Pseudomonas [fluorescens] SBW25]	99.252	535	0	1091	NA	NA	NA
purK	sp|P72158.2|	P72158	RecName: Full=N5-carboxyaminoimidazole ribonucleotide synthase; Short=N5-CAIR synthase; AltName: Full=5-(carboxyamino)imidazole ribonucleotide synthetase [Pseudomonas aeruginosa PAO1]	89.106	358	0	592	NA	NA	NA
purL	sp|Q4KHS6.1|	Q4KHS6	RecName: Full=Phosphoribosylformylglycinamidine synthase; Short=FGAM synthase; Short=FGAMS; AltName: Full=Formylglycinamide ribonucleotide amidotransferase; Short=FGAR amidotransferase; Short=FGAR-AT [Pseudomonas protegens Pf-5]	94.145	1298	0	2463	NA	NA	NA
purM	sp|C3K102.1|	C3K102	RecName: Full=Phosphoribosylformylglycinamidine cyclo-ligase; AltName: Full=AIR synthase; AltName: Full=AIRS; AltName: Full=Phosphoribosyl-aminoimidazole synthetase [Pseudomonas [fluorescens] SBW25]	99.432	352	0	709	NA	NA	NA
purN_1	sp|P08179.1|	P08179	RecName: Full=Phosphoribosylglycinamide formyltransferase; AltName: Full=5'-phosphoribosylglycinamide transformylase; AltName: Full=GAR transformylase; Short=GART [Escherichia coli K-12]	61.702	188	2.09e-81	244	NA	NA	NA
purN_3	sp|B3EPG6.1|	B3EPG6	RecName: Full=Methionyl-tRNA formyltransferase [Chlorobium phaeobacteroides BS1]	35.965	114	4.33e-9	58.5	NA	NA	NA
purR	sp|B6EH86.1|	B6EH86	RecName: Full=HTH-type transcriptional repressor PurR; AltName: Full=Pur regulon repressor; AltName: Full=Purine nucleotide synthesis repressor [Aliivibrio salmonicida LFI1238]	41.994	331	1.66e-90	277	NA	NA	NA
purT	sp|C3K1H6.1|	C3K1H6	RecName: Full=Formate-dependent phosphoribosylglycinamide formyltransferase; AltName: Full=5'-phosphoribosylglycinamide transformylase 2; AltName: Full=Formate-dependent GAR transformylase; AltName: Full=GAR transformylase 2; Short=GART 2; AltName: Full=Non-folate glycinamide ribonucleotide transformylase; AltName: Full=Phosphoribosylglycinamide formyltransferase 2 [Pseudomonas [fluorescens] SBW25]	100	376	0	768	NA	NA	NA
purU_1	sp|Q46339.1|	Q46339	RecName: Full=Formyltetrahydrofolate deformylase; AltName: Full=Formyl-FH(4) hydrolase [Corynebacterium sp. P-1]	51.429	280	1.57e-94	283	NA	NA	NA
purU_2	sp|Q55135.1|	Q55135	RecName: Full=Formyltetrahydrofolate deformylase; AltName: Full=Formyl-FH(4) hydrolase [Synechocystis sp. PCC 6803 substr. Kazusa]	46.786	280	7.2e-90	271	NA	NA	NA
putA	sp|P09546.3|	P09546	RecName: Full=Bifunctional protein PutA; Includes: RecName: Full=Proline dehydrogenase; AltName: Full=Proline oxidase; Includes: RecName: Full=Delta-1-pyrroline-5-carboxylate dehydrogenase; Short=P5C dehydrogenase; AltName: Full=L-glutamate gamma-semialdehyde dehydrogenase [Escherichia coli K-12]	73.222	1322	0	1899	NA	NA	NA
putP_1	sp|P07117.1|	P07117	RecName: Full=Sodium/proline symporter; AltName: Full=Proline carrier; AltName: Full=Proline permease; AltName: Full=Propionate transporter [Escherichia coli K-12]	75.813	492	0	705	NA	NA	NA
puuA_1	sp|P78061.2|	P78061	RecName: Full=Gamma-glutamylputrescine synthetase PuuA; Short=Gamma-Glu-Put synthetase; AltName: Full=Glutamate--putrescine ligase [Escherichia coli K-12]	43.371	445	1.35e-128	384	NA	NA	NA
puuA_2	sp|P78061.2|	P78061	RecName: Full=Gamma-glutamylputrescine synthetase PuuA; Short=Gamma-Glu-Put synthetase; AltName: Full=Glutamate--putrescine ligase [Escherichia coli K-12]	36.961	441	5.0700000000000004e-77	251	NA	NA	NA
puuA_3	sp|P78061.2|	P78061	RecName: Full=Gamma-glutamylputrescine synthetase PuuA; Short=Gamma-Glu-Put synthetase; AltName: Full=Glutamate--putrescine ligase [Escherichia coli K-12]	37.527	461	2.71e-83	267	NA	NA	NA
puuA_4	sp|P78061.2|	P78061	RecName: Full=Gamma-glutamylputrescine synthetase PuuA; Short=Gamma-Glu-Put synthetase; AltName: Full=Glutamate--putrescine ligase [Escherichia coli K-12]	37.802	455	2.42e-89	282	NA	NA	NA
puuA_5	sp|P78061.2|	P78061	RecName: Full=Gamma-glutamylputrescine synthetase PuuA; Short=Gamma-Glu-Put synthetase; AltName: Full=Glutamate--putrescine ligase [Escherichia coli K-12]	34.812	451	1.45e-75	247	NA	NA	NA
puuB_1	sp|P37906.2|	P37906	RecName: Full=Gamma-glutamylputrescine oxidoreductase; Short=Gamma-Glu-Put oxidase; Short=Gamma-glutamylputrescine oxidase [Escherichia coli K-12]	44.917	423	4.92e-103	315	NA	NA	NA
puuB_2	sp|P37906.2|	P37906	RecName: Full=Gamma-glutamylputrescine oxidoreductase; Short=Gamma-Glu-Put oxidase; Short=Gamma-glutamylputrescine oxidase [Escherichia coli K-12]	30.809	383	7.3e-39	148	NA	NA	NA
puuB_3	sp|P37906.2|	P37906	RecName: Full=Gamma-glutamylputrescine oxidoreductase; Short=Gamma-Glu-Put oxidase; Short=Gamma-glutamylputrescine oxidase [Escherichia coli K-12]	34.286	420	4.66e-78	251	NA	NA	NA
puuB_4	sp|P37906.2|	P37906	RecName: Full=Gamma-glutamylputrescine oxidoreductase; Short=Gamma-Glu-Put oxidase; Short=Gamma-glutamylputrescine oxidase [Escherichia coli K-12]	39.486	428	7.84e-105	320	NA	NA	NA
puuB_7	sp|P37906.2|	P37906	RecName: Full=Gamma-glutamylputrescine oxidoreductase; Short=Gamma-Glu-Put oxidase; Short=Gamma-glutamylputrescine oxidase [Escherichia coli K-12]	41.176	425	1.82e-113	342	NA	NA	NA
puuB_8	sp|P37906.2|	P37906	RecName: Full=Gamma-glutamylputrescine oxidoreductase; Short=Gamma-Glu-Put oxidase; Short=Gamma-glutamylputrescine oxidase [Escherichia coli K-12]	66.509	424	0	587	NA	NA	NA
puuC	sp|P23883.2|	P23883	RecName: Full=NADP/NAD-dependent aldehyde dehydrogenase PuuC; Short=ALDH; AltName: Full=3-hydroxypropionaldehyde dehydrogenase; AltName: Full=Gamma-glutamyl-gamma-aminobutyraldehyde dehydrogenase; Short=Gamma-Glu-gamma-aminobutyraldehyde dehydrogenase [Escherichia coli K-12]	57.637	491	0	548	NA	NA	NA
puuD	sp|Q8X7G2.2|	Q8X7G2	RecName: Full=Gamma-glutamyl-gamma-aminobutyrate hydrolase; Short=Gamma-Glu-GABA hydrolase [Escherichia coli O157:H7]	43.21	243	5.3800000000000006e-58	188	NA	NA	NA
puuP	sp|P76037.2|	P76037	RecName: Full=Putrescine importer PuuP [Escherichia coli K-12]	44.165	437	3.8599999999999994e-116	350	NA	NA	NA
puuR	sp|P0A9U6.1|	P0A9U6	RecName: Full=HTH-type transcriptional regulator PuuR [Escherichia coli K-12]	42.458	179	1.28e-34	123	NA	NA	NA
pvdA	sp|Q51548.2|	Q51548	RecName: Full=L-ornithine N(5)-monooxygenase; AltName: Full=L-ornithine N(5)-hydroxylase; Short=Ornithine hydroxylase; AltName: Full=L-ornithine N(5)-oxygenase; AltName: Full=Pyoverdin biosynthesis protein A [Pseudomonas aeruginosa PAO1]	73.589	443	0	687	NA	NA	NA
pvdQ	sp|Q3KD51.1|	Q3KD51	RecName: Full=Acyl-homoserine lactone acylase PvdQ; Short=AHL acylase PvdQ; Short=Acyl-HSL acylase PvdQ; Contains: RecName: Full=Acyl-homoserine lactone acylase PvdQ subunit alpha; Short=Acyl-HSL acylase PvdQ subunit alpha; Contains: RecName: Full=Acyl-homoserine lactone acylase PvdQ subunit beta; Short=Acyl-HSL acylase PvdQ subunit beta; Flags: Precursor [Pseudomonas fluorescens Pf0-1]	69.959	739	0	1071	NA	NA	NA
pxpA	sp|Q88IS9.1|	Q88IS9	RecName: Full=5-oxoprolinase subunit A 1; Short=5-OPase subunit A 1; AltName: Full=5-oxoprolinase (ATP-hydrolyzing) subunit A 1 [Pseudomonas putida KT2440]	86.905	252	2.5099999999999997e-162	452	NA	NA	NA
pxpA3	sp|Q3KGF8.1|	Q3KGF8	RecName: Full=5-oxoprolinase subunit A; Short=5-OPase subunit A; AltName: Full=5-oxoprolinase (ATP-hydrolyzing) subunit A [Pseudomonas fluorescens Pf0-1]	86.531	245	1.6299999999999997e-157	440	NA	NA	NA
pxpB	sp|P60495.1|	P60495	RecName: Full=5-oxoprolinase subunit B; Short=5-OPase subunit B; AltName: Full=5-oxoprolinase (ATP-hydrolyzing) subunit B; AltName: Full=Antikinase KipI; AltName: Full=Kinase A inhibitor; AltName: Full=Sporulation inhibitor KipI [Bacillus subtilis subsp. subtilis str. 168]	31.718	227	6.300000000000001e-36	130	NA	NA	NA
pxpC_1	sp|P44298.1|	P44298	RecName: Full=5-oxoprolinase subunit C; Short=5-OPase subunit C; AltName: Full=5-oxoprolinase (ATP-hydrolyzing) subunit C [Haemophilus influenzae Rd KW20]	32.616	279	5.16e-44	155	NA	NA	NA
pxpC_2	sp|P75745.1|	P75745	RecName: Full=5-oxoprolinase subunit C; Short=5-OPase subunit C; AltName: Full=5-oxoprolinase (ATP-hydrolyzing) subunit C [Escherichia coli K-12]	38.245	319	6.86e-60	197	NA	NA	NA
pykA	sp|P21599.3|	P21599	RecName: Full=Pyruvate kinase II; AltName: Full=PK-2 [Escherichia coli K-12]	57.143	476	0	522	NA	NA	NA
pyrB	sp|C3K3K2.1|	C3K3K2	RecName: Full=Aspartate carbamoyltransferase catalytic subunit; AltName: Full=Aspartate transcarbamylase; Short=ATCase [Pseudomonas [fluorescens] SBW25]	98.503	334	0	673	NA	NA	NA
pyrC	sp|Q59712.1|	Q59712	RecName: Full=Dihydroorotase-like protein; AltName: Full=Aspartate carbamoyltransferase 44 kDa non-catalytic chain [Pseudomonas putida]	81.948	421	0	678	NA	NA	NA
pyrC_1	sp|C3KBZ0.1|	C3KBZ0	RecName: Full=Dihydroorotase; Short=DHOase [Pseudomonas [fluorescens] SBW25]	98.563	348	0	708	NA	NA	NA
pyrC_2	sp|Q8TSA6.1|	Q8TSA6	RecName: Full=Dihydroorotase; Short=DHOase [Methanosarcina acetivorans C2A]	31.504	419	8.82e-50	179	NA	NA	NA
pyrD	sp|C3K017.1|	C3K017	RecName: Full=Dihydroorotate dehydrogenase (quinone); AltName: Full=DHOdehase; Short=DHOD; Short=DHODase; AltName: Full=Dihydroorotate oxidase [Pseudomonas [fluorescens] SBW25]	98.24	341	0	675	NA	NA	NA
pyrE	sp|C3K476.1|	C3K476	RecName: Full=Orotate phosphoribosyltransferase; Short=OPRT; Short=OPRTase [Pseudomonas [fluorescens] SBW25]	98.131	214	1.3799999999999999e-143	402	NA	NA	NA
pyrF	sp|C3K758.1|	C3K758	RecName: Full=Orotidine 5'-phosphate decarboxylase; AltName: Full=OMP decarboxylase; Short=OMPDCase; Short=OMPdecase [Pseudomonas [fluorescens] SBW25]	99.537	216	3.2599999999999994e-157	437	NA	NA	NA
pyrG_1	sp|Q976E9.2|	Q976E9	RecName: Full=CTP synthase; AltName: Full=Cytidine 5'-triphosphate synthase; AltName: Full=Cytidine triphosphate synthetase; Short=CTP synthetase; Short=CTPS; AltName: Full=UTP--ammonia ligase [Sulfurisphaera tokodaii str. 7]	31.535	241	1.9199999999999999e-31	124	NA	NA	NA
pyrG_2	sp|C3K6H4.1|	C3K6H4	RecName: Full=CTP synthase; AltName: Full=Cytidine 5'-triphosphate synthase; AltName: Full=Cytidine triphosphate synthetase; Short=CTP synthetase; Short=CTPS; AltName: Full=UTP--ammonia ligase [Pseudomonas [fluorescens] SBW25]	98.711	543	0	1073	NA	NA	NA
pyrH	sp|Q4KHH4.1|	Q4KHH4	RecName: Full=Uridylate kinase; Short=UK; AltName: Full=Uridine monophosphate kinase; Short=UMP kinase; Short=UMPK [Pseudomonas protegens Pf-5]	99.19	247	1.3599999999999997e-165	460	NA	NA	NA
pyrR	sp|Q9F4I7.1|	Q9F4I7	RecName: Full=Bifunctional protein PyrR; Includes: RecName: Full=Pyrimidine operon regulatory protein; Includes: RecName: Full=Uracil phosphoribosyltransferase; Short=UPRTase [Pseudomonas fluorescens]	91.071	168	4.839999999999999e-110	313	NA	NA	NA
qmcA_1~~~qmcA_2~~~qmcA	sp|P0AA53.1|	P0AA53	RecName: Full=Protein QmcA [Escherichia coli K-12]	70.504	278	2.98e-134	385	NA	NA	NA
qorA_1	sp|A7RK30.1|	A7RK30	RecName: Full=Protein Cryzl2; AltName: Full=Crystallin zeta like 2 [Nematostella vectensis]	40.244	328	1.7800000000000002e-64	211	NA	NA	NA
qorA_2	sp|Q53FA7.2|	Q53FA7	RecName: Full=Quinone oxidoreductase PIG3; AltName: Full=NADPH:quinone reductase PIG3; AltName: Full=Tumor protein p53-inducible protein 3; Short=Protein PIG3; AltName: Full=p53-induced gene 3 protein [Homo sapiens]	39.157	332	5.12e-62	203	NA	NA	NA
qorA_3	sp|P43903.2|	P43903	RecName: Full=Quinone oxidoreductase; AltName: Full=NADPH:quinone reductase [Pseudomonas aeruginosa PAO1]	36.391	327	1.2699999999999999e-52	179	NA	NA	NA
qorA_4	sp|P43903.2|	P43903	RecName: Full=Quinone oxidoreductase; AltName: Full=NADPH:quinone reductase [Pseudomonas aeruginosa PAO1]	79.692	325	0	508	NA	NA	NA
qseB_1	sp|Q9HV32.1|	Q9HV32	RecName: Full=Response regulator protein PmrA [Pseudomonas aeruginosa PAO1]	53.738	214	9.09e-70	216	NA	NA	NA
qseB_2	sp|Q9HV32.1|	Q9HV32	RecName: Full=Response regulator protein PmrA [Pseudomonas aeruginosa PAO1]	56.542	214	2.68e-62	196	NA	NA	NA
qseB_3	sp|Q9HV32.1|	Q9HV32	RecName: Full=Response regulator protein PmrA [Pseudomonas aeruginosa PAO1]	55.046	218	7.41e-69	213	NA	NA	NA
qseB_4	sp|Q9HV32.1|	Q9HV32	RecName: Full=Response regulator protein PmrA [Pseudomonas aeruginosa PAO1]	49.315	219	5.92e-41	142	NA	NA	NA
qseB_5	sp|Q9I0I1.1|	Q9I0I1	RecName: Full=Response regulator protein CarR [Pseudomonas aeruginosa PAO1]	81.081	222	4.0599999999999995e-106	308	NA	NA	NA
qseC_1	sp|P45336.1|	P45336	RecName: Full=Sensor protein QseC [Haemophilus influenzae Rd KW20]	34.532	278	5.33e-36	141	NA	NA	NA
qseC_1~~~qseC_3	sp|Q8GP19.2|	Q8GP19	RecName: Full=Swarming motility regulation sensor protein RssA [Serratia marcescens]	33.688	282	6.6e-25	110	NA	NA	NA
qseC_2	sp|Q8GP19.2|	Q8GP19	RecName: Full=Swarming motility regulation sensor protein RssA [Serratia marcescens]	35.336	283	2.89e-37	145	NA	NA	NA
qseC_3	sp|Q8GP19.2|	Q8GP19	RecName: Full=Swarming motility regulation sensor protein RssA [Serratia marcescens]	32.836	268	4.79e-37	144	NA	NA	NA
queA	sp|C3K1N5.1|	C3K1N5	RecName: Full=S-adenosylmethionine:tRNA ribosyltransferase-isomerase; AltName: Full=Queuosine biosynthesis protein QueA [Pseudomonas [fluorescens] SBW25]	95.48	354	0	681	NA	NA	NA
queC_1	sp|C3JYR8.1|	C3JYR8	RecName: Full=7-cyano-7-deazaguanine synthase; AltName: Full=7-cyano-7-carbaguanine synthase; AltName: Full=PreQ(0) synthase; AltName: Full=Queuosine biosynthesis protein QueC [Pseudomonas [fluorescens] SBW25]	92.377	223	1.73e-154	430	NA	NA	NA
queC_2	sp|Q4K6M3.1|	Q4K6M3	RecName: Full=7-cyano-7-deazaguanine synthase 2; AltName: Full=7-cyano-7-carbaguanine synthase 2; AltName: Full=PreQ(0) synthase 2; AltName: Full=Queuosine biosynthesis protein QueC 2 [Pseudomonas protegens Pf-5]	87.013	231	8.030000000000001e-154	429	NA	NA	NA
queD	sp|P65870.1|	P65870	RecName: Full=6-carboxy-5,6,7,8-tetrahydropterin synthase; Short=CPH4 synthase; AltName: Full=Queuosine biosynthesis protein QueD [Escherichia coli K-12]	75.862	116	2.2399999999999998e-67	201	NA	NA	NA
queE	sp|Q1IHK7.1|	Q1IHK7	RecName: Full=7-carboxy-7-deazaguanine synthase; Short=CDG synthase; AltName: Full=Queuosine biosynthesis protein QueE [Candidatus Koribacter versatilis Ellin345]	42.342	222	5.98e-52	170	NA	NA	NA
queF	sp|C3K5H2.1|	C3K5H2	RecName: Full=NADPH-dependent 7-cyano-7-deazaguanine reductase; AltName: Full=7-cyano-7-carbaguanine reductase; AltName: Full=NADPH-dependent nitrile oxidoreductase; AltName: Full=PreQ(0) reductase [Pseudomonas [fluorescens] SBW25]	96.014	276	0	549	NA	NA	NA
queG	sp|Q9HUL4.1|	Q9HUL4	RecName: Full=Epoxyqueuosine reductase; AltName: Full=Queuosine biosynthesis protein QueG [Pseudomonas aeruginosa PAO1]	85.088	342	0	617	NA	NA	NA
quiA	sp|Q9XD78.1|	Q9XD78	RecName: Full=Probable quinate dehydrogenase (quinone) [Xanthomonas arboricola pv. juglandis]	69.1	767	0	990	NA	NA	NA
quiA_2	sp|Q59086.1|	Q59086	RecName: Full=Quinate/shikimate dehydrogenase (quinone); AltName: Full=NAD(P)-independent quinate dehydrogenase [Acinetobacter baylyi ADP1]	41.276	768	0	598	NA	NA	NA
quiP_2	sp|Q3KH00.1|	Q3KH00	RecName: Full=Acyl-homoserine lactone acylase QuiP; Short=AHL acylase QuiP; Short=Acyl-HSL acylase QuiP; Contains: RecName: Full=Acyl-homoserine lactone acylase QuiP subunit alpha; Short=Acyl-HSL acylase QuiP subunit alpha; Contains: RecName: Full=Acyl-homoserine lactone acylase QuiP subunit beta; Short=Acyl-HSL acylase QuiP subunit beta; Flags: Precursor [Pseudomonas fluorescens Pf0-1]	78.064	816	0	1221	NA	NA	NA
radA	sp|P96963.2|	P96963	RecName: Full=DNA repair protein RadA; AltName: Full=Branch migration protein RadA [Pseudomonas aeruginosa PAO1]	87.773	458	0	765	NA	NA	NA
ramA_1	sp|P55176.1|	P55176	RecName: Full=Hydrolase in pqqF 5'region; AltName: Full=ORF2 [Pseudomonas protegens CHA0]	83.27	263	8.6e-157	440	NA	NA	NA
ramA_2	sp|Q75SP7.1|	Q75SP7	RecName: Full=(R)-stereoselective amidase [Pseudomonas sp.]	67.407	270	6.04e-126	362	NA	NA	NA
rapA	sp|C3K902.1|	C3K902	RecName: Full=RNA polymerase-associated protein RapA [Pseudomonas [fluorescens] SBW25]	98.523	948	0	1835	NA	NA	NA
rapA_1	sp|P54509.1|	P54509	RecName: Full=Uncharacterized ATP-dependent helicase YqhH [Bacillus subtilis subsp. subtilis str. 168]	44.118	136	1.58e-25	116	NA	NA	NA
rapZ	sp|C3K839.1|	C3K839	RecName: Full=Nucleotide-binding protein PFLU_0879 [Pseudomonas [fluorescens] SBW25]	97.895	285	0	541	NA	NA	NA
rarA	sp|P39918.3|	P39918	RecName: Full=Replication-associated recombination protein A [Coxiella burnetii RSA 493]	62.264	424	0	521	NA	NA	NA
rarD_1	sp|Q9I633.1|	Q9I633	RecName: Full=Uncharacterized transporter PA0485 [Pseudomonas aeruginosa PAO1]	72.696	293	1.1599999999999998e-128	370	NA	NA	NA
rarD_2	sp|Q57389.1|	Q57389	RecName: Full=Uncharacterized transporter HI_0680 [Haemophilus influenzae Rd KW20]	38.182	275	3.96e-53	178	NA	NA	NA
ratA	sp|O68560.1|	O68560	RecName: Full=Ribosome association toxin RatA [Pseudomonas aeruginosa PAO1]	77.778	144	9.27e-84	244	NA	NA	NA
rbbA	sp|P37624.3|	P37624	RecName: Full=Ribosome-associated ATPase; AltName: Full=Ribosomal bound ATPase [Escherichia coli K-12]	55.804	896	0	949	NA	NA	NA
rbfA	sp|C3K258.1|	C3K258	RecName: Full=Ribosome-binding factor A [Pseudomonas [fluorescens] SBW25]	98.473	131	1.6e-91	263	NA	NA	NA
rbsA_2	sp|Q63P06.1|	Q63P06	RecName: Full=Ribose import ATP-binding protein RbsA [Burkholderia pseudomallei K96243]	71.912	502	0	704	NA	NA	NA
rbsA_3	sp|Q8UAK2.2|	Q8UAK2	RecName: Full=Putative ribose/galactose/methyl galactoside import ATP-binding protein 2 [Agrobacterium fabrum str. C58]	45.263	475	1.36e-140	417	NA	NA	NA
rbsA_4	sp|Q4KDI2.1|	Q4KDI2	RecName: Full=Putative ribose/galactose/methyl galactoside import ATP-binding protein [Pseudomonas protegens Pf-5]	86.905	504	0	905	NA	NA	NA
rbsB_1	sp|P36949.2|	P36949	RecName: Full=Ribose import binding protein RbsB; Flags: Precursor [Bacillus subtilis subsp. subtilis str. 168]	37.868	272	1.39e-39	144	NA	NA	NA
rbsB_2	sp|Q9I2F8.1|	Q9I2F8	RecName: Full=D-ribose/D-allose-binding protein; Flags: Precursor [Pseudomonas aeruginosa PAO1]	75.618	283	2.3e-146	417	NA	NA	NA
rbsC_1	sp|P36948.2|	P36948	RecName: Full=Ribose import permease protein RbsC [Bacillus subtilis subsp. subtilis str. 168]	52.525	297	3.2e-76	239	NA	NA	NA
rbsC_2	sp|P44736.1|	P44736	RecName: Full=Ribose import permease protein RbsC [Haemophilus influenzae Rd KW20]	40.435	230	1.52e-24	104	NA	NA	NA
rbsC_3	sp|P36948.2|	P36948	RecName: Full=Ribose import permease protein RbsC [Bacillus subtilis subsp. subtilis str. 168]	46.835	316	1.75e-45	160	NA	NA	NA
rbsC_4	sp|P0AGI1.1|	P0AGI1	RecName: Full=Ribose import permease protein RbsC [Escherichia coli K-12]	35.484	279	1.94e-28	115	NA	NA	NA
rbsC_5	sp|P44885.1|	P44885	RecName: Full=Galactose/methyl galactoside import permease protein MglC [Haemophilus influenzae Rd KW20]	35.69	297	5.51e-31	122	NA	NA	NA
rbsD	sp|C3JZP4.1|	C3JZP4	RecName: Full=D-ribose pyranase [Pseudomonas [fluorescens] SBW25]	94.03	134	3.4799999999999995e-88	255	NA	NA	NA
rbsK_1	sp|P0DX97.1|	P0DX97	RecName: Full=Deoxyribokinase; Short=dRK; AltName: Full=ATP:2-deoxy-D-ribose 5-phosphotransferase [Salmonella enterica subsp. enterica serovar Typhi]	60.87	299	1.61e-127	369	NA	NA	NA
rbsK_2	sp|P44331.1|	P44331	RecName: Full=Ribokinase; Short=RK [Haemophilus influenzae Rd KW20]	43.607	305	2.8799999999999997e-68	218	NA	NA	NA
rbsR_1	sp|B5FF00.1|	B5FF00	RecName: Full=HTH-type transcriptional repressor PurR; AltName: Full=Pur regulon repressor; AltName: Full=Purine nucleotide synthesis repressor [Aliivibrio fischeri MJ11]	34.347	329	5.549999999999999e-54	182	NA	NA	NA
rbsR_2	sp|B6EH86.1|	B6EH86	RecName: Full=HTH-type transcriptional repressor PurR; AltName: Full=Pur regulon repressor; AltName: Full=Purine nucleotide synthesis repressor [Aliivibrio salmonicida LFI1238]	30.547	311	1.76e-38	142	NA	NA	NA
rcsB_1	sp|P27667.1|	P27667	RecName: Full=Transcriptional regulatory protein UhpA [Salmonella enterica subsp. enterica serovar Typhimurium str. LT2]	31.731	208	1.3300000000000001e-21	92.4	NA	NA	NA
rcsB_2	sp|P58663.1|	P58663	RecName: Full=Transcriptional regulatory protein RcsB [Salmonella enterica subsp. enterica serovar Typhimurium str. LT2]	38.028	213	1.02e-42	146	NA	NA	NA
rcsB_3	sp|Q56127.1|	Q56127	RecName: Full=Transcriptional regulatory protein RcsB [Salmonella enterica subsp. enterica serovar Typhi]	30.986	213	9.480000000000001e-27	105	NA	NA	NA
rcsB_4	sp|Q56127.1|	Q56127	RecName: Full=Transcriptional regulatory protein RcsB [Salmonella enterica subsp. enterica serovar Typhi]	31.308	214	2.86e-23	96.3	NA	NA	NA
rcsC_1	sp|O25153.1|	O25153	RecName: Full=Sensor histidine kinase CheAY [Helicobacter pylori 26695]	31.515	495	3.14e-75	272	NA	NA	NA
rcsC_10	sp|Q54YZ9.2|	Q54YZ9	RecName: Full=Hybrid signal transduction histidine kinase J [Dictyostelium discoideum]	32.203	354	2.74e-43	174	NA	NA	NA
rcsC_11	sp|P18769.1|	P18769	RecName: Full=Gliding motility regulatory protein [Myxococcus xanthus]	35.565	478	2.52e-70	249	NA	NA	NA
rcsC_12	sp|Q9F8D7.1|	Q9F8D7	RecName: Full=Sensor histidine kinase GacS [Pseudomonas protegens CHA0]	31.076	251	1.85e-19	90.5	NA	NA	NA
rcsC_13	sp|P0DMC5.1|	P0DMC5	RecName: Full=Sensor histidine kinase RcsC; AltName: Full=Capsular synthesis regulator component C [Escherichia coli K-12]	35.008	637	3.6199999999999994e-88	307	NA	NA	NA
rcsC_14	sp|Q9HX69.1|	Q9HX69	RecName: Full=Cyclic di-GMP phosphodiesterase RocR; Short=c-di-GMP PDE; AltName: Full=Response regulator RocR [Pseudomonas aeruginosa PAO1]	30.102	392	1.27e-51	180	NA	NA	NA
rcsC_15	sp|Q56128.2|	Q56128	RecName: Full=Sensor histidine kinase RcsC [Salmonella enterica subsp. enterica serovar Typhi]	33.147	715	3.27e-98	333	NA	NA	NA
rcsC_16	sp|Q9KLK7.1|	Q9KLK7	RecName: Full=Autoinducer 2 sensor kinase/phosphatase LuxQ [Vibrio cholerae O1 biovar El Tor str. N16961]	31.549	355	4.5799999999999996e-48	189	NA	NA	NA
rcsC_17	sp|Q55890.1|	Q55890	RecName: Full=DNA-binding dual master transcriptional regulator RpaA; AltName: Full=Regulator of phycobilisome-associated protein A; Short=RpaA [Synechocystis sp. PCC 6803 substr. Kazusa]	35.749	207	5.61e-26	103	NA	NA	NA
rcsC_18	sp|P0C0F6.2|	P0C0F6	RecName: Full=Sensory/regulatory protein RpfC [Xanthomonas campestris pv. campestris str. ATCC 33913]	31.395	430	5.49e-43	172	NA	NA	NA
rcsC_19	sp|P48027.1|	P48027	RecName: Full=Sensor protein GacS [Pseudomonas syringae pv. syringae]	30.29	241	1.29e-25	112	NA	NA	NA
rcsC_19~~~rcsC_28	sp|Q48IV1.2|	Q48IV1	RecName: Full=Blue-light-activated protein; Includes: RecName: Full=Blue-light-activated histidine kinase; Includes: RecName: Full=Response regulator [Pseudomonas savastanoi pv. phaseolicola 1448A]	37.629	388	8.099999999999999e-68	235	NA	NA	NA
rcsC_2	sp|Q9HUI3.1|	Q9HUI3	RecName: Full=Sensor histidine kinase AruS [Pseudomonas aeruginosa PAO1]	32.475	505	7.43e-52	199	NA	NA	NA
rcsC_20	sp|P0DOA0.1|	P0DOA0	RecName: Full=Sensor kinase CckA; Includes: RecName: Full=Protein histidine kinase; Includes: RecName: Full=Response regulator [Brucella abortus 2308]	41.582	392	2.99e-82	279	NA	NA	NA
rcsC_21	sp|P74101.1|	P74101	RecName: Full=Uncharacterized protein sll1895 [Synechocystis sp. PCC 6803 substr. Kazusa]	41.532	248	1.13e-63	219	NA	NA	NA
rcsC_22	sp|Q9KHI5.1|	Q9KHI5	RecName: Full=Circadian input-output histidine kinase CikA [Synechococcus elongatus PCC 7942 = FACHB-805]	44.98	249	1.91e-46	174	NA	NA	NA
rcsC_23	sp|Q8ZPP5.1|	Q8ZPP5	RecName: Full=Sensor histidine kinase SsrA [Salmonella enterica subsp. enterica serovar Typhimurium str. LT2]	33.917	628	1.29e-71	258	NA	NA	NA
rcsC_24~~~rcsC_1	sp|Q8ZPP5.1|	Q8ZPP5	RecName: Full=Sensor histidine kinase SsrA [Salmonella enterica subsp. enterica serovar Typhimurium str. LT2]	35.606	660	6.909999999999999e-101	338	NA	NA	NA
rcsC_25	sp|P30847.2|	P30847	RecName: Full=Signal transduction histidine-protein kinase BaeS [Escherichia coli K-12]	34.328	268	2.5599999999999997e-31	126	NA	NA	NA
rcsC_26	sp|Q48IV1.2|	Q48IV1	RecName: Full=Blue-light-activated protein; Includes: RecName: Full=Blue-light-activated histidine kinase; Includes: RecName: Full=Response regulator [Pseudomonas savastanoi pv. phaseolicola 1448A]	38.462	403	1.5400000000000002e-70	239	NA	NA	NA
rcsC_27	sp|Q48IV1.2|	Q48IV1	RecName: Full=Blue-light-activated protein; Includes: RecName: Full=Blue-light-activated histidine kinase; Includes: RecName: Full=Response regulator [Pseudomonas savastanoi pv. phaseolicola 1448A]	43.672	403	1.0999999999999999e-74	256	NA	NA	NA
rcsC_29	sp|Q8D5Z6.1|	Q8D5Z6	RecName: Full=Autoinducer 2 sensor kinase/phosphatase LuxQ [Vibrio vulnificus CMCP6]	36.176	387	1.88e-64	231	NA	NA	NA
rcsC_2~~~rcsC_7	sp|P58402.1|	P58402	RecName: Full=Sensor protein EvgS; AltName: Full=Sensor histidine protein kinase EvgS; Flags: Precursor [Escherichia coli O157:H7]	31.466	464	1.0599999999999999e-42	171	NA	NA	NA
rcsC_30	sp|Q54YZ9.2|	Q54YZ9	RecName: Full=Hybrid signal transduction histidine kinase J [Dictyostelium discoideum]	37.913	575	8.230000000000001e-91	330	NA	NA	NA
rcsC_3~~~rcsC_8	sp|Q9KLK7.1|	Q9KLK7	RecName: Full=Autoinducer 2 sensor kinase/phosphatase LuxQ [Vibrio cholerae O1 biovar El Tor str. N16961]	34.805	385	7.31e-51	194	NA	NA	NA
rcsC_4	sp|Q8DKG0.1|	Q8DKG0	RecName: Full=Circadian input-output histidine kinase CikA [Thermosynechococcus vestitus BP-1]	32.576	264	1.41e-12	75.9	NA	NA	NA
rcsC_4~~~rcsC_10	sp|P26487.1|	P26487	RecName: Full=Transcriptional regulatory protein FixJ [Azorhizobium caulinodans ORS 571]	36.41	195	1.1999999999999999e-35	137	NA	NA	NA
rcsC_5	sp|P28835.1|	P28835	RecName: Full=Probable transcriptional regulator ycf27; AltName: Full=OmpR-like protein [Porphyridium aerugineum]	39	100	2.7e-14	76.3	NA	NA	NA
rcsC_6	sp|Q54YZ9.2|	Q54YZ9	RecName: Full=Hybrid signal transduction histidine kinase J [Dictyostelium discoideum]	36.174	528	4.26e-79	282	NA	NA	NA
rcsC_7	sp|Q48IV1.2|	Q48IV1	RecName: Full=Blue-light-activated protein; Includes: RecName: Full=Blue-light-activated histidine kinase; Includes: RecName: Full=Response regulator [Pseudomonas savastanoi pv. phaseolicola 1448A]	34.6	500	2.4699999999999996e-66	230	NA	NA	NA
rcsC_8	sp|Q06067.1|	Q06067	RecName: Full=Signal transduction histidine-protein kinase AtoS [Escherichia coli K-12]	32.011	378	3.14e-37	150	NA	NA	NA
rdgB	sp|Q88CT0.1|	Q88CT0	RecName: Full=dITP/XTP pyrophosphatase; AltName: Full=Non-canonical purine NTP pyrophosphatase; AltName: Full=Non-standard purine NTP pyrophosphatase; AltName: Full=Nucleoside-triphosphate diphosphatase; AltName: Full=Nucleoside-triphosphate pyrophosphatase; Short=NTPase [Pseudomonas putida KT2440]	89.848	197	3.6999999999999997e-116	331	NA	NA	NA
rdgC	sp|C3K7N8.1|	C3K7N8	RecName: Full=Recombination-associated protein RdgC [Pseudomonas [fluorescens] SBW25]	99.346	306	0	615	NA	NA	NA
rdoA	sp|P0C0K3.1|	P0C0K3	RecName: Full=Stress response kinase A; AltName: Full=Serine/threonine protein kinase YihE; AltName: Full=Serine/threonine-protein kinase SrkA [Escherichia coli K-12]	45.82	323	5.49e-90	275	NA	NA	NA
recA	sp|Q01953.1|	Q01953	RecName: Full=Protein RecA; AltName: Full=Recombinase A [Pseudomonas fluorescens]	99.716	352	0	632	NA	NA	NA
recB	sp|P08394.1|	P08394	RecName: Full=RecBCD enzyme subunit RecB; AltName: Full=DNA 3'-5' helicase subunit RecB; AltName: Full=Exodeoxyribonuclease V 135 kDa polypeptide; AltName: Full=Exodeoxyribonuclease V beta chain; AltName: Full=Exonuclease V subunit RecB; Short=ExoV subunit RecB; AltName: Full=Helicase/nuclease RecBCD subunit RecB [Escherichia coli K-12]	42.957	859	3.0299999999999994e-165	526	NA	NA	NA
recB_2	sp|P0DW48.1|	P0DW48	RecName: Full=Gabija protein GajB; AltName: Full=Putative helicase GajB [Bacillus cereus HuB5-5]	33.058	121	1.77e-7	58.2	NA	NA	NA
recC	sp|P07648.1|	P07648	RecName: Full=RecBCD enzyme subunit RecC; AltName: Full=Exodeoxyribonuclease V 125 kDa polypeptide; AltName: Full=Exodeoxyribonuclease V gamma chain; AltName: Full=Exonuclease V subunit RecC; Short=ExoV subunit RecC; AltName: Full=Helicase/nuclease RecBCD subunit RecC [Escherichia coli K-12]	39.248	1144	0	637	NA	NA	NA
recD_1	sp|P04993.2|	P04993	RecName: Full=RecBCD enzyme subunit RecD; AltName: Full=DNA 5'-3' helicase subunit RecB; AltName: Full=Exodeoxyribonuclease V 67 kDa polypeptide; AltName: Full=Exodeoxyribonuclease V alpha chain; AltName: Full=Exonuclease V subunit RecD; Short=ExoV subunit RecD; AltName: Full=Helicase/nuclease RecBCD subunit RecD [Escherichia coli K-12]	43.609	665	8.19e-118	369	NA	NA	NA
recD_2	sp|P22706.1|	P22706	RecName: Full=Multifunctional conjugation protein TraI; Includes: RecName: Full=DNA relaxase TraI; AltName: Full=DNA nickase TraI; AltName: Full=Trans-esterase TraI; Includes: RecName: Full=DNA helicase I; AltName: Full=DNA 5'-3' helicase TraI [Escherichia coli]	35.417	336	1.61e-44	179	NA	NA	NA
recF_2	sp|P0DV91.1|	P0DV91	RecName: Full=Retron Ec78 probable ATPase [Escherichia coli]	43.846	130	9.020000000000001e-27	116	NA	NA	NA
recG	sp|Q8XD86.1|	Q8XD86	RecName: Full=ATP-dependent DNA helicase RecG; AltName: Full=DNA branch migration protein RecG; AltName: Full=Probable DNA 3'-5' helicase RecG [Escherichia coli O157:H7]	58.986	690	0	770	NA	NA	NA
recJ	sp|P28355.2|	P28355	RecName: Full=Single-stranded-DNA-specific exonuclease RecJ [Salmonella enterica subsp. enterica serovar Typhimurium str. LT2]	59.353	556	0	640	NA	NA	NA
recN	sp|A5F379.1|	A5F379	RecName: Full=DNA repair protein RecN; AltName: Full=Recombination protein N [Vibrio cholerae O395]	45.307	554	8.769999999999998e-148	439	NA	NA	NA
recO	sp|Q3KHL7.1|	Q3KHL7	RecName: Full=DNA repair protein RecO; AltName: Full=Recombination protein O [Pseudomonas fluorescens Pf0-1]	89.083	229	3.1799999999999997e-149	417	NA	NA	NA
recQ	sp|P15043.5|	P15043	RecName: Full=ATP-dependent DNA helicase RecQ; AltName: Full=DNA 3'-5' helicase RecQ [Escherichia coli K-12]	47.333	600	0	565	NA	NA	NA
recR	sp|C3JXP7.1|	C3JXP7	RecName: Full=Recombination protein RecR [Pseudomonas [fluorescens] SBW25]	98.5	200	2.38e-143	400	NA	NA	NA
recX	sp|C3KDG1.1|	C3KDG1	RecName: Full=Regulatory protein RecX [Pseudomonas [fluorescens] SBW25]	97.857	140	1.3499999999999999e-95	275	NA	NA	NA
regA	sp|Q53228.2|	Q53228	RecName: Full=Photosynthetic apparatus regulatory protein RegA; AltName: Full=Response regulator PrrA [Cereibacter sphaeroides 2.4.1]	53.801	171	8.1e-46	152	NA	NA	NA
regX3	sp|P94413.1|	P94413	RecName: Full=Uncharacterized transcriptional regulatory protein YclJ [Bacillus subtilis subsp. subtilis str. 168]	42.358	229	6.11e-60	191	NA	NA	NA
relA	sp|P0AG20.1|	P0AG20	RecName: Full=GTP pyrophosphokinase; AltName: Full=(p)ppGpp synthase; AltName: Full=ATP:GTP 3'-pyrophosphotransferase; AltName: Full=ppGpp synthase I [Escherichia coli K-12]	47.606	752	0	697	NA	NA	NA
relB	sp|P0C079.1|	P0C079	RecName: Full=Antitoxin RelB [Escherichia coli K-12]	54.43	79	7.82e-25	90.9	NA	NA	NA
relE	sp|P0C077.1|	P0C077	RecName: Full=mRNA interferase toxin RelE; AltName: Full=Endoribonuclease RelE; AltName: Full=Toxin RelE [Escherichia coli K-12]	70.213	94	9.71e-44	140	NA	NA	NA
rep_1	sp|Q9L6S1.1|	Q9L6S1	RecName: Full=ATP-dependent DNA helicase Rep; AltName: Full=DNA 3'-5' helicase Rep [Salmonella enterica subsp. enterica serovar Typhimurium str. LT2]	53.662	669	0	684	NA	NA	NA
rep_2	sp|O34580.1|	O34580	RecName: Full=ATP-dependent DNA helicase PcrA; AltName: Full=DNA 3'-5' helicase PcrA; AltName: Full=PcrA translocase [Bacillus subtilis subsp. subtilis str. 168]	31.034	145	5.85e-10	66.6	NA	NA	NA
resA_1	sp|O31820.1|	O31820	RecName: Full=Thioredoxin-like protein YneN [Bacillus subtilis subsp. subtilis str. 168]	31.618	136	1.33e-19	86.7	NA	NA	NA
resA_2	sp|A0RBT0.1|	A0RBT0	RecName: Full=Thiol-disulfide oxidoreductase ResA [Bacillus thuringiensis str. Al Hakam]	32	125	1.56e-12	64.7	NA	NA	NA
resA_3	sp|Q9KCJ4.1|	Q9KCJ4	RecName: Full=Thiol-disulfide oxidoreductase ResA [Halalkalibacterium halodurans C-125]	32	125	2.99e-16	77.8	NA	NA	NA
rfaC	sp|Q9HUF5.1|	Q9HUF5	RecName: Full=Lipopolysaccharide heptosyltransferase 1; AltName: Full=ADP-heptose:lipopolysaccharide heptosyltransferase I; Short=ADP-heptose:LPS heptosyltransferase I; Short=Heptosyltransferase I [Pseudomonas aeruginosa PAO1]	73.864	352	1.6899999999999995e-180	506	NA	NA	NA
rfaF	sp|P45042.1|	P45042	RecName: Full=Lipooligosaccharide heptosyltransferase 2; AltName: Full=ADP-heptose:lipooligosaccharide heptosyltransferase II; Short=ADP-heptose:LOS heptosyltransferase II; Short=Heptosyltransferase II [Haemophilus influenzae Rd KW20]	57.282	309	9.22e-126	367	NA	NA	NA
rfaG	sp|P25740.1|	P25740	RecName: Full=Lipopolysaccharide glucosyltransferase WaaG; AltName: Full=Lipopolysaccharide glucosyltransferase I; AltName: Full=UDP-glucose:(heptosyl)lipopolysaccharide glucosyltransferase [Escherichia coli K-12]	51.63	368	3.34e-139	404	NA	NA	NA
rfaP	sp|Q9HUF7.1|	Q9HUF7	RecName: Full=Lipopolysaccharide core heptose(I) kinase WaaP; AltName: Full=Eukaryotic-type protein tyrosine kinase WaaP; AltName: Full=Lipopolysaccharide heptose kinase WaaP; Short=LPS heptose kinase WaaP [Pseudomonas aeruginosa PAO1]	77.239	268	5.299999999999999e-143	405	NA	NA	NA
rfbA~~~rfbA_1	sp|P55254.1|	P55254	RecName: Full=Glucose-1-phosphate thymidylyltransferase; AltName: Full=dTDP-glucose pyrophosphorylase; AltName: Full=dTDP-glucose synthase [Salmonella enterica subsp. enterica serovar Anatum]	77.163	289	5.77e-172	480	NA	NA	NA
rfbB	sp|B0RVL0.1|	B0RVL0	RecName: Full=dTDP-glucose 4,6-dehydratase [Xanthomonas campestris pv. campestris str. B100]	70.554	343	6.819999999999999e-177	498	NA	NA	NA
rfbD_1~~~rfbD_2	sp|P37778.2|	P37778	RecName: Full=dTDP-4-dehydrorhamnose reductase; AltName: Full=dTDP-4-keto-L-rhamnose reductase; AltName: Full=dTDP-6-deoxy-L-lyxo-4-hexulose reductase; AltName: Full=dTDP-6-deoxy-L-mannose dehydrogenase; AltName: Full=dTDP-L-rhamnose synthase [Shigella flexneri]	61.824	296	4.06e-129	372	NA	NA	NA
rfbD~~~rfbD_2	sp|P37778.2|	P37778	RecName: Full=dTDP-4-dehydrorhamnose reductase; AltName: Full=dTDP-4-keto-L-rhamnose reductase; AltName: Full=dTDP-6-deoxy-L-lyxo-4-hexulose reductase; AltName: Full=dTDP-6-deoxy-L-mannose dehydrogenase; AltName: Full=dTDP-L-rhamnose synthase [Shigella flexneri]	63.176	296	1.47e-131	378	NA	NA	NA
rffG	sp|P55294.2|	P55294	RecName: Full=dTDP-glucose 4,6-dehydratase [Neisseria meningitidis MC58]	73.429	350	0	518	NA	NA	NA
rhaR_1	sp|P35319.1|	P35319	RecName: Full=Putative AraC-like transcription regulator [Streptomyces lividans]	34.356	163	2.32e-14	74.3	NA	NA	NA
rhaR_1~~~rhaR_2	sp|A0A0H2ZIC3.1|	A0A0H2ZIC3	RecName: Full=HTH-type transcriptional regulator GbdR; AltName: Full=Glycine betaine/dimethylglycine responsive regulator [Pseudomonas aeruginosa UCBPP-PA14]	34.091	88	2.98e-8	57.4	NA	NA	NA
rhaR_3	sp|Q05587.2|	Q05587	RecName: Full=Regulatory protein PocR [Salmonella enterica subsp. enterica serovar Typhimurium str. LT2]	32.432	111	7.41e-11	65.1	NA	NA	NA
rhaR_4	sp|P11765.1|	P11765	RecName: Full=Arabinose operon regulatory protein [Citrobacter freundii]	36.559	93	1.77e-13	72.8	NA	NA	NA
rhaS_1	sp|Q46855.2|	Q46855	RecName: Full=HTH-type transcriptional regulator YqhC [Escherichia coli K-12]	41.509	265	1.24e-58	193	NA	NA	NA
rhaS_10	sp|Q9ZFU7.1|	Q9ZFU7	RecName: Full=HTH-type DNA-binding transcriptional activator EutR; AltName: Full=Ethanolamine operon regulatory protein [Salmonella enterica subsp. enterica serovar Typhimurium str. LT2]	39.623	106	3.07e-16	81.3	NA	NA	NA
rhaS_2	sp|P40331.2|	P40331	RecName: Full=Uncharacterized HTH-type transcriptional regulator YisR [Bacillus subtilis subsp. subtilis str. 168]	31.522	92	5.9e-8	56.2	NA	NA	NA
rhaS_3	sp|Q46855.2|	Q46855	RecName: Full=HTH-type transcriptional regulator YqhC [Escherichia coli K-12]	38.408	289	4.5699999999999996e-48	166	NA	NA	NA
rhaS_4	sp|Q51872.1|	Q51872	RecName: Full=Probable transcriptional regulator LumQ [Photobacterium leiognathi]	32.571	175	1.12e-13	72.4	NA	NA	NA
rhaS_5	sp|Q05587.2|	Q05587	RecName: Full=Regulatory protein PocR [Salmonella enterica subsp. enterica serovar Typhimurium str. LT2]	33.333	102	4.57e-9	60.1	NA	NA	NA
rhaS_6	sp|P49322.1|	P49322	RecName: Full=Uncharacterized protein in cpoL 5'region; AltName: Full=ORF1 [Streptomyces lividans]	37.41	139	7.27e-10	59.7	NA	NA	NA
rhaS_6~~~rhaS_8	sp|Q6GD21.1|	Q6GD21	RecName: Full=Uncharacterized HTH-type transcriptional regulator SAS0078 [Staphylococcus aureus subsp. aureus MSSA476]	33.333	99	2.43e-9	60.8	NA	NA	NA
rhaS_7	sp|Q46855.2|	Q46855	RecName: Full=HTH-type transcriptional regulator YqhC [Escherichia coli K-12]	33.984	256	3.7e-40	145	NA	NA	NA
rhaS_8~~~rhaS_2	sp|P28808.1|	P28808	RecName: Full=Thermoregulatory protein LcrF [Yersinia pestis]	40	115	1.29e-22	96.3	NA	NA	NA
rhaS_9	sp|O31522.1|	O31522	RecName: Full=HTH-type transcriptional regulator YesS [Bacillus subtilis subsp. subtilis str. 168]	35.484	124	1.45e-14	77.4	NA	NA	NA
rhdA	sp|Q9HUK9.1|	Q9HUK9	RecName: Full=Thiosulfate sulfurtransferase; Short=TST; AltName: Full=Rhodanese RhdA; AltName: Full=Thiosulfate:cyanide sulfurtransferase [Pseudomonas aeruginosa PAO1]	80.074	271	1.31e-147	417	NA	NA	NA
rhlA_1	sp|Q51559.2|	Q51559	RecName: Full=3-(3-hydroxydecanoyloxy)decanoate synthase [Pseudomonas aeruginosa PAO1]	63.538	277	5.9300000000000005e-123	356	NA	NA	NA
rhlA_2	sp|O85207.1|	O85207	RecName: Full=(R)-3-hydroxydecanoyl-ACP:CoA transacylase; AltName: Full=3-hydroxyacyl-CoA-acyl carrier protein transferase [Pseudomonas putida KT2440]	68.475	295	2.2999999999999996e-151	428	NA	NA	NA
rhlB_1	sp|Q887N8.1|	Q887N8	RecName: Full=ATP-dependent RNA helicase RhlB [Pseudomonas syringae pv. tomato str. DC3000]	94.43	395	0	742	NA	NA	NA
rhlB_2	sp|O34748.1|	O34748	RecName: Full=ATP-dependent DNA helicase RecQ; AltName: Full=DNA 3'-5' helicase RecQ [Bacillus subtilis subsp. subtilis str. 168]	42.813	327	4.15e-81	270	NA	NA	NA
rhlE_1	sp|P25888.3|	P25888	RecName: Full=ATP-dependent RNA helicase RhlE [Escherichia coli K-12]	62.205	381	3.8099999999999997e-162	475	NA	NA	NA
rhlE_2	sp|P44701.1|	P44701	RecName: Full=ATP-dependent RNA helicase SrmB [Haemophilus influenzae Rd KW20]	40.162	371	8.990000000000001e-79	254	NA	NA	NA
rhlE_3	sp|P25888.3|	P25888	RecName: Full=ATP-dependent RNA helicase RhlE [Escherichia coli K-12]	58.047	379	6.29e-140	411	NA	NA	NA
rho	sp|P52155.1|	P52155	RecName: Full=Transcription termination factor Rho; AltName: Full=ATP-dependent helicase Rho [Pseudomonas fluorescens bv. C]	100	419	0	849	NA	NA	NA
rhsA~~~rhsB	sp|P0DUH5.1|	P0DUH5	RecName: Full=Double-stranded DNA deaminase toxin A; Short=DddA; AltName: Full=Cytidine deaminase; Short=CD [Burkholderia cenocepacia H111]	35.86	1082	4.1299999999999994e-169	549	NA	NA	NA
rhsC	sp|P0DUH5.1|	P0DUH5	RecName: Full=Double-stranded DNA deaminase toxin A; Short=DddA; AltName: Full=Cytidine deaminase; Short=CD [Burkholderia cenocepacia H111]	36.475	244	4.79e-43	161	NA	NA	NA
rhtA	sp|P0AA67.1|	P0AA67	RecName: Full=Threonine/homoserine exporter RhtA [Escherichia coli K-12]	59.206	277	2.82e-103	306	NA	NA	NA
rhtB_1	sp|P0AG34.1|	P0AG34	RecName: Full=Homoserine/homoserine lactone efflux protein [Escherichia coli K-12]	43.158	190	1.71e-41	142	NA	NA	NA
rhtB_2	sp|Q9KVK7.1|	Q9KVK7	RecName: Full=Uncharacterized membrane protein VC_0136 [Vibrio cholerae O1 biovar El Tor str. N16961]	31.308	214	5.12e-18	81.6	NA	NA	NA
rhtB_3	sp|P38102.2|	P38102	RecName: Full=Uncharacterized membrane protein PA4757 [Pseudomonas aeruginosa PAO1]	34.975	203	6.79e-23	94.7	NA	NA	NA
rhtB_4	sp|P0AG34.1|	P0AG34	RecName: Full=Homoserine/homoserine lactone efflux protein [Escherichia coli K-12]	30.899	178	2.53e-16	77.4	NA	NA	NA
rhtB_5	sp|Q9KVK7.1|	Q9KVK7	RecName: Full=Uncharacterized membrane protein VC_0136 [Vibrio cholerae O1 biovar El Tor str. N16961]	30.481	187	1.8400000000000002e-21	90.9	NA	NA	NA
rhtB_6	sp|Q9KVK7.1|	Q9KVK7	RecName: Full=Uncharacterized membrane protein VC_0136 [Vibrio cholerae O1 biovar El Tor str. N16961]	36.842	133	1.82e-16	77.4	NA	NA	NA
rhtB_8	sp|P0AG34.1|	P0AG34	RecName: Full=Homoserine/homoserine lactone efflux protein [Escherichia coli K-12]	37.584	149	1.56e-17	80.5	NA	NA	NA
rhtC_1	sp|Q9L6N7.1|	Q9L6N7	RecName: Full=Threonine efflux protein [Salmonella enterica subsp. enterica serovar Typhimurium str. LT2]	31.5	200	1.7e-24	99	NA	NA	NA
ribA	sp|C3K2R5.1|	C3K2R5	RecName: Full=GTP cyclohydrolase-2; AltName: Full=GTP cyclohydrolase II [Pseudomonas [fluorescens] SBW25]	97.073	205	1.2899999999999998e-147	411	NA	NA	NA
ribBA	sp|Q9HWX4.1|	Q9HWX4	RecName: Full=3,4-dihydroxy-2-butanone 4-phosphate synthase; Short=DHBP synthase [Pseudomonas aeruginosa PAO1]	83.288	365	0	582	NA	NA	NA
ribD	sp|P25539.1|	P25539	RecName: Full=Riboflavin biosynthesis protein RibD; Includes: RecName: Full=Diaminohydroxyphosphoribosylaminopyrimidine deaminase; Short=DRAP deaminase; AltName: Full=Riboflavin-specific deaminase; Includes: RecName: Full=5-amino-6-(5-phosphoribosylamino)uracil reductase; AltName: Full=HTP reductase [Escherichia coli K-12]	57.382	359	1.08e-136	397	NA	NA	NA
ribE	sp|P51961.1|	P51961	RecName: Full=Riboflavin synthase; Short=RS [Photobacterium phosphoreum]	54.26	223	1.17e-82	248	NA	NA	NA
ribF	sp|P22990.1|	P22990	RecName: Full=Bifunctional riboflavin kinase/FMN adenylyltransferase; AltName: Full=Riboflavin biosynthesis protein RibF; Includes: RecName: Full=Riboflavin kinase; AltName: Full=Flavokinase; Includes: RecName: Full=FMN adenylyltransferase; AltName: Full=FAD pyrophosphorylase; AltName: Full=FAD synthase [Pseudomonas fluorescens]	95.222	293	0	509	NA	NA	NA
ribH	sp|A5VXW0.1|	A5VXW0	RecName: Full=6,7-dimethyl-8-ribityllumazine synthase; Short=DMRL synthase; Short=LS; Short=Lumazine synthase [Pseudomonas putida F1]	97.468	158	1.4399999999999997e-107	306	NA	NA	NA
ribH2	sp|Q885J3.1|	Q885J3	RecName: Full=6,7-dimethyl-8-ribityllumazine synthase 2; Short=DMRL synthase 2; Short=LS 2; Short=Lumazine synthase 2 [Pseudomonas syringae pv. tomato str. DC3000]	85.093	161	1.4e-100	289	NA	NA	NA
ribZ	sp|P76269.2|	P76269	RecName: Full=Uncharacterized transporter YebQ [Escherichia coli K-12]	47.64	445	3.67e-102	315	NA	NA	NA
rihA	sp|Q9P6J4.1|	Q9P6J4	RecName: Full=Uncharacterized protein C1683.06c [Schizosaccharomyces pombe 972h-]	44.194	310	6.63e-90	275	NA	NA	NA
rimI	sp|P0A944.1|	P0A944	RecName: Full=[Ribosomal protein bS18]-alanine N-acetyltransferase; AltName: Full=KAT; AltName: Full=Peptidyl-lysine N-acetyltransferase [Escherichia coli K-12]	39.583	144	7.789999999999999e-30	108	NA	NA	NA
rimJ	sp|P0A948.1|	P0A948	RecName: Full=[Ribosomal protein uS5]-alanine N-acetyltransferase; AltName: Full=Acetylating enzyme for N-terminal of ribosomal protein S5 [Escherichia coli K-12]	45.198	177	1.0599999999999999e-48	159	NA	NA	NA
rimK	sp|Q4KK09.1|	Q4KK09	RecName: Full=Probable alpha-L-glutamate ligase [Pseudomonas protegens Pf-5]	98.007	301	0	601	NA	NA	NA
rimM	sp|C3K1H0.1|	C3K1H0	RecName: Full=Ribosome maturation factor RimM [Pseudomonas [fluorescens] SBW25]	98.315	178	5.37e-127	357	NA	NA	NA
rimO	sp|Q3KH22.1|	Q3KH22	RecName: Full=Ribosomal protein uS12 methylthiotransferase RimO; Short=uS12 MTTase; Short=uS12 methylthiotransferase; AltName: Full=Ribosomal protein uS12 (aspartate-C(3))-methylthiotransferase; AltName: Full=Ribosome maturation factor RimO [Pseudomonas fluorescens Pf0-1]	95.495	444	0	882	NA	NA	NA
rimP	sp|C3K261.2|	C3K261	RecName: Full=Ribosome maturation factor RimP [Pseudomonas [fluorescens] SBW25]	98.734	158	1.1199999999999997e-101	291	NA	NA	NA
rkpK	sp|O86422.2|	O86422	RecName: Full=UDP-glucose 6-dehydrogenase; Short=UDP-Glc dehydrogenase; Short=UDP-GlcDH; Short=UDPGDH [Pseudomonas aeruginosa PAO1]	50.679	442	8.36e-154	447	NA	NA	NA
rl5	sp|P84138.2|	P84138	RecName: Full=Purine nucleoside phosphorylase YlmD; AltName: Full=Adenosine deaminase YlmD; AltName: Full=S-methyl-5'-thioadenosine phosphorylase YlmD [Geobacillus stearothermophilus 10]	32	200	8.68e-20	88.6	NA	NA	NA
rlhA_1	sp|P76104.2|	P76104	RecName: Full=23S rRNA 5-hydroxycytidine C2501 synthase; AltName: Full=Large subunit ribosomal RNA hydroxylation A [Escherichia coli K-12]	68.855	655	0	940	NA	NA	NA
rlhA_2	sp|P76403.1|	P76403	RecName: Full=tRNA hydroxylation protein P [Escherichia coli K-12]	72.851	442	0	672	NA	NA	NA
rlmA	sp|P36999.1|	P36999	RecName: Full=23S rRNA (guanine(745)-N(1))-methyltransferase; AltName: Full=23S rRNA m1G745 methyltransferase; AltName: Full=Ribosomal RNA large subunit methyltransferase A [Escherichia coli K-12]	40.833	240	5.37e-57	186	NA	NA	NA
rlmB	sp|Q87VK2.1|	Q87VK2	RecName: Full=23S rRNA (guanosine-2'-O-)-methyltransferase RlmB; AltName: Full=23S rRNA (guanosine2251 2'-O)-methyltransferase; AltName: Full=23S rRNA Gm2251 2'-O-methyltransferase [Pseudomonas syringae pv. tomato str. DC3000]	90.204	245	1.7499999999999997e-162	452	NA	NA	NA
rlmD	sp|Q4K898.1|	Q4K898	RecName: Full=23S rRNA (uracil(1939)-C(5))-methyltransferase RlmD; AltName: Full=23S rRNA(m5U1939)-methyltransferase [Pseudomonas protegens Pf-5]	86.86	449	0	790	NA	NA	NA
rlmE	sp|C3K267.1|	C3K267	RecName: Full=Ribosomal RNA large subunit methyltransferase E; AltName: Full=23S rRNA Um2552 methyltransferase; AltName: Full=rRNA (uridine-2'-O-)-methyltransferase [Pseudomonas [fluorescens] SBW25]	99.537	216	2.8499999999999993e-159	441	NA	NA	NA
rlmF	sp|C3K6G1.1|	C3K6G1	RecName: Full=Ribosomal RNA large subunit methyltransferase F; AltName: Full=23S rRNA mA1618 methyltransferase; AltName: Full=rRNA adenine N-6-methyltransferase [Pseudomonas [fluorescens] SBW25]	97.756	312	0	639	NA	NA	NA
rlmG	sp|Q3K6H7.1|	Q3K6H7	RecName: Full=Ribosomal RNA large subunit methyltransferase G; AltName: Full=23S rRNA m2G1835 methyltransferase; AltName: Full=rRNA (guanine-N(2)-)-methyltransferase RlmG [Pseudomonas fluorescens Pf0-1]	85.561	374	0	642	NA	NA	NA
rlmH	sp|C3K2M6.1|	C3K2M6	RecName: Full=Ribosomal RNA large subunit methyltransferase H; AltName: Full=23S rRNA (pseudouridine1915-N3)-methyltransferase; AltName: Full=23S rRNA m3Psi1915 methyltransferase; AltName: Full=rRNA (pseudouridine-N3-)-methyltransferase RlmH [Pseudomonas [fluorescens] SBW25]	98.71	155	2.61e-109	310	NA	NA	NA
rlmI_1	sp|A5F8G8.2|	A5F8G8	RecName: Full=Ribosomal RNA large subunit methyltransferase I; AltName: Full=23S rRNA m5C1962 methyltransferase; AltName: Full=rRNA (cytosine-C(5)-)-methyltransferase RlmI [Vibrio cholerae O395]	35	400	6.56e-71	231	NA	NA	NA
rlmI_2	sp|Q9RYA1.1|	Q9RYA1	RecName: Full=Ribosomal RNA large subunit methyltransferase DR_0049; AltName: Full=23S rRNA m5C2499 methyltransferase [Deinococcus radiodurans R1 = ATCC 13939 = DSM 20539]	30.094	319	1.23e-19	92.4	NA	NA	NA
rlmJ	sp|P37634.1|	P37634	RecName: Full=Ribosomal RNA large subunit methyltransferase J; AltName: Full=23S rRNA (adenine(2030)-N6)-methyltransferase; AltName: Full=23S rRNA m6A2030 methyltransferase [Escherichia coli K-12]	43.728	279	9.350000000000001e-77	237	NA	NA	NA
rlmL_1	sp|Q3KFC5.1|	Q3KFC5	RecName: Full=Ribosomal RNA large subunit methyltransferase K/L; Includes: RecName: Full=23S rRNA m2G2445 methyltransferase; AltName: Full=rRNA (guanine-N(2)-)-methyltransferase RlmL; Includes: RecName: Full=23S rRNA m7G2069 methyltransferase; AltName: Full=rRNA (guanine-N(7)-)-methyltransferase RlmK [Pseudomonas fluorescens Pf0-1]	91.27	756	0	1450	NA	NA	NA
rlmL_2	sp|A0KKF0.2|	A0KKF0	RecName: Full=Ribosomal RNA large subunit methyltransferase I; AltName: Full=23S rRNA m5C1962 methyltransferase; AltName: Full=rRNA (cytosine-C(5)-)-methyltransferase RlmI [Aeromonas hydrophila subsp. hydrophila ATCC 7966]	32.821	195	3.15e-24	104	NA	NA	NA
rlmM	sp|C3K5G4.1|	C3K5G4	RecName: Full=Ribosomal RNA large subunit methyltransferase M; AltName: Full=23S rRNA (cytidine2498-2'-O)-methyltransferase; AltName: Full=23S rRNA 2'-O-ribose methyltransferase RlmM [Pseudomonas [fluorescens] SBW25]	97.486	358	0	726	NA	NA	NA
rlmN	sp|C3K1L7.1|	C3K1L7	RecName: Full=Dual-specificity RNA methyltransferase RlmN; AltName: Full=23S rRNA (adenine(2503)-C(2))-methyltransferase; AltName: Full=23S rRNA m2A2503 methyltransferase; AltName: Full=Ribosomal RNA large subunit methyltransferase N; AltName: Full=tRNA (adenine(37)-C(2))-methyltransferase; AltName: Full=tRNA m2A37 methyltransferase [Pseudomonas [fluorescens] SBW25]	98.691	382	0	791	NA	NA	NA
rlpA_1	sp|A0A0H2ZFV1.1|	A0A0H2ZFV1	RecName: Full=Endolytic peptidoglycan transglycosylase RlpA; AltName: Full=Rare lipoprotein A; Flags: Precursor [Pseudomonas aeruginosa UCBPP-PA14]	67.208	308	2.16e-143	411	NA	NA	NA
rlpA_2	sp|Q55752.1|	Q55752	RecName: Full=Probable endolytic peptidoglycan transglycosylase RlpA [Synechocystis sp. PCC 6803 substr. Kazusa]	66.279	86	3e-30	113	NA	NA	NA
rluA	sp|Q8ZIK1.1|	Q8ZIK1	RecName: Full=Dual-specificity RNA pseudouridine synthase RluA; AltName: Full=23S rRNA pseudouridine(746) synthase; AltName: Full=Ribosomal large subunit pseudouridine synthase A; AltName: Full=rRNA pseudouridylate synthase A; AltName: Full=rRNA-uridine isomerase A; AltName: Full=tRNA pseudouridine(32) synthase [Yersinia pestis]	54.146	205	8.59e-70	214	NA	NA	NA
rluC	sp|Q9HZM9.1|	Q9HZM9	RecName: Full=Ribosomal large subunit pseudouridine synthase C; AltName: Full=23S rRNA pseudouridine(955/2504/2580) synthase; AltName: Full=rRNA pseudouridylate synthase C; AltName: Full=rRNA-uridine isomerase C [Pseudomonas aeruginosa PAO1]	78.233	317	9.759999999999999e-169	474	NA	NA	NA
rluD	sp|P33640.2|	P33640	RecName: Full=Ribosomal large subunit pseudouridine synthase D; AltName: Full=23S rRNA pseudouridine(1911/1915/1917) synthase; AltName: Full=rRNA pseudouridylate synthase D; AltName: Full=rRNA-uridine isomerase D [Pseudomonas aeruginosa PAO1]	80.312	320	2.1099999999999998e-173	486	NA	NA	NA
rluE	sp|Q9HX48.1|	Q9HX48	RecName: Full=Ribosomal large subunit pseudouridine synthase E; AltName: Full=rRNA pseudouridylate synthase E; AltName: Full=rRNA-uridine isomerase E [Pseudomonas aeruginosa PAO1]	85.106	188	7.399999999999999e-112	320	NA	NA	NA
rluF	sp|P35159.2|	P35159	RecName: Full=Ribosomal large subunit pseudouridine synthase B; AltName: Full=23S rRNA pseudouridine(2605) synthase; AltName: Full=rRNA pseudouridylate synthase B; AltName: Full=rRNA-uridine isomerase B [Bacillus subtilis subsp. subtilis str. 168]	30.769	169	2.81e-7	53.1	NA	NA	NA
rmd	sp|Q6T1X6.1|	Q6T1X6	RecName: Full=GDP-6-deoxy-D-mannose reductase [Aneurinibacillus thermoaerophilus]	38.312	308	5.98e-68	217	NA	NA	NA
rmlC_1	sp|Q9HU21.1|	Q9HU21	RecName: Full=dTDP-4-dehydrorhamnose 3,5-epimerase; AltName: Full=Thymidine diphospho-4-keto-rhamnose 3,5-epimerase; AltName: Full=dTDP-4-keto-6-deoxyglucose 3,5-epimerase; AltName: Full=dTDP-6-deoxy-D-xylo-4-hexulose 3,5-epimerase; AltName: Full=dTDP-L-rhamnose synthase [Pseudomonas aeruginosa PAO1]	70	180	6.25e-85	251	NA	NA	NA
rmlC_2	sp|Q9HU21.1|	Q9HU21	RecName: Full=dTDP-4-dehydrorhamnose 3,5-epimerase; AltName: Full=Thymidine diphospho-4-keto-rhamnose 3,5-epimerase; AltName: Full=dTDP-4-keto-6-deoxyglucose 3,5-epimerase; AltName: Full=dTDP-6-deoxy-D-xylo-4-hexulose 3,5-epimerase; AltName: Full=dTDP-L-rhamnose synthase [Pseudomonas aeruginosa PAO1]	65.193	181	4.78e-88	258	NA	NA	NA
rnc	sp|C3K6Y7.1|	C3K6Y7	RecName: Full=Ribonuclease 3; AltName: Full=Ribonuclease III; Short=RNase III [Pseudomonas [fluorescens] SBW25]	97.596	208	8.73e-131	370	NA	NA	NA
rnd	sp|A6V8R6.2|	A6V8R6	RecName: Full=Ribonuclease D; Short=RNase D [Pseudomonas paraeruginosa PA7]	67.024	373	1.7199999999999998e-174	493	NA	NA	NA
rne	sp|P21513.6|	P21513	RecName: Full=Ribonuclease E; Short=RNase E [Escherichia coli K-12]	72.245	490	0	684	NA	NA	NA
rng	sp|A0A0H3NGK0.1|	A0A0H3NGK0	RecName: Full=Ribonuclease G; Short=RNase G [Salmonella enterica subsp. enterica serovar Typhimurium str. SL1344]	57.085	494	0	552	NA	NA	NA
rnhA	sp|Q4KBI1.1|	Q4KBI1	RecName: Full=Ribonuclease H; Short=RNase H [Pseudomonas protegens Pf-5]	91.946	149	1.99e-99	285	NA	NA	NA
rnhB	sp|Q4KHG2.2|	Q4KHG2	RecName: Full=Ribonuclease HII; Short=RNase HII [Pseudomonas protegens Pf-5]	92.718	206	1.04e-138	389	NA	NA	NA
rnk	sp|P0AFW4.1|	P0AFW4	RecName: Full=Regulator of nucleoside diphosphate kinase [Escherichia coli K-12]	45.113	133	1.1599999999999999e-30	110	NA	NA	NA
rnr	sp|P21499.2|	P21499	RecName: Full=Ribonuclease R; Short=RNase R; AltName: Full=Protein VacB [Escherichia coli K-12]	54.509	743	0	757	NA	NA	NA
rnt	sp|Q4K746.1|	Q4K746	RecName: Full=Ribonuclease T; AltName: Full=Exoribonuclease T; Short=RNase T [Pseudomonas protegens Pf-5]	92.377	223	1.07e-154	431	NA	NA	NA
rodZ	sp|Q6D275.1|	Q6D275	RecName: Full=Cytoskeleton protein RodZ [Pectobacterium atrosepticum SCRI1043]	45.205	73	9.48e-14	74.3	NA	NA	NA
roxA	sp|P27431.2|	P27431	RecName: Full=Ribosomal protein uL16 3-hydroxylase; AltName: Full=Ribosomal oxygenase RoxA; Short=ROX [Escherichia coli K-12]	38.147	367	4.2399999999999996e-67	219	NA	NA	NA
rpe	sp|P0AG07.1|	P0AG07	RecName: Full=Ribulose-phosphate 3-epimerase; AltName: Full=Pentose-5-phosphate 3-epimerase; Short=PPE; AltName: Full=R5P3E [Escherichia coli K-12]	79.091	220	4.15e-125	356	NA	NA	NA
rph	sp|C3K479.1|	C3K479	RecName: Full=Ribonuclease PH; Short=RNase PH; AltName: Full=tRNA nucleotidyltransferase [Pseudomonas [fluorescens] SBW25]	99.583	240	1.0399999999999998e-175	485	NA	NA	NA
rpiA	sp|C3K3R7.1|	C3K3R7	RecName: Full=Ribose-5-phosphate isomerase A; AltName: Full=Phosphoriboisomerase A; Short=PRI [Pseudomonas [fluorescens] SBW25]	98.206	223	1.3799999999999998e-158	440	NA	NA	NA
rpiB	sp|Q92EU5.1|	Q92EU5	RecName: Full=Ribose-5-P isomerase B; AltName: Full=RpiB-type ribose-5-P isomerase [Listeria innocua Clip11262]	51.724	145	2.16e-48	155	NA	NA	NA
rplA	sp|C3K2Y6.1|	C3K2Y6	RecName: Full=Large ribosomal subunit protein uL1; AltName: Full=50S ribosomal protein L1 [Pseudomonas [fluorescens] SBW25]	100	231	2.03e-145	408	NA	NA	NA
rplB	sp|Q3K5Z1.1|	Q3K5Z1	RecName: Full=Large ribosomal subunit protein uL2; AltName: Full=50S ribosomal protein L2 [Pseudomonas fluorescens Pf0-1]	99.635	274	0	528	NA	NA	NA
rplC	sp|C3K2X6.1|	C3K2X6	RecName: Full=Large ribosomal subunit protein uL3; AltName: Full=50S ribosomal protein L3 [Pseudomonas [fluorescens] SBW25]	99.526	211	2.9999999999999995e-153	426	NA	NA	NA
rplD	sp|Q4ZMP5.1|	Q4ZMP5	RecName: Full=Large ribosomal subunit protein uL4; AltName: Full=50S ribosomal protein L4 [Pseudomonas syringae pv. syringae B728a]	99	200	5.569999999999999e-145	404	NA	NA	NA
rplE	sp|C3K2W4.1|	C3K2W4	RecName: Full=Large ribosomal subunit protein uL5; AltName: Full=50S ribosomal protein L5 [Pseudomonas [fluorescens] SBW25]	100	179	1.2e-128	361	NA	NA	NA
rplF	sp|C3K2W1.1|	C3K2W1	RecName: Full=Large ribosomal subunit protein uL6; AltName: Full=50S ribosomal protein L6 [Pseudomonas [fluorescens] SBW25]	100	166	3.4399999999999993e-119	337	NA	NA	NA
rplI	sp|C3KE70.1|	C3KE70	RecName: Full=Large ribosomal subunit protein bL9; AltName: Full=50S ribosomal protein L9 [Pseudomonas [fluorescens] SBW25]	100	134	1.38e-60	186	NA	NA	NA
rplJ	sp|C3K2Y5.1|	C3K2Y5	RecName: Full=Large ribosomal subunit protein uL10; AltName: Full=50S ribosomal protein L10 [Pseudomonas [fluorescens] SBW25]	98.148	162	8.51e-94	272	NA	NA	NA
rplK	sp|C3K2Y7.1|	C3K2Y7	RecName: Full=Large ribosomal subunit protein uL11; AltName: Full=50S ribosomal protein L11 [Pseudomonas [fluorescens] SBW25]	99.301	143	2.9499999999999997e-101	289	NA	NA	NA
rplL	sp|C3K2Y4.1|	C3K2Y4	RecName: Full=Large ribosomal subunit protein bL12; AltName: Full=50S ribosomal protein L7/L12 [Pseudomonas [fluorescens] SBW25]	98.347	121	2.9799999999999998e-46	148	NA	NA	NA
rplM	sp|C3K6E1.1|	C3K6E1	RecName: Full=Large ribosomal subunit protein uL13; AltName: Full=50S ribosomal protein L13 [Pseudomonas [fluorescens] SBW25]	98.592	142	1.59e-102	292	NA	NA	NA
rplN	sp|A5VXQ7.1|	A5VXQ7	RecName: Full=Large ribosomal subunit protein uL14; AltName: Full=50S ribosomal protein L14 [Pseudomonas putida F1]	100	122	1.01e-84	245	NA	NA	NA
rplO	sp|C3K2V7.1|	C3K2V7	RecName: Full=Large ribosomal subunit protein uL15; AltName: Full=50S ribosomal protein L15 [Pseudomonas [fluorescens] SBW25]	100	145	3.72e-84	246	NA	NA	NA
rplP	sp|C3K2W9.1|	C3K2W9	RecName: Full=Large ribosomal subunit protein uL16; AltName: Full=50S ribosomal protein L16 [Pseudomonas [fluorescens] SBW25]	98.54	137	2.5200000000000003e-77	228	NA	NA	NA
rplQ	sp|C3K2V0.1|	C3K2V0	RecName: Full=Large ribosomal subunit protein bL17; AltName: Full=50S ribosomal protein L17 [Pseudomonas [fluorescens] SBW25]	99.219	128	4.57e-90	259	NA	NA	NA
rplR	sp|Q3K604.1|	Q3K604	RecName: Full=Large ribosomal subunit protein uL18; AltName: Full=50S ribosomal protein L18 [Pseudomonas fluorescens Pf0-1]	100	116	8.85e-70	207	NA	NA	NA
rplS	sp|C3K1G8.1|	C3K1G8	RecName: Full=Large ribosomal subunit protein bL19; AltName: Full=50S ribosomal protein L19 [Pseudomonas [fluorescens] SBW25]	100	116	2.1900000000000002e-80	234	NA	NA	NA
rplT	sp|C3JZN4.1|	C3JZN4	RecName: Full=Large ribosomal subunit protein bL20; AltName: Full=50S ribosomal protein L20 [Pseudomonas [fluorescens] SBW25]	99.153	118	8.87e-76	223	NA	NA	NA
rplU	sp|Q889F3.1|	Q889F3	RecName: Full=Large ribosomal subunit protein bL21; AltName: Full=50S ribosomal protein L21 [Pseudomonas syringae pv. tomato str. DC3000]	99.02	102	2.12e-40	132	NA	NA	NA
rplV	sp|A4XZ85.1|	A4XZ85	RecName: Full=Large ribosomal subunit protein uL22; AltName: Full=50S ribosomal protein L22 [Ectopseudomonas mendocina ymp]	100	110	2.1800000000000002e-73	216	NA	NA	NA
rplW	sp|C3K2X4.1|	C3K2X4	RecName: Full=Large ribosomal subunit protein uL23; AltName: Full=50S ribosomal protein L23 [Pseudomonas [fluorescens] SBW25]	100	99	1.1899999999999998e-66	198	NA	NA	NA
rplX	sp|C3K2W5.1|	C3K2W5	RecName: Full=Large ribosomal subunit protein uL24; AltName: Full=50S ribosomal protein L24 [Pseudomonas [fluorescens] SBW25]	100	104	5.52e-69	204	NA	NA	NA
rplY	sp|Q888C7.1|	Q888C7	RecName: Full=Large ribosomal subunit protein bL25; AltName: Full=50S ribosomal protein L25; AltName: Full=General stress protein CTC [Pseudomonas syringae pv. tomato str. DC3000]	91.534	189	4.05e-111	318	NA	NA	NA
rpmA	sp|C3K1X7.1|	C3K1X7	RecName: Full=Large ribosomal subunit protein bL27; AltName: Full=50S ribosomal protein L27 [Pseudomonas [fluorescens] SBW25]	100	85	3.3e-56	170	NA	NA	NA
rpmB	sp|C3K469.1|	C3K469	RecName: Full=Large ribosomal subunit protein bL28; AltName: Full=50S ribosomal protein L28 [Pseudomonas [fluorescens] SBW25]	100	77	2e-51	157	NA	NA	NA
rpmC	sp|B0KK75.1|	B0KK75	RecName: Full=Large ribosomal subunit protein uL29; AltName: Full=50S ribosomal protein L29 [Pseudomonas putida GB-1]	100	63	4.87e-38	123	NA	NA	NA
rpmD	sp|Q48D54.1|	Q48D54	RecName: Full=Large ribosomal subunit protein uL30; AltName: Full=50S ribosomal protein L30 [Pseudomonas savastanoi pv. phaseolicola 1448A]	96.552	58	7.08e-36	117	NA	NA	NA
rpmE	sp|C3KAH5.1|	C3KAH5	RecName: Full=Large ribosomal subunit protein bL31; AltName: Full=50S ribosomal protein L31 [Pseudomonas [fluorescens] SBW25]	98.701	77	1.19e-52	160	NA	NA	NA
rpmE2	sp|C3K860.1|	C3K860	RecName: Full=Large ribosomal subunit protein bL31B; AltName: Full=50S ribosomal protein L31 type B [Pseudomonas [fluorescens] SBW25]	93.258	89	1.09e-56	172	NA	NA	NA
rpmF	sp|Q48L44.1|	Q48L44	RecName: Full=Large ribosomal subunit protein bL32; AltName: Full=50S ribosomal protein L32 [Pseudomonas savastanoi pv. phaseolicola 1448A]	98.333	60	3.5499999999999995e-37	120	NA	NA	NA
rpmG	sp|Q88BC7.1|	Q88BC7	RecName: Full=Large ribosomal subunit protein bL33; AltName: Full=50S ribosomal protein L33 [Pseudomonas syringae pv. tomato str. DC3000]	88.235	51	4.130000000000001e-27	94.7	NA	NA	NA
rpmI	sp|C3JZN5.1|	C3JZN5	RecName: Full=Large ribosomal subunit protein bL35; AltName: Full=50S ribosomal protein L35 [Pseudomonas [fluorescens] SBW25]	96.875	64	1.3799999999999999e-37	122	NA	NA	NA
rpoA	sp|Q3K612.1|	Q3K612	RecName: Full=DNA-directed RNA polymerase subunit alpha; Short=RNAP subunit alpha; AltName: Full=RNA polymerase subunit alpha; AltName: Full=Transcriptase subunit alpha [Pseudomonas fluorescens Pf0-1]	99.7	333	0	641	NA	NA	NA
rpoB	sp|C3K2Y3.1|	C3K2Y3	RecName: Full=DNA-directed RNA polymerase subunit beta; Short=RNAP subunit beta; AltName: Full=RNA polymerase subunit beta; AltName: Full=Transcriptase subunit beta [Pseudomonas [fluorescens] SBW25]	99.558	1357	0	2767	NA	NA	NA
rpoC	sp|C3K2Y2.1|	C3K2Y2	RecName: Full=DNA-directed RNA polymerase subunit beta'; Short=RNAP subunit beta'; AltName: Full=RNA polymerase subunit beta'; AltName: Full=Transcriptase subunit beta' [Pseudomonas [fluorescens] SBW25]	99.571	1399	0	2766	NA	NA	NA
rpoD	sp|P52326.1|	P52326	RecName: Full=RNA polymerase sigma factor RpoD; AltName: Full=Sigma-70 [Pseudomonas protegens CHA0]	93.669	616	0	1040	NA	NA	NA
rpoE_1	sp|P0AGB6.1|	P0AGB6	RecName: Full=ECF RNA polymerase sigma-E factor; AltName: Full=RNA polymerase sigma-E factor; AltName: Full=Sigma-24 [Escherichia coli K-12]	31.892	185	2.77e-13	68.6	NA	NA	NA
rpoE_2	sp|Q3IYV6.1|	Q3IYV6	RecName: Full=ECF RNA polymerase sigma factor RpoE; AltName: Full=Alternative RNA polymerase sigma factor RpoE; AltName: Full=RNA polymerase sigma-E factor; AltName: Full=Sigma-24 [Cereibacter sphaeroides 2.4.1]	35.185	162	1.72e-15	73.9	NA	NA	NA
rpoH	sp|P42378.2|	P42378	RecName: Full=RNA polymerase sigma factor RpoH; AltName: Full=RNA polymerase sigma-32 factor [Pseudomonas aeruginosa PAO1]	90.493	284	1.1099999999999999e-178	496	NA	NA	NA
rpoN	sp|P0A171.1|	P0A171	RecName: Full=RNA polymerase sigma-54 factor [Pseudomonas putida KT2440]	90.342	497	0	899	NA	NA	NA
rpoS	sp|P45684.1|	P45684	RecName: Full=RNA polymerase sigma factor RpoS; AltName: Full=Sigma S; AltName: Full=Sigma-38 [Pseudomonas aeruginosa PAO1]	87.906	339	0	506	NA	NA	NA
rpoZ	sp|C3K482.1|	C3K482	RecName: Full=DNA-directed RNA polymerase subunit omega; Short=RNAP omega subunit; AltName: Full=RNA polymerase omega subunit; AltName: Full=Transcriptase subunit omega [Pseudomonas [fluorescens] SBW25]	100	87	6.05e-59	177	NA	NA	NA
rppH	sp|C3K3R3.1|	C3K3R3	RecName: Full=RNA pyrophosphohydrolase; AltName: Full=(Di)nucleoside polyphosphate hydrolase [Pseudomonas [fluorescens] SBW25]	99.371	159	5.79e-114	322	NA	NA	NA
rppH_1	sp|Q9FNH4.1|	Q9FNH4	RecName: Full=Nudix hydrolase 27, chloroplastic; Short=AtNUDT27; Flags: Precursor [Arabidopsis thaliana]	37.705	61	3.72e-6	48.1	NA	NA	NA
rpsA	sp|Q9HZ71.1|	Q9HZ71	RecName: Full=Small ribosomal subunit protein bS1; AltName: Full=30S ribosomal protein S1 [Pseudomonas aeruginosa PAO1]	88.364	550	0	801	NA	NA	NA
rpsB	sp|C3K5E6.1|	C3K5E6	RecName: Full=Small ribosomal subunit protein uS2; AltName: Full=30S ribosomal protein S2 [Pseudomonas [fluorescens] SBW25]	99.574	235	2.2299999999999997e-175	484	NA	NA	NA
rpsC	sp|Q3K5Z4.1|	Q3K5Z4	RecName: Full=Small ribosomal subunit protein uS3; AltName: Full=30S ribosomal protein S3 [Pseudomonas fluorescens Pf0-1]	100	215	1.19e-156	436	NA	NA	NA
rpsD	sp|C3K2V2.1|	C3K2V2	RecName: Full=Small ribosomal subunit protein uS4; AltName: Full=30S ribosomal protein S4 [Pseudomonas [fluorescens] SBW25]	99.029	206	1.42e-150	419	NA	NA	NA
rpsE	sp|C3K2V9.1|	C3K2V9	RecName: Full=Small ribosomal subunit protein uS5; AltName: Full=30S ribosomal protein S5 [Pseudomonas [fluorescens] SBW25]	100	166	1.32e-105	301	NA	NA	NA
rpsF	sp|C3KE67.1|	C3KE67	RecName: Full=Small ribosomal subunit protein bS6; AltName: Full=30S ribosomal protein S6 [Pseudomonas [fluorescens] SBW25]	100	105	5.82e-74	219	NA	NA	NA
rpsG	sp|C3K2Y0.1|	C3K2Y0	RecName: Full=Small ribosomal subunit protein uS7; AltName: Full=30S ribosomal protein S7 [Pseudomonas [fluorescens] SBW25]	100	156	7.539999999999998e-110	311	NA	NA	NA
rpsH	sp|C3K2W2.1|	C3K2W2	RecName: Full=Small ribosomal subunit protein uS8; AltName: Full=30S ribosomal protein S8 [Pseudomonas [fluorescens] SBW25]	100	130	1.21e-76	226	NA	NA	NA
rpsI	sp|C3K6E2.1|	C3K6E2	RecName: Full=Small ribosomal subunit protein uS9; AltName: Full=30S ribosomal protein S9 [Pseudomonas [fluorescens] SBW25]	99.231	130	7.62e-90	259	NA	NA	NA
rpsJ	sp|A4VHM9.1|	A4VHM9	RecName: Full=Small ribosomal subunit protein uS10; AltName: Full=30S ribosomal protein S10 [Stutzerimonas stutzeri A1501]	100	103	1.12e-70	208	NA	NA	NA
rpsK	sp|C3K2V3.1|	C3K2V3	RecName: Full=Small ribosomal subunit protein uS11; AltName: Full=30S ribosomal protein S11 [Pseudomonas [fluorescens] SBW25]	100	112	1.11e-57	177	NA	NA	NA
rpsL	sp|C3K2Y1.1|	C3K2Y1	RecName: Full=Small ribosomal subunit protein uS12; AltName: Full=30S ribosomal protein S12 [Pseudomonas [fluorescens] SBW25]	100	123	3.71e-86	249	NA	NA	NA
rpsM	sp|C3K2V4.1|	C3K2V4	RecName: Full=Small ribosomal subunit protein uS13; AltName: Full=30S ribosomal protein S13 [Pseudomonas [fluorescens] SBW25]	100	118	1.78e-82	239	NA	NA	NA
rpsN	sp|Q4ZMQ7.1|	Q4ZMQ7	RecName: Full=Small ribosomal subunit protein uS14; AltName: Full=30S ribosomal protein S14 [Pseudomonas syringae pv. syringae B728a]	97.03	101	6.990000000000001e-59	178	NA	NA	NA
rpsO	sp|C3K256.1|	C3K256	RecName: Full=Small ribosomal subunit protein uS15; AltName: Full=30S ribosomal protein S15 [Pseudomonas [fluorescens] SBW25]	98.876	89	3.0199999999999996e-45	143	NA	NA	NA
rpsP	sp|C3K1H1.1|	C3K1H1	RecName: Full=Small ribosomal subunit protein bS16; AltName: Full=30S ribosomal protein S16 [Pseudomonas [fluorescens] SBW25]	100	71	2.5699999999999997e-48	150	NA	NA	NA
rpsQ	sp|C3K2W7.1|	C3K2W7	RecName: Full=Small ribosomal subunit protein uS17; AltName: Full=30S ribosomal protein S17 [Pseudomonas [fluorescens] SBW25]	100	88	6.5700000000000005e-59	177	NA	NA	NA
rpsR	sp|C3KE68.1|	C3KE68	RecName: Full=Small ribosomal subunit protein bS18; AltName: Full=30S ribosomal protein S18 [Pseudomonas [fluorescens] SBW25]	100	63	9.43e-40	128	NA	NA	NA
rpsS	sp|Q48D40.1|	Q48D40	RecName: Full=Small ribosomal subunit protein uS19; AltName: Full=30S ribosomal protein S19 [Pseudomonas savastanoi pv. phaseolicola 1448A]	98.901	91	5.38e-62	186	NA	NA	NA
rpsT	sp|C3KDX1.1|	C3KDX1	RecName: Full=Small ribosomal subunit protein bS20; AltName: Full=30S ribosomal protein S20 [Pseudomonas [fluorescens] SBW25]	96.739	92	1.5099999999999998e-47	149	NA	NA	NA
rpsU	sp|Q3K5S0.1|	Q3K5S0	RecName: Full=Small ribosomal subunit protein bS21; AltName: Full=30S ribosomal protein S21 [Pseudomonas fluorescens Pf0-1]	100	71	3.2399999999999996e-31	106	NA	NA	NA
rrrD	sp|Q9T1T5.1|	Q9T1T5	RecName: Full=Endolysin; AltName: Full=Lysis protein; AltName: Full=Lysozyme; AltName: Full=Muramidase; AltName: Full=P13 [Hamiltonella phage APSE-1]	44.218	147	1.0699999999999999e-31	113	NA	NA	NA
rsbQ	sp|O07015.1|	O07015	RecName: Full=Sigma factor SigB regulation protein RsbQ [Bacillus subtilis subsp. subtilis str. 168]	43.411	258	5.3399999999999997e-76	235	NA	NA	NA
rsd	sp|P15275.1|	P15275	RecName: Full=Transcriptional regulatory protein AlgQ; AltName: Full=Alginate regulatory protein AlgR2 [Pseudomonas aeruginosa PAO1]	63.576	151	1.68e-61	189	NA	NA	NA
rseP	sp|Q9HXY3.1|	Q9HXY3	RecName: Full=Putative zinc metalloprotease PA3649 [Pseudomonas aeruginosa PAO1]	78.667	450	0	694	NA	NA	NA
rsfS	sp|Q02SH2.1|	Q02SH2	RecName: Full=Ribosomal silencing factor RsfS [Pseudomonas aeruginosa UCBPP-PA14]	59.322	118	1.57e-44	145	NA	NA	NA
rsgA	sp|C3KDV4.1|	C3KDV4	RecName: Full=Small ribosomal subunit biogenesis GTPase RsgA [Pseudomonas [fluorescens] SBW25]	100	343	0	662	NA	NA	NA
rsmA	sp|Q4K4X5.1|	Q4K4X5	RecName: Full=Ribosomal RNA small subunit methyltransferase A; AltName: Full=16S rRNA (adenine(1518)-N(6)/adenine(1519)-N(6))-dimethyltransferase; AltName: Full=16S rRNA dimethyladenosine transferase; AltName: Full=16S rRNA dimethylase; AltName: Full=S-adenosylmethionine-6-N', N'-adenosyl(rRNA) dimethyltransferase [Pseudomonas protegens Pf-5]	93.704	270	0	519	NA	NA	NA
rsmB	sp|Q88B41.1|	Q88B41	RecName: Full=Ribosomal RNA small subunit methyltransferase B; AltName: Full=16S rRNA m5C967 methyltransferase; AltName: Full=rRNA (cytosine-C(5)-)-methyltransferase RsmB [Pseudomonas syringae pv. tomato str. DC3000]	86.53	438	0	674	NA	NA	NA
rsmC	sp|Q3K705.1|	Q3K705	RecName: Full=Ribosomal RNA small subunit methyltransferase C; AltName: Full=16S rRNA m2G1207 methyltransferase; AltName: Full=rRNA (guanine-N(2)-)-methyltransferase RsmC [Pseudomonas fluorescens Pf0-1]	87.952	332	0	577	NA	NA	NA
rsmD	sp|P0ADX9.1|	P0ADX9	RecName: Full=Ribosomal RNA small subunit methyltransferase D; AltName: Full=16S rRNA m2G966 methyltransferase; AltName: Full=rRNA (guanine-N(2)-)-methyltransferase [Escherichia coli K-12]	48.958	192	4.089999999999999e-55	177	NA	NA	NA
rsmE	sp|P37995.2|	P37995	RecName: Full=Ribosomal RNA small subunit methyltransferase E; AltName: Full=16S rRNA m3U1498 methyltransferase [Dickeya dadantii 3937]	47.368	247	3.72e-63	200	NA	NA	NA
rsmG	sp|Q4K3A0.2|	Q4K3A0	RecName: Full=Ribosomal RNA small subunit methyltransferase G; AltName: Full=16S rRNA 7-methylguanosine methyltransferase; Short=16S rRNA m7G methyltransferase [Pseudomonas protegens Pf-5]	91.121	214	5.899999999999999e-138	387	NA	NA	NA
rsmH	sp|C3KCS2.1|	C3KCS2	RecName: Full=Ribosomal RNA small subunit methyltransferase H; AltName: Full=16S rRNA m(4)C1402 methyltransferase; AltName: Full=rRNA (cytosine-N(4)-)-methyltransferase RsmH [Pseudomonas [fluorescens] SBW25]	98.413	315	0	576	NA	NA	NA
rsmI	sp|Q9HVZ3.1|	Q9HVZ3	RecName: Full=Ribosomal RNA small subunit methyltransferase I; AltName: Full=16S rRNA 2'-O-ribose C1402 methyltransferase; AltName: Full=rRNA (cytidine-2'-O-)-methyltransferase RsmI [Pseudomonas aeruginosa PAO1]	79.856	278	7.09e-139	395	NA	NA	NA
rsmJ	sp|C3K4Q4.1|	C3K4Q4	RecName: Full=Ribosomal RNA small subunit methyltransferase J; AltName: Full=16S rRNA m2G1516 methyltransferase; AltName: Full=rRNA (guanine-N(2)-)-methyltransferase [Pseudomonas [fluorescens] SBW25]	95	260	6.429999999999999e-165	459	NA	NA	NA
rssA	sp|Q8GP19.2|	Q8GP19	RecName: Full=Swarming motility regulation sensor protein RssA [Serratia marcescens]	30.548	383	7.85e-43	160	NA	NA	NA
rssB_1	sp|Q9HX69.1|	Q9HX69	RecName: Full=Cyclic di-GMP phosphodiesterase RocR; Short=c-di-GMP PDE; AltName: Full=Response regulator RocR [Pseudomonas aeruginosa PAO1]	42.308	390	3.2000000000000002e-105	318	NA	NA	NA
rssB_2	sp|P13632.3|	P13632	RecName: Full=C4-dicarboxylate transport transcriptional regulatory protein DctD [Sinorhizobium meliloti 1021]	32.5	120	8.3e-11	61.2	NA	NA	NA
rssB_3	sp|B8GZM2.1|	B8GZM2	RecName: Full=Response regulator PleD; AltName: Full=Stalked cell differentiation-controlling protein; Includes: RecName: Full=Diguanylate cyclase; Short=DGC; AltName: Full=Diguanylate kinase [Caulobacter vibrioides NA1000]	31.353	303	1.55e-34	139	NA	NA	NA
rssB_4	sp|Q9HWA4.1|	Q9HWA4	RecName: Full=Two-component response regulator PprB [Pseudomonas aeruginosa PAO1]	52.874	261	2.12e-86	261	NA	NA	NA
rssB_5	sp|P26408.1|	P26408	RecName: Full=Hydrogenase transcriptional regulatory protein HupR1 [Rhodobacter capsulatus]	32.298	161	6.13e-18	89.4	NA	NA	NA
rssB_6	sp|Q47744.1|	Q47744	RecName: Full=Regulatory protein VanRB [Enterococcus faecalis V583]	33.333	123	1.6e-10	63.9	NA	NA	NA
rssB_7	sp|Q9HX69.1|	Q9HX69	RecName: Full=Cyclic di-GMP phosphodiesterase RocR; Short=c-di-GMP PDE; AltName: Full=Response regulator RocR [Pseudomonas aeruginosa PAO1]	43.188	389	3.06e-108	327	NA	NA	NA
rstA_1	sp|P52108.2|	P52108	RecName: Full=Transcriptional regulatory protein RstA [Escherichia coli K-12]	39.224	232	3.9099999999999997e-47	159	NA	NA	NA
rstA_2	sp|P52108.2|	P52108	RecName: Full=Transcriptional regulatory protein RstA [Escherichia coli K-12]	46.862	239	6.87e-65	204	NA	NA	NA
rstA_3	sp|P52108.2|	P52108	RecName: Full=Transcriptional regulatory protein RstA [Escherichia coli K-12]	44.444	234	1.5e-48	162	NA	NA	NA
rstB	sp|P18392.2|	P18392	RecName: Full=Sensor protein RstB [Escherichia coli K-12]	32.009	428	2.5e-62	210	NA	NA	NA
rsuA	sp|Q9I5J6.1|	Q9I5J6	RecName: Full=Ribosomal small subunit pseudouridine synthase A; AltName: Full=16S pseudouridylate 516 synthase; AltName: Full=16S rRNA pseudouridine(516) synthase; AltName: Full=rRNA pseudouridylate synthase A; AltName: Full=rRNA-uridine isomerase A [Pseudomonas aeruginosa PAO1]	61.739	230	4.09e-97	285	NA	NA	NA
rsxB	sp|Q2SKU5.1|	Q2SKU5	RecName: Full=Ion-translocating oxidoreductase complex subunit B; AltName: Full=Rnf electron transport complex subunit B [Hahella chejuensis KCTC 2396]	72.308	130	1.8199999999999998e-60	197	NA	NA	NA
rubA1	sp|Q9HTK7.1|	Q9HTK7	RecName: Full=Rubredoxin-1; Short=Rdxs [Pseudomonas aeruginosa PAO1]	83.636	55	2.75e-28	98.2	NA	NA	NA
rubA2	sp|Q9HTK8.1|	Q9HTK8	RecName: Full=Rubredoxin-2; Short=Rdxs [Pseudomonas aeruginosa PAO1]	61.111	54	8.73e-20	76.6	NA	NA	NA
rutB_1	sp|B7UNZ4.1|	B7UNZ4	RecName: Full=Ureidoacrylate amidohydrolase RutB [Escherichia coli O127:H6 str. E2348/69]	33	200	1.13e-22	94.4	NA	NA	NA
rutB_1~~~rutB_2	sp|P96654.1|	P96654	RecName: Full=Uncharacterized isochorismatase family protein YddQ [Bacillus subtilis subsp. subtilis str. 168]	35.227	176	3.46e-26	103	NA	NA	NA
rutC_1	sp|O30825.1|	O30825	RecName: Full=RutC family protein HD_0322 [[Haemophilus] ducreyi 35000HP]	39.623	106	1.2099999999999999e-24	93.2	NA	NA	NA
rutC_2	sp|P71394.1|	P71394	RecName: Full=RutC family protein HI_1627 [Haemophilus influenzae Rd KW20]	43.478	115	5.5e-22	86.7	NA	NA	NA
rutC_3	sp|Q8U308.1|	Q8U308	RecName: Full=2-iminobutanoate/2-iminopropanoate deaminase; AltName: Full=Enamine/imine deaminase [Pyrococcus furiosus DSM 3638]	32.71	107	8.46e-11	58.9	NA	NA	NA
rutD_1	sp|Q8PDW8.1|	Q8PDW8	RecName: Full=Cis-3-alkyl-4-alkyloxetan-2-one decarboxylase [Xanthomonas campestris pv. campestris str. ATCC 33913]	37.097	124	5.85e-14	74.7	NA	NA	NA
rutD_2	sp|P26495.1|	P26495	RecName: Full=Poly(3-hydroxyalkanoate) depolymerase; Short=PHA depolymerase; AltName: Full=ORF2; AltName: Full=PHB depolymerase [Ectopseudomonas oleovorans]	30.263	228	1.39e-12	70.1	NA	NA	NA
rutR_1	sp|P0ACU2.1|	P0ACU2	RecName: Full=HTH-type transcriptional regulator RutR; AltName: Full=Rut operon repressor [Escherichia coli K-12]	39.378	193	1.17e-41	142	NA	NA	NA
rutR_2	sp|P0ACU2.1|	P0ACU2	RecName: Full=HTH-type transcriptional regulator RutR; AltName: Full=Rut operon repressor [Escherichia coli K-12]	43.284	201	1.23e-53	174	NA	NA	NA
rutR_3	sp|Q8X4Z7.1|	Q8X4Z7	RecName: Full=HTH-type transcriptional regulator RutR; AltName: Full=Rut operon repressor [Escherichia coli O157:H7]	35.714	196	5.9e-35	125	NA	NA	NA
ruvA	sp|C3JYS8.1|	C3JYS8	RecName: Full=Holliday junction branch migration complex subunit RuvA [Pseudomonas [fluorescens] SBW25]	98.522	203	3.63e-145	405	NA	NA	NA
ruvB_1	sp|P06710.1|	P06710	RecName: Full=DNA polymerase III subunit tau; AltName: Full=DNA polymerase III subunit gamma [Escherichia coli K-12]	60.686	379	3.2599999999999994e-157	471	NA	NA	NA
ruvB_2	sp|C3JYS7.1|	C3JYS7	RecName: Full=Holliday junction branch migration complex subunit RuvB [Pseudomonas [fluorescens] SBW25]	98.864	352	0	659	NA	NA	NA
ruvC	sp|C3JYS9.1|	C3JYS9	RecName: Full=Crossover junction endodeoxyribonuclease RuvC; AltName: Full=Holliday junction nuclease RuvC; AltName: Full=Holliday junction resolvase RuvC [Pseudomonas [fluorescens] SBW25]	98.851	174	3.07e-123	347	NA	NA	NA
sadH	sp|P9WGP8.1|	P9WGP8	RecName: Full=Putative oxidoreductase SadH [Mycobacterium tuberculosis CDC1551]	45.23	283	3.9899999999999994e-67	213	NA	NA	NA
sad_1	sp|P76149.2|	P76149	RecName: Full=Succinate semialdehyde dehydrogenase [NAD(P)+] Sad; Short=SSADH; Short=SSDH [Escherichia coli K-12]	64.924	459	0	576	NA	NA	NA
sasA_1	sp|Q8X524.1|	Q8X524	RecName: Full=Sensor protein QseC [Escherichia coli O157:H7]	34.118	340	2.2700000000000002e-26	114	NA	NA	NA
sasA_10	sp|P15939.1|	P15939	RecName: Full=Nodulation protein V [Bradyrhizobium diazoefficiens USDA 110]	31.373	153	2.21e-14	80.5	NA	NA	NA
sasA_11	sp|Q02482.2|	Q02482	RecName: Full=Putative sensor protein Sfri_3689; Flags: Precursor [Shewanella frigidimarina NCIMB 400]	30.97	268	1.0599999999999998e-31	131	NA	NA	NA
sasA_12	sp|P35164.1|	P35164	RecName: Full=Sensor histidine kinase ResE [Bacillus subtilis subsp. subtilis str. 168]	33.772	228	2.81e-28	121	NA	NA	NA
sasA_13	sp|Q9I0I2.1|	Q9I0I2	RecName: Full=Sensor protein kinase CarS; Flags: Precursor [Pseudomonas aeruginosa PAO1]	65.604	439	4.6599999999999994e-161	464	NA	NA	NA
sasA_15	sp|Q9HZ47.1|	Q9HZ47	RecName: Full=Sensor histidine kinase GtrS; AltName: Full=Glucose transport sensor [Pseudomonas aeruginosa PAO1]	39.062	256	1.4399999999999998e-37	145	NA	NA	NA
sasA_16	sp|P18392.2|	P18392	RecName: Full=Sensor protein RstB [Escherichia coli K-12]	38.514	296	3.1599999999999994e-55	192	NA	NA	NA
sasA_17	sp|Q9HWR3.1|	Q9HWR3	RecName: Full=Bacteriophytochrome; AltName: Full=Phytochrome-like protein [Pseudomonas aeruginosa PAO1]	32.87	216	3.42e-26	114	NA	NA	NA
sasA_1~~~sasA_3	sp|P23545.1|	P23545	RecName: Full=Alkaline phosphatase synthesis sensor protein PhoR [Bacillus subtilis subsp. subtilis str. 168]	33.937	221	2.2300000000000002e-29	124	NA	NA	NA
sasA_2	sp|A0Q7V6.1|	A0Q7V6	RecName: Full=Probable sensor histidine kinase BfpK [Francisella tularensis subsp. novicida U112]	32.184	261	1.3899999999999998e-32	129	NA	NA	NA
sasA_20	sp|Q9HZ47.1|	Q9HZ47	RecName: Full=Sensor histidine kinase GtrS; AltName: Full=Glucose transport sensor [Pseudomonas aeruginosa PAO1]	36.614	254	1.91e-45	164	NA	NA	NA
sasA_21	sp|P77485.1|	P77485	RecName: Full=Sensor histidine kinase CusS [Escherichia coli K-12]	46.125	271	3.26e-69	231	NA	NA	NA
sasA_22	sp|P18392.2|	P18392	RecName: Full=Sensor protein RstB [Escherichia coli K-12]	37.282	287	1.8299999999999998e-47	174	NA	NA	NA
sasA_3	sp|A0A0H3GPN8.1|	A0A0H3GPN8	RecName: Full=Sensor histidine kinase CpxA [Klebsiella pneumoniae subsp. pneumoniae HS11286]	32.463	268	6.47e-21	98.2	NA	NA	NA
sasA_4	sp|Q9HZ47.1|	Q9HZ47	RecName: Full=Sensor histidine kinase GtrS; AltName: Full=Glucose transport sensor [Pseudomonas aeruginosa PAO1]	73.942	449	0	583	NA	NA	NA
sasA_5	sp|Q9HV31.1|	Q9HV31	RecName: Full=Sensor protein kinase PmrB [Pseudomonas aeruginosa PAO1]	36.667	210	1.65e-17	87.8	NA	NA	NA
sasA_6	sp|P18392.2|	P18392	RecName: Full=Sensor protein RstB [Escherichia coli K-12]	31.765	255	7.16e-24	106	NA	NA	NA
sasA_7	sp|Q9HWA7.1|	Q9HWA7	RecName: Full=Two-component sensor PprA [Pseudomonas aeruginosa PAO1]	43.484	821	1.51e-172	528	NA	NA	NA
sasA_8	sp|P16497.2|	P16497	RecName: Full=Sporulation kinase A; AltName: Full=Stage II sporulation protein F; AltName: Full=Stage II sporulation protein J [Bacillus subtilis subsp. subtilis str. 168]	32.143	252	1.0800000000000001e-27	123	NA	NA	NA
sasA_9	sp|O31661.1|	O31661	RecName: Full=Sporulation kinase E; AltName: Full=Sensor histidine kinase E [Bacillus subtilis subsp. subtilis str. 168]	35.802	243	8.3e-38	152	NA	NA	NA
sbcB	sp|P04995.2|	P04995	RecName: Full=Exodeoxyribonuclease I; Short=ExoI; Short=Exonuclease I; AltName: Full=DNA deoxyribophosphodiesterase; Short=dRPase [Escherichia coli K-12]	50.691	434	2.92e-138	409	NA	NA	NA
sbcD	sp|O68033.1|	O68033	RecName: Full=Nuclease SbcCD subunit D [Rhodobacter capsulatus SB 1003]	38.942	416	1.91e-69	228	NA	NA	NA
sbnD	sp|P55705.1|	P55705	RecName: Full=Uncharacterized MFS-type transporter y4xM [Sinorhizobium fredii NGR234]	33.728	338	1.05e-31	127	NA	NA	NA
sbp_1	sp|Q9I3L9.1|	Q9I3L9	RecName: Full=Thiosulfate-binding protein; Flags: Precursor [Pseudomonas aeruginosa PAO1]	85.948	306	0	544	NA	NA	NA
sbp_2	sp|P0AG78.1|	P0AG78	RecName: Full=Sulfate-binding protein; AltName: Full=Sulfate starvation-induced protein 2; Short=SSI2; Flags: Precursor [Escherichia coli K-12]	66.452	310	8.19e-142	407	NA	NA	NA
scaC	sp|Q9WXX8.1|	Q9WXX8	RecName: Full=Probable metal transport system ATP-binding protein TM_0124 [Thermotoga maritima MSB8]	31.364	220	2.33e-31	117	NA	NA	NA
scmP	sp|P58156.1|	P58156	RecName: Full=Thermostable carboxypeptidase 2 [Saccharolobus solfataricus P2]	41.582	392	4.789999999999999e-87	274	NA	NA	NA
scoA	sp|P42315.1|	P42315	RecName: Full=Probable succinyl-CoA:3-ketoacid coenzyme A transferase subunit A; AltName: Full=Succinyl-CoA:3-oxoacid CoA-transferase; Short=OXCT A [Bacillus subtilis subsp. subtilis str. 168]	65.789	228	1.3999999999999998e-101	297	NA	NA	NA
scoB	sp|B0RVK3.1|	B0RVK3	RecName: Full=Succinyl-CoA:3-ketoacid coenzyme A transferase subunit B; AltName: Full=OXCT B; AltName: Full=Succinyl-CoA:3-oxoacid CoA-transferase [Xanthomonas campestris pv. campestris str. B100]	62.201	209	2.8199999999999997e-96	282	NA	NA	NA
scpA	sp|Q87BI4.1|	Q87BI4	RecName: Full=Segregation and condensation protein A [Xylella fastidiosa Temecula1]	61.39	259	6.63e-103	305	NA	NA	NA
scpB_2	sp|P52045.1|	P52045	RecName: Full=Methylmalonyl-CoA decarboxylase; Short=MMCD; AltName: Full=Transcarboxylase [Escherichia coli K-12]	38.911	257	1.35e-51	172	NA	NA	NA
scpB_2~~~scpB_1	sp|Q83CP9.1|	Q83CP9	RecName: Full=Segregation and condensation protein B homolog [Coxiella burnetii RSA 493]	62.5	136	7.679999999999999e-57	186	NA	NA	NA
sctC_1	sp|P35672.3|	P35672	RecName: Full=SPI-1 type 3 secretion system secretin; Short=T3SS-1 secretin; AltName: Full=Protein InvG; Flags: Precursor [Salmonella enterica subsp. enterica serovar Typhimurium str. LT2]	39.374	447	3.76e-95	301	NA	NA	NA
sctC_2	sp|D0ZWR9.1|	D0ZWR9	RecName: Full=SPI-2 type 3 secretion system secretin; Short=T3SS-2 secretin; AltName: Full=Outer membrane protein SpiA; AltName: Full=Type III secretion system outer membrane protein SpiA; Flags: Precursor [Salmonella enterica subsp. enterica serovar Typhimurium str. 14028S]	42.424	462	3.81e-104	323	NA	NA	NA
sctC_3	sp|P55712.1|	P55712	RecName: Full=Nodulation protein NolW [Sinorhizobium fredii NGR234]	32.804	189	6.9499999999999995e-28	107	NA	NA	NA
sctC_4	sp|P55702.1|	P55702	RecName: Full=Uncharacterized protein y4xJ [Sinorhizobium fredii NGR234]	40.943	403	9.09e-76	245	NA	NA	NA
sctC_5	sp|Q01723.2|	Q01723	RecName: Full=Type 3 secretion system secretin; Short=T3SS secretin; AltName: Full=Hypersensitivity response secretion protein HrpH; Flags: Precursor [Pseudomonas syringae pv. syringae]	46.029	680	0	568	NA	NA	NA
sdaA_1	sp|O86564.1|	O86564	RecName: Full=L-serine dehydratase; Short=SDH; AltName: Full=L-serine deaminase; Short=L-SD [Streptomyces coelicolor A3(2)]	60	460	2.74e-156	453	NA	NA	NA
sdaA_2	sp|O86564.1|	O86564	RecName: Full=L-serine dehydratase; Short=SDH; AltName: Full=L-serine deaminase; Short=L-SD [Streptomyces coelicolor A3(2)]	60	460	1.5199999999999997e-176	505	NA	NA	NA
sdaB	sp|O86564.1|	O86564	RecName: Full=L-serine dehydratase; Short=SDH; AltName: Full=L-serine deaminase; Short=L-SD [Streptomyces coelicolor A3(2)]	67.174	460	0	623	NA	NA	NA
sdaC_1	sp|P0AAD6.1|	P0AAD6	RecName: Full=Serine transporter SdaC; AltName: Full=H(+)/L-serine symporter; AltName: Full=L-serine transport system [Escherichia coli K-12]	71.154	416	0	520	NA	NA	NA
sdaC_2	sp|P0AAD6.1|	P0AAD6	RecName: Full=Serine transporter SdaC; AltName: Full=H(+)/L-serine symporter; AltName: Full=L-serine transport system [Escherichia coli K-12]	66.667	414	0	524	NA	NA	NA
sdhA	sp|P0AC41.1|	P0AC41	RecName: Full=Succinate dehydrogenase flavoprotein subunit [Escherichia coli K-12]	70.197	557	0	745	NA	NA	NA
sdhB	sp|Q8ZQU2.2|	Q8ZQU2	RecName: Full=Succinate dehydrogenase iron-sulfur subunit [Salmonella enterica subsp. enterica serovar Typhimurium str. LT2]	69.957	233	7.109999999999999e-121	346	NA	NA	NA
sdhC	sp|P69054.1|	P69054	RecName: Full=Succinate dehydrogenase cytochrome b556 subunit; Short=Cytochrome b-556 [Escherichia coli K-12]	51.402	107	8.78e-30	107	NA	NA	NA
sdhD	sp|P51057.2|	P51057	RecName: Full=Succinate dehydrogenase hydrophobic membrane anchor subunit [Coxiella burnetii RSA 493]	37.931	116	3.0099999999999997e-25	95.1	NA	NA	NA
sdhE	sp|Q88MZ4.1|	Q88MZ4	RecName: Full=FAD assembly factor SdhE [Pseudomonas putida KT2440]	85.714	84	2.1199999999999998e-48	150	NA	NA	NA
sdhL	sp|P44774.1|	P44774	RecName: Full=Shikimate dehydrogenase-like protein HI_0607; Short=SDH-L [Haemophilus influenzae Rd KW20]	54.887	266	1.89e-80	246	NA	NA	NA
sdiA	sp|Q51786.1|	Q51786	RecName: Full=Transcriptional activator protein PhzR [Pseudomonas fluorescens]	58.454	207	1.6e-84	254	NA	NA	NA
secA	sp|Q4K7C1.1|	Q4K7C1	RecName: Full=Protein translocase subunit SecA [Pseudomonas protegens Pf-5]	93.866	913	0	1744	NA	NA	NA
secB	sp|C3K7C1.1|	C3K7C1	RecName: Full=Protein-export protein SecB [Pseudomonas [fluorescens] SBW25]	98.742	159	2e-114	323	NA	NA	NA
secD	sp|Q9HXI1.1|	Q9HXI1	RecName: Full=Protein translocase subunit SecD [Pseudomonas aeruginosa PAO1]	81.862	623	0	981	NA	NA	NA
secE	sp|Q9HWC3.1|	Q9HWC3	RecName: Full=Protein translocase subunit SecE [Pseudomonas aeruginosa PAO1]	72.826	92	4.65e-28	102	NA	NA	NA
secF	sp|Q9HXI2.1|	Q9HXI2	RecName: Full=Protein translocase subunit SecF [Pseudomonas aeruginosa PAO1]	74.086	301	3.8199999999999995e-158	446	NA	NA	NA
secY	sp|Q9HWF5.1|	Q9HWF5	RecName: Full=Protein translocase subunit SecY [Pseudomonas aeruginosa PAO1]	94.118	442	0	806	NA	NA	NA
selD	sp|Q889F7.1|	Q889F7	RecName: Full=Selenide, water dikinase; AltName: Full=Selenium donor protein; AltName: Full=Selenophosphate synthase [Pseudomonas syringae pv. tomato str. DC3000]	84.884	344	0	610	NA	NA	NA
selO	sp|C3KBV5.1|	C3KBV5	RecName: Full=Protein nucleotidyltransferase YdiU; AltName: Full=Protein adenylyltransferase YdiU; AltName: Full=Protein uridylyltransferase YdiU [Pseudomonas [fluorescens] SBW25]	95.483	487	0	901	NA	NA	NA
selU	sp|Q4KEE7.1|	Q4KEE7	RecName: Full=tRNA 2-selenouridine synthase [Pseudomonas protegens Pf-5]	80.548	365	0	611	NA	NA	NA
serA	sp|P0A9T0.2|	P0A9T0	RecName: Full=D-3-phosphoglycerate dehydrogenase; Short=PGDH; AltName: Full=2-oxoglutarate reductase [Escherichia coli K-12]	64.32	412	0	526	NA	NA	NA
serB2	sp|O53289.1|	O53289	RecName: Full=Phosphoserine phosphatase SerB2; Short=PSP; Short=PSPase; AltName: Full=O-phosphoserine phosphohydrolase; AltName: Full=Protein-serine/threonine phosphatase [Mycobacterium tuberculosis H37Rv]	40.47	383	1.62e-77	248	NA	NA	NA
serC	sp|C3K6J5.1|	C3K6J5	RecName: Full=Phosphoserine aminotransferase; AltName: Full=Phosphohydroxythreonine aminotransferase; Short=PSAT [Pseudomonas [fluorescens] SBW25]	97.784	361	0	730	NA	NA	NA
serS	sp|C3JY54.1|	C3JY54	RecName: Full=Serine--tRNA ligase; AltName: Full=Seryl-tRNA synthetase; Short=SerRS; AltName: Full=Seryl-tRNA(Ser/Sec) synthetase [Pseudomonas [fluorescens] SBW25]	98.353	425	0	862	NA	NA	NA
sfnC_1	sp|B2CML6.2|	B2CML6	RecName: Full=Dibenzothiophene monooxygenase; Short=DBT monooxygenase; Short=DBT-MO [Mycolicibacterium goodii]	30.224	268	5.48e-8	58.2	NA	NA	NA
sfnC_3	sp|A0A0C6DRW4.1|	A0A0C6DRW4	RecName: Full=Dibenzothiophene monooxygenase; Short=DBT monooxygenase; Short=DBT-MO [Rhodococcus erythropolis]	33.858	381	1.0899999999999998e-42	157	NA	NA	NA
sfnC_4	sp|Q845S8.1|	Q845S8	RecName: Full=Probable FMNH2-dependent monooxygenase SfnC [Pseudomonas putida]	77.806	392	0	585	NA	NA	NA
sfnF	sp|Q3K9A2.1|	Q3K9A2	RecName: Full=NADH-dependent FMN reductase SfnF; AltName: Full=NADH-flavin reductase [Pseudomonas fluorescens Pf0-1]	85.561	187	6.429999999999999e-101	291	NA	NA	NA
sfnG	sp|Q3KC85.1|	Q3KC85	RecName: Full=FMNH(2)-dependent dimethylsulfone monooxygenase [Pseudomonas fluorescens Pf0-1]	92.113	355	0	678	NA	NA	NA
sfnR_1	sp|Q3K999.1|	Q3K999	RecName: Full=Sigma54-dependent transcriptional regulator SfnR [Pseudomonas fluorescens Pf0-1]	91.193	352	0	655	NA	NA	NA
sfnR_2	sp|Q845S7.1|	Q845S7	RecName: Full=Sigma54-dependent transcriptional activator SfnR [Pseudomonas putida]	52.091	263	2.39e-72	230	NA	NA	NA
sfsA	sp|C3K238.1|	C3K238	RecName: Full=Sugar fermentation stimulation protein homolog [Pseudomonas [fluorescens] SBW25]	93.617	235	1.3599999999999998e-157	439	NA	NA	NA
sgrR	sp|Q8YC41.1|	Q8YC41	RecName: Full=Putative binding protein BMEII0691; Flags: Precursor [Brucella melitensis bv. 1 str. 16M]	41.696	578	5.3e-155	462	NA	NA	NA
shlA	sp|P15320.1|	P15320	RecName: Full=Hemolysin; Flags: Precursor [Serratia marcescens]	35.549	1595	0	647	NA	NA	NA
shlB_1	sp|E0SDG9.1|	E0SDG9	RecName: Full=Outer membrane transporter CdiB; Flags: Precursor [Dickeya dadantii 3937]	32.669	502	3.98e-84	275	NA	NA	NA
shlB_2	sp|Q0T962.1|	Q0T962	RecName: Full=Outer membrane transporter CdiB [Escherichia coli 536]	33.071	508	1.64e-81	270	NA	NA	NA
shlB_3	sp|Q0T962.1|	Q0T962	RecName: Full=Outer membrane transporter CdiB [Escherichia coli 536]	33.874	493	3.99e-86	281	NA	NA	NA
sigE	sp|H8F0N6.1|	H8F0N6	RecName: Full=ECF RNA polymerase sigma factor SigE; Short=ECF sigma factor SigE; AltName: Full=Alternative RNA polymerase sigma factor SigE; AltName: Full=RNA polymerase sigma-E factor; Short=Sigma-E factor [Mycobacterium tuberculosis str. Erdman = ATCC 35801]	31.818	132	5.62e-9	56.2	NA	NA	NA
sigK_1	sp|A1TEV0.1|	A1TEV0	RecName: Full=ECF RNA polymerase sigma factor SigK; Short=ECF sigma factor SigK; AltName: Full=Alternative RNA polymerase sigma factor SigK; AltName: Full=RNA polymerase sigma-K factor; Short=Sigma-K factor [Mycolicibacterium vanbaalenii PYR-1]	32.386	176	1.4600000000000002e-26	103	NA	NA	NA
sigW_2	sp|Q06198.1|	Q06198	RecName: Full=RNA polymerase sigma-H factor; AltName: Full=Sigma-30 [Pseudomonas aeruginosa PAO1]	31.288	163	1.68e-15	74.3	NA	NA	NA
sir2_2	sp|Q88BY5.1|	Q88BY5	RecName: Full=NAD-dependent protein deacylase; AltName: Full=Regulatory protein SIR2 homolog [Pseudomonas putida KT2440]	66.116	242	5.43e-116	336	NA	NA	NA
sir2~~~sir2_1	sp|Q88BY5.1|	Q88BY5	RecName: Full=NAD-dependent protein deacylase; AltName: Full=Regulatory protein SIR2 homolog [Pseudomonas putida KT2440]	67.094	234	2.1e-114	332	NA	NA	NA
sixA	sp|P44164.1|	P44164	RecName: Full=Phosphohistidine phosphatase SixA homolog [Haemophilus influenzae Rd KW20]	35.135	148	8.41e-15	70.5	NA	NA	NA
slt	sp|P0AGC3.1|	P0AGC3	RecName: Full=Soluble lytic murein transglycosylase; AltName: Full=Exomuramidase; AltName: Full=Peptidoglycan lytic exotransglycosylase; AltName: Full=Slt70; Flags: Precursor [Escherichia coli K-12]	32.148	647	1.2e-85	284	NA	NA	NA
slyA_1	sp|Q492T9.1|	Q492T9	RecName: Full=Transcriptional regulator SlyA [Candidatus Blochmanniella pennsylvanica str. BPEN]	40.678	118	2.59e-28	104	NA	NA	NA
slyA_2	sp|O07458.1|	O07458	RecName: Full=Transcriptional activatory protein BadR; AltName: Full=Benzoate anaerobic degradation regulator [Rhodopseudomonas palustris CGA009]	33.333	135	2.17e-8	53.9	NA	NA	NA
slyD	sp|P44830.1|	P44830	RecName: Full=FKBP-type peptidyl-prolyl cis-trans isomerase SlyD; Short=PPIase; AltName: Full=Metallochaperone SlyD [Haemophilus influenzae Rd KW20]	49.306	144	1.6499999999999999e-41	140	NA	NA	NA
slyX	sp|C3JYT7.1|	C3JYT7	RecName: Full=Protein SlyX homolog [Pseudomonas [fluorescens] SBW25]	91.176	68	1.97e-39	127	NA	NA	NA
smc_1	sp|Q5H054.2|	Q5H054	RecName: Full=Chromosome partition protein Smc [Xanthomonas oryzae pv. oryzae KACC 10331]	43.103	638	9.23e-125	415	NA	NA	NA
smf1_1~~~smf1_2	sp|P11312.2|	P11312	RecName: Full=F17 fimbrial protein; AltName: Full=F17 fimbrial adhesive antigen; AltName: Full=F17 pilin; Flags: Precursor [Escherichia coli]	39.634	164	1.6e-22	92	NA	NA	NA
smf1_2	sp|P11312.2|	P11312	RecName: Full=F17 fimbrial protein; AltName: Full=F17 fimbrial adhesive antigen; AltName: Full=F17 pilin; Flags: Precursor [Escherichia coli]	33.813	139	4.4e-9	56.6	NA	NA	NA
smfA	sp|P53521.1|	P53521	RecName: Full=Putative minor fimbrial subunit PmfF; Flags: Precursor [Proteus mirabilis HI4320]	32.237	152	3.11e-12	65.1	NA	NA	NA
smpB	sp|C3K282.1|	C3K282	RecName: Full=SsrA-binding protein; AltName: Full=Small protein B [Pseudomonas [fluorescens] SBW25]	99.375	160	8.929999999999999e-116	327	NA	NA	NA
smrA	sp|Q87MM7.1|	Q87MM7	RecName: Full=Ribosome rescue factor SmrB [Vibrio parahaemolyticus RIMD 2210633]	31.792	173	7.19e-19	82.4	NA	NA	NA
smtB_1	sp|A9WGE3.1|	A9WGE3	RecName: Full=Succinyl-CoA--D-citramalate CoA-transferase [Chloroflexus aurantiacus J-10-fl]	49.242	396	6.56e-140	407	NA	NA	NA
smtB_2	sp|A9WGE3.1|	A9WGE3	RecName: Full=Succinyl-CoA--D-citramalate CoA-transferase [Chloroflexus aurantiacus J-10-fl]	51.979	379	1.6999999999999997e-143	416	NA	NA	NA
smtB_3	sp|O09174.4|	O09174	RecName: Full=Alpha-methylacyl-CoA racemase; AltName: Full=2-methylacyl-CoA racemase [Mus musculus]	37.376	404	4.07e-71	231	NA	NA	NA
sodB_1	sp|P09223.3|	P09223	RecName: Full=Superoxide dismutase [Fe] [Pseudomonas putida]	96.465	198	1.6e-142	397	NA	NA	NA
sodB_2	sp|P77929.1|	P77929	RecName: Full=Superoxide dismutase [Mn] [Pseudomonas putida]	82.178	202	1.7600000000000003e-123	350	NA	NA	NA
sohB	sp|P0AG14.1|	P0AG14	RecName: Full=Probable protease SohB [Escherichia coli K-12]	52.326	344	9.189999999999999e-108	321	NA	NA	NA
soj_1	sp|P0A149.1|	P0A149	RecName: Full=Uncharacterized protein PP_0002 [Pseudomonas putida KT2440]	34.1	261	1.64e-39	140	NA	NA	NA
soj_2	sp|P37522.1|	P37522	RecName: Full=Sporulation initiation inhibitor protein Soj; AltName: Full=Suppressor of spo0J [Bacillus subtilis subsp. subtilis str. 168]	31.076	251	2.43e-32	122	NA	NA	NA
soj_3	sp|P07673.1|	P07673	RecName: Full=Protein IncC [Escherichia coli]	33.955	268	5.2399999999999995e-30	118	NA	NA	NA
sotB_1	sp|P96675.1|	P96675	RecName: Full=Uncharacterized MFS-type transporter YdeR [Bacillus subtilis subsp. subtilis str. 168]	47.606	376	3.82e-67	220	NA	NA	NA
sotB_2	sp|P96675.1|	P96675	RecName: Full=Uncharacterized MFS-type transporter YdeR [Bacillus subtilis subsp. subtilis str. 168]	37.27	381	2.54e-46	166	NA	NA	NA
sotB_3	sp|A6UZY0.1|	A6UZY0	RecName: Full=Probable sugar efflux transporter [Pseudomonas paraeruginosa PA7]	66.295	359	7.97e-138	402	NA	NA	NA
sotB_4	sp|P39398.2|	P39398	RecName: Full=Probable L-galactonate transporter; AltName: Full=Galactonate:H(+) symporter [Escherichia coli K-12]	33.333	180	1.33e-17	88.2	NA	NA	NA
soxA_1	sp|Q50LF0.1|	Q50LF0	RecName: Full=Sarcosine oxidase subunit alpha; Short=Sarcosine oxidase subunit A; AltName: Full=Sarcosine oxidase (5,10-methylenetetrahydrofolate-forming) subunit alpha; AltName: Full=Tetrameric sarcosine oxidase subunit alpha; Short=TSOX subunit alpha [Corynebacterium sp. U-96]	44.325	1022	0	737	NA	NA	NA
soxA_2	sp|P23342.1|	P23342	RecName: Full=Monomeric sarcosine oxidase; Short=MSOX [Bacillus sp. NS-129]	35.04	371	2.11e-61	205	NA	NA	NA
soxB	sp|Q52671.2|	Q52671	RecName: Full=Sarcosine oxidase subunit beta; Short=Sarcosine oxidase subunit B; AltName: Full=Sarcosine oxidase (5,10-methylenetetrahydrofolate-forming) subunit beta; AltName: Full=Tetrameric sarcosine oxidase subunit beta; Short=TSOX subunit beta [Rhodobacter capsulatus SB 1003]	58.894	416	2.2099999999999996e-176	501	NA	NA	NA
soxC_1	sp|A0A0C6DRW4.1|	A0A0C6DRW4	RecName: Full=Dibenzothiophene monooxygenase; Short=DBT monooxygenase; Short=DBT-MO [Rhodococcus erythropolis]	32.039	412	9.41e-48	171	NA	NA	NA
soxC_2	sp|A0A0C6DRW4.1|	A0A0C6DRW4	RecName: Full=Dibenzothiophene monooxygenase; Short=DBT monooxygenase; Short=DBT-MO [Rhodococcus erythropolis]	32.514	366	3.9399999999999996e-45	164	NA	NA	NA
soxC_3	sp|B2CML6.2|	B2CML6	RecName: Full=Dibenzothiophene monooxygenase; Short=DBT monooxygenase; Short=DBT-MO [Mycolicibacterium goodii]	34.174	357	4.63e-50	177	NA	NA	NA
soxD	sp|Q50LF1.1|	Q50LF1	RecName: Full=Sarcosine oxidase subunit delta; Short=Sarcosine oxidase subunit D; AltName: Full=Sarcosine oxidase (5,10-methylenetetrahydrofolate-forming) subunit delta; AltName: Full=Tetrameric sarcosine oxidase subunit delta; Short=TSOX subunit delta [Corynebacterium sp. U-96]	46	100	7.599999999999999e-30	105	NA	NA	NA
soxG	sp|Q46338.1|	Q46338	RecName: Full=Sarcosine oxidase subunit gamma; Short=Sarcosine oxidase subunit G; AltName: Full=Sarcosine oxidase (5,10-methylenetetrahydrofolate-forming) subunit gamma; AltName: Full=Tetrameric sarcosine oxidase subunit gamma; Short=TSOX subunit gamma [Corynebacterium sp. P-1]	36.264	182	7.769999999999999e-23	94.4	NA	NA	NA
soxR	sp|Q51506.1|	Q51506	RecName: Full=Redox-sensitive transcriptional activator SoxR [Pseudomonas aeruginosa PAO1]	69.718	142	1.7099999999999998e-68	207	NA	NA	NA
spaP	sp|P55720.1|	P55720	RecName: Full=Probable translocation protein y4yL [Sinorhizobium fredii NGR234]	52.315	216	1.2e-70	218	NA	NA	NA
spaP_2~~~spaP_1	sp|P74890.1|	P74890	RecName: Full=Virulence protein YscR [Salmonella enterica subsp. enterica serovar Typhimurium str. LT2]	56.221	217	1.13e-79	240	NA	NA	NA
spaQ	sp|P35535.1|	P35535	RecName: Full=Flagellar biosynthetic protein FliQ [Bacillus subtilis subsp. subtilis str. 168]	42	50	4.18e-6	44.3	NA	NA	NA
spaR_1	sp|P55722.1|	P55722	RecName: Full=Probable translocation protein y4yN [Sinorhizobium fredii NGR234]	34.728	239	3.55e-29	114	NA	NA	NA
spaR_2	sp|P69984.1|	P69984	RecName: Full=Yop proteins translocation protein T [Yersinia pestis]	31.98	197	1.09e-15	77.8	NA	NA	NA
speA	sp|Q88QC7.1|	Q88QC7	RecName: Full=Biosynthetic arginine decarboxylase; Short=ADC [Pseudomonas putida KT2440]	93.878	637	0	1220	NA	NA	NA
speE_2	sp|Q31QK9.1|	Q31QK9	RecName: Full=Polyamine aminopropyltransferase; AltName: Full=Putrescine aminopropyltransferase; Short=PAPT; AltName: Full=Spermidine synthase; Short=SPDS; Short=SPDSY [Synechococcus elongatus PCC 7942 = FACHB-805]	37.778	90	1.8e-8	57.4	NA	NA	NA
spo0F	sp|A0A0H2UQ68.1|	A0A0H2UQ68	RecName: Full=Transcriptional regulatory protein WalR [Streptococcus pneumoniae TIGR4]	38.017	121	2.57e-17	77.4	NA	NA	NA
spoT	sp|P0AG24.1|	P0AG24	RecName: Full=Bifunctional (p)ppGpp synthase/hydrolase SpoT; Includes: RecName: Full=GTP pyrophosphokinase; AltName: Full=(p)ppGpp synthase; AltName: Full=ATP:GTP 3'-pyrophosphotransferase; AltName: Full=Stringent response-like protein; AltName: Full=ppGpp synthase II; Includes: RecName: Full=Guanosine-3',5'-bis(diphosphate) 3'-pyrophosphohydrolase; AltName: Full=Penta-phosphate guanosine-3'-pyrophosphohydrolase; Short=(ppGpp)ase [Escherichia coli K-12]	53.857	700	0	789	NA	NA	NA
sppA	sp|P03711.1|	P03711	RecName: Full=Capsid assembly protease C; AltName: Full=Gene product C; Short=GPC; AltName: Full=Minor capsid protein C [Escherichia phage Lambda]	38.258	264	8.8e-45	160	NA	NA	NA
sprT	sp|C3JY45.1|	C3JY45	RecName: Full=Protein SprT [Pseudomonas [fluorescens] SBW25]	95.732	164	1.93e-117	331	NA	NA	NA
spuC	sp|Q9I6J2.1|	Q9I6J2	RecName: Full=Putrescine--pyruvate aminotransferase; Short=PATase; AltName: Full=Putrescine--pyruvate transaminase [Pseudomonas aeruginosa PAO1]	77.06	449	0	749	NA	NA	NA
spuD_1	sp|Q02UB7.1|	Q02UB7	RecName: Full=Putrescine-binding periplasmic protein SpuD; Flags: Precursor [Pseudomonas aeruginosa UCBPP-PA14]	61.111	342	6.19e-155	443	NA	NA	NA
spuD_2	sp|Q02UB7.1|	Q02UB7	RecName: Full=Putrescine-binding periplasmic protein SpuD; Flags: Precursor [Pseudomonas aeruginosa UCBPP-PA14]	73.099	342	0	521	NA	NA	NA
spuD_3	sp|Q02UB7.1|	Q02UB7	RecName: Full=Putrescine-binding periplasmic protein SpuD; Flags: Precursor [Pseudomonas aeruginosa UCBPP-PA14]	58.217	359	1.29e-154	442	NA	NA	NA
spuE_1	sp|Q9I6J0.1|	Q9I6J0	RecName: Full=Spermidine-binding periplasmic protein SpuE; Flags: Precursor [Pseudomonas aeruginosa PAO1]	71.866	359	0	525	NA	NA	NA
spuE_2	sp|Q9I6J0.1|	Q9I6J0	RecName: Full=Spermidine-binding periplasmic protein SpuE; Flags: Precursor [Pseudomonas aeruginosa PAO1]	50.838	358	7.119999999999999e-135	392	NA	NA	NA
spuE_3	sp|Q9I6J0.1|	Q9I6J0	RecName: Full=Spermidine-binding periplasmic protein SpuE; Flags: Precursor [Pseudomonas aeruginosa PAO1]	66.568	338	1.6299999999999998e-170	482	NA	NA	NA
srlR	sp|P15082.1|	P15082	RecName: Full=Glucitol operon repressor [Escherichia coli K-12]	44.726	237	2.46e-54	178	NA	NA	NA
srmB	sp|A0QT91.1|	A0QT91	RecName: Full=Lhr helicase/ probable uracil glycosylase; AltName: Full=DNA and RNA:DNA 3'-5' helicase Lhr; AltName: Full=Long helicase-related protein [Mycolicibacterium smegmatis MC2 155]	32.529	1451	0	598	NA	NA	NA
srpA	sp|Q55025.2|	Q55025	RecName: Full=Catalase-related peroxidase; AltName: Full=Protein SrpA; AltName: Full=Sulfur-regulated plasmid-encoded protein A; Flags: Precursor [Synechococcus elongatus PCC 7942 = FACHB-805]	37.282	287	7.47e-64	209	NA	NA	NA
srpB	sp|Q55026.1|	Q55026	RecName: Full=Protein SrpB [Synechococcus elongatus PCC 7942 = FACHB-805]	51	100	1.41e-19	84	NA	NA	NA
ssaV	sp|P35654.2|	P35654	RecName: Full=Harpin secretion protein HrpI [Erwinia amylovora]	61.127	692	0	775	NA	NA	NA
ssaV_1	sp|B5FII7.1|	B5FII7	RecName: Full=Secretion system apparatus protein SsaV [Salmonella enterica subsp. enterica serovar Dublin str. CT_02021853]	51.744	688	0	600	NA	NA	NA
ssb	sp|Q889U1.1|	Q889U1	RecName: Full=Single-stranded DNA-binding protein; Short=SSB [Pseudomonas syringae pv. tomato str. DC3000]	99.074	108	2e-75	226	NA	NA	NA
ssb_1	sp|Q889U1.1|	Q889U1	RecName: Full=Single-stranded DNA-binding protein; Short=SSB [Pseudomonas syringae pv. tomato str. DC3000]	93.913	115	2.79e-77	231	NA	NA	NA
ssb_2	sp|Q847G1.1|	Q847G1	RecName: Full=Single-stranded DNA-binding protein; Short=SSB [Pseudomonas putida]	97.541	122	8.559999999999999e-84	246	NA	NA	NA
ssb_3	sp|Q889U1.1|	Q889U1	RecName: Full=Single-stranded DNA-binding protein; Short=SSB [Pseudomonas syringae pv. tomato str. DC3000]	74.667	150	3.85e-76	228	NA	NA	NA
sseB	sp|Q9I452.1|	Q9I452	RecName: Full=Probable 3-mercaptopyruvate sulfurtransferase; Short=MST; AltName: Full=Rhodanese-like protein [Pseudomonas aeruginosa PAO1]	68.662	284	2.12e-128	369	NA	NA	NA
sspA	sp|P0ACA3.2|	P0ACA3	RecName: Full=Stringent starvation protein A [Escherichia coli K-12]	58.5	200	4.01e-65	202	NA	NA	NA
sspB	sp|P0AFZ3.1|	P0AFZ3	RecName: Full=Stringent starvation protein B; AltName: Full=Adapter protein SspB; AltName: Full=Specificity-enhancing factor SspB [Escherichia coli K-12]	50.476	105	6.7e-36	124	NA	NA	NA
sstT	sp|Q4K9I6.2|	Q4K9I6	RecName: Full=Serine/threonine transporter SstT; AltName: Full=Na(+)/serine-threonine symporter [Pseudomonas protegens Pf-5]	91.429	385	0	579	NA	NA	NA
ssuA_1	sp|P75853.2|	P75853	RecName: Full=Putative aliphatic sulfonates-binding protein; Flags: Precursor [Escherichia coli K-12]	45.253	316	6.3500000000000004e-86	264	NA	NA	NA
ssuA_2	sp|P40400.1|	P40400	RecName: Full=Putative aliphatic sulfonates-binding protein; Flags: Precursor [Bacillus subtilis subsp. subtilis str. 168]	31.064	235	7.010000000000001e-26	108	NA	NA	NA
ssuA_3	sp|P75853.2|	P75853	RecName: Full=Putative aliphatic sulfonates-binding protein; Flags: Precursor [Escherichia coli K-12]	53.357	283	2.9599999999999997e-106	315	NA	NA	NA
ssuA_4~~~ssuA_3	sp|P75853.2|	P75853	RecName: Full=Putative aliphatic sulfonates-binding protein; Flags: Precursor [Escherichia coli K-12]	40.196	306	1.2099999999999998e-57	191	NA	NA	NA
ssuA_5	sp|P75853.2|	P75853	RecName: Full=Putative aliphatic sulfonates-binding protein; Flags: Precursor [Escherichia coli K-12]	34.875	281	8.11e-44	155	NA	NA	NA
ssuB_1	sp|Q4K441.1|	Q4K441	RecName: Full=Aliphatic sulfonates import ATP-binding protein SsuB 2 [Pseudomonas protegens Pf-5]	91.386	267	3.22e-146	413	NA	NA	NA
ssuB_3	sp|Q48IB9.1|	Q48IB9	RecName: Full=Aliphatic sulfonates import ATP-binding protein SsuB 1 [Pseudomonas savastanoi pv. phaseolicola 1448A]	77.447	235	7.04e-127	361	NA	NA	NA
ssuB_3~~~ssuB_2	sp|Q57855.1|	Q57855	RecName: Full=Uncharacterized ABC transporter ATP-binding protein MJ0412 [Methanocaldococcus jannaschii DSM 2661]	44.298	228	7.95e-69	216	NA	NA	NA
ssuC_1	sp|P75851.2|	P75851	RecName: Full=Putative aliphatic sulfonates transport permease protein SsuC [Escherichia coli K-12]	75.097	257	2.2499999999999998e-125	360	NA	NA	NA
ssuC_2	sp|Q47539.2|	Q47539	RecName: Full=Taurine transport system permease protein TauC [Escherichia coli K-12]	64.015	264	5.39e-94	281	NA	NA	NA
ssuC_3	sp|P40401.1|	P40401	RecName: Full=Putative aliphatic sulfonates transport permease protein SsuC [Bacillus subtilis subsp. subtilis str. 168]	40.789	228	4.93e-45	156	NA	NA	NA
ssuD	sp|Q9KHR3.1|	Q9KHR3	RecName: Full=Alkanesulfonate monooxygenase; AltName: Full=FMNH2-dependent aliphatic sulfonate monooxygenase [Buttiauxella sp. PNBS]	91.099	382	0	714	NA	NA	NA
ssuE	sp|O85762.2|	O85762	RecName: Full=FMN reductase (NADPH); AltName: Full=FMN reductase [Pseudomonas putida]	79.188	197	2.05e-113	324	NA	NA	NA
stcD	sp|Q1QYW1.1|	Q1QYW1	RecName: Full=N,N-dimethylglycine/sarcosine dehydrogenase; AltName: Full=N,N-dimethylglycine dehydrogenase; Short=DMG dehydrogenase; Short=DMGDH [Chromohalobacter israelensis DSM 3043]	79.395	694	0	1104	NA	NA	NA
sthA	sp|C3K4W1.1|	C3K4W1	RecName: Full=Soluble pyridine nucleotide transhydrogenase; Short=STH; AltName: Full=NAD(P)(+) transhydrogenase [B-specific] [Pseudomonas [fluorescens] SBW25]	100	464	0	930	NA	NA	NA
stp_2	sp|P9WG90.1|	P9WG90	RecName: Full=Multidrug resistance protein Stp; AltName: Full=Spectinomycin tetracycline efflux pump [Mycobacterium tuberculosis CDC1551]	32.817	387	5.07e-28	120	NA	NA	NA
stp_2~~~stp_1	sp|P9WG90.1|	P9WG90	RecName: Full=Multidrug resistance protein Stp; AltName: Full=Spectinomycin tetracycline efflux pump [Mycobacterium tuberculosis CDC1551]	31.197	468	1.18e-41	159	NA	NA	NA
strB1	sp|Q54258.1|	Q54258	RecName: Full=Inosamine-phosphate amidinotransferase 1; AltName: Full=Aminocyclitol amidinotransferase; Short=ADT; AltName: Full=Inosamine-phosphate amidinotransferase I [Streptomyces glaucescens]	51.297	347	1.4799999999999998e-133	387	NA	NA	NA
sttH_1	sp|P96654.1|	P96654	RecName: Full=Uncharacterized isochorismatase family protein YddQ [Bacillus subtilis subsp. subtilis str. 168]	45.198	177	1.37e-43	146	NA	NA	NA
sttH_2	sp|Q1MW86.2|	Q1MW86	RecName: Full=Streptothricin hydrolase [Streptomyces noursei]	39.161	143	3.11e-21	90.5	NA	NA	NA
sucA	sp|P20707.1|	P20707	RecName: Full=2-oxoglutarate dehydrogenase E1 component; AltName: Full=Alpha-ketoglutarate dehydrogenase [Azotobacter vinelandii]	83.669	943	0	1680	NA	NA	NA
sucB	sp|Q9I3D2.1|	Q9I3D2	RecName: Full=Dihydrolipoyllysine-residue succinyltransferase component of 2-oxoglutarate dehydrogenase complex; AltName: Full=2-oxoglutarate dehydrogenase complex component E2; Short=OGDC-E2; AltName: Full=Dihydrolipoamide succinyltransferase component of 2-oxoglutarate dehydrogenase complex [Pseudomonas aeruginosa PAO1]	78.537	410	1.2299999999999997e-180	511	NA	NA	NA
sucC	sp|Q4KFY6.1|	Q4KFY6	RecName: Full=Succinate--CoA ligase [ADP-forming] subunit beta; AltName: Full=Succinyl-CoA synthetase subunit beta; Short=SCS-beta [Pseudomonas protegens Pf-5]	99.227	388	0	758	NA	NA	NA
sucD	sp|Q51567.2|	Q51567	RecName: Full=Succinate--CoA ligase [ADP-forming] subunit alpha; AltName: Full=Succinyl-CoA synthetase subunit alpha; Short=SCS-alpha [Pseudomonas aeruginosa PAO1]	94.198	293	0	518	NA	NA	NA
sufS_1	sp|Q9Z408.1|	Q9Z408	RecName: Full=Probable cysteine desulfurase [Pseudomonas putida KT2440]	81.546	401	0	634	NA	NA	NA
sugC	sp|Q98G42.1|	Q98G42	RecName: Full=sn-glycerol-3-phosphate import ATP-binding protein UgpC [Mesorhizobium japonicum MAFF 303099]	37.725	334	1.86e-74	238	NA	NA	NA
suhB	sp|Q9HXI4.1|	Q9HXI4	RecName: Full=Nus factor SuhB; AltName: Full=Inositol-1-monophosphatase; Short=I-1-Pase; Short=IMPase; Short=Inositol-1-phosphatase [Pseudomonas aeruginosa PAO1]	86.347	271	2.75e-177	491	NA	NA	NA
sulA	sp|Q9HZJ8.1|	Q9HZJ8	RecName: Full=Cell division inhibitor SulA [Pseudomonas aeruginosa PAO1]	65.839	161	8.6e-62	190	NA	NA	NA
sumT	sp|P37725.1|	P37725	RecName: Full=Uroporphyrinogen-III C-methyltransferase; Short=Urogen III methylase; AltName: Full=S-adenosyl-L-methionine:uroporphyrinogen III methyltransferase; Short=SUMT; AltName: Full=Uroporphyrinogen III methylase; Short=UROM [Pseudomonas fluorescens]	84.959	246	4.5499999999999994e-148	416	NA	NA	NA
surA	sp|Q4K4X7.2|	Q4K4X7	RecName: Full=Chaperone SurA; AltName: Full=Peptidyl-prolyl cis-trans isomerase SurA; Short=PPIase SurA; AltName: Full=Rotamase SurA; Flags: Precursor [Pseudomonas protegens Pf-5]	84.634	410	0	668	NA	NA	NA
surE	sp|C3K705.1|	C3K705	RecName: Full=5'-nucleotidase SurE; AltName: Full=Nucleoside 5'-monophosphate phosphohydrolase [Pseudomonas [fluorescens] SBW25]	95.984	249	2.9e-147	414	NA	NA	NA
sutA	sp|A0A0H2ZJC1.1|	A0A0H2ZJC1	RecName: Full=Transcriptional regulator SutA; AltName: Full=Survival under transitions A [Pseudomonas aeruginosa UCBPP-PA14]	85.185	54	8.360000000000001e-27	98.2	NA	NA	NA
sutR_1	sp|P14307.1|	P14307	RecName: Full=Control protein C.SmaI [Serratia marcescens]	40	60	6.48e-6	45.8	NA	NA	NA
sutR_2	sp|P77626.1|	P77626	RecName: Full=HTH-type transcriptional regulator SutR; AltName: Full=Sulfur utilization regulator [Escherichia coli K-12]	34.463	177	4e-23	94.4	NA	NA	NA
tadA	sp|P44931.1|	P44931	RecName: Full=tRNA-specific adenosine deaminase [Haemophilus influenzae Rd KW20]	52.5	160	5.34e-47	154	NA	NA	NA
tag_1	sp|P05100.1|	P05100	RecName: Full=DNA-3-methyladenine glycosylase 1; AltName: Full=3-methyladenine-DNA glycosylase I, constitutive; Short=TAG I; AltName: Full=DNA-3-methyladenine glycosidase I; AltName: Full=DNA-3-methyladenine glycosylase I [Escherichia coli K-12]	50.549	182	1.57e-50	164	NA	NA	NA
tag_2	sp|P05100.1|	P05100	RecName: Full=DNA-3-methyladenine glycosylase 1; AltName: Full=3-methyladenine-DNA glycosylase I, constitutive; Short=TAG I; AltName: Full=DNA-3-methyladenine glycosidase I; AltName: Full=DNA-3-methyladenine glycosylase I [Escherichia coli K-12]	47.312	186	2.6899999999999994e-55	177	NA	NA	NA
tal_1	sp|Q4KF90.1|	Q4KF90	RecName: Full=Transaldolase [Pseudomonas protegens Pf-5]	87.542	297	0	543	NA	NA	NA
tal_2	sp|Q4KF90.1|	Q4KF90	RecName: Full=Transaldolase [Pseudomonas protegens Pf-5]	80.392	306	1.1099999999999998e-179	501	NA	NA	NA
tamA	sp|D2TN56.1|	D2TN56	RecName: Full=Translocation and assembly module subunit TamA; AltName: Full=Autotransporter assembly factor TamA; Flags: Precursor [Citrobacter rodentium ICC168]	34.035	570	1.06e-100	319	NA	NA	NA
tamB	sp|D2TN57.1|	D2TN57	RecName: Full=Translocation and assembly module subunit TamB; AltName: Full=Autotransporter assembly factor TamB; AltName: Full=Intermembrane phospholipid transporter TamB [Citrobacter rodentium ICC168]	30.012	853	1.4700000000000002e-91	325	NA	NA	NA
tam_1	sp|Q98K73.1|	Q98K73	RecName: Full=Trans-aconitate 2-methyltransferase [Mesorhizobium japonicum MAFF 303099]	50.996	251	8.589999999999999e-92	274	NA	NA	NA
tam_2	sp|P44074.1|	P44074	RecName: Full=Uncharacterized protein HI_0912 [Haemophilus influenzae Rd KW20]	35.146	239	1.1299999999999999e-35	130	NA	NA	NA
tas	sp|P0A9T4.1|	P0A9T4	RecName: Full=Protein tas [Escherichia coli K-12]	54.046	346	6.969999999999999e-121	355	NA	NA	NA
tatA	sp|C3K8T9.1|	C3K8T9	RecName: Full=Sec-independent protein translocase protein TatA [Pseudomonas [fluorescens] SBW25]	98.913	92	2.01e-34	116	NA	NA	NA
tatB	sp|Q3KJD1.1|	Q3KJD1	RecName: Full=Sec-independent protein translocase protein TatB [Pseudomonas fluorescens Pf0-1]	91.209	91	7.999999999999999e-43	141	NA	NA	NA
tatC	sp|P54085.2|	P54085	RecName: Full=Sec-independent protein translocase protein TatC [Azotobacter chroococcum (strain mcd 1)]	71.488	242	8.739999999999999e-113	327	NA	NA	NA
tatD	sp|D4ICL5.1|	D4ICL5	RecName: Full=3'-5' ssDNA/RNA exonuclease TatD; AltName: Full=DNase TatD [Erwinia amylovora ATCC 49946]	50	262	4.91e-76	234	NA	NA	NA
tauA_1	sp|Q47537.1|	Q47537	RecName: Full=Taurine-binding periplasmic protein; AltName: Full=Sulfate starvation-induced protein 1; Short=SSI1; Flags: Precursor [Escherichia coli K-12]	53.87	323	3.0999999999999996e-116	341	NA	NA	NA
tauA_2	sp|Q47537.1|	Q47537	RecName: Full=Taurine-binding periplasmic protein; AltName: Full=Sulfate starvation-induced protein 1; Short=SSI1; Flags: Precursor [Escherichia coli K-12]	56.04	298	8.329999999999998e-112	330	NA	NA	NA
tauB	sp|Q3KJQ7.1|	Q3KJQ7	RecName: Full=Taurine import ATP-binding protein TauB [Pseudomonas fluorescens Pf0-1]	94.51	255	7.71e-172	477	NA	NA	NA
tauD_1	sp|Q88RA3.1|	Q88RA3	RecName: Full=Alpha-ketoglutarate-dependent taurine dioxygenase [Pseudomonas putida KT2440]	83.333	276	6.309999999999999e-174	484	NA	NA	NA
tauD_2	sp|Q88RA3.1|	Q88RA3	RecName: Full=Alpha-ketoglutarate-dependent taurine dioxygenase [Pseudomonas putida KT2440]	39.446	289	9.449999999999999e-61	197	NA	NA	NA
tcdA	sp|Q46927.1|	Q46927	RecName: Full=tRNA threonylcarbamoyladenosine dehydratase; AltName: Full=t(6)A37 dehydratase [Escherichia coli K-12]	55.686	255	1.3900000000000002e-73	229	NA	NA	NA
tctD	sp|E1WA34.1|	E1WA34	RecName: Full=Transcriptional regulatory protein TctD [Salmonella enterica subsp. enterica serovar Typhimurium str. SL1344]	53.604	222	1.5500000000000002e-73	225	NA	NA	NA
tcyA	sp|P42199.3|	P42199	RecName: Full=L-cystine-binding protein TcyA; Flags: Precursor [Bacillus subtilis subsp. subtilis str. 168]	33.473	239	2.31e-25	104	NA	NA	NA
tcyC_1	sp|Q8NQU4.2|	Q8NQU4	RecName: Full=Arginine transport ATP-binding protein ArgV [Corynebacterium glutamicum ATCC 13032]	58.233	249	6.199999999999999e-99	292	NA	NA	NA
tcyC_2	sp|P37774.2|	P37774	RecName: Full=L-cystine transport system ATP-binding protein TcyN [Escherichia coli K-12]	75.918	245	1.32e-134	382	NA	NA	NA
tcyC_3	sp|P39456.4|	P39456	RecName: Full=L-cystine import ATP-binding protein TcyC [Bacillus subtilis subsp. subtilis str. 168]	50.41	244	1.37e-83	253	NA	NA	NA
tcyL	sp|O34315.1|	O34315	RecName: Full=L-cystine transport system permease protein TcyL [Bacillus subtilis subsp. subtilis str. 168]	30.144	209	6.240000000000001e-26	103	NA	NA	NA
tcyP	sp|P77529.1|	P77529	RecName: Full=L-cystine transporter TcyP; AltName: Full=S-sulfocysteine transporter [Escherichia coli K-12]	80.09	442	0	635	NA	NA	NA
tdhA	sp|Q7VNU1.1|	Q7VNU1	RecName: Full=TonB-dependent heme receptor A; Flags: Precursor [[Haemophilus] ducreyi 35000HP]	40.608	724	1.3199999999999998e-165	502	NA	NA	NA
tdh_1	sp|O74822.1|	O74822	RecName: Full=Zinc-type alcohol dehydrogenase-like protein C337.11 [Schizosaccharomyces pombe 972h-]	36.275	306	2.4899999999999997e-48	167	NA	NA	NA
tdh_2	sp|P28304.1|	P28304	RecName: Full=Quinone oxidoreductase 1; AltName: Full=NADPH:quinone reductase 1; AltName: Full=Zeta-crystallin homolog protein [Escherichia coli K-12]	32.271	251	1.51e-25	107	NA	NA	NA
tesA	sp|Q9HZY8.1|	Q9HZY8	RecName: Full=Esterase TesA; Flags: Precursor [Pseudomonas aeruginosa PAO1]	68.657	201	8.47e-86	254	NA	NA	NA
tesB	sp|P0AGG2.2|	P0AGG2	RecName: Full=Acyl-CoA thioesterase 2; AltName: Full=Thioesterase II; Short=TEII [Escherichia coli K-12]	51.056	284	4.77e-100	297	NA	NA	NA
tetX	sp|Q01911.1|	Q01911	RecName: Full=Flavin-dependent monooxygenase; AltName: Full=TetX monooxygenase; Short=TetX; AltName: Full=Tetracycline resistance protein from transposon Tn4351/Tn4400 [Bacteroides fragilis]	32.537	335	7.79e-43	156	NA	NA	NA
tgt	sp|Q887B0.1|	Q887B0	RecName: Full=Queuine tRNA-ribosyltransferase; AltName: Full=Guanine insertion enzyme; AltName: Full=tRNA-guanine transglycosylase [Pseudomonas syringae pv. tomato str. DC3000]	94.595	370	0	734	NA	NA	NA
thadh	sp|A4F2N8.1|	A4F2N8	RecName: Full=L-threo-3-hydroxyaspartate ammonia-lyase; AltName: Full=L-threo-3-hydroxyaspartate dehydratase; Short=L-THA DH [Pseudomonas sp.]	86.478	318	0	527	NA	NA	NA
thiC	sp|Q87VG1.1|	Q87VG1	RecName: Full=Phosphomethylpyrimidine synthase; AltName: Full=Hydroxymethylpyrimidine phosphate synthase; Short=HMP-P synthase; Short=HMP-phosphate synthase; Short=HMPP synthase; AltName: Full=Thiamine biosynthesis protein ThiC [Pseudomonas syringae pv. tomato str. DC3000]	95.231	629	0	1263	NA	NA	NA
thiD	sp|A0A0J9X285.2|	A0A0J9X285	RecName: Full=Hydroxylmethylpyrimidine kinase; Short=HMP kinase; Short=HMPK; AltName: Full=AbHMPK [Acinetobacter baumannii IS-123]	45.703	256	4.97e-63	201	NA	NA	NA
thiE_1	sp|P77788.1|	P77788	RecName: Full=CTP pyrophosphohydrolase [Escherichia coli K-12]	43.363	113	2.91e-19	85.5	NA	NA	NA
thiE_2	sp|C3K2K2.1|	C3K2K2	RecName: Full=Thiamine-phosphate synthase; Short=TP synthase; Short=TPS; AltName: Full=Thiamine-phosphate pyrophosphorylase; Short=TMP pyrophosphorylase; Short=TMP-PPase [Pseudomonas [fluorescens] SBW25]	96.172	209	8.44e-134	377	NA	NA	NA
thiG	sp|C3K3L7.1|	C3K3L7	RecName: Full=Thiazole synthase [Pseudomonas [fluorescens] SBW25]	98.864	264	0	531	NA	NA	NA
thiI	sp|C3K7D0.1|	C3K7D0	RecName: Full=tRNA sulfurtransferase; AltName: Full=Sulfur carrier protein ThiS sulfurtransferase; AltName: Full=Thiamine biosynthesis protein ThiI; AltName: Full=tRNA 4-thiouridine synthase [Pseudomonas [fluorescens] SBW25]	97.727	484	0	980	NA	NA	NA
thiL	sp|P0AGG0.1|	P0AGG0	RecName: Full=Thiamine-monophosphate kinase; Short=TMP kinase; Short=Thiamine-phosphate kinase [Escherichia coli K-12]	45.963	322	2.75e-69	222	NA	NA	NA
thiO	sp|Q88Q83.1|	Q88Q83	RecName: Full=Glycine oxidase; Short=GO [Pseudomonas putida KT2440]	78.869	336	1.2499999999999999e-166	473	NA	NA	NA
thlA	sp|Q86AD9.1|	Q86AD9	RecName: Full=Probable acetyl-CoA acetyltransferase; AltName: Full=Acetoacetyl-CoA thiolase [Dictyostelium discoideum]	50.127	393	2.4799999999999997e-115	345	NA	NA	NA
thpA_1	sp|A0QYB5.1|	A0QYB5	RecName: Full=D-threitol-binding protein; Flags: Precursor [Mycolicibacterium smegmatis MC2 155]	33.835	266	2.38e-24	104	NA	NA	NA
thpA_2	sp|A0QYB5.1|	A0QYB5	RecName: Full=D-threitol-binding protein; Flags: Precursor [Mycolicibacterium smegmatis MC2 155]	37.037	270	1.12e-46	164	NA	NA	NA
thpA_3	sp|P49308.1|	P49308	RecName: Full=Putative rhizopine-binding protein; Flags: Precursor [Sinorhizobium meliloti]	48.432	287	3.24e-75	236	NA	NA	NA
thrB	sp|Q02DL4.1|	Q02DL4	RecName: Full=Homoserine kinase; Short=HK; Short=HSK [Pseudomonas aeruginosa UCBPP-PA14]	73.502	317	1.7899999999999996e-152	432	NA	NA	NA
thrC	sp|P29363.3|	P29363	RecName: Full=Threonine synthase; Short=TS [Pseudomonas aeruginosa PAO1]	86.567	469	0	860	NA	NA	NA
thrS	sp|C3JZN7.1|	C3JZN7	RecName: Full=Threonine--tRNA ligase; AltName: Full=Threonyl-tRNA synthetase; Short=ThrRS [Pseudomonas [fluorescens] SBW25]	98.906	640	0	1275	NA	NA	NA
thyA	sp|C3K3Q8.1|	C3K3Q8	RecName: Full=Thymidylate synthase; Short=TS; Short=TSase [Pseudomonas [fluorescens] SBW25]	99.639	277	0	551	NA	NA	NA
tig	sp|C3JYK1.1|	C3JYK1	RecName: Full=Trigger factor; Short=TF; AltName: Full=PPIase [Pseudomonas [fluorescens] SBW25]	97.477	436	0	827	NA	NA	NA
tilS	sp|Q9HXZ3.1|	Q9HXZ3	RecName: Full=tRNA(Ile)-lysidine synthase; AltName: Full=tRNA(Ile)-2-lysyl-cytidine synthase; AltName: Full=tRNA(Ile)-lysidine synthetase [Pseudomonas aeruginosa PAO1]	63.699	438	1.3199999999999998e-174	499	NA	NA	NA
tkt	sp|A0A0I9QGZ2.1|	A0A0I9QGZ2	RecName: Full=Transketolase; Short=TK [Geobacillus stearothermophilus]	52.709	683	0	713	NA	NA	NA
tktA	sp|P27302.5|	P27302	RecName: Full=Transketolase 1; Short=TK 1 [Escherichia coli K-12]	71.988	664	0	1029	NA	NA	NA
tldD	sp|P0AGG8.1|	P0AGG8	RecName: Full=Metalloprotease TldD [Escherichia coli K-12]	65.885	469	0	591	NA	NA	NA
tmk_1	sp|Q6AJE2.1|	Q6AJE2	RecName: Full=Thymidylate kinase; AltName: Full=dTMP kinase [Desulfotalea psychrophila LSv54]	31.933	119	7.14e-8	54.3	NA	NA	NA
tmk_2~~~tmk_3	sp|C3K0M9.1|	C3K0M9	RecName: Full=Thymidylate kinase; AltName: Full=dTMP kinase [Pseudomonas [fluorescens] SBW25]	91.905	210	6.69e-135	379	NA	NA	NA
tobZ	sp|P74178.1|	P74178	RecName: Full=Uncharacterized protein sll1178 [Synechocystis sp. PCC 6803 substr. Kazusa]	35.4	613	2.22e-92	299	NA	NA	NA
tolB	sp|C3JYS2.1|	C3JYS2	RecName: Full=Tol-Pal system protein TolB; Flags: Precursor [Pseudomonas [fluorescens] SBW25]	99.045	419	0	852	NA	NA	NA
tolC_1	sp|Q9K2Y1.1|	Q9K2Y1	RecName: Full=Outer membrane protein TolC; AltName: Full=Multidrug efflux pump subunit TolC; Flags: Precursor [Vibrio cholerae O1 biovar El Tor str. N16961]	36.703	455	4.79e-75	245	NA	NA	NA
tolC_2	sp|Q9K2Y1.1|	Q9K2Y1	RecName: Full=Outer membrane protein TolC; AltName: Full=Multidrug efflux pump subunit TolC; Flags: Precursor [Vibrio cholerae O1 biovar El Tor str. N16961]	31.132	424	6.039999999999999e-54	190	NA	NA	NA
tolC_3	sp|Q03027.1|	Q03027	RecName: Full=Alkaline protease secretion protein AprF [Pseudomonas aeruginosa PAO1]	52.727	440	9.999999999999998e-145	424	NA	NA	NA
tolQ_1	sp|Q05605.1|	Q05605	RecName: Full=Biopolymer transport protein ExbB [Pseudomonas putida]	88.43	242	3.97e-127	369	NA	NA	NA
tolQ_2	sp|P50598.1|	P50598	RecName: Full=Tol-Pal system protein TolQ [Pseudomonas aeruginosa PAO1]	87.879	231	1.5899999999999997e-145	408	NA	NA	NA
tolQ_3	sp|O27101.1|	O27101	RecName: Full=Putative biopolymer transport protein ExbB homolog [Methanothermobacter thermautotrophicus str. Delta H]	31.156	199	1.15e-14	73.9	NA	NA	NA
tolQ_5	sp|B0RLE6.1|	B0RLE6	RecName: Full=Biopolymer transport protein ExbB [Xanthomonas campestris pv. campestris str. B100]	35.821	201	4.6200000000000004e-33	123	NA	NA	NA
topA	sp|Q9HZJ5.1|	Q9HZJ5	RecName: Full=DNA topoisomerase 1; AltName: Full=DNA topoisomerase I; AltName: Full=Omega-protein; AltName: Full=Relaxing enzyme; AltName: Full=Swivelase; AltName: Full=Untwisting enzyme [Pseudomonas aeruginosa PAO1]	87.356	870	0	1603	NA	NA	NA
topB	sp|Q9KQF5.1|	Q9KQF5	RecName: Full=DNA topoisomerase 3; AltName: Full=DNA topoisomerase III [Vibrio cholerae O1 biovar El Tor str. N16961]	39.206	630	9.5e-147	443	NA	NA	NA
topB_2	sp|Q9KQF5.1|	Q9KQF5	RecName: Full=DNA topoisomerase 3; AltName: Full=DNA topoisomerase III [Vibrio cholerae O1 biovar El Tor str. N16961]	36.463	639	1.1099999999999999e-129	401	NA	NA	NA
tpd	sp|Q2YK40.1|	Q2YK40	RecName: Full=UPF0423 protein BAB2_0840; Flags: Precursor [Brucella abortus 2308]	47.368	152	5.29e-34	121	NA	NA	NA
tpiA	sp|Q4KIF9.1|	Q4KIF9	RecName: Full=Triosephosphate isomerase; Short=TIM; Short=TPI; AltName: Full=Triose-phosphate isomerase [Pseudomonas protegens Pf-5]	93.625	251	2.82e-172	477	NA	NA	NA
tpiA_1	sp|Q07NF3.1|	Q07NF3	RecName: Full=Triosephosphate isomerase; Short=TIM; Short=TPI; AltName: Full=Triose-phosphate isomerase [Rhodopseudomonas palustris BisA53]	54.618	249	1.63e-85	258	NA	NA	NA
tpm	sp|C3K732.1|	C3K732	RecName: Full=Thiopurine S-methyltransferase; AltName: Full=Thiopurine methyltransferase [Pseudomonas [fluorescens] SBW25]	80.93	215	1.74e-127	361	NA	NA	NA
tpx	sp|P57668.1|	P57668	RecName: Full=Thiol peroxidase; Short=Tpx; AltName: Full=Peroxiredoxin tpx; Short=Prx; AltName: Full=Thioredoxin peroxidase; AltName: Full=Thioredoxin-dependent peroxiredoxin [Pseudomonas aeruginosa PAO1]	73.939	165	1.37e-85	251	NA	NA	NA
traC_2	sp|P27190.1|	P27190	RecName: Full=DNA primase TraC; AltName: Full=Replication primase [Escherichia coli]	35.039	254	8.09e-26	110	NA	NA	NA
treA	sp|P39795.2|	P39795	RecName: Full=Trehalose-6-phosphate hydrolase; AltName: Full=Alpha,alpha-phosphotrehalase; AltName: Full=Phospho-alpha-(1-1)-glucosidase [Bacillus subtilis subsp. subtilis str. 168]	58.182	550	0	680	NA	NA	NA
treP	sp|P39794.3|	P39794	RecName: Full=PTS system trehalose-specific EIIBC component; AltName: Full=EIIBC-Tre; Short=EII-Tre; Includes: RecName: Full=Trehalose-specific phosphotransferase enzyme IIB component; AltName: Full=PTS system trehalose-specific EIIB component; Includes: RecName: Full=Trehalose permease IIC component; AltName: Full=PTS system trehalose-specific EIIC component [Bacillus subtilis subsp. subtilis str. 168]	51.398	465	1.98e-149	437	NA	NA	NA
treR	sp|P39796.2|	P39796	RecName: Full=HTH-type transcriptional regulator TreR; AltName: Full=Trehalose operon repressor [Bacillus subtilis subsp. subtilis str. 168]	42.308	234	2.29e-47	159	NA	NA	NA
treY	sp|Q44315.1|	Q44315	RecName: Full=Maltooligosyl trehalose synthase; AltName: Full=(1,4)-alpha-D-glucan 1-alpha-D-glucosylmutase [Arthrobacter sp. Q36]	33.297	919	2.7699999999999996e-112	366	NA	NA	NA
treZ	sp|P95867.1|	P95867	RecName: Full=Malto-oligosyltrehalose trehalohydrolase; Short=MTHase; AltName: Full=4-alpha-D-((1->4)-alpha-D-glucano)trehalose trehalohydrolase; AltName: Full=Maltooligosyl trehalose trehalohydrolase [Saccharolobus solfataricus P2]	39.122	501	2.0599999999999999e-109	342	NA	NA	NA
tri1	sp|P76418.1|	P76418	RecName: Full=Putative ADP-ribosylglycohydrolase YegU [Escherichia coli K-12]	31.832	333	2.03e-39	145	NA	NA	NA
tri1_1	sp|A8GG79.1|	A8GG79	RecName: Full=ADP-ribosylarginine hydrolase Tri1; AltName: Full=Immunity protein Tri1; Short=Tri1-Sp [Serratia proteamaculans 568]	49.495	99	6.0299999999999995e-24	98.6	NA	NA	NA
tri1_2	sp|A8GG79.1|	A8GG79	RecName: Full=ADP-ribosylarginine hydrolase Tri1; AltName: Full=Immunity protein Tri1; Short=Tri1-Sp [Serratia proteamaculans 568]	45.804	286	5.25e-79	247	NA	NA	NA
trkA	sp|E1V6C6.1|	E1V6C6	RecName: Full=Trk system potassium uptake protein TrkA; Short=K(+)-uptake protein TrkA [Halomonas elongata DSM 2581]	74.617	457	0	679	NA	NA	NA
trkI	sp|E1V6K4.1|	E1V6K4	RecName: Full=Trk system potassium uptake protein TrkI [Halomonas elongata DSM 2581]	49.892	463	1.29e-109	337	NA	NA	NA
trmA	sp|C3K2F6.1|	C3K2F6	RecName: Full=tRNA/tmRNA (uracil-C(5))-methyltransferase; AltName: Full=tRNA (uracil(54)-C(5))-methyltransferase; AltName: Full=tRNA(m5U54)-methyltransferase; Short=RUMT; AltName: Full=tmRNA (uracil(341)-C(5))-methyltransferase [Pseudomonas [fluorescens] SBW25]	97.772	359	0	733	NA	NA	NA
trmB	sp|C3K3L6.1|	C3K3L6	RecName: Full=tRNA (guanine-N(7)-)-methyltransferase; AltName: Full=tRNA (guanine(46)-N(7))-methyltransferase; AltName: Full=tRNA(m7G46)-methyltransferase [Pseudomonas [fluorescens] SBW25]	97.5	240	4.33e-177	488	NA	NA	NA
trmD	sp|C3K1G9.1|	C3K1G9	RecName: Full=tRNA (guanine-N(1)-)-methyltransferase; AltName: Full=M1G-methyltransferase; AltName: Full=tRNA [GM37] methyltransferase [Pseudomonas [fluorescens] SBW25]	99.6	250	9.919999999999999e-157	438	NA	NA	NA
trmJ	sp|A0A0H2ZF87.1|	A0A0H2ZF87	RecName: Full=tRNA (cytidine/uridine/adenosine-2'-O-)-methyltransferase TrmJ; AltName: Full=tRNA (cytidine(32)/uridine(32)/adenosine(32)-2'-O)-methyltransferase; AltName: Full=tRNA Cm32/Um32/Am32 methyltransferase [Pseudomonas aeruginosa UCBPP-PA14]	72.656	256	1.1399999999999998e-132	377	NA	NA	NA
trmK	sp|P54471.2|	P54471	RecName: Full=tRNA (adenine(22)-N(1))-methyltransferase; AltName: Full=TrMet(m1A22); AltName: Full=tRNA(m1A22)-methyltransferase; Short=tRNA(m1A22)MTase [Bacillus subtilis subsp. subtilis str. 168]	37.5	240	5.88e-45	153	NA	NA	NA
trmL	sp|A0KAS4.2|	A0KAS4	RecName: Full=tRNA (cytidine(34)-2'-O)-methyltransferase; AltName: Full=tRNA (cytidine/uridine-2'-O-)-methyltransferase TrmL [Burkholderia cenocepacia HI2424]	64.052	153	1.0899999999999999e-66	202	NA	NA	NA
trmO	sp|Q9RPT0.1|	Q9RPT0	RecName: Full=Putative S-adenosylmethionine-dependent methyltransferase RcsF [Pseudomonas aeruginosa PAO1]	72.247	227	8.709999999999998e-119	340	NA	NA	NA
trmR	sp|G8T6H8.1|	G8T6H8	RecName: Full=Catechol O-methyltransferase; Short=COMT; Short=Catechol OMT; AltName: Full=NkCOMT [Niastella koreensis GR20-10]	36.923	130	6.35e-16	76.6	NA	NA	NA
trpA	sp|C3K568.1|	C3K568	RecName: Full=Tryptophan synthase alpha chain [Pseudomonas [fluorescens] SBW25]	97.026	269	1.1099999999999998e-179	498	NA	NA	NA
trpB	sp|P34817.1|	P34817	RecName: Full=Tryptophan synthase beta chain [Pseudomonas syringae pv. syringae]	95.588	408	0	811	NA	NA	NA
trpC	sp|C3K307.1|	C3K307	RecName: Full=Indole-3-glycerol phosphate synthase; Short=IGPS [Pseudomonas [fluorescens] SBW25]	97.842	278	1.6899999999999998e-167	468	NA	NA	NA
trpD_1	sp|C3K308.1|	C3K308	RecName: Full=Anthranilate phosphoribosyltransferase [Pseudomonas [fluorescens] SBW25]	98.281	349	0	625	NA	NA	NA
trpE	sp|P20579.1|	P20579	RecName: Full=Anthranilate synthase component 1; Short=AS; Short=ASI [Pseudomonas putida]	89.796	490	0	877	NA	NA	NA
trpF	sp|C3JZS5.1|	C3JZS5	RecName: Full=N-(5'-phosphoribosyl)anthranilate isomerase; Short=PRAI [Pseudomonas [fluorescens] SBW25]	93.333	210	1.56e-117	335	NA	NA	NA
trpG	sp|P00901.2|	P00901	RecName: Full=Anthranilate synthase component 2; Short=AS; Short=ASII; AltName: Full=Anthranilate synthase, GATase component; AltName: Full=Anthranilate synthase, glutamine amidotransferase component [Pseudomonas putida]	87.817	197	1.7699999999999998e-130	367	NA	NA	NA
trpI	sp|P34818.1|	P34818	RecName: Full=HTH-type transcriptional regulator TrpI; AltName: Full=TrpBA operon transcriptional activator [Pseudomonas syringae pv. syringae]	94.949	297	0	525	NA	NA	NA
truA	sp|O87016.1|	O87016	RecName: Full=tRNA pseudouridine synthase A; AltName: Full=tRNA pseudouridine(38-40) synthase; AltName: Full=tRNA pseudouridylate synthase I; AltName: Full=tRNA-uridine isomerase I [Pseudomonas aeruginosa PAO1]	73.704	270	9.429999999999999e-152	427	NA	NA	NA
truB	sp|Q4KIF4.1|	Q4KIF4	RecName: Full=tRNA pseudouridine synthase B; AltName: Full=tRNA pseudouridine(55) synthase; Short=Psi55 synthase; AltName: Full=tRNA pseudouridylate synthase; AltName: Full=tRNA-uridine isomerase [Pseudomonas protegens Pf-5]	96.393	305	0	600	NA	NA	NA
truD	sp|C3K704.1|	C3K704	RecName: Full=tRNA pseudouridine synthase D; AltName: Full=tRNA pseudouridine(13) synthase; AltName: Full=tRNA pseudouridylate synthase D; AltName: Full=tRNA-uridine isomerase D [Pseudomonas [fluorescens] SBW25]	94.602	352	0	678	NA	NA	NA
trxA	sp|Q9X2T1.1|	Q9X2T1	RecName: Full=Thioredoxin; Short=Trx [Pseudomonas aeruginosa PAO1]	80.769	104	4.03e-59	179	NA	NA	NA
trxC	sp|P0AGG4.1|	P0AGG4	RecName: Full=Thioredoxin 2; Short=Trx-2; AltName: Full=Protein-disulfide reductase [Escherichia coli K-12]	44.275	131	1.19e-40	135	NA	NA	NA
tsaB	sp|Q87RD1.1|	Q87RD1	RecName: Full=tRNA threonylcarbamoyladenosine biosynthesis protein TsaB; AltName: Full=t(6)A37 threonylcarbamoyladenosine biosynthesis protein TsaB [Vibrio parahaemolyticus RIMD 2210633]	50	224	2.9200000000000003e-64	202	NA	NA	NA
tsaC	sp|Q3KKE2.1|	Q3KKE2	RecName: Full=Threonylcarbamoyl-AMP synthase; Short=TC-AMP synthase; AltName: Full=L-threonylcarbamoyladenylate synthase; AltName: Full=t(6)A37 threonylcarbamoyladenosine biosynthesis protein TsaC; AltName: Full=tRNA threonylcarbamoyladenosine biosynthesis protein TsaC [Pseudomonas fluorescens Pf0-1]	92.973	185	9.179999999999999e-125	352	NA	NA	NA
tsaD	sp|C3K338.1|	C3K338	RecName: Full=tRNA N6-adenosine threonylcarbamoyltransferase; AltName: Full=N6-L-threonylcarbamoyladenine synthase; Short=t(6)A synthase; AltName: Full=t(6)A37 threonylcarbamoyladenosine biosynthesis protein TsaD; AltName: Full=tRNA threonylcarbamoyladenosine biosynthesis protein TsaD [Pseudomonas [fluorescens] SBW25]	99.12	341	0	664	NA	NA	NA
tsaE	sp|P0AF67.1|	P0AF67	RecName: Full=tRNA threonylcarbamoyladenosine biosynthesis protein TsaE; AltName: Full=t(6)A37 threonylcarbamoyladenosine biosynthesis protein TsaE [Escherichia coli K-12]	56.552	145	4.849999999999999e-55	173	NA	NA	NA
tsf	sp|C3K5Z6.1|	C3K5Z6	RecName: Full=Elongation factor Ts; Short=EF-Ts [Pseudomonas [fluorescens] SBW25]	95.122	287	2.7199999999999995e-158	445	NA	NA	NA
tspO	sp|Q9RFC8.1|	Q9RFC8	RecName: Full=Tryptophan-rich sensory protein; Short=TSPO; AltName: Full=Translocator protein TspO; AltName: Full=TspO regulatory protein [Cereibacter sphaeroides]	46.528	144	4.9300000000000004e-33	117	NA	NA	NA
tsx	sp|P0A261.1|	P0A261	RecName: Full=Nucleoside-specific channel-forming protein Tsx; Flags: Precursor [Salmonella enterica subsp. enterica serovar Typhimurium str. LT2]	53.506	271	1.7099999999999998e-99	297	NA	NA	NA
ttcA	sp|Q3K8D5.1|	Q3K8D5	RecName: Full=tRNA-cytidine(32) 2-sulfurtransferase; AltName: Full=Two-thiocytidine biosynthesis protein A; AltName: Full=tRNA 2-thiocytidine biosynthesis protein TtcA [Pseudomonas fluorescens Pf0-1]	97.08	274	0	558	NA	NA	NA
ttgA	sp|P0C069.1|	P0C069	RecName: Full=Multidrug/solvent efflux pump periplasmic linker protein MepA; Flags: Precursor [Pseudomonas putida]	78.552	359	0	542	NA	NA	NA
ttgB	sp|P0C070.1|	P0C070	RecName: Full=Multidrug/solvent efflux pump membrane transporter MepB [Pseudomonas putida]	79.659	1057	0	1714	NA	NA	NA
ttgC_1	sp|P0C071.1|	P0C071	RecName: Full=Multidrug/solvent efflux pump outer membrane protein MepC; Flags: Precursor [Pseudomonas putida]	76.812	483	0	701	NA	NA	NA
ttgC_2	sp|P0C071.1|	P0C071	RecName: Full=Multidrug/solvent efflux pump outer membrane protein MepC; Flags: Precursor [Pseudomonas putida]	67.452	467	0	591	NA	NA	NA
ttgC_3	sp|P0C071.1|	P0C071	RecName: Full=Multidrug/solvent efflux pump outer membrane protein MepC; Flags: Precursor [Pseudomonas putida]	31.429	455	2.35e-33	134	NA	NA	NA
ttgC_5	sp|P0C071.1|	P0C071	RecName: Full=Multidrug/solvent efflux pump outer membrane protein MepC; Flags: Precursor [Pseudomonas putida]	31.277	470	3.62e-53	189	NA	NA	NA
ttgF	sp|P24126.2|	P24126	RecName: Full=Fusaric acid resistance protein FusA; Flags: Precursor [Burkholderia cepacia]	34.511	368	4.939999999999999e-47	174	NA	NA	NA
ttgI	sp|P24126.2|	P24126	RecName: Full=Fusaric acid resistance protein FusA; Flags: Precursor [Burkholderia cepacia]	53.134	367	9.88e-97	305	NA	NA	NA
ttgR	sp|Q88N29.1|	Q88N29	RecName: Full=Probable HTH-type transcriptional regulator TtgR; AltName: Full=Efflux pump ttgABC operon regulator [Pseudomonas putida KT2440]	70	210	3.35e-108	312	NA	NA	NA
ttr	sp|P16966.1|	P16966	RecName: Full=Acetyltransferase; AltName: Full=Tabtoxin resistance protein [Pseudomonas amygdali pv. tabaci]	68.182	176	8.019999999999999e-82	243	NA	NA	NA
ttuB_1	sp|Q44470.1|	Q44470	RecName: Full=Putative tartrate transporter [Agrobacterium vitis]	42.344	418	5.249999999999999e-90	283	NA	NA	NA
ttuD	sp|Q44472.1|	Q44472	RecName: Full=Putative hydroxypyruvate reductase [Agrobacterium vitis]	50.714	420	9.300000000000001e-97	300	NA	NA	NA
ttuE	sp|O05118.2|	O05118	RecName: Full=Pyruvate kinase; Short=PK [Methylorubrum extorquens AM1]	51.709	468	2.5799999999999997e-148	434	NA	NA	NA
tufA	sp|C3K2X8.1|	C3K2X8	RecName: Full=Elongation factor Tu; Short=EF-Tu [Pseudomonas [fluorescens] SBW25]	99.748	397	0	759	NA	NA	NA
tusA_1	sp|D3RPC0.1|	D3RPC0	RecName: Full=Sulfur carrier protein TusA [Allochromatium vinosum DSM 180]	52.055	73	6.11e-23	86.3	NA	NA	NA
tusA_2	sp|C3K5G5.1|	C3K5G5	RecName: Full=Sulfur carrier protein TusA [Pseudomonas [fluorescens] SBW25]	86.747	83	5.96e-50	154	NA	NA	NA
tusC	sp|Q9I0N2.1|	Q9I0N2	RecName: Full=Protein TusC homolog [Pseudomonas aeruginosa PAO1]	63.866	119	9.38e-47	149	NA	NA	NA
tusE	sp|P45184.1|	P45184	RecName: Full=Sulfurtransferase TusE homolog [Haemophilus influenzae Rd KW20]	50.926	108	1.3e-22	87.8	NA	NA	NA
tycC_1	sp|P0DUV4.1|	P0DUV4	RecName: Full=Malpibaldin synthetase; AltName: Full=Nonribosomal peptide synthetase mpbA; Short=NRPS mpbA [Mortierella alpina]	38.615	2152	0	1324	NA	NA	NA
tycC_2	sp|P0DUV4.1|	P0DUV4	RecName: Full=Malpibaldin synthetase; AltName: Full=Nonribosomal peptide synthetase mpbA; Short=NRPS mpbA [Mortierella alpina]	44.792	3293	0	2402	NA	NA	NA
typA	sp|P0A3B1.1|	P0A3B1	RecName: Full=Large ribosomal subunit assembly factor BipA; AltName: Full=50S ribosomal subunit assembly factor BipA; AltName: Full=GTP-binding protein BipA [Escherichia coli CFT073]	69.637	606	0	841	NA	NA	NA
tyrB	sp|P72173.2|	P72173	RecName: Full=Aspartate aminotransferase; Short=AspAT; AltName: Full=Transaminase A [Pseudomonas aeruginosa PAO1]	79.397	398	0	603	NA	NA	NA
tyrR_1	sp|P07604.2|	P07604	RecName: Full=HTH-type transcriptional regulatory protein TyrR [Escherichia coli K-12]	43.436	518	9.58e-129	387	NA	NA	NA
tyrR_2	sp|Q9ZIB7.1|	Q9ZIB7	RecName: Full=HTH-type transcriptional regulatory protein TyrR [Pantoea agglomerans]	42.308	520	2.89e-124	376	NA	NA	NA
tyrS	sp|Q3K5W9.1|	Q3K5W9	RecName: Full=Tyrosine--tRNA ligase; AltName: Full=Tyrosyl-tRNA synthetase; Short=TyrRS [Pseudomonas fluorescens Pf0-1]	95.99	399	0	724	NA	NA	NA
uacT_1	sp|Q46821.2|	Q46821	RecName: Full=Uric acid transporter UacT [Escherichia coli K-12]	51.365	403	3.34e-111	339	NA	NA	NA
uacT_2	sp|P42086.1|	P42086	RecName: Full=Xanthine permease [Bacillus subtilis subsp. subtilis str. 168]	38.497	439	1.75e-71	236	NA	NA	NA
uao	sp|D4GPU8.1|	D4GPU8	RecName: Full=2-oxo-4-hydroxy-4-carboxy-5-ureidoimidazoline decarboxylase; Short=OHCU decarboxylase [Haloferax volcanii DS2]	41.401	157	3.5499999999999998e-34	121	NA	NA	NA
ubiA	sp|C3K4C4.1|	C3K4C4	RecName: Full=4-hydroxybenzoate octaprenyltransferase; AltName: Full=4-HB polyprenyltransferase [Pseudomonas [fluorescens] SBW25]	97.973	296	0	535	NA	NA	NA
ubiB	sp|C3K8U2.1|	C3K8U2	RecName: Full=Probable protein kinase UbiB; AltName: Full=Ubiquinone biosynthesis protein UbiB [Pseudomonas [fluorescens] SBW25]	98.315	534	0	998	NA	NA	NA
ubiC	sp|Q3K4G4.1|	Q3K4G4	RecName: Full=Probable chorismate pyruvate-lyase 2; Short=CL 2; Short=CPL 2 [Pseudomonas fluorescens Pf0-1]	82.39	159	1.95e-90	265	NA	NA	NA
ubiD	sp|C3K3Y8.1|	C3K3Y8	RecName: Full=3-octaprenyl-4-hydroxybenzoate carboxy-lyase; AltName: Full=Polyprenyl p-hydroxybenzoate decarboxylase [Pseudomonas [fluorescens] SBW25]	99.385	488	0	996	NA	NA	NA
ubiE	sp|C3K8U4.1|	C3K8U4	RecName: Full=Ubiquinone/menaquinone biosynthesis C-methyltransferase UbiE; AltName: Full=2-methoxy-6-polyprenyl-1,4-benzoquinol methylase; AltName: Full=Demethylmenaquinone methyltransferase [Pseudomonas [fluorescens] SBW25]	100	256	0	530	NA	NA	NA
ubiG	sp|C3K6J1.1|	C3K6J1	RecName: Full=Ubiquinone biosynthesis O-methyltransferase; AltName: Full=2-polyprenyl-6-hydroxyphenol methylase; AltName: Full=3-demethylubiquinone 3-O-methyltransferase [Pseudomonas [fluorescens] SBW25]	99.569	232	6.919999999999998e-176	485	NA	NA	NA
ubiH	sp|P25534.2|	P25534	RecName: Full=2-octaprenyl-6-methoxyphenol hydroxylase [Escherichia coli K-12]	38.056	360	2.05e-76	244	NA	NA	NA
ubiI	sp|P25535.2|	P25535	RecName: Full=2-octaprenylphenol hydroxylase; AltName: Full=2-polyprenylphenol 6-hydroxylase [Escherichia coli K-12]	44.932	365	7.809999999999999e-87	272	NA	NA	NA
ubiK	sp|Q8ZLY9.1|	Q8ZLY9	RecName: Full=Ubiquinone biosynthesis accessory factor UbiK [Salmonella enterica subsp. enterica serovar Typhimurium str. LT2]	53.571	56	8.28e-11	57	NA	NA	NA
ubiX	sp|Q9HX08.1|	Q9HX08	RecName: Full=Flavin prenyltransferase UbiX [Pseudomonas aeruginosa PAO1]	82.775	209	2.9499999999999995e-118	337	NA	NA	NA
uctC	sp|Q7CXU0.2|	Q7CXU0	RecName: Full=Succinate--glutarate CoA-transferase [Agrobacterium fabrum str. C58]	57.143	378	5.76e-149	431	NA	NA	NA
uctC_1	sp|A9X6P9.1|	A9X6P9	RecName: Full=Acetyl-CoA:oxalate CoA-transferase; Short=ACOCT; AltName: Full=Acetyl-coenzyme A transferase; AltName: Full=CoA:oxalate CoA-transferase; AltName: Full=CoAT3 [Acetobacter aceti]	47.769	381	1.01e-117	350	NA	NA	NA
udh_1	sp|Q88NN6.1|	Q88NN6	RecName: Full=Uronate dehydrogenase; AltName: Full=D-galacturonate dehydrogenase; AltName: Full=D-glucuronate dehydrogenase; AltName: Full=Hexuronate dehydrogenase [Pseudomonas putida KT2440]	38.235	238	2.34e-39	140	NA	NA	NA
udh_2	sp|Q888H1.1|	Q888H1	RecName: Full=Uronate dehydrogenase; AltName: Full=D-galacturonate dehydrogenase; AltName: Full=D-glucuronate dehydrogenase; AltName: Full=Hexuronate dehydrogenase [Pseudomonas syringae pv. tomato str. DC3000]	82.847	274	3.569999999999999e-159	446	NA	NA	NA
ugpC_1	sp|Q7CS28.2|	Q7CS28	RecName: Full=Sulfoquinovosyl glycerol transport ATP-binding protein SmoE; Short=SQGro transport ATP-binding protein SmoE; AltName: Full=SQ monooxygenase cluster protein E [Agrobacterium fabrum str. C58]	51.381	362	3.75e-127	373	NA	NA	NA
ugpC_2	sp|Q13TV1.1|	Q13TV1	RecName: Full=sn-glycerol-3-phosphate import ATP-binding protein UgpC [Paraburkholderia xenovorans LB400]	34.973	366	2.8400000000000002e-58	196	NA	NA	NA
ugpQ	sp|P54527.2|	P54527	RecName: Full=Uncharacterized protein YqiK [Bacillus subtilis subsp. subtilis str. 168]	31.452	248	1.46e-28	111	NA	NA	NA
uhpA	sp|P27667.1|	P27667	RecName: Full=Transcriptional regulatory protein UhpA [Salmonella enterica subsp. enterica serovar Typhimurium str. LT2]	33.816	207	1.2900000000000001e-26	104	NA	NA	NA
ulaR	sp|Q92ET8.1|	Q92ET8	RecName: Full=HTH-type transcriptional regulator GolR [Listeria innocua Clip11262]	32.129	249	1.34e-33	125	NA	NA	NA
umuC	sp|P04152.2|	P04152	RecName: Full=Protein UmuC; AltName: Full=DNA polymerase V; Short=Pol V [Escherichia coli K-12]	45.735	422	1.2399999999999998e-119	357	NA	NA	NA
umuC_1	sp|P22494.1|	P22494	RecName: Full=Protein UmuC [Salmonella enterica subsp. enterica serovar Typhimurium str. LT2]	49.746	394	9.61e-120	357	NA	NA	NA
umuD_1	sp|P22493.1|	P22493	RecName: Full=Protein UmuD; Contains: RecName: Full=Protein UmuD' [Salmonella enterica subsp. enterica serovar Typhimurium str. LT2]	46.341	123	1.33e-25	97.4	NA	NA	NA
umuD_2	sp|P0AG11.1|	P0AG11	RecName: Full=Protein UmuD; AltName: Full=DNA polymerase V; Short=Pol V; Contains: RecName: Full=Protein UmuD' [Escherichia coli K-12]	42.241	116	1.32e-18	79.3	NA	NA	NA
ung	sp|C3KDS6.1|	C3KDS6	RecName: Full=Uracil-DNA glycosylase; Short=UDG [Pseudomonas [fluorescens] SBW25]	94.323	229	2.5699999999999996e-164	455	NA	NA	NA
upp	sp|C3KAJ8.1|	C3KAJ8	RecName: Full=Uracil phosphoribosyltransferase; AltName: Full=UMP pyrophosphorylase; AltName: Full=UPRTase [Pseudomonas [fluorescens] SBW25]	98.585	212	8.739999999999999e-151	420	NA	NA	NA
uppP_1	sp|Q98NJ1.1|	Q98NJ1	RecName: Full=Undecaprenyl-diphosphatase 2; AltName: Full=Bacitracin resistance protein 2; AltName: Full=Undecaprenyl pyrophosphate phosphatase 2 [Mesorhizobium japonicum MAFF 303099]	74.899	247	2.5599999999999998e-95	285	NA	NA	NA
uppP_2~~~uppP_1	sp|Q4KC13.1|	Q4KC13	RecName: Full=Undecaprenyl-diphosphatase; AltName: Full=Bacitracin resistance protein; AltName: Full=Undecaprenyl pyrophosphate phosphatase [Pseudomonas protegens Pf-5]	90.58	276	0	506	NA	NA	NA
uraA	sp|Q9CPL9.1|	Q9CPL9	RecName: Full=Probable uracil permease; AltName: Full=Uracil transporter; AltName: Full=Uracil/H(+) symporter UraA [Pasteurella multocida subsp. multocida str. Pm70]	58.637	411	3.9799999999999996e-147	427	NA	NA	NA
ureA	sp|C3K5A5.1|	C3K5A5	RecName: Full=Urease subunit gamma; AltName: Full=Urea amidohydrolase subunit gamma [Pseudomonas [fluorescens] SBW25]	98	100	5.68e-68	201	NA	NA	NA
ureB	sp|C3K5A2.1|	C3K5A2	RecName: Full=Urease subunit beta; AltName: Full=Urea amidohydrolase subunit beta [Pseudomonas [fluorescens] SBW25]	92.079	101	1.23e-65	195	NA	NA	NA
ureC	sp|Q3KIT2.1|	Q3KIT2	RecName: Full=Urease subunit alpha; AltName: Full=Urea amidohydrolase subunit alpha [Pseudomonas fluorescens Pf0-1]	92.933	566	0	1051	NA	NA	NA
ureD	sp|Q3KIS7.1|	Q3KIS7	RecName: Full=Urease accessory protein UreD [Pseudomonas fluorescens Pf0-1]	86.738	279	1.1099999999999999e-175	488	NA	NA	NA
ureE	sp|C3K4L5.1|	C3K4L5	RecName: Full=Urease accessory protein UreE [Pseudomonas [fluorescens] SBW25]	98.795	166	3.789999999999999e-119	336	NA	NA	NA
ureF	sp|C3K4L4.1|	C3K4L4	RecName: Full=Urease accessory protein UreF [Pseudomonas [fluorescens] SBW25]	92.857	224	1.0599999999999999e-125	357	NA	NA	NA
ureG	sp|C3K4L3.1|	C3K4L3	RecName: Full=Urease accessory protein UreG [Pseudomonas [fluorescens] SBW25]	99.51	204	2.24e-136	382	NA	NA	NA
usg	sp|P96199.1|	P96199	RecName: Full=USG-1 protein homolog [Azotobacter vinelandii]	60.502	319	7.98e-127	369	NA	NA	NA
uspA2	sp|Q83AC1.1|	Q83AC1	RecName: Full=Universal stress protein A homolog 1 [Coxiella burnetii RSA 493]	39.286	140	1.9699999999999998e-23	92.4	NA	NA	NA
uspE_1	sp|Q83AC1.1|	Q83AC1	RecName: Full=Universal stress protein A homolog 1 [Coxiella burnetii RSA 493]	34.667	150	7.68e-16	76.3	NA	NA	NA
uspE_4	sp|Q8Z788.3|	Q8Z788	RecName: Full=Universal stress protein E [Salmonella enterica subsp. enterica serovar Typhi]	30.225	311	3.64e-36	134	NA	NA	NA
uup	sp|P43672.2|	P43672	RecName: Full=ATP-binding protein Uup [Escherichia coli K-12]	50.312	642	8.089999999999999e-180	527	NA	NA	NA
uvrA_1	sp|Q88QK7.1|	Q88QK7	RecName: Full=UvrABC system protein A; Short=UvrA protein; AltName: Full=Excinuclease ABC subunit A [Pseudomonas putida KT2440]	92.055	944	0	1796	NA	NA	NA
uvrA_2	sp|P52087.1|	P52087	RecName: Full=UvrABC system protein A; Short=UvrA protein; AltName: Full=Excinuclease ABC subunit A [Paucimonas lemoignei]	68.554	671	0	861	NA	NA	NA
uvrB	sp|Q4KF19.1|	Q4KF19	RecName: Full=UvrABC system protein B; Short=Protein UvrB; AltName: Full=Excinuclease ABC subunit B [Pseudomonas protegens Pf-5]	94.635	671	0	1297	NA	NA	NA
uvrC	sp|C3K7T2.1|	C3K7T2	RecName: Full=UvrABC system protein C; Short=Protein UvrC; AltName: Full=Excinuclease ABC subunit C [Pseudomonas [fluorescens] SBW25]	98.517	607	0	1232	NA	NA	NA
uvrD	sp|P03018.1|	P03018	RecName: Full=DNA helicase II; AltName: Full=DNA 3'-5' helicase II [Escherichia coli K-12]	62.797	715	0	875	NA	NA	NA
uvrY	sp|P0AED5.1|	P0AED5	RecName: Full=Response regulator UvrY [Escherichia coli K-12]	39.234	209	4.5499999999999995e-45	152	NA	NA	NA
valS	sp|Q4KHT9.1|	Q4KHT9	RecName: Full=Valine--tRNA ligase; AltName: Full=Valyl-tRNA synthetase; Short=ValRS [Pseudomonas protegens Pf-5]	95.253	948	0	1810	NA	NA	NA
ves	sp|P24696.1|	P24696	RecName: Full=Uncharacterized 21.2 kDa protein in hutC 3'region [Pseudomonas putida]	64.021	189	1.2e-83	248	NA	NA	NA
vfr	sp|P55222.1|	P55222	RecName: Full=cAMP-activated global transcriptional regulator Vfr [Pseudomonas aeruginosa PAO1]	82.243	214	4.55e-129	365	NA	NA	NA
vgrG1_1	sp|Q9I741.1|	Q9I741	RecName: Full=Type VI secretion system spike protein VgrG1a; AltName: Full=T6SS spike protein VgrG1a [Pseudomonas aeruginosa PAO1]	70.423	639	0	926	NA	NA	NA
vgrG1_2	sp|Q9HYC3.1|	Q9HYC3	RecName: Full=Type VI secretion system spike protein VgrG4b [Pseudomonas aeruginosa PAO1]	57.143	623	0	699	NA	NA	NA
vgrG1_3	sp|Q9HYC3.1|	Q9HYC3	RecName: Full=Type VI secretion system spike protein VgrG4b [Pseudomonas aeruginosa PAO1]	53.76	625	0	640	NA	NA	NA
vioA	sp|Q6U1I3.1|	Q6U1I3	RecName: Full=dTDP-4-amino-4,6-dideoxy-D-glucose transaminase [Shigella dysenteriae]	41.436	362	2.65e-91	281	NA	NA	NA
virB8	sp|P0C532.1|	P0C532	RecName: Full=Type IV secretion system protein VirB8 [Brucella abortus bv. 1 str. 9-941]	32.127	221	2.85e-24	100	NA	NA	NA
virD4	sp|A0AAI7ZGC9.1|	A0AAI7ZGC9	RecName: Full=Type IV secretion system-coupling protein VirD4; AltName: Full=T4SS coupling protein VirD4 [Xanthomonas citri subsp. citri 306]	32.955	440	2.01e-65	224	NA	NA	NA
vldW	sp|A0A0S6XHQ0.1|	A0A0S6XHQ0	RecName: Full=2-oxoglutarate-dependent dioxygenase frbJ; AltName: Full=FR901469 biosynthesis cluster protein J [Dothideomycetidae sp. 11243]	35.174	344	1.3799999999999998e-56	191	NA	NA	NA
vraR	sp|Q7CQM5.1|	Q7CQM5	RecName: Full=Response regulator SsrB [Salmonella enterica subsp. enterica serovar Typhimurium str. LT2]	42.788	208	3.14e-44	150	NA	NA	NA
waaA	sp|P0AC75.1|	P0AC75	RecName: Full=3-deoxy-D-manno-octulosonic acid transferase; Short=Kdo transferase; AltName: Full=Bifunctional Kdo transferase; AltName: Full=Kdo-lipid IV(A) 3-deoxy-D-manno-octulosonic acid transferase; AltName: Full=Lipid IV(A) 3-deoxy-D-manno-octulosonic acid transferase [Escherichia coli K-12]	53.81	420	7.019999999999999e-133	391	NA	NA	NA
walR_1	sp|P46384.1|	P46384	RecName: Full=Protein PilG [Pseudomonas aeruginosa PAO1]	84.848	132	1.13e-79	234	NA	NA	NA
walR_2	sp|A0A0H2UQ68.1|	A0A0H2UQ68	RecName: Full=Transcriptional regulatory protein WalR [Streptococcus pneumoniae TIGR4]	40.496	121	3.34e-19	82.4	NA	NA	NA
wbiB	sp|Q2SYH7.1|	Q2SYH7	RecName: Full=dTDP-L-rhamnose 4-epimerase [Burkholderia thailandensis E264]	58.14	344	1.1599999999999998e-144	416	NA	NA	NA
wecH	sp|P37669.1|	P37669	RecName: Full=O-acetyltransferase WecH [Escherichia coli K-12]	34.074	135	3.96e-6	51.6	NA	NA	NA
wspC	sp|Q88MS8.1|	Q88MS8	RecName: Full=Probable biofilm formation methyltransferase WspC [Pseudomonas putida KT2440]	57.323	396	3.9799999999999996e-140	409	NA	NA	NA
wzxE	sp|P0AAA7.1|	P0AAA7	RecName: Full=Lipid III flippase [Escherichia coli K-12]	30.695	417	1.01e-50	179	NA	NA	NA
xanP_1	sp|P0AGM9.1|	P0AGM9	RecName: Full=Xanthine permease XanP [Escherichia coli K-12]	47.228	451	4.25e-129	385	NA	NA	NA
xanP_1~~~xanP_2	sp|P0AGM9.1|	P0AGM9	RecName: Full=Xanthine permease XanP [Escherichia coli K-12]	45.312	448	1.1499999999999999e-128	385	NA	NA	NA
xcpT	sp|Q00514.1|	Q00514	RecName: Full=Type II secretion system core protein G; Short=T2SS core protein G; AltName: Full=General secretion pathway protein G; AltName: Full=PilD-dependent protein PddA; Flags: Precursor [Pseudomonas aeruginosa PAO1]	36.691	139	8.02e-14	67.4	NA	NA	NA
xerC_1	sp|C3K438.1|	C3K438	RecName: Full=Tyrosine recombinase XerC [Pseudomonas [fluorescens] SBW25]	97.993	299	0	547	NA	NA	NA
xerC_2	sp|P16470.1|	P16470	RecName: Full=Shufflon-specific DNA recombinase [Escherichia coli]	35.514	321	2.9e-41	150	NA	NA	NA
xerC_5	sp|P42540.1|	P42540	RecName: Full=Probable integrase/recombinase; AltName: Full=ORF5 [Plasmavirus L2]	30.387	181	2.35e-8	60.1	NA	NA	NA
xerC_6	sp|P06723.1|	P06723	RecName: Full=Integrase [Eganvirus ev186]	45.205	292	9.3e-80	249	NA	NA	NA
xerC_7~~~xerC_4	sp|P04890.1|	P04890	RecName: Full=Integrase [Lederbergvirus P22]	30.213	235	5.31e-19	91.3	NA	NA	NA
xerD	sp|Q88MV0.1|	Q88MV0	RecName: Full=Tyrosine recombinase XerD [Pseudomonas putida KT2440]	86.913	298	0	519	NA	NA	NA
xpkA	sp|Q7UH14.1|	Q7UH14	RecName: Full=Probable phosphoketolase [Rhodopirellula baltica SH 1]	70.694	778	0	1168	NA	NA	NA
xpt	sp|C3K452.1|	C3K452	RecName: Full=Xanthine phosphoribosyltransferase; Short=XPRTase [Pseudomonas [fluorescens] SBW25]	98.421	190	3.3e-132	371	NA	NA	NA
xseA	sp|C3K1K5.1|	C3K1K5	RecName: Full=Exodeoxyribonuclease 7 large subunit; AltName: Full=Exodeoxyribonuclease VII large subunit; Short=Exonuclease VII large subunit [Pseudomonas [fluorescens] SBW25]	97.386	459	0	801	NA	NA	NA
xseB	sp|C3K2Q9.1|	C3K2Q9	RecName: Full=Exodeoxyribonuclease 7 small subunit; AltName: Full=Exodeoxyribonuclease VII small subunit; Short=Exonuclease VII small subunit [Pseudomonas [fluorescens] SBW25]	100	80	2.3e-50	155	NA	NA	NA
xthA	sp|P09030.4|	P09030	RecName: Full=Exodeoxyribonuclease III; Short=EXO III; Short=Exonuclease III; AltName: Full=AP endonuclease VI [Escherichia coli K-12]	66.541	266	5.37e-135	384	NA	NA	NA
xylB_1	sp|P35850.2|	P35850	RecName: Full=Xylulose kinase; Short=Xylulokinase [Levilactobacillus brevis]	30.078	512	2.58e-58	204	NA	NA	NA
xylB_2	sp|P09099.1|	P09099	RecName: Full=Xylulose kinase; Short=XK; Short=Xylulokinase; AltName: Full=1-deoxy-D-xylulokinase [Escherichia coli K-12]	44.172	489	2.83e-124	374	NA	NA	NA
xylB_3	sp|P44401.1|	P44401	RecName: Full=Xylulose kinase; Short=Xylulokinase [Haemophilus influenzae Rd KW20]	53.196	485	0	539	NA	NA	NA
yaaA	sp|C3KE01.1|	C3KE01	RecName: Full=UPF0246 protein PFLU_0992 [Pseudomonas [fluorescens] SBW25]	97.297	259	0	523	NA	NA	NA
yabJ_1	sp|P40431.2|	P40431	RecName: Full=RutC family protein in vnfA 5'region; AltName: Full=ORF1 [Azotobacter vinelandii]	80.159	126	3.14e-71	211	NA	NA	NA
yabJ_2	sp|Q9UZA3.1|	Q9UZA3	RecName: Full=RutC family protein PYRAB12510 [Pyrococcus abyssi GE5]	38.961	77	3.31e-12	62	NA	NA	NA
yabJ_3	sp|Q8U308.1|	Q8U308	RecName: Full=2-iminobutanoate/2-iminopropanoate deaminase; AltName: Full=Enamine/imine deaminase [Pyrococcus furiosus DSM 3638]	34.234	111	4.92e-13	64.3	NA	NA	NA
yabJ_4	sp|Q8U308.1|	Q8U308	RecName: Full=2-iminobutanoate/2-iminopropanoate deaminase; AltName: Full=Enamine/imine deaminase [Pyrococcus furiosus DSM 3638]	46.018	113	4.47e-28	102	NA	NA	NA
yabJ_5	sp|Q9UZA3.1|	Q9UZA3	RecName: Full=RutC family protein PYRAB12510 [Pyrococcus abyssi GE5]	38.017	121	5.77e-20	82	NA	NA	NA
yacG	sp|C3KE92.1|	C3KE92	RecName: Full=DNA gyrase inhibitor YacG [Pseudomonas [fluorescens] SBW25]	90.909	66	2.41e-39	126	NA	NA	NA
yadG	sp|P36879.1|	P36879	RecName: Full=Uncharacterized ABC transporter ATP-binding protein YadG [Escherichia coli K-12]	68.439	301	3.2299999999999997e-144	411	NA	NA	NA
yadH	sp|P0AFN6.1|	P0AFN6	RecName: Full=Inner membrane transport permease YadH [Escherichia coli K-12]	60.8	250	1.64e-93	278	NA	NA	NA
yadV_1	sp|P33128.2|	P33128	RecName: Full=Probable fimbrial chaperone YadV; Flags: Precursor [Escherichia coli K-12]	39.744	234	2.82e-46	158	NA	NA	NA
yadV_1~~~yadV_3	sp|P33409.2|	P33409	RecName: Full=Chaperone protein FimB/FhaD; Flags: Precursor [Bordetella pertussis Tohama I]	34.274	248	1.65e-36	132	NA	NA	NA
yadV_3	sp|P33128.2|	P33128	RecName: Full=Probable fimbrial chaperone YadV; Flags: Precursor [Escherichia coli K-12]	42.437	238	1.6799999999999997e-55	181	NA	NA	NA
yadV_4	sp|P33128.2|	P33128	RecName: Full=Probable fimbrial chaperone YadV; Flags: Precursor [Escherichia coli K-12]	38.655	238	1.4e-48	163	NA	NA	NA
yaeQ	sp|P0A1S6.1|	P0A1S6	RecName: Full=Uncharacterized protein YaeQ [Salmonella enterica subsp. enterica serovar Typhimurium str. LT2]	34.483	174	2.96e-26	101	NA	NA	NA
yafJ	sp|Q47147.1|	Q47147	RecName: Full=Putative glutamine amidotransferase YafJ [Escherichia coli K-12]	61.811	254	2.43e-108	316	NA	NA	NA
yafV	sp|Q47679.1|	Q47679	RecName: Full=Omega-amidase YafV [Escherichia coli K-12]	51.751	257	3.64e-83	252	NA	NA	NA
yahB	sp|P0ACR2.1|	P0ACR2	RecName: Full=HTH-type transcriptional regulator PunR [Escherichia coli K-12]	64.356	303	1.71e-141	404	NA	NA	NA
yahK	sp|P75691.1|	P75691	RecName: Full=Aldehyde reductase YahK; AltName: Full=Zinc-dependent alcohol dehydrogenase YahK [Escherichia coli K-12]	66.859	347	1.61e-154	441	NA	NA	NA
yajC	sp|P57234.1|	P57234	RecName: Full=Sec translocon accessory complex subunit YajC [Buchnera aphidicola str. APS (Acyrthosiphon pisum)]	43.86	114	2.49e-24	92	NA	NA	NA
yajO_1	sp|O23016.1|	O23016	RecName: Full=Probable voltage-gated potassium channel subunit beta; AltName: Full=K(+) channel subunit beta; AltName: Full=Potassium voltage beta 1; Short=KV-beta1 [Arabidopsis thaliana]	35.38	342	1.3399999999999999e-56	190	NA	NA	NA
yajO_2	sp|Q40648.2|	Q40648	RecName: Full=Probable voltage-gated potassium channel subunit beta; AltName: Full=K(+) channel subunit beta [Oryza sativa Japonica Group]	41.118	304	1.67e-60	199	NA	NA	NA
yajO_3	sp|P77735.2|	P77735	RecName: Full=1-deoxyxylulose-5-phosphate synthase YajO [Escherichia coli K-12]	45.679	324	8.950000000000001e-91	277	NA	NA	NA
yajR	sp|P77726.2|	P77726	RecName: Full=Inner membrane transport protein YajR [Escherichia coli K-12]	54.405	454	4.549999999999999e-151	440	NA	NA	NA
ybaB	sp|C3K0S7.1|	C3K0S7	RecName: Full=Nucleoid-associated protein PFLU_4577 [Pseudomonas [fluorescens] SBW25]	96.429	112	2.5100000000000002e-58	178	NA	NA	NA
ybaK	sp|P0AAR3.1|	P0AAR3	RecName: Full=Cys-tRNA(Pro)/Cys-tRNA(Cys) deacylase YbaK [Escherichia coli K-12]	60.51	157	7.23e-59	183	NA	NA	NA
ybaN	sp|P0AAR5.1|	P0AAR5	RecName: Full=Inner membrane protein YbaN [Escherichia coli K-12]	43.75	112	6.34e-9	53.5	NA	NA	NA
ybbJ	sp|P0AAS3.2|	P0AAS3	RecName: Full=Inner membrane protein YbbJ [Escherichia coli K-12]	44.961	129	1.62e-26	100	NA	NA	NA
ybcO	sp|P68661.1|	P68661	RecName: Full=Putative nuclease YbcO [Escherichia coli K-12]	45.918	98	1.43e-18	76.6	NA	NA	NA
ybdG	sp|P0AAT4.1|	P0AAT4	RecName: Full=Mechanosensing system component YbdG; AltName: Full=Mechanosensitive channel homolog YbdG [Escherichia coli K-12]	47.025	353	3.889999999999999e-107	325	NA	NA	NA
ybdL	sp|P77806.1|	P77806	RecName: Full=Methionine aminotransferase; AltName: Full=Methionine-oxo-acid transaminase [Escherichia coli K-12]	53.457	376	5.44e-140	406	NA	NA	NA
ybeY	sp|C3K2K8.1|	C3K2K8	RecName: Full=Endoribonuclease YbeY [Pseudomonas [fluorescens] SBW25]	97.351	151	5.95e-103	294	NA	NA	NA
ybeZ	sp|P0A9K3.2|	P0A9K3	RecName: Full=PhoH-like protein [Escherichia coli K-12]	61.231	325	1.1099999999999998e-130	382	NA	NA	NA
ybgC	sp|P0A8Z3.1|	P0A8Z3	RecName: Full=Acyl-CoA thioester hydrolase YbgC; Short=Acyl-CoA thioesterase [Escherichia coli K-12]	47.581	124	2.83e-33	117	NA	NA	NA
ybhN	sp|P75770.1|	P75770	RecName: Full=Inner membrane protein YbhN [Escherichia coli K-12]	48.421	285	1.5799999999999998e-82	255	NA	NA	NA
ybiT	sp|P0A9U3.1|	P0A9U3	RecName: Full=Probable ATP-binding protein YbiT [Escherichia coli K-12]	73.512	521	0	814	NA	NA	NA
ybjJ	sp|Q7CH99.1|	Q7CH99	RecName: Full=Uncharacterized MFS-type transporter YPO1221/y2967/YP_0917 [Yersinia pestis]	54.447	371	1.01e-72	234	NA	NA	NA
ybjJ_3	sp|Q7CH99.1|	Q7CH99	RecName: Full=Uncharacterized MFS-type transporter YPO1221/y2967/YP_0917 [Yersinia pestis]	46.575	365	1.4999999999999998e-72	234	NA	NA	NA
ycaC	sp|P21367.1|	P21367	RecName: Full=Probable hydrolase YcaC [Escherichia coli K-12]	72.249	209	1.61e-113	325	NA	NA	NA
ycaC_1	sp|P21367.1|	P21367	RecName: Full=Probable hydrolase YcaC [Escherichia coli K-12]	72.906	203	2.4599999999999997e-110	317	NA	NA	NA
ycbB	sp|P22525.2|	P22525	RecName: Full=Probable L,D-transpeptidase YcbB [Escherichia coli K-12]	30.92	511	5.36e-53	192	NA	NA	NA
ycbX	sp|P75863.1|	P75863	RecName: Full=6-hydroxylaminopurine reductase YcbX; AltName: Full=Hydroxylaminopurine resistance molybdoenzyme YcbX [Escherichia coli K-12]	37.546	269	6.55e-44	155	NA	NA	NA
yccA	sp|Q03268.1|	Q03268	RecName: Full=Uncharacterized protein PA2604 [Pseudomonas aeruginosa PAO1]	80.269	223	5.73e-110	317	NA	NA	NA
yccS	sp|P75870.2|	P75870	RecName: Full=Inner membrane protein YccS [Escherichia coli K-12]	44.076	633	1.6099999999999998e-153	466	NA	NA	NA
yceD	sp|P43790.1|	P43790	RecName: Full=Large ribosomal RNA subunit accumulation protein YceD; AltName: Full=23S rRNA accumulation protein YceD [Haemophilus influenzae Rd KW20]	32.738	168	5.61e-11	61.2	NA	NA	NA
yceF	sp|Q3K8K5.1|	Q3K8K5	RecName: Full=7-methyl-GTP pyrophosphatase; Short=m(7)GTP pyrophosphatase [Pseudomonas fluorescens Pf0-1]	87.5	192	3.1299999999999998e-114	325	NA	NA	NA
yceI_1	sp|Q4K4H3.1|	Q4K4H3	RecName: Full=UPF0312 protein PFL_5802; Flags: Precursor [Pseudomonas protegens Pf-5]	88.384	198	3.05e-128	362	NA	NA	NA
yceI_2	sp|C1DI88.1|	C1DI88	RecName: Full=UPF0312 protein Avin_03250; Flags: Precursor [Azotobacter vinelandii DJ]	34.314	102	1.16e-18	82.4	NA	NA	NA
yceJ_1	sp|P75925.1|	P75925	RecName: Full=Cytochrome b561 homolog 2 [Escherichia coli K-12]	55.738	183	1.1799999999999998e-67	207	NA	NA	NA
ycfH	sp|P0AFQ7.1|	P0AFQ7	RecName: Full=Uncharacterized metal-dependent hydrolase YcfH [Escherichia coli K-12]	53.125	256	2.4300000000000002e-80	245	NA	NA	NA
ycgJ	sp|P30866.1|	P30866	RecName: Full=Uncharacterized protein YafE [Escherichia coli K-12]	56.122	196	6.93e-71	219	NA	NA	NA
ycgL	sp|C3K5F2.1|	C3K5F2	RecName: Full=YcgL domain-containing protein PFLU_1517 [Pseudomonas [fluorescens] SBW25]	94.845	97	6.44e-63	188	NA	NA	NA
ycgM_1	sp|P76004.1|	P76004	RecName: Full=Oxaloacetate tautomerase YcgM [Escherichia coli K-12]	47.418	213	1.36e-65	204	NA	NA	NA
ycgM_2	sp|Q8R0F8.3|	Q8R0F8	RecName: Full=Oxaloacetate tautomerase FAHD1, mitochondrial; AltName: Full=Acylpyruvase FAHD1; AltName: Full=Acylpyruvate hydrolase; Short=ApH; AltName: Full=Fumarylacetoacetate hydrolase domain-containing protein 1; AltName: Full=Oxaloacetate decarboxylase; Short=OAA decarboxylase; Short=ODx; Flags: Precursor [Mus musculus]	40.976	205	2.0599999999999997e-52	171	NA	NA	NA
ycgR	sp|Q88EQ6.1|	Q88EQ6	RecName: Full=Flagellar brake protein YcgR; AltName: Full=Cyclic di-GMP binding protein YcgR [Pseudomonas putida KT2440]	73.061	245	3.609999999999999e-133	378	NA	NA	NA
ychF	sp|Q9CP90.3|	Q9CP90	RecName: Full=Ribosome-binding ATPase YchF [Pasteurella multocida subsp. multocida str. Pm70]	71.038	366	0	545	NA	NA	NA
yciB	sp|C3JYP5.1|	C3JYP5	RecName: Full=Inner membrane-spanning protein YciB [Pseudomonas [fluorescens] SBW25]	98.837	172	9.179999999999998e-121	343	NA	NA	NA
yciC	sp|P31521.1|	P31521	RecName: Full=Zinc chaperone P47K; AltName: Full=47 kDa protein; Short=P47K [Pseudomonas chlororaphis subsp. chlororaphis]	54.639	388	2.9299999999999993e-152	439	NA	NA	NA
yciE	sp|P21363.1|	P21363	RecName: Full=Protein YciE [Escherichia coli K-12]	50	152	2.1299999999999998e-48	156	NA	NA	NA
yciF	sp|P21362.1|	P21362	RecName: Full=Protein YciF [Escherichia coli K-12]	61.111	162	2.4999999999999998e-54	172	NA	NA	NA
yciH	sp|P45116.1|	P45116	RecName: Full=Uncharacterized protein HI_1225 [Haemophilus influenzae Rd KW20]	46.364	110	1.8999999999999998e-23	90.1	NA	NA	NA
yciI_1	sp|P0AB55.1|	P0AB55	RecName: Full=Protein YciI [Escherichia coli K-12]	70.408	98	3.4e-44	141	NA	NA	NA
yciK	sp|P31808.3|	P31808	RecName: Full=Uncharacterized oxidoreductase YciK [Escherichia coli K-12]	51.852	243	3.2899999999999996e-60	193	NA	NA	NA
yciO	sp|P0AFR4.1|	P0AFR4	RecName: Full=Threonylcarbamoyl-AMP synthase YciO; AltName: Full=L-threonylcarbamoyladenylate synthase [Escherichia coli K-12]	59.709	206	1.38e-82	247	NA	NA	NA
yciV	sp|P44176.1|	P44176	RecName: Full=5'-3' exoribonuclease; AltName: Full=3',5'-nucleotide bisphosphate phosphatase; AltName: Full=RNase AM [Haemophilus influenzae Rd KW20]	41.455	275	5.5599999999999996e-67	213	NA	NA	NA
ydbD	sp|Q97FE0.1|	Q97FE0	RecName: Full=Probable manganese catalase [Clostridium acetobutylicum ATCC 824]	41.818	220	2.29e-41	145	NA	NA	NA
ydbM	sp|P96608.1|	P96608	RecName: Full=Putative acyl-CoA dehydrogenase YdbM [Bacillus subtilis subsp. subtilis str. 168]	32.213	357	1.0700000000000001e-49	174	NA	NA	NA
ydcO	sp|P76103.2|	P76103	RecName: Full=Inner membrane protein YdcO [Escherichia coli K-12]	46.113	373	1.0700000000000001e-86	271	NA	NA	NA
ydcV_1	sp|P0AFL1.1|	P0AFL1	RecName: Full=Putrescine transport system permease protein PotI [Escherichia coli K-12]	64.202	257	6.2699999999999995e-89	269	NA	NA	NA
ydcV_2	sp|P0AFK6.1|	P0AFK6	RecName: Full=Spermidine/putrescine transport system permease protein PotC [Escherichia coli K-12]	33.831	201	2.3300000000000002e-29	115	NA	NA	NA
ydcV_3	sp|P0AFK6.1|	P0AFK6	RecName: Full=Spermidine/putrescine transport system permease protein PotC [Escherichia coli K-12]	35.211	213	1.52e-29	115	NA	NA	NA
yddE	sp|Q9I073.1|	Q9I073	RecName: Full=Uncharacterized isomerase PA2770 [Pseudomonas aeruginosa PAO1]	70.656	259	2.4899999999999998e-136	387	NA	NA	NA
yddM	sp|P37371.2|	P37371	RecName: Full=Uncharacterized HTH-type transcriptional regulator Synpcc7942_2319; AltName: Full=ORF 1 [Synechococcus elongatus PCC 7942 = FACHB-805]	57.143	56	4.64e-15	67	NA	NA	NA
ydeP	sp|Q8XAX1.3|	Q8XAX1	RecName: Full=Protein YdeP [Escherichia coli O157:H7]	47.9	762	0	734	NA	NA	NA
ydeP_1	sp|Q8XAX1.3|	Q8XAX1	RecName: Full=Protein YdeP [Escherichia coli O157:H7]	45.478	763	0	676	NA	NA	NA
ydgC	sp|P52112.1|	P52112	RecName: Full=Membrane protein GlpM [Pseudomonas aeruginosa PAO1]	82.418	91	1.68e-36	122	NA	NA	NA
ydhC_1	sp|P37597.3|	P37597	RecName: Full=Purine nucleoside transporter; AltName: Full=Adenosine efflux transporter [Escherichia coli K-12]	31.818	264	1.6099999999999998e-24	107	NA	NA	NA
ydhC_2	sp|P37597.3|	P37597	RecName: Full=Purine nucleoside transporter; AltName: Full=Adenosine efflux transporter [Escherichia coli K-12]	57.96	402	2.12e-120	357	NA	NA	NA
ydhF	sp|P76187.2|	P76187	RecName: Full=Oxidoreductase YdhF [Escherichia coli K-12]	52.649	302	2.22e-102	304	NA	NA	NA
ydhP_1	sp|P77389.1|	P77389	RecName: Full=Inner membrane transport protein YdhP [Escherichia coli K-12]	47.076	342	1.04e-75	243	NA	NA	NA
ydhP_2	sp|Q8X625.1|	Q8X625	RecName: Full=Inner membrane transport protein YdhP [Escherichia coli O157:H7]	39.344	305	2.9899999999999994e-42	155	NA	NA	NA
ydhP_3	sp|O34367.1|	O34367	RecName: Full=Uncharacterized MFS-type transporter YtbD [Bacillus subtilis subsp. subtilis str. 168]	56.021	382	9.93e-116	345	NA	NA	NA
ydiK_1	sp|P9WFM2.1|	P9WFM2	RecName: Full=Putative transport protein MT1133 [Mycobacterium tuberculosis CDC1551]	30.46	174	1.08e-11	68.9	NA	NA	NA
ydiK_2	sp|P0AFS7.1|	P0AFS7	RecName: Full=Putative transport protein YdiK [Escherichia coli K-12]	37.037	324	5.41e-33	129	NA	NA	NA
ydiO	sp|P50192.1|	P50192	RecName: Full=Type II methyltransferase M1.HphI; Short=M1.HphI; AltName: Full=Cytosine-specific methyltransferase HphIA; AltName: Full=M.Hphi(C); AltName: Full=Modification methylase HphIA; Short=M.HphIA [Haemophilus parahaemolyticus]	35.328	351	6.949999999999999e-43	155	NA	NA	NA
ydjA	sp|P0ACY1.1|	P0ACY1	RecName: Full=Putative NAD(P)H nitroreductase YdjA [Escherichia coli K-12]	45.604	182	9.2e-45	149	NA	NA	NA
yeaD_1	sp|Q40784.1|	Q40784	RecName: Full=Putative glucose-6-phosphate 1-epimerase; AltName: Full=Putative D-hexose-6-phosphate mutarotase; AltName: Full=Putative apospory-associated protein C [Cenchrus ciliaris]	30.492	305	1.16e-36	136	NA	NA	NA
yeaD_2	sp|P39173.2|	P39173	RecName: Full=Putative glucose-6-phosphate 1-epimerase; AltName: Full=Putative D-hexose-6-phosphate mutarotase; AltName: Full=Unknown protein from 2D-page spots T26/PR37 [Escherichia coli K-12]	31.579	285	7.41e-34	127	NA	NA	NA
yebT	sp|P43671.2|	P43671	RecName: Full=Intermembrane transport protein PqiB; AltName: Full=Paraquat-inducible protein B [Escherichia coli K-12]	32.484	314	3.05e-45	174	NA	NA	NA
yebZ	sp|P76278.1|	P76278	RecName: Full=Copper transporter YebZ [Escherichia coli K-12]	30.918	207	6.86e-7	53.1	NA	NA	NA
yecS_1	sp|P0AFT2.1|	P0AFT2	RecName: Full=L-cystine transport system permease protein TcyL [Escherichia coli K-12]	35.922	206	4.46e-36	129	NA	NA	NA
yecS_2	sp|O34671.1|	O34671	RecName: Full=Probable glutamine ABC transporter permease protein GlnM [Bacillus subtilis subsp. subtilis str. 168]	33.333	165	2.66e-28	109	NA	NA	NA
yecS_3	sp|P0AFT2.1|	P0AFT2	RecName: Full=L-cystine transport system permease protein TcyL [Escherichia coli K-12]	72.273	220	5.2899999999999995e-95	279	NA	NA	NA
yecS_4	sp|P42399.1|	P42399	RecName: Full=Probable amino-acid ABC transporter permease protein YckA [Bacillus subtilis subsp. subtilis str. 168]	31.977	172	4.48e-18	82.8	NA	NA	NA
yedA_1	sp|O30646.1|	O30646	RecName: Full=Protein PagO [Salmonella enterica subsp. enterica serovar Typhimurium str. LT2]	38.362	232	7.05e-52	176	NA	NA	NA
yedA_2	sp|P0AA70.1|	P0AA70	RecName: Full=Uncharacterized inner membrane transporter YedA [Escherichia coli K-12]	56.391	266	6.21e-76	237	NA	NA	NA
yedK_1	sp|P76318.2|	P76318	RecName: Full=Abasic site processing protein YedK; AltName: Full=Peptidase YedK [Escherichia coli K-12]	46.46	226	1.6699999999999998e-55	179	NA	NA	NA
yedK_2	sp|O31916.1|	O31916	RecName: Full=Abasic site processing protein YoqW; AltName: Full=Peptidase YoqW [Bacillus subtilis subsp. subtilis str. 168]	30.045	223	1.65e-25	101	NA	NA	NA
yedY1	sp|G8QM63.1|	G8QM63	RecName: Full=Putative protein-methionine-sulfoxide reductase subunit YedZ1 [Azospira oryzae PS]	67.939	262	4.579999999999999e-119	343	NA	NA	NA
yedZ1	sp|G8QM62.1|	G8QM62	RecName: Full=Putative protein-methionine-sulfoxide reductase subunit YedZ1 [Azospira oryzae PS]	65.789	190	1.8299999999999997e-87	259	NA	NA	NA
yegS	sp|Q3K959.2|	Q3K959	RecName: Full=Probable lipid kinase YegS-like [Pseudomonas fluorescens Pf0-1]	78.644	295	2.9199999999999995e-157	444	NA	NA	NA
yeiG	sp|Q8X635.1|	Q8X635	RecName: Full=S-formylglutathione hydrolase YeiG; Short=FGH [Escherichia coli O157:H7]	59.643	280	2.939999999999999e-119	345	NA	NA	NA
yeiR	sp|P33030.2|	P33030	RecName: Full=Zinc chaperone YeiR [Escherichia coli K-12]	37.082	329	6.5899999999999994e-46	161	NA	NA	NA
yejB_1	sp|A9CKL3.1|	A9CKL3	RecName: Full=Peptidoglycan transport system permease protein YejB [Agrobacterium fabrum str. C58]	61.31	336	2.67e-141	407	NA	NA	NA
yejB_2	sp|A9CKL3.1|	A9CKL3	RecName: Full=Peptidoglycan transport system permease protein YejB [Agrobacterium fabrum str. C58]	64.187	363	1.8799999999999999e-143	413	NA	NA	NA
yejE_1	sp|P33915.1|	P33915	RecName: Full=Oligopeptide transport system permease protein YejE [Escherichia coli K-12]	59.118	340	5.6000000000000004e-117	344	NA	NA	NA
yejE_2	sp|P33915.1|	P33915	RecName: Full=Oligopeptide transport system permease protein YejE [Escherichia coli K-12]	64.095	337	4.89e-147	421	NA	NA	NA
yejF_1	sp|A9CKL2.1|	A9CKL2	RecName: Full=Peptidoglycan transport ATP-binding protein YejF [Agrobacterium fabrum str. C58]	58.286	525	0	566	NA	NA	NA
yejF_2	sp|A9CKL2.1|	A9CKL2	RecName: Full=Peptidoglycan transport ATP-binding protein YejF [Agrobacterium fabrum str. C58]	63.585	530	0	664	NA	NA	NA
yejK	sp|Q4KHU2.1|	Q4KHU2	RecName: Full=Nucleoid-associated protein PFL_1060 [Pseudomonas protegens Pf-5]	95.21	334	0	665	NA	NA	NA
yejK_2	sp|Q4ZXI3.1|	Q4ZXI3	RecName: Full=Nucleoid-associated protein Psyr_1083 [Pseudomonas syringae pv. syringae B728a]	68.675	332	3.6599999999999995e-177	496	NA	NA	NA
yfcA	sp|P46490.2|	P46490	RecName: Full=Probable membrane transporter protein HI_0198 [Haemophilus influenzae Rd KW20]	33.79	219	8.540000000000001e-27	107	NA	NA	NA
yfcD	sp|Q9HUW9.2|	Q9HUW9	RecName: Full=Uncharacterized Nudix hydrolase PA4841 [Pseudomonas aeruginosa PAO1]	69.277	166	5.4300000000000006e-70	212	NA	NA	NA
yfcF	sp|P77544.1|	P77544	RecName: Full=Glutathione S-transferase YfcF [Escherichia coli K-12]	50.481	208	1.86e-54	176	NA	NA	NA
yfcG_1	sp|Q52828.1|	Q52828	RecName: Full=Protein GstA [Rhizobium leguminosarum]	32.663	199	6.95e-26	102	NA	NA	NA
yfcG_2	sp|P77526.1|	P77526	RecName: Full=Disulfide-bond oxidoreductase YfcG; AltName: Full=GSH-dependent disulfide-bond oxidoreductase YfcG; AltName: Full=GST N1-1; AltName: Full=GST-like protein YfcG; AltName: Full=Organic hydroperoxidase [Escherichia coli K-12]	40.67	209	2.07e-44	150	NA	NA	NA
yfcG_3	sp|P77526.1|	P77526	RecName: Full=Disulfide-bond oxidoreductase YfcG; AltName: Full=GSH-dependent disulfide-bond oxidoreductase YfcG; AltName: Full=GST N1-1; AltName: Full=GST-like protein YfcG; AltName: Full=Organic hydroperoxidase [Escherichia coli K-12]	43.541	209	2.0199999999999999e-47	159	NA	NA	NA
yfcG_4	sp|P77526.1|	P77526	RecName: Full=Disulfide-bond oxidoreductase YfcG; AltName: Full=GSH-dependent disulfide-bond oxidoreductase YfcG; AltName: Full=GST N1-1; AltName: Full=GST-like protein YfcG; AltName: Full=Organic hydroperoxidase [Escherichia coli K-12]	60.294	204	2.12e-86	257	NA	NA	NA
yfcG_5	sp|P77526.1|	P77526	RecName: Full=Disulfide-bond oxidoreductase YfcG; AltName: Full=GSH-dependent disulfide-bond oxidoreductase YfcG; AltName: Full=GST N1-1; AltName: Full=GST-like protein YfcG; AltName: Full=Organic hydroperoxidase [Escherichia coli K-12]	47.573	206	3.36e-44	150	NA	NA	NA
yfcQ	sp|P76500.1|	P76500	RecName: Full=Uncharacterized fimbrial-like protein YfcQ; Flags: Precursor [Escherichia coli K-12]	41.401	157	3.7599999999999996e-32	115	NA	NA	NA
yfcR	sp|P76501.1|	P76501	RecName: Full=Uncharacterized fimbrial-like protein YfcR; Flags: Precursor [Escherichia coli K-12]	39.716	141	3.89e-24	95.5	NA	NA	NA
yfcS	sp|P77599.1|	P77599	RecName: Full=Probable fimbrial chaperone YfcS; Flags: Precursor [Escherichia coli K-12]	51.818	220	2.6800000000000003e-79	242	NA	NA	NA
yfdC	sp|P37327.1|	P37327	RecName: Full=Inner membrane protein YfdC [Escherichia coli K-12]	54.779	272	1.18e-83	256	NA	NA	NA
yfdG	sp|Q9T1D7.1|	Q9T1D7	RecName: Full=Bactoprenol-linked glucose translocase [Shigella phage SfX]	51.695	118	9.629999999999999e-32	111	NA	NA	NA
yfdH	sp|P77293.1|	P77293	RecName: Full=Prophage bactoprenol glucosyl transferase homolog; AltName: Full=Bactoprenol glucosyl transferase homolog from prophage CPS-53 [Escherichia coli K-12]	58.824	306	2.6099999999999998e-126	366	NA	NA	NA
yfeW	sp|Q09621.1|	Q09621	RecName: Full=Beta-lactamase domain-containing protein 2 [Caenorhabditis elegans]	32.888	374	1.47e-53	187	NA	NA	NA
yfeX	sp|Q8XBI9.2|	Q8XBI9	RecName: Full=Dye-decolorizing peroxidase YfeX [Escherichia coli O157:H7]	30.405	296	9.91e-28	112	NA	NA	NA
yffB	sp|P24178.1|	P24178	RecName: Full=Protein YffB [Escherichia coli K-12]	48.148	108	2.07e-28	103	NA	NA	NA
yfgD	sp|P76569.1|	P76569	RecName: Full=Uncharacterized protein YfgD [Escherichia coli K-12]	59.649	114	7.35e-33	114	NA	NA	NA
yfhA	sp|O34451.1|	O34451	RecName: Full=Uncharacterized ABC transporter permease protein YvrB [Bacillus subtilis subsp. subtilis str. 168]	40.702	285	2.96e-36	137	NA	NA	NA
yfiH	sp|P33663.2|	P33663	RecName: Full=Purine nucleoside phosphorylase PA4543; AltName: Full=Adenosine deaminase PA4543; AltName: Full=S-methyl-5'-thioadenosine phosphorylase PA4543 [Pseudomonas aeruginosa PAO1]	70.124	241	4.3099999999999994e-110	319	NA	NA	NA
yfkM	sp|P80876.3|	P80876	RecName: Full=General stress protein 18; Short=GSP18 [Bacillus subtilis subsp. subtilis str. 168]	40.936	171	9.76e-31	113	NA	NA	NA
yfmJ	sp|P76113.3|	P76113	RecName: Full=NADPH-dependent curcumin reductase; AltName: Full=NADPH-dependent curcumin/dihydrocurcumin reductase [Escherichia coli K-12]	44.214	337	3.62e-90	276	NA	NA	NA
ygeA	sp|A0A0H3JGH6.1|	A0A0H3JGH6	RecName: Full=L-aspartate/glutamate-specific racemase; Short=L-Asp/Glu-specific racemase; AltName: Full=EcL-DER [Escherichia coli O157:H7]	55.022	229	8.6e-81	244	NA	NA	NA
ygfF	sp|P52037.2|	P52037	RecName: Full=Glucose 1-dehydrogenase YgfF [Escherichia coli K-12]	55.102	245	1.0299999999999998e-96	286	NA	NA	NA
ygfZ	sp|A7FF28.1|	A7FF28	RecName: Full=tRNA-modifying protein YgfZ [Yersinia pseudotuberculosis IP 31758]	39.024	246	1.3599999999999999e-37	139	NA	NA	NA
yggS	sp|P24562.1|	P24562	RecName: Full=Pyridoxal phosphate homeostasis protein; Short=PLP homeostasis protein [Pseudomonas aeruginosa PAO1]	78.261	230	4.7600000000000004e-105	305	NA	NA	NA
yghU	sp|Q46845.2|	Q46845	RecName: Full=Disulfide-bond oxidoreductase YghU; AltName: Full=GSH-dependent disulfide-bond oxidoreductase YghU; AltName: Full=GST N2-2; AltName: Full=Organic hydroperoxidase [Escherichia coli K-12]	69.892	279	2.8799999999999995e-144	409	NA	NA	NA
ygiD	sp|Q949R4.1|	Q949R4	RecName: Full=Extradiol ring-cleavage dioxygenase; Short=AtLigB [Arabidopsis thaliana]	39.2	250	3.03e-54	179	NA	NA	NA
ygjP	sp|P42597.2|	P42597	RecName: Full=UTP pyrophosphatase [Escherichia coli K-12]	57.595	158	2.2399999999999998e-62	192	NA	NA	NA
yhaZ	sp|O07541.1|	O07541	RecName: Full=Uncharacterized protein YhaZ [Bacillus subtilis subsp. subtilis str. 168]	40.73	356	1.1099999999999999e-88	274	NA	NA	NA
yhbE	sp|P0AA73.1|	P0AA73	RecName: Full=Uncharacterized inner membrane transporter YhbE [Escherichia coli K-12]	43.345	293	1.1399999999999999e-54	184	NA	NA	NA
yhbY	sp|P95453.1|	P95453	RecName: Full=Probable RNA-binding protein PA4753 [Pseudomonas aeruginosa PAO1]	71.287	101	1.91e-46	147	NA	NA	NA
yhcR	sp|P29769.1|	P29769	RecName: Full=Micrococcal nuclease; Flags: Precursor [Shigella flexneri]	48.299	147	7.529999999999998e-37	127	NA	NA	NA
yhdE	sp|Q3KI22.1|	Q3KI22	RecName: Full=dTTP/UTP pyrophosphatase; Short=dTTPase/UTPase; AltName: Full=Nucleoside triphosphate pyrophosphatase; AltName: Full=Nucleotide pyrophosphatase; Short=Nucleotide PPase [Pseudomonas fluorescens Pf0-1]	74.747	198	2.33e-100	291	NA	NA	NA
yhdN	sp|P80874.2|	P80874	RecName: Full=Aldo-keto reductase YhdN; AltName: Full=AKR11B; AltName: Full=General stress protein 69; Short=GSP69 [Bacillus subtilis subsp. subtilis str. 168]	51.22	328	1.3899999999999998e-116	342	NA	NA	NA
yhdW_1~~~yhdW_2	sp|P58068.1|	P58068	RecName: Full=Putative amino-acid ABC transporter-binding protein YhdW; Flags: Precursor [Escherichia coli O157:H7]	74.603	315	1.05e-172	486	NA	NA	NA
yhdW_2	sp|P58068.1|	P58068	RecName: Full=Putative amino-acid ABC transporter-binding protein YhdW; Flags: Precursor [Escherichia coli O157:H7]	72.586	321	1.1199999999999999e-167	473	NA	NA	NA
yhdY	sp|P45768.2|	P45768	RecName: Full=Inner membrane amino-acid ABC transporter permease protein YhdY [Escherichia coli K-12]	66.387	357	9.749999999999999e-164	465	NA	NA	NA
yheS	sp|P63389.1|	P63389	RecName: Full=Probable ATP-binding protein YheS [Escherichia coli K-12]	55.072	621	0	640	NA	NA	NA
yheS_1	sp|P63389.1|	P63389	RecName: Full=Probable ATP-binding protein YheS [Escherichia coli K-12]	48.148	540	1.15e-171	503	NA	NA	NA
yhfA	sp|P0ADX1.1|	P0ADX1	RecName: Full=Protein YhfA [Escherichia coli K-12]	53.285	137	1.04e-44	145	NA	NA	NA
yhgF	sp|P46837.3|	P46837	RecName: Full=Protein YhgF [Escherichia coli K-12]	64.01	778	0	901	NA	NA	NA
yhhJ	sp|P0AGH1.3|	P0AGH1	RecName: Full=Inner membrane transport permease YhhJ [Escherichia coli K-12]	52.151	372	1.12e-124	367	NA	NA	NA
yhhS_1	sp|A6V6H6.1|	A6V6H6	RecName: Full=Uncharacterized MFS-type transporter PSPA7_3302 [Pseudomonas paraeruginosa PA7]	73.58	352	1.43e-135	396	NA	NA	NA
yhhS_2	sp|Q02LE0.1|	Q02LE0	RecName: Full=Uncharacterized MFS-type transporter PA14_38730 [Pseudomonas aeruginosa UCBPP-PA14]	52.956	389	7.1299999999999995e-118	351	NA	NA	NA
yhhW_1	sp|Q9I4C8.1|	Q9I4C8	RecName: Full=Putative quercetin 2,3-dioxygenase PA1210; Short=Putative quercetinase; AltName: Full=Pirin-like protein PA1210 [Pseudomonas aeruginosa PAO1]	72.845	232	1.59e-122	350	NA	NA	NA
yhhW_2	sp|P73623.1|	P73623	RecName: Full=Putative quercetin 2,3-dioxygenase sll1773; Short=Putative quercetinase; AltName: Full=Pirin-like protein sll1773 [Synechocystis sp. PCC 6803 substr. Kazusa]	50	232	1.2600000000000001e-79	241	NA	NA	NA
yhjE	sp|P37643.1|	P37643	RecName: Full=Inner membrane metabolite transport protein YhjE [Escherichia coli K-12]	54.587	436	3.39e-124	370	NA	NA	NA
yiaD	sp|P37665.2|	P37665	RecName: Full=Probable lipoprotein YiaD; Flags: Precursor [Escherichia coli K-12]	49.63	135	3.7e-36	130	NA	NA	NA
yibF_1	sp|P0ACA1.1|	P0ACA1	RecName: Full=Uncharacterized GST-like protein YibF [Escherichia coli K-12]	34.146	205	2.23e-28	108	NA	NA	NA
yibN	sp|P0AG27.1|	P0AG27	RecName: Full=Uncharacterized protein YibN [Escherichia coli K-12]	34.752	141	8.650000000000001e-21	85.1	NA	NA	NA
yidC	sp|C3K1G2.1|	C3K1G2	RecName: Full=Membrane protein insertase YidC; AltName: Full=Foldase YidC; AltName: Full=Membrane integrase YidC; AltName: Full=Membrane protein YidC [Pseudomonas [fluorescens] SBW25]	97.645	552	0	1059	NA	NA	NA
yigB	sp|P0ADP0.1|	P0ADP0	RecName: Full=5-amino-6-(5-phospho-D-ribitylamino)uracil phosphatase YigB [Escherichia coli K-12]	32.314	229	9.51e-31	116	NA	NA	NA
yigL	sp|A6T5I9.1|	A6T5I9	RecName: Full=HMP-PP phosphatase [Klebsiella pneumoniae subsp. pneumoniae MGH 78578]	30.043	233	1.51e-19	89	NA	NA	NA
yigZ	sp|P44842.1|	P44842	RecName: Full=IMPACT family member HI_0722 [Haemophilus influenzae Rd KW20]	36.508	189	9.73e-21	88.6	NA	NA	NA
yihG_1	sp|P32129.1|	P32129	RecName: Full=1-acylglycerol-3-phosphate O-acyltransferase YihG; AltName: Full=Lysophosphatidic acid acyltransferase; Short=LPAAT [Escherichia coli K-12]	40.891	247	1.34e-63	206	NA	NA	NA
yihG_2	sp|P32129.1|	P32129	RecName: Full=1-acylglycerol-3-phosphate O-acyltransferase YihG; AltName: Full=Lysophosphatidic acid acyltransferase; Short=LPAAT [Escherichia coli K-12]	42.751	269	2.18e-70	223	NA	NA	NA
yihN	sp|P75366.1|	P75366	RecName: Full=Uncharacterized protein MG294 homolog [Mycoplasmoides pneumoniae M129]	30.137	146	8.49e-8	57.8	NA	NA	NA
yihS	sp|A0A0P9JFY5.1|	A0A0P9JFY5	RecName: Full=D-mannose isomerase; Short=PsMIaseA [Pseudomonas cannabina pv. alisalensis]	69.767	387	6.649999999999999e-174	495	NA	NA	NA
yjaB_1	sp|P40677.2|	P40677	RecName: Full=Peptidyl-lysine N-acetyltransferase YjaB; AltName: Full=KAT [Salmonella enterica subsp. enterica serovar Typhimurium str. LT2]	44.186	129	1.9599999999999997e-30	110	NA	NA	NA
yjaB_2	sp|P09163.1|	P09163	RecName: Full=Peptidyl-lysine N-acetyltransferase YjaB; AltName: Full=KAT [Escherichia coli K-12]	46.923	130	1.44e-28	105	NA	NA	NA
yjcH	sp|P0AF54.1|	P0AF54	RecName: Full=Inner membrane protein YjcH [Escherichia coli K-12]	60	100	2.62e-36	122	NA	NA	NA
yjfC	sp|P33222.2|	P33222	RecName: Full=Putative acid--amine ligase YjfC [Escherichia coli K-12]	50.928	377	1.2099999999999998e-132	388	NA	NA	NA
yjgH	sp|P39332.1|	P39332	RecName: Full=RutC family protein YjgH [Escherichia coli K-12]	31.25	128	1.71e-16	73.6	NA	NA	NA
yjhB	sp|O51798.1|	O51798	RecName: Full=Probable 4-methylmuconolactone transporter [Cupriavidus pinatubonensis JMP134]	40.185	433	2.4999999999999998e-87	275	NA	NA	NA
yjiA_1	sp|P24203.3|	P24203	RecName: Full=Zinc chaperone YjiA; AltName: Full=GTP-binding protein YjiA [Escherichia coli K-12]	51.562	320	4.26e-102	305	NA	NA	NA
yjiA_2	sp|P24203.3|	P24203	RecName: Full=Zinc chaperone YjiA; AltName: Full=GTP-binding protein YjiA [Escherichia coli K-12]	34.062	320	1.9000000000000002e-36	136	NA	NA	NA
yjiE	sp|P39376.1|	P39376	RecName: Full=HTH-type transcriptional regulator YjiE; AltName: Full=Hypochlorite-response regulator protein YjiE; AltName: Full=Quorum-sensing regulator protein D [Escherichia coli K-12]	37.755	294	1.08e-59	195	NA	NA	NA
yjiK_1	sp|Q9I6G4.1|	Q9I6G4	RecName: Full=Calcium-regulated beta-propeller protein CarP; AltName: Full=Calcium-regulated protein CarP; AltName: Full=Protein CarP; Flags: Precursor [Pseudomonas aeruginosa PAO1]	38.545	275	8.35e-49	168	NA	NA	NA
yjiK_2	sp|Q9I6G4.1|	Q9I6G4	RecName: Full=Calcium-regulated beta-propeller protein CarP; AltName: Full=Calcium-regulated protein CarP; AltName: Full=Protein CarP; Flags: Precursor [Pseudomonas aeruginosa PAO1]	66.547	278	1.07e-133	385	NA	NA	NA
yjjV	sp|P39408.2|	P39408	RecName: Full=Uncharacterized metal-dependent hydrolase YjjV [Escherichia coli K-12]	39.608	255	2.1400000000000002e-49	166	NA	NA	NA
ykfA	sp|O34851.2|	O34851	RecName: Full=Probable murein peptide carboxypeptidase; AltName: Full=LD-carboxypeptidase [Bacillus subtilis subsp. subtilis str. 168]	40	305	6.8999999999999995e-68	217	NA	NA	NA
yknY	sp|O31711.1|	O31711	RecName: Full=Uncharacterized ABC transporter ATP-binding protein YknY [Bacillus subtilis subsp. subtilis str. 168]	51.613	217	5.94e-68	211	NA	NA	NA
ykuI	sp|O35014.1|	O35014	RecName: Full=Uncharacterized EAL-domain containing protein YkuI [Bacillus subtilis subsp. subtilis str. 168]	30.563	373	5.15e-43	157	NA	NA	NA
yliI	sp|P75804.1|	P75804	RecName: Full=Aldose sugar dehydrogenase YliI; Short=Asd; AltName: Full=Soluble aldose sugar dehydrogenase YliI; Flags: Precursor [Escherichia coli K-12]	59.331	359	6.91e-145	418	NA	NA	NA
ylxH	sp|G3XD64.1|	G3XD64	RecName: Full=Antiactivator FleN [Pseudomonas aeruginosa PAO1]	91.241	274	1.7899999999999998e-175	488	NA	NA	NA
ynbA	sp|P76090.2|	P76090	RecName: Full=Inner membrane protein YnbA [Escherichia coli K-12]	44.724	199	8.16e-40	137	NA	NA	NA
ynbC	sp|P76092.1|	P76092	RecName: Full=Uncharacterized protein YnbC [Escherichia coli K-12]	57.192	577	0	648	NA	NA	NA
ynbD	sp|P76093.1|	P76093	RecName: Full=Uncharacterized protein YnbD [Escherichia coli K-12]	41.546	414	5.61e-86	272	NA	NA	NA
ynfM_2	sp|P43531.2|	P43531	RecName: Full=Inner membrane transport protein YnfM [Escherichia coli K-12]	62.274	387	1.9399999999999998e-138	405	NA	NA	NA
yngG	sp|O34873.1|	O34873	RecName: Full=Hydroxymethylglutaryl-CoA lyase YngG; Short=HL; Short=HMG-CoA lyase; AltName: Full=3-hydroxy-3-methylglutarate-CoA lyase [Bacillus subtilis subsp. subtilis str. 168]	42.907	289	4.08e-83	256	NA	NA	NA
yodB_1	sp|P76345.2|	P76345	RecName: Full=Cytochrome b561 homolog 1 [Escherichia coli K-12]	41.379	174	4.13e-45	149	NA	NA	NA
yodB_2	sp|P76345.2|	P76345	RecName: Full=Cytochrome b561 homolog 1 [Escherichia coli K-12]	42.529	174	5.04e-44	147	NA	NA	NA
yofA_1	sp|P42722.1|	P42722	RecName: Full=HTH-type transcriptional regulator CfxR; AltName: Full=RuBisCO operon transcriptional regulator [Cupriavidus necator H16]	32.8	250	1.37e-22	98.6	NA	NA	NA
yofA_3	sp|P16931.3|	P16931	RecName: Full=HTH-type transcriptional regulator DgdR; AltName: Full=2,2-dialkylglycine decarboxylase repressor [Burkholderia cepacia]	34.646	254	2.54e-20	91.7	NA	NA	NA
yohC	sp|P0AD17.1|	P0AD17	RecName: Full=Inner membrane protein YohC [Escherichia coli K-12]	51.579	190	1.45e-44	149	NA	NA	NA
yohK_1	sp|Q4A012.1|	Q4A012	RecName: Full=Antiholin-like protein LrgB [Staphylococcus saprophyticus subsp. saprophyticus ATCC 15305 = NCTC 7292]	33.498	203	6.52e-32	119	NA	NA	NA
yohK_2	sp|P0AD19.1|	P0AD19	RecName: Full=Inner membrane protein YohK [Escherichia coli K-12]	38.537	205	8.540000000000001e-33	122	NA	NA	NA
yojI	sp|P33951.1|	P33951	RecName: Full=ATP-binding protein SyrD [Pseudomonas syringae pv. syringae]	34.973	549	3.76e-94	301	NA	NA	NA
ypeA_1	sp|A1JL38.1|	A1JL38	RecName: Full=Acetyltransferase YE1169 [Yersinia enterocolitica subsp. enterocolitica 8081]	38.583	127	6.56e-25	100	NA	NA	NA
ypeA_2~~~ypeA_1	sp|Q6D8U7.1|	Q6D8U7	RecName: Full=Acetyltransferase ECA0875 [Pectobacterium atrosepticum SCRI1043]	36.364	110	4.81e-15	70.5	NA	NA	NA
yphB	sp|P76584.1|	P76584	RecName: Full=Uncharacterized protein YphB [Escherichia coli K-12]	34	250	3.92e-35	131	NA	NA	NA
ypjD	sp|P64432.1|	P64432	RecName: Full=Inner membrane protein YpjD [Escherichia coli K-12]	31.687	243	2.79e-27	109	NA	NA	NA
yqaA	sp|P0ADR0.1|	P0ADR0	RecName: Full=Inner membrane protein YqaA [Escherichia coli K-12]	38.71	124	7.53e-16	72.4	NA	NA	NA
yqcC	sp|Q47417.1|	Q47417	RecName: Full=tRNA pseudouridine synthase C; AltName: Full=tRNA pseudouridine(65) synthase; AltName: Full=tRNA pseudouridylate synthase C; AltName: Full=tRNA-uridine isomerase C [Pectobacterium carotovorum subsp. carotovorum]	43.662	71	1.2e-11	62.8	NA	NA	NA
yqgF	sp|C3K3K0.1|	C3K3K0	RecName: Full=Putative pre-16S rRNA nuclease [Pseudomonas [fluorescens] SBW25]	97.931	145	1.2299999999999999e-104	297	NA	NA	NA
yqjC	sp|P42616.3|	P42616	RecName: Full=Protein YqjC; Flags: Precursor [Escherichia coli K-12]	40.945	127	1.89e-19	80.9	NA	NA	NA
yqjG	sp|P42620.1|	P42620	RecName: Full=Glutathionyl-hydroquinone reductase YqjG; Short=GS-HQR [Escherichia coli K-12]	61.61	323	3.49e-131	380	NA	NA	NA
yqjH	sp|Q46871.1|	Q46871	RecName: Full=NADPH-dependent ferric-chelate reductase; AltName: Full=Ferric siderophore reductase [Escherichia coli K-12]	33.865	251	1.1199999999999999e-38	138	NA	NA	NA
yqjI	sp|P64588.1|	P64588	RecName: Full=Transcriptional regulator YqjI [Escherichia coli K-12]	35.664	143	1.68e-19	84.7	NA	NA	NA
yqjZ	sp|P54563.1|	P54563	RecName: Full=Uncharacterized protein YqjZ [Bacillus subtilis subsp. subtilis str. 168]	57.547	106	3.52e-40	132	NA	NA	NA
yraJ_2	sp|P45420.1|	P45420	RecName: Full=Uncharacterized outer membrane usher protein YhcD; Flags: Precursor [Escherichia coli K-12]	34.347	789	2.32e-139	434	NA	NA	NA
yrbG	sp|Q0ZAI3.1|	Q0ZAI3	RecName: Full=Putative antiporter CaxA [Alkalimonas amylolytica]	38.819	237	1.56e-33	129	NA	NA	NA
yrdA_1	sp|P40882.2|	P40882	RecName: Full=Uncharacterized protein PA3753 [Pseudomonas aeruginosa PAO1]	82.558	172	7.139999999999999e-106	303	NA	NA	NA
yrdA_2	sp|P0A9W9.1|	P0A9W9	RecName: Full=Protein YrdA [Escherichia coli K-12]	61.714	175	5.32e-80	238	NA	NA	NA
yrfG	sp|P64636.1|	P64636	RecName: Full=GMP/IMP nucleotidase YrfG [Escherichia coli K-12]	39.45	218	5.07e-51	167	NA	NA	NA
yscN	sp|P40291.2|	P40291	RecName: Full=Type 3 secretion system ATPase; Short=T3SS ATPase; AltName: Full=Yop proteins secretion ATPase [Yersinia pseudotuberculosis IP 32953]	56.448	411	3.3299999999999996e-151	439	NA	NA	NA
yscN_2~~~yscN_1	sp|P40291.2|	P40291	RecName: Full=Type 3 secretion system ATPase; Short=T3SS ATPase; AltName: Full=Yop proteins secretion ATPase [Yersinia pseudotuberculosis IP 32953]	57.349	415	3.1399999999999994e-163	470	NA	NA	NA
yscU_1	sp|P55723.1|	P55723	RecName: Full=Probable translocation protein y4yO [Sinorhizobium fredii NGR234]	37.574	338	3.8499999999999996e-54	184	NA	NA	NA
yscU_2	sp|P69986.1|	P69986	RecName: Full=Yop proteins translocation protein U [Yersinia pestis]	31.686	344	2.57e-39	145	NA	NA	NA
yscU_3~~~yscU_1	sp|P96069.1|	P96069	RecName: Full=Secretion system apparatus protein SsaU [Salmonella enterica subsp. enterica serovar Typhimurium str. LT2]	43.22	354	3.34e-93	285	NA	NA	NA
ytrE	sp|O34979.2|	O34979	RecName: Full=Uncharacterized ABC transporter ATP-binding protein YvrO [Bacillus subtilis subsp. subtilis str. 168]	35.681	213	4.0000000000000003e-29	112	NA	NA	NA
yveA	sp|O07002.1|	O07002	RecName: Full=Aspartate-proton symporter; AltName: Full=L-aspartate transporter [Bacillus subtilis subsp. subtilis str. 168]	58.269	520	0	598	NA	NA	NA
ywiE	sp|B1JFN5.1|	B1JFN5	RecName: Full=Cardiolipin synthase A; Short=CL synthase [Pseudomonas putida W619]	33.898	354	2.3099999999999998e-39	149	NA	NA	NA
ywnA	sp|P71036.1|	P71036	RecName: Full=Putative HTH-type transcriptional regulator YwnA [Bacillus subtilis subsp. subtilis str. 168]	32.54	126	5.93e-12	62	NA	NA	NA
ywrD	sp|O05218.1|	O05218	RecName: Full=Glutathione hydrolase-like YwrD proenzyme; AltName: Full=Putative gamma-glutamyltransferase YwrD; Contains: RecName: Full=Glutathione hydrolase-like YwrD large chain; Contains: RecName: Full=Glutathione hydrolase-like YwrD small chain [Bacillus subtilis subsp. subtilis str. 168]	36.45	524	5.44e-87	281	NA	NA	NA
yyaP	sp|P45862.1|	P45862	RecName: Full=Uncharacterized protein YwjB [Bacillus subtilis subsp. subtilis str. 168]	35.714	168	4.9399999999999994e-23	93.2	NA	NA	NA
yycB_1	sp|P76242.1|	P76242	RecName: Full=2-nitroimidazole transporter [Escherichia coli K-12]	39.088	307	1.61e-31	127	NA	NA	NA
yycB_4	sp|P17583.2|	P17583	RecName: Full=Cyanate transport protein CynX [Escherichia coli K-12]	44.193	353	4.64e-59	199	NA	NA	NA
yycJ	sp|A0A4Y1WBN6.1|	A0A4Y1WBN6	RecName: Full=Exodeoxyribonuclease YycJ [Bacillus anthracis]	34.894	235	7.669999999999999e-45	154	NA	NA	NA
zapA	sp|Q9HTW3.1|	Q9HTW3	RecName: Full=Cell division protein ZapA; AltName: Full=Z ring-associated protein ZapA [Pseudomonas aeruginosa PAO1]	78.571	84	2.8e-41	134	NA	NA	NA
zapE_2	sp|P64612.1|	P64612	RecName: Full=Cell division protein ZapE; AltName: Full=Z ring-associated protein ZapE [Escherichia coli K-12]	35.443	395	1.7e-72	233	NA	NA	NA
zapE_3	sp|P64612.1|	P64612	RecName: Full=Cell division protein ZapE; AltName: Full=Z ring-associated protein ZapE [Escherichia coli K-12]	52.023	346	3.1599999999999995e-118	349	NA	NA	NA
zapE_3~~~zapE_4~~~zapE_1	sp|P64612.1|	P64612	RecName: Full=Cell division protein ZapE; AltName: Full=Z ring-associated protein ZapE [Escherichia coli K-12]	34.754	305	1.22e-47	168	NA	NA	NA
zipA	sp|C3JYN4.1|	C3JYN4	RecName: Full=Cell division protein ZipA [Pseudomonas [fluorescens] SBW25]	96.864	287	0	506	NA	NA	NA
zntB_1	sp|Q9ZIH2.1|	Q9ZIH2	RecName: Full=Divalent cation transporter CmaX [Pseudomonas aeruginosa PAO1]	62.195	328	1.79e-120	353	NA	NA	NA
znuA	sp|P39172.4|	P39172	RecName: Full=High-affinity zinc uptake system protein ZnuA; Flags: Precursor [Escherichia coli K-12]	39.519	291	7.12e-57	189	NA	NA	NA
znuB_1	sp|P31309.1|	P31309	RecName: Full=Manganese import system permease protein ScaB; AltName: Full=ORF1 [Streptococcus parasanguinis]	35.176	199	7.92e-18	84.7	NA	NA	NA
znuB_2	sp|P39832.3|	P39832	RecName: Full=High-affinity zinc uptake system membrane protein ZnuB [Escherichia coli K-12]	60.455	220	5.66e-65	206	NA	NA	NA
znuC_1	sp|Q3IWB5.1|	Q3IWB5	RecName: Full=Zinc import ATP-binding protein ZnuC [Cereibacter sphaeroides 2.4.1]	42.157	204	2.17e-38	137	NA	NA	NA
znuC_2	sp|Q4KKK4.1|	Q4KKK4	RecName: Full=Zinc import ATP-binding protein ZnuC [Pseudomonas protegens Pf-5]	94.636	261	2.5099999999999994e-148	417	NA	NA	NA
zraR	sp|P25852.2|	P25852	RecName: Full=Transcriptional regulatory protein ZraR [Salmonella enterica subsp. enterica serovar Typhimurium str. LT2]	42.217	469	2.07e-109	334	NA	NA	NA
zupT	sp|A0A0H3LM39.1|	A0A0H3LM39	RecName: Full=Zinc transporter ZIPB; AltName: Full=BbZIP [Bordetella bronchiseptica RB50]	43.723	231	3.4200000000000003e-29	116	NA	NA	NA
zupT_2	sp|A0A0H3LM39.1|	A0A0H3LM39	RecName: Full=Zinc transporter ZIPB; AltName: Full=BbZIP [Bordetella bronchiseptica RB50]	70.696	273	1.24e-91	278	NA	NA	NA
zur	sp|P0AC51.1|	P0AC51	RecName: Full=Zinc uptake regulation protein; Short=Zinc uptake regulator [Escherichia coli K-12]	38.406	138	1.31e-22	91.3	NA	NA	NA
zwf_1	sp|O68282.1|	O68282	RecName: Full=Glucose-6-phosphate 1-dehydrogenase; Short=G6PD; AltName: Full=Glucose-6-phosphate dehydrogenase (NAD(P)(+)) [Pseudomonas aeruginosa PAO1]	76.892	489	0	753	NA	NA	NA
zwf_2	sp|P29686.2|	P29686	RecName: Full=Glucose-6-phosphate 1-dehydrogenase; Short=G6PD [Synechococcus elongatus PCC 7942 = FACHB-805]	45.866	508	5.279999999999999e-151	444	NA	NA	NA
