Gene,p_value,odds_ratio,n_strong_present,n_weak_present,p_adj,Direction
group_3863,1,0,11,7,1,Enriched in Strong
group_3862,1,0,11,7,1,Enriched in Strong
group_3861,1,0,11,7,1,Enriched in Strong
petE,1,0,11,7,1,Enriched in Strong
group_3860,1,0,11,7,1,Enriched in Strong
group_3859,1,0,11,7,1,Enriched in Strong
group_3858,1,0,11,7,1,Enriched in Strong
mcpA,1,0,11,7,1,Enriched in Strong
group_3857,1,0,11,7,1,Enriched in Strong
lgrD_3,1,0,11,7,1,Enriched in Strong
group_3856,1,0,11,7,1,Enriched in Strong
group_3855,1,0,11,7,1,Enriched in Strong
nicD,1,0,11,7,1,Enriched in Strong
nicA,1,0,11,7,1,Enriched in Strong
group_3854,1,0,11,7,1,Enriched in Strong
nicR,1,0,11,7,1,Enriched in Strong
nicT_4,1,0,11,7,1,Enriched in Strong
maiA,1,0,11,7,1,Enriched in Strong
nicC,1,0,11,7,1,Enriched in Strong
azoR_2,1,0,11,7,1,Enriched in Strong
nicF,1,0,11,7,1,Enriched in Strong
group_3851,1,0,11,7,1,Enriched in Strong
rihB,1,0,11,7,1,Enriched in Strong
gabR_3,1,0,11,7,1,Enriched in Strong
patB,1,0,11,7,1,Enriched in Strong
group_3850,1,0,11,7,1,Enriched in Strong
nicB,1,0,11,7,1,Enriched in Strong
nicX,1,0,11,7,1,Enriched in Strong
trkA,1,0,11,7,1,Enriched in Strong
group_3849,1,0,11,7,1,Enriched in Strong
metP_3,1,0,11,7,1,Enriched in Strong
ctaB,1,0,11,7,1,Enriched in Strong
cc4,1,0,11,7,1,Enriched in Strong
uctC,1,0,11,7,1,Enriched in Strong
group_3848,1,0,11,7,1,Enriched in Strong
group_3847,1,0,11,7,1,Enriched in Strong
group_3846,1,0,11,7,1,Enriched in Strong
group_3845,1,0,11,7,1,Enriched in Strong
trpB,1,0,11,7,1,Enriched in Strong
aroE_2,1,0,11,7,1,Enriched in Strong
group_3844,1,0,11,7,1,Enriched in Strong
group_3843,1,0,11,7,1,Enriched in Strong
gmhB,1,0,11,7,1,Enriched in Strong
group_3842,1,0,11,7,1,Enriched in Strong
group_3841,1,0,11,7,1,Enriched in Strong
group_3840,1,0,11,7,1,Enriched in Strong
yrdA_2,1,0,11,7,1,Enriched in Strong
dgoA,1,0,11,7,1,Enriched in Strong
group_3839,1,0,11,7,1,Enriched in Strong
group_3838,1,0,11,7,1,Enriched in Strong
group_3837,1,0,11,7,1,Enriched in Strong
ivy,1,0,11,7,1,Enriched in Strong
pntAA,1,0,11,7,1,Enriched in Strong
group_3836,1,0,11,7,1,Enriched in Strong
group_3835,1,0,11,7,1,Enriched in Strong
metN_3,1,0,11,7,1,Enriched in Strong
group_3834,1,0,11,7,1,Enriched in Strong
ctaG,1,0,11,7,1,Enriched in Strong
group_3833,1,0,11,7,1,Enriched in Strong
group_3832,1,0,11,7,1,Enriched in Strong
group_3831,1,0,11,7,1,Enriched in Strong
pntB,1,0,11,7,1,Enriched in Strong
tsaC,1,0,11,7,1,Enriched in Strong
tag_1,1,0,11,7,1,Enriched in Strong
zur,1,0,11,7,1,Enriched in Strong
group_3830,1,0,11,7,1,Enriched in Strong
znuA,1,0,11,7,1,Enriched in Strong
kinB,1,0,11,7,1,Enriched in Strong
amiD_2,1,0,11,7,1,Enriched in Strong
group_3829,1,0,11,7,1,Enriched in Strong
dgoD_2,1,0,11,7,1,Enriched in Strong
group_3828,1,0,11,7,1,Enriched in Strong
group_3827,1,0,11,7,1,Enriched in Strong
dsbA,1,0,11,7,1,Enriched in Strong
group_3826,1,0,11,7,1,Enriched in Strong
polA,1,0,11,7,1,Enriched in Strong
hemF,1,0,11,7,1,Enriched in Strong
group_3825,1,0,11,7,1,Enriched in Strong
group_3824,1,0,11,7,1,Enriched in Strong
metQ_3,1,0,11,7,1,Enriched in Strong
osmC,1,0,11,7,1,Enriched in Strong
group_3823,1,0,11,7,1,Enriched in Strong
dgoT,1,0,11,7,1,Enriched in Strong
group_3822,1,0,11,7,1,Enriched in Strong
group_3821,1,0,11,7,1,Enriched in Strong
citN_3,1,0,11,7,1,Enriched in Strong
engB,1,0,11,7,1,Enriched in Strong
znuC_2,1,0,11,7,1,Enriched in Strong
rsmB,1,0,11,7,1,Enriched in Strong
group_3820,1,0,11,7,1,Enriched in Strong
group_3819,1,0,11,7,1,Enriched in Strong
znuB_2,1,0,11,7,1,Enriched in Strong
group_3818,1,0,11,7,1,Enriched in Strong
pntA,1,0,11,7,1,Enriched in Strong
cat1,1,0,11,7,1,Enriched in Strong
group_3817,1,0,11,7,1,Enriched in Strong
group_3816,1,0,11,7,1,Enriched in Strong
group_3815,1,0,11,7,1,Enriched in Strong
group_3814,1,0,11,7,1,Enriched in Strong
group_3813,1,0,11,7,1,Enriched in Strong
gcvA_11,1,0,11,7,1,Enriched in Strong
group_3812,1,0,11,7,1,Enriched in Strong
cseB,1,0,11,7,1,Enriched in Strong
group_3811,1,0,11,7,1,Enriched in Strong
mmgC_6,1,0,11,7,1,Enriched in Strong
thrB,1,0,11,7,1,Enriched in Strong
fmt,1,0,11,7,1,Enriched in Strong
glyQ,1,0,11,7,1,Enriched in Strong
gltP_1,1,0,11,7,1,Enriched in Strong
group_3810,1,0,11,7,1,Enriched in Strong
group_3809,1,0,11,7,1,Enriched in Strong
group_3808,1,0,11,7,1,Enriched in Strong
betC,1,0,11,7,1,Enriched in Strong
def_2,1,0,11,7,1,Enriched in Strong
yqjD_2,1,0,11,7,1,Enriched in Strong
group_3807,1,0,11,7,1,Enriched in Strong
dgoK1,1,0,11,7,1,Enriched in Strong
group_3806,1,0,11,7,1,Enriched in Strong
ctaE,1,0,11,7,1,Enriched in Strong
lpxP,1,0,11,7,1,Enriched in Strong
group_3805,1,0,11,7,1,Enriched in Strong
gcvA_12,1,0,11,7,1,Enriched in Strong
mkl,1,0,11,7,1,Enriched in Strong
group_3804,1,0,11,7,1,Enriched in Strong
algB,1,0,11,7,1,Enriched in Strong
cynT_2,1,0,11,7,1,Enriched in Strong
prlC,1,0,11,7,1,Enriched in Strong
glyS,1,0,11,7,1,Enriched in Strong
group_3803,1,0,11,7,1,Enriched in Strong
group_3802,1,0,11,7,1,Enriched in Strong
group_3801,1,0,11,7,1,Enriched in Strong
group_3800,1,0,11,7,1,Enriched in Strong
trpA,1,0,11,7,1,Enriched in Strong
dauA_2,1,0,11,7,1,Enriched in Strong
ctaA,1,0,11,7,1,Enriched in Strong
trpI,1,0,11,7,1,Enriched in Strong
katE,1,0,11,7,1,Enriched in Strong
group_3799,1,0,11,7,1,Enriched in Strong
ctaD,1,0,11,7,1,Enriched in Strong
qorA_4,1,0,11,7,1,Enriched in Strong
group_3798,1,0,11,7,1,Enriched in Strong
group_3797,1,0,11,7,1,Enriched in Strong
surE,1,0,11,7,1,Enriched in Strong
group_3795,1,0,11,7,1,Enriched in Strong
pcm,1,0,11,7,1,Enriched in Strong
group_3793,1,0,11,7,1,Enriched in Strong
group_3791,1,0,11,7,1,Enriched in Strong
slyB,1,0,11,7,1,Enriched in Strong
pyrG_2,1,0,11,7,1,Enriched in Strong
lig,1,0,11,7,1,Enriched in Strong
mdtA_4,1,0,11,7,1,Enriched in Strong
group_3788,1,0,11,7,1,Enriched in Strong
ispU,1,0,11,7,1,Enriched in Strong
group_3787,1,0,11,7,1,Enriched in Strong
group_3782,1,0,11,7,1,Enriched in Strong
dmlR_24,1,0,11,7,1,Enriched in Strong
group_3779,1,0,11,7,1,Enriched in Strong
group_3778,1,0,11,7,1,Enriched in Strong
group_3777,1,0,11,7,1,Enriched in Strong
group_3776,1,0,11,7,1,Enriched in Strong
frmA,1,0,11,7,1,Enriched in Strong
bamA_2,1,0,11,7,1,Enriched in Strong
group_3771,1,0,11,7,1,Enriched in Strong
hisP_3,1,0,11,7,1,Enriched in Strong
ispF,1,0,11,7,1,Enriched in Strong
group_3770,1,0,11,7,1,Enriched in Strong
quiP_2,1,0,11,7,1,Enriched in Strong
pcaR,1,0,11,7,1,Enriched in Strong
group_3769,1,0,11,7,1,Enriched in Strong
group_3768,1,0,11,7,1,Enriched in Strong
lptB_5,1,0,11,7,1,Enriched in Strong
yeiG,1,0,11,7,1,Enriched in Strong
kdsA,1,0,11,7,1,Enriched in Strong
dbpA_2,1,0,11,7,1,Enriched in Strong
plsB,1,0,11,7,1,Enriched in Strong
braC_2,1,0,11,7,1,Enriched in Strong
pcaK_2,1,0,11,7,1,Enriched in Strong
ompA,1,0,11,7,1,Enriched in Strong
rpoS,1,0,11,7,1,Enriched in Strong
group_3762,1,0,11,7,1,Enriched in Strong
group_3760,1,0,11,7,1,Enriched in Strong
livH_5,1,0,11,7,1,Enriched in Strong
group_3759,1,0,11,7,1,Enriched in Strong
livF_7,1,0,11,7,1,Enriched in Strong
frr,1,0,11,7,1,Enriched in Strong
lpxB,1,0,11,7,1,Enriched in Strong
group_3757,1,0,11,7,1,Enriched in Strong
catI,1,0,11,7,1,Enriched in Strong
group_3756,1,0,11,7,1,Enriched in Strong
rnhB,1,0,11,7,1,Enriched in Strong
pcaH,1,0,11,7,1,Enriched in Strong
group_3755,1,0,11,7,1,Enriched in Strong
yffB,1,0,11,7,1,Enriched in Strong
yfeW,1,0,11,7,1,Enriched in Strong
eno,1,0,11,7,1,Enriched in Strong
lpxA,1,0,11,7,1,Enriched in Strong
glnD,1,0,11,7,1,Enriched in Strong
group_3753,1,0,11,7,1,Enriched in Strong
group_3751,1,0,11,7,1,Enriched in Strong
group_3750,1,0,11,7,1,Enriched in Strong
group_3749,1,0,11,7,1,Enriched in Strong
kgtP_2,1,0,11,7,1,Enriched in Strong
group_3748,1,0,11,7,1,Enriched in Strong
catJ,1,0,11,7,1,Enriched in Strong
dapE,1,0,11,7,1,Enriched in Strong
argT_3,1,0,11,7,1,Enriched in Strong
group_3747,1,0,11,7,1,Enriched in Strong
tsf,1,0,11,7,1,Enriched in Strong
ispD,1,0,11,7,1,Enriched in Strong
rapA,1,0,11,7,1,Enriched in Strong
map_1,1,0,11,7,1,Enriched in Strong
hisM_2,1,0,11,7,1,Enriched in Strong
dcd,1,0,11,7,1,Enriched in Strong
group_3740,1,0,11,7,1,Enriched in Strong
group_3739,1,0,11,7,1,Enriched in Strong
acrF,1,0,11,7,1,Enriched in Strong
dapD,1,0,11,7,1,Enriched in Strong
pitA_2,1,0,11,7,1,Enriched in Strong
nhaK_2~~~nhaK,1,0,11,7,1,Enriched in Strong
gcvA_7,1,0,11,7,1,Enriched in Strong
yfcG_4,1,0,11,7,1,Enriched in Strong
group_3734,1,0,11,7,1,Enriched in Strong
capB_1,1,0,11,7,1,Enriched in Strong
cspA_3,1,0,11,7,1,Enriched in Strong
tilS,1,0,11,7,1,Enriched in Strong
group_3733,1,0,11,7,1,Enriched in Strong
accA_2,1,0,11,7,1,Enriched in Strong
group_3732,1,0,11,7,1,Enriched in Strong
group_3730,1,0,11,7,1,Enriched in Strong
fabZ,1,0,11,7,1,Enriched in Strong
pdxH,1,0,11,7,1,Enriched in Strong
catD_3,1,0,11,7,1,Enriched in Strong
nhaA,1,0,11,7,1,Enriched in Strong
group_3728,1,0,11,7,1,Enriched in Strong
group_3727,1,0,11,7,1,Enriched in Strong
group_3726,1,0,11,7,1,Enriched in Strong
nicP_4,1,0,11,7,1,Enriched in Strong
group_3725,1,0,11,7,1,Enriched in Strong
sufS_2,1,0,11,7,1,Enriched in Strong
group_3724,1,0,11,7,1,Enriched in Strong
dnaE,1,0,11,7,1,Enriched in Strong
group_3723,1,0,11,7,1,Enriched in Strong
lpxD_2,1,0,11,7,1,Enriched in Strong
truD,1,0,11,7,1,Enriched in Strong
dxr,1,0,11,7,1,Enriched in Strong
hisQ_3,1,0,11,7,1,Enriched in Strong
sotB_4,1,0,11,7,1,Enriched in Strong
group_3719,1,0,11,7,1,Enriched in Strong
dapL_2,1,0,11,7,1,Enriched in Strong
group_3717,1,0,11,7,1,Enriched in Strong
rseP,1,0,11,7,1,Enriched in Strong
pcaF,1,0,11,7,1,Enriched in Strong
rpsB,1,0,11,7,1,Enriched in Strong
sufS_1,1,0,11,7,1,Enriched in Strong
cdsA,1,0,11,7,1,Enriched in Strong
rlmA,1,0,11,7,1,Enriched in Strong
ftsB,1,0,11,7,1,Enriched in Strong
pcaB,1,0,11,7,1,Enriched in Strong
csdE,1,0,11,7,1,Enriched in Strong
group_3710,1,0,11,7,1,Enriched in Strong
pyrH,1,0,11,7,1,Enriched in Strong
group_3709,1,0,11,7,1,Enriched in Strong
dinG_3,1,0,11,7,1,Enriched in Strong
dmlR_23,1,0,11,7,1,Enriched in Strong
tcdA,1,0,11,7,1,Enriched in Strong
pcaG,1,0,11,7,1,Enriched in Strong
group_3705,1,0,11,7,1,Enriched in Strong
group_3704,1,0,11,7,1,Enriched in Strong
group_3703,1,0,11,7,1,Enriched in Strong
group_3702,1,0,11,7,1,Enriched in Strong
group_3701,1,0,11,7,1,Enriched in Strong
group_3700,1,0,11,7,1,Enriched in Strong
group_3698,1,0,11,7,1,Enriched in Strong
group_3697,1,0,11,7,1,Enriched in Strong
ves,1,0,11,7,1,Enriched in Strong
group_3695,1,0,11,7,1,Enriched in Strong
fabF_1,1,0,11,7,1,Enriched in Strong
cdiA1~~~cdiA,1,0,11,7,1,Enriched in Strong
opuAA,1,0,11,7,1,Enriched in Strong
group_3694,1,0,11,7,1,Enriched in Strong
group_3693,1,0,11,7,1,Enriched in Strong
group_3692,1,0,11,7,1,Enriched in Strong
ttr,1,0,11,7,1,Enriched in Strong
group_3691,1,0,11,7,1,Enriched in Strong
group_3689,1,0,11,7,1,Enriched in Strong
nadE_1,1,0,11,7,1,Enriched in Strong
yfcD,1,0,11,7,1,Enriched in Strong
group_3688,1,0,11,7,1,Enriched in Strong
group_3687,1,0,11,7,1,Enriched in Strong
group_3686,1,0,11,7,1,Enriched in Strong
group_3685,1,0,11,7,1,Enriched in Strong
soxC_2,1,0,11,7,1,Enriched in Strong
orn,1,0,11,7,1,Enriched in Strong
group_3684,1,0,11,7,1,Enriched in Strong
group_3683,1,0,11,7,1,Enriched in Strong
group_3682,1,0,11,7,1,Enriched in Strong
tauD_1,1,0,11,7,1,Enriched in Strong
ssuC_2,1,0,11,7,1,Enriched in Strong
rlmJ,1,0,11,7,1,Enriched in Strong
fdhD,1,0,11,7,1,Enriched in Strong
rmlC_2,1,0,11,7,1,Enriched in Strong
ureD,1,0,11,7,1,Enriched in Strong
group_3681,1,0,11,7,1,Enriched in Strong
higB,1,0,11,7,1,Enriched in Strong
group_3680,1,0,11,7,1,Enriched in Strong
catD_2,1,0,11,7,1,Enriched in Strong
amiC_2,1,0,11,7,1,Enriched in Strong
psiF,1,0,11,7,1,Enriched in Strong
group_3677,1,0,11,7,1,Enriched in Strong
dnaK_1,1,0,11,7,1,Enriched in Strong
group_3676,1,0,11,7,1,Enriched in Strong
maeB,1,0,11,7,1,Enriched in Strong
group_3674,1,0,11,7,1,Enriched in Strong
group_3673,1,0,11,7,1,Enriched in Strong
ynfM_2,1,0,11,7,1,Enriched in Strong
davT_3,1,0,11,7,1,Enriched in Strong
yofA_3,1,0,11,7,1,Enriched in Strong
fadI_1,1,0,11,7,1,Enriched in Strong
group_3672,1,0,11,7,1,Enriched in Strong
motA,1,0,11,7,1,Enriched in Strong
waaA,1,0,11,7,1,Enriched in Strong
oah1,1,0,11,7,1,Enriched in Strong
opuAB_2,1,0,11,7,1,Enriched in Strong
ureA,1,0,11,7,1,Enriched in Strong
nrtD,1,0,11,7,1,Enriched in Strong
dinF,1,0,11,7,1,Enriched in Strong
group_3671,1,0,11,7,1,Enriched in Strong
group_3670,1,0,11,7,1,Enriched in Strong
puuB_2,1,0,11,7,1,Enriched in Strong
oprD_6,1,0,11,7,1,Enriched in Strong
glnH,1,0,11,7,1,Enriched in Strong
ureB,1,0,11,7,1,Enriched in Strong
purA,1,0,11,7,1,Enriched in Strong
group_3668,1,0,11,7,1,Enriched in Strong
purD,1,0,11,7,1,Enriched in Strong
lptB_1,1,0,11,7,1,Enriched in Strong
nnr,1,0,11,7,1,Enriched in Strong
psd,1,0,11,7,1,Enriched in Strong
group_3667,1,0,11,7,1,Enriched in Strong
envC,1,0,11,7,1,Enriched in Strong
group_3665,1,0,11,7,1,Enriched in Strong
group_3663,1,0,11,7,1,Enriched in Strong
group_3662,1,0,11,7,1,Enriched in Strong
group_3661,1,0,11,7,1,Enriched in Strong
hflX,1,0,11,7,1,Enriched in Strong
hflC,1,0,11,7,1,Enriched in Strong
nudE,1,0,11,7,1,Enriched in Strong
blc,1,0,11,7,1,Enriched in Strong
group_3660,1,0,11,7,1,Enriched in Strong
rpoE_2,1,0,11,7,1,Enriched in Strong
cysW_3,1,0,11,7,1,Enriched in Strong
envZ,1,0,11,7,1,Enriched in Strong
group_3659,1,0,11,7,1,Enriched in Strong
group_3657,1,0,11,7,1,Enriched in Strong
tatB,1,0,11,7,1,Enriched in Strong
group_3655,1,0,11,7,1,Enriched in Strong
glnQ_3,1,0,11,7,1,Enriched in Strong
prmA,1,0,11,7,1,Enriched in Strong
fis,1,0,11,7,1,Enriched in Strong
group_3652,1,0,11,7,1,Enriched in Strong
yigZ,1,0,11,7,1,Enriched in Strong
group_3650,1,0,11,7,1,Enriched in Strong
group_3649,1,0,11,7,1,Enriched in Strong
group_3648,1,0,11,7,1,Enriched in Strong
hslU,1,0,11,7,1,Enriched in Strong
group_3646,1,0,11,7,1,Enriched in Strong
pgaC,1,0,11,7,1,Enriched in Strong
group_3645,1,0,11,7,1,Enriched in Strong
hdfR_11,1,0,11,7,1,Enriched in Strong
group_3644,1,0,11,7,1,Enriched in Strong
group_3642,1,0,11,7,1,Enriched in Strong
group_3641,1,0,11,7,1,Enriched in Strong
nicP_5,1,0,11,7,1,Enriched in Strong
group_3640,1,0,11,7,1,Enriched in Strong
lips,1,0,11,7,1,Enriched in Strong
hisB,1,0,11,7,1,Enriched in Strong
hdfR_4,1,0,11,7,1,Enriched in Strong
group_3639,1,0,11,7,1,Enriched in Strong
group_3638,1,0,11,7,1,Enriched in Strong
hisE,1,0,11,7,1,Enriched in Strong
dmoA_2,1,0,11,7,1,Enriched in Strong
tauD_2,1,0,11,7,1,Enriched in Strong
group_3637,1,0,11,7,1,Enriched in Strong
bepC,1,0,11,7,1,Enriched in Strong
group_3636,1,0,11,7,1,Enriched in Strong
group_3635,1,0,11,7,1,Enriched in Strong
benM_3,1,0,11,7,1,Enriched in Strong
group_3634,1,0,11,7,1,Enriched in Strong
group_3633,1,0,11,7,1,Enriched in Strong
group_3632,1,0,11,7,1,Enriched in Strong
group_3631,1,0,11,7,1,Enriched in Strong
accC,1,0,11,7,1,Enriched in Strong
group_3630,1,0,11,7,1,Enriched in Strong
group_3629,1,0,11,7,1,Enriched in Strong
group_3628,1,0,11,7,1,Enriched in Strong
group_3627,1,0,11,7,1,Enriched in Strong
prsE_2,1,0,11,7,1,Enriched in Strong
group_3626,1,0,11,7,1,Enriched in Strong
group_3625,1,0,11,7,1,Enriched in Strong
hslV,1,0,11,7,1,Enriched in Strong
aprA_2,1,0,11,7,1,Enriched in Strong
group_3624,1,0,11,7,1,Enriched in Strong
naiP,1,0,11,7,1,Enriched in Strong
group_3623,1,0,11,7,1,Enriched in Strong
group_3622,1,0,11,7,1,Enriched in Strong
group_3621,1,0,11,7,1,Enriched in Strong
group_3620,1,0,11,7,1,Enriched in Strong
hslO,1,0,11,7,1,Enriched in Strong
group_3619,1,0,11,7,1,Enriched in Strong
group_3618,1,0,11,7,1,Enriched in Strong
dctD_4,1,0,11,7,1,Enriched in Strong
group_3617,1,0,11,7,1,Enriched in Strong
pilQ,1,0,11,7,1,Enriched in Strong
gabP_2,1,0,11,7,1,Enriched in Strong
rimK,1,0,11,7,1,Enriched in Strong
group_3615,1,0,11,7,1,Enriched in Strong
group_3614,1,0,11,7,1,Enriched in Strong
xanP_1,1,0,11,7,1,Enriched in Strong
zitB,1,0,11,7,1,Enriched in Strong
dnaB_1,1,0,11,7,1,Enriched in Strong
ureG,1,0,11,7,1,Enriched in Strong
group_3613,1,0,11,7,1,Enriched in Strong
group_3612,1,0,11,7,1,Enriched in Strong
aaeA_2,1,0,11,7,1,Enriched in Strong
group_3611,1,0,11,7,1,Enriched in Strong
group_3610,1,0,11,7,1,Enriched in Strong
nudF,1,0,11,7,1,Enriched in Strong
glnA,1,0,11,7,1,Enriched in Strong
proY_1,1,0,11,7,1,Enriched in Strong
group_3609,1,0,11,7,1,Enriched in Strong
group_3608,1,0,11,7,1,Enriched in Strong
livH_1,1,0,11,7,1,Enriched in Strong
group_3607,1,0,11,7,1,Enriched in Strong
gltD,1,0,11,7,1,Enriched in Strong
ubiJ,1,0,11,7,1,Enriched in Strong
amiC_1,1,0,11,7,1,Enriched in Strong
group_3606,1,0,11,7,1,Enriched in Strong
group_3605,1,0,11,7,1,Enriched in Strong
group_3604,1,0,11,7,1,Enriched in Strong
cobH,1,0,11,7,1,Enriched in Strong
hldE,1,0,11,7,1,Enriched in Strong
sfnR_2,1,0,11,7,1,Enriched in Strong
group_3603,1,0,11,7,1,Enriched in Strong
glnG,1,0,11,7,1,Enriched in Strong
group_3602,1,0,11,7,1,Enriched in Strong
tolC_1,1,0,11,7,1,Enriched in Strong
dmlR_8,1,0,11,7,1,Enriched in Strong
davD_2,1,0,11,7,1,Enriched in Strong
group_3601,1,0,11,7,1,Enriched in Strong
group_3600,1,0,11,7,1,Enriched in Strong
group_3599,1,0,11,7,1,Enriched in Strong
fabR,1,0,11,7,1,Enriched in Strong
oprM_6,1,0,11,7,1,Enriched in Strong
ttgC_5,1,0,11,7,1,Enriched in Strong
kdkA,1,0,11,7,1,Enriched in Strong
czcR_6,1,0,11,7,1,Enriched in Strong
thiI,1,0,11,7,1,Enriched in Strong
group_3598,1,0,11,7,1,Enriched in Strong
group_3597,1,0,11,7,1,Enriched in Strong
group_3596,1,0,11,7,1,Enriched in Strong
selO,1,0,11,7,1,Enriched in Strong
hisH,1,0,11,7,1,Enriched in Strong
group_3595,1,0,11,7,1,Enriched in Strong
cbpA,1,0,11,7,1,Enriched in Strong
group_3592,1,0,11,7,1,Enriched in Strong
yciH,1,0,11,7,1,Enriched in Strong
group_3590,1,0,11,7,1,Enriched in Strong
metP_1,1,0,11,7,1,Enriched in Strong
putP_1,1,0,11,7,1,Enriched in Strong
gabD,1,0,11,7,1,Enriched in Strong
btuF_1,1,0,11,7,1,Enriched in Strong
group_3589,1,0,11,7,1,Enriched in Strong
bauC_1,1,0,11,7,1,Enriched in Strong
ydgA,1,0,11,7,1,Enriched in Strong
msrA_2,1,0,11,7,1,Enriched in Strong
group_3588,1,0,11,7,1,Enriched in Strong
group_3587,1,0,11,7,1,Enriched in Strong
group_3586,1,0,11,7,1,Enriched in Strong
group_3585,1,0,11,7,1,Enriched in Strong
group_3584,1,0,11,7,1,Enriched in Strong
group_3583,1,0,11,7,1,Enriched in Strong
menI,1,0,11,7,1,Enriched in Strong
group_3580,1,0,11,7,1,Enriched in Strong
hutH_1,1,0,11,7,1,Enriched in Strong
gpmI,1,0,11,7,1,Enriched in Strong
group_3579,1,0,11,7,1,Enriched in Strong
hutH_2,1,0,11,7,1,Enriched in Strong
glnP_4,1,0,11,7,1,Enriched in Strong
emrY,1,0,11,7,1,Enriched in Strong
group_3577,1,0,11,7,1,Enriched in Strong
group_3576,1,0,11,7,1,Enriched in Strong
group_3575,1,0,11,7,1,Enriched in Strong
rutR_2,1,0,11,7,1,Enriched in Strong
group_3574,1,0,11,7,1,Enriched in Strong
group_3573,1,0,11,7,1,Enriched in Strong
pckA,1,0,11,7,1,Enriched in Strong
hutH_3,1,0,11,7,1,Enriched in Strong
yrfG,1,0,11,7,1,Enriched in Strong
group_3572,1,0,11,7,1,Enriched in Strong
glnP_3,1,0,11,7,1,Enriched in Strong
yecS_3,1,0,11,7,1,Enriched in Strong
damX,1,0,11,7,1,Enriched in Strong
hisI_1,1,0,11,7,1,Enriched in Strong
miaA,1,0,11,7,1,Enriched in Strong
group_3569,1,0,11,7,1,Enriched in Strong
pip_2,1,0,11,7,1,Enriched in Strong
gshA,1,0,11,7,1,Enriched in Strong
group_3567,1,0,11,7,1,Enriched in Strong
tauA_2,1,0,11,7,1,Enriched in Strong
ubiB,1,0,11,7,1,Enriched in Strong
group_3566,1,0,11,7,1,Enriched in Strong
purH,1,0,11,7,1,Enriched in Strong
group_3565,1,0,11,7,1,Enriched in Strong
group_3564,1,0,11,7,1,Enriched in Strong
exbD_4,1,0,11,7,1,Enriched in Strong
ureF,1,0,11,7,1,Enriched in Strong
hmrR,1,0,11,7,1,Enriched in Strong
cysA_3,1,0,11,7,1,Enriched in Strong
higA,1,0,11,7,1,Enriched in Strong
group_3563,1,0,11,7,1,Enriched in Strong
group_3562,1,0,11,7,1,Enriched in Strong
group_3560,1,0,11,7,1,Enriched in Strong
group_3559,1,0,11,7,1,Enriched in Strong
hslR,1,0,11,7,1,Enriched in Strong
atoC_3,1,0,11,7,1,Enriched in Strong
cysG_1,1,0,11,7,1,Enriched in Strong
aceF,1,0,11,7,1,Enriched in Strong
group_3558,1,0,11,7,1,Enriched in Strong
dcyD_2,1,0,11,7,1,Enriched in Strong
group_3557,1,0,11,7,1,Enriched in Strong
group_3555,1,0,11,7,1,Enriched in Strong
group_3554,1,0,11,7,1,Enriched in Strong
yibN,1,0,11,7,1,Enriched in Strong
rssB_3,1,0,11,7,1,Enriched in Strong
dltA,1,0,11,7,1,Enriched in Strong
hutU,1,0,11,7,1,Enriched in Strong
group_3552,1,0,11,7,1,Enriched in Strong
group_3551,1,0,11,7,1,Enriched in Strong
group_3550,1,0,11,7,1,Enriched in Strong
group_3549,1,0,11,7,1,Enriched in Strong
phaC_2,1,0,11,7,1,Enriched in Strong
hxuB_1,1,0,11,7,1,Enriched in Strong
phaC_1,1,0,11,7,1,Enriched in Strong
virS,1,0,11,7,1,Enriched in Strong
group_3548,1,0,11,7,1,Enriched in Strong
ureC,1,0,11,7,1,Enriched in Strong
group_3547,1,0,11,7,1,Enriched in Strong
shlB_2,1,0,11,7,1,Enriched in Strong
sbp_2,1,0,11,7,1,Enriched in Strong
livF_2,1,0,11,7,1,Enriched in Strong
argS,1,0,11,7,1,Enriched in Strong
hmuU_1,1,0,11,7,1,Enriched in Strong
nhaP2,1,0,11,7,1,Enriched in Strong
fbp_1,1,0,11,7,1,Enriched in Strong
rpsF,1,0,11,7,1,Enriched in Strong
group_3544,1,0,11,7,1,Enriched in Strong
tobZ,1,0,11,7,1,Enriched in Strong
group_3543,1,0,11,7,1,Enriched in Strong
dusB,1,0,11,7,1,Enriched in Strong
group_3542,1,0,11,7,1,Enriched in Strong
group_3541,1,0,11,7,1,Enriched in Strong
group_3540,1,0,11,7,1,Enriched in Strong
ftsN,1,0,11,7,1,Enriched in Strong
mdoG,1,0,11,7,1,Enriched in Strong
dmdC_4,1,0,11,7,1,Enriched in Strong
dctB_3,1,0,11,7,1,Enriched in Strong
typA,1,0,11,7,1,Enriched in Strong
group_3538,1,0,11,7,1,Enriched in Strong
group_3537,1,0,11,7,1,Enriched in Strong
group_3535,1,0,11,7,1,Enriched in Strong
fbpA_1,1,0,11,7,1,Enriched in Strong
group_3534,1,0,11,7,1,Enriched in Strong
group_3533,1,0,11,7,1,Enriched in Strong
group_3532,1,0,11,7,1,Enriched in Strong
motB_2,1,0,11,7,1,Enriched in Strong
thiC,1,0,11,7,1,Enriched in Strong
rsgA,1,0,11,7,1,Enriched in Strong
group_3530,1,0,11,7,1,Enriched in Strong
rfaF,1,0,11,7,1,Enriched in Strong
parE,1,0,11,7,1,Enriched in Strong
msbA_2,1,0,11,7,1,Enriched in Strong
speA,1,0,11,7,1,Enriched in Strong
group_3528,1,0,11,7,1,Enriched in Strong
gpr,1,0,11,7,1,Enriched in Strong
mutL,1,0,11,7,1,Enriched in Strong
mcpQ_2,1,0,11,7,1,Enriched in Strong
group_3527,1,0,11,7,1,Enriched in Strong
livF_1,1,0,11,7,1,Enriched in Strong
group_3526,1,0,11,7,1,Enriched in Strong
dtd,1,0,11,7,1,Enriched in Strong
tolQ_5,1,0,11,7,1,Enriched in Strong
rhlB_2,1,0,11,7,1,Enriched in Strong
group_3525,1,0,11,7,1,Enriched in Strong
ctpL,1,0,11,7,1,Enriched in Strong
group_3524,1,0,11,7,1,Enriched in Strong
group_3523,1,0,11,7,1,Enriched in Strong
pgaB,1,0,11,7,1,Enriched in Strong
betT2,1,0,11,7,1,Enriched in Strong
group_3522,1,0,11,7,1,Enriched in Strong
rplI,1,0,11,7,1,Enriched in Strong
vgrG1_2,1,0,11,7,1,Enriched in Strong
emrA_4,1,0,11,7,1,Enriched in Strong
fabG_2,1,0,11,7,1,Enriched in Strong
rfaC,1,0,11,7,1,Enriched in Strong
group_3521,1,0,11,7,1,Enriched in Strong
group_3520,1,0,11,7,1,Enriched in Strong
cobI,1,0,11,7,1,Enriched in Strong
queG,1,0,11,7,1,Enriched in Strong
btuB_5,1,0,11,7,1,Enriched in Strong
mutY,1,0,11,7,1,Enriched in Strong
group_3519,1,0,11,7,1,Enriched in Strong
group_3518,1,0,11,7,1,Enriched in Strong
group_3517,1,0,11,7,1,Enriched in Strong
COQ5_2,1,0,11,7,1,Enriched in Strong
glnQ_2,1,0,11,7,1,Enriched in Strong
group_3516,1,0,11,7,1,Enriched in Strong
hemE,1,0,11,7,1,Enriched in Strong
aaeB_3,1,0,11,7,1,Enriched in Strong
macA_2,1,0,11,7,1,Enriched in Strong
cntO_4,1,0,11,7,1,Enriched in Strong
btuB_4,1,0,11,7,1,Enriched in Strong
ompR_3,1,0,11,7,1,Enriched in Strong
cntO_1,1,0,11,7,1,Enriched in Strong
trmL,1,0,11,7,1,Enriched in Strong
group_3514,1,0,11,7,1,Enriched in Strong
aroQ1,1,0,11,7,1,Enriched in Strong
group_3513,1,0,11,7,1,Enriched in Strong
mdtA_5,1,0,11,7,1,Enriched in Strong
rffG,1,0,11,7,1,Enriched in Strong
rpsR,1,0,11,7,1,Enriched in Strong
group_3512,1,0,11,7,1,Enriched in Strong
ltxB,1,0,11,7,1,Enriched in Strong
group_3511,1,0,11,7,1,Enriched in Strong
tcyC_2,1,0,11,7,1,Enriched in Strong
glnL,1,0,11,7,1,Enriched in Strong
group_3509,1,0,11,7,1,Enriched in Strong
group_3508,1,0,11,7,1,Enriched in Strong
accB,1,0,11,7,1,Enriched in Strong
copA_2,1,0,11,7,1,Enriched in Strong
hisA,1,0,11,7,1,Enriched in Strong
rpmE,1,0,11,7,1,Enriched in Strong
chaA,1,0,11,7,1,Enriched in Strong
group_3506,1,0,11,7,1,Enriched in Strong
group_3505,1,0,11,7,1,Enriched in Strong
nagR_2,1,0,11,7,1,Enriched in Strong
priA,1,0,11,7,1,Enriched in Strong
guaD_2,1,0,11,7,1,Enriched in Strong
artJ_2,1,0,11,7,1,Enriched in Strong
parC,1,0,11,7,1,Enriched in Strong
group_3503,1,0,11,7,1,Enriched in Strong
group_3502,1,0,11,7,1,Enriched in Strong
group_3501,1,0,11,7,1,Enriched in Strong
group_3499,1,0,11,7,1,Enriched in Strong
yhgF,1,0,11,7,1,Enriched in Strong
ydeP,1,0,11,7,1,Enriched in Strong
aguA,1,0,11,7,1,Enriched in Strong
group_3498,1,0,11,7,1,Enriched in Strong
tsaE,1,0,11,7,1,Enriched in Strong
group_3497,1,0,11,7,1,Enriched in Strong
metN_2,1,0,11,7,1,Enriched in Strong
isfD_2,1,0,11,7,1,Enriched in Strong
rlmB,1,0,11,7,1,Enriched in Strong
group_3495,1,0,11,7,1,Enriched in Strong
malP,1,0,11,7,1,Enriched in Strong
group_3494,1,0,11,7,1,Enriched in Strong
mrcA,1,0,11,7,1,Enriched in Strong
pgaA,1,0,11,7,1,Enriched in Strong
group_3493,1,0,11,7,1,Enriched in Strong
rfaG,1,0,11,7,1,Enriched in Strong
hisF,1,0,11,7,1,Enriched in Strong
group_3491,1,0,11,7,1,Enriched in Strong
group_3490,1,0,11,7,1,Enriched in Strong
group_3489,1,0,11,7,1,Enriched in Strong
opgH,1,0,11,7,1,Enriched in Strong
secB,1,0,11,7,1,Enriched in Strong
soj_2,1,0,11,7,1,Enriched in Strong
ubiE,1,0,11,7,1,Enriched in Strong
braC_1,1,0,11,7,1,Enriched in Strong
occP,1,0,11,7,1,Enriched in Strong
group_3488,1,0,11,7,1,Enriched in Strong
rnr,1,0,11,7,1,Enriched in Strong
aceE_1,1,0,11,7,1,Enriched in Strong
group_3487,1,0,11,7,1,Enriched in Strong
glnQ_8,1,0,11,7,1,Enriched in Strong
group_3486,1,0,11,7,1,Enriched in Strong
group_3485,1,0,11,7,1,Enriched in Strong
group_3484,1,0,11,7,1,Enriched in Strong
group_3483,1,0,11,7,1,Enriched in Strong
sasA_7,1,0,11,7,1,Enriched in Strong
tauB,1,0,11,7,1,Enriched in Strong
bluF,1,0,11,7,1,Enriched in Strong
grxC,1,0,11,7,1,Enriched in Strong
group_3482,1,0,11,7,1,Enriched in Strong
acpP_1,1,0,11,7,1,Enriched in Strong
group_3481,1,0,11,7,1,Enriched in Strong
group_3480,1,0,11,7,1,Enriched in Strong
group_3479,1,0,11,7,1,Enriched in Strong
metQ_4,1,0,11,7,1,Enriched in Strong
fic,1,0,11,7,1,Enriched in Strong
rssB_4,1,0,11,7,1,Enriched in Strong
argD_3,1,0,11,7,1,Enriched in Strong
group_3478,1,0,11,7,1,Enriched in Strong
glnE,1,0,11,7,1,Enriched in Strong
aroK,1,0,11,7,1,Enriched in Strong
trxC,1,0,11,7,1,Enriched in Strong
czcA_3,1,0,11,7,1,Enriched in Strong
group_3477,1,0,11,7,1,Enriched in Strong
group_3475,1,0,11,7,1,Enriched in Strong
hfq,1,0,11,7,1,Enriched in Strong
fpuC,1,0,11,7,1,Enriched in Strong
nimR_1,1,0,11,7,1,Enriched in Strong
yycB_4,1,0,11,7,1,Enriched in Strong
ureE,1,0,11,7,1,Enriched in Strong
group_3474,1,0,11,7,1,Enriched in Strong
group_3473,1,0,11,7,1,Enriched in Strong
cysQ~~~cysQ_2,1,0,11,7,1,Enriched in Strong
mscK,1,0,11,7,1,Enriched in Strong
hflK,1,0,11,7,1,Enriched in Strong
tatC,1,0,11,7,1,Enriched in Strong
group_3472,1,0,11,7,1,Enriched in Strong
fliY_5,1,0,11,7,1,Enriched in Strong
group_3470,1,0,11,7,1,Enriched in Strong
artQ,1,0,11,7,1,Enriched in Strong
cmoM,1,0,11,7,1,Enriched in Strong
hisZ_2,1,0,11,7,1,Enriched in Strong
acpP_2,1,0,11,7,1,Enriched in Strong
group_3466,1,0,11,7,1,Enriched in Strong
soxC_3,1,0,11,7,1,Enriched in Strong
fliY_4,1,0,11,7,1,Enriched in Strong
group_3465,1,0,11,7,1,Enriched in Strong
kbp,1,0,11,7,1,Enriched in Strong
group_3464,1,0,11,7,1,Enriched in Strong
bcr_1,1,0,11,7,1,Enriched in Strong
putA,1,0,11,7,1,Enriched in Strong
group_3463,1,0,11,7,1,Enriched in Strong
group_3462,1,0,11,7,1,Enriched in Strong
lpxT,1,0,11,7,1,Enriched in Strong
group_3461,1,0,11,7,1,Enriched in Strong
group_3460,1,0,11,7,1,Enriched in Strong
group_3457,1,0,11,7,1,Enriched in Strong
gltB,1,0,11,7,1,Enriched in Strong
nlhH,1,0,11,7,1,Enriched in Strong
group_3454,1,0,11,7,1,Enriched in Strong
rfaP,1,0,11,7,1,Enriched in Strong
group_3452,1,0,11,7,1,Enriched in Strong
group_3451,1,0,11,7,1,Enriched in Strong
cobL,1,0,11,7,1,Enriched in Strong
hutI,1,0,11,7,1,Enriched in Strong
group_3450,1,0,11,7,1,Enriched in Strong
fliY_3,1,0,11,7,1,Enriched in Strong
group_3449,1,0,11,7,1,Enriched in Strong
rssB_6,1,0,11,7,1,Enriched in Strong
occM_2~~~occM_3,1,0,11,7,1,Enriched in Strong
tatA,1,0,11,7,1,Enriched in Strong
group_3448,1,0,11,7,1,Enriched in Strong
group_3447,1,0,11,7,1,Enriched in Strong
group_3446,1,0,11,7,1,Enriched in Strong
cobK,1,0,11,7,1,Enriched in Strong
group_3445,1,0,11,7,1,Enriched in Strong
rhdA,1,0,11,7,1,Enriched in Strong
cpdA_1,1,0,11,7,1,Enriched in Strong
pncB2,1,0,11,7,1,Enriched in Strong
serB2,1,0,11,7,1,Enriched in Strong
cysT,1,0,11,7,1,Enriched in Strong
lcdH_2~~~lcdH~~~lcdH_1,1,0,11,7,1,Enriched in Strong
group_3411,1,0,11,7,1,Enriched in Strong
group_3392,1,0,11,7,1,Enriched in Strong
group_3389,1,0,11,7,1,Enriched in Strong
group_3387,1,0,11,7,1,Enriched in Strong
group_3377,1,0,11,7,1,Enriched in Strong
group_3370,1,0,11,7,1,Enriched in Strong
group_3359,1,0,11,7,1,Enriched in Strong
rfbD~~~rfbD_2,1,0,11,7,1,Enriched in Strong
mamB,1,0,11,7,1,Enriched in Strong
group_3338,1,0,11,7,1,Enriched in Strong
nolT,1,0,11,7,1,Enriched in Strong
yhhW_2,1,0,11,7,1,Enriched in Strong
group_3334,1,0,11,7,1,Enriched in Strong
nepI_2~~~nepI_1,1,0,11,7,1,Enriched in Strong
group_3329,1,0,11,7,1,Enriched in Strong
group_3323,1,0,11,7,1,Enriched in Strong
group_3322,1,0,11,7,1,Enriched in Strong
rfbA~~~rfbA_1,1,0,11,7,1,Enriched in Strong
group_3319,1,0,11,7,1,Enriched in Strong
group_3315,1,0,11,7,1,Enriched in Strong
group_3314,1,0,11,7,1,Enriched in Strong
patA~~~patA_2,1,0,11,7,1,Enriched in Strong
group_3307,1,0,11,7,1,Enriched in Strong
group_3305,1,0,11,7,1,Enriched in Strong
group_3303,1,0,11,7,1,Enriched in Strong
group_3302,1,0,11,7,1,Enriched in Strong
group_3301,1,0,11,7,1,Enriched in Strong
group_3299,1,0,11,7,1,Enriched in Strong
group_3297,1,0,11,7,1,Enriched in Strong
group_3294,1,0,11,7,1,Enriched in Strong
liuE,1,0,11,7,1,Enriched in Strong
aes_2,1,0,11,7,1,Enriched in Strong
group_3291,1,0,11,7,1,Enriched in Strong
group_3289,1,0,11,7,1,Enriched in Strong
rhsA~~~rhsB,1,0,11,7,1,Enriched in Strong
hpf,1,0,11,7,1,Enriched in Strong
yedK_1,1,0,11,7,1,Enriched in Strong
group_3278,1,0,11,7,1,Enriched in Strong
paiA_2,1,0,11,7,1,Enriched in Strong
group_3277,1,0,11,7,1,Enriched in Strong
group_3275,1,0,11,7,1,Enriched in Strong
group_3270,1,0,11,7,1,Enriched in Strong
soxC_1,1,0,11,7,1,Enriched in Strong
group_3268,1,0,11,7,1,Enriched in Strong
inaZ,1,0,11,7,1,Enriched in Strong
group_3264,1,0,11,7,1,Enriched in Strong
group_3263,1,0,11,7,1,Enriched in Strong
cbiA,1,0,11,7,1,Enriched in Strong
group_3262,1,0,11,7,1,Enriched in Strong
group_3261,1,0,11,7,1,Enriched in Strong
group_3259,1,0,11,7,1,Enriched in Strong
gltF_3~~~gltF_5~~~gltF_4,1,0,11,7,1,Enriched in Strong
group_3258,1,0,11,7,1,Enriched in Strong
slmA,1,0,11,7,1,Enriched in Strong
group_3250,1,0,11,7,1,Enriched in Strong
group_3249,1,0,11,7,1,Enriched in Strong
group_3248,1,0,11,7,1,Enriched in Strong
group_3245,1,0,11,7,1,Enriched in Strong
madC,1,0,11,7,1,Enriched in Strong
gloC,1,0,11,7,1,Enriched in Strong
dacC_2~~~dacC_1,1,0,11,7,1,Enriched in Strong
group_3244,1,0,11,7,1,Enriched in Strong
yedZ1,1,0,11,7,1,Enriched in Strong
group_3243,1,0,11,7,1,Enriched in Strong
group_3242,1,0,11,7,1,Enriched in Strong
scpB_2~~~scpB_1,1,0,11,7,1,Enriched in Strong
group_3238,1,0,11,7,1,Enriched in Strong
mug,1,0,11,7,1,Enriched in Strong
group_3237,1,0,11,7,1,Enriched in Strong
group_3235,1,0,11,7,1,Enriched in Strong
group_3234,1,0,11,7,1,Enriched in Strong
ycaC_1,1,0,11,7,1,Enriched in Strong
group_3233,1,0,11,7,1,Enriched in Strong
group_3232,1,0,11,7,1,Enriched in Strong
group_3231,1,0,11,7,1,Enriched in Strong
group_3230,1,0,11,7,1,Enriched in Strong
lrpC_2~~~lrpC_1,1,0,11,7,1,Enriched in Strong
bluB,1,0,11,7,1,Enriched in Strong
group_3228,1,0,11,7,1,Enriched in Strong
stp_2,1,0,11,7,1,Enriched in Strong
group_3226,1,0,11,7,1,Enriched in Strong
group_3225,1,0,11,7,1,Enriched in Strong
group_3224,1,0,11,7,1,Enriched in Strong
ttuB_2,1,0,11,7,1,Enriched in Strong
group_3223,1,0,11,7,1,Enriched in Strong
group_3220,1,0,11,7,1,Enriched in Strong
btuB_3,1,0,11,7,1,Enriched in Strong
group_3217,1,0,11,7,1,Enriched in Strong
tmk_2~~~tmk_3,1,0,11,7,1,Enriched in Strong
group_3215,1,0,11,7,1,Enriched in Strong
group_3214,1,0,11,7,1,Enriched in Strong
kaiC_4~~~kaiC_1,1,0,11,7,1,Enriched in Strong
group_3211,1,0,11,7,1,Enriched in Strong
mreC,1,0,11,7,1,Enriched in Strong
group_3210,1,0,11,7,1,Enriched in Strong
group_3207,1,0,11,7,1,Enriched in Strong
group_3206,1,0,11,7,1,Enriched in Strong
group_3205,1,0,11,7,1,Enriched in Strong
ycgJ,1,0,11,7,1,Enriched in Strong
group_3204,1,0,11,7,1,Enriched in Strong
puuB_6~~~puuB_7,1,0,11,7,1,Enriched in Strong
por,1,0,11,7,1,Enriched in Strong
fhuA,1,0,11,7,1,Enriched in Strong
group_3202,1,0,11,7,1,Enriched in Strong
queA,1,0,11,7,1,Enriched in Strong
fatA,1,0,11,7,1,Enriched in Strong
group_3200,1,0,11,7,1,Enriched in Strong
group_3199,1,0,11,7,1,Enriched in Strong
group_3198,1,0,11,7,1,Enriched in Strong
nemA_2~~~nemA_3~~~nemA_1,1,0,11,7,1,Enriched in Strong
group_3197,1,0,11,7,1,Enriched in Strong
pxpC_1,1,0,11,7,1,Enriched in Strong
group_3196,1,0,11,7,1,Enriched in Strong
group_3195,1,0,11,7,1,Enriched in Strong
group_3194,1,0,11,7,1,Enriched in Strong
comR~~~comR_2,1,0,11,7,1,Enriched in Strong
group_3193,1,0,11,7,1,Enriched in Strong
group_3191,1,0,11,7,1,Enriched in Strong
group_3190,1,0,11,7,1,Enriched in Strong
group_3189,1,0,11,7,1,Enriched in Strong
group_3188,1,0,11,7,1,Enriched in Strong
group_3187,1,0,11,7,1,Enriched in Strong
group_3186,1,0,11,7,1,Enriched in Strong
ypeA_2~~~ypeA_1,1,0,11,7,1,Enriched in Strong
group_3185,1,0,11,7,1,Enriched in Strong
dauE~~~fabG_1,1,0,11,7,1,Enriched in Strong
group_3184,1,0,11,7,1,Enriched in Strong
group_3180,1,0,11,7,1,Enriched in Strong
group_3179,1,0,11,7,1,Enriched in Strong
ssuA_4~~~ssuA_3,1,0,11,7,1,Enriched in Strong
yjaB_1,1,0,11,7,1,Enriched in Strong
lptD,1,0,11,7,1,Enriched in Strong
group_3178,1,0,11,7,1,Enriched in Strong
ftsW,1,0,11,7,1,Enriched in Strong
group_3176,1,0,11,7,1,Enriched in Strong
group_3174,1,0,11,7,1,Enriched in Strong
group_3170,1,0,11,7,1,Enriched in Strong
group_3169,1,0,11,7,1,Enriched in Strong
group_3168,1,0,11,7,1,Enriched in Strong
group_3167,1,0,11,7,1,Enriched in Strong
group_3166,1,0,11,7,1,Enriched in Strong
alg8,1,0,11,7,1,Enriched in Strong
group_3165,1,0,11,7,1,Enriched in Strong
amnD,1,0,11,7,1,Enriched in Strong
group_3163,1,0,11,7,1,Enriched in Strong
group_3162,1,0,11,7,1,Enriched in Strong
group_3161,1,0,11,7,1,Enriched in Strong
group_3160,1,0,11,7,1,Enriched in Strong
group_3159,1,0,11,7,1,Enriched in Strong
yafV,1,0,11,7,1,Enriched in Strong
group_3157,1,0,11,7,1,Enriched in Strong
group_3156,1,0,11,7,1,Enriched in Strong
group_3154,1,0,11,7,1,Enriched in Strong
msrB_1~~~msrB_2,1,0,11,7,1,Enriched in Strong
group_3153,1,0,11,7,1,Enriched in Strong
group_3152,1,0,11,7,1,Enriched in Strong
uspA2,1,0,11,7,1,Enriched in Strong
kdgR_3,1,0,11,7,1,Enriched in Strong
group_3151,1,0,11,7,1,Enriched in Strong
group_3150,1,0,11,7,1,Enriched in Strong
alyA,1,0,11,7,1,Enriched in Strong
group_3149,1,0,11,7,1,Enriched in Strong
group_3148,1,0,11,7,1,Enriched in Strong
group_3147,1,0,11,7,1,Enriched in Strong
nudJ,1,0,11,7,1,Enriched in Strong
group_3146,1,0,11,7,1,Enriched in Strong
group_3145,1,0,11,7,1,Enriched in Strong
group_3144,1,0,11,7,1,Enriched in Strong
group_3142,1,0,11,7,1,Enriched in Strong
mobA_2,1,0,11,7,1,Enriched in Strong
group_3141,1,0,11,7,1,Enriched in Strong
group_3140,1,0,11,7,1,Enriched in Strong
eamA_1~~~eamA_3,1,0,11,7,1,Enriched in Strong
hyuC_2~~~hyuC_1,1,0,11,7,1,Enriched in Strong
group_3133,1,0,11,7,1,Enriched in Strong
group_3128,1,0,11,7,1,Enriched in Strong
group_3126,1,0,11,7,1,Enriched in Strong
cspA_1,1,0,11,7,1,Enriched in Strong
adh_1~~~adh_2,1,0,11,7,1,Enriched in Strong
fbp_2,1,0,11,7,1,Enriched in Strong
rppH_1,1,0,11,7,1,Enriched in Strong
pctA_2,1,0,11,7,1,Enriched in Strong
group_3123,1,0,11,7,1,Enriched in Strong
group_3122,1,0,11,7,1,Enriched in Strong
argD_2~~~bioA_2,1,0,11,7,1,Enriched in Strong
group_3120,1,0,11,7,1,Enriched in Strong
group_3117,1,0,11,7,1,Enriched in Strong
group_3116,1,0,11,7,1,Enriched in Strong
tmk_1,1,0,11,7,1,Enriched in Strong
group_3113,1,0,11,7,1,Enriched in Strong
group_3111,1,0,11,7,1,Enriched in Strong
group_3110,1,0,11,7,1,Enriched in Strong
group_3107,1,0,11,7,1,Enriched in Strong
group_3106,1,0,11,7,1,Enriched in Strong
yhdW_1~~~yhdW_2,1,0,11,7,1,Enriched in Strong
mutS,1,0,11,7,1,Enriched in Strong
eamA_2,1,0,11,7,1,Enriched in Strong
group_3104,1,0,11,7,1,Enriched in Strong
group_3101,1,0,11,7,1,Enriched in Strong
group_3100,1,0,11,7,1,Enriched in Strong
group_3099,1,0,11,7,1,Enriched in Strong
group_3098,1,0,11,7,1,Enriched in Strong
group_3095,1,0,11,7,1,Enriched in Strong
thiO,1,0,11,7,1,Enriched in Strong
group_3094,1,0,11,7,1,Enriched in Strong
group_3093,1,0,11,7,1,Enriched in Strong
ogt,1,0,11,7,1,Enriched in Strong
group_3092,1,0,11,7,1,Enriched in Strong
group_3091,1,0,11,7,1,Enriched in Strong
chrA,1,0,11,7,1,Enriched in Strong
group_3090,1,0,11,7,1,Enriched in Strong
qmcA_1~~~qmcA_2~~~qmcA,1,0,11,7,1,Enriched in Strong
metQ_2,1,0,11,7,1,Enriched in Strong
group_3089,1,0,11,7,1,Enriched in Strong
ybeZ,1,0,11,7,1,Enriched in Strong
xanP_1~~~xanP_2,1,0,11,7,1,Enriched in Strong
moaD,1,0,11,7,1,Enriched in Strong
group_3086,1,0,11,7,1,Enriched in Strong
group_3085,1,0,11,7,1,Enriched in Strong
ydjE,1,0,11,7,1,Enriched in Strong
group_3083,1,0,11,7,1,Enriched in Strong
zapE_3~~~zapE_4~~~zapE_1,1,0,11,7,1,Enriched in Strong
group_3081,1,0,11,7,1,Enriched in Strong
yraJ_1,1,0,11,7,1,Enriched in Strong
group_3079,1,0,11,7,1,Enriched in Strong
group_3078,1,0,11,7,1,Enriched in Strong
pdeG,1,0,11,7,1,Enriched in Strong
mshD~~~mshD_1,1,0,11,7,1,Enriched in Strong
group_3077,1,0,11,7,1,Enriched in Strong
group_3075,1,0,11,7,1,Enriched in Strong
group_3074,1,0,11,7,1,Enriched in Strong
group_3073,1,0,11,7,1,Enriched in Strong
group_3072,1,0,11,7,1,Enriched in Strong
group_3071,1,0,11,7,1,Enriched in Strong
group_3070,1,0,11,7,1,Enriched in Strong
yfgD,1,0,11,7,1,Enriched in Strong
group_3069,1,0,11,7,1,Enriched in Strong
soxA_2,1,0,11,7,1,Enriched in Strong
group_3068,1,0,11,7,1,Enriched in Strong
group_3067,1,0,11,7,1,Enriched in Strong
group_3066,1,0,11,7,1,Enriched in Strong
group_3064,1,0,11,7,1,Enriched in Strong
group_3062,1,0,11,7,1,Enriched in Strong
group_3061,1,0,11,7,1,Enriched in Strong
group_3060,1,0,11,7,1,Enriched in Strong
rsd,1,0,11,7,1,Enriched in Strong
rhaR_1~~~rhaR_2,1,0,11,7,1,Enriched in Strong
group_3058,1,0,11,7,1,Enriched in Strong
group_3057,1,0,11,7,1,Enriched in Strong
group_3056,1,0,11,7,1,Enriched in Strong
group_3055,1,0,11,7,1,Enriched in Strong
pikC,1,0,11,7,1,Enriched in Strong
group_3053,1,0,11,7,1,Enriched in Strong
trmK,1,0,11,7,1,Enriched in Strong
group_3052,1,0,11,7,1,Enriched in Strong
thiL,1,0,11,7,1,Enriched in Strong
rpoN,1,0,11,7,1,Enriched in Strong
group_3051,1,0,11,7,1,Enriched in Strong
group_3050,1,0,11,7,1,Enriched in Strong
group_3049,1,0,11,7,1,Enriched in Strong
group_3048,1,0,11,7,1,Enriched in Strong
dmlR_9~~~dmlR_11~~~dmlR_5,1,0,11,7,1,Enriched in Strong
vldW,1,0,11,7,1,Enriched in Strong
group_3047,1,0,11,7,1,Enriched in Strong
group_3046,1,0,11,7,1,Enriched in Strong
group_3045,1,0,11,7,1,Enriched in Strong
argP_3~~~oxyR_2,1,0,11,7,1,Enriched in Strong
dhmA_1,1,0,11,7,1,Enriched in Strong
group_3043,1,0,11,7,1,Enriched in Strong
gltS_1~~~gltS_2~~~gltS,1,0,11,7,1,Enriched in Strong
group_3042,1,0,11,7,1,Enriched in Strong
group_3040,1,0,11,7,1,Enriched in Strong
hss,1,0,11,7,1,Enriched in Strong
group_3037,1,0,11,7,1,Enriched in Strong
group_3036,1,0,11,7,1,Enriched in Strong
acpH,1,0,11,7,1,Enriched in Strong
group_3035,1,0,11,7,1,Enriched in Strong
hpcH,1,0,11,7,1,Enriched in Strong
hcpA_3~~~hcpA_2,1,0,11,7,1,Enriched in Strong
group_3033,1,0,11,7,1,Enriched in Strong
group_3032,1,0,11,7,1,Enriched in Strong
rimJ,1,0,11,7,1,Enriched in Strong
mdcC,1,0,11,7,1,Enriched in Strong
group_3030,1,0,11,7,1,Enriched in Strong
group_3029,1,0,11,7,1,Enriched in Strong
rcsC_19~~~rcsC_28,1,0,11,7,1,Enriched in Strong
mdtD_2,1,0,11,7,1,Enriched in Strong
yciO,1,0,11,7,1,Enriched in Strong
group_3028,1,0,11,7,1,Enriched in Strong
group_3027,1,0,11,7,1,Enriched in Strong
ddl,1,0,11,7,1,Enriched in Strong
bdlA_1~~~bdlA_4,1,0,11,7,1,Enriched in Strong
hisI_1~~~hisI_2,1,0,11,7,1,Enriched in Strong
group_3026,1,0,11,7,1,Enriched in Strong
group_3025,1,0,11,7,1,Enriched in Strong
group_3023,1,0,11,7,1,Enriched in Strong
ptsO,1,0,11,7,1,Enriched in Strong
group_3022,1,0,11,7,1,Enriched in Strong
group_3021,1,0,11,7,1,Enriched in Strong
yofA_3~~~yofA_2,1,0,11,7,1,Enriched in Strong
mdcG,1,0,11,7,1,Enriched in Strong
group_3020,1,0,11,7,1,Enriched in Strong
group_3019,1,0,11,7,1,Enriched in Strong
group_3018,1,0,11,7,1,Enriched in Strong
lpxD_2~~~dapH_1,1,0,11,7,1,Enriched in Strong
dmoA_1,1,0,11,7,1,Enriched in Strong
rutB_1~~~rutB_2,1,0,11,7,1,Enriched in Strong
group_3016,1,0,11,7,1,Enriched in Strong
exuT_2,1,0,11,7,1,Enriched in Strong
group_3015,1,0,11,7,1,Enriched in Strong
group_3014,1,0,11,7,1,Enriched in Strong
group_3012,1,0,11,7,1,Enriched in Strong
dusA,1,0,11,7,1,Enriched in Strong
group_3011,1,0,11,7,1,Enriched in Strong
group_3010,1,0,11,7,1,Enriched in Strong
group_3009,1,0,11,7,1,Enriched in Strong
group_3008,1,0,11,7,1,Enriched in Strong
group_3007,1,0,11,7,1,Enriched in Strong
hdfR_1,1,0,11,7,1,Enriched in Strong
group_3006,1,0,11,7,1,Enriched in Strong
sigW_1,1,0,11,7,1,Enriched in Strong
ssuB_3~~~ssuB_2,1,0,11,7,1,Enriched in Strong
group_3004,1,0,11,7,1,Enriched in Strong
mglA~~~rbsA_1,1,0,11,7,1,Enriched in Strong
group_3003,1,0,11,7,1,Enriched in Strong
btuD_8~~~btuD_6,1,0,11,7,1,Enriched in Strong
group_3002,1,0,11,7,1,Enriched in Strong
group_3001,1,0,11,7,1,Enriched in Strong
group_3000,1,0,11,7,1,Enriched in Strong
ypeA_1,1,0,11,7,1,Enriched in Strong
gsiB,1,0,11,7,1,Enriched in Strong
group_2999,1,0,11,7,1,Enriched in Strong
stp_2~~~stp_1,1,0,11,7,1,Enriched in Strong
kipR,1,0,11,7,1,Enriched in Strong
hdfR_7~~~hdfR_6,1,0,11,7,1,Enriched in Strong
group_2998,1,0,11,7,1,Enriched in Strong
kdgR_1~~~kdgR_2,1,0,11,7,1,Enriched in Strong
kefF_1,1,0,11,7,1,Enriched in Strong
group_2995,1,0,11,7,1,Enriched in Strong
group_2994,1,0,11,7,1,Enriched in Strong
rhtC_2,1,0,11,7,1,Enriched in Strong
group_2993,1,0,11,7,1,Enriched in Strong
recX,1,0,11,7,1,Enriched in Strong
group_2992,1,0,11,7,1,Enriched in Strong
group_2991,1,0,11,7,1,Enriched in Strong
group_2990,1,0,11,7,1,Enriched in Strong
group_2989,1,0,11,7,1,Enriched in Strong
group_2988,1,0,11,7,1,Enriched in Strong
yphB,1,0,11,7,1,Enriched in Strong
group_2987,1,0,11,7,1,Enriched in Strong
group_2986,1,0,11,7,1,Enriched in Strong
group_2985,1,0,11,7,1,Enriched in Strong
ttgC_1~~~ttgC_4,1,0,11,7,1,Enriched in Strong
group_2984,1,0,11,7,1,Enriched in Strong
group_2983,1,0,11,7,1,Enriched in Strong
mscS_1,1,0,11,7,1,Enriched in Strong
group_2982,1,0,11,7,1,Enriched in Strong
group_2981,1,0,11,7,1,Enriched in Strong
group_2980,1,0,11,7,1,Enriched in Strong
group_2979,1,0,11,7,1,Enriched in Strong
group_2978,1,0,11,7,1,Enriched in Strong
proB,1,0,11,7,1,Enriched in Strong
group_2977,1,0,11,7,1,Enriched in Strong
group_2976,1,0,11,7,1,Enriched in Strong
gabR_3~~~gabR_2,1,0,11,7,1,Enriched in Strong
group_2975,1,0,11,7,1,Enriched in Strong
group_2974,1,0,11,7,1,Enriched in Strong
group_2973,1,0,11,7,1,Enriched in Strong
group_2972,1,0,11,7,1,Enriched in Strong
arsC,1,0,11,7,1,Enriched in Strong
LhpG,1,0,11,7,1,Enriched in Strong
gcvA_8,1,0,11,7,1,Enriched in Strong
group_2971,1,0,11,7,1,Enriched in Strong
group_2970,1,0,11,7,1,Enriched in Strong
group_2969,1,0,11,7,1,Enriched in Strong
group_2968,1,0,11,7,1,Enriched in Strong
tag_2,1,0,11,7,1,Enriched in Strong
group_2967,1,0,11,7,1,Enriched in Strong
czcR_1~~~czcR_2,1,0,11,7,1,Enriched in Strong
group_2964,1,0,11,7,1,Enriched in Strong
group_2963,1,0,11,7,1,Enriched in Strong
group_2962,1,0,11,7,1,Enriched in Strong
group_2960,1,0,11,7,1,Enriched in Strong
group_2959,1,0,11,7,1,Enriched in Strong
group_2958,1,0,11,7,1,Enriched in Strong
phnZ,1,0,11,7,1,Enriched in Strong
yjgH,1,0,11,7,1,Enriched in Strong
group_2956,1,0,11,7,1,Enriched in Strong
group_2955,1,0,11,7,1,Enriched in Strong
group_2954,1,0,11,7,1,Enriched in Strong
dapA_4~~~dapA_3,1,0,11,7,1,Enriched in Strong
group_2953,1,0,11,7,1,Enriched in Strong
dthadh,1,0,11,7,1,Enriched in Strong
group_2951,1,0,11,7,1,Enriched in Strong
group_2949,1,0,11,7,1,Enriched in Strong
group_2948,1,0,11,7,1,Enriched in Strong
paiA_1,1,0,11,7,1,Enriched in Strong
group_2947,1,0,11,7,1,Enriched in Strong
mdtC_3~~~mdtC_4~~~mdtC_1,1,0,11,7,1,Enriched in Strong
gcvA_11~~~gcvA_9,1,0,11,7,1,Enriched in Strong
group_2945,1,0,11,7,1,Enriched in Strong
preT,1,0,11,7,1,Enriched in Strong
gatA~~~gatA_1,1,0,11,7,1,Enriched in Strong
group_2944,1,0,11,7,1,Enriched in Strong
group_2943,1,0,11,7,1,Enriched in Strong
group_2942,1,0,11,7,1,Enriched in Strong
group_2941,1,0,11,7,1,Enriched in Strong
xylB_3,1,0,11,7,1,Enriched in Strong
tatD,1,0,11,7,1,Enriched in Strong
group_2940,1,0,11,7,1,Enriched in Strong
group_2939,1,0,11,7,1,Enriched in Strong
prfB,1,0,11,7,1,Enriched in Strong
group_2937,1,0,11,7,1,Enriched in Strong
group_2933,1,0,11,7,1,Enriched in Strong
menH_2~~~dhmA2_2,1,0,11,7,1,Enriched in Strong
group_2932,1,0,11,7,1,Enriched in Strong
yejE_1,1,0,11,7,1,Enriched in Strong
group_2931,1,0,11,7,1,Enriched in Strong
oprD_3,1,0,11,7,1,Enriched in Strong
gcvA_6~~~gcvA_3,1,0,11,7,1,Enriched in Strong
uppP_2~~~uppP_1,1,0,11,7,1,Enriched in Strong
group_2927,1,0,11,7,1,Enriched in Strong
group_2926,1,0,11,7,1,Enriched in Strong
group_2924,1,0,11,7,1,Enriched in Strong
group_2923,1,0,11,7,1,Enriched in Strong
group_2922,1,0,11,7,1,Enriched in Strong
group_2921,1,0,11,7,1,Enriched in Strong
ynbD,1,0,11,7,1,Enriched in Strong
msrA_3~~~msrA_1,1,0,11,7,1,Enriched in Strong
dhmA_2,1,0,11,7,1,Enriched in Strong
glk,1,0,11,7,1,Enriched in Strong
btuF_3~~~btuF_2,1,0,11,7,1,Enriched in Strong
cph1,1,0,11,7,1,Enriched in Strong
group_2918,1,0,11,7,1,Enriched in Strong
group_2917,1,0,11,7,1,Enriched in Strong
folP,1,0,11,7,1,Enriched in Strong
infC,1,0,11,7,1,Enriched in Strong
group_2916,1,0,11,7,1,Enriched in Strong
group_2915,1,0,11,7,1,Enriched in Strong
group_2914,1,0,11,7,1,Enriched in Strong
rhaS_6~~~rhaS_8,1,0,11,7,1,Enriched in Strong
ydjA,1,0,11,7,1,Enriched in Strong
group_2913,1,0,11,7,1,Enriched in Strong
group_2912,1,0,11,7,1,Enriched in Strong
group_2911,1,0,11,7,1,Enriched in Strong
group_2910,1,0,11,7,1,Enriched in Strong
group_2909,1,0,11,7,1,Enriched in Strong
ephA_2~~~ephA,1,0,11,7,1,Enriched in Strong
group_2908,1,0,11,7,1,Enriched in Strong
group_2907,1,0,11,7,1,Enriched in Strong
eamB_2~~~eamB_4,1,0,11,7,1,Enriched in Strong
group_2906,1,0,11,7,1,Enriched in Strong
group_2903,1,0,11,7,1,Enriched in Strong
group_2902,1,0,11,7,1,Enriched in Strong
acs_3~~~acs_2,1,0,11,7,1,Enriched in Strong
yfcS,1,0,11,7,1,Enriched in Strong
group_2901,1,0,11,7,1,Enriched in Strong
yadV_1~~~yadV_3,1,0,11,7,1,Enriched in Strong
group_2899,1,0,11,7,1,Enriched in Strong
kdpC_1,1,0,11,7,1,Enriched in Strong
serC,1,0,11,7,1,Enriched in Strong
group_2898,1,0,11,7,1,Enriched in Strong
group_2896,1,0,11,7,1,Enriched in Strong
cckA,1,0,11,7,1,Enriched in Strong
bvgA_3~~~bvgA_1,1,0,11,7,1,Enriched in Strong
yeeA,1,0,11,7,1,Enriched in Strong
group_2895,1,0,11,7,1,Enriched in Strong
group_2889,1,0,11,7,1,Enriched in Strong
group_2885,1,0,11,7,1,Enriched in Strong
group_2884,1,0,11,7,1,Enriched in Strong
group_2879,1,0,11,7,1,Enriched in Strong
group_2866,1,0,11,7,1,Enriched in Strong
group_2862,1,0,11,7,1,Enriched in Strong
group_2855,1,0,11,7,1,Enriched in Strong
group_2854,1,0,11,7,1,Enriched in Strong
pqqA,1,0,11,7,1,Enriched in Strong
group_2851,1,0,11,7,1,Enriched in Strong
group_2841,1,0,11,7,1,Enriched in Strong
group_2840,1,0,11,7,1,Enriched in Strong
group_2839,1,0,11,7,1,Enriched in Strong
group_2836,1,0,11,7,1,Enriched in Strong
group_2828,1,0,11,7,1,Enriched in Strong
rpmG,1,0,11,7,1,Enriched in Strong
group_2822,1,0,11,7,1,Enriched in Strong
group_2821,1,0,11,7,1,Enriched in Strong
group_2820,1,0,11,7,1,Enriched in Strong
group_2814,1,0,11,7,1,Enriched in Strong
group_2813,1,0,11,7,1,Enriched in Strong
group_2812,1,0,11,7,1,Enriched in Strong
rubA2,1,0,11,7,1,Enriched in Strong
group_2808,1,0,11,7,1,Enriched in Strong
group_2803,1,0,11,7,1,Enriched in Strong
group_2801,1,0,11,7,1,Enriched in Strong
group_2800,1,0,11,7,1,Enriched in Strong
group_2799,1,0,11,7,1,Enriched in Strong
rubA1,1,0,11,7,1,Enriched in Strong
group_2794,1,0,11,7,1,Enriched in Strong
group_2792,1,0,11,7,1,Enriched in Strong
group_2791,1,0,11,7,1,Enriched in Strong
group_2790,1,0,11,7,1,Enriched in Strong
group_2789,1,0,11,7,1,Enriched in Strong
group_2788,1,0,11,7,1,Enriched in Strong
group_2787,1,0,11,7,1,Enriched in Strong
group_2784,1,0,11,7,1,Enriched in Strong
group_2783,1,0,11,7,1,Enriched in Strong
group_2782,1,0,11,7,1,Enriched in Strong
rpmD,1,0,11,7,1,Enriched in Strong
group_2781,1,0,11,7,1,Enriched in Strong
group_2780,1,0,11,7,1,Enriched in Strong
group_2779,1,0,11,7,1,Enriched in Strong
group_2778,1,0,11,7,1,Enriched in Strong
group_2772,1,0,11,7,1,Enriched in Strong
group_2771,1,0,11,7,1,Enriched in Strong
group_2769,1,0,11,7,1,Enriched in Strong
rpmF,1,0,11,7,1,Enriched in Strong
group_2763,1,0,11,7,1,Enriched in Strong
group_2762,1,0,11,7,1,Enriched in Strong
group_2760,1,0,11,7,1,Enriched in Strong
group_2753,1,0,11,7,1,Enriched in Strong
group_2752,1,0,11,7,1,Enriched in Strong
group_2751,1,0,11,7,1,Enriched in Strong
group_2750,1,0,11,7,1,Enriched in Strong
group_2741,1,0,11,7,1,Enriched in Strong
csrA2,1,0,11,7,1,Enriched in Strong
group_2739,1,0,11,7,1,Enriched in Strong
group_2738,1,0,11,7,1,Enriched in Strong
group_2737,1,0,11,7,1,Enriched in Strong
rpmC,1,0,11,7,1,Enriched in Strong
group_2731,1,0,11,7,1,Enriched in Strong
group_2730,1,0,11,7,1,Enriched in Strong
rpmI,1,0,11,7,1,Enriched in Strong
csrA1,1,0,11,7,1,Enriched in Strong
group_2724,1,0,11,7,1,Enriched in Strong
group_2723,1,0,11,7,1,Enriched in Strong
group_2722,1,0,11,7,1,Enriched in Strong
group_2720,1,0,11,7,1,Enriched in Strong
group_2718,1,0,11,7,1,Enriched in Strong
group_2716,1,0,11,7,1,Enriched in Strong
group_2715,1,0,11,7,1,Enriched in Strong
group_2705,1,0,11,7,1,Enriched in Strong
yacG,1,0,11,7,1,Enriched in Strong
aaeX,1,0,11,7,1,Enriched in Strong
group_2703,1,0,11,7,1,Enriched in Strong
group_2702,1,0,11,7,1,Enriched in Strong
group_2701,1,0,11,7,1,Enriched in Strong
group_2695,1,0,11,7,1,Enriched in Strong
csrA,1,0,11,7,1,Enriched in Strong
slyX,1,0,11,7,1,Enriched in Strong
group_2682,1,0,11,7,1,Enriched in Strong
group_2680,1,0,11,7,1,Enriched in Strong
group_2679,1,0,11,7,1,Enriched in Strong
capB_2,1,0,11,7,1,Enriched in Strong
group_2673,1,0,11,7,1,Enriched in Strong
group_2672,1,0,11,7,1,Enriched in Strong
cspA_2,1,0,11,7,1,Enriched in Strong
group_2666,1,0,11,7,1,Enriched in Strong
group_2665,1,0,11,7,1,Enriched in Strong
group_2664,1,0,11,7,1,Enriched in Strong
group_2663,1,0,11,7,1,Enriched in Strong
iscX,1,0,11,7,1,Enriched in Strong
group_2662,1,0,11,7,1,Enriched in Strong
rpsU,1,0,11,7,1,Enriched in Strong
group_2660,1,0,11,7,1,Enriched in Strong
group_2651,1,0,11,7,1,Enriched in Strong
group_2650,1,0,11,7,1,Enriched in Strong
infA,1,0,11,7,1,Enriched in Strong
group_2648,1,0,11,7,1,Enriched in Strong
group_2647,1,0,11,7,1,Enriched in Strong
group_2646,1,0,11,7,1,Enriched in Strong
group_2645,1,0,11,7,1,Enriched in Strong
group_2638,1,0,11,7,1,Enriched in Strong
group_2637,1,0,11,7,1,Enriched in Strong
group_2636,1,0,11,7,1,Enriched in Strong
group_2635,1,0,11,7,1,Enriched in Strong
group_2626,1,0,11,7,1,Enriched in Strong
group_2625,1,0,11,7,1,Enriched in Strong
group_2624,1,0,11,7,1,Enriched in Strong
mbtH,1,0,11,7,1,Enriched in Strong
group_2622,1,0,11,7,1,Enriched in Strong
group_2621,1,0,11,7,1,Enriched in Strong
group_2613,1,0,11,7,1,Enriched in Strong
group_2612,1,0,11,7,1,Enriched in Strong
group_2611,1,0,11,7,1,Enriched in Strong
group_2610,1,0,11,7,1,Enriched in Strong
group_2609,1,0,11,7,1,Enriched in Strong
group_2605,1,0,11,7,1,Enriched in Strong
group_2591,1,0,11,7,1,Enriched in Strong
group_2589,1,0,11,7,1,Enriched in Strong
group_2588,1,0,11,7,1,Enriched in Strong
group_2587,1,0,11,7,1,Enriched in Strong
group_2586,1,0,11,7,1,Enriched in Strong
rpmB,1,0,11,7,1,Enriched in Strong
acpP_3,1,0,11,7,1,Enriched in Strong
group_2578,1,0,11,7,1,Enriched in Strong
group_2575,1,0,11,7,1,Enriched in Strong
group_2574,1,0,11,7,1,Enriched in Strong
group_2564,1,0,11,7,1,Enriched in Strong
group_2563,1,0,11,7,1,Enriched in Strong
group_2562,1,0,11,7,1,Enriched in Strong
tusA_1,1,0,11,7,1,Enriched in Strong
group_2549,1,0,11,7,1,Enriched in Strong
xseB,1,0,11,7,1,Enriched in Strong
clpS,1,0,11,7,1,Enriched in Strong
group_2545,1,0,11,7,1,Enriched in Strong
group_2544,1,0,11,7,1,Enriched in Strong
group_2540,1,0,11,7,1,Enriched in Strong
group_2539,1,0,11,7,1,Enriched in Strong
group_2538,1,0,11,7,1,Enriched in Strong
group_2526,1,0,11,7,1,Enriched in Strong
group_2525,1,0,11,7,1,Enriched in Strong
group_2524,1,0,11,7,1,Enriched in Strong
group_2523,1,0,11,7,1,Enriched in Strong
group_2522,1,0,11,7,1,Enriched in Strong
rpsP,1,0,11,7,1,Enriched in Strong
group_2521,1,0,11,7,1,Enriched in Strong
group_2520,1,0,11,7,1,Enriched in Strong
tusA_2,1,0,11,7,1,Enriched in Strong
fdx_1,1,0,11,7,1,Enriched in Strong
group_2508,1,0,11,7,1,Enriched in Strong
sdhE,1,0,11,7,1,Enriched in Strong
minE,1,0,11,7,1,Enriched in Strong
group_2507,1,0,11,7,1,Enriched in Strong
atpH_2,1,0,11,7,1,Enriched in Strong
group_2498,1,0,11,7,1,Enriched in Strong
group_2497,1,0,11,7,1,Enriched in Strong
group_2496,1,0,11,7,1,Enriched in Strong
rpmA,1,0,11,7,1,Enriched in Strong
group_2495,1,0,11,7,1,Enriched in Strong
group_2483,1,0,11,7,1,Enriched in Strong
group_2482,1,0,11,7,1,Enriched in Strong
group_2481,1,0,11,7,1,Enriched in Strong
group_2480,1,0,11,7,1,Enriched in Strong
group_2478,1,0,11,7,1,Enriched in Strong
group_2477,1,0,11,7,1,Enriched in Strong
ubiK,1,0,11,7,1,Enriched in Strong
group_2468,1,0,11,7,1,Enriched in Strong
group_2467,1,0,11,7,1,Enriched in Strong
group_2465,1,0,11,7,1,Enriched in Strong
group_2464,1,0,11,7,1,Enriched in Strong
rpoZ,1,0,11,7,1,Enriched in Strong
group_2453,1,0,11,7,1,Enriched in Strong
rpsQ,1,0,11,7,1,Enriched in Strong
group_2452,1,0,11,7,1,Enriched in Strong
group_2444,1,0,11,7,1,Enriched in Strong
group_2443,1,0,11,7,1,Enriched in Strong
group_2442,1,0,11,7,1,Enriched in Strong
group_2441,1,0,11,7,1,Enriched in Strong
group_2440,1,0,11,7,1,Enriched in Strong
rpsO,1,0,11,7,1,Enriched in Strong
fliQ,1,0,11,7,1,Enriched in Strong
group_2431,1,0,11,7,1,Enriched in Strong
group_2430,1,0,11,7,1,Enriched in Strong
group_2429,1,0,11,7,1,Enriched in Strong
hupB_3,1,0,11,7,1,Enriched in Strong
rpmE2,1,0,11,7,1,Enriched in Strong
group_2426,1,0,11,7,1,Enriched in Strong
group_2420,1,0,11,7,1,Enriched in Strong
ppiC_1,1,0,11,7,1,Enriched in Strong
group_2419,1,0,11,7,1,Enriched in Strong
group_2418,1,0,11,7,1,Enriched in Strong
group_2417,1,0,11,7,1,Enriched in Strong
rpsS,1,0,11,7,1,Enriched in Strong
group_2416,1,0,11,7,1,Enriched in Strong
frmR,1,0,11,7,1,Enriched in Strong
group_2415,1,0,11,7,1,Enriched in Strong
pqqD,1,0,11,7,1,Enriched in Strong
hupB_1,1,0,11,7,1,Enriched in Strong
rpsT,1,0,11,7,1,Enriched in Strong
group_2409,1,0,11,7,1,Enriched in Strong
group_2408,1,0,11,7,1,Enriched in Strong
group_2406,1,0,11,7,1,Enriched in Strong
group_2405,1,0,11,7,1,Enriched in Strong
group_2404,1,0,11,7,1,Enriched in Strong
mrpX,1,0,11,7,1,Enriched in Strong
group_2399,1,0,11,7,1,Enriched in Strong
hupB_2,1,0,11,7,1,Enriched in Strong
group_2398,1,0,11,7,1,Enriched in Strong
group_2397,1,0,11,7,1,Enriched in Strong
group_2393,1,0,11,7,1,Enriched in Strong
group_2390,1,0,11,7,1,Enriched in Strong
group_2389,1,0,11,7,1,Enriched in Strong
group_2388,1,0,11,7,1,Enriched in Strong
ppnP,1,0,11,7,1,Enriched in Strong
group_2387,1,0,11,7,1,Enriched in Strong
group_2379,1,0,11,7,1,Enriched in Strong
group_2378,1,0,11,7,1,Enriched in Strong
gatC,1,0,11,7,1,Enriched in Strong
group_2377,1,0,11,7,1,Enriched in Strong
group_2368,1,0,11,7,1,Enriched in Strong
group_2367,1,0,11,7,1,Enriched in Strong
group_2366,1,0,11,7,1,Enriched in Strong
catC,1,0,11,7,1,Enriched in Strong
group_2365,1,0,11,7,1,Enriched in Strong
bolA,1,0,11,7,1,Enriched in Strong
ftsL,1,0,11,7,1,Enriched in Strong
ycgL,1,0,11,7,1,Enriched in Strong
group_2349,1,0,11,7,1,Enriched in Strong
groS,1,0,11,7,1,Enriched in Strong
ihfB,1,0,11,7,1,Enriched in Strong
group_2348,1,0,11,7,1,Enriched in Strong
group_2347,1,0,11,7,1,Enriched in Strong
group_2346,1,0,11,7,1,Enriched in Strong
inh,1,0,11,7,1,Enriched in Strong
rplW,1,0,11,7,1,Enriched in Strong
yciI_1,1,0,11,7,1,Enriched in Strong
group_2340,1,0,11,7,1,Enriched in Strong
ihfA,1,0,11,7,1,Enriched in Strong
group_2334,1,0,11,7,1,Enriched in Strong
group_2332,1,0,11,7,1,Enriched in Strong
group_2331,1,0,11,7,1,Enriched in Strong
group_2330,1,0,11,7,1,Enriched in Strong
soxD,1,0,11,7,1,Enriched in Strong
group_2324,1,0,11,7,1,Enriched in Strong
group_2323,1,0,11,7,1,Enriched in Strong
group_2322,1,0,11,7,1,Enriched in Strong
pchB,1,0,11,7,1,Enriched in Strong
rpsN,1,0,11,7,1,Enriched in Strong
group_2320,1,0,11,7,1,Enriched in Strong
group_2319,1,0,11,7,1,Enriched in Strong
group_2318,1,0,11,7,1,Enriched in Strong
group_2309,1,0,11,7,1,Enriched in Strong
group_2308,1,0,11,7,1,Enriched in Strong
group_2307,1,0,11,7,1,Enriched in Strong
nuoK,1,0,11,7,1,Enriched in Strong
group_2306,1,0,11,7,1,Enriched in Strong
group_2305,1,0,11,7,1,Enriched in Strong
yhbY,1,0,11,7,1,Enriched in Strong
group_2304,1,0,11,7,1,Enriched in Strong
group_2303,1,0,11,7,1,Enriched in Strong
group_2295,1,0,11,7,1,Enriched in Strong
group_2294,1,0,11,7,1,Enriched in Strong
group_2293,1,0,11,7,1,Enriched in Strong
mqsR,1,0,11,7,1,Enriched in Strong
rpsJ,1,0,11,7,1,Enriched in Strong
group_2292,1,0,11,7,1,Enriched in Strong
yjcH,1,0,11,7,1,Enriched in Strong
group_2288,1,0,11,7,1,Enriched in Strong
gdx,1,0,11,7,1,Enriched in Strong
group_2287,1,0,11,7,1,Enriched in Strong
rplX,1,0,11,7,1,Enriched in Strong
rplU,1,0,11,7,1,Enriched in Strong
yqjD_1,1,0,11,7,1,Enriched in Strong
group_2286,1,0,11,7,1,Enriched in Strong
group_2285,1,0,11,7,1,Enriched in Strong
group_2279,1,0,11,7,1,Enriched in Strong
group_2278,1,0,11,7,1,Enriched in Strong
group_2277,1,0,11,7,1,Enriched in Strong
group_2276,1,0,11,7,1,Enriched in Strong
zapA,1,0,11,7,1,Enriched in Strong
group_2271,1,0,11,7,1,Enriched in Strong
group_2270,1,0,11,7,1,Enriched in Strong
yqjZ,1,0,11,7,1,Enriched in Strong
group_2268,1,0,11,7,1,Enriched in Strong
group_2266,1,0,11,7,1,Enriched in Strong
group_2259,1,0,11,7,1,Enriched in Strong
group_2258,1,0,11,7,1,Enriched in Strong
group_2257,1,0,11,7,1,Enriched in Strong
fdxA,1,0,11,7,1,Enriched in Strong
iscA,1,0,11,7,1,Enriched in Strong
group_2256,1,0,11,7,1,Enriched in Strong
group_2255,1,0,11,7,1,Enriched in Strong
group_2251,1,0,11,7,1,Enriched in Strong
group_2250,1,0,11,7,1,Enriched in Strong
group_2249,1,0,11,7,1,Enriched in Strong
group_2248,1,0,11,7,1,Enriched in Strong
group_2247,1,0,11,7,1,Enriched in Strong
group_2246,1,0,11,7,1,Enriched in Strong
sutA,1,0,11,7,1,Enriched in Strong
group_2240,1,0,11,7,1,Enriched in Strong
group_2239,1,0,11,7,1,Enriched in Strong
group_2238,1,0,11,7,1,Enriched in Strong
group_2237,1,0,11,7,1,Enriched in Strong
yqcC,1,0,11,7,1,Enriched in Strong
group_2235,1,0,11,7,1,Enriched in Strong
flhB_2,1,0,11,7,1,Enriched in Strong
group_2234,1,0,11,7,1,Enriched in Strong
fliE,1,0,11,7,1,Enriched in Strong
glpE_1,1,0,11,7,1,Enriched in Strong
trxA,1,0,11,7,1,Enriched in Strong
group_2223,1,0,11,7,1,Enriched in Strong
rplV,1,0,11,7,1,Enriched in Strong
group_2222,1,0,11,7,1,Enriched in Strong
group_2221,1,0,11,7,1,Enriched in Strong
group_2220,1,0,11,7,1,Enriched in Strong
cyaY,1,0,11,7,1,Enriched in Strong
group_2210,1,0,11,7,1,Enriched in Strong
group_2209,1,0,11,7,1,Enriched in Strong
tusE,1,0,11,7,1,Enriched in Strong
group_2208,1,0,11,7,1,Enriched in Strong
bigR,1,0,11,7,1,Enriched in Strong
group_2207,1,0,11,7,1,Enriched in Strong
group_2206,1,0,11,7,1,Enriched in Strong
group_2205,1,0,11,7,1,Enriched in Strong
group_2198,1,0,11,7,1,Enriched in Strong
group_2197,1,0,11,7,1,Enriched in Strong
ydgC,1,0,11,7,1,Enriched in Strong
grxD,1,0,11,7,1,Enriched in Strong
yajC,1,0,11,7,1,Enriched in Strong
ybaB,1,0,11,7,1,Enriched in Strong
group_2196,1,0,11,7,1,Enriched in Strong
glnK,1,0,11,7,1,Enriched in Strong
group_2192,1,0,11,7,1,Enriched in Strong
group_2189,1,0,11,7,1,Enriched in Strong
cyoD,1,0,11,7,1,Enriched in Strong
fdx_2,1,0,11,7,1,Enriched in Strong
group_2188,1,0,11,7,1,Enriched in Strong
group_2187,1,0,11,7,1,Enriched in Strong
group_2186,1,0,11,7,1,Enriched in Strong
group_2185,1,0,11,7,1,Enriched in Strong
group_2179,1,0,11,7,1,Enriched in Strong
group_2178,1,0,11,7,1,Enriched in Strong
group_2177,1,0,11,7,1,Enriched in Strong
mnhC1,1,0,11,7,1,Enriched in Strong
group_2176,1,0,11,7,1,Enriched in Strong
group_2175,1,0,11,7,1,Enriched in Strong
group_2174,1,0,11,7,1,Enriched in Strong
group_2173,1,0,11,7,1,Enriched in Strong
group_2172,1,0,11,7,1,Enriched in Strong
group_2171,1,0,11,7,1,Enriched in Strong
group_2168,1,0,11,7,1,Enriched in Strong
group_2167,1,0,11,7,1,Enriched in Strong
group_2166,1,0,11,7,1,Enriched in Strong
arnE_3,1,0,11,7,1,Enriched in Strong
group_2165,1,0,11,7,1,Enriched in Strong
group_2163,1,0,11,7,1,Enriched in Strong
group_2162,1,0,11,7,1,Enriched in Strong
tusC,1,0,11,7,1,Enriched in Strong
group_2155,1,0,11,7,1,Enriched in Strong
rplR,1,0,11,7,1,Enriched in Strong
rplS,1,0,11,7,1,Enriched in Strong
group_2154,1,0,11,7,1,Enriched in Strong
group_2153,1,0,11,7,1,Enriched in Strong
rutC_2,1,0,11,7,1,Enriched in Strong
group_2150,1,0,11,7,1,Enriched in Strong
group_2148,1,0,11,7,1,Enriched in Strong
group_2147,1,0,11,7,1,Enriched in Strong
cidA_2,1,0,11,7,1,Enriched in Strong
pucM,1,0,11,7,1,Enriched in Strong
group_2146,1,0,11,7,1,Enriched in Strong
folB,1,0,11,7,1,Enriched in Strong
group_2145,1,0,11,7,1,Enriched in Strong
rutC_1,1,0,11,7,1,Enriched in Strong
group_2139,1,0,11,7,1,Enriched in Strong
rplT,1,0,11,7,1,Enriched in Strong
group_2138,1,0,11,7,1,Enriched in Strong
group_2137,1,0,11,7,1,Enriched in Strong
queD,1,0,11,7,1,Enriched in Strong
group_2136,1,0,11,7,1,Enriched in Strong
rpsM,1,0,11,7,1,Enriched in Strong
group_2135,1,0,11,7,1,Enriched in Strong
group_2134,1,0,11,7,1,Enriched in Strong
arnE_2,1,0,11,7,1,Enriched in Strong
group_2133,1,0,11,7,1,Enriched in Strong
group_2127,1,0,11,7,1,Enriched in Strong
group_2120,1,0,11,7,1,Enriched in Strong
group_2119,1,0,11,7,1,Enriched in Strong
group_2118,1,0,11,7,1,Enriched in Strong
group_2117,1,0,11,7,1,Enriched in Strong
walR_2,1,0,11,7,1,Enriched in Strong
group_2116,1,0,11,7,1,Enriched in Strong
dgkA,1,0,11,7,1,Enriched in Strong
group_2115,1,0,11,7,1,Enriched in Strong
group_2114,1,0,11,7,1,Enriched in Strong
group_2113,1,0,11,7,1,Enriched in Strong
group_2112,1,0,11,7,1,Enriched in Strong
group_2101,1,0,11,7,1,Enriched in Strong
group_2100,1,0,11,7,1,Enriched in Strong
group_2099,1,0,11,7,1,Enriched in Strong
pcoC,1,0,11,7,1,Enriched in Strong
group_2098,1,0,11,7,1,Enriched in Strong
rplL,1,0,11,7,1,Enriched in Strong
pleD,1,0,11,7,1,Enriched in Strong
group_2093,1,0,11,7,1,Enriched in Strong
rplN,1,0,11,7,1,Enriched in Strong
secE,1,0,11,7,1,Enriched in Strong
sdhD,1,0,11,7,1,Enriched in Strong
group_2092,1,0,11,7,1,Enriched in Strong
group_2091,1,0,11,7,1,Enriched in Strong
group_2082,1,0,11,7,1,Enriched in Strong
group_2081,1,0,11,7,1,Enriched in Strong
group_2080,1,0,11,7,1,Enriched in Strong
rlpA_2,1,0,11,7,1,Enriched in Strong
rpsL,1,0,11,7,1,Enriched in Strong
folX,1,0,11,7,1,Enriched in Strong
group_2079,1,0,11,7,1,Enriched in Strong
group_2078,1,0,11,7,1,Enriched in Strong
ehpR,1,0,11,7,1,Enriched in Strong
group_2077,1,0,11,7,1,Enriched in Strong
group_2076,1,0,11,7,1,Enriched in Strong
crcB_2,1,0,11,7,1,Enriched in Strong
group_2074,1,0,11,7,1,Enriched in Strong
group_2073,1,0,11,7,1,Enriched in Strong
group_2072,1,0,11,7,1,Enriched in Strong
sdhC,1,0,11,7,1,Enriched in Strong
group_2071,1,0,11,7,1,Enriched in Strong
group_2070,1,0,11,7,1,Enriched in Strong
group_2069,1,0,11,7,1,Enriched in Strong
cheY,1,0,11,7,1,Enriched in Strong
group_2065,1,0,11,7,1,Enriched in Strong
cpdR,1,0,11,7,1,Enriched in Strong
merR1_2,1,0,11,7,1,Enriched in Strong
group_2063,1,0,11,7,1,Enriched in Strong
group_2062,1,0,11,7,1,Enriched in Strong
group_2056,1,0,11,7,1,Enriched in Strong
yabJ_5,1,0,11,7,1,Enriched in Strong
yabJ_2,1,0,11,7,1,Enriched in Strong
rssB_2,1,0,11,7,1,Enriched in Strong
apaG,1,0,11,7,1,Enriched in Strong
yabJ_1,1,0,11,7,1,Enriched in Strong
group_2054,1,0,11,7,1,Enriched in Strong
group_2044,1,0,11,7,1,Enriched in Strong
group_2043,1,0,11,7,1,Enriched in Strong
divK,1,0,11,7,1,Enriched in Strong
group_2042,1,0,11,7,1,Enriched in Strong
group_2041,1,0,11,7,1,Enriched in Strong
gcvH_2,1,0,11,7,1,Enriched in Strong
ybaN,1,0,11,7,1,Enriched in Strong
gcvH_1,1,0,11,7,1,Enriched in Strong
group_2036,1,0,11,7,1,Enriched in Strong
group_2035,1,0,11,7,1,Enriched in Strong
rplQ,1,0,11,7,1,Enriched in Strong
cidA_1,1,0,11,7,1,Enriched in Strong
iscU,1,0,11,7,1,Enriched in Strong
group_2033,1,0,11,7,1,Enriched in Strong
group_2032,1,0,11,7,1,Enriched in Strong
group_2031,1,0,11,7,1,Enriched in Strong
group_2028,1,0,11,7,1,Enriched in Strong
yabJ_4,1,0,11,7,1,Enriched in Strong
group_2027,1,0,11,7,1,Enriched in Strong
rpsK,1,0,11,7,1,Enriched in Strong
fliS,1,0,11,7,1,Enriched in Strong
group_2026,1,0,11,7,1,Enriched in Strong
fecI_1,1,0,11,7,1,Enriched in Strong
cbiG,1,0,11,7,1,Enriched in Strong
yabJ_3,1,0,11,7,1,Enriched in Strong
cueR_1,1,0,11,7,1,Enriched in Strong
dsrE,1,0,11,7,1,Enriched in Strong
rpsI,1,0,11,7,1,Enriched in Strong
group_2023,1,0,11,7,1,Enriched in Strong
hpcD,1,0,11,7,1,Enriched in Strong
rpsH,1,0,11,7,1,Enriched in Strong
group_2022,1,0,11,7,1,Enriched in Strong
msrB_1,1,0,11,7,1,Enriched in Strong
group_2021,1,0,11,7,1,Enriched in Strong
group_2020,1,0,11,7,1,Enriched in Strong
group_2015,1,0,11,7,1,Enriched in Strong
group_2014,1,0,11,7,1,Enriched in Strong
group_2013,1,0,11,7,1,Enriched in Strong
rbfA,1,0,11,7,1,Enriched in Strong
group_2012,1,0,11,7,1,Enriched in Strong
group_2011,1,0,11,7,1,Enriched in Strong
group_2010,1,0,11,7,1,Enriched in Strong
group_2009,1,0,11,7,1,Enriched in Strong
group_2008,1,0,11,7,1,Enriched in Strong
yqjC,1,0,11,7,1,Enriched in Strong
group_2004,1,0,11,7,1,Enriched in Strong
group_2003,1,0,11,7,1,Enriched in Strong
erpA,1,0,11,7,1,Enriched in Strong
group_1999,1,0,11,7,1,Enriched in Strong
group_1998,1,0,11,7,1,Enriched in Strong
group_1997,1,0,11,7,1,Enriched in Strong
group_1996,1,0,11,7,1,Enriched in Strong
group_1995,1,0,11,7,1,Enriched in Strong
group_1994,1,0,11,7,1,Enriched in Strong
cueR_2,1,0,11,7,1,Enriched in Strong
dksA_3,1,0,11,7,1,Enriched in Strong
rbsD,1,0,11,7,1,Enriched in Strong
dksA_2,1,0,11,7,1,Enriched in Strong
group_1989,1,0,11,7,1,Enriched in Strong
group_1988,1,0,11,7,1,Enriched in Strong
group_1987,1,0,11,7,1,Enriched in Strong
fur,1,0,11,7,1,Enriched in Strong
group_1986,1,0,11,7,1,Enriched in Strong
group_1985,1,0,11,7,1,Enriched in Strong
group_1984,1,0,11,7,1,Enriched in Strong
group_1983,1,0,11,7,1,Enriched in Strong
exbD_3,1,0,11,7,1,Enriched in Strong
group_1980,1,0,11,7,1,Enriched in Strong
group_1979,1,0,11,7,1,Enriched in Strong
flgB,1,0,11,7,1,Enriched in Strong
group_1978,1,0,11,7,1,Enriched in Strong
group_1977,1,0,11,7,1,Enriched in Strong
group_1976,1,0,11,7,1,Enriched in Strong
walR_1,1,0,11,7,1,Enriched in Strong
group_1975,1,0,11,7,1,Enriched in Strong
group_1974,1,0,11,7,1,Enriched in Strong
hiuH,1,0,11,7,1,Enriched in Strong
group_1969,1,0,11,7,1,Enriched in Strong
fosA,1,0,11,7,1,Enriched in Strong
rnk,1,0,11,7,1,Enriched in Strong
ndhC,1,0,11,7,1,Enriched in Strong
pilA,1,0,11,7,1,Enriched in Strong
arnF,1,0,11,7,1,Enriched in Strong
group_1965,1,0,11,7,1,Enriched in Strong
rplP,1,0,11,7,1,Enriched in Strong
group_1964,1,0,11,7,1,Enriched in Strong
arfB,1,0,11,7,1,Enriched in Strong
arnE_1,1,0,11,7,1,Enriched in Strong
group_1960,1,0,11,7,1,Enriched in Strong
group_1959,1,0,11,7,1,Enriched in Strong
atpC,1,0,11,7,1,Enriched in Strong
group_1958,1,0,11,7,1,Enriched in Strong
group_1957,1,0,11,7,1,Enriched in Strong
group_1956,1,0,11,7,1,Enriched in Strong
mscL,1,0,11,7,1,Enriched in Strong
group_1954,1,0,11,7,1,Enriched in Strong
group_1953,1,0,11,7,1,Enriched in Strong
group_1952,1,0,11,7,1,Enriched in Strong
sspB,1,0,11,7,1,Enriched in Strong
group_1944,1,0,11,7,1,Enriched in Strong
group_1943,1,0,11,7,1,Enriched in Strong
group_1942,1,0,11,7,1,Enriched in Strong
group_1941,1,0,11,7,1,Enriched in Strong
ohrB,1,0,11,7,1,Enriched in Strong
group_1934,1,0,11,7,1,Enriched in Strong
group_1933,1,0,11,7,1,Enriched in Strong
group_1932,1,0,11,7,1,Enriched in Strong
farR,1,0,11,7,1,Enriched in Strong
rutC_3,1,0,11,7,1,Enriched in Strong
group_1931,1,0,11,7,1,Enriched in Strong
yhfA,1,0,11,7,1,Enriched in Strong
group_1926,1,0,11,7,1,Enriched in Strong
group_1923,1,0,11,7,1,Enriched in Strong
ndk,1,0,11,7,1,Enriched in Strong
group_1922,1,0,11,7,1,Enriched in Strong
group_1921,1,0,11,7,1,Enriched in Strong
group_1920,1,0,11,7,1,Enriched in Strong
exbD_1,1,0,11,7,1,Enriched in Strong
tolR,1,0,11,7,1,Enriched in Strong
group_1916,1,0,11,7,1,Enriched in Strong
rplM,1,0,11,7,1,Enriched in Strong
group_1915,1,0,11,7,1,Enriched in Strong
holC,1,0,11,7,1,Enriched in Strong
group_1913,1,0,11,7,1,Enriched in Strong
group_1912,1,0,11,7,1,Enriched in Strong
group_1911,1,0,11,7,1,Enriched in Strong
group_1910,1,0,11,7,1,Enriched in Strong
group_1909,1,0,11,7,1,Enriched in Strong
group_1903,1,0,11,7,1,Enriched in Strong
group_1902,1,0,11,7,1,Enriched in Strong
group_1901,1,0,11,7,1,Enriched in Strong
rplK,1,0,11,7,1,Enriched in Strong
group_1900,1,0,11,7,1,Enriched in Strong
group_1899,1,0,11,7,1,Enriched in Strong
group_1892,1,0,11,7,1,Enriched in Strong
group_1891,1,0,11,7,1,Enriched in Strong
ratA,1,0,11,7,1,Enriched in Strong
group_1890,1,0,11,7,1,Enriched in Strong
mhqP,1,0,11,7,1,Enriched in Strong
slyA_1,1,0,11,7,1,Enriched in Strong
group_1889,1,0,11,7,1,Enriched in Strong
group_1888,1,0,11,7,1,Enriched in Strong
group_1885,1,0,11,7,1,Enriched in Strong
pfyP_2,1,0,11,7,1,Enriched in Strong
rplO,1,0,11,7,1,Enriched in Strong
yqgF,1,0,11,7,1,Enriched in Strong
group_1882,1,0,11,7,1,Enriched in Strong
hrp1,1,0,11,7,1,Enriched in Strong
lrpC_2,1,0,11,7,1,Enriched in Strong
yqaA,1,0,11,7,1,Enriched in Strong
group_1881,1,0,11,7,1,Enriched in Strong
group_1880,1,0,11,7,1,Enriched in Strong
aroQ_2,1,0,11,7,1,Enriched in Strong
group_1879,1,0,11,7,1,Enriched in Strong
group_1878,1,0,11,7,1,Enriched in Strong
tspO,1,0,11,7,1,Enriched in Strong
aroQ_1,1,0,11,7,1,Enriched in Strong
group_1876,1,0,11,7,1,Enriched in Strong
group_1874,1,0,11,7,1,Enriched in Strong
group_1871,1,0,11,7,1,Enriched in Strong
group_1870,1,0,11,7,1,Enriched in Strong
dksA_1,1,0,11,7,1,Enriched in Strong
group_1869,1,0,11,7,1,Enriched in Strong
xcpT,1,0,11,7,1,Enriched in Strong
group_1864,1,0,11,7,1,Enriched in Strong
group_1863,1,0,11,7,1,Enriched in Strong
group_1862,1,0,11,7,1,Enriched in Strong
group_1861,1,0,11,7,1,Enriched in Strong
group_1860,1,0,11,7,1,Enriched in Strong
group_1859,1,0,11,7,1,Enriched in Strong
lrp_2,1,0,11,7,1,Enriched in Strong
atoC_1,1,0,11,7,1,Enriched in Strong
ybbJ,1,0,11,7,1,Enriched in Strong
group_1858,1,0,11,7,1,Enriched in Strong
sixA,1,0,11,7,1,Enriched in Strong
soxR,1,0,11,7,1,Enriched in Strong
moaE,1,0,11,7,1,Enriched in Strong
sigE,1,0,11,7,1,Enriched in Strong
group_1852,1,0,11,7,1,Enriched in Strong
group_1851,1,0,11,7,1,Enriched in Strong
fliJ,1,0,11,7,1,Enriched in Strong
merR1_1,1,0,11,7,1,Enriched in Strong
group_1850,1,0,11,7,1,Enriched in Strong
group_1849,1,0,11,7,1,Enriched in Strong
rnhA,1,0,11,7,1,Enriched in Strong
rimI,1,0,11,7,1,Enriched in Strong
fkpB,1,0,11,7,1,Enriched in Strong
flgC,1,0,11,7,1,Enriched in Strong
group_1843,1,0,11,7,1,Enriched in Strong
group_1842,1,0,11,7,1,Enriched in Strong
ohrR,1,0,11,7,1,Enriched in Strong
elaA,1,0,11,7,1,Enriched in Strong
mraZ,1,0,11,7,1,Enriched in Strong
group_1837,1,0,11,7,1,Enriched in Strong
group_1836,1,0,11,7,1,Enriched in Strong
group_1835,1,0,11,7,1,Enriched in Strong
group_1834,1,0,11,7,1,Enriched in Strong
group_1833,1,0,11,7,1,Enriched in Strong
group_1832,1,0,11,7,1,Enriched in Strong
group_1831,1,0,11,7,1,Enriched in Strong
ybgC,1,0,11,7,1,Enriched in Strong
group_1830,1,0,11,7,1,Enriched in Strong
group_1829,1,0,11,7,1,Enriched in Strong
group_1827,1,0,11,7,1,Enriched in Strong
group_1826,1,0,11,7,1,Enriched in Strong
dut,1,0,11,7,1,Enriched in Strong
group_1821,1,0,11,7,1,Enriched in Strong
group_1820,1,0,11,7,1,Enriched in Strong
ibpA_1,1,0,11,7,1,Enriched in Strong
ybeY,1,0,11,7,1,Enriched in Strong
group_1819,1,0,11,7,1,Enriched in Strong
group_1818,1,0,11,7,1,Enriched in Strong
rpiB,1,0,11,7,1,Enriched in Strong
group_1814,1,0,11,7,1,Enriched in Strong
resA_2,1,0,11,7,1,Enriched in Strong
group_1813,1,0,11,7,1,Enriched in Strong
group_1812,1,0,11,7,1,Enriched in Strong
group_1811,1,0,11,7,1,Enriched in Strong
exbD_2,1,0,11,7,1,Enriched in Strong
group_1810,1,0,11,7,1,Enriched in Strong
group_1806,1,0,11,7,1,Enriched in Strong
ptsN,1,0,11,7,1,Enriched in Strong
group_1805,1,0,11,7,1,Enriched in Strong
group_1804,1,0,11,7,1,Enriched in Strong
group_1803,1,0,11,7,1,Enriched in Strong
bfr_1,1,0,11,7,1,Enriched in Strong
group_1802,1,0,11,7,1,Enriched in Strong
group_1801,1,0,11,7,1,Enriched in Strong
group_1791,1,0,11,7,1,Enriched in Strong
iorA,1,0,11,7,1,Enriched in Strong
group_1790,1,0,11,7,1,Enriched in Strong
group_1789,1,0,11,7,1,Enriched in Strong
mlaD,1,0,11,7,1,Enriched in Strong
yjaB_2,1,0,11,7,1,Enriched in Strong
rlmH,1,0,11,7,1,Enriched in Strong
pfyP_1,1,0,11,7,1,Enriched in Strong
group_1788,1,0,11,7,1,Enriched in Strong
group_1787,1,0,11,7,1,Enriched in Strong
ccmE,1,0,11,7,1,Enriched in Strong
group_1786,1,0,11,7,1,Enriched in Strong
fliN,1,0,11,7,1,Enriched in Strong
group_1780,1,0,11,7,1,Enriched in Strong
group_1779,1,0,11,7,1,Enriched in Strong
group_1778,1,0,11,7,1,Enriched in Strong
decR_3,1,0,11,7,1,Enriched in Strong
atpF,1,0,11,7,1,Enriched in Strong
group_1777,1,0,11,7,1,Enriched in Strong
ybaK,1,0,11,7,1,Enriched in Strong
bfr_2,1,0,11,7,1,Enriched in Strong
nrdR,1,0,11,7,1,Enriched in Strong
rpsG,1,0,11,7,1,Enriched in Strong
group_1776,1,0,11,7,1,Enriched in Strong
phaJ,1,0,11,7,1,Enriched in Strong
cynS,1,0,11,7,1,Enriched in Strong
decR_1,1,0,11,7,1,Enriched in Strong
group_1768,1,0,11,7,1,Enriched in Strong
marR,1,0,11,7,1,Enriched in Strong
moaC,1,0,11,7,1,Enriched in Strong
lrp_3,1,0,11,7,1,Enriched in Strong
group_1767,1,0,11,7,1,Enriched in Strong
ccmH,1,0,11,7,1,Enriched in Strong
greB,1,0,11,7,1,Enriched in Strong
sulA,1,0,11,7,1,Enriched in Strong
group_1766,1,0,11,7,1,Enriched in Strong
bcp,1,0,11,7,1,Enriched in Strong
group_1761,1,0,11,7,1,Enriched in Strong
group_1760,1,0,11,7,1,Enriched in Strong
rclC,1,0,11,7,1,Enriched in Strong
rimP,1,0,11,7,1,Enriched in Strong
greA_2,1,0,11,7,1,Enriched in Strong
group_1759,1,0,11,7,1,Enriched in Strong
ribH,1,0,11,7,1,Enriched in Strong
group_1758,1,0,11,7,1,Enriched in Strong
group_1757,1,0,11,7,1,Enriched in Strong
group_1756,1,0,11,7,1,Enriched in Strong
group_1755,1,0,11,7,1,Enriched in Strong
group_1747,1,0,11,7,1,Enriched in Strong
group_1745,1,0,11,7,1,Enriched in Strong
yfcQ,1,0,11,7,1,Enriched in Strong
lrp_4,1,0,11,7,1,Enriched in Strong
nusG,1,0,11,7,1,Enriched in Strong
coaD,1,0,11,7,1,Enriched in Strong
rppH,1,0,11,7,1,Enriched in Strong
lrp_5,1,0,11,7,1,Enriched in Strong
group_1737,1,0,11,7,1,Enriched in Strong
decR_2,1,0,11,7,1,Enriched in Strong
fecI_4,1,0,11,7,1,Enriched in Strong
group_1736,1,0,11,7,1,Enriched in Strong
smpB,1,0,11,7,1,Enriched in Strong
btuE_2,1,0,11,7,1,Enriched in Strong
msrC,1,0,11,7,1,Enriched in Strong
group_1735,1,0,11,7,1,Enriched in Strong
group_1734,1,0,11,7,1,Enriched in Strong
cheW,1,0,11,7,1,Enriched in Strong
group_1733,1,0,11,7,1,Enriched in Strong
slyD,1,0,11,7,1,Enriched in Strong
group_1729,1,0,11,7,1,Enriched in Strong
folK_2,1,0,11,7,1,Enriched in Strong
group_1727,1,0,11,7,1,Enriched in Strong
gpx1,1,0,11,7,1,Enriched in Strong
group_1726,1,0,11,7,1,Enriched in Strong
group_1725,1,0,11,7,1,Enriched in Strong
group_1724,1,0,11,7,1,Enriched in Strong
group_1718,1,0,11,7,1,Enriched in Strong
group_1717,1,0,11,7,1,Enriched in Strong
mreD,1,0,11,7,1,Enriched in Strong
hcpA_1,1,0,11,7,1,Enriched in Strong
group_1716,1,0,11,7,1,Enriched in Strong
group_1715,1,0,11,7,1,Enriched in Strong
group_1713,1,0,11,7,1,Enriched in Strong
psiE,1,0,11,7,1,Enriched in Strong
group_1712,1,0,11,7,1,Enriched in Strong
group_1711,1,0,11,7,1,Enriched in Strong
group_1710,1,0,11,7,1,Enriched in Strong
group_1709,1,0,11,7,1,Enriched in Strong
lrp_1,1,0,11,7,1,Enriched in Strong
hcp1_1,1,0,11,7,1,Enriched in Strong
group_1708,1,0,11,7,1,Enriched in Strong
group_1707,1,0,11,7,1,Enriched in Strong
group_1706,1,0,11,7,1,Enriched in Strong
ilvH,1,0,11,7,1,Enriched in Strong
pal_3,1,0,11,7,1,Enriched in Strong
iscR,1,0,11,7,1,Enriched in Strong
group_1705,1,0,11,7,1,Enriched in Strong
group_1704,1,0,11,7,1,Enriched in Strong
group_1703,1,0,11,7,1,Enriched in Strong
purE,1,0,11,7,1,Enriched in Strong
antB,1,0,11,7,1,Enriched in Strong
fliY_1,1,0,11,7,1,Enriched in Strong
group_1700,1,0,11,7,1,Enriched in Strong
group_1699,1,0,11,7,1,Enriched in Strong
group_1698,1,0,11,7,1,Enriched in Strong
group_1697,1,0,11,7,1,Enriched in Strong
group_1696,1,0,11,7,1,Enriched in Strong
sprT,1,0,11,7,1,Enriched in Strong
group_1695,1,0,11,7,1,Enriched in Strong
yfcR,1,0,11,7,1,Enriched in Strong
rsfS,1,0,11,7,1,Enriched in Strong
srpB,1,0,11,7,1,Enriched in Strong
group_1693,1,0,11,7,1,Enriched in Strong
nuoE,1,0,11,7,1,Enriched in Strong
group_1690,1,0,11,7,1,Enriched in Strong
group_1689,1,0,11,7,1,Enriched in Strong
tadA,1,0,11,7,1,Enriched in Strong
greA_1,1,0,11,7,1,Enriched in Strong
group_1687,1,0,11,7,1,Enriched in Strong
tpx,1,0,11,7,1,Enriched in Strong
group_1686,1,0,11,7,1,Enriched in Strong
fecI_5,1,0,11,7,1,Enriched in Strong
pncC,1,0,11,7,1,Enriched in Strong
nusB,1,0,11,7,1,Enriched in Strong
rpsE,1,0,11,7,1,Enriched in Strong
rplJ,1,0,11,7,1,Enriched in Strong
pal_2,1,0,11,7,1,Enriched in Strong
group_1685,1,0,11,7,1,Enriched in Strong
group_1684,1,0,11,7,1,Enriched in Strong
ygjP,1,0,11,7,1,Enriched in Strong
lspA_2,1,0,11,7,1,Enriched in Strong
group_1680,1,0,11,7,1,Enriched in Strong
group_1679,1,0,11,7,1,Enriched in Strong
group_1678,1,0,11,7,1,Enriched in Strong
nuoJ,1,0,11,7,1,Enriched in Strong
group_1677,1,0,11,7,1,Enriched in Strong
group_1676,1,0,11,7,1,Enriched in Strong
group_1675,1,0,11,7,1,Enriched in Strong
allA,1,0,11,7,1,Enriched in Strong
group_1674,1,0,11,7,1,Enriched in Strong
group_1670,1,0,11,7,1,Enriched in Strong
group_1669,1,0,11,7,1,Enriched in Strong
ecfG,1,0,11,7,1,Enriched in Strong
group_1667,1,0,11,7,1,Enriched in Strong
group_1666,1,0,11,7,1,Enriched in Strong
dsbB_2,1,0,11,7,1,Enriched in Strong
msrA_1,1,0,11,7,1,Enriched in Strong
pyrR,1,0,11,7,1,Enriched in Strong
group_1665,1,0,11,7,1,Enriched in Strong
group_1660,1,0,11,7,1,Enriched in Strong
ribH2,1,0,11,7,1,Enriched in Strong
fecI_3,1,0,11,7,1,Enriched in Strong
group_1659,1,0,11,7,1,Enriched in Strong
group_1658,1,0,11,7,1,Enriched in Strong
fae,1,0,11,7,1,Enriched in Strong
lspA_1,1,0,11,7,1,Enriched in Strong
aaaT,1,0,11,7,1,Enriched in Strong
group_1653,1,0,11,7,1,Enriched in Strong
group_1652,1,0,11,7,1,Enriched in Strong
group_1651,1,0,11,7,1,Enriched in Strong
fabA,1,0,11,7,1,Enriched in Strong
group_1642,1,0,11,7,1,Enriched in Strong
uao,1,0,11,7,1,Enriched in Strong
group_1641,1,0,11,7,1,Enriched in Strong
group_1640,1,0,11,7,1,Enriched in Strong
fecI_6,1,0,11,7,1,Enriched in Strong
pagL,1,0,11,7,1,Enriched in Strong
group_1634,1,0,11,7,1,Enriched in Strong
folK_1,1,0,11,7,1,Enriched in Strong
group_1633,1,0,11,7,1,Enriched in Strong
group_1630,1,0,11,7,1,Enriched in Strong
group_1629,1,0,11,7,1,Enriched in Strong
group_1628,1,0,11,7,1,Enriched in Strong
group_1627,1,0,11,7,1,Enriched in Strong
group_1626,1,0,11,7,1,Enriched in Strong
gloA,1,0,11,7,1,Enriched in Strong
group_1625,1,0,11,7,1,Enriched in Strong
yqjI,1,0,11,7,1,Enriched in Strong
mrpA,1,0,11,7,1,Enriched in Strong
papH,1,0,11,7,1,Enriched in Strong
group_1624,1,0,11,7,1,Enriched in Strong
hscB,1,0,11,7,1,Enriched in Strong
group_1623,1,0,11,7,1,Enriched in Strong
cobP,1,0,11,7,1,Enriched in Strong
dsbB_1,1,0,11,7,1,Enriched in Strong
group_1617,1,0,11,7,1,Enriched in Strong
kdsC,1,0,11,7,1,Enriched in Strong
paoA,1,0,11,7,1,Enriched in Strong
yrdA_1,1,0,11,7,1,Enriched in Strong
ruvC,1,0,11,7,1,Enriched in Strong
group_1616,1,0,11,7,1,Enriched in Strong
group_1615,1,0,11,7,1,Enriched in Strong
sttH_2,1,0,11,7,1,Enriched in Strong
group_1609,1,0,11,7,1,Enriched in Strong
bamE,1,0,11,7,1,Enriched in Strong
ssb,1,0,11,7,1,Enriched in Strong
group_1608,1,0,11,7,1,Enriched in Strong
group_1607,1,0,11,7,1,Enriched in Strong
yceD,1,0,11,7,1,Enriched in Strong
group_1603,1,0,11,7,1,Enriched in Strong
mtnD,1,0,11,7,1,Enriched in Strong
group_1602,1,0,11,7,1,Enriched in Strong
tpd,1,0,11,7,1,Enriched in Strong
group_1596,1,0,11,7,1,Enriched in Strong
group_1595,1,0,11,7,1,Enriched in Strong
rplF,1,0,11,7,1,Enriched in Strong
group_1594,1,0,11,7,1,Enriched in Strong
atpH_1,1,0,11,7,1,Enriched in Strong
rimM,1,0,11,7,1,Enriched in Strong
dsbE,1,0,11,7,1,Enriched in Strong
group_1591,1,0,11,7,1,Enriched in Strong
group_1590,1,0,11,7,1,Enriched in Strong
group_1587,1,0,11,7,1,Enriched in Strong
group_1586,1,0,11,7,1,Enriched in Strong
group_1585,1,0,11,7,1,Enriched in Strong
yceJ_2,1,0,11,7,1,Enriched in Strong
C1hpah,1,0,11,7,1,Enriched in Strong
group_1584,1,0,11,7,1,Enriched in Strong
rplE,1,0,11,7,1,Enriched in Strong
def_1,1,0,11,7,1,Enriched in Strong
moaB,1,0,11,7,1,Enriched in Strong
group_1583,1,0,11,7,1,Enriched in Strong
chrR_1,1,0,11,7,1,Enriched in Strong
group_1582,1,0,11,7,1,Enriched in Strong
group_1579,1,0,11,7,1,Enriched in Strong
group_1578,1,0,11,7,1,Enriched in Strong
group_1577,1,0,11,7,1,Enriched in Strong
group_1576,1,0,11,7,1,Enriched in Strong
group_1575,1,0,11,7,1,Enriched in Strong
group_1574,1,0,11,7,1,Enriched in Strong
group_1573,1,0,11,7,1,Enriched in Strong
group_1572,1,0,11,7,1,Enriched in Strong
group_1571,1,0,11,7,1,Enriched in Strong
yaeQ,1,0,11,7,1,Enriched in Strong
group_1565,1,0,11,7,1,Enriched in Strong
group_1564,1,0,11,7,1,Enriched in Strong
group_1563,1,0,11,7,1,Enriched in Strong
group_1562,1,0,11,7,1,Enriched in Strong
yodB_1,1,0,11,7,1,Enriched in Strong
group_1561,1,0,11,7,1,Enriched in Strong
folE_1,1,0,11,7,1,Enriched in Strong
group_1560,1,0,11,7,1,Enriched in Strong
group_1559,1,0,11,7,1,Enriched in Strong
group_1558,1,0,11,7,1,Enriched in Strong
group_1557,1,0,11,7,1,Enriched in Strong
nuoI,1,0,11,7,1,Enriched in Strong
group_1553,1,0,11,7,1,Enriched in Strong
smfA,1,0,11,7,1,Enriched in Strong
group_1552,1,0,11,7,1,Enriched in Strong
nudC_1,1,0,11,7,1,Enriched in Strong
btuE_1,1,0,11,7,1,Enriched in Strong
apt,1,0,11,7,1,Enriched in Strong
puuR,1,0,11,7,1,Enriched in Strong
group_1550,1,0,11,7,1,Enriched in Strong
group_1549,1,0,11,7,1,Enriched in Strong
yyaP,1,0,11,7,1,Enriched in Strong
group_1547,1,0,11,7,1,Enriched in Strong
yceJ_1,1,0,11,7,1,Enriched in Strong
group_1543,1,0,11,7,1,Enriched in Strong
group_1542,1,0,11,7,1,Enriched in Strong
group_1541,1,0,11,7,1,Enriched in Strong
group_1540,1,0,11,7,1,Enriched in Strong
chrR_2,1,0,11,7,1,Enriched in Strong
group_1537,1,0,11,7,1,Enriched in Strong
clpP_2,1,0,11,7,1,Enriched in Strong
group_1536,1,0,11,7,1,Enriched in Strong
hpt,1,0,11,7,1,Enriched in Strong
group_1535,1,0,11,7,1,Enriched in Strong
group_1534,1,0,11,7,1,Enriched in Strong
smrA,1,0,11,7,1,Enriched in Strong
group_1533,1,0,11,7,1,Enriched in Strong
group_1530,1,0,11,7,1,Enriched in Strong
group_1529,1,0,11,7,1,Enriched in Strong
ccmM,1,0,11,7,1,Enriched in Strong
yfkM,1,0,11,7,1,Enriched in Strong
pgsA,1,0,11,7,1,Enriched in Strong
regA,1,0,11,7,1,Enriched in Strong
folE_3,1,0,11,7,1,Enriched in Strong
smf1_2,1,0,11,7,1,Enriched in Strong
group_1528,1,0,11,7,1,Enriched in Strong
group_1527,1,0,11,7,1,Enriched in Strong
group_1526,1,0,11,7,1,Enriched in Strong
grpE,1,0,11,7,1,Enriched in Strong
ppa,1,0,11,7,1,Enriched in Strong
group_1525,1,0,11,7,1,Enriched in Strong
folE_2,1,0,11,7,1,Enriched in Strong
pglC,1,0,11,7,1,Enriched in Strong
gcvR,1,0,11,7,1,Enriched in Strong
sfnF,1,0,11,7,1,Enriched in Strong
group_1520,1,0,11,7,1,Enriched in Strong
sutR_1,1,0,11,7,1,Enriched in Strong
ampD,1,0,11,7,1,Enriched in Strong
group_1519,1,0,11,7,1,Enriched in Strong
pnuC,1,0,11,7,1,Enriched in Strong
ahpC_2,1,0,11,7,1,Enriched in Strong
mntP,1,0,11,7,1,Enriched in Strong
group_1518,1,0,11,7,1,Enriched in Strong
sttH_1,1,0,11,7,1,Enriched in Strong
ppiA,1,0,11,7,1,Enriched in Strong
ubiC,1,0,11,7,1,Enriched in Strong
yceI_2,1,0,11,7,1,Enriched in Strong
sctC_3,1,0,11,7,1,Enriched in Strong
group_1514,1,0,11,7,1,Enriched in Strong
group_1512,1,0,11,7,1,Enriched in Strong
group_1511,1,0,11,7,1,Enriched in Strong
plsY,1,0,11,7,1,Enriched in Strong
group_1510,1,0,11,7,1,Enriched in Strong
group_1509,1,0,11,7,1,Enriched in Strong
lptC,1,0,11,7,1,Enriched in Strong
group_1506,1,0,11,7,1,Enriched in Strong
group_1505,1,0,11,7,1,Enriched in Strong
efp,1,0,11,7,1,Enriched in Strong
hisZ_1,1,0,11,7,1,Enriched in Strong
group_1504,1,0,11,7,1,Enriched in Strong
xpt,1,0,11,7,1,Enriched in Strong
group_1498,1,0,11,7,1,Enriched in Strong
lptA,1,0,11,7,1,Enriched in Strong
cobC,1,0,11,7,1,Enriched in Strong
pdtaR,1,0,11,7,1,Enriched in Strong
yceF,1,0,11,7,1,Enriched in Strong
group_1494,1,0,11,7,1,Enriched in Strong
group_1493,1,0,11,7,1,Enriched in Strong
cobO_2,1,0,11,7,1,Enriched in Strong
phnN,1,0,11,7,1,Enriched in Strong
group_1492,1,0,11,7,1,Enriched in Strong
group_1491,1,0,11,7,1,Enriched in Strong
osmY_3,1,0,11,7,1,Enriched in Strong
lemA_2,1,0,11,7,1,Enriched in Strong
group_1486,1,0,11,7,1,Enriched in Strong
group_1485,1,0,11,7,1,Enriched in Strong
algU,1,0,11,7,1,Enriched in Strong
group_1484,1,0,11,7,1,Enriched in Strong
sigW_2,1,0,11,7,1,Enriched in Strong
nfuA,1,0,11,7,1,Enriched in Strong
pth,1,0,11,7,1,Enriched in Strong
yscL,1,0,11,7,1,Enriched in Strong
group_1481,1,0,11,7,1,Enriched in Strong
gacA,1,0,11,7,1,Enriched in Strong
group_1480,1,0,11,7,1,Enriched in Strong
group_1479,1,0,11,7,1,Enriched in Strong
group_1478,1,0,11,7,1,Enriched in Strong
group_1477,1,0,11,7,1,Enriched in Strong
betI_1,1,0,11,7,1,Enriched in Strong
group_1473,1,0,11,7,1,Enriched in Strong
nudK,1,0,11,7,1,Enriched in Strong
eamB_3,1,0,11,7,1,Enriched in Strong
mupP_2,1,0,11,7,1,Enriched in Strong
mucA,1,0,11,7,1,Enriched in Strong
group_1472,1,0,11,7,1,Enriched in Strong
group_1471,1,0,11,7,1,Enriched in Strong
group_1470,1,0,11,7,1,Enriched in Strong
yebS,1,0,11,7,1,Enriched in Strong
nsaD,1,0,11,7,1,Enriched in Strong
group_1460,1,0,11,7,1,Enriched in Strong
mdaB,1,0,11,7,1,Enriched in Strong
group_1459,1,0,11,7,1,Enriched in Strong
group_1458,1,0,11,7,1,Enriched in Strong
gmhA,1,0,11,7,1,Enriched in Strong
tetC,1,0,11,7,1,Enriched in Strong
group_1455,1,0,11,7,1,Enriched in Strong
rutE,1,0,11,7,1,Enriched in Strong
trpG,1,0,11,7,1,Enriched in Strong
betI_2,1,0,11,7,1,Enriched in Strong
ssuE,1,0,11,7,1,Enriched in Strong
yhdE,1,0,11,7,1,Enriched in Strong
petA,1,0,11,7,1,Enriched in Strong
yciB,1,0,11,7,1,Enriched in Strong
sodB_1,1,0,11,7,1,Enriched in Strong
yceI_1,1,0,11,7,1,Enriched in Strong
rdgB,1,0,11,7,1,Enriched in Strong
kefF_2,1,0,11,7,1,Enriched in Strong
sigK_2,1,0,11,7,1,Enriched in Strong
group_1447,1,0,11,7,1,Enriched in Strong
rplY,1,0,11,7,1,Enriched in Strong
cheB_4,1,0,11,7,1,Enriched in Strong
group_1446,1,0,11,7,1,Enriched in Strong
osmY_1,1,0,11,7,1,Enriched in Strong
argO_1,1,0,11,7,1,Enriched in Strong
gstB_3,1,0,11,7,1,Enriched in Strong
COQ5_1,1,0,11,7,1,Enriched in Strong
group_1444,1,0,11,7,1,Enriched in Strong
group_1443,1,0,11,7,1,Enriched in Strong
yohC,1,0,11,7,1,Enriched in Strong
purN_3,1,0,11,7,1,Enriched in Strong
yibF_2,1,0,11,7,1,Enriched in Strong
group_1442,1,0,11,7,1,Enriched in Strong
ahpC_1,1,0,11,7,1,Enriched in Strong
rplD,1,0,11,7,1,Enriched in Strong
nudL,1,0,11,7,1,Enriched in Strong
group_1441,1,0,11,7,1,Enriched in Strong
yfcG_1,1,0,11,7,1,Enriched in Strong
azoR_1,1,0,11,7,1,Enriched in Strong
recR,1,0,11,7,1,Enriched in Strong
group_1440,1,0,11,7,1,Enriched in Strong
lptE,1,0,11,7,1,Enriched in Strong
group_1438,1,0,11,7,1,Enriched in Strong
rutR_1,1,0,11,7,1,Enriched in Strong
tesA,1,0,11,7,1,Enriched in Strong
group_1437,1,0,11,7,1,Enriched in Strong
group_1431,1,0,11,7,1,Enriched in Strong
eamB_1,1,0,11,7,1,Enriched in Strong
pigA,1,0,11,7,1,Enriched in Strong
phnX_1,1,0,11,7,1,Enriched in Strong
lexA_1,1,0,11,7,1,Enriched in Strong
group_1430,1,0,11,7,1,Enriched in Strong
group_1429,1,0,11,7,1,Enriched in Strong
group_1426,1,0,11,7,1,Enriched in Strong
sodB_2,1,0,11,7,1,Enriched in Strong
azoR1,1,0,11,7,1,Enriched in Strong
group_1425,1,0,11,7,1,Enriched in Strong
rutB_1,1,0,11,7,1,Enriched in Strong
dinG_1,1,0,11,7,1,Enriched in Strong
group_1424,1,0,11,7,1,Enriched in Strong
group_1423,1,0,11,7,1,Enriched in Strong
ruvA,1,0,11,7,1,Enriched in Strong
lemA_1,1,0,11,7,1,Enriched in Strong
cobO_1,1,0,11,7,1,Enriched in Strong
leuD1_1,1,0,11,7,1,Enriched in Strong
group_1418,1,0,11,7,1,Enriched in Strong
group_1417,1,0,11,7,1,Enriched in Strong
rhtB_6,1,0,11,7,1,Enriched in Strong
nemR_1,1,0,11,7,1,Enriched in Strong
group_1416,1,0,11,7,1,Enriched in Strong
group_1415,1,0,11,7,1,Enriched in Strong
group_1414,1,0,11,7,1,Enriched in Strong
rpoE_1,1,0,11,7,1,Enriched in Strong
group_1412,1,0,11,7,1,Enriched in Strong
group_1411,1,0,11,7,1,Enriched in Strong
gstB_4,1,0,11,7,1,Enriched in Strong
ynbA,1,0,11,7,1,Enriched in Strong
glmU_1,1,0,11,7,1,Enriched in Strong
lolB,1,0,11,7,1,Enriched in Strong
lexA_3,1,0,11,7,1,Enriched in Strong
sspA,1,0,11,7,1,Enriched in Strong
ribA,1,0,11,7,1,Enriched in Strong
fklB_1,1,0,11,7,1,Enriched in Strong
group_1410,1,0,11,7,1,Enriched in Strong
group_1409,1,0,11,7,1,Enriched in Strong
group_1408,1,0,11,7,1,Enriched in Strong
rsmD,1,0,11,7,1,Enriched in Strong
group_1404,1,0,11,7,1,Enriched in Strong
group_1403,1,0,11,7,1,Enriched in Strong
group_1402,1,0,11,7,1,Enriched in Strong
yedK_2,1,0,11,7,1,Enriched in Strong
rhtB_5,1,0,11,7,1,Enriched in Strong
leuE,1,0,11,7,1,Enriched in Strong
rutR_3,1,0,11,7,1,Enriched in Strong
group_1401,1,0,11,7,1,Enriched in Strong
rpsD,1,0,11,7,1,Enriched in Strong
group_1400,1,0,11,7,1,Enriched in Strong
gmk,1,0,11,7,1,Enriched in Strong
pqiA_1,1,0,11,7,1,Enriched in Strong
hflD,1,0,11,7,1,Enriched in Strong
lolA,1,0,11,7,1,Enriched in Strong
group_1397,1,0,11,7,1,Enriched in Strong
eamB_2,1,0,11,7,1,Enriched in Strong
coaE,1,0,11,7,1,Enriched in Strong
gltF_2,1,0,11,7,1,Enriched in Strong
gltF_1,1,0,11,7,1,Enriched in Strong
group_1396,1,0,11,7,1,Enriched in Strong
kstR2,1,0,11,7,1,Enriched in Strong
group_1394,1,0,11,7,1,Enriched in Strong
sutR_2,1,0,11,7,1,Enriched in Strong
bvgA_4,1,0,11,7,1,Enriched in Strong
dauR_1,1,0,11,7,1,Enriched in Strong
rutR_4,1,0,11,7,1,Enriched in Strong
rnc,1,0,11,7,1,Enriched in Strong
group_1393,1,0,11,7,1,Enriched in Strong
cyoC,1,0,11,7,1,Enriched in Strong
rhtB_3,1,0,11,7,1,Enriched in Strong
gstB_1,1,0,11,7,1,Enriched in Strong
sigK_1,1,0,11,7,1,Enriched in Strong
rhtB_8,1,0,11,7,1,Enriched in Strong
group_1389,1,0,11,7,1,Enriched in Strong
group_1388,1,0,11,7,1,Enriched in Strong
group_1387,1,0,11,7,1,Enriched in Strong
group_1386,1,0,11,7,1,Enriched in Strong
gltF_5,1,0,11,7,1,Enriched in Strong
group_1385,1,0,11,7,1,Enriched in Strong
thiE_2,1,0,11,7,1,Enriched in Strong
ubiX,1,0,11,7,1,Enriched in Strong
group_1383,1,0,11,7,1,Enriched in Strong
group_1382,1,0,11,7,1,Enriched in Strong
uvrY,1,0,11,7,1,Enriched in Strong
yibF_1,1,0,11,7,1,Enriched in Strong
group_1381,1,0,11,7,1,Enriched in Strong
group_1380,1,0,11,7,1,Enriched in Strong
dapH_1,1,0,11,7,1,Enriched in Strong
trpF,1,0,11,7,1,Enriched in Strong
yfcF,1,0,11,7,1,Enriched in Strong
rhtB_7,1,0,11,7,1,Enriched in Strong
group_1376,1,0,11,7,1,Enriched in Strong
rhtC_1,1,0,11,7,1,Enriched in Strong
group_1375,1,0,11,7,1,Enriched in Strong
bvgA_2,1,0,11,7,1,Enriched in Strong
ycaC,1,0,11,7,1,Enriched in Strong
gstB_2,1,0,11,7,1,Enriched in Strong
ttgR,1,0,11,7,1,Enriched in Strong
soxG,1,0,11,7,1,Enriched in Strong
group_1374,1,0,11,7,1,Enriched in Strong
rhtB_1,1,0,11,7,1,Enriched in Strong
tolQ_3,1,0,11,7,1,Enriched in Strong
hisG,1,0,11,7,1,Enriched in Strong
group_1369,1,0,11,7,1,Enriched in Strong
betI_3,1,0,11,7,1,Enriched in Strong
lexA_2,1,0,11,7,1,Enriched in Strong
clpP_1,1,0,11,7,1,Enriched in Strong
rcsB_2,1,0,11,7,1,Enriched in Strong
rluE,1,0,11,7,1,Enriched in Strong
rplC,1,0,11,7,1,Enriched in Strong
rhtB_4,1,0,11,7,1,Enriched in Strong
ccmA,1,0,11,7,1,Enriched in Strong
group_1368,1,0,11,7,1,Enriched in Strong
rluA,1,0,11,7,1,Enriched in Strong
gbpA,1,0,11,7,1,Enriched in Strong
group_1367,1,0,11,7,1,Enriched in Strong
group_1364,1,0,11,7,1,Enriched in Strong
dauR_2,1,0,11,7,1,Enriched in Strong
betI_4,1,0,11,7,1,Enriched in Strong
upp,1,0,11,7,1,Enriched in Strong
nth,1,0,11,7,1,Enriched in Strong
group_1363,1,0,11,7,1,Enriched in Strong
rhtB_2,1,0,11,7,1,Enriched in Strong
group_1362,1,0,11,7,1,Enriched in Strong
paiB,1,0,11,7,1,Enriched in Strong
group_1358,1,0,11,7,1,Enriched in Strong
pcp,1,0,11,7,1,Enriched in Strong
group_1357,1,0,11,7,1,Enriched in Strong
group_1355,1,0,11,7,1,Enriched in Strong
group_1354,1,0,11,7,1,Enriched in Strong
group_1353,1,0,11,7,1,Enriched in Strong
cynT_1,1,0,11,7,1,Enriched in Strong
group_1352,1,0,11,7,1,Enriched in Strong
group_1351,1,0,11,7,1,Enriched in Strong
leuD1_2,1,0,11,7,1,Enriched in Strong
pqiA_3,1,0,11,7,1,Enriched in Strong
rsmG,1,0,11,7,1,Enriched in Strong
group_1348,1,0,11,7,1,Enriched in Strong
group_1347,1,0,11,7,1,Enriched in Strong
can,1,0,11,7,1,Enriched in Strong
vraR,1,0,11,7,1,Enriched in Strong
nagL,1,0,11,7,1,Enriched in Strong
nadD,1,0,11,7,1,Enriched in Strong
group_1345,1,0,11,7,1,Enriched in Strong
vfr,1,0,11,7,1,Enriched in Strong
pyrE,1,0,11,7,1,Enriched in Strong
tolQ_4,1,0,11,7,1,Enriched in Strong
kdpC_2,1,0,11,7,1,Enriched in Strong
dhaL2,1,0,11,7,1,Enriched in Strong
nicS_2,1,0,11,7,1,Enriched in Strong
group_1341,1,0,11,7,1,Enriched in Strong
group_1340,1,0,11,7,1,Enriched in Strong
adk,1,0,11,7,1,Enriched in Strong
lipB,1,0,11,7,1,Enriched in Strong
queE,1,0,11,7,1,Enriched in Strong
mobA_1,1,0,11,7,1,Enriched in Strong
coq7,1,0,11,7,1,Enriched in Strong
group_1338,1,0,11,7,1,Enriched in Strong
group_1337,1,0,11,7,1,Enriched in Strong
group_1336,1,0,11,7,1,Enriched in Strong
group_1335,1,0,11,7,1,Enriched in Strong
gltF_6,1,0,11,7,1,Enriched in Strong
lnrK,1,0,11,7,1,Enriched in Strong
rlmE,1,0,11,7,1,Enriched in Strong
kynB,1,0,11,7,1,Enriched in Strong
purN_1,1,0,11,7,1,Enriched in Strong
yecS_1,1,0,11,7,1,Enriched in Strong
group_1333,1,0,11,7,1,Enriched in Strong
fliP_2,1,0,11,7,1,Enriched in Strong
spaP,1,0,11,7,1,Enriched in Strong
osmW,1,0,11,7,1,Enriched in Strong
group_1332,1,0,11,7,1,Enriched in Strong
chaC,1,0,11,7,1,Enriched in Strong
group_1331,1,0,11,7,1,Enriched in Strong
group_1330,1,0,11,7,1,Enriched in Strong
group_1326,1,0,11,7,1,Enriched in Strong
trmR,1,0,11,7,1,Enriched in Strong
algF,1,0,11,7,1,Enriched in Strong
estB_1,1,0,11,7,1,Enriched in Strong
group_1324,1,0,11,7,1,Enriched in Strong
dedA,1,0,11,7,1,Enriched in Strong
group_1323,1,0,11,7,1,Enriched in Strong
tpm,1,0,11,7,1,Enriched in Strong
group_1322,1,0,11,7,1,Enriched in Strong
group_1320,1,0,11,7,1,Enriched in Strong
pqiA_2,1,0,11,7,1,Enriched in Strong
scoB,1,0,11,7,1,Enriched in Strong
group_1319,1,0,11,7,1,Enriched in Strong
nanR_2,1,0,11,7,1,Enriched in Strong
degU,1,0,11,7,1,Enriched in Strong
mcbR,1,0,11,7,1,Enriched in Strong
group_1318,1,0,11,7,1,Enriched in Strong
group_1317,1,0,11,7,1,Enriched in Strong
dedD,1,0,11,7,1,Enriched in Strong
ppaX,1,0,11,7,1,Enriched in Strong
glnP_2,1,0,11,7,1,Enriched in Strong
glnP_1,1,0,11,7,1,Enriched in Strong
group_1314,1,0,11,7,1,Enriched in Strong
qseB_2,1,0,11,7,1,Enriched in Strong
metP_2,1,0,11,7,1,Enriched in Strong
metI,1,0,11,7,1,Enriched in Strong
qseB_4,1,0,11,7,1,Enriched in Strong
alkB,1,0,11,7,1,Enriched in Strong
rcsC_17,1,0,11,7,1,Enriched in Strong
hpcE_2,1,0,11,7,1,Enriched in Strong
nicS_1,1,0,11,7,1,Enriched in Strong
eda,1,0,11,7,1,Enriched in Strong
group_1312,1,0,11,7,1,Enriched in Strong
ycgM_1,1,0,11,7,1,Enriched in Strong
elbB,1,0,11,7,1,Enriched in Strong
group_1309,1,0,11,7,1,Enriched in Strong
scaC,1,0,11,7,1,Enriched in Strong
qseB_5,1,0,11,7,1,Enriched in Strong
group_1308,1,0,11,7,1,Enriched in Strong
group_1307,1,0,11,7,1,Enriched in Strong
group_1306,1,0,11,7,1,Enriched in Strong
ccmB,1,0,11,7,1,Enriched in Strong
creB,1,0,11,7,1,Enriched in Strong
yecS_2,1,0,11,7,1,Enriched in Strong
czcR_4,1,0,11,7,1,Enriched in Strong
group_1303,1,0,11,7,1,Enriched in Strong
group_1302,1,0,11,7,1,Enriched in Strong
yccA,1,0,11,7,1,Enriched in Strong
group_1301,1,0,11,7,1,Enriched in Strong
group_1300,1,0,11,7,1,Enriched in Strong
gltK,1,0,11,7,1,Enriched in Strong
rnt,1,0,11,7,1,Enriched in Strong
mupP_1,1,0,11,7,1,Enriched in Strong
tctD,1,0,11,7,1,Enriched in Strong
ftsE,1,0,11,7,1,Enriched in Strong
group_1299,1,0,11,7,1,Enriched in Strong
rpiA,1,0,11,7,1,Enriched in Strong
group_1298,1,0,11,7,1,Enriched in Strong
group_1295,1,0,11,7,1,Enriched in Strong
czcR_3,1,0,11,7,1,Enriched in Strong
nuoB,1,0,11,7,1,Enriched in Strong
ais_2,1,0,11,7,1,Enriched in Strong
group_1293,1,0,11,7,1,Enriched in Strong
group_1292,1,0,11,7,1,Enriched in Strong
rpe,1,0,11,7,1,Enriched in Strong
group_1291,1,0,11,7,1,Enriched in Strong
phoP_2,1,0,11,7,1,Enriched in Strong
czcR_5,1,0,11,7,1,Enriched in Strong
hxpA,1,0,11,7,1,Enriched in Strong
group_1288,1,0,11,7,1,Enriched in Strong
group_1286,1,0,11,7,1,Enriched in Strong
group_1285,1,0,11,7,1,Enriched in Strong
fetA,1,0,11,7,1,Enriched in Strong
ribE,1,0,11,7,1,Enriched in Strong
queC_1,1,0,11,7,1,Enriched in Strong
cpxR,1,0,11,7,1,Enriched in Strong
group_1284,1,0,11,7,1,Enriched in Strong
murU,1,0,11,7,1,Enriched in Strong
group_1283,1,0,11,7,1,Enriched in Strong
mip,1,0,11,7,1,Enriched in Strong
aat,1,0,11,7,1,Enriched in Strong
inhA,1,0,11,7,1,Enriched in Strong
group_1280,1,0,11,7,1,Enriched in Strong
modB,1,0,11,7,1,Enriched in Strong
group_1279,1,0,11,7,1,Enriched in Strong
copR,1,0,11,7,1,Enriched in Strong
bioD1,1,0,11,7,1,Enriched in Strong
cusR,1,0,11,7,1,Enriched in Strong
deoC1,1,0,11,7,1,Enriched in Strong
group_1276,1,0,11,7,1,Enriched in Strong
group_1275,1,0,11,7,1,Enriched in Strong
czcR_1,1,0,11,7,1,Enriched in Strong
group_1274,1,0,11,7,1,Enriched in Strong
lolD_2,1,0,11,7,1,Enriched in Strong
group_1273,1,0,11,7,1,Enriched in Strong
arsH,1,0,11,7,1,Enriched in Strong
lpfB_2,1,0,11,7,1,Enriched in Strong
tsaB,1,0,11,7,1,Enriched in Strong
rpsC,1,0,11,7,1,Enriched in Strong
yohK_1,1,0,11,7,1,Enriched in Strong
speE_1,1,0,11,7,1,Enriched in Strong
dns,1,0,11,7,1,Enriched in Strong
hisQ_2,1,0,11,7,1,Enriched in Strong
group_1263,1,0,11,7,1,Enriched in Strong
livF_4,1,0,11,7,1,Enriched in Strong
recO,1,0,11,7,1,Enriched in Strong
group_1262,1,0,11,7,1,Enriched in Strong
kdpE_1,1,0,11,7,1,Enriched in Strong
group_1261,1,0,11,7,1,Enriched in Strong
cmk,1,0,11,7,1,Enriched in Strong
mlaA,1,0,11,7,1,Enriched in Strong
group_1260,1,0,11,7,1,Enriched in Strong
group_1259,1,0,11,7,1,Enriched in Strong
phoB,1,0,11,7,1,Enriched in Strong
kdpE_2,1,0,11,7,1,Enriched in Strong
ygeA,1,0,11,7,1,Enriched in Strong
group_1257,1,0,11,7,1,Enriched in Strong
group_1255,1,0,11,7,1,Enriched in Strong
ung,1,0,11,7,1,Enriched in Strong
rsuA,1,0,11,7,1,Enriched in Strong
group_1254,1,0,11,7,1,Enriched in Strong
group_1253,1,0,11,7,1,Enriched in Strong
ycgM_2,1,0,11,7,1,Enriched in Strong
group_1247,1,0,11,7,1,Enriched in Strong
yhhW_1,1,0,11,7,1,Enriched in Strong
group_1246,1,0,11,7,1,Enriched in Strong
group_1245,1,0,11,7,1,Enriched in Strong
livF_3,1,0,11,7,1,Enriched in Strong
trmO,1,0,11,7,1,Enriched in Strong
rplA,1,0,11,7,1,Enriched in Strong
tolQ_2,1,0,11,7,1,Enriched in Strong
group_1244,1,0,11,7,1,Enriched in Strong
qseB_1,1,0,11,7,1,Enriched in Strong
flgH,1,0,11,7,1,Enriched in Strong
group_1243,1,0,11,7,1,Enriched in Strong
group_1242,1,0,11,7,1,Enriched in Strong
yggS,1,0,11,7,1,Enriched in Strong
glcC,1,0,11,7,1,Enriched in Strong
yigB,1,0,11,7,1,Enriched in Strong
pyrF,1,0,11,7,1,Enriched in Strong
hcaB_2,1,0,11,7,1,Enriched in Strong
yfcG_3,1,0,11,7,1,Enriched in Strong
scoA,1,0,11,7,1,Enriched in Strong
occM_2,1,0,11,7,1,Enriched in Strong
occM_1,1,0,11,7,1,Enriched in Strong
group_1239,1,0,11,7,1,Enriched in Strong
group_1238,1,0,11,7,1,Enriched in Strong
ompW,1,0,11,7,1,Enriched in Strong
queC_2,1,0,11,7,1,Enriched in Strong
rstA_1,1,0,11,7,1,Enriched in Strong
ubiG,1,0,11,7,1,Enriched in Strong
lolD_1,1,0,11,7,1,Enriched in Strong
hisQ_1,1,0,11,7,1,Enriched in Strong
nanR_3,1,0,11,7,1,Enriched in Strong
phoP_1,1,0,11,7,1,Enriched in Strong
group_1235,1,0,11,7,1,Enriched in Strong
mtnX,1,0,11,7,1,Enriched in Strong
group_1234,1,0,11,7,1,Enriched in Strong
group_1229,1,0,11,7,1,Enriched in Strong
occQ,1,0,11,7,1,Enriched in Strong
group_1228,1,0,11,7,1,Enriched in Strong
treR,1,0,11,7,1,Enriched in Strong
sdhB,1,0,11,7,1,Enriched in Strong
pxpB,1,0,11,7,1,Enriched in Strong
hda,1,0,11,7,1,Enriched in Strong
ytrE,1,0,11,7,1,Enriched in Strong
rstA_2,1,0,11,7,1,Enriched in Strong
group_1221,1,0,11,7,1,Enriched in Strong
yknY,1,0,11,7,1,Enriched in Strong
bpt,1,0,11,7,1,Enriched in Strong
pyrG_1,1,0,11,7,1,Enriched in Strong
group_1220,1,0,11,7,1,Enriched in Strong
group_1219,1,0,11,7,1,Enriched in Strong
polC,1,0,11,7,1,Enriched in Strong
ssuB_3,1,0,11,7,1,Enriched in Strong
group_1216,1,0,11,7,1,Enriched in Strong
regX3,1,0,11,7,1,Enriched in Strong
group_1215,1,0,11,7,1,Enriched in Strong
rluF,1,0,11,7,1,Enriched in Strong
group_1214,1,0,11,7,1,Enriched in Strong
anoR_2,1,0,11,7,1,Enriched in Strong
group_1213,1,0,11,7,1,Enriched in Strong
folM,1,0,11,7,1,Enriched in Strong
phnR,1,0,11,7,1,Enriched in Strong
group_1210,1,0,11,7,1,Enriched in Strong
group_1209,1,0,11,7,1,Enriched in Strong
hisM_1,1,0,11,7,1,Enriched in Strong
sfsA,1,0,11,7,1,Enriched in Strong
group_1208,1,0,11,7,1,Enriched in Strong
pgl_1,1,0,11,7,1,Enriched in Strong
purC,1,0,11,7,1,Enriched in Strong
lutR_1,1,0,11,7,1,Enriched in Strong
group_1207,1,0,11,7,1,Enriched in Strong
group_1206,1,0,11,7,1,Enriched in Strong
entD,1,0,11,7,1,Enriched in Strong
group_1203,1,0,11,7,1,Enriched in Strong
pcs,1,0,11,7,1,Enriched in Strong
mgtC,1,0,11,7,1,Enriched in Strong
mneA,1,0,11,7,1,Enriched in Strong
osmY_2,1,0,11,7,1,Enriched in Strong
group_1201,1,0,11,7,1,Enriched in Strong
group_1200,1,0,11,7,1,Enriched in Strong
yohK_2,1,0,11,7,1,Enriched in Strong
group_1199,1,0,11,7,1,Enriched in Strong
group_1198,1,0,11,7,1,Enriched in Strong
group_1194,1,0,11,7,1,Enriched in Strong
cecR,1,0,11,7,1,Enriched in Strong
estB_2,1,0,11,7,1,Enriched in Strong
inaA,1,0,11,7,1,Enriched in Strong
rsmE,1,0,11,7,1,Enriched in Strong
prpC_1,1,0,11,7,1,Enriched in Strong
srlR,1,0,11,7,1,Enriched in Strong
rl5,1,0,11,7,1,Enriched in Strong
lutR_3,1,0,11,7,1,Enriched in Strong
group_1190,1,0,11,7,1,Enriched in Strong
ugpQ,1,0,11,7,1,Enriched in Strong
glaR,1,0,11,7,1,Enriched in Strong
mtgA,1,0,11,7,1,Enriched in Strong
rph,1,0,11,7,1,Enriched in Strong
rstA_3,1,0,11,7,1,Enriched in Strong
yfiH,1,0,11,7,1,Enriched in Strong
lptB_4,1,0,11,7,1,Enriched in Strong
golD_1,1,0,11,7,1,Enriched in Strong
group_1183,1,0,11,7,1,Enriched in Strong
group_1182,1,0,11,7,1,Enriched in Strong
group_1181,1,0,11,7,1,Enriched in Strong
trmB,1,0,11,7,1,Enriched in Strong
tam_2,1,0,11,7,1,Enriched in Strong
group_1179,1,0,11,7,1,Enriched in Strong
baeR_2,1,0,11,7,1,Enriched in Strong
group_1178,1,0,11,7,1,Enriched in Strong
cobS,1,0,11,7,1,Enriched in Strong
group_1176,1,0,11,7,1,Enriched in Strong
hyuE,1,0,11,7,1,Enriched in Strong
group_1175,1,0,11,7,1,Enriched in Strong
group_1172,1,0,11,7,1,Enriched in Strong
flgD,1,0,11,7,1,Enriched in Strong
lpfB_1,1,0,11,7,1,Enriched in Strong
dsbC,1,0,11,7,1,Enriched in Strong
group_1171,1,0,11,7,1,Enriched in Strong
novR,1,0,11,7,1,Enriched in Strong
bioH,1,0,11,7,1,Enriched in Strong
group_1168,1,0,11,7,1,Enriched in Strong
rcsC_12,1,0,11,7,1,Enriched in Strong
glnQ_4,1,0,11,7,1,Enriched in Strong
prtR_2,1,0,11,7,1,Enriched in Strong
group_1167,1,0,11,7,1,Enriched in Strong
ompR_1,1,0,11,7,1,Enriched in Strong
group_1166,1,0,11,7,1,Enriched in Strong
anr,1,0,11,7,1,Enriched in Strong
cysH,1,0,11,7,1,Enriched in Strong
group_1160,1,0,11,7,1,Enriched in Strong
group_1159,1,0,11,7,1,Enriched in Strong
group_1158,1,0,11,7,1,Enriched in Strong
udh_1,1,0,11,7,1,Enriched in Strong
minC,1,0,11,7,1,Enriched in Strong
group_1157,1,0,11,7,1,Enriched in Strong
glnQ_1,1,0,11,7,1,Enriched in Strong
fklB_2,1,0,11,7,1,Enriched in Strong
ompR_2,1,0,11,7,1,Enriched in Strong
group_1156,1,0,11,7,1,Enriched in Strong
group_1155,1,0,11,7,1,Enriched in Strong
yciK,1,0,11,7,1,Enriched in Strong
pxpA3,1,0,11,7,1,Enriched in Strong
pomA,1,0,11,7,1,Enriched in Strong
fliA,1,0,11,7,1,Enriched in Strong
flgF,1,0,11,7,1,Enriched in Strong
group_1154,1,0,11,7,1,Enriched in Strong
group_1153,1,0,11,7,1,Enriched in Strong
fabG_6,1,0,11,7,1,Enriched in Strong
group_1149,1,0,11,7,1,Enriched in Strong
group_1148,1,0,11,7,1,Enriched in Strong
pdxJ,1,0,11,7,1,Enriched in Strong
cmoA,1,0,11,7,1,Enriched in Strong
fliP_1,1,0,11,7,1,Enriched in Strong
sumT,1,0,11,7,1,Enriched in Strong
dnaQ,1,0,11,7,1,Enriched in Strong
znuC_1,1,0,11,7,1,Enriched in Strong
cobM,1,0,11,7,1,Enriched in Strong
ygfF,1,0,11,7,1,Enriched in Strong
crnA,1,0,11,7,1,Enriched in Strong
metN_1,1,0,11,7,1,Enriched in Strong
gltJ,1,0,11,7,1,Enriched in Strong
pmpR,1,0,11,7,1,Enriched in Strong
bdcA,1,0,11,7,1,Enriched in Strong
plsC,1,0,11,7,1,Enriched in Strong
group_1146,1,0,11,7,1,Enriched in Strong
lytR,1,0,11,7,1,Enriched in Strong
lpxH_2,1,0,11,7,1,Enriched in Strong
group_1145,1,0,11,7,1,Enriched in Strong
nadE_2,1,0,11,7,1,Enriched in Strong
baeR_1,1,0,11,7,1,Enriched in Strong
ycgR,1,0,11,7,1,Enriched in Strong
lutR_4,1,0,11,7,1,Enriched in Strong
esiB,1,0,11,7,1,Enriched in Strong
group_1144,1,0,11,7,1,Enriched in Strong
lptB_3,1,0,11,7,1,Enriched in Strong
fabG_3,1,0,11,7,1,Enriched in Strong
coaX,1,0,11,7,1,Enriched in Strong
paaF_2,1,0,11,7,1,Enriched in Strong
rhaR_1,1,0,11,7,1,Enriched in Strong
etfB,1,0,11,7,1,Enriched in Strong
hemD,1,0,11,7,1,Enriched in Strong
group_1143,1,0,11,7,1,Enriched in Strong
group_1140,1,0,11,7,1,Enriched in Strong
trmD,1,0,11,7,1,Enriched in Strong
lgrE,1,0,11,7,1,Enriched in Strong
pqqC,1,0,11,7,1,Enriched in Strong
group_1138,1,0,11,7,1,Enriched in Strong
group_1135,1,0,11,7,1,Enriched in Strong
map_2,1,0,11,7,1,Enriched in Strong
moeB,1,0,11,7,1,Enriched in Strong
golD_2,1,0,11,7,1,Enriched in Strong
cdh,1,0,11,7,1,Enriched in Strong
group_1134,1,0,11,7,1,Enriched in Strong
group_1133,1,0,11,7,1,Enriched in Strong
budC,1,0,11,7,1,Enriched in Strong
glpR,1,0,11,7,1,Enriched in Strong
tpiA,1,0,11,7,1,Enriched in Strong
group_1132,1,0,11,7,1,Enriched in Strong
group_1131,1,0,11,7,1,Enriched in Strong
ccmC,1,0,11,7,1,Enriched in Strong
speE_2,1,0,11,7,1,Enriched in Strong
group_1130,1,0,11,7,1,Enriched in Strong
group_1126,1,0,11,7,1,Enriched in Strong
group_1125,1,0,11,7,1,Enriched in Strong
deoR,1,0,11,7,1,Enriched in Strong
group_1124,1,0,11,7,1,Enriched in Strong
livF_5,1,0,11,7,1,Enriched in Strong
group_1123,1,0,11,7,1,Enriched in Strong
nagR_1,1,0,11,7,1,Enriched in Strong
fabG_1,1,0,11,7,1,Enriched in Strong
pxpA,1,0,11,7,1,Enriched in Strong
ais_1,1,0,11,7,1,Enriched in Strong
yycJ,1,0,11,7,1,Enriched in Strong
linC,1,0,11,7,1,Enriched in Strong
group_1121,1,0,11,7,1,Enriched in Strong
gdh,1,0,11,7,1,Enriched in Strong
group_1120,1,0,11,7,1,Enriched in Strong
tam_1,1,0,11,7,1,Enriched in Strong
group_1119,1,0,11,7,1,Enriched in Strong
dsbG,1,0,11,7,1,Enriched in Strong
phoU,1,0,11,7,1,Enriched in Strong
gdhI_2,1,0,11,7,1,Enriched in Strong
xynR,1,0,11,7,1,Enriched in Strong
group_1115,1,0,11,7,1,Enriched in Strong
kdsB,1,0,11,7,1,Enriched in Strong
hisP_2,1,0,11,7,1,Enriched in Strong
glnQ_6,1,0,11,7,1,Enriched in Strong
nimR_2,1,0,11,7,1,Enriched in Strong
glnQ_5,1,0,11,7,1,Enriched in Strong
group_1114,1,0,11,7,1,Enriched in Strong
group_1113,1,0,11,7,1,Enriched in Strong
cysZ,1,0,11,7,1,Enriched in Strong
anoR_1,1,0,11,7,1,Enriched in Strong
cmpD,1,0,11,7,1,Enriched in Strong
fecE_1,1,0,11,7,1,Enriched in Strong
group_1112,1,0,11,7,1,Enriched in Strong
nanR_1,1,0,11,7,1,Enriched in Strong
modE,1,0,11,7,1,Enriched in Strong
group_1111,1,0,11,7,1,Enriched in Strong
gloB,1,0,11,7,1,Enriched in Strong
fabG_7,1,0,11,7,1,Enriched in Strong
livF_6,1,0,11,7,1,Enriched in Strong
group_1110,1,0,11,7,1,Enriched in Strong
group_1109,1,0,11,7,1,Enriched in Strong
yqjH,1,0,11,7,1,Enriched in Strong
hmuV,1,0,11,7,1,Enriched in Strong
pdhR,1,0,11,7,1,Enriched in Strong
ygiD,1,0,11,7,1,Enriched in Strong
group_1108,1,0,11,7,1,Enriched in Strong
amiD_1,1,0,11,7,1,Enriched in Strong
crt_1,1,0,11,7,1,Enriched in Strong
group_1107,1,0,11,7,1,Enriched in Strong
djlA,1,0,11,7,1,Enriched in Strong
group_1105,1,0,11,7,1,Enriched in Strong
cysA_2,1,0,11,7,1,Enriched in Strong
cmpB,1,0,11,7,1,Enriched in Strong
lutR_2,1,0,11,7,1,Enriched in Strong
hpcE_1,1,0,11,7,1,Enriched in Strong
hisJ_1,1,0,11,7,1,Enriched in Strong
group_1104,1,0,11,7,1,Enriched in Strong
group_1103,1,0,11,7,1,Enriched in Strong
trmJ,1,0,11,7,1,Enriched in Strong
group_1102,1,0,11,7,1,Enriched in Strong
madD,1,0,11,7,1,Enriched in Strong
bdhA,1,0,11,7,1,Enriched in Strong
echA8,1,0,11,7,1,Enriched in Strong
modA,1,0,11,7,1,Enriched in Strong
nimR_4,1,0,11,7,1,Enriched in Strong
polS,1,0,11,7,1,Enriched in Strong
gno,1,0,11,7,1,Enriched in Strong
tcyC_1,1,0,11,7,1,Enriched in Strong
group_1099,1,0,11,7,1,Enriched in Strong
pheC,1,0,11,7,1,Enriched in Strong
yiaD,1,0,11,7,1,Enriched in Strong
argT_2,1,0,11,7,1,Enriched in Strong
yjjV,1,0,11,7,1,Enriched in Strong
fpr_1,1,0,11,7,1,Enriched in Strong
yafJ,1,0,11,7,1,Enriched in Strong
group_1093,1,0,11,7,1,Enriched in Strong
yadH,1,0,11,7,1,Enriched in Strong
yfcA,1,0,11,7,1,Enriched in Strong
group_1092,1,0,11,7,1,Enriched in Strong
yddE,1,0,11,7,1,Enriched in Strong
petC,1,0,11,7,1,Enriched in Strong
hisJ_2,1,0,11,7,1,Enriched in Strong
yaaA,1,0,11,7,1,Enriched in Strong
kdgR_2,1,0,11,7,1,Enriched in Strong
fpr_2,1,0,11,7,1,Enriched in Strong
group_1091,1,0,11,7,1,Enriched in Strong
pstB_2,1,0,11,7,1,Enriched in Strong
puuD,1,0,11,7,1,Enriched in Strong
exoA,1,0,11,7,1,Enriched in Strong
group_1088,1,0,11,7,1,Enriched in Strong
group_1087,1,0,11,7,1,Enriched in Strong
glnQ_7,1,0,11,7,1,Enriched in Strong
group_1086,1,0,11,7,1,Enriched in Strong
scpB_2,1,0,11,7,1,Enriched in Strong
nimR_3,1,0,11,7,1,Enriched in Strong
rsmJ,1,0,11,7,1,Enriched in Strong
fucA_2,1,0,11,7,1,Enriched in Strong
hyi,1,0,11,7,1,Enriched in Strong
group_1085,1,0,11,7,1,Enriched in Strong
fucA_1,1,0,11,7,1,Enriched in Strong
ycfH,1,0,11,7,1,Enriched in Strong
group_1081,1,0,11,7,1,Enriched in Strong
ulaR,1,0,11,7,1,Enriched in Strong
group_1080,1,0,11,7,1,Enriched in Strong
argT_1,1,0,11,7,1,Enriched in Strong
yedY1,1,0,11,7,1,Enriched in Strong
group_1079,1,0,11,7,1,Enriched in Strong
group_1078,1,0,11,7,1,Enriched in Strong
group_1077,1,0,11,7,1,Enriched in Strong
cysE,1,0,11,7,1,Enriched in Strong
group_1076,1,0,11,7,1,Enriched in Strong
fliR,1,0,11,7,1,Enriched in Strong
flgG,1,0,11,7,1,Enriched in Strong
artJ_1,1,0,11,7,1,Enriched in Strong
iolB,1,0,11,7,1,Enriched in Strong
group_1071,1,0,11,7,1,Enriched in Strong
spaR_2,1,0,11,7,1,Enriched in Strong
nimR_5,1,0,11,7,1,Enriched in Strong
group_1070,1,0,11,7,1,Enriched in Strong
group_1069,1,0,11,7,1,Enriched in Strong
group_1068,1,0,11,7,1,Enriched in Strong
soj_1,1,0,11,7,1,Enriched in Strong
cheZ,1,0,11,7,1,Enriched in Strong
isfD_1,1,0,11,7,1,Enriched in Strong
ssuC_1,1,0,11,7,1,Enriched in Strong
group_1064,1,0,11,7,1,Enriched in Strong
metQ_1,1,0,11,7,1,Enriched in Strong
crt_2,1,0,11,7,1,Enriched in Strong
fetB,1,0,11,7,1,Enriched in Strong
fecE_2,1,0,11,7,1,Enriched in Strong
paaF_1,1,0,11,7,1,Enriched in Strong
group_1063,1,0,11,7,1,Enriched in Strong
phhA,1,0,11,7,1,Enriched in Strong
group_1061,1,0,11,7,1,Enriched in Strong
yadV_1,1,0,11,7,1,Enriched in Strong
group_1059,1,0,11,7,1,Enriched in Strong
murI,1,0,11,7,1,Enriched in Strong
mtnB,1,0,11,7,1,Enriched in Strong
phnV,1,0,11,7,1,Enriched in Strong
group_1058,1,0,11,7,1,Enriched in Strong
group_1057,1,0,11,7,1,Enriched in Strong
ramA_1,1,0,11,7,1,Enriched in Strong
thiG,1,0,11,7,1,Enriched in Strong
parA,1,0,11,7,1,Enriched in Strong
mlaE,1,0,11,7,1,Enriched in Strong
thiD,1,0,11,7,1,Enriched in Strong
group_1053,1,0,11,7,1,Enriched in Strong
ompR_4,1,0,11,7,1,Enriched in Strong
cysW_1,1,0,11,7,1,Enriched in Strong
group_1051,1,0,11,7,1,Enriched in Strong
dasC,1,0,11,7,1,Enriched in Strong
gdhI_1,1,0,11,7,1,Enriched in Strong
panB,1,0,11,7,1,Enriched in Strong
group_1048,1,0,11,7,1,Enriched in Strong
dapF_3,1,0,11,7,1,Enriched in Strong
ispE,1,0,11,7,1,Enriched in Strong
group_1047,1,0,11,7,1,Enriched in Strong
cmpC,1,0,11,7,1,Enriched in Strong
hpcG,1,0,11,7,1,Enriched in Strong
bacC,1,0,11,7,1,Enriched in Strong
group_1046,1,0,11,7,1,Enriched in Strong
catD_1,1,0,11,7,1,Enriched in Strong
group_1045,1,0,11,7,1,Enriched in Strong
group_1043,1,0,11,7,1,Enriched in Strong
menB,1,0,11,7,1,Enriched in Strong
group_1041,1,0,11,7,1,Enriched in Strong
dapB,1,0,11,7,1,Enriched in Strong
group_1040,1,0,11,7,1,Enriched in Strong
group_1039,1,0,11,7,1,Enriched in Strong
ycbX,1,0,11,7,1,Enriched in Strong
ssuB_1,1,0,11,7,1,Enriched in Strong
group_1036,1,0,11,7,1,Enriched in Strong
group_1035,1,0,11,7,1,Enriched in Strong
mlaF,1,0,11,7,1,Enriched in Strong
lpxH_1,1,0,11,7,1,Enriched in Strong
group_1034,1,0,11,7,1,Enriched in Strong
spaR_1,1,0,11,7,1,Enriched in Strong
catD_4,1,0,11,7,1,Enriched in Strong
crt_3,1,0,11,7,1,Enriched in Strong
rsbQ,1,0,11,7,1,Enriched in Strong
xthA,1,0,11,7,1,Enriched in Strong
group_1032,1,0,11,7,1,Enriched in Strong
group_1031,1,0,11,7,1,Enriched in Strong
group_1029,1,0,11,7,1,Enriched in Strong
ypjD,1,0,11,7,1,Enriched in Strong
minD,1,0,11,7,1,Enriched in Strong
rsmA,1,0,11,7,1,Enriched in Strong
bioC,1,0,11,7,1,Enriched in Strong
mutM,1,0,11,7,1,Enriched in Strong
lgt,1,0,11,7,1,Enriched in Strong
pabC,1,0,11,7,1,Enriched in Strong
cheR,1,0,11,7,1,Enriched in Strong
glpF,1,0,11,7,1,Enriched in Strong
suhB,1,0,11,7,1,Enriched in Strong
group_1026,1,0,11,7,1,Enriched in Strong
hcaB_1,1,0,11,7,1,Enriched in Strong
pal_1,1,0,11,7,1,Enriched in Strong
group_1024,1,0,11,7,1,Enriched in Strong
group_1023,1,0,11,7,1,Enriched in Strong
sdhL,1,0,11,7,1,Enriched in Strong
dkgB,1,0,11,7,1,Enriched in Strong
loiP,1,0,11,7,1,Enriched in Strong
efeO_1,1,0,11,7,1,Enriched in Strong
group_1022,1,0,11,7,1,Enriched in Strong
group_1021,1,0,11,7,1,Enriched in Strong
scpA,1,0,11,7,1,Enriched in Strong
ppsR,1,0,11,7,1,Enriched in Strong
gph,1,0,11,7,1,Enriched in Strong
proC,1,0,11,7,1,Enriched in Strong
group_1018,1,0,11,7,1,Enriched in Strong
group_1017,1,0,11,7,1,Enriched in Strong
tcyA,1,0,11,7,1,Enriched in Strong
group_1016,1,0,11,7,1,Enriched in Strong
moaF,1,0,11,7,1,Enriched in Strong
ramA_2,1,0,11,7,1,Enriched in Strong
eutC,1,0,11,7,1,Enriched in Strong
group_1015,1,0,11,7,1,Enriched in Strong
group_1014,1,0,11,7,1,Enriched in Strong
lvr,1,0,11,7,1,Enriched in Strong
truA,1,0,11,7,1,Enriched in Strong
ttcA,1,0,11,7,1,Enriched in Strong
yigL,1,0,11,7,1,Enriched in Strong
udh_2,1,0,11,7,1,Enriched in Strong
rplB,1,0,11,7,1,Enriched in Strong
group_1009,1,0,11,7,1,Enriched in Strong
group_1008,1,0,11,7,1,Enriched in Strong
group_1007,1,0,11,7,1,Enriched in Strong
ydcV_2,1,0,11,7,1,Enriched in Strong
ssuC_3,1,0,11,7,1,Enriched in Strong
cheR2,1,0,11,7,1,Enriched in Strong
purN_2,1,0,11,7,1,Enriched in Strong
phnX_2,1,0,11,7,1,Enriched in Strong
group_1003,1,0,11,7,1,Enriched in Strong
efeU_1,1,0,11,7,1,Enriched in Strong
group_999,1,0,11,7,1,Enriched in Strong
prmC,1,0,11,7,1,Enriched in Strong
group_998,1,0,11,7,1,Enriched in Strong
mtfA,1,0,11,7,1,Enriched in Strong
queF,1,0,11,7,1,Enriched in Strong
fliY_2,1,0,11,7,1,Enriched in Strong
dapF_1,1,0,11,7,1,Enriched in Strong
group_995,1,0,11,7,1,Enriched in Strong
nudC_2,1,0,11,7,1,Enriched in Strong
cpdA_2,1,0,11,7,1,Enriched in Strong
group_994,1,0,11,7,1,Enriched in Strong
nhoA,1,0,11,7,1,Enriched in Strong
yghU,1,0,11,7,1,Enriched in Strong
group_993,1,0,11,7,1,Enriched in Strong
ylxH,1,0,11,7,1,Enriched in Strong
mazG,1,0,11,7,1,Enriched in Strong
citG,1,0,11,7,1,Enriched in Strong
pstB_1,1,0,11,7,1,Enriched in Strong
gsiD,1,0,11,7,1,Enriched in Strong
group_989,1,0,11,7,1,Enriched in Strong
group_988,1,0,11,7,1,Enriched in Strong
group_987,1,0,11,7,1,Enriched in Strong
cpoB,1,0,11,7,1,Enriched in Strong
group_986,1,0,11,7,1,Enriched in Strong
cvfB,1,0,11,7,1,Enriched in Strong
trpC,1,0,11,7,1,Enriched in Strong
nucA,1,0,11,7,1,Enriched in Strong
gtaB,1,0,11,7,1,Enriched in Strong
hisP_1,1,0,11,7,1,Enriched in Strong
corC,1,0,11,7,1,Enriched in Strong
phzF,1,0,11,7,1,Enriched in Strong
mscS,1,0,11,7,1,Enriched in Strong
group_979,1,0,11,7,1,Enriched in Strong
cysW_2,1,0,11,7,1,Enriched in Strong
group_976,1,0,11,7,1,Enriched in Strong
efeU_2,1,0,11,7,1,Enriched in Strong
potB,1,0,11,7,1,Enriched in Strong
ngcG,1,0,11,7,1,Enriched in Strong
yeaD_2,1,0,11,7,1,Enriched in Strong
group_975,1,0,11,7,1,Enriched in Strong
opuAB_1,1,0,11,7,1,Enriched in Strong
metF,1,0,11,7,1,Enriched in Strong
group_972,1,0,11,7,1,Enriched in Strong
peb1A_1,1,0,11,7,1,Enriched in Strong
cobB,1,0,11,7,1,Enriched in Strong
nit1,1,0,11,7,1,Enriched in Strong
nadC,1,0,11,7,1,Enriched in Strong
purU_2,1,0,11,7,1,Enriched in Strong
group_971,1,0,11,7,1,Enriched in Strong
apaH_1,1,0,11,7,1,Enriched in Strong
nimR_7,1,0,11,7,1,Enriched in Strong
group_969,1,0,11,7,1,Enriched in Strong
panC,1,0,11,7,1,Enriched in Strong
group_968,1,0,11,7,1,Enriched in Strong
resA_1,1,0,11,7,1,Enriched in Strong
group_967,1,0,11,7,1,Enriched in Strong
occT,1,0,11,7,1,Enriched in Strong
menH_4,1,0,11,7,1,Enriched in Strong
folD,1,0,11,7,1,Enriched in Strong
lepB,1,0,11,7,1,Enriched in Strong
aroE_1,1,0,11,7,1,Enriched in Strong
metR_1,1,0,11,7,1,Enriched in Strong
rpoH,1,0,11,7,1,Enriched in Strong
sseB,1,0,11,7,1,Enriched in Strong
rapZ,1,0,11,7,1,Enriched in Strong
cysL_2,1,0,11,7,1,Enriched in Strong
yebZ,1,0,11,7,1,Enriched in Strong
hpcB,1,0,11,7,1,Enriched in Strong
group_963,1,0,11,7,1,Enriched in Strong
group_962,1,0,11,7,1,Enriched in Strong
kynA,1,0,11,7,1,Enriched in Strong
ddpC,1,0,11,7,1,Enriched in Strong
purU_1,1,0,11,7,1,Enriched in Strong
atpG,1,0,11,7,1,Enriched in Strong
livH_2,1,0,11,7,1,Enriched in Strong
group_956,1,0,11,7,1,Enriched in Strong
aaeA_1,1,0,11,7,1,Enriched in Strong
group_955,1,0,11,7,1,Enriched in Strong
hexR_3,1,0,11,7,1,Enriched in Strong
uspE_4,1,0,11,7,1,Enriched in Strong
hdfR_10,1,0,11,7,1,Enriched in Strong
group_951,1,0,11,7,1,Enriched in Strong
group_950,1,0,11,7,1,Enriched in Strong
group_949,1,0,11,7,1,Enriched in Strong
alkA,1,0,11,7,1,Enriched in Strong
yciV,1,0,11,7,1,Enriched in Strong
gltR_1,1,0,11,7,1,Enriched in Strong
zipA,1,0,11,7,1,Enriched in Strong
group_948,1,0,11,7,1,Enriched in Strong
cmpR_2,1,0,11,7,1,Enriched in Strong
group_947,1,0,11,7,1,Enriched in Strong
mntC,1,0,11,7,1,Enriched in Strong
group_945,1,0,11,7,1,Enriched in Strong
melD_2,1,0,11,7,1,Enriched in Strong
outO,1,0,11,7,1,Enriched in Strong
hdfR_7,1,0,11,7,1,Enriched in Strong
group_944,1,0,11,7,1,Enriched in Strong
group_943,1,0,11,7,1,Enriched in Strong
group_942,1,0,11,7,1,Enriched in Strong
group_941,1,0,11,7,1,Enriched in Strong
bioP,1,0,11,7,1,Enriched in Strong
group_940,1,0,11,7,1,Enriched in Strong
hexR_1,1,0,11,7,1,Enriched in Strong
ftsQ,1,0,11,7,1,Enriched in Strong
atpB,1,0,11,7,1,Enriched in Strong
group_937,1,0,11,7,1,Enriched in Strong
group_936,1,0,11,7,1,Enriched in Strong
glpG,1,0,11,7,1,Enriched in Strong
group_935,1,0,11,7,1,Enriched in Strong
tesB,1,0,11,7,1,Enriched in Strong
rmlD,1,0,11,7,1,Enriched in Strong
hexR_2,1,0,11,7,1,Enriched in Strong
cynR_4,1,0,11,7,1,Enriched in Strong
thyA,1,0,11,7,1,Enriched in Strong
rsmI,1,0,11,7,1,Enriched in Strong
parB,1,0,11,7,1,Enriched in Strong
pdxY,1,0,11,7,1,Enriched in Strong
uppP_1,1,0,11,7,1,Enriched in Strong
egtB,1,0,11,7,1,Enriched in Strong
dmlR_9,1,0,11,7,1,Enriched in Strong
cnoX,1,0,11,7,1,Enriched in Strong
pstA,1,0,11,7,1,Enriched in Strong
dapA_1,1,0,11,7,1,Enriched in Strong
gltR_3,1,0,11,7,1,Enriched in Strong
group_931,1,0,11,7,1,Enriched in Strong
group_930,1,0,11,7,1,Enriched in Strong
dehH1,1,0,11,7,1,Enriched in Strong
yfeX,1,0,11,7,1,Enriched in Strong
ku,1,0,11,7,1,Enriched in Strong
group_929,1,0,11,7,1,Enriched in Strong
group_928,1,0,11,7,1,Enriched in Strong
benM_2,1,0,11,7,1,Enriched in Strong
rhaS_2,1,0,11,7,1,Enriched in Strong
yofA_1,1,0,11,7,1,Enriched in Strong
ampR,1,0,11,7,1,Enriched in Strong
group_926,1,0,11,7,1,Enriched in Strong
group_925,1,0,11,7,1,Enriched in Strong
cmpR_4,1,0,11,7,1,Enriched in Strong
dhmA2_1,1,0,11,7,1,Enriched in Strong
group_924,1,0,11,7,1,Enriched in Strong
pgdA,1,0,11,7,1,Enriched in Strong
hmuT,1,0,11,7,1,Enriched in Strong
ribN,1,0,11,7,1,Enriched in Strong
rhaS_4,1,0,11,7,1,Enriched in Strong
group_923,1,0,11,7,1,Enriched in Strong
group_922,1,0,11,7,1,Enriched in Strong
dapA_2,1,0,11,7,1,Enriched in Strong
group_921,1,0,11,7,1,Enriched in Strong
group_918,1,0,11,7,1,Enriched in Strong
livH_4,1,0,11,7,1,Enriched in Strong
rarD_2,1,0,11,7,1,Enriched in Strong
sucD,1,0,11,7,1,Enriched in Strong
hdfR_2,1,0,11,7,1,Enriched in Strong
pcpR_4,1,0,11,7,1,Enriched in Strong
argP_4,1,0,11,7,1,Enriched in Strong
arnD,1,0,11,7,1,Enriched in Strong
group_914,1,0,11,7,1,Enriched in Strong
dmlR_12,1,0,11,7,1,Enriched in Strong
group_913,1,0,11,7,1,Enriched in Strong
rhlA_2,1,0,11,7,1,Enriched in Strong
group_912,1,0,11,7,1,Enriched in Strong
rarD_1,1,0,11,7,1,Enriched in Strong
yfdC,1,0,11,7,1,Enriched in Strong
gcvA_2,1,0,11,7,1,Enriched in Strong
ydcV_1,1,0,11,7,1,Enriched in Strong
group_908,1,0,11,7,1,Enriched in Strong
rhtA,1,0,11,7,1,Enriched in Strong
dmlR_22,1,0,11,7,1,Enriched in Strong
group_907,1,0,11,7,1,Enriched in Strong
gluQ,1,0,11,7,1,Enriched in Strong
group_906,1,0,11,7,1,Enriched in Strong
ispA,1,0,11,7,1,Enriched in Strong
mmsB_1,1,0,11,7,1,Enriched in Strong
cyoE,1,0,11,7,1,Enriched in Strong
htpX,1,0,11,7,1,Enriched in Strong
pip_1,1,0,11,7,1,Enriched in Strong
dmlR_2,1,0,11,7,1,Enriched in Strong
cynR_3,1,0,11,7,1,Enriched in Strong
gltC_2,1,0,11,7,1,Enriched in Strong
motB_1,1,0,11,7,1,Enriched in Strong
kce,1,0,11,7,1,Enriched in Strong
cmpR_5,1,0,11,7,1,Enriched in Strong
group_904,1,0,11,7,1,Enriched in Strong
iolE,1,0,11,7,1,Enriched in Strong
sadH,1,0,11,7,1,Enriched in Strong
pgrR_7,1,0,11,7,1,Enriched in Strong
group_903,1,0,11,7,1,Enriched in Strong
nadK,1,0,11,7,1,Enriched in Strong
dcyD_1,1,0,11,7,1,Enriched in Strong
catM,1,0,11,7,1,Enriched in Strong
glxR,1,0,11,7,1,Enriched in Strong
group_902,1,0,11,7,1,Enriched in Strong
group_901,1,0,11,7,1,Enriched in Strong
rhaS_1,1,0,11,7,1,Enriched in Strong
yihG_1,1,0,11,7,1,Enriched in Strong
rhlA_1,1,0,11,7,1,Enriched in Strong
ubiA,1,0,11,7,1,Enriched in Strong
group_898,1,0,11,7,1,Enriched in Strong
hcaR_3,1,0,11,7,1,Enriched in Strong
rhaR_3,1,0,11,7,1,Enriched in Strong
pgrR_8,1,0,11,7,1,Enriched in Strong
gltR_5,1,0,11,7,1,Enriched in Strong
zupT,1,0,11,7,1,Enriched in Strong
group_897,1,0,11,7,1,Enriched in Strong
fieF,1,0,11,7,1,Enriched in Strong
group_896,1,0,11,7,1,Enriched in Strong
group_895,1,0,11,7,1,Enriched in Strong
group_894,1,0,11,7,1,Enriched in Strong
group_893,1,0,11,7,1,Enriched in Strong
group_892,1,0,11,7,1,Enriched in Strong
group_891,1,0,11,7,1,Enriched in Strong
gltR_2,1,0,11,7,1,Enriched in Strong
prpB_1,1,0,11,7,1,Enriched in Strong
rhaS_10,1,0,11,7,1,Enriched in Strong
folE2,1,0,11,7,1,Enriched in Strong
hcaR_1,1,0,11,7,1,Enriched in Strong
dmlR_21,1,0,11,7,1,Enriched in Strong
osmX,1,0,11,7,1,Enriched in Strong
yedA_2,1,0,11,7,1,Enriched in Strong
cysL_1,1,0,11,7,1,Enriched in Strong
dmlR_7,1,0,11,7,1,Enriched in Strong
gltC_3,1,0,11,7,1,Enriched in Strong
xerD,1,0,11,7,1,Enriched in Strong
argP_2,1,0,11,7,1,Enriched in Strong
pgrR_1,1,0,11,7,1,Enriched in Strong
cynR_2,1,0,11,7,1,Enriched in Strong
znuB_1,1,0,11,7,1,Enriched in Strong
group_886,1,0,11,7,1,Enriched in Strong
yihG_2,1,0,11,7,1,Enriched in Strong
group_885,1,0,11,7,1,Enriched in Strong
cynR_1,1,0,11,7,1,Enriched in Strong
fabD_1,1,0,11,7,1,Enriched in Strong
xerC_1,1,0,11,7,1,Enriched in Strong
cheB_1,1,0,11,7,1,Enriched in Strong
yeaD_1,1,0,11,7,1,Enriched in Strong
group_880,1,0,11,7,1,Enriched in Strong
group_879,1,0,11,7,1,Enriched in Strong
nhaR,1,0,11,7,1,Enriched in Strong
dmlR_19,1,0,11,7,1,Enriched in Strong
group_878,1,0,11,7,1,Enriched in Strong
dmlR_15,1,0,11,7,1,Enriched in Strong
cheV_2,1,0,11,7,1,Enriched in Strong
era,1,0,11,7,1,Enriched in Strong
oleB,1,0,11,7,1,Enriched in Strong
group_877,1,0,11,7,1,Enriched in Strong
cysM,1,0,11,7,1,Enriched in Strong
group_876,1,0,11,7,1,Enriched in Strong
group_875,1,0,11,7,1,Enriched in Strong
gltI_1,1,0,11,7,1,Enriched in Strong
group_874,1,0,11,7,1,Enriched in Strong
mtrA_1,1,0,11,7,1,Enriched in Strong
group_871,1,0,11,7,1,Enriched in Strong
rhaS_9,1,0,11,7,1,Enriched in Strong
czcD_2,1,0,11,7,1,Enriched in Strong
kdgK_1,1,0,11,7,1,Enriched in Strong
gltR_6,1,0,11,7,1,Enriched in Strong
cynR_5,1,0,11,7,1,Enriched in Strong
group_870,1,0,11,7,1,Enriched in Strong
pgrR_4,1,0,11,7,1,Enriched in Strong
mtrA_2,1,0,11,7,1,Enriched in Strong
group_869,1,0,11,7,1,Enriched in Strong
group_868,1,0,11,7,1,Enriched in Strong
dmlR_6,1,0,11,7,1,Enriched in Strong
dmlR_4,1,0,11,7,1,Enriched in Strong
group_867,1,0,11,7,1,Enriched in Strong
argB,1,0,11,7,1,Enriched in Strong
rhaR_4,1,0,11,7,1,Enriched in Strong
glsA2,1,0,11,7,1,Enriched in Strong
group_863,1,0,11,7,1,Enriched in Strong
dmlR_18,1,0,11,7,1,Enriched in Strong
dmlR_16,1,0,11,7,1,Enriched in Strong
dmlR_14,1,0,11,7,1,Enriched in Strong
nodD2_2,1,0,11,7,1,Enriched in Strong
pal_5,1,0,11,7,1,Enriched in Strong
benM_4,1,0,11,7,1,Enriched in Strong
melD_1,1,0,11,7,1,Enriched in Strong
pcpR_1,1,0,11,7,1,Enriched in Strong
prmB,1,0,11,7,1,Enriched in Strong
cobD,1,0,11,7,1,Enriched in Strong
yjiK_2,1,0,11,7,1,Enriched in Strong
yjiE,1,0,11,7,1,Enriched in Strong
lpxC,1,0,11,7,1,Enriched in Strong
group_860,1,0,11,7,1,Enriched in Strong
group_859,1,0,11,7,1,Enriched in Strong
dppC,1,0,11,7,1,Enriched in Strong
dmlR_17,1,0,11,7,1,Enriched in Strong
group_858,1,0,11,7,1,Enriched in Strong
group_857,1,0,11,7,1,Enriched in Strong
occR,1,0,11,7,1,Enriched in Strong
pqqB,1,0,11,7,1,Enriched in Strong
dmlR_25,1,0,11,7,1,Enriched in Strong
hcaR_2,1,0,11,7,1,Enriched in Strong
nodD2_3,1,0,11,7,1,Enriched in Strong
group_856,1,0,11,7,1,Enriched in Strong
secF,1,0,11,7,1,Enriched in Strong
yahB,1,0,11,7,1,Enriched in Strong
ccoP1,1,0,11,7,1,Enriched in Strong
cysK_1,1,0,11,7,1,Enriched in Strong
gltC_1,1,0,11,7,1,Enriched in Strong
group_854,1,0,11,7,1,Enriched in Strong
rbsK_3,1,0,11,7,1,Enriched in Strong
rbsK_2,1,0,11,7,1,Enriched in Strong
cysD_2,1,0,11,7,1,Enriched in Strong
group_853,1,0,11,7,1,Enriched in Strong
rhaS_7,1,0,11,7,1,Enriched in Strong
livH_3,1,0,11,7,1,Enriched in Strong
metR_2,1,0,11,7,1,Enriched in Strong
truB,1,0,11,7,1,Enriched in Strong
panE_2,1,0,11,7,1,Enriched in Strong
gltR_4,1,0,11,7,1,Enriched in Strong
group_852,1,0,11,7,1,Enriched in Strong
czcD_1,1,0,11,7,1,Enriched in Strong
group_850,1,0,11,7,1,Enriched in Strong
accD,1,0,11,7,1,Enriched in Strong
murR,1,0,11,7,1,Enriched in Strong
rdgC,1,0,11,7,1,Enriched in Strong
psaA,1,0,11,7,1,Enriched in Strong
rlmL_2,1,0,11,7,1,Enriched in Strong
rbsK_1,1,0,11,7,1,Enriched in Strong
dmlR_11,1,0,11,7,1,Enriched in Strong
fecB,1,0,11,7,1,Enriched in Strong
group_849,1,0,11,7,1,Enriched in Strong
oxyR_3,1,0,11,7,1,Enriched in Strong
group_848,1,0,11,7,1,Enriched in Strong
yegS,1,0,11,7,1,Enriched in Strong
potH,1,0,11,7,1,Enriched in Strong
gcvA_1,1,0,11,7,1,Enriched in Strong
oxyR_1,1,0,11,7,1,Enriched in Strong
pgrR_9,1,0,11,7,1,Enriched in Strong
fecR_4,1,0,11,7,1,Enriched in Strong
dctD_3,1,0,11,7,1,Enriched in Strong
tal_2,1,0,11,7,1,Enriched in Strong
eamA_4,1,0,11,7,1,Enriched in Strong
group_844,1,0,11,7,1,Enriched in Strong
pbpG,1,0,11,7,1,Enriched in Strong
rbsB_1,1,0,11,7,1,Enriched in Strong
hdfR_5,1,0,11,7,1,Enriched in Strong
argF,1,0,11,7,1,Enriched in Strong
ssuA_2,1,0,11,7,1,Enriched in Strong
yhaJ,1,0,11,7,1,Enriched in Strong
dmlR_1,1,0,11,7,1,Enriched in Strong
yjiK_1,1,0,11,7,1,Enriched in Strong
lacF,1,0,11,7,1,Enriched in Strong
menH_3,1,0,11,7,1,Enriched in Strong
pgrR_5,1,0,11,7,1,Enriched in Strong
proR,1,0,11,7,1,Enriched in Strong
group_843,1,0,11,7,1,Enriched in Strong
group_842,1,0,11,7,1,Enriched in Strong
group_841,1,0,11,7,1,Enriched in Strong
gltI_2,1,0,11,7,1,Enriched in Strong
ssuA_3,1,0,11,7,1,Enriched in Strong
tal_1,1,0,11,7,1,Enriched in Strong
group_840,1,0,11,7,1,Enriched in Strong
group_839,1,0,11,7,1,Enriched in Strong
group_838,1,0,11,7,1,Enriched in Strong
group_833,1,0,11,7,1,Enriched in Strong
group_832,1,0,11,7,1,Enriched in Strong
group_831,1,0,11,7,1,Enriched in Strong
argP_3,1,0,11,7,1,Enriched in Strong
catA,1,0,11,7,1,Enriched in Strong
rhaS_3,1,0,11,7,1,Enriched in Strong
arcC1,1,0,11,7,1,Enriched in Strong
group_830,1,0,11,7,1,Enriched in Strong
argP_1,1,0,11,7,1,Enriched in Strong
fabH,1,0,11,7,1,Enriched in Strong
etfA,1,0,11,7,1,Enriched in Strong
group_828,1,0,11,7,1,Enriched in Strong
dmlR_26,1,0,11,7,1,Enriched in Strong
yadG,1,0,11,7,1,Enriched in Strong
group_827,1,0,11,7,1,Enriched in Strong
gcvA_10,1,0,11,7,1,Enriched in Strong
prs,1,0,11,7,1,Enriched in Strong
cheV_3,1,0,11,7,1,Enriched in Strong
thpA_1,1,0,11,7,1,Enriched in Strong
dmlR_13,1,0,11,7,1,Enriched in Strong
ykfA,1,0,11,7,1,Enriched in Strong
nagAa,1,0,11,7,1,Enriched in Strong
laaA,1,0,11,7,1,Enriched in Strong
ghrA_1,1,0,11,7,1,Enriched in Strong
thpA_3,1,0,11,7,1,Enriched in Strong
pcpR_3,1,0,11,7,1,Enriched in Strong
group_826,1,0,11,7,1,Enriched in Strong
pcpR_2,1,0,11,7,1,Enriched in Strong
nodD2_1,1,0,11,7,1,Enriched in Strong
lpxL,1,0,11,7,1,Enriched in Strong
cheV_1,1,0,11,7,1,Enriched in Strong
fabD_2,1,0,11,7,1,Enriched in Strong
pfkB,1,0,11,7,1,Enriched in Strong
group_824,1,0,11,7,1,Enriched in Strong
ribF,1,0,11,7,1,Enriched in Strong
pgrR_3,1,0,11,7,1,Enriched in Strong
group_823,1,0,11,7,1,Enriched in Strong
aes_1,1,0,11,7,1,Enriched in Strong
kdgK_2,1,0,11,7,1,Enriched in Strong
lacC,1,0,11,7,1,Enriched in Strong
group_820,1,0,11,7,1,Enriched in Strong
feaR,1,0,11,7,1,Enriched in Strong
fecR_2,1,0,11,7,1,Enriched in Strong
cyoA,1,0,11,7,1,Enriched in Strong
ygfZ,1,0,11,7,1,Enriched in Strong
yngG,1,0,11,7,1,Enriched in Strong
group_819,1,0,11,7,1,Enriched in Strong
hemC,1,0,11,7,1,Enriched in Strong
group_818,1,0,11,7,1,Enriched in Strong
rhaS_6,1,0,11,7,1,Enriched in Strong
thiE_1,1,0,11,7,1,Enriched in Strong
group_817,1,0,11,7,1,Enriched in Strong
cdhR_3,1,0,11,7,1,Enriched in Strong
group_816,1,0,11,7,1,Enriched in Strong
rsmH,1,0,11,7,1,Enriched in Strong
ispH,1,0,11,7,1,Enriched in Strong
ghrA_2,1,0,11,7,1,Enriched in Strong
dauB,1,0,11,7,1,Enriched in Strong
group_812,1,0,11,7,1,Enriched in Strong
group_811,1,0,11,7,1,Enriched in Strong
dapA_4,1,0,11,7,1,Enriched in Strong
rhaS_5,1,0,11,7,1,Enriched in Strong
group_810,1,0,11,7,1,Enriched in Strong
gcvA_6,1,0,11,7,1,Enriched in Strong
gsiC,1,0,11,7,1,Enriched in Strong
group_809,1,0,11,7,1,Enriched in Strong
group_804,1,0,11,7,1,Enriched in Strong
group_803,1,0,11,7,1,Enriched in Strong
group_802,1,0,11,7,1,Enriched in Strong
group_801,1,0,11,7,1,Enriched in Strong
ppaC,1,0,11,7,1,Enriched in Strong
gbuA,1,0,11,7,1,Enriched in Strong
yedA_1,1,0,11,7,1,Enriched in Strong
group_800,1,0,11,7,1,Enriched in Strong
group_799,1,0,11,7,1,Enriched in Strong
dppB_2,1,0,11,7,1,Enriched in Strong
fecR_3,1,0,11,7,1,Enriched in Strong
hprA,1,0,11,7,1,Enriched in Strong
group_798,1,0,11,7,1,Enriched in Strong
gshB,1,0,11,7,1,Enriched in Strong
clpB_1,1,0,11,7,1,Enriched in Strong
cmoB,1,0,11,7,1,Enriched in Strong
ybhN,1,0,11,7,1,Enriched in Strong
oppD,1,0,11,7,1,Enriched in Strong
group_796,1,0,11,7,1,Enriched in Strong
rluC,1,0,11,7,1,Enriched in Strong
rbsB_2,1,0,11,7,1,Enriched in Strong
group_795,1,0,11,7,1,Enriched in Strong
group_794,1,0,11,7,1,Enriched in Strong
tdh_1,1,0,11,7,1,Enriched in Strong
yjiA_1,1,0,11,7,1,Enriched in Strong
birA,1,0,11,7,1,Enriched in Strong
group_793,1,0,11,7,1,Enriched in Strong
group_792,1,0,11,7,1,Enriched in Strong
mucB,1,0,11,7,1,Enriched in Strong
eamA_1,1,0,11,7,1,Enriched in Strong
dusC,1,0,11,7,1,Enriched in Strong
ppsC,1,0,11,7,1,Enriched in Strong
rluD,1,0,11,7,1,Enriched in Strong
tsx,1,0,11,7,1,Enriched in Strong
group_789,1,0,11,7,1,Enriched in Strong
yhbE,1,0,11,7,1,Enriched in Strong
group_788,1,0,11,7,1,Enriched in Strong
group_787,1,0,11,7,1,Enriched in Strong
panS,1,0,11,7,1,Enriched in Strong
thadh,1,0,11,7,1,Enriched in Strong
group_785,1,0,11,7,1,Enriched in Strong
panE_1,1,0,11,7,1,Enriched in Strong
araH_1,1,0,11,7,1,Enriched in Strong
group_784,1,0,11,7,1,Enriched in Strong
cdhR_1,1,0,11,7,1,Enriched in Strong
group_783,1,0,11,7,1,Enriched in Strong
moaA,1,0,11,7,1,Enriched in Strong
cdhR_8,1,0,11,7,1,Enriched in Strong
group_781,1,0,11,7,1,Enriched in Strong
dppD,1,0,11,7,1,Enriched in Strong
fecD,1,0,11,7,1,Enriched in Strong
dmlR_10,1,0,11,7,1,Enriched in Strong
ispB,1,0,11,7,1,Enriched in Strong
group_780,1,0,11,7,1,Enriched in Strong
group_779,1,0,11,7,1,Enriched in Strong
fliM,1,0,11,7,1,Enriched in Strong
group_778,1,0,11,7,1,Enriched in Strong
group_777,1,0,11,7,1,Enriched in Strong
ssuA_1,1,0,11,7,1,Enriched in Strong
ascD,1,0,11,7,1,Enriched in Strong
yeiR,1,0,11,7,1,Enriched in Strong
group_773,1,0,11,7,1,Enriched in Strong
ddpF,1,0,11,7,1,Enriched in Strong
group_772,1,0,11,7,1,Enriched in Strong
araH_2,1,0,11,7,1,Enriched in Strong
apaH_2,1,0,11,7,1,Enriched in Strong
group_771,1,0,11,7,1,Enriched in Strong
group_770,1,0,11,7,1,Enriched in Strong
corA,1,0,11,7,1,Enriched in Strong
ssuA_5,1,0,11,7,1,Enriched in Strong
hemB_2,1,0,11,7,1,Enriched in Strong
kdsD_1,1,0,11,7,1,Enriched in Strong
ghrB_1,1,0,11,7,1,Enriched in Strong
yjiA_2,1,0,11,7,1,Enriched in Strong
pxpC_2,1,0,11,7,1,Enriched in Strong
cysB,1,0,11,7,1,Enriched in Strong
cysK_2,1,0,11,7,1,Enriched in Strong
group_767,1,0,11,7,1,Enriched in Strong
rdoA,1,0,11,7,1,Enriched in Strong
cmpR_1,1,0,11,7,1,Enriched in Strong
rbsC_4,1,0,11,7,1,Enriched in Strong
ghrB_2,1,0,11,7,1,Enriched in Strong
rbsC_3,1,0,11,7,1,Enriched in Strong
group_761,1,0,11,7,1,Enriched in Strong
ccoP2,1,0,11,7,1,Enriched in Strong
group_760,1,0,11,7,1,Enriched in Strong
qorA_1,1,0,11,7,1,Enriched in Strong
ansA,1,0,11,7,1,Enriched in Strong
plsX,1,0,11,7,1,Enriched in Strong
group_758,1,0,11,7,1,Enriched in Strong
lsrR,1,0,11,7,1,Enriched in Strong
cdhR_6,1,0,11,7,1,Enriched in Strong
group_757,1,0,11,7,1,Enriched in Strong
group_756,1,0,11,7,1,Enriched in Strong
group_754,1,0,11,7,1,Enriched in Strong
qorA_2,1,0,11,7,1,Enriched in Strong
araF_1,1,0,11,7,1,Enriched in Strong
tolQ_1,1,0,11,7,1,Enriched in Strong
group_753,1,0,11,7,1,Enriched in Strong
yhdN,1,0,11,7,1,Enriched in Strong
group_752,1,0,11,7,1,Enriched in Strong
group_751,1,0,11,7,1,Enriched in Strong
group_750,1,0,11,7,1,Enriched in Strong
oprF,1,0,11,7,1,Enriched in Strong
pucA,1,0,11,7,1,Enriched in Strong
group_749,1,0,11,7,1,Enriched in Strong
dapF_2,1,0,11,7,1,Enriched in Strong
group_748,1,0,11,7,1,Enriched in Strong
group_747,1,0,11,7,1,Enriched in Strong
tauA_1,1,0,11,7,1,Enriched in Strong
pstS_1,1,0,11,7,1,Enriched in Strong
group_746,1,0,11,7,1,Enriched in Strong
btuD_11,1,0,11,7,1,Enriched in Strong
group_745,1,0,11,7,1,Enriched in Strong
group_744,1,0,11,7,1,Enriched in Strong
ldhA,1,0,11,7,1,Enriched in Strong
rbsC_2,1,0,11,7,1,Enriched in Strong
fecC,1,0,11,7,1,Enriched in Strong
ccp,1,0,11,7,1,Enriched in Strong
paoB,1,0,11,7,1,Enriched in Strong
hdfR_3,1,0,11,7,1,Enriched in Strong
hisC_2,1,0,11,7,1,Enriched in Strong
group_743,1,0,11,7,1,Enriched in Strong
pdxA,1,0,11,7,1,Enriched in Strong
rbsR_1,1,0,11,7,1,Enriched in Strong
group_738,1,0,11,7,1,Enriched in Strong
rbsC_1,1,0,11,7,1,Enriched in Strong
group_737,1,0,11,7,1,Enriched in Strong
lpxD_1,1,0,11,7,1,Enriched in Strong
group_736,1,0,11,7,1,Enriched in Strong
cdhR_5,1,0,11,7,1,Enriched in Strong
cra,1,0,11,7,1,Enriched in Strong
iolS,1,0,11,7,1,Enriched in Strong
group_733,1,0,11,7,1,Enriched in Strong
group_732,1,0,11,7,1,Enriched in Strong
group_731,1,0,11,7,1,Enriched in Strong
pstC,1,0,11,7,1,Enriched in Strong
alc,1,0,11,7,1,Enriched in Strong
zntB_1,1,0,11,7,1,Enriched in Strong
COQ3_1,1,0,11,7,1,Enriched in Strong
group_729,1,0,11,7,1,Enriched in Strong
group_728,1,0,11,7,1,Enriched in Strong
qorA_3,1,0,11,7,1,Enriched in Strong
cdhR_9,1,0,11,7,1,Enriched in Strong
group_727,1,0,11,7,1,Enriched in Strong
rsmC,1,0,11,7,1,Enriched in Strong
group_726,1,0,11,7,1,Enriched in Strong
cntI,1,0,11,7,1,Enriched in Strong
group_725,1,0,11,7,1,Enriched in Strong
group_724,1,0,11,7,1,Enriched in Strong
oleD,1,0,11,7,1,Enriched in Strong
group_723,1,0,11,7,1,Enriched in Strong
tri1,1,0,11,7,1,Enriched in Strong
dhaK2,1,0,11,7,1,Enriched in Strong
group_722,1,0,11,7,1,Enriched in Strong
trpD_2,1,0,11,7,1,Enriched in Strong
cheB_2,1,0,11,7,1,Enriched in Strong
rpoA,1,0,11,7,1,Enriched in Strong
rodZ,1,0,11,7,1,Enriched in Strong
gapA,1,0,11,7,1,Enriched in Strong
pld1,1,0,11,7,1,Enriched in Strong
group_718,1,0,11,7,1,Enriched in Strong
ltaE_2,1,0,11,7,1,Enriched in Strong
astE,1,0,11,7,1,Enriched in Strong
araF_2,1,0,11,7,1,Enriched in Strong
cytR,1,0,11,7,1,Enriched in Strong
yejK,1,0,11,7,1,Enriched in Strong
rlpA_1,1,0,11,7,1,Enriched in Strong
sbp_1,1,0,11,7,1,Enriched in Strong
group_717,1,0,11,7,1,Enriched in Strong
yfhA,1,0,11,7,1,Enriched in Strong
pyrB,1,0,11,7,1,Enriched in Strong
group_716,1,0,11,7,1,Enriched in Strong
yfmJ,1,0,11,7,1,Enriched in Strong
thpA_2,1,0,11,7,1,Enriched in Strong
nuoH,1,0,11,7,1,Enriched in Strong
group_714,1,0,11,7,1,Enriched in Strong
group_713,1,0,11,7,1,Enriched in Strong
cydB,1,0,11,7,1,Enriched in Strong
antC,1,0,11,7,1,Enriched in Strong
group_712,1,0,11,7,1,Enriched in Strong
menH_1,1,0,11,7,1,Enriched in Strong
usg,1,0,11,7,1,Enriched in Strong
iolG_2,1,0,11,7,1,Enriched in Strong
lpxK,1,0,11,7,1,Enriched in Strong
dppB_1,1,0,11,7,1,Enriched in Strong
yajO_2,1,0,11,7,1,Enriched in Strong
cdhR_4,1,0,11,7,1,Enriched in Strong
group_709,1,0,11,7,1,Enriched in Strong
cheB_3,1,0,11,7,1,Enriched in Strong
arcB,1,0,11,7,1,Enriched in Strong
gnu,1,0,11,7,1,Enriched in Strong
nagZ,1,0,11,7,1,Enriched in Strong
group_708,1,0,11,7,1,Enriched in Strong
group_706,1,0,11,7,1,Enriched in Strong
fbpA_2,1,0,11,7,1,Enriched in Strong
rutD_1,1,0,11,7,1,Enriched in Strong
msrP,1,0,11,7,1,Enriched in Strong
hemB_1,1,0,11,7,1,Enriched in Strong
group_704,1,0,11,7,1,Enriched in Strong
pheS,1,0,11,7,1,Enriched in Strong
group_703,1,0,11,7,1,Enriched in Strong
ilvC,1,0,11,7,1,Enriched in Strong
rlmI_2,1,0,11,7,1,Enriched in Strong
mltB,1,0,11,7,1,Enriched in Strong
pstS_2,1,0,11,7,1,Enriched in Strong
group_702,1,0,11,7,1,Enriched in Strong
group_701,1,0,11,7,1,Enriched in Strong
fliG,1,0,11,7,1,Enriched in Strong
group_700,1,0,11,7,1,Enriched in Strong
yejE_2,1,0,11,7,1,Enriched in Strong
rbsR_2,1,0,11,7,1,Enriched in Strong
murB,1,0,11,7,1,Enriched in Strong
astA,1,0,11,7,1,Enriched in Strong
zapE_3,1,0,11,7,1,Enriched in Strong
ilvE,1,0,11,7,1,Enriched in Strong
ldh,1,0,11,7,1,Enriched in Strong
rlmF,1,0,11,7,1,Enriched in Strong
rdmC,1,0,11,7,1,Enriched in Strong
btuD_5,1,0,11,7,1,Enriched in Strong
rbsC_5,1,0,11,7,1,Enriched in Strong
purR,1,0,11,7,1,Enriched in Strong
ilvA_2,1,0,11,7,1,Enriched in Strong
group_699,1,0,11,7,1,Enriched in Strong
zntB_2,1,0,11,7,1,Enriched in Strong
tdh_2,1,0,11,7,1,Enriched in Strong
group_698,1,0,11,7,1,Enriched in Strong
group_697,1,0,11,7,1,Enriched in Strong
group_696,1,0,11,7,1,Enriched in Strong
group_695,1,0,11,7,1,Enriched in Strong
ftsX,1,0,11,7,1,Enriched in Strong
wecH,1,0,11,7,1,Enriched in Strong
gpsA,1,0,11,7,1,Enriched in Strong
hemH,1,0,11,7,1,Enriched in Strong
bamD,1,0,11,7,1,Enriched in Strong
sohB,1,0,11,7,1,Enriched in Strong
aruG,1,0,11,7,1,Enriched in Strong
lipA,1,0,11,7,1,Enriched in Strong
pyrD,1,0,11,7,1,Enriched in Strong
amgK,1,0,11,7,1,Enriched in Strong
tsaD,1,0,11,7,1,Enriched in Strong
group_693,1,0,11,7,1,Enriched in Strong
iolW,1,0,11,7,1,Enriched in Strong
rihA,1,0,11,7,1,Enriched in Strong
btuD_8,1,0,11,7,1,Enriched in Strong
group_691,1,0,11,7,1,Enriched in Strong
potA_3,1,0,11,7,1,Enriched in Strong
yrbG,1,0,11,7,1,Enriched in Strong
group_689,1,0,11,7,1,Enriched in Strong
group_688,1,0,11,7,1,Enriched in Strong
yhdW_2,1,0,11,7,1,Enriched in Strong
cmpR_3,1,0,11,7,1,Enriched in Strong
sasA_20,1,0,11,7,1,Enriched in Strong
group_687,1,0,11,7,1,Enriched in Strong
yajO_3,1,0,11,7,1,Enriched in Strong
selD,1,0,11,7,1,Enriched in Strong
arnC,1,0,11,7,1,Enriched in Strong
group_686,1,0,11,7,1,Enriched in Strong
group_685,1,0,11,7,1,Enriched in Strong
group_684,1,0,11,7,1,Enriched in Strong
curA,1,0,11,7,1,Enriched in Strong
argC,1,0,11,7,1,Enriched in Strong
pilT,1,0,11,7,1,Enriched in Strong
aphA,1,0,11,7,1,Enriched in Strong
group_681,1,0,11,7,1,Enriched in Strong
mreB,1,0,11,7,1,Enriched in Strong
group_680,1,0,11,7,1,Enriched in Strong
dpkA,1,0,11,7,1,Enriched in Strong
hmuU_2,1,0,11,7,1,Enriched in Strong
holA,1,0,11,7,1,Enriched in Strong
group_679,1,0,11,7,1,Enriched in Strong
group_675,1,0,11,7,1,Enriched in Strong
tas,1,0,11,7,1,Enriched in Strong
group_674,1,0,11,7,1,Enriched in Strong
group_673,1,0,11,7,1,Enriched in Strong
group_672,1,0,11,7,1,Enriched in Strong
ltaE_1,1,0,11,7,1,Enriched in Strong
strB1,1,0,11,7,1,Enriched in Strong
ada,1,0,11,7,1,Enriched in Strong
amiE,1,0,11,7,1,Enriched in Strong
group_669,1,0,11,7,1,Enriched in Strong
yscU_1,1,0,11,7,1,Enriched in Strong
group_666,1,0,11,7,1,Enriched in Strong
group_665,1,0,11,7,1,Enriched in Strong
ocd,1,0,11,7,1,Enriched in Strong
pyrC_1,1,0,11,7,1,Enriched in Strong
group_664,1,0,11,7,1,Enriched in Strong
group_658,1,0,11,7,1,Enriched in Strong
group_657,1,0,11,7,1,Enriched in Strong
group_656,1,0,11,7,1,Enriched in Strong
hcf136,1,0,11,7,1,Enriched in Strong
trpD_1,1,0,11,7,1,Enriched in Strong
hisC_4,1,0,11,7,1,Enriched in Strong
idnD,1,0,11,7,1,Enriched in Strong
adhC2,1,0,11,7,1,Enriched in Strong
group_653,1,0,11,7,1,Enriched in Strong
cobT,1,0,11,7,1,Enriched in Strong
bioB,1,0,11,7,1,Enriched in Strong
epd,1,0,11,7,1,Enriched in Strong
yejB_1,1,0,11,7,1,Enriched in Strong
dgcC_2,1,0,11,7,1,Enriched in Strong
group_651,1,0,11,7,1,Enriched in Strong
dgcC_1,1,0,11,7,1,Enriched in Strong
bepA_2,1,0,11,7,1,Enriched in Strong
bkdA2,1,0,11,7,1,Enriched in Strong
recA,1,0,11,7,1,Enriched in Strong
dinB,1,0,11,7,1,Enriched in Strong
ruvB_2,1,0,11,7,1,Enriched in Strong
nadA,1,0,11,7,1,Enriched in Strong
group_650,1,0,11,7,1,Enriched in Strong
purM,1,0,11,7,1,Enriched in Strong
group_649,1,0,11,7,1,Enriched in Strong
ydiK_2,1,0,11,7,1,Enriched in Strong
group_645,1,0,11,7,1,Enriched in Strong
rcsC_25,1,0,11,7,1,Enriched in Strong
group_644,1,0,11,7,1,Enriched in Strong
group_643,1,0,11,7,1,Enriched in Strong
nmoA,1,0,11,7,1,Enriched in Strong
group_639,1,0,11,7,1,Enriched in Strong
group_638,1,0,11,7,1,Enriched in Strong
group_637,1,0,11,7,1,Enriched in Strong
cbbA,1,0,11,7,1,Enriched in Strong
cysA_1,1,0,11,7,1,Enriched in Strong
group_635,1,0,11,7,1,Enriched in Strong
group_634,1,0,11,7,1,Enriched in Strong
group_633,1,0,11,7,1,Enriched in Strong
ydiK_1,1,0,11,7,1,Enriched in Strong
btuD_10,1,0,11,7,1,Enriched in Strong
yahK,1,0,11,7,1,Enriched in Strong
group_632,1,0,11,7,1,Enriched in Strong
murG,1,0,11,7,1,Enriched in Strong
mtnA,1,0,11,7,1,Enriched in Strong
group_630,1,0,11,7,1,Enriched in Strong
yejB_2,1,0,11,7,1,Enriched in Strong
group_629,1,0,11,7,1,Enriched in Strong
group_628,1,0,11,7,1,Enriched in Strong
group_627,1,0,11,7,1,Enriched in Strong
group_626,1,0,11,7,1,Enriched in Strong
alr,1,0,11,7,1,Enriched in Strong
hpd,1,0,11,7,1,Enriched in Strong
yajO_1,1,0,11,7,1,Enriched in Strong
aroF_1,1,0,11,7,1,Enriched in Strong
rlmM,1,0,11,7,1,Enriched in Strong
group_621,1,0,11,7,1,Enriched in Strong
group_620,1,0,11,7,1,Enriched in Strong
aroF_2,1,0,11,7,1,Enriched in Strong
spuD_3,1,0,11,7,1,Enriched in Strong
btuD_9,1,0,11,7,1,Enriched in Strong
eltD_1,1,0,11,7,1,Enriched in Strong
lptG,1,0,11,7,1,Enriched in Strong
trmA,1,0,11,7,1,Enriched in Strong
leuB,1,0,11,7,1,Enriched in Strong
mraY,1,0,11,7,1,Enriched in Strong
prfA,1,0,11,7,1,Enriched in Strong
msuD_1,1,0,11,7,1,Enriched in Strong
srpA,1,0,11,7,1,Enriched in Strong
pat,1,0,11,7,1,Enriched in Strong
nylB,1,0,11,7,1,Enriched in Strong
gcvT_1,1,0,11,7,1,Enriched in Strong
sfnG,1,0,11,7,1,Enriched in Strong
group_618,1,0,11,7,1,Enriched in Strong
purK,1,0,11,7,1,Enriched in Strong
group_616,1,0,11,7,1,Enriched in Strong
ansB,1,0,11,7,1,Enriched in Strong
spuE_3,1,0,11,7,1,Enriched in Strong
spuE_2,1,0,11,7,1,Enriched in Strong
group_615,1,0,11,7,1,Enriched in Strong
group_614,1,0,11,7,1,Enriched in Strong
ribBA,1,0,11,7,1,Enriched in Strong
aroC,1,0,11,7,1,Enriched in Strong
anmK,1,0,11,7,1,Enriched in Strong
spuD_1,1,0,11,7,1,Enriched in Strong
ddlA,1,0,11,7,1,Enriched in Strong
ugpC_2,1,0,11,7,1,Enriched in Strong
apbC,1,0,11,7,1,Enriched in Strong
group_608,1,0,11,7,1,Enriched in Strong
pheA,1,0,11,7,1,Enriched in Strong
spuE_1,1,0,11,7,1,Enriched in Strong
nspC,1,0,11,7,1,Enriched in Strong
yscU_2,1,0,11,7,1,Enriched in Strong
sugC,1,0,11,7,1,Enriched in Strong
hcnC,1,0,11,7,1,Enriched in Strong
yhdY,1,0,11,7,1,Enriched in Strong
group_604,1,0,11,7,1,Enriched in Strong
ychF,1,0,11,7,1,Enriched in Strong
yhaZ,1,0,11,7,1,Enriched in Strong
group_602,1,0,11,7,1,Enriched in Strong
group_601,1,0,11,7,1,Enriched in Strong
gntR,1,0,11,7,1,Enriched in Strong
hcr,1,0,11,7,1,Enriched in Strong
sfnR_1,1,0,11,7,1,Enriched in Strong
group_599,1,0,11,7,1,Enriched in Strong
dnaN,1,0,11,7,1,Enriched in Strong
malK,1,0,11,7,1,Enriched in Strong
group_598,1,0,11,7,1,Enriched in Strong
selU,1,0,11,7,1,Enriched in Strong
group_597,1,0,11,7,1,Enriched in Strong
nemA_2,1,0,11,7,1,Enriched in Strong
group_596,1,0,11,7,1,Enriched in Strong
cdhR_2,1,0,11,7,1,Enriched in Strong
czcB,1,0,11,7,1,Enriched in Strong
cdaR,1,0,11,7,1,Enriched in Strong
zapE_2,1,0,11,7,1,Enriched in Strong
namA,1,0,11,7,1,Enriched in Strong
agaA,1,0,11,7,1,Enriched in Strong
group_591,1,0,11,7,1,Enriched in Strong
group_590,1,0,11,7,1,Enriched in Strong
flgI,1,0,11,7,1,Enriched in Strong
emrA_2,1,0,11,7,1,Enriched in Strong
algL,1,0,11,7,1,Enriched in Strong
btuD_7,1,0,11,7,1,Enriched in Strong
group_588,1,0,11,7,1,Enriched in Strong
ispG,1,0,11,7,1,Enriched in Strong
spuD_2,1,0,11,7,1,Enriched in Strong
hemX,1,0,11,7,1,Enriched in Strong
asd,1,0,11,7,1,Enriched in Strong
group_586,1,0,11,7,1,Enriched in Strong
group_585,1,0,11,7,1,Enriched in Strong
hisC_3,1,0,11,7,1,Enriched in Strong
fadJ_2,1,0,11,7,1,Enriched in Strong
potA_2,1,0,11,7,1,Enriched in Strong
eltD_2,1,0,11,7,1,Enriched in Strong
iolG_1,1,0,11,7,1,Enriched in Strong
bamC,1,0,11,7,1,Enriched in Strong
caiD,1,0,11,7,1,Enriched in Strong
lptF,1,0,11,7,1,Enriched in Strong
yhhJ,1,0,11,7,1,Enriched in Strong
nemA_3,1,0,11,7,1,Enriched in Strong
group_583,1,0,11,7,1,Enriched in Strong
mnmA,1,0,11,7,1,Enriched in Strong
group_580,1,0,11,7,1,Enriched in Strong
group_579,1,0,11,7,1,Enriched in Strong
group_578,1,0,11,7,1,Enriched in Strong
dnaJ,1,0,11,7,1,Enriched in Strong
rlmG,1,0,11,7,1,Enriched in Strong
tgt,1,0,11,7,1,Enriched in Strong
gcvT_2,1,0,11,7,1,Enriched in Strong
group_577,1,0,11,7,1,Enriched in Strong
group_574,1,0,11,7,1,Enriched in Strong
glpQ,1,0,11,7,1,Enriched in Strong
mmgC_3,1,0,11,7,1,Enriched in Strong
phnW,1,0,11,7,1,Enriched in Strong
catB,1,0,11,7,1,Enriched in Strong
mdtA_1,1,0,11,7,1,Enriched in Strong
prpC_2,1,0,11,7,1,Enriched in Strong
group_571,1,0,11,7,1,Enriched in Strong
group_570,1,0,11,7,1,Enriched in Strong
fdtB,1,0,11,7,1,Enriched in Strong
group_569,1,0,11,7,1,Enriched in Strong
cheB1,1,0,11,7,1,Enriched in Strong
sasA_17,1,0,11,7,1,Enriched in Strong
dauA_1,1,0,11,7,1,Enriched in Strong
group_568,1,0,11,7,1,Enriched in Strong
rnd,1,0,11,7,1,Enriched in Strong
mnmC_1,1,0,11,7,1,Enriched in Strong
mmgC_5,1,0,11,7,1,Enriched in Strong
carA,1,0,11,7,1,Enriched in Strong
ribD,1,0,11,7,1,Enriched in Strong
flhB_1,1,0,11,7,1,Enriched in Strong
group_565,1,0,11,7,1,Enriched in Strong
metXS,1,0,11,7,1,Enriched in Strong
ampC,1,0,11,7,1,Enriched in Strong
msuD_2,1,0,11,7,1,Enriched in Strong
macA_3,1,0,11,7,1,Enriched in Strong
garK,1,0,11,7,1,Enriched in Strong
pdxB,1,0,11,7,1,Enriched in Strong
lldD_1,1,0,11,7,1,Enriched in Strong
potA_1,1,0,11,7,1,Enriched in Strong
arnB_1,1,0,11,7,1,Enriched in Strong
ycaD_1,1,0,11,7,1,Enriched in Strong
mrdB,1,0,11,7,1,Enriched in Strong
group_558,1,0,11,7,1,Enriched in Strong
group_557,1,0,11,7,1,Enriched in Strong
mro,1,0,11,7,1,Enriched in Strong
rlmN,1,0,11,7,1,Enriched in Strong
ybdL,1,0,11,7,1,Enriched in Strong
sotB_1,1,0,11,7,1,Enriched in Strong
adhB_1,1,0,11,7,1,Enriched in Strong
mmgC_1,1,0,11,7,1,Enriched in Strong
adh1,1,0,11,7,1,Enriched in Strong
ssuD,1,0,11,7,1,Enriched in Strong
argE_1,1,0,11,7,1,Enriched in Strong
alkT,1,0,11,7,1,Enriched in Strong
ybjJ,1,0,11,7,1,Enriched in Strong
mmgC_4,1,0,11,7,1,Enriched in Strong
group_556,1,0,11,7,1,Enriched in Strong
argE_2,1,0,11,7,1,Enriched in Strong
pqqE,1,0,11,7,1,Enriched in Strong
mexA,1,0,11,7,1,Enriched in Strong
degS,1,0,11,7,1,Enriched in Strong
emrA_1,1,0,11,7,1,Enriched in Strong
ttgA,1,0,11,7,1,Enriched in Strong
pbuE,1,0,11,7,1,Enriched in Strong
group_551,1,0,11,7,1,Enriched in Strong
osmV,1,0,11,7,1,Enriched in Strong
yliI,1,0,11,7,1,Enriched in Strong
dacC_1,1,0,11,7,1,Enriched in Strong
yjfC,1,0,11,7,1,Enriched in Strong
group_549,1,0,11,7,1,Enriched in Strong
acdA_1,1,0,11,7,1,Enriched in Strong
iscS_2,1,0,11,7,1,Enriched in Strong
lldD_2,1,0,11,7,1,Enriched in Strong
acdA_2,1,0,11,7,1,Enriched in Strong
group_548,1,0,11,7,1,Enriched in Strong
ugpC_1,1,0,11,7,1,Enriched in Strong
hcaT,1,0,11,7,1,Enriched in Strong
group_547,1,0,11,7,1,Enriched in Strong
group_545,1,0,11,7,1,Enriched in Strong
ydbM,1,0,11,7,1,Enriched in Strong
group_544,1,0,11,7,1,Enriched in Strong
ldc,1,0,11,7,1,Enriched in Strong
mmgC_2,1,0,11,7,1,Enriched in Strong
rsxB,1,0,11,7,1,Enriched in Strong
ykuI,1,0,11,7,1,Enriched in Strong
pgk,1,0,11,7,1,Enriched in Strong
mdtA_8,1,0,11,7,1,Enriched in Strong
group_542,1,0,11,7,1,Enriched in Strong
group_541,1,0,11,7,1,Enriched in Strong
roxA,1,0,11,7,1,Enriched in Strong
metC,1,0,11,7,1,Enriched in Strong
mdtA_2,1,0,11,7,1,Enriched in Strong
group_540,1,0,11,7,1,Enriched in Strong
gpFI,1,0,11,7,1,Enriched in Strong
ydhP_1,1,0,11,7,1,Enriched in Strong
lysN,1,0,11,7,1,Enriched in Strong
group_539,1,0,11,7,1,Enriched in Strong
group_534,1,0,11,7,1,Enriched in Strong
group_533,1,0,11,7,1,Enriched in Strong
group_532,1,0,11,7,1,Enriched in Strong
C2hpah,1,0,11,7,1,Enriched in Strong
argD_2,1,0,11,7,1,Enriched in Strong
sotB_2,1,0,11,7,1,Enriched in Strong
macA_1,1,0,11,7,1,Enriched in Strong
aspC_2,1,0,11,7,1,Enriched in Strong
group_528,1,0,11,7,1,Enriched in Strong
mdrP_2,1,0,11,7,1,Enriched in Strong
yhhS_2,1,0,11,7,1,Enriched in Strong
pgl_2,1,0,11,7,1,Enriched in Strong
group_527,1,0,11,7,1,Enriched in Strong
cefD_1,1,0,11,7,1,Enriched in Strong
fadA_3,1,0,11,7,1,Enriched in Strong
fadA_4,1,0,11,7,1,Enriched in Strong
group_525,1,0,11,7,1,Enriched in Strong
group_523,1,0,11,7,1,Enriched in Strong
btuD_1,1,0,11,7,1,Enriched in Strong
smtB_3,1,0,11,7,1,Enriched in Strong
phaA,1,0,11,7,1,Enriched in Strong
group_522,1,0,11,7,1,Enriched in Strong
hmp,1,0,11,7,1,Enriched in Strong
purT,1,0,11,7,1,Enriched in Strong
group_521,1,0,11,7,1,Enriched in Strong
bioF,1,0,11,7,1,Enriched in Strong
group_520,1,0,11,7,1,Enriched in Strong
COQ3_2,1,0,11,7,1,Enriched in Strong
sotB_3,1,0,11,7,1,Enriched in Strong
thlA,1,0,11,7,1,Enriched in Strong
algJ,1,0,11,7,1,Enriched in Strong
group_519,1,0,11,7,1,Enriched in Strong
ydhC_2,1,0,11,7,1,Enriched in Strong
fadA_2,1,0,11,7,1,Enriched in Strong
group_518,1,0,11,7,1,Enriched in Strong
group_517,1,0,11,7,1,Enriched in Strong
group_514,1,0,11,7,1,Enriched in Strong
sfnC_4,1,0,11,7,1,Enriched in Strong
mdtA_3,1,0,11,7,1,Enriched in Strong
nepI_3,1,0,11,7,1,Enriched in Strong
ydhP_2,1,0,11,7,1,Enriched in Strong
group_513,1,0,11,7,1,Enriched in Strong
group_512,1,0,11,7,1,Enriched in Strong
mltA,1,0,11,7,1,Enriched in Strong
ubiH,1,0,11,7,1,Enriched in Strong
mshA_3,1,0,11,7,1,Enriched in Strong
group_510,1,0,11,7,1,Enriched in Strong
ydcO,1,0,11,7,1,Enriched in Strong
group_509,1,0,11,7,1,Enriched in Strong
mdrP_3,1,0,11,7,1,Enriched in Strong
rcsC_19,1,0,11,7,1,Enriched in Strong
rcsC_14,1,0,11,7,1,Enriched in Strong
tufA,1,0,11,7,1,Enriched in Strong
fabV,1,0,11,7,1,Enriched in Strong
pobA,1,0,11,7,1,Enriched in Strong
smtB_1,1,0,11,7,1,Enriched in Strong
aspC_1,1,0,11,7,1,Enriched in Strong
group_506,1,0,11,7,1,Enriched in Strong
emrA_3,1,0,11,7,1,Enriched in Strong
yhhS_1,1,0,11,7,1,Enriched in Strong
tyrB,1,0,11,7,1,Enriched in Strong
rlmI_1,1,0,11,7,1,Enriched in Strong
group_504,1,0,11,7,1,Enriched in Strong
group_503,1,0,11,7,1,Enriched in Strong
smtB_2,1,0,11,7,1,Enriched in Strong
tyrS,1,0,11,7,1,Enriched in Strong
fdhA,1,0,11,7,1,Enriched in Strong
ydhC_1,1,0,11,7,1,Enriched in Strong
mltG,1,0,11,7,1,Enriched in Strong
efeO_2,1,0,11,7,1,Enriched in Strong
bcr_2,1,0,11,7,1,Enriched in Strong
group_502,1,0,11,7,1,Enriched in Strong
ydhP_3,1,0,11,7,1,Enriched in Strong
hemW,1,0,11,7,1,Enriched in Strong
ftsZ,1,0,11,7,1,Enriched in Strong
yciC,1,0,11,7,1,Enriched in Strong
mdrP_1,1,0,11,7,1,Enriched in Strong
group_500,1,0,11,7,1,Enriched in Strong
bamB,1,0,11,7,1,Enriched in Strong
fadA_1,1,0,11,7,1,Enriched in Strong
group_496,1,0,11,7,1,Enriched in Strong
epsF,1,0,11,7,1,Enriched in Strong
amiC_3,1,0,11,7,1,Enriched in Strong
amtB_2,1,0,11,7,1,Enriched in Strong
coaBC,1,0,11,7,1,Enriched in Strong
metZ_2,1,0,11,7,1,Enriched in Strong
petB,1,0,11,7,1,Enriched in Strong
fsr,1,0,11,7,1,Enriched in Strong
mgtA_1,1,0,11,7,1,Enriched in Strong
alaC,1,0,11,7,1,Enriched in Strong
group_494,1,0,11,7,1,Enriched in Strong
alaA,1,0,11,7,1,Enriched in Strong
group_493,1,0,11,7,1,Enriched in Strong
sbnD,1,0,11,7,1,Enriched in Strong
nasA_2,1,0,11,7,1,Enriched in Strong
group_492,1,0,11,7,1,Enriched in Strong
mdtD_3,1,0,11,7,1,Enriched in Strong
iscS_1,1,0,11,7,1,Enriched in Strong
sucC,1,0,11,7,1,Enriched in Strong
atoS,1,0,11,7,1,Enriched in Strong
group_489,1,0,11,7,1,Enriched in Strong
dgoD_1,1,0,11,7,1,Enriched in Strong
macB_2,1,0,11,7,1,Enriched in Strong
group_488,1,0,11,7,1,Enriched in Strong
argG,1,0,11,7,1,Enriched in Strong
argJ,1,0,11,7,1,Enriched in Strong
moeA,1,0,11,7,1,Enriched in Strong
group_487,1,0,11,7,1,Enriched in Strong
entS_1,1,0,11,7,1,Enriched in Strong
group_486,1,0,11,7,1,Enriched in Strong
arnB_2,1,0,11,7,1,Enriched in Strong
fabB,1,0,11,7,1,Enriched in Strong
czcC,1,0,11,7,1,Enriched in Strong
sstT,1,0,11,7,1,Enriched in Strong
aruC,1,0,11,7,1,Enriched in Strong
group_484,1,0,11,7,1,Enriched in Strong
group_483,1,0,11,7,1,Enriched in Strong
lamB,1,0,11,7,1,Enriched in Strong
group_482,1,0,11,7,1,Enriched in Strong
fixB,1,0,11,7,1,Enriched in Strong
sfnC_3,1,0,11,7,1,Enriched in Strong
obg,1,0,11,7,1,Enriched in Strong
codA_1,1,0,11,7,1,Enriched in Strong
ubiI,1,0,11,7,1,Enriched in Strong
sucB,1,0,11,7,1,Enriched in Strong
dddP,1,0,11,7,1,Enriched in Strong
nepI_2,1,0,11,7,1,Enriched in Strong
nrtA,1,0,11,7,1,Enriched in Strong
bcr_3,1,0,11,7,1,Enriched in Strong
cpg2,1,0,11,7,1,Enriched in Strong
bbsG,1,0,11,7,1,Enriched in Strong
fmdA,1,0,11,7,1,Enriched in Strong
cca,1,0,11,7,1,Enriched in Strong
serA,1,0,11,7,1,Enriched in Strong
group_476,1,0,11,7,1,Enriched in Strong
group_475,1,0,11,7,1,Enriched in Strong
group_474,1,0,11,7,1,Enriched in Strong
group_473,1,0,11,7,1,Enriched in Strong
codA_2,1,0,11,7,1,Enriched in Strong
bkdA1,1,0,11,7,1,Enriched in Strong
group_471,1,0,11,7,1,Enriched in Strong
cusB,1,0,11,7,1,Enriched in Strong
group_469,1,0,11,7,1,Enriched in Strong
entS_2,1,0,11,7,1,Enriched in Strong
group_468,1,0,11,7,1,Enriched in Strong
sfnC_1,1,0,11,7,1,Enriched in Strong
group_465,1,0,11,7,1,Enriched in Strong
bepF,1,0,11,7,1,Enriched in Strong
sbcD,1,0,11,7,1,Enriched in Strong
dadA1_2,1,0,11,7,1,Enriched in Strong
hemY,1,0,11,7,1,Enriched in Strong
fabF_2,1,0,11,7,1,Enriched in Strong
mdeA,1,0,11,7,1,Enriched in Strong
group_464,1,0,11,7,1,Enriched in Strong
lolE_2,1,0,11,7,1,Enriched in Strong
group_463,1,0,11,7,1,Enriched in Strong
clcB,1,0,11,7,1,Enriched in Strong
group_461,1,0,11,7,1,Enriched in Strong
lysA_1,1,0,11,7,1,Enriched in Strong
amiC_4,1,0,11,7,1,Enriched in Strong
nrdB_1,1,0,11,7,1,Enriched in Strong
kynU,1,0,11,7,1,Enriched in Strong
davT_1,1,0,11,7,1,Enriched in Strong
lolE_1,1,0,11,7,1,Enriched in Strong
group_458,1,0,11,7,1,Enriched in Strong
soxB,1,0,11,7,1,Enriched in Strong
sfnC_2,1,0,11,7,1,Enriched in Strong
rcsC_21,1,0,11,7,1,Enriched in Strong
glyA_2,1,0,11,7,1,Enriched in Strong
glyA_1,1,0,11,7,1,Enriched in Strong
aroA_2,1,0,11,7,1,Enriched in Strong
group_456,1,0,11,7,1,Enriched in Strong
icd_1,1,0,11,7,1,Enriched in Strong
arcA,1,0,11,7,1,Enriched in Strong
bkdB,1,0,11,7,1,Enriched in Strong
wspC,1,0,11,7,1,Enriched in Strong
tolB,1,0,11,7,1,Enriched in Strong
yihS,1,0,11,7,1,Enriched in Strong
wzxE,1,0,11,7,1,Enriched in Strong
group_454,1,0,11,7,1,Enriched in Strong
argD_1,1,0,11,7,1,Enriched in Strong
nhaP,1,0,11,7,1,Enriched in Strong
rho,1,0,11,7,1,Enriched in Strong
ftsA,1,0,11,7,1,Enriched in Strong
regB,1,0,11,7,1,Enriched in Strong
nicP_3,1,0,11,7,1,Enriched in Strong
clsB,1,0,11,7,1,Enriched in Strong
dgcN,1,0,11,7,1,Enriched in Strong
murA,1,0,11,7,1,Enriched in Strong
oprB_2,1,0,11,7,1,Enriched in Strong
proA,1,0,11,7,1,Enriched in Strong
group_452,1,0,11,7,1,Enriched in Strong
codB,1,0,11,7,1,Enriched in Strong
group_451,1,0,11,7,1,Enriched in Strong
yycB_1,1,0,11,7,1,Enriched in Strong
group_450,1,0,11,7,1,Enriched in Strong
group_449,1,0,11,7,1,Enriched in Strong
metK,1,0,11,7,1,Enriched in Strong
pyrC,1,0,11,7,1,Enriched in Strong
uraA,1,0,11,7,1,Enriched in Strong
preA,1,0,11,7,1,Enriched in Strong
sdaC_2,1,0,11,7,1,Enriched in Strong
rstB,1,0,11,7,1,Enriched in Strong
group_446,1,0,11,7,1,Enriched in Strong
sasA_14,1,0,11,7,1,Enriched in Strong
group_445,1,0,11,7,1,Enriched in Strong
alkB1,1,0,11,7,1,Enriched in Strong
sctC_4,1,0,11,7,1,Enriched in Strong
serS,1,0,11,7,1,Enriched in Strong
group_443,1,0,11,7,1,Enriched in Strong
cefD_2,1,0,11,7,1,Enriched in Strong
sasA_5,1,0,11,7,1,Enriched in Strong
ttuD,1,0,11,7,1,Enriched in Strong
puuB_8,1,0,11,7,1,Enriched in Strong
arsB,1,0,11,7,1,Enriched in Strong
clpX,1,0,11,7,1,Enriched in Strong
hyuC_2,1,0,11,7,1,Enriched in Strong
hmgA,1,0,11,7,1,Enriched in Strong
hemL,1,0,11,7,1,Enriched in Strong
aam_2,1,0,11,7,1,Enriched in Strong
dadA1_3,1,0,11,7,1,Enriched in Strong
group_442,1,0,11,7,1,Enriched in Strong
group_441,1,0,11,7,1,Enriched in Strong
sdaC_1,1,0,11,7,1,Enriched in Strong
group_440,1,0,11,7,1,Enriched in Strong
group_437,1,0,11,7,1,Enriched in Strong
hemA,1,0,11,7,1,Enriched in Strong
hisS,1,0,11,7,1,Enriched in Strong
gltA,1,0,11,7,1,Enriched in Strong
nicP_2,1,0,11,7,1,Enriched in Strong
apeB,1,0,11,7,1,Enriched in Strong
group_436,1,0,11,7,1,Enriched in Strong
group_435,1,0,11,7,1,Enriched in Strong
abaF,1,0,11,7,1,Enriched in Strong
group_434,1,0,11,7,1,Enriched in Strong
citN_1,1,0,11,7,1,Enriched in Strong
puuB_1,1,0,11,7,1,Enriched in Strong
group_433,1,0,11,7,1,Enriched in Strong
puuB_7,1,0,11,7,1,Enriched in Strong
adeQ,1,0,11,7,1,Enriched in Strong
group_432,1,0,11,7,1,Enriched in Strong
group_431,1,0,11,7,1,Enriched in Strong
fadI_2,1,0,11,7,1,Enriched in Strong
ndh,1,0,11,7,1,Enriched in Strong
puuB_3,1,0,11,7,1,Enriched in Strong
sasA_6,1,0,11,7,1,Enriched in Strong
oprD_1,1,0,11,7,1,Enriched in Strong
group_430,1,0,11,7,1,Enriched in Strong
proP_2,1,0,11,7,1,Enriched in Strong
ybdG,1,0,11,7,1,Enriched in Strong
argA,1,0,11,7,1,Enriched in Strong
dctA_1,1,0,11,7,1,Enriched in Strong
sasA_16,1,0,11,7,1,Enriched in Strong
group_426,1,0,11,7,1,Enriched in Strong
dadA1_1,1,0,11,7,1,Enriched in Strong
mdtA_6,1,0,11,7,1,Enriched in Strong
proP_5,1,0,11,7,1,Enriched in Strong
sasA_15,1,0,11,7,1,Enriched in Strong
group_424,1,0,11,7,1,Enriched in Strong
nicT_2,1,0,11,7,1,Enriched in Strong
proP_1,1,0,11,7,1,Enriched in Strong
guaD_1,1,0,11,7,1,Enriched in Strong
folC,1,0,11,7,1,Enriched in Strong
efeB,1,0,11,7,1,Enriched in Strong
dctA_2,1,0,11,7,1,Enriched in Strong
yihN,1,0,11,7,1,Enriched in Strong
flgE,1,0,11,7,1,Enriched in Strong
nicT_3,1,0,11,7,1,Enriched in Strong
group_422,1,0,11,7,1,Enriched in Strong
tig,1,0,11,7,1,Enriched in Strong
yhjE,1,0,11,7,1,Enriched in Strong
rlhA_2,1,0,11,7,1,Enriched in Strong
prsE_1,1,0,11,7,1,Enriched in Strong
puuB_4,1,0,11,7,1,Enriched in Strong
brnQ,1,0,11,7,1,Enriched in Strong
group_419,1,0,11,7,1,Enriched in Strong
bdlA_4,1,0,11,7,1,Enriched in Strong
group_417,1,0,11,7,1,Enriched in Strong
flhF,1,0,11,7,1,Enriched in Strong
group_416,1,0,11,7,1,Enriched in Strong
nicP_6,1,0,11,7,1,Enriched in Strong
oprD_5,1,0,11,7,1,Enriched in Strong
sasA_13,1,0,11,7,1,Enriched in Strong
hisD,1,0,11,7,1,Enriched in Strong
mntH,1,0,11,7,1,Enriched in Strong
hom,1,0,11,7,1,Enriched in Strong
kgtP_1,1,0,11,7,1,Enriched in Strong
group_414,1,0,11,7,1,Enriched in Strong
oprD_7,1,0,11,7,1,Enriched in Strong
group_411,1,0,11,7,1,Enriched in Strong
yscN,1,0,11,7,1,Enriched in Strong
rarA,1,0,11,7,1,Enriched in Strong
group_410,1,0,11,7,1,Enriched in Strong
oprD_2,1,0,11,7,1,Enriched in Strong
abaQ,1,0,11,7,1,Enriched in Strong
group_409,1,0,11,7,1,Enriched in Strong
lysA_2,1,0,11,7,1,Enriched in Strong
sasA_1,1,0,11,7,1,Enriched in Strong
group_408,1,0,11,7,1,Enriched in Strong
group_407,1,0,11,7,1,Enriched in Strong
pepP,1,0,11,7,1,Enriched in Strong
phoR,1,0,11,7,1,Enriched in Strong
hisC_6,1,0,11,7,1,Enriched in Strong
aceA,1,0,11,7,1,Enriched in Strong
group_406,1,0,11,7,1,Enriched in Strong
atoC_5,1,0,11,7,1,Enriched in Strong
puuP,1,0,11,7,1,Enriched in Strong
group_405,1,0,11,7,1,Enriched in Strong
dctD_1,1,0,11,7,1,Enriched in Strong
group_404,1,0,11,7,1,Enriched in Strong
group_403,1,0,11,7,1,Enriched in Strong
group_401,1,0,11,7,1,Enriched in Strong
group_400,1,0,11,7,1,Enriched in Strong
czcS_1,1,0,11,7,1,Enriched in Strong
miaB,1,0,11,7,1,Enriched in Strong
secY,1,0,11,7,1,Enriched in Strong
ntaA,1,0,11,7,1,Enriched in Strong
fucP,1,0,11,7,1,Enriched in Strong
cnbH,1,0,11,7,1,Enriched in Strong
group_399,1,0,11,7,1,Enriched in Strong
dgt,1,0,11,7,1,Enriched in Strong
mtaD,1,0,11,7,1,Enriched in Strong
nicT_1,1,0,11,7,1,Enriched in Strong
dctA2,1,0,11,7,1,Enriched in Strong
tolC_3,1,0,11,7,1,Enriched in Strong
exuT_1,1,0,11,7,1,Enriched in Strong
group_398,1,0,11,7,1,Enriched in Strong
gudD,1,0,11,7,1,Enriched in Strong
group_397,1,0,11,7,1,Enriched in Strong
rhlE_3,1,0,11,7,1,Enriched in Strong
pyrC_2,1,0,11,7,1,Enriched in Strong
pvdA,1,0,11,7,1,Enriched in Strong
glmM,1,0,11,7,1,Enriched in Strong
gdhA,1,0,11,7,1,Enriched in Strong
glpT,1,0,11,7,1,Enriched in Strong
group_395,1,0,11,7,1,Enriched in Strong
mhbT,1,0,11,7,1,Enriched in Strong
rimO,1,0,11,7,1,Enriched in Strong
surA,1,0,11,7,1,Enriched in Strong
amtB_1,1,0,11,7,1,Enriched in Strong
group_394,1,0,11,7,1,Enriched in Strong
hcaB_3,1,0,11,7,1,Enriched in Strong
pssA,1,0,11,7,1,Enriched in Strong
hcnB,1,0,11,7,1,Enriched in Strong
sasA_3,1,0,11,7,1,Enriched in Strong
uacT_1,1,0,11,7,1,Enriched in Strong
pabB,1,0,11,7,1,Enriched in Strong
nicP_1,1,0,11,7,1,Enriched in Strong
phoQ,1,0,11,7,1,Enriched in Strong
murD,1,0,11,7,1,Enriched in Strong
adhB_2,1,0,11,7,1,Enriched in Strong
puuA_4,1,0,11,7,1,Enriched in Strong
qseC_3,1,0,11,7,1,Enriched in Strong
astB,1,0,11,7,1,Enriched in Strong
pmbA,1,0,11,7,1,Enriched in Strong
rssB_5,1,0,11,7,1,Enriched in Strong
oprB_1,1,0,11,7,1,Enriched in Strong
aroH,1,0,11,7,1,Enriched in Strong
adeP,1,0,11,7,1,Enriched in Strong
scmP,1,0,11,7,1,Enriched in Strong
rhlE_2,1,0,11,7,1,Enriched in Strong
rcsC_22,1,0,11,7,1,Enriched in Strong
dctD_2,1,0,11,7,1,Enriched in Strong
mpl,1,0,11,7,1,Enriched in Strong
gntT_1,1,0,11,7,1,Enriched in Strong
rlmD,1,0,11,7,1,Enriched in Strong
frc,1,0,11,7,1,Enriched in Strong
group_388,1,0,11,7,1,Enriched in Strong
moxC,1,0,11,7,1,Enriched in Strong
nuoF,1,0,11,7,1,Enriched in Strong
group_385,1,0,11,7,1,Enriched in Strong
bdlA_2,1,0,11,7,1,Enriched in Strong
mepA,1,0,11,7,1,Enriched in Strong
group_384,1,0,11,7,1,Enriched in Strong
puuA_5,1,0,11,7,1,Enriched in Strong
hrcN,1,0,11,7,1,Enriched in Strong
bdlA_3,1,0,11,7,1,Enriched in Strong
garB,1,0,11,7,1,Enriched in Strong
group_383,1,0,11,7,1,Enriched in Strong
group_382,1,0,11,7,1,Enriched in Strong
fliI,1,0,11,7,1,Enriched in Strong
puuA_2,1,0,11,7,1,Enriched in Strong
pfeS,1,0,11,7,1,Enriched in Strong
cusS,1,0,11,7,1,Enriched in Strong
ttuB_1,1,0,11,7,1,Enriched in Strong
group_380,1,0,11,7,1,Enriched in Strong
sasA_21,1,0,11,7,1,Enriched in Strong
ribZ,1,0,11,7,1,Enriched in Strong
gudP,1,0,11,7,1,Enriched in Strong
steT_2,1,0,11,7,1,Enriched in Strong
yhdG,1,0,11,7,1,Enriched in Strong
spuC,1,0,11,7,1,Enriched in Strong
glmU_2,1,0,11,7,1,Enriched in Strong
group_378,1,0,11,7,1,Enriched in Strong
proP_3,1,0,11,7,1,Enriched in Strong
group_377,1,0,11,7,1,Enriched in Strong
group_376,1,0,11,7,1,Enriched in Strong
murF,1,0,11,7,1,Enriched in Strong
mnmE,1,0,11,7,1,Enriched in Strong
gntT_3,1,0,11,7,1,Enriched in Strong
purB,1,0,11,7,1,Enriched in Strong
pcaK_1,1,0,11,7,1,Enriched in Strong
puuA_3,1,0,11,7,1,Enriched in Strong
ppnN,1,0,11,7,1,Enriched in Strong
creD,1,0,11,7,1,Enriched in Strong
mco,1,0,11,7,1,Enriched in Strong
fumC_2,1,0,11,7,1,Enriched in Strong
cbs,1,0,11,7,1,Enriched in Strong
sdaA_2,1,0,11,7,1,Enriched in Strong
radA,1,0,11,7,1,Enriched in Strong
ffh,1,0,11,7,1,Enriched in Strong
sdaB,1,0,11,7,1,Enriched in Strong
sdaA_1,1,0,11,7,1,Enriched in Strong
puuA_1,1,0,11,7,1,Enriched in Strong
atpD,1,0,11,7,1,Enriched in Strong
rkpK,1,0,11,7,1,Enriched in Strong
lpdV,1,0,11,7,1,Enriched in Strong
xseA,1,0,11,7,1,Enriched in Strong
atoC_2,1,0,11,7,1,Enriched in Strong
group_374,1,0,11,7,1,Enriched in Strong
qseC_2,1,0,11,7,1,Enriched in Strong
norM,1,0,11,7,1,Enriched in Strong
opuE,1,0,11,7,1,Enriched in Strong
hemN,1,0,11,7,1,Enriched in Strong
ycaD_2,1,0,11,7,1,Enriched in Strong
group_372,1,0,11,7,1,Enriched in Strong
sasA_11,1,0,11,7,1,Enriched in Strong
qseC_1,1,0,11,7,1,Enriched in Strong
dbpA_1,1,0,11,7,1,Enriched in Strong
group_371,1,0,11,7,1,Enriched in Strong
cysS,1,0,11,7,1,Enriched in Strong
fumC_1,1,0,11,7,1,Enriched in Strong
tcyP,1,0,11,7,1,Enriched in Strong
group_369,1,0,11,7,1,Enriched in Strong
antA,1,0,11,7,1,Enriched in Strong
sad_1,1,0,11,7,1,Enriched in Strong
group_368,1,0,11,7,1,Enriched in Strong
group_367,1,0,11,7,1,Enriched in Strong
cysG_2,1,0,11,7,1,Enriched in Strong
group_366,1,0,11,7,1,Enriched in Strong
group_365,1,0,11,7,1,Enriched in Strong
davT_2,1,0,11,7,1,Enriched in Strong
eutB,1,0,11,7,1,Enriched in Strong
yajR,1,0,11,7,1,Enriched in Strong
mltF_4,1,0,11,7,1,Enriched in Strong
sthA,1,0,11,7,1,Enriched in Strong
group_364,1,0,11,7,1,Enriched in Strong
argH_1,1,0,11,7,1,Enriched in Strong
group_363,1,0,11,7,1,Enriched in Strong
norR_3,1,0,11,7,1,Enriched in Strong
atoC_4,1,0,11,7,1,Enriched in Strong
mdtK,1,0,11,7,1,Enriched in Strong
algC,1,0,11,7,1,Enriched in Strong
hprS,1,0,11,7,1,Enriched in Strong
aam_1,1,0,11,7,1,Enriched in Strong
group_361,1,0,11,7,1,Enriched in Strong
pcnB,1,0,11,7,1,Enriched in Strong
aroP_2,1,0,11,7,1,Enriched in Strong
gntT_2,1,0,11,7,1,Enriched in Strong
puuB_5,1,0,11,7,1,Enriched in Strong
norG_3,1,0,11,7,1,Enriched in Strong
gabP_1,1,0,11,7,1,Enriched in Strong
bioA,1,0,11,7,1,Enriched in Strong
group_355,1,0,11,7,1,Enriched in Strong
norG_5,1,0,11,7,1,Enriched in Strong
oprD_4,1,0,11,7,1,Enriched in Strong
murJ_1,1,0,11,7,1,Enriched in Strong
group_354,1,0,11,7,1,Enriched in Strong
thrC,1,0,11,7,1,Enriched in Strong
group_353,1,0,11,7,1,Enriched in Strong
ahcY,1,0,11,7,1,Enriched in Strong
mltD,1,0,11,7,1,Enriched in Strong
norG_6,1,0,11,7,1,Enriched in Strong
hisC_5,1,0,11,7,1,Enriched in Strong
proY_2,1,0,11,7,1,Enriched in Strong
dat,1,0,11,7,1,Enriched in Strong
fliD,1,0,11,7,1,Enriched in Strong
group_352,1,0,11,7,1,Enriched in Strong
imuB,1,0,11,7,1,Enriched in Strong
ald,1,0,11,7,1,Enriched in Strong
oprM_4,1,0,11,7,1,Enriched in Strong
oprM_2,1,0,11,7,1,Enriched in Strong
ttuE,1,0,11,7,1,Enriched in Strong
group_349,1,0,11,7,1,Enriched in Strong
cfiB,1,0,11,7,1,Enriched in Strong
leuC_2,1,0,11,7,1,Enriched in Strong
leuC_1,1,0,11,7,1,Enriched in Strong
atoE,1,0,11,7,1,Enriched in Strong
kaiC_3,1,0,11,7,1,Enriched in Strong
ttgC_3,1,0,11,7,1,Enriched in Strong
group_346,1,0,11,7,1,Enriched in Strong
oprM_3,1,0,11,7,1,Enriched in Strong
aroP_1,1,0,11,7,1,Enriched in Strong
mltF_3,1,0,11,7,1,Enriched in Strong
ftsY,1,0,11,7,1,Enriched in Strong
aldA,1,0,11,7,1,Enriched in Strong
hisC_1,1,0,11,7,1,Enriched in Strong
norG_1,1,0,11,7,1,Enriched in Strong
aspA,1,0,11,7,1,Enriched in Strong
argH_2,1,0,11,7,1,Enriched in Strong
sbcB,1,0,11,7,1,Enriched in Strong
arcD_2,1,0,11,7,1,Enriched in Strong
arcD_1,1,0,11,7,1,Enriched in Strong
oprM_1,1,0,11,7,1,Enriched in Strong
hsrA,1,0,11,7,1,Enriched in Strong
calB,1,0,11,7,1,Enriched in Strong
group_342,1,0,11,7,1,Enriched in Strong
group_341,1,0,11,7,1,Enriched in Strong
gadA,1,0,11,7,1,Enriched in Strong
davD_1,1,0,11,7,1,Enriched in Strong
group_340,1,0,11,7,1,Enriched in Strong
aprA_1,1,0,11,7,1,Enriched in Strong
arnT_1,1,0,11,7,1,Enriched in Strong
potE,1,0,11,7,1,Enriched in Strong
bepA_1,1,0,11,7,1,Enriched in Strong
ccoN1_2,1,0,11,7,1,Enriched in Strong
czcS_2,1,0,11,7,1,Enriched in Strong
group_339,1,0,11,7,1,Enriched in Strong
lpdG,1,0,11,7,1,Enriched in Strong
clsA,1,0,11,7,1,Enriched in Strong
group_338,1,0,11,7,1,Enriched in Strong
group_337,1,0,11,7,1,Enriched in Strong
dht,1,0,11,7,1,Enriched in Strong
zraR,1,0,11,7,1,Enriched in Strong
cydA,1,0,11,7,1,Enriched in Strong
group_336,1,0,11,7,1,Enriched in Strong
norG_2,1,0,11,7,1,Enriched in Strong
creC,1,0,11,7,1,Enriched in Strong
group_334,1,0,11,7,1,Enriched in Strong
tldD,1,0,11,7,1,Enriched in Strong
group_333,1,0,11,7,1,Enriched in Strong
treP,1,0,11,7,1,Enriched in Strong
gbsA,1,0,11,7,1,Enriched in Strong
degP,1,0,11,7,1,Enriched in Strong
pucI_2,1,0,11,7,1,Enriched in Strong
ccoN1_1,1,0,11,7,1,Enriched in Strong
group_331,1,0,11,7,1,Enriched in Strong
murC,1,0,11,7,1,Enriched in Strong
phrB_2,1,0,11,7,1,Enriched in Strong
group_328,1,0,11,7,1,Enriched in Strong
gatB,1,0,11,7,1,Enriched in Strong
aldHT,1,0,11,7,1,Enriched in Strong
group_327,1,0,11,7,1,Enriched in Strong
fliC,1,0,11,7,1,Enriched in Strong
cat,1,0,11,7,1,Enriched in Strong
group_326,1,0,11,7,1,Enriched in Strong
group_325,1,0,11,7,1,Enriched in Strong
group_324,1,0,11,7,1,Enriched in Strong
ttgF,1,0,11,7,1,Enriched in Strong
group_323,1,0,11,7,1,Enriched in Strong
pykA,1,0,11,7,1,Enriched in Strong
cobQ,1,0,11,7,1,Enriched in Strong
alsT,1,0,11,7,1,Enriched in Strong
trkI,1,0,11,7,1,Enriched in Strong
rng,1,0,11,7,1,Enriched in Strong
algX,1,0,11,7,1,Enriched in Strong
ttgC_1,1,0,11,7,1,Enriched in Strong
algA_2,1,0,11,7,1,Enriched in Strong
xylB_2,1,0,11,7,1,Enriched in Strong
betB_2,1,0,11,7,1,Enriched in Strong
murE,1,0,11,7,1,Enriched in Strong
nuoN,1,0,11,7,1,Enriched in Strong
amn,1,0,11,7,1,Enriched in Strong
dan,1,0,11,7,1,Enriched in Strong
gap2,1,0,11,7,1,Enriched in Strong
group_318,1,0,11,7,1,Enriched in Strong
astD,1,0,11,7,1,Enriched in Strong
sasA_12,1,0,11,7,1,Enriched in Strong
algD,1,0,11,7,1,Enriched in Strong
zwf_1,1,0,11,7,1,Enriched in Strong
group_317,1,0,11,7,1,Enriched in Strong
ubiD,1,0,11,7,1,Enriched in Strong
ttgC_2,1,0,11,7,1,Enriched in Strong
rhlB_1,1,0,11,7,1,Enriched in Strong
der,1,0,11,7,1,Enriched in Strong
guaB,1,0,11,7,1,Enriched in Strong
sasA_4,1,0,11,7,1,Enriched in Strong
betB_1,1,0,11,7,1,Enriched in Strong
oprM_5,1,0,11,7,1,Enriched in Strong
norR_1,1,0,11,7,1,Enriched in Strong
group_313,1,0,11,7,1,Enriched in Strong
norG_4,1,0,11,7,1,Enriched in Strong
group_311,1,0,11,7,1,Enriched in Strong
sctC_1,1,0,11,7,1,Enriched in Strong
nusA,1,0,11,7,1,Enriched in Strong
group_309,1,0,11,7,1,Enriched in Strong
gltX,1,0,11,7,1,Enriched in Strong
trpE,1,0,11,7,1,Enriched in Strong
prpD,1,0,11,7,1,Enriched in Strong
rbsA_3,1,0,11,7,1,Enriched in Strong
group_306,1,0,11,7,1,Enriched in Strong
group_305,1,0,11,7,1,Enriched in Strong
pucI_3,1,0,11,7,1,Enriched in Strong
feaB_1,1,0,11,7,1,Enriched in Strong
algE,1,0,11,7,1,Enriched in Strong
group_303,1,0,11,7,1,Enriched in Strong
pepA,1,0,11,7,1,Enriched in Strong
group_302,1,0,11,7,1,Enriched in Strong
group_301,1,0,11,7,1,Enriched in Strong
group_300,1,0,11,7,1,Enriched in Strong
puuC,1,0,11,7,1,Enriched in Strong
malT_2,1,0,11,7,1,Enriched in Strong
comM,1,0,11,7,1,Enriched in Strong
group_299,1,0,11,7,1,Enriched in Strong
bauC_2,1,0,11,7,1,Enriched in Strong
steT_1,1,0,11,7,1,Enriched in Strong
araG_1,1,0,11,7,1,Enriched in Strong
kaiC_2,1,0,11,7,1,Enriched in Strong
proP_4,1,0,11,7,1,Enriched in Strong
lysU,1,0,11,7,1,Enriched in Strong
uacT_2,1,0,11,7,1,Enriched in Strong
ppx,1,0,11,7,1,Enriched in Strong
purF,1,0,11,7,1,Enriched in Strong
glpK,1,0,11,7,1,Enriched in Strong
mqo_2,1,0,11,7,1,Enriched in Strong
tyrR_2,1,0,11,7,1,Enriched in Strong
ttgI,1,0,11,7,1,Enriched in Strong
mdtD_1,1,0,11,7,1,Enriched in Strong
group_295,1,0,11,7,1,Enriched in Strong
group_294,1,0,11,7,1,Enriched in Strong
ilvA_1,1,0,11,7,1,Enriched in Strong
arnT_2,1,0,11,7,1,Enriched in Strong
algK,1,0,11,7,1,Enriched in Strong
mmsA_1,1,0,11,7,1,Enriched in Strong
bmr3,1,0,11,7,1,Enriched in Strong
group_293,1,0,11,7,1,Enriched in Strong
dnaA,1,0,11,7,1,Enriched in Strong
xylB_1,1,0,11,7,1,Enriched in Strong
adh_1,1,0,11,7,1,Enriched in Strong
zwf_2,1,0,11,7,1,Enriched in Strong
lnt,1,0,11,7,1,Enriched in Strong
fumA,1,0,11,7,1,Enriched in Strong
araG_2,1,0,11,7,1,Enriched in Strong
group_291,1,0,11,7,1,Enriched in Strong
emrB_2,1,0,11,7,1,Enriched in Strong
nuoM,1,0,11,7,1,Enriched in Strong
rbsA_2,1,0,11,7,1,Enriched in Strong
group_290,1,0,11,7,1,Enriched in Strong
group_289,1,0,11,7,1,Enriched in Strong
group_288,1,0,11,7,1,Enriched in Strong
lcfB,1,0,11,7,1,Enriched in Strong
group_285,1,0,11,7,1,Enriched in Strong
murJ_2,1,0,11,7,1,Enriched in Strong
phrB_1,1,0,11,7,1,Enriched in Strong
glpD,1,0,11,7,1,Enriched in Strong
phoD_1,1,0,11,7,1,Enriched in Strong
katB,1,0,11,7,1,Enriched in Strong
atpA,1,0,11,7,1,Enriched in Strong
norR_2,1,0,11,7,1,Enriched in Strong
gabR_1,1,0,11,7,1,Enriched in Strong
group_280,1,0,11,7,1,Enriched in Strong
rbsA_4,1,0,11,7,1,Enriched in Strong
araG_3,1,0,11,7,1,Enriched in Strong
garD,1,0,11,7,1,Enriched in Strong
emrB_1,1,0,11,7,1,Enriched in Strong
group_277,1,0,11,7,1,Enriched in Strong
glgA,1,0,11,7,1,Enriched in Strong
group_276,1,0,11,7,1,Enriched in Strong
btuD_4,1,0,11,7,1,Enriched in Strong
group_275,1,0,11,7,1,Enriched in Strong
ybiT,1,0,11,7,1,Enriched in Strong
tyrR_1,1,0,11,7,1,Enriched in Strong
group_274,1,0,11,7,1,Enriched in Strong
group_273,1,0,11,7,1,Enriched in Strong
ahpF,1,0,11,7,1,Enriched in Strong
aer,1,0,11,7,1,Enriched in Strong
clsC,1,0,11,7,1,Enriched in Strong
yejF_1,1,0,11,7,1,Enriched in Strong
phoD_2,1,0,11,7,1,Enriched in Strong
algG,1,0,11,7,1,Enriched in Strong
group_272,1,0,11,7,1,Enriched in Strong
group_271,1,0,11,7,1,Enriched in Strong
guaA,1,0,11,7,1,Enriched in Strong
group_270,1,0,11,7,1,Enriched in Strong
group_269,1,0,11,7,1,Enriched in Strong
group_267,1,0,11,7,1,Enriched in Strong
glpE_3,1,0,11,7,1,Enriched in Strong
prfC,1,0,11,7,1,Enriched in Strong
group_266,1,0,11,7,1,Enriched in Strong
group_265,1,0,11,7,1,Enriched in Strong
ycbB,1,0,11,7,1,Enriched in Strong
group_263,1,0,11,7,1,Enriched in Strong
dppA_1,1,0,11,7,1,Enriched in Strong
group_262,1,0,11,7,1,Enriched in Strong
ywrD,1,0,11,7,1,Enriched in Strong
group_261,1,0,11,7,1,Enriched in Strong
dppA_2,1,0,11,7,1,Enriched in Strong
group_259,1,0,11,7,1,Enriched in Strong
dppA_5,1,0,11,7,1,Enriched in Strong
dppA_3,1,0,11,7,1,Enriched in Strong
aruI_2,1,0,11,7,1,Enriched in Strong
group_257,1,0,11,7,1,Enriched in Strong
sasA_22,1,0,11,7,1,Enriched in Strong
betA_2,1,0,11,7,1,Enriched in Strong
yejF_2,1,0,11,7,1,Enriched in Strong
pucI_1,1,0,11,7,1,Enriched in Strong
gapN,1,0,11,7,1,Enriched in Strong
pitA_1,1,0,11,7,1,Enriched in Strong
nadB,1,0,11,7,1,Enriched in Strong
accA_1,1,0,11,7,1,Enriched in Strong
group_255,1,0,11,7,1,Enriched in Strong
group_254,1,0,11,7,1,Enriched in Strong
group_253,1,0,11,7,1,Enriched in Strong
nanT_2,1,0,11,7,1,Enriched in Strong
group_252,1,0,11,7,1,Enriched in Strong
group_251,1,0,11,7,1,Enriched in Strong
group_250,1,0,11,7,1,Enriched in Strong
yveA,1,0,11,7,1,Enriched in Strong
group_247,1,0,11,7,1,Enriched in Strong
mdoD,1,0,11,7,1,Enriched in Strong
aruI_1,1,0,11,7,1,Enriched in Strong
group_246,1,0,11,7,1,Enriched in Strong
ctpH,1,0,11,7,1,Enriched in Strong
dppA_4,1,0,11,7,1,Enriched in Strong
fadD3,1,0,11,7,1,Enriched in Strong
group_242,1,0,11,7,1,Enriched in Strong
mcpP_1,1,0,11,7,1,Enriched in Strong
ettA_2,1,0,11,7,1,Enriched in Strong
gsiA,1,0,11,7,1,Enriched in Strong
group_241,1,0,11,7,1,Enriched in Strong
fan1,1,0,11,7,1,Enriched in Strong
pgm,1,0,11,7,1,Enriched in Strong
alkJ_2,1,0,11,7,1,Enriched in Strong
group_239,1,0,11,7,1,Enriched in Strong
treA,1,0,11,7,1,Enriched in Strong
groL,1,0,11,7,1,Enriched in Strong
pqiB,1,0,11,7,1,Enriched in Strong
group_238,1,0,11,7,1,Enriched in Strong
acsA_2,1,0,11,7,1,Enriched in Strong
aidB,1,0,11,7,1,Enriched in Strong
yojI,1,0,11,7,1,Enriched in Strong
arnT_4,1,0,11,7,1,Enriched in Strong
arnT_3,1,0,11,7,1,Enriched in Strong
mqo_1,1,0,11,7,1,Enriched in Strong
sir,1,0,11,7,1,Enriched in Strong
actP,1,0,11,7,1,Enriched in Strong
group_230,1,0,11,7,1,Enriched in Strong
pgi,1,0,11,7,1,Enriched in Strong
ettA_1,1,0,11,7,1,Enriched in Strong
group_229,1,0,11,7,1,Enriched in Strong
ligB,1,0,11,7,1,Enriched in Strong
group_228,1,0,11,7,1,Enriched in Strong
rcsC_20,1,0,11,7,1,Enriched in Strong
pknD_2,1,0,11,7,1,Enriched in Strong
madA,1,0,11,7,1,Enriched in Strong
group_226,1,0,11,7,1,Enriched in Strong
recN,1,0,11,7,1,Enriched in Strong
deaD,1,0,11,7,1,Enriched in Strong
yidC,1,0,11,7,1,Enriched in Strong
mcpP_2,1,0,11,7,1,Enriched in Strong
leuA,1,0,11,7,1,Enriched in Strong
group_221,1,0,11,7,1,Enriched in Strong
mrpD,1,0,11,7,1,Enriched in Strong
fadD_2,1,0,11,7,1,Enriched in Strong
aknOx,1,0,11,7,1,Enriched in Strong
fadD_1,1,0,11,7,1,Enriched in Strong
group_220,1,0,11,7,1,Enriched in Strong
glcA,1,0,11,7,1,Enriched in Strong
kdpA_1,1,0,11,7,1,Enriched in Strong
rpsA,1,0,11,7,1,Enriched in Strong
tamA,1,0,11,7,1,Enriched in Strong
QRSL1,1,0,11,7,1,Enriched in Strong
group_218,1,0,11,7,1,Enriched in Strong
glnS,1,0,11,7,1,Enriched in Strong
fadD_3,1,0,11,7,1,Enriched in Strong
iaaM,1,0,11,7,1,Enriched in Strong
betA_1,1,0,11,7,1,Enriched in Strong
kdpA_2,1,0,11,7,1,Enriched in Strong
gamP,1,0,11,7,1,Enriched in Strong
recJ,1,0,11,7,1,Enriched in Strong
shlB_3,1,0,11,7,1,Enriched in Strong
rcsC_26,1,0,11,7,1,Enriched in Strong
group_217,1,0,11,7,1,Enriched in Strong
group_216,1,0,11,7,1,Enriched in Strong
aceK,1,0,11,7,1,Enriched in Strong
proS,1,0,11,7,1,Enriched in Strong
group_215,1,0,11,7,1,Enriched in Strong
fruA,1,0,11,7,1,Enriched in Strong
group_214,1,0,11,7,1,Enriched in Strong
kefC_1,1,0,11,7,1,Enriched in Strong
rcsC_5,1,0,11,7,1,Enriched in Strong
poxB,1,0,11,7,1,Enriched in Strong
bepA_3,1,0,11,7,1,Enriched in Strong
bacA,1,0,11,7,1,Enriched in Strong
ggt_1,1,0,11,7,1,Enriched in Strong
ilvI,1,0,11,7,1,Enriched in Strong
group_212,1,0,11,7,1,Enriched in Strong
aspT,1,0,11,7,1,Enriched in Strong
araC,1,0,11,7,1,Enriched in Strong
group_209,1,0,11,7,1,Enriched in Strong
pepV,1,0,11,7,1,Enriched in Strong
group_208,1,0,11,7,1,Enriched in Strong
eptC,1,0,11,7,1,Enriched in Strong
group_207,1,0,11,7,1,Enriched in Strong
ftsI,1,0,11,7,1,Enriched in Strong
treZ,1,0,11,7,1,Enriched in Strong
dsbD,1,0,11,7,1,Enriched in Strong
group_206,1,0,11,7,1,Enriched in Strong
gshAB,1,0,11,7,1,Enriched in Strong
prsD,1,0,11,7,1,Enriched in Strong
ynbC,1,0,11,7,1,Enriched in Strong
dipZ,1,0,11,7,1,Enriched in Strong
kefB,1,0,11,7,1,Enriched in Strong
dctB_1,1,0,11,7,1,Enriched in Strong
msbA_1,1,0,11,7,1,Enriched in Strong
group_202,1,0,11,7,1,Enriched in Strong
sdhA,1,0,11,7,1,Enriched in Strong
atzF,1,0,11,7,1,Enriched in Strong
asnB,1,0,11,7,1,Enriched in Strong
dmdC_2,1,0,11,7,1,Enriched in Strong
aspS,1,0,11,7,1,Enriched in Strong
gcl,1,0,11,7,1,Enriched in Strong
fliF,1,0,11,7,1,Enriched in Strong
sasA_9,1,0,11,7,1,Enriched in Strong
group_201,1,0,11,7,1,Enriched in Strong
dmdC_3,1,0,11,7,1,Enriched in Strong
nuoC,1,0,11,7,1,Enriched in Strong
group_197,1,0,11,7,1,Enriched in Strong
lepA,1,0,11,7,1,Enriched in Strong
dmdC_1,1,0,11,7,1,Enriched in Strong
group_194,1,0,11,7,1,Enriched in Strong
group_193,1,0,11,7,1,Enriched in Strong
kefC_2,1,0,11,7,1,Enriched in Strong
oadA,1,0,11,7,1,Enriched in Strong
lpoA,1,0,11,7,1,Enriched in Strong
group_192,1,0,11,7,1,Enriched in Strong
ggt_2,1,0,11,7,1,Enriched in Strong
sasA_10,1,0,11,7,1,Enriched in Strong
bmrA,1,0,11,7,1,Enriched in Strong
dap,1,0,11,7,1,Enriched in Strong
uvrC,1,0,11,7,1,Enriched in Strong
group_191,1,0,11,7,1,Enriched in Strong
group_190,1,0,11,7,1,Enriched in Strong
edd,1,0,11,7,1,Enriched in Strong
group_189,1,0,11,7,1,Enriched in Strong
group_188,1,0,11,7,1,Enriched in Strong
glmS,1,0,11,7,1,Enriched in Strong
acoR_2,1,0,11,7,1,Enriched in Strong
sgrR,1,0,11,7,1,Enriched in Strong
novN,1,0,11,7,1,Enriched in Strong
ilvD,1,0,11,7,1,Enriched in Strong
rpoD,1,0,11,7,1,Enriched in Strong
nuoL,1,0,11,7,1,Enriched in Strong
group_184,1,0,11,7,1,Enriched in Strong
group_183,1,0,11,7,1,Enriched in Strong
group_182,1,0,11,7,1,Enriched in Strong
group_181,1,0,11,7,1,Enriched in Strong
group_180,1,0,11,7,1,Enriched in Strong
appA,1,0,11,7,1,Enriched in Strong
hscA,1,0,11,7,1,Enriched in Strong
glpE_2,1,0,11,7,1,Enriched in Strong
group_178,1,0,11,7,1,Enriched in Strong
aroB_2,1,0,11,7,1,Enriched in Strong
group_177,1,0,11,7,1,Enriched in Strong
secD,1,0,11,7,1,Enriched in Strong
lplT,1,0,11,7,1,Enriched in Strong
ppiD,1,0,11,7,1,Enriched in Strong
group_175,1,0,11,7,1,Enriched in Strong
cadA_2,1,0,11,7,1,Enriched in Strong
mnmG,1,0,11,7,1,Enriched in Strong
mrdA_2,1,0,11,7,1,Enriched in Strong
pctA_1,1,0,11,7,1,Enriched in Strong
btuB_6,1,0,11,7,1,Enriched in Strong
group_174,1,0,11,7,1,Enriched in Strong
cysNC_2,1,0,11,7,1,Enriched in Strong
mrdA_1,1,0,11,7,1,Enriched in Strong
dxs,1,0,11,7,1,Enriched in Strong
group_172,1,0,11,7,1,Enriched in Strong
rcsC_29,1,0,11,7,1,Enriched in Strong
dctB_2,1,0,11,7,1,Enriched in Strong
kup,1,0,11,7,1,Enriched in Strong
group_171,1,0,11,7,1,Enriched in Strong
rhlE_1,1,0,11,7,1,Enriched in Strong
htpG,1,0,11,7,1,Enriched in Strong
acoR_1,1,0,11,7,1,Enriched in Strong
yheS,1,0,11,7,1,Enriched in Strong
dnaK_2,1,0,11,7,1,Enriched in Strong
ftsH_1,1,0,11,7,1,Enriched in Strong
mcpS,1,0,11,7,1,Enriched in Strong
uup,1,0,11,7,1,Enriched in Strong
thrS,1,0,11,7,1,Enriched in Strong
accA1_1,1,0,11,7,1,Enriched in Strong
estA,1,0,11,7,1,Enriched in Strong
group_169,1,0,11,7,1,Enriched in Strong
group_168,1,0,11,7,1,Enriched in Strong
group_166,1,0,11,7,1,Enriched in Strong
accA1_2,1,0,11,7,1,Enriched in Strong
group_165,1,0,11,7,1,Enriched in Strong
slt,1,0,11,7,1,Enriched in Strong
iolD,1,0,11,7,1,Enriched in Strong
group_164,1,0,11,7,1,Enriched in Strong
iolC,1,0,11,7,1,Enriched in Strong
acsA_1,1,0,11,7,1,Enriched in Strong
vgrG1_1,1,0,11,7,1,Enriched in Strong
group_163,1,0,11,7,1,Enriched in Strong
mdoB_2,1,0,11,7,1,Enriched in Strong
acs_1,1,0,11,7,1,Enriched in Strong
macB_3,1,0,11,7,1,Enriched in Strong
topB,1,0,11,7,1,Enriched in Strong
group_158,1,0,11,7,1,Enriched in Strong
group_157,1,0,11,7,1,Enriched in Strong
dnaG,1,0,11,7,1,Enriched in Strong
group_155,1,0,11,7,1,Enriched in Strong
macB_1,1,0,11,7,1,Enriched in Strong
glgE2,1,0,11,7,1,Enriched in Strong
ccmF,1,0,11,7,1,Enriched in Strong
group_150,1,0,11,7,1,Enriched in Strong
arnA,1,0,11,7,1,Enriched in Strong
aaeB_1,1,0,11,7,1,Enriched in Strong
caiT,1,0,11,7,1,Enriched in Strong
dapL_1,1,0,11,7,1,Enriched in Strong
group_149,1,0,11,7,1,Enriched in Strong
mltF_2,1,0,11,7,1,Enriched in Strong
pglF,1,0,11,7,1,Enriched in Strong
tktA,1,0,11,7,1,Enriched in Strong
mnmC_2,1,0,11,7,1,Enriched in Strong
rep_1,1,0,11,7,1,Enriched in Strong
uvrB,1,0,11,7,1,Enriched in Strong
rlhA_1,1,0,11,7,1,Enriched in Strong
group_146,1,0,11,7,1,Enriched in Strong
cyoB,1,0,11,7,1,Enriched in Strong
rcsC_7,1,0,11,7,1,Enriched in Strong
vgrG1_3,1,0,11,7,1,Enriched in Strong
rcsC_8,1,0,11,7,1,Enriched in Strong
group_142,1,0,11,7,1,Enriched in Strong
fadH,1,0,11,7,1,Enriched in Strong
metG,1,0,11,7,1,Enriched in Strong
group_139,1,0,11,7,1,Enriched in Strong
group_138,1,0,11,7,1,Enriched in Strong
ptrB,1,0,11,7,1,Enriched in Strong
kdpB_1,1,0,11,7,1,Enriched in Strong
group_137,1,0,11,7,1,Enriched in Strong
tkt,1,0,11,7,1,Enriched in Strong
stcD,1,0,11,7,1,Enriched in Strong
group_135,1,0,11,7,1,Enriched in Strong
btsT,1,0,11,7,1,Enriched in Strong
recD_1,1,0,11,7,1,Enriched in Strong
group_134,1,0,11,7,1,Enriched in Strong
group_132,1,0,11,7,1,Enriched in Strong
recG,1,0,11,7,1,Enriched in Strong
ruvB_1,1,0,11,7,1,Enriched in Strong
kdpB_2,1,0,11,7,1,Enriched in Strong
prc,1,0,11,7,1,Enriched in Strong
group_131,1,0,11,7,1,Enriched in Strong
malQ,1,0,11,7,1,Enriched in Strong
mdoB_1,1,0,11,7,1,Enriched in Strong
ssaV,1,0,11,7,1,Enriched in Strong
group_130,1,0,11,7,1,Enriched in Strong
cntO_3,1,0,11,7,1,Enriched in Strong
pta,1,0,11,7,1,Enriched in Strong
pnp,1,0,11,7,1,Enriched in Strong
fusA,1,0,11,7,1,Enriched in Strong
group_129,1,0,11,7,1,Enriched in Strong
spoT,1,0,11,7,1,Enriched in Strong
FCS1,1,0,11,7,1,Enriched in Strong
napA,1,0,11,7,1,Enriched in Strong
btuB_8,1,0,11,7,1,Enriched in Strong
iutA,1,0,11,7,1,Enriched in Strong
cntO_5,1,0,11,7,1,Enriched in Strong
recQ,1,0,11,7,1,Enriched in Strong
btuB_9,1,0,11,7,1,Enriched in Strong
flhA,1,0,11,7,1,Enriched in Strong
mxiA,1,0,11,7,1,Enriched in Strong
mcpU_1,1,0,11,7,1,Enriched in Strong
sctC_5,1,0,11,7,1,Enriched in Strong
mcpU_2,1,0,11,7,1,Enriched in Strong
fadB,1,0,11,7,1,Enriched in Strong
fadJ_1,1,0,11,7,1,Enriched in Strong
glgX,1,0,11,7,1,Enriched in Strong
group_123,1,0,11,7,1,Enriched in Strong
group_122,1,0,11,7,1,Enriched in Strong
aaeB_2,1,0,11,7,1,Enriched in Strong
glcB,1,0,11,7,1,Enriched in Strong
paoC,1,0,11,7,1,Enriched in Strong
yccS,1,0,11,7,1,Enriched in Strong
uvrD,1,0,11,7,1,Enriched in Strong
bamA_1,1,0,11,7,1,Enriched in Strong
group_120,1,0,11,7,1,Enriched in Strong
aroA_1,1,0,11,7,1,Enriched in Strong
ppk,1,0,11,7,1,Enriched in Strong
icd_2,1,0,11,7,1,Enriched in Strong
comEC,1,0,11,7,1,Enriched in Strong
fpvA_1,1,0,11,7,1,Enriched in Strong
fcuA_2,1,0,11,7,1,Enriched in Strong
glgB,1,0,11,7,1,Enriched in Strong
iorB,1,0,11,7,1,Enriched in Strong
group_116,1,0,11,7,1,Enriched in Strong
group_115,1,0,11,7,1,Enriched in Strong
group_114,1,0,11,7,1,Enriched in Strong
relA,1,0,11,7,1,Enriched in Strong
pvdQ,1,0,11,7,1,Enriched in Strong
adiA,1,0,11,7,1,Enriched in Strong
dinG_2,1,0,11,7,1,Enriched in Strong
group_111,1,0,11,7,1,Enriched in Strong
rlmL_1,1,0,11,7,1,Enriched in Strong
clpA,1,0,11,7,1,Enriched in Strong
rcsC_11,1,0,11,7,1,Enriched in Strong
ptsP,1,0,11,7,1,Enriched in Strong
group_108,1,0,11,7,1,Enriched in Strong
bfrD,1,0,11,7,1,Enriched in Strong
group_107,1,0,11,7,1,Enriched in Strong
metE,1,0,11,7,1,Enriched in Strong
cadA_1,1,0,11,7,1,Enriched in Strong
group_106,1,0,11,7,1,Enriched in Strong
group_105,1,0,11,7,1,Enriched in Strong
pbpC,1,0,11,7,1,Enriched in Strong
yebT,1,0,11,7,1,Enriched in Strong
mrcB,1,0,11,7,1,Enriched in Strong
fecA_1,1,0,11,7,1,Enriched in Strong
group_103,1,0,11,7,1,Enriched in Strong
polB,1,0,11,7,1,Enriched in Strong
quiP_1,1,0,11,7,1,Enriched in Strong
group_100,1,0,11,7,1,Enriched in Strong
ligA,1,0,11,7,1,Enriched in Strong
ftsK,1,0,11,7,1,Enriched in Strong
group_98,1,0,11,7,1,Enriched in Strong
ppsA,1,0,11,7,1,Enriched in Strong
pheT,1,0,11,7,1,Enriched in Strong
rcsC_10,1,0,11,7,1,Enriched in Strong
group_95,1,0,11,7,1,Enriched in Strong
rcsC_6,1,0,11,7,1,Enriched in Strong
btuB_1,1,0,11,7,1,Enriched in Strong
group_92,1,0,11,7,1,Enriched in Strong
btuB_7,1,0,11,7,1,Enriched in Strong
lon_2,1,0,11,7,1,Enriched in Strong
pucD,1,0,11,7,1,Enriched in Strong
fcuA_1,1,0,11,7,1,Enriched in Strong
quiA,1,0,11,7,1,Enriched in Strong
gyrB,1,0,11,7,1,Enriched in Strong
gcd,1,0,11,7,1,Enriched in Strong
fecA_2,1,0,11,7,1,Enriched in Strong
lon_1,1,0,11,7,1,Enriched in Strong
cntO_2,1,0,11,7,1,Enriched in Strong
group_89,1,0,11,7,1,Enriched in Strong
fpvA_2,1,0,11,7,1,Enriched in Strong
fadE_2,1,0,11,7,1,Enriched in Strong
rep_2,1,0,11,7,1,Enriched in Strong
nasD,1,0,11,7,1,Enriched in Strong
yraJ_2,1,0,11,7,1,Enriched in Strong
group_87,1,0,11,7,1,Enriched in Strong
ligD,1,0,11,7,1,Enriched in Strong
group_84,1,0,11,7,1,Enriched in Strong
malT_1,1,0,11,7,1,Enriched in Strong
hrpB,1,0,11,7,1,Enriched in Strong
copA_1,1,0,11,7,1,Enriched in Strong
fimD_1,1,0,11,7,1,Enriched in Strong
group_82,1,0,11,7,1,Enriched in Strong
group_81,1,0,11,7,1,Enriched in Strong
uvrA_2,1,0,11,7,1,Enriched in Strong
fadE_1,1,0,11,7,1,Enriched in Strong
group_79,1,0,11,7,1,Enriched in Strong
infB,1,0,11,7,1,Enriched in Strong
rcsC_27,1,0,11,7,1,Enriched in Strong
group_78,1,0,11,7,1,Enriched in Strong
papC,1,0,11,7,1,Enriched in Strong
tdhA,1,0,11,7,1,Enriched in Strong
clpB_2,1,0,11,7,1,Enriched in Strong
acnD_1,1,0,11,7,1,Enriched in Strong
leuS,1,0,11,7,1,Enriched in Strong
group_73,1,0,11,7,1,Enriched in Strong
alaS,1,0,11,7,1,Enriched in Strong
htrE_2,1,0,11,7,1,Enriched in Strong
clpV1_2,1,0,11,7,1,Enriched in Strong
topA,1,0,11,7,1,Enriched in Strong
acnB_2,1,0,11,7,1,Enriched in Strong
group_71,1,0,11,7,1,Enriched in Strong
group_70,1,0,11,7,1,Enriched in Strong
ppc_1,1,0,11,7,1,Enriched in Strong
kdpD_2,1,0,11,7,1,Enriched in Strong
kdpD_1,1,0,11,7,1,Enriched in Strong
pepN,1,0,11,7,1,Enriched in Strong
gyrA,1,0,11,7,1,Enriched in Strong
clpV1_1,1,0,11,7,1,Enriched in Strong
aceE_2,1,0,11,7,1,Enriched in Strong
rcsC_23,1,0,11,7,1,Enriched in Strong
group_65,1,0,11,7,1,Enriched in Strong
mgtA_2,1,0,11,7,1,Enriched in Strong
nasA_1,1,0,11,7,1,Enriched in Strong
nuoG,1,0,11,7,1,Enriched in Strong
mgtB,1,0,11,7,1,Enriched in Strong
rbbA,1,0,11,7,1,Enriched in Strong
secA,1,0,11,7,1,Enriched in Strong
acnA,1,0,11,7,1,Enriched in Strong
barA,1,0,11,7,1,Enriched in Strong
malT_3,1,0,11,7,1,Enriched in Strong
treY,1,0,11,7,1,Enriched in Strong
rcsC_15,1,0,11,7,1,Enriched in Strong
group_57,1,0,11,7,1,Enriched in Strong
group_56,1,0,11,7,1,Enriched in Strong
ileS,1,0,11,7,1,Enriched in Strong
sucA,1,0,11,7,1,Enriched in Strong
uvrA_1,1,0,11,7,1,Enriched in Strong
group_54,1,0,11,7,1,Enriched in Strong
gcvP,1,0,11,7,1,Enriched in Strong
group_53,1,0,11,7,1,Enriched in Strong
valS,1,0,11,7,1,Enriched in Strong
group_52,1,0,11,7,1,Enriched in Strong
group_49,1,0,11,7,1,Enriched in Strong
ndhB,1,0,11,7,1,Enriched in Strong
group_47,1,0,11,7,1,Enriched in Strong
sasA_8,1,0,11,7,1,Enriched in Strong
group_46,1,0,11,7,1,Enriched in Strong
pknD_1,1,0,11,7,1,Enriched in Strong
soxA_1,1,0,11,7,1,Enriched in Strong
bepE,1,0,11,7,1,Enriched in Strong
mdtB_1,1,0,11,7,1,Enriched in Strong
dnaE2,1,0,11,7,1,Enriched in Strong
mexB,1,0,11,7,1,Enriched in Strong
group_40,1,0,11,7,1,Enriched in Strong
mdtB_3,1,0,11,7,1,Enriched in Strong
mdtB_2,1,0,11,7,1,Enriched in Strong
mdtC_2,1,0,11,7,1,Enriched in Strong
group_39,1,0,11,7,1,Enriched in Strong
cusA,1,0,11,7,1,Enriched in Strong
czcA_2,1,0,11,7,1,Enriched in Strong
ttgB,1,0,11,7,1,Enriched in Strong
rcsC_13,1,0,11,7,1,Enriched in Strong
oqxB9,1,0,11,7,1,Enriched in Strong
rne,1,0,11,7,1,Enriched in Strong
group_33,1,0,11,7,1,Enriched in Strong
czcA_1,1,0,11,7,1,Enriched in Strong
carB_2,1,0,11,7,1,Enriched in Strong
group_32,1,0,11,7,1,Enriched in Strong
group_31,1,0,11,7,1,Enriched in Strong
rcsC_16,1,0,11,7,1,Enriched in Strong
mfd,1,0,11,7,1,Enriched in Strong
recC,1,0,11,7,1,Enriched in Strong
rcsC_4,1,0,11,7,1,Enriched in Strong
smc_1,1,0,11,7,1,Enriched in Strong
rcsC_18,1,0,11,7,1,Enriched in Strong
group_26,1,0,11,7,1,Enriched in Strong
group_25,1,0,11,7,1,Enriched in Strong
bvgS_1,1,0,11,7,1,Enriched in Strong
group_21,1,0,11,7,1,Enriched in Strong
recB,1,0,11,7,1,Enriched in Strong
tamB,1,0,11,7,1,Enriched in Strong
carB_1,1,0,11,7,1,Enriched in Strong
group_20,1,0,11,7,1,Enriched in Strong
metH,1,0,11,7,1,Enriched in Strong
group_19,1,0,11,7,1,Enriched in Strong
mltF_1,1,0,11,7,1,Enriched in Strong
cobN,1,0,11,7,1,Enriched in Strong
group_17,1,0,11,7,1,Enriched in Strong
group_15,1,0,11,7,1,Enriched in Strong
purL,1,0,11,7,1,Enriched in Strong
group_13,1,0,11,7,1,Enriched in Strong
rpoB,1,0,11,7,1,Enriched in Strong
rpoC,1,0,11,7,1,Enriched in Strong
srmB,1,0,11,7,1,Enriched in Strong
group_9,1,0,11,7,1,Enriched in Strong
group_8,1,0,11,7,1,Enriched in Strong
gdhB,1,0,11,7,1,Enriched in Strong
shlA,1,0,11,7,1,Enriched in Strong
group_7,1,0,11,7,1,Enriched in Strong
group_6,1,0,11,7,1,Enriched in Strong
group_5,1,0,11,7,1,Enriched in Strong
rcsC_1,1,0,11,7,1,Enriched in Strong
tycC_1,1,0,11,7,1,Enriched in Strong
group_0,1,0,11,7,1,Enriched in Strong
tycC_2,1,0,11,7,1,Enriched in Strong
lgrD_2,1,0,11,7,1,Enriched in Strong
lgrD_1,1,0,11,7,1,Enriched in Strong
grsB,1,0,11,7,1,Enriched in Strong
lgrB,1,0,11,7,1,Enriched in Strong
group_3780,0.3888888888888889,Inf,11,6,1,Enriched in Strong
group_3746,0.3888888888888889,Inf,11,6,1,Enriched in Strong
group_3699,0.3888888888888889,Inf,11,6,1,Enriched in Strong
group_3679,0.3888888888888889,Inf,11,6,1,Enriched in Strong
group_3664,0.3888888888888889,Inf,11,6,1,Enriched in Strong
group_3656,0.3888888888888889,Inf,11,6,1,Enriched in Strong
group_3647,0.3888888888888889,Inf,11,6,1,Enriched in Strong
group_3582,0.3888888888888889,Inf,11,6,1,Enriched in Strong
group_3515,0.3888888888888889,Inf,11,6,1,Enriched in Strong
mdtA_7,0.3888888888888889,Inf,11,6,1,Enriched in Strong
group_3456,0.3888888888888889,Inf,11,6,1,Enriched in Strong
rfbA_1~~~rfbA_2,0.3888888888888889,Inf,11,6,1,Enriched in Strong
rfbB,0.3888888888888889,Inf,11,6,1,Enriched in Strong
comR_1,1,0,10,7,1,Enriched in Strong
group_3253,1,0,10,7,1,Enriched in Strong
group_3247,1,0,10,7,1,Enriched in Strong
group_3222,0.3888888888888889,Inf,11,6,1,Enriched in Strong
ynfM_1,0.3888888888888889,Inf,11,6,1,Enriched in Strong
baiN,0.3888888888888889,Inf,11,6,1,Enriched in Strong
group_3172,0.3888888888888889,Inf,11,6,1,Enriched in Strong
cysNC_1,0.3888888888888889,Inf,11,6,1,Enriched in Strong
nrdB_1~~~nrdB_2,1,0,10,7,1,Enriched in Strong
group_3139,0.3888888888888889,Inf,11,6,1,Enriched in Strong
group_3129,0.3888888888888889,Inf,11,6,1,Enriched in Strong
group_3109,0.3888888888888889,Inf,11,6,1,Enriched in Strong
group_3096,0.3888888888888889,Inf,11,6,1,Enriched in Strong
group_3059,0.3888888888888889,Inf,11,6,1,Enriched in Strong
msrQ,1,0,10,7,1,Enriched in Strong
higB2,0.3888888888888889,Inf,11,6,1,Enriched in Strong
ywiE,1,0,10,7,1,Enriched in Strong
group_2897,0.3888888888888889,Inf,11,6,1,Enriched in Strong
group_2892,1,0,10,7,1,Enriched in Strong
group_2761,0.3888888888888889,Inf,11,6,1,Enriched in Strong
group_2700,0.3888888888888889,Inf,11,6,1,Enriched in Strong
group_2455,0.3888888888888889,Inf,11,6,1,Enriched in Strong
group_2414,0.3888888888888889,Inf,11,6,1,Enriched in Strong
ppiC_2,0.3888888888888889,Inf,11,6,1,Enriched in Strong
group_2356,0.3888888888888889,Inf,11,6,1,Enriched in Strong
group_1808,1,0,10,7,1,Enriched in Strong
group_1738,1,0,10,7,1,Enriched in Strong
yfcG_2,1,0,10,7,1,Enriched in Strong
group_1177,1,0,10,7,1,Enriched in Strong
group_1062,0.3888888888888889,Inf,11,6,1,Enriched in Strong
group_954,0.3888888888888889,Inf,11,6,1,Enriched in Strong
benM_1,0.3888888888888889,Inf,11,6,1,Enriched in Strong
menH_2,0.3888888888888889,Inf,11,6,1,Enriched in Strong
yqjG,0.3888888888888889,Inf,11,6,1,Enriched in Strong
group_646,1,0,10,7,1,Enriched in Strong
group_507,0.3888888888888889,Inf,11,6,1,Enriched in Strong
group_358,0.3888888888888889,Inf,11,6,1,Enriched in Strong
cysD_1,0.3888888888888889,Inf,11,6,1,Enriched in Strong
group_173,0.3888888888888889,Inf,11,6,1,Enriched in Strong
group_45,0.3888888888888889,Inf,11,6,1,Enriched in Strong
group_36,0.3888888888888889,Inf,11,6,1,Enriched in Strong
ktrA,0.13725490196078435,Inf,11,5,1,Enriched in Strong
group_3561,0.13725490196078435,Inf,11,5,1,Enriched in Strong
group_3417,1,1.6182843239420739,10,6,1,Enriched in Strong
group_3416,1,1.6182843239420739,10,6,1,Enriched in Strong
group_3415,1,1.6182843239420739,10,6,1,Enriched in Strong
group_3400,1,1.6182843239420739,10,6,1,Enriched in Strong
rfbD_1~~~rfbD_2,0.13725490196078435,Inf,11,5,1,Enriched in Strong
group_3279,1,1.6182843239420739,10,6,1,Enriched in Strong
group_3654,1.0000000000000002,0.761789117095811,9,6,1,Enriched in Strong
group_3653,0.04289215686274513,Inf,11,4,1,Enriched in Strong
group_3216,1.0000000000000002,0.761789117095811,9,6,1,Enriched in Strong
group_3088,0.528186274509804,3.6824430827980534,10,5,1,Enriched in Strong
yddM,1.0000000000000002,0.761789117095811,9,6,1,Enriched in Strong
group_1792,1.0000000000000002,0.761789117095811,9,6,1,Enriched in Strong
prpC_3,1.0000000000000002,0.761789117095811,9,6,1,Enriched in Strong
pknD_3,1.0000000000000002,0.761789117095811,9,6,1,Enriched in Strong
group_3594,0.9999999999999999,1.7400212420668246,9,5,1,Enriched in Strong
group_3492,0.11928104575163397,0,7,7,1,No difference
group_3459,0.9999999999999999,1.7400212420668246,9,5,1,Enriched in Strong
group_3331,0.9999999999999999,1.7400212420668246,9,5,1,Enriched in Strong
group_3313,0.24509803921568626,6.606002068498132,10,4,1,Enriched in Strong
group_3312,0.9999999999999999,0.463715905637182,8,6,1,Enriched in Strong
group_3260,0.24509803921568626,6.606002068498132,10,4,1,Enriched in Strong
group_3236,0.9999999999999999,0.463715905637182,8,6,1,Enriched in Strong
group_3175,0.24509803921568626,6.606002068498132,10,4,1,Enriched in Strong
group_2965,0.9999999999999999,1.7400212420668246,9,5,1,Enriched in Strong
group_2952,0.9999999999999999,1.7400212420668246,9,5,1,Enriched in Strong
group_2934,0.9999999999999999,1.7400212420668246,9,5,1,Enriched in Strong
group_2920,0.9999999999999999,1.7400212420668246,9,5,1,Enriched in Strong
group_2805,0.9999999999999999,0.463715905637182,8,6,1,Enriched in Strong
group_2802,0.9999999999999999,1.7400212420668246,9,5,1,Enriched in Strong
group_2422,0.9999999999999999,0.463715905637182,8,6,1,Enriched in Strong
group_1692,0.9999999999999999,1.7400212420668246,9,5,1,Enriched in Strong
group_1548,0.24509803921568626,6.606002068498132,10,4,1,Enriched in Strong
group_1346,0.24509803921568626,6.606002068498132,10,4,1,Enriched in Strong
qseB_3,0.24509803921568626,6.606002068498132,10,4,1,Enriched in Strong
group_1294,0.24509803921568626,6.606002068498132,10,4,1,Enriched in Strong
group_1287,0.24509803921568626,6.606002068498132,10,4,1,Enriched in Strong
lptB_2,0.9999999999999999,1.7400212420668246,9,5,1,Enriched in Strong
group_1139,0.9999999999999999,1.7400212420668246,9,5,1,Enriched in Strong
group_1136,0.9999999999999999,0.463715905637182,8,6,1,Enriched in Strong
mcbC,0.9999999999999999,1.7400212420668246,9,5,1,Enriched in Strong
fabG_4,0.24509803921568626,6.606002068498132,10,4,1,Enriched in Strong
mcbB,0.9999999999999999,1.7400212420668246,9,5,1,Enriched in Strong
group_946,0.9999999999999999,1.7400212420668246,9,5,1,Enriched in Strong
group_739,0.9999999999999999,1.7400212420668246,9,5,1,Enriched in Strong
group_676,0.9999999999999999,0.463715905637182,8,6,1,Enriched in Strong
group_529,0.9999999999999999,1.7400212420668246,9,5,1,Enriched in Strong
mcbD,0.9999999999999999,1.7400212420668246,9,5,1,Enriched in Strong
group_402,0.9999999999999999,1.7400212420668246,9,5,1,Enriched in Strong
rssA,0.24509803921568626,6.606002068498132,10,4,1,Enriched in Strong
putP_2,0.24509803921568626,6.606002068498132,10,4,1,Enriched in Strong
group_314,0.9999999999999999,1.7400212420668246,9,5,1,Enriched in Strong
menE,0.24509803921568626,6.606002068498132,10,4,1,Enriched in Strong
norR_4,0.9999999999999999,1.7400212420668246,9,5,1,Enriched in Strong
group_278,0.9999999999999999,1.7400212420668246,9,5,1,Enriched in Strong
group_199,0.9999999999999999,1.7400212420668246,9,5,1,Enriched in Strong
group_76,0.9999999999999999,1.7400212420668246,9,5,1,Enriched in Strong
group_29,0.9999999999999999,1.7400212420668246,9,5,1,Enriched in Strong
peb1A_2,0.047385620915032664,11.1386151548425,10,3,1,Enriched in Strong
group_3853,0.047385620915032664,11.1386151548425,10,3,1,Enriched in Strong
tcyC_3,0.047385620915032664,11.1386151548425,10,3,1,Enriched in Strong
fliY_6,0.047385620915032664,11.1386151548425,10,3,1,Enriched in Strong
gltC_5,0.047385620915032664,11.1386151548425,10,3,1,Enriched in Strong
yecS_4,0.047385620915032664,11.1386151548425,10,3,1,Enriched in Strong
aatB,0.047385620915032664,11.1386151548425,10,3,1,Enriched in Strong
group_3852,0.047385620915032664,11.1386151548425,10,3,1,Enriched in Strong
yfcG_5,0.047385620915032664,11.1386151548425,10,3,1,Enriched in Strong
metZ_1,0.047385620915032664,11.1386151548425,10,3,1,Enriched in Strong
glnM,0.047385620915032664,11.1386151548425,10,3,1,Enriched in Strong
group_3419,1,1.0628354459952598,8,5,1,Enriched in Strong
group_3412,1,1.0628354459952598,8,5,1,Enriched in Strong
group_3403,1,1.0628354459952598,8,5,1,Enriched in Strong
group_3397,1,1.0628354459952598,8,5,1,Enriched in Strong
group_3351,1,1.0628354459952598,8,5,1,Enriched in Strong
group_3337,1,1.0628354459952598,8,5,1,Enriched in Strong
group_3330,1,1.0628354459952598,8,5,1,Enriched in Strong
lexA_3~~~lexA_4~~~lexA_2,1,1.0628354459952598,8,5,1,Enriched in Strong
group_3269,1,1.0628354459952598,8,5,1,Enriched in Strong
gltF_4~~~gltF_3,1,1.0628354459952598,8,5,1,Enriched in Strong
group_3219,1,1.0628354459952598,8,5,1,Enriched in Strong
group_3218,1,1.0628354459952598,8,5,1,Enriched in Strong
group_3213,1,1.0628354459952598,8,5,1,Enriched in Strong
group_3183,1,1.0628354459952598,8,5,1,Enriched in Strong
group_1925,0.3259803921568628,3.135249830176571,9,4,1,Enriched in Strong
group_786,1,1.0628354459952598,8,5,1,Enriched in Strong
group_287,0.047385620915032664,11.1386151548425,10,3,1,Enriched in Strong
group_3414,0.6266968325791854,1.921537540473675,8,4,1,Enriched in Strong
group_3356,0.6266968325791854,1.921537540473675,8,4,1,Enriched in Strong
group_3347,0.6266968325791854,1.921537540473675,8,4,1,Enriched in Strong
group_3335,0.10130718954248369,0,6,7,1,Enriched in Weak
group_3327,0.6266968325791854,1.921537540473675,8,4,1,Enriched in Strong
group_3298,0.6266968325791854,1.921537540473675,8,4,1,Enriched in Strong
group_3288,0.10130718954248369,0,6,7,1,Enriched in Weak
group_3256,0.14140271493212664,5.340921929313954,9,3,1,Enriched in Strong
iaaM_1~~~iaaM_2,0.10130718954248369,0,6,7,1,Enriched in Weak
group_3208,0.10130718954248369,0,6,7,1,Enriched in Weak
group_3192,0.9999999999999999,0.7138491634989635,7,5,1,Enriched in Strong
group_3131,0.14140271493212664,5.340921929313954,9,3,1,Enriched in Strong
group_3114,0.6266968325791854,1.921537540473675,8,4,1,Enriched in Strong
group_3112,0.10130718954248369,0,6,7,1,Enriched in Weak
group_3102,0.10130718954248369,0,6,7,1,Enriched in Weak
group_3024,0.10130718954248369,0,6,7,1,Enriched in Weak
group_2946,0.14140271493212664,5.340921929313954,9,3,1,Enriched in Strong
group_2785,0.6266968325791854,1.921537540473675,8,4,1,Enriched in Strong
group_2773,0.6266968325791854,1.921537540473675,8,4,1,Enriched in Strong
group_2740,0.10130718954248369,0,6,7,1,Enriched in Weak
group_2550,0.6266968325791854,1.921537540473675,8,4,1,Enriched in Strong
cim,0.6266968325791854,1.921537540473675,8,4,1,Enriched in Strong
group_2046,0.6266968325791854,1.921537540473675,8,4,1,Enriched in Strong
group_1968,0.10130718954248369,0,6,7,1,Enriched in Weak
group_1822,0.14140271493212664,5.340921929313954,9,3,1,Enriched in Strong
group_1793,0.14140271493212664,5.340921929313954,9,3,1,Enriched in Strong
fecI_2,0.9999999999999999,0.7138491634989635,7,5,1,Enriched in Strong
group_1566,0.6266968325791854,1.921537540473675,8,4,1,Enriched in Strong
gltF_7,0.01282051282051281,19.214155572683094,10,2,1,Enriched in Strong
group_1170,0.10130718954248369,0,6,7,1,Enriched in Weak
nimR_6,0.10130718954248369,0,6,7,1,Enriched in Weak
group_1001,0.6266968325791854,1.921537540473675,8,4,1,Enriched in Strong
group_990,0.6266968325791854,1.921537540473675,8,4,1,Enriched in Strong
fecR_1,0.9999999999999999,0.7138491634989635,7,5,1,Enriched in Strong
group_659,0.6266968325791854,1.921537540473675,8,4,1,Enriched in Strong
wbiB,0.6266968325791854,1.921537540473675,8,4,1,Enriched in Strong
group_654,0.10130718954248369,0,6,7,1,Enriched in Weak
mdtL,0.10130718954248369,0,6,7,1,Enriched in Weak
group_459,0.14140271493212664,5.340921929313954,9,3,1,Enriched in Strong
group_373,0.6266968325791854,1.921537540473675,8,4,1,Enriched in Strong
group_370,0.6266968325791854,1.921537540473675,8,4,1,Enriched in Strong
patA_1,0.6266968325791854,1.921537540473675,8,4,1,Enriched in Strong
group_322,0.6266968325791854,1.921537540473675,8,4,1,Enriched in Strong
group_233,0.10130718954248369,0,6,7,1,Enriched in Weak
group_187,0.6266968325791854,1.921537540473675,8,4,1,Enriched in Strong
group_179,0.9999999999999999,0.7138491634989635,7,5,1,Enriched in Strong
group_143,0.6266968325791854,1.921537540473675,8,4,1,Enriched in Strong
btuB_2,0.9999999999999999,0.7138491634989635,7,5,1,Enriched in Strong
group_3752,0.0377073906485671,0,5,7,1,Enriched in Weak
mcpQ_1,0.3156108597285067,0.21789877740359045,6,6,1,No difference
group_3384,0.0491138763197587,9.44780946880554,9,2,1,Enriched in Strong
group_3382,0.0491138763197587,9.44780946880554,9,2,1,Enriched in Strong
group_3017,0.33220211161387636,3.292712441017379,8,3,1,Enriched in Strong
group_2628,1,1.2926163304044267,7,4,1,Enriched in Strong
group_2191,0.3156108597285067,0.21789877740359045,6,6,1,No difference
group_1928,1,1.2926163304044267,7,4,1,Enriched in Strong
hcp1_2,0.3156108597285067,0.21789877740359045,6,6,1,No difference
group_1612,0.6370663650075414,0.4998528722969316,6,5,1,Enriched in Strong
group_1515,0.3156108597285067,0.21789877740359045,6,6,1,No difference
group_1042,0.3156108597285067,0.21789877740359045,6,6,1,No difference
group_855,0.3156108597285067,0.21789877740359045,6,6,1,No difference
group_589,0.6370663650075414,0.4998528722969316,6,5,1,Enriched in Strong
group_550,0.3156108597285067,0.21789877740359045,6,6,1,No difference
group_508,0.3156108597285067,0.21789877740359045,6,6,1,No difference
group_343,0.0491138763197587,9.44780946880554,9,2,1,Enriched in Strong
group_3422,0.14479638009049767,5.899131719506957,8,2,1,Enriched in Strong
gabD1~~~aldh,0.6304675716440424,2.2222125925873573,7,3,1,Enriched in Strong
group_3391,0.6304675716440424,2.2222125925873573,7,3,1,Enriched in Strong
group_3379,0.14479638009049767,5.899131719506957,8,2,1,Enriched in Strong
group_3372,0.14479638009049767,5.899131719506957,8,2,1,Enriched in Strong
group_3364,0.14479638009049767,5.899131719506957,8,2,1,Enriched in Strong
group_3348,0.14479638009049767,5.899131719506957,8,2,1,Enriched in Strong
group_3336,0.6304675716440424,2.2222125925873573,7,3,1,Enriched in Strong
group_3300,1,0.9052786960026467,6,4,1,Enriched in Strong
group_3267,1,0.9052786960026467,6,4,1,Enriched in Strong
group_3266,1,0.9052786960026467,6,4,1,Enriched in Strong
group_3239,0.6304675716440424,2.2222125925873573,7,3,1,Enriched in Strong
group_3229,0.6304675716440424,2.2222125925873573,7,3,1,Enriched in Strong
group_3221,0.6304675716440424,2.2222125925873573,7,3,1,Enriched in Strong
group_3212,0.6304675716440424,2.2222125925873573,7,3,1,Enriched in Strong
nnr_1~~~nnr_2,0.6304675716440424,2.2222125925873573,7,3,1,Enriched in Strong
group_3177,0.14479638009049767,5.899131719506957,8,2,1,Enriched in Strong
group_3158,0.14479638009049767,5.899131719506957,8,2,1,Enriched in Strong
group_3134,0.15073529411764705,0.155098220325097,5,6,1,Enriched in Weak
group_3127,0.6304675716440424,2.2222125925873573,7,3,1,Enriched in Strong
rcsC_4~~~rcsC_10,0.6304675716440424,2.2222125925873573,7,3,1,Enriched in Strong
group_3080,0.6304675716440424,2.2222125925873573,7,3,1,Enriched in Strong
group_3054,0.6304675716440424,2.2222125925873573,7,3,1,Enriched in Strong
group_2997,0.15073529411764705,0.155098220325097,5,6,1,Enriched in Weak
group_2996,0.6304675716440424,2.2222125925873573,7,3,1,Enriched in Strong
qseC_1~~~qseC_3,0.6304675716440424,2.2222125925873573,7,3,1,Enriched in Strong
group_2930,0.6304675716440424,2.2222125925873573,7,3,1,Enriched in Strong
group_2929,0.6304675716440424,2.2222125925873573,7,3,1,Enriched in Strong
group_2905,0.6304675716440424,2.2222125925873573,7,3,1,Enriched in Strong
tpiA_1,0.6304675716440424,2.2222125925873573,7,3,1,Enriched in Strong
group_2904,0.6304675716440424,2.2222125925873573,7,3,1,Enriched in Strong
sasA_1~~~sasA_3,0.6304675716440424,2.2222125925873573,7,3,1,Enriched in Strong
fda,0.15073529411764705,0.155098220325097,5,6,1,Enriched in Weak
group_2804,0.15073529411764705,0.155098220325097,5,6,1,Enriched in Weak
group_2717,0.6370663650075414,0.4998528722969316,6,5,1,Enriched in Strong
group_2590,0.6370663650075414,0.4998528722969316,6,5,1,Enriched in Strong
group_2262,0.6304675716440424,2.2222125925873573,7,3,1,Enriched in Strong
group_2203,1,0.9052786960026467,6,4,1,Enriched in Strong
group_2017,0.6304675716440424,2.2222125925873573,7,3,1,Enriched in Strong
group_2005,0.15073529411764705,0.155098220325097,5,6,1,Enriched in Weak
group_1781,0.6304675716440424,2.2222125925873573,7,3,1,Enriched in Strong
yodB_2,0.6304675716440424,2.2222125925873573,7,3,1,Enriched in Strong
pat_1,0.6304675716440424,2.2222125925873573,7,3,1,Enriched in Strong
group_1321,0.6304675716440424,2.2222125925873573,7,3,1,Enriched in Strong
group_1248,0.6304675716440424,2.2222125925873573,7,3,1,Enriched in Strong
group_1116,0.6304675716440424,2.2222125925873573,7,3,1,Enriched in Strong
anr_1,0.6304675716440424,2.2222125925873573,7,3,1,Enriched in Strong
group_1004,0.6304675716440424,2.2222125925873573,7,3,1,Enriched in Strong
uspE_2,0.6304675716440424,2.2222125925873573,7,3,1,Enriched in Strong
uspE_1,0.6304675716440424,2.2222125925873573,7,3,1,Enriched in Strong
apbE,0.6304675716440424,2.2222125925873573,7,3,1,Enriched in Strong
adhA,0.6304675716440424,2.2222125925873573,7,3,1,Enriched in Strong
group_677,1,0.9052786960026467,6,4,1,Enriched in Strong
group_623,0.15073529411764705,0.155098220325097,5,6,1,Enriched in Weak
czcO,0.6304675716440424,2.2222125925873573,7,3,1,Enriched in Strong
ackA,0.6304675716440424,2.2222125925873573,7,3,1,Enriched in Strong
group_490,0.15073529411764705,0.155098220325097,5,6,1,Enriched in Weak
group_319,0.6304675716440424,2.2222125925873573,7,3,1,Enriched in Strong
ohyA,0.6304675716440424,2.2222125925873573,7,3,1,Enriched in Strong
group_121,0.6304675716440424,2.2222125925873573,7,3,1,Enriched in Strong
group_96,0.6304675716440424,2.2222125925873573,7,3,1,Enriched in Strong
xpkA,0.6304675716440424,2.2222125925873573,7,3,1,Enriched in Strong
ndvB,0.6304675716440424,2.2222125925873573,7,3,1,Enriched in Strong
group_3429,0.33484162895927583,4.00619136980747,7,2,1,Enriched in Strong
group_3418,0.0497737556561086,13.25392620097747,8,1,1,Enriched in Strong
group_3395,0.33484162895927583,4.00619136980747,7,2,1,Enriched in Strong
group_3394,0.33484162895927583,4.00619136980747,7,2,1,Enriched in Strong
group_3390,0.33484162895927583,4.00619136980747,7,2,1,Enriched in Strong
sir2~~~sir2_1,0.33484162895927583,4.00619136980747,7,2,1,Enriched in Strong
group_3296,0.33484162895927583,4.00619136980747,7,2,1,Enriched in Strong
group_3282,0.0497737556561086,13.25392620097747,8,1,1,Enriched in Strong
group_3274,0.9999999999999999,1.558412625283201,6,3,1,Enriched in Strong
group_3246,0.0497737556561086,13.25392620097747,8,1,1,Enriched in Strong
group_3241,0.9999999999999999,1.558412625283201,6,3,1,Enriched in Strong
group_3115,0.33484162895927583,4.00619136980747,7,2,1,Enriched in Strong
group_3084,0.9999999999999999,1.558412625283201,6,3,1,Enriched in Strong
baiA~~~lvr_2~~~fabG_4,0.33484162895927583,4.00619136980747,7,2,1,Enriched in Strong
group_2894,0.33484162895927583,4.00619136980747,7,2,1,Enriched in Strong
group_2707,0.9999999999999999,1.558412625283201,6,3,1,Enriched in Strong
group_2565,0.33484162895927583,4.00619136980747,7,2,1,Enriched in Strong
group_2427,0.0497737556561086,13.25392620097747,8,1,1,Enriched in Strong
group_2371,0.9999999999999999,1.558412625283201,6,3,1,Enriched in Strong
group_2083,0.33484162895927583,4.00619136980747,7,2,1,Enriched in Strong
group_2037,0.33484162895927583,4.00619136980747,7,2,1,Enriched in Strong
group_1973,0.33484162895927583,4.00619136980747,7,2,1,Enriched in Strong
group_1904,0.9999999999999999,1.558412625283201,6,3,1,Enriched in Strong
group_1749,0.9999999999999999,1.558412625283201,6,3,1,Enriched in Strong
group_1721,0.9999999999999999,1.558412625283201,6,3,1,Enriched in Strong
group_1655,0.9999999999999999,1.558412625283201,6,3,1,Enriched in Strong
group_1290,0.33484162895927583,4.00619136980747,7,2,1,Enriched in Strong
group_1217,0.9999999999999999,1.558412625283201,6,3,1,Enriched in Strong
group_1065,0.9999999999999999,1.558412625283201,6,3,1,Enriched in Strong
group_1033,0.9999999999999999,1.558412625283201,6,3,1,Enriched in Strong
group_864,0.33484162895927583,4.00619136980747,7,2,1,Enriched in Strong
gltC_4,0.33484162895927583,4.00619136980747,7,2,1,Enriched in Strong
group_561,0.33484162895927583,4.00619136980747,7,2,1,Enriched in Strong
group_477,0.9999999999999999,1.558412625283201,6,3,1,Enriched in Strong
group_439,0.33484162895927583,4.00619136980747,7,2,1,Enriched in Strong
group_350,0.33484162895927583,4.00619136980747,7,2,1,Enriched in Strong
group_144,0.9999999999999999,1.558412625283201,6,3,1,Enriched in Strong
group_136,0.9999999999999999,1.558412625283201,6,3,1,Enriched in Strong
quiA_2,0.33484162895927583,4.00619136980747,7,2,1,Enriched in Strong
group_3675,0.33484162895927583,0.2496136374154433,4,5,1,Enriched in Weak
group_3581,0.0497737556561086,0.07544934118663257,3,6,1,Enriched in Weak
group_3476,0.0497737556561086,0.07544934118663257,3,6,1,Enriched in Weak
group_3421,0.06561085972850685,9.107544104698507,7,1,1,Enriched in Strong
argO_1~~~argO_2,0.9999999999999999,0.6416785797139414,5,4,1,Enriched in Strong
group_3286,0.06561085972850685,9.107544104698507,7,1,1,Enriched in Strong
group_3285,0.06561085972850685,9.107544104698507,7,1,1,Enriched in Strong
group_3252,0.0497737556561086,0.07544934118663257,3,6,1,Enriched in Weak
ppc_2,0.33484162895927583,0.2496136374154433,4,5,1,Enriched in Weak
group_2874,0.06561085972850685,9.107544104698507,7,1,1,Enriched in Strong
group_2824,0.06561085972850685,9.107544104698507,7,1,1,Enriched in Strong
group_2721,0.33484162895927583,0.2496136374154433,4,5,1,Enriched in Weak
group_2667,0.06561085972850685,9.107544104698507,7,1,1,Enriched in Strong
group_2484,0.06561085972850685,9.107544104698507,7,1,1,Enriched in Strong
group_2439,0.33484162895927583,0.2496136374154433,4,5,1,Enriched in Weak
group_2310,0.06561085972850685,9.107544104698507,7,1,1,Enriched in Strong
group_2261,0.06561085972850685,9.107544104698507,7,1,1,Enriched in Strong
group_2252,0.06561085972850685,9.107544104698507,7,1,1,Enriched in Strong
group_2057,0.06561085972850685,9.107544104698507,7,1,1,Enriched in Strong
group_2040,0.33484162895927583,0.2496136374154433,4,5,1,Enriched in Weak
group_1894,0.06561085972850685,9.107544104698507,7,1,1,Enriched in Strong
ywnA,0.0497737556561086,0.07544934118663257,3,6,1,Enriched in Weak
group_1853,0.06561085972850685,9.107544104698507,7,1,1,Enriched in Strong
group_1769,0.06561085972850685,9.107544104698507,7,1,1,Enriched in Strong
group_1719,0.06561085972850685,9.107544104698507,7,1,1,Enriched in Strong
group_1654,0.06561085972850685,9.107544104698507,7,1,1,Enriched in Strong
group_1644,0.06561085972850685,9.107544104698507,7,1,1,Enriched in Strong
group_1598,0.06561085972850685,9.107544104698507,7,1,1,Enriched in Strong
group_1450,0.06561085972850685,9.107544104698507,7,1,1,Enriched in Strong
group_1327,0.06561085972850685,9.107544104698507,7,1,1,Enriched in Strong
group_1277,0.06561085972850685,9.107544104698507,7,1,1,Enriched in Strong
group_1256,0.9999999999999999,0.6416785797139414,5,4,1,Enriched in Strong
group_1191,0.06561085972850685,9.107544104698507,7,1,1,Enriched in Strong
group_1127,0.06561085972850685,9.107544104698507,7,1,1,Enriched in Strong
group_973,0.06561085972850685,9.107544104698507,7,1,1,Enriched in Strong
group_815,0.06561085972850685,9.107544104698507,7,1,1,Enriched in Strong
gcvA_4,0.06561085972850685,9.107544104698507,7,1,1,Enriched in Strong
group_610,0.06561085972850685,9.107544104698507,7,1,1,Enriched in Strong
group_359,0.06561085972850685,9.107544104698507,7,1,1,Enriched in Strong
group_18,0.06561085972850685,9.107544104698507,7,1,1,Enriched in Strong
group_3531,0.14479638009049767,0.16951647251632798,3,5,1,Enriched in Weak
group_3467,0.15073529411764708,6.447527237281802,6,1,1,Enriched in Strong
group_3413,0.6304675716440423,0.45000195000951,4,4,1,No difference
group_3410,0.9999999999999999,1.104632202674828,5,3,1,Enriched in Strong
dnaC~~~dnaC_2,0.6304675716440423,0.45000195000951,4,4,1,No difference
group_3360,0.14479638009049767,0.16951647251632798,3,5,1,Enriched in Weak
group_3353,0.14479638009049767,0.16951647251632798,3,5,1,Enriched in Weak
group_3344,0.6304675716440423,0.45000195000951,4,4,1,No difference
dnaB_2~~~dnaB_1~~~dnaC_2,0.6304675716440423,0.45000195000951,4,4,1,No difference
rcsC_3~~~rcsC_8,0.6304675716440423,0.45000195000951,4,4,1,No difference
smf1_1~~~smf1_2,0.6304675716440423,0.45000195000951,4,4,1,No difference
group_3320,0.14479638009049767,0.16951647251632798,3,5,1,Enriched in Weak
group_3308,0.6304675716440423,0.45000195000951,4,4,1,No difference
group_3292,0.6304675716440423,0.45000195000951,4,4,1,No difference
group_3290,0.6304675716440423,0.45000195000951,4,4,1,No difference
group_3276,0.9999999999999999,1.104632202674828,5,3,1,Enriched in Strong
rcsC_2~~~rcsC_7,0.6304675716440423,0.45000195000951,4,4,1,No difference
group_3227,0.9999999999999999,1.104632202674828,5,3,1,Enriched in Strong
group_3182,0.14479638009049767,0.16951647251632798,3,5,1,Enriched in Weak
mrkD,0.6304675716440423,0.45000195000951,4,4,1,No difference
group_3143,0.6304675716440423,0.45000195000951,4,4,1,No difference
group_3135,0.9999999999999999,1.104632202674828,5,3,1,Enriched in Strong
group_3132,0.6304675716440423,0.45000195000951,4,4,1,No difference
lexA_4,0.6304675716440423,0.45000195000951,4,4,1,No difference
ephA_1,0.6304675716440423,0.45000195000951,4,4,1,No difference
group_2961,0.14479638009049767,0.16951647251632798,3,5,1,Enriched in Weak
group_2925,0.9999999999999999,1.104632202674828,5,3,1,Enriched in Strong
group_2469,0.14479638009049767,0.16951647251632798,3,5,1,Enriched in Weak
group_2350,0.14479638009049767,0.16951647251632798,3,5,1,Enriched in Weak
group_2190,0.6304675716440423,0.45000195000951,4,4,1,No difference
pdeR,0.6304675716440423,0.45000195000951,4,4,1,No difference
group_1898,0.6304675716440423,0.45000195000951,4,4,1,No difference
group_1828,0.6304675716440423,0.45000195000951,4,4,1,No difference
group_1516,0.14479638009049767,0.16951647251632798,3,5,1,Enriched in Weak
nreC,0.6304675716440423,0.45000195000951,4,4,1,No difference
rcsB_1,0.6304675716440423,0.45000195000951,4,4,1,No difference
group_412,0.14479638009049767,0.16951647251632798,3,5,1,Enriched in Weak
group_393,0.6304675716440423,0.45000195000951,4,4,1,No difference
htrE_1,0.6304675716440423,0.45000195000951,4,4,1,No difference
group_4332,0.31561085972850683,4.5892868785941205,5,1,1,Enriched in Strong
group_4331,0.31561085972850683,4.5892868785941205,5,1,1,Enriched in Strong
group_4330,0.31561085972850683,4.5892868785941205,5,1,1,Enriched in Strong
group_3937,0.33220211161387636,0.30370098145923147,3,4,1,Enriched in Weak
bin3,0.33220211161387636,0.30370098145923147,3,4,1,Enriched in Weak
group_3936,0.33220211161387636,0.30370098145923147,3,4,1,Enriched in Weak
group_3935,0.33220211161387636,0.30370098145923147,3,4,1,Enriched in Weak
group_3934,0.33220211161387636,0.30370098145923147,3,4,1,Enriched in Weak
group_3933,0.33220211161387636,0.30370098145923147,3,4,1,Enriched in Weak
group_3931,0.33220211161387636,0.30370098145923147,3,4,1,Enriched in Weak
group_3930,0.33220211161387636,0.30370098145923147,3,4,1,Enriched in Weak
group_3929,0.33220211161387636,0.30370098145923147,3,4,1,Enriched in Weak
group_3928,0.33220211161387636,0.30370098145923147,3,4,1,Enriched in Weak
recD_2,0.33220211161387636,0.30370098145923147,3,4,1,Enriched in Weak
group_3926,0.33220211161387636,0.30370098145923147,3,4,1,Enriched in Weak
group_3925,0.33220211161387636,0.30370098145923147,3,4,1,Enriched in Weak
group_3924,0.33220211161387636,0.30370098145923147,3,4,1,Enriched in Weak
group_3922,0.33220211161387636,0.30370098145923147,3,4,1,Enriched in Weak
group_3921,0.33220211161387636,0.30370098145923147,3,4,1,Enriched in Weak
group_3920,0.33220211161387636,0.30370098145923147,3,4,1,Enriched in Weak
group_3919,0.33220211161387636,0.30370098145923147,3,4,1,Enriched in Weak
group_3918,0.33220211161387636,0.30370098145923147,3,4,1,Enriched in Weak
group_3916,0.33220211161387636,0.30370098145923147,3,4,1,Enriched in Weak
group_3915,0.33220211161387636,0.30370098145923147,3,4,1,Enriched in Weak
group_3913,0.33220211161387636,0.30370098145923147,3,4,1,Enriched in Weak
soj_3,0.33220211161387636,0.30370098145923147,3,4,1,Enriched in Weak
group_3912,0.33220211161387636,0.30370098145923147,3,4,1,Enriched in Weak
umuC,0.33220211161387636,0.30370098145923147,3,4,1,Enriched in Weak
group_3910,0.33220211161387636,0.30370098145923147,3,4,1,Enriched in Weak
group_3909,0.33220211161387636,0.30370098145923147,3,4,1,Enriched in Weak
group_3908,0.33220211161387636,0.30370098145923147,3,4,1,Enriched in Weak
group_3906,0.33220211161387636,0.30370098145923147,3,4,1,Enriched in Weak
group_3905,0.33220211161387636,0.30370098145923147,3,4,1,Enriched in Weak
group_3904,0.33220211161387636,0.30370098145923147,3,4,1,Enriched in Weak
group_3903,0.33220211161387636,0.30370098145923147,3,4,1,Enriched in Weak
virB9,0.33220211161387636,0.30370098145923147,3,4,1,Enriched in Weak
noc~~~noc_3,0.33220211161387636,0.30370098145923147,3,4,1,Enriched in Weak
virB4,0.33220211161387636,0.30370098145923147,3,4,1,Enriched in Weak
group_3901,0.33220211161387636,0.30370098145923147,3,4,1,Enriched in Weak
group_3900,0.33220211161387636,0.30370098145923147,3,4,1,Enriched in Weak
umuD_2,0.33220211161387636,0.30370098145923147,3,4,1,Enriched in Weak
group_3897,0.33220211161387636,0.30370098145923147,3,4,1,Enriched in Weak
group_3896,0.33220211161387636,0.30370098145923147,3,4,1,Enriched in Weak
group_3895,0.33220211161387636,0.30370098145923147,3,4,1,Enriched in Weak
group_3894,0.33220211161387636,0.30370098145923147,3,4,1,Enriched in Weak
group_3893,0.33220211161387636,0.30370098145923147,3,4,1,Enriched in Weak
group_3891,0.33220211161387636,0.30370098145923147,3,4,1,Enriched in Weak
group_3890,0.33220211161387636,0.30370098145923147,3,4,1,Enriched in Weak
group_3889,0.33220211161387636,0.30370098145923147,3,4,1,Enriched in Weak
ssb_2,0.33220211161387636,0.30370098145923147,3,4,1,Enriched in Weak
group_3678,0.6370663650075414,2.0005886840357303,5,2,1,Enriched in Strong
group_3643,0.03770739064856711,Inf,6,0,1,Enriched in Strong
group_3529,0.31561085972850683,4.5892868785941205,5,1,1,Enriched in Strong
group_3496,0.6370663650075414,2.0005886840357303,5,2,1,Enriched in Strong
group_3434,0.33220211161387636,0.30370098145923147,3,4,1,Enriched in Weak
group_3433,0.33220211161387636,0.30370098145923147,3,4,1,Enriched in Weak
group_3425,0.31561085972850683,4.5892868785941205,5,1,1,Enriched in Strong
group_3423,0.31561085972850683,4.5892868785941205,5,1,1,Enriched in Strong
group_3409,0.03770739064856711,Inf,6,0,1,Enriched in Strong
group_3408,0.03770739064856711,Inf,6,0,1,Enriched in Strong
group_3407,0.03770739064856711,Inf,6,0,1,Enriched in Strong
group_3406,0.03770739064856711,Inf,6,0,1,Enriched in Strong
group_3405,0.03770739064856711,Inf,6,0,1,Enriched in Strong
group_3402,0.31561085972850683,4.5892868785941205,5,1,1,Enriched in Strong
group_3401,0.31561085972850683,4.5892868785941205,5,1,1,Enriched in Strong
group_3399,0.03770739064856711,Inf,6,0,1,Enriched in Strong
group_3396,0.31561085972850683,4.5892868785941205,5,1,1,Enriched in Strong
group_3393,0.31561085972850683,4.5892868785941205,5,1,1,Enriched in Strong
group_3388,0.31561085972850683,4.5892868785941205,5,1,1,Enriched in Strong
group_3386,0.33220211161387636,0.30370098145923147,3,4,1,Enriched in Weak
group_3385,0.33220211161387636,0.30370098145923147,3,4,1,Enriched in Weak
group_3383,0.33220211161387636,0.30370098145923147,3,4,1,Enriched in Weak
group_3381,0.33220211161387636,0.30370098145923147,3,4,1,Enriched in Weak
group_3376,0.33220211161387636,0.30370098145923147,3,4,1,Enriched in Weak
group_3374,0.31561085972850683,4.5892868785941205,5,1,1,Enriched in Strong
group_3373,0.31561085972850683,4.5892868785941205,5,1,1,Enriched in Strong
group_3369,0.33220211161387636,0.30370098145923147,3,4,1,Enriched in Weak
group_3366,0.31561085972850683,4.5892868785941205,5,1,1,Enriched in Strong
group_3365,0.31561085972850683,4.5892868785941205,5,1,1,Enriched in Strong
group_3362,0.31561085972850683,4.5892868785941205,5,1,1,Enriched in Strong
group_3361,0.03770739064856711,Inf,6,0,1,Enriched in Strong
group_3358,0.33220211161387636,0.30370098145923147,3,4,1,Enriched in Weak
group_3352,0.31561085972850683,4.5892868785941205,5,1,1,Enriched in Strong
group_3350,0.31561085972850683,4.5892868785941205,5,1,1,Enriched in Strong
group_3349,0.33220211161387636,0.30370098145923147,3,4,1,Enriched in Weak
yscU_3~~~yscU_1,0.31561085972850683,4.5892868785941205,5,1,1,Enriched in Strong
group_3346,0.33220211161387636,0.30370098145923147,3,4,1,Enriched in Weak
group_3345,0.31561085972850683,4.5892868785941205,5,1,1,Enriched in Strong
group_3343,0.33220211161387636,0.30370098145923147,3,4,1,Enriched in Weak
group_3339,0.03770739064856711,Inf,6,0,1,Enriched in Strong
group_3333,0.33220211161387636,0.30370098145923147,3,4,1,Enriched in Weak
group_3318,0.31561085972850683,4.5892868785941205,5,1,1,Enriched in Strong
group_3317,0.31561085972850683,4.5892868785941205,5,1,1,Enriched in Strong
intA~~~intA_3,0.03770739064856711,Inf,6,0,1,Enriched in Strong
group_3311,0.31561085972850683,4.5892868785941205,5,1,1,Enriched in Strong
group_3310,0.33220211161387636,0.30370098145923147,3,4,1,Enriched in Weak
group_3309,0.33220211161387636,0.30370098145923147,3,4,1,Enriched in Weak
spaP_2~~~spaP_1,0.31561085972850683,4.5892868785941205,5,1,1,Enriched in Strong
group_3306,0.31561085972850683,4.5892868785941205,5,1,1,Enriched in Strong
group_3304,0.33220211161387636,0.30370098145923147,3,4,1,Enriched in Weak
rcsC_24~~~rcsC_1,0.31561085972850683,4.5892868785941205,5,1,1,Enriched in Strong
group_3295,0.33220211161387636,0.30370098145923147,3,4,1,Enriched in Weak
group_3293,0.31561085972850683,4.5892868785941205,5,1,1,Enriched in Strong
group_3287,0.33220211161387636,0.30370098145923147,3,4,1,Enriched in Weak
group_3284,0.33220211161387636,0.30370098145923147,3,4,1,Enriched in Weak
group_3283,0.33220211161387636,0.30370098145923147,3,4,1,Enriched in Weak
group_3271,0.33220211161387636,0.30370098145923147,3,4,1,Enriched in Weak
group_3265,0.31561085972850683,4.5892868785941205,5,1,1,Enriched in Strong
group_3255,0.03770739064856711,Inf,6,0,1,Enriched in Strong
group_3254,0.03770739064856711,Inf,6,0,1,Enriched in Strong
group_3209,0.31561085972850683,4.5892868785941205,5,1,1,Enriched in Strong
rhaS_8~~~rhaS_2,0.31561085972850683,4.5892868785941205,5,1,1,Enriched in Strong
group_3201,0.33220211161387636,0.30370098145923147,3,4,1,Enriched in Weak
group_3181,0.33220211161387636,0.30370098145923147,3,4,1,Enriched in Weak
group_3171,0.03770739064856711,Inf,6,0,1,Enriched in Strong
group_3164,0.31561085972850683,4.5892868785941205,5,1,1,Enriched in Strong
group_3155,0.31561085972850683,4.5892868785941205,5,1,1,Enriched in Strong
yscN_2~~~yscN_1,0.31561085972850683,4.5892868785941205,5,1,1,Enriched in Strong
group_3138,0.33220211161387636,0.30370098145923147,3,4,1,Enriched in Weak
group_3136,0.33220211161387636,0.30370098145923147,3,4,1,Enriched in Weak
tri1_1,0.6370663650075414,2.0005886840357303,5,2,1,Enriched in Strong
group_3121,0.33220211161387636,0.30370098145923147,3,4,1,Enriched in Weak
group_3105,0.33220211161387636,0.30370098145923147,3,4,1,Enriched in Weak
group_3097,0.33220211161387636,0.30370098145923147,3,4,1,Enriched in Weak
group_3082,0.33220211161387636,0.30370098145923147,3,4,1,Enriched in Weak
group_3065,0.31561085972850683,4.5892868785941205,5,1,1,Enriched in Strong
group_3039,0.33220211161387636,0.30370098145923147,3,4,1,Enriched in Weak
group_3038,0.33220211161387636,0.30370098145923147,3,4,1,Enriched in Weak
nanT_1~~~naiP_1,0.31561085972850683,4.5892868785941205,5,1,1,Enriched in Strong
group_3013,0.31561085972850683,4.5892868785941205,5,1,1,Enriched in Strong
group_2966,0.33220211161387636,0.30370098145923147,3,4,1,Enriched in Weak
group_2938,0.31561085972850683,4.5892868785941205,5,1,1,Enriched in Strong
group_2936,0.31561085972850683,4.5892868785941205,5,1,1,Enriched in Strong
group_2935,0.31561085972850683,4.5892868785941205,5,1,1,Enriched in Strong
group_2919,0.04911387631975869,0.10584464084524207,2,5,1,Enriched in Weak
group_2893,0.31561085972850683,4.5892868785941205,5,1,1,Enriched in Strong
group_2848,0.31561085972850683,4.5892868785941205,5,1,1,Enriched in Strong
group_2818,0.31561085972850683,4.5892868785941205,5,1,1,Enriched in Strong
group_2774,0.33220211161387636,0.30370098145923147,3,4,1,Enriched in Weak
group_2735,0.31561085972850683,4.5892868785941205,5,1,1,Enriched in Strong
group_2734,0.31561085972850683,4.5892868785941205,5,1,1,Enriched in Strong
group_2671,0.31561085972850683,4.5892868785941205,5,1,1,Enriched in Strong
group_2670,0.31561085972850683,4.5892868785941205,5,1,1,Enriched in Strong
group_2639,0.33220211161387636,0.30370098145923147,3,4,1,Enriched in Weak
group_2627,0.33220211161387636,0.30370098145923147,3,4,1,Enriched in Weak
group_2593,0.33220211161387636,0.30370098145923147,3,4,1,Enriched in Weak
group_2581,0.31561085972850683,4.5892868785941205,5,1,1,Enriched in Strong
group_2551,0.9999999999999999,0.7736247612523403,4,3,1,Enriched in Strong
spaQ,0.31561085972850683,4.5892868785941205,5,1,1,Enriched in Strong
group_2321,0.03770739064856711,Inf,6,0,1,Enriched in Strong
group_2315,0.31561085972850683,4.5892868785941205,5,1,1,Enriched in Strong
group_2283,0.33220211161387636,0.30370098145923147,3,4,1,Enriched in Weak
group_2282,0.33220211161387636,0.30370098145923147,3,4,1,Enriched in Weak
group_2281,0.33220211161387636,0.30370098145923147,3,4,1,Enriched in Weak
group_2193,0.31561085972850683,4.5892868785941205,5,1,1,Enriched in Strong
group_2096,0.31561085972850683,4.5892868785941205,5,1,1,Enriched in Strong
group_2064,0.33220211161387636,0.30370098145923147,3,4,1,Enriched in Weak
group_2052,0.31561085972850683,4.5892868785941205,5,1,1,Enriched in Strong
group_1971,0.9999999999999999,0.7736247612523403,4,3,1,Enriched in Strong
group_1936,0.33220211161387636,0.30370098145923147,3,4,1,Enriched in Weak
group_1855,0.33220211161387636,0.30370098145923147,3,4,1,Enriched in Weak
group_1845,0.33220211161387636,0.30370098145923147,3,4,1,Enriched in Weak
group_1763,0.33220211161387636,0.30370098145923147,3,4,1,Enriched in Weak
group_1741,0.31561085972850683,4.5892868785941205,5,1,1,Enriched in Strong
group_1619,0.33220211161387636,0.30370098145923147,3,4,1,Enriched in Weak
group_1569,0.33220211161387636,0.30370098145923147,3,4,1,Enriched in Weak
group_1464,0.31561085972850683,4.5892868785941205,5,1,1,Enriched in Strong
group_1420,0.31561085972850683,4.5892868785941205,5,1,1,Enriched in Strong
osmW_2,0.31561085972850683,4.5892868785941205,5,1,1,Enriched in Strong
group_1325,0.03770739064856711,Inf,6,0,1,Enriched in Strong
group_1162,0.33220211161387636,0.30370098145923147,3,4,1,Enriched in Weak
group_1147,0.31561085972850683,4.5892868785941205,5,1,1,Enriched in Strong
group_1141,0.33220211161387636,0.30370098145923147,3,4,1,Enriched in Weak
group_1128,0.31561085972850683,4.5892868785941205,5,1,1,Enriched in Strong
prtR_1,0.33220211161387636,0.30370098145923147,3,4,1,Enriched in Weak
group_1083,0.31561085972850683,4.5892868785941205,5,1,1,Enriched in Strong
group_1025,0.31561085972850683,4.5892868785941205,5,1,1,Enriched in Strong
hyuA_2,0.31561085972850683,4.5892868785941205,5,1,1,Enriched in Strong
osmX_2,0.31561085972850683,4.5892868785941205,5,1,1,Enriched in Strong
group_905,0.31561085972850683,4.5892868785941205,5,1,1,Enriched in Strong
group_900,0.31561085972850683,4.5892868785941205,5,1,1,Enriched in Strong
group_889,0.31561085972850683,4.5892868785941205,5,1,1,Enriched in Strong
tri1_2,0.31561085972850683,4.5892868785941205,5,1,1,Enriched in Strong
group_846,0.31561085972850683,4.5892868785941205,5,1,1,Enriched in Strong
leuA_2,0.31561085972850683,4.5892868785941205,5,1,1,Enriched in Strong
group_663,0.31561085972850683,4.5892868785941205,5,1,1,Enriched in Strong
group_642,0.31561085972850683,4.5892868785941205,5,1,1,Enriched in Strong
group_575,0.33220211161387636,0.30370098145923147,3,4,1,Enriched in Weak
osmV_2,0.31561085972850683,4.5892868785941205,5,1,1,Enriched in Strong
group_562,0.31561085972850683,4.5892868785941205,5,1,1,Enriched in Strong
group_559,0.9999999999999999,0.7736247612523403,4,3,1,Enriched in Strong
pntAA_1,0.31561085972850683,4.5892868785941205,5,1,1,Enriched in Strong
group_531,0.33220211161387636,0.30370098145923147,3,4,1,Enriched in Weak
pntB_1,0.31561085972850683,4.5892868785941205,5,1,1,Enriched in Strong
sctC_2,0.31561085972850683,4.5892868785941205,5,1,1,Enriched in Strong
sseC,0.31561085972850683,4.5892868785941205,5,1,1,Enriched in Strong
apc4,0.31561085972850683,4.5892868785941205,5,1,1,Enriched in Strong
group_227,0.03770739064856711,Inf,6,0,1,Enriched in Strong
shlB_1,0.31561085972850683,4.5892868785941205,5,1,1,Enriched in Strong
group_161,0.31561085972850683,4.5892868785941205,5,1,1,Enriched in Strong
ssaV_1,0.31561085972850683,4.5892868785941205,5,1,1,Enriched in Strong
apc3,0.31561085972850683,4.5892868785941205,5,1,1,Enriched in Strong
group_109,0.9999999999999999,0.7736247612523403,4,3,1,Enriched in Strong
group_88,0.31561085972850683,4.5892868785941205,5,1,1,Enriched in Strong
group_4338,0.10130718954248366,Inf,5,0,1,Enriched in Strong
group_4336,0.10130718954248366,Inf,5,0,1,Enriched in Strong
group_4335,0.10130718954248366,Inf,5,0,1,Enriched in Strong
group_4334,0.10130718954248366,Inf,5,0,1,Enriched in Strong
group_4333,0.10130718954248366,Inf,5,0,1,Enriched in Strong
group_3796,0.10130718954248366,Inf,5,0,1,Enriched in Strong
group_3794,0.10130718954248366,Inf,5,0,1,Enriched in Strong
group_3792,0.10130718954248366,Inf,5,0,1,Enriched in Strong
group_3790,0.10130718954248366,Inf,5,0,1,Enriched in Strong
group_3789,0.10130718954248366,Inf,5,0,1,Enriched in Strong
group_3786,0.10130718954248366,Inf,5,0,1,Enriched in Strong
group_3785,0.10130718954248366,Inf,5,0,1,Enriched in Strong
group_3784,0.10130718954248366,Inf,5,0,1,Enriched in Strong
group_3781,0.10130718954248366,Inf,5,0,1,Enriched in Strong
group_3775,0.10130718954248366,Inf,5,0,1,Enriched in Strong
group_3774,0.10130718954248366,Inf,5,0,1,Enriched in Strong
group_3773,0.10130718954248366,Inf,5,0,1,Enriched in Strong
group_3772,0.10130718954248366,Inf,5,0,1,Enriched in Strong
addA_2,0.10130718954248366,Inf,5,0,1,Enriched in Strong
group_3766,0.10130718954248366,Inf,5,0,1,Enriched in Strong
group_3765,0.10130718954248366,Inf,5,0,1,Enriched in Strong
group_3764,0.10130718954248366,Inf,5,0,1,Enriched in Strong
group_3763,0.10130718954248366,Inf,5,0,1,Enriched in Strong
recF_3,0.10130718954248366,Inf,5,0,1,Enriched in Strong
group_3761,0.10130718954248366,Inf,5,0,1,Enriched in Strong
group_3758,0.10130718954248366,Inf,5,0,1,Enriched in Strong
cusR_1,0.10130718954248366,Inf,5,0,1,Enriched in Strong
group_3754,0.10130718954248366,Inf,5,0,1,Enriched in Strong
group_3745,0.10130718954248366,Inf,5,0,1,Enriched in Strong
group_3744,0.10130718954248366,Inf,5,0,1,Enriched in Strong
group_3743,0.10130718954248366,Inf,5,0,1,Enriched in Strong
group_3742,0.10130718954248366,Inf,5,0,1,Enriched in Strong
cheB_5,0.10130718954248366,Inf,5,0,1,Enriched in Strong
actP_2,0.10130718954248366,Inf,5,0,1,Enriched in Strong
group_3741,0.10130718954248366,Inf,5,0,1,Enriched in Strong
group_3738,0.10130718954248366,Inf,5,0,1,Enriched in Strong
group_3736,0.10130718954248366,Inf,5,0,1,Enriched in Strong
group_3735,0.10130718954248366,Inf,5,0,1,Enriched in Strong
group_3731,0.10130718954248366,Inf,5,0,1,Enriched in Strong
nhaK_1,0.10130718954248366,Inf,5,0,1,Enriched in Strong
group_3729,0.10130718954248366,Inf,5,0,1,Enriched in Strong
group_3722,0.10130718954248366,Inf,5,0,1,Enriched in Strong
group_3721,0.10130718954248366,Inf,5,0,1,Enriched in Strong
group_3720,0.10130718954248366,Inf,5,0,1,Enriched in Strong
rcsC_30,0.10130718954248366,Inf,5,0,1,Enriched in Strong
group_3718,0.10130718954248366,Inf,5,0,1,Enriched in Strong
group_3716,0.10130718954248366,Inf,5,0,1,Enriched in Strong
group_3715,0.10130718954248366,Inf,5,0,1,Enriched in Strong
group_3714,0.10130718954248366,Inf,5,0,1,Enriched in Strong
group_3713,0.10130718954248366,Inf,5,0,1,Enriched in Strong
group_3712,0.10130718954248366,Inf,5,0,1,Enriched in Strong
group_3711,0.10130718954248366,Inf,5,0,1,Enriched in Strong
group_3708,0.10130718954248366,Inf,5,0,1,Enriched in Strong
group_3707,0.10130718954248366,Inf,5,0,1,Enriched in Strong
group_3706,0.10130718954248366,Inf,5,0,1,Enriched in Strong
group_3593,0.10130718954248366,Inf,5,0,1,Enriched in Strong
group_3332,1.0000000000000002,1.4008561628039964,4,2,1,Enriched in Strong
group_3324,1.0000000000000002,1.4008561628039964,4,2,1,Enriched in Strong
group_3316,1.0000000000000002,1.4008561628039964,4,2,1,Enriched in Strong
group_3281,0.6266968325791856,0.5204165825214591,3,3,1,No difference
group_3272,1.0000000000000002,1.4008561628039964,4,2,1,Enriched in Strong
group_3125,0.6266968325791856,0.5204165825214591,3,3,1,No difference
group_3124,0.10130718954248366,Inf,5,0,1,Enriched in Strong
group_3119,0.10130718954248366,Inf,5,0,1,Enriched in Strong
group_3063,0.10130718954248366,Inf,5,0,1,Enriched in Strong
group_3041,0.10130718954248366,Inf,5,0,1,Enriched in Strong
group_3034,0.10130718954248366,Inf,5,0,1,Enriched in Strong
dmlR_20,0.10130718954248366,Inf,5,0,1,Enriched in Strong
group_2957,0.10130718954248366,Inf,5,0,1,Enriched in Strong
group_2928,0.6266968325791856,0.5204165825214591,3,3,1,No difference
fbp_2~~~fbp_1,1.0000000000000002,1.4008561628039964,4,2,1,Enriched in Strong
group_2900,0.6266968325791856,0.5204165825214591,3,3,1,No difference
group_2891,0.10130718954248366,Inf,5,0,1,Enriched in Strong
group_2881,0.10130718954248366,Inf,5,0,1,Enriched in Strong
group_2872,0.10130718954248366,Inf,5,0,1,Enriched in Strong
group_2867,0.10130718954248366,Inf,5,0,1,Enriched in Strong
group_2860,0.10130718954248366,Inf,5,0,1,Enriched in Strong
group_2847,0.10130718954248366,Inf,5,0,1,Enriched in Strong
group_2845,0.10130718954248366,Inf,5,0,1,Enriched in Strong
group_2842,0.10130718954248366,Inf,5,0,1,Enriched in Strong
group_2837,0.10130718954248366,Inf,5,0,1,Enriched in Strong
group_2831,0.10130718954248366,Inf,5,0,1,Enriched in Strong
group_2811,0.10130718954248366,Inf,5,0,1,Enriched in Strong
group_2797,0.10130718954248366,Inf,5,0,1,Enriched in Strong
group_2796,0.10130718954248366,Inf,5,0,1,Enriched in Strong
group_2758,0.10130718954248366,Inf,5,0,1,Enriched in Strong
group_2747,0.10130718954248366,Inf,5,0,1,Enriched in Strong
group_2729,0.10130718954248366,Inf,5,0,1,Enriched in Strong
group_2711,0.10130718954248366,Inf,5,0,1,Enriched in Strong
group_2698,0.10130718954248366,Inf,5,0,1,Enriched in Strong
group_2689,0.10130718954248366,Inf,5,0,1,Enriched in Strong
group_2653,1.0000000000000002,1.4008561628039964,4,2,1,Enriched in Strong
group_2632,0.10130718954248366,Inf,5,0,1,Enriched in Strong
group_2623,0.6266968325791856,0.5204165825214591,3,3,1,No difference
group_2619,0.10130718954248366,Inf,5,0,1,Enriched in Strong
group_2608,0.10130718954248366,Inf,5,0,1,Enriched in Strong
group_2601,0.10130718954248366,Inf,5,0,1,Enriched in Strong
group_2600,0.10130718954248366,Inf,5,0,1,Enriched in Strong
group_2599,0.10130718954248366,Inf,5,0,1,Enriched in Strong
group_2598,0.10130718954248366,Inf,5,0,1,Enriched in Strong
group_2573,0.10130718954248366,Inf,5,0,1,Enriched in Strong
group_2572,0.10130718954248366,Inf,5,0,1,Enriched in Strong
group_2560,0.10130718954248366,Inf,5,0,1,Enriched in Strong
group_2559,0.10130718954248366,Inf,5,0,1,Enriched in Strong
group_2542,0.10130718954248366,Inf,5,0,1,Enriched in Strong
group_2535,0.10130718954248366,Inf,5,0,1,Enriched in Strong
group_2534,0.10130718954248366,Inf,5,0,1,Enriched in Strong
group_2533,0.10130718954248366,Inf,5,0,1,Enriched in Strong
group_2518,0.10130718954248366,Inf,5,0,1,Enriched in Strong
group_2517,0.10130718954248366,Inf,5,0,1,Enriched in Strong
group_2516,0.10130718954248366,Inf,5,0,1,Enriched in Strong
group_2515,0.10130718954248366,Inf,5,0,1,Enriched in Strong
group_2506,0.10130718954248366,Inf,5,0,1,Enriched in Strong
group_2505,0.10130718954248366,Inf,5,0,1,Enriched in Strong
group_2492,0.10130718954248366,Inf,5,0,1,Enriched in Strong
group_2491,0.10130718954248366,Inf,5,0,1,Enriched in Strong
group_2475,0.10130718954248366,Inf,5,0,1,Enriched in Strong
group_2451,0.10130718954248366,Inf,5,0,1,Enriched in Strong
group_2450,0.10130718954248366,Inf,5,0,1,Enriched in Strong
group_2437,0.10130718954248366,Inf,5,0,1,Enriched in Strong
group_2413,0.10130718954248366,Inf,5,0,1,Enriched in Strong
group_2385,0.10130718954248366,Inf,5,0,1,Enriched in Strong
group_2384,0.10130718954248366,Inf,5,0,1,Enriched in Strong
group_2362,0.10130718954248366,Inf,5,0,1,Enriched in Strong
group_2361,0.10130718954248366,Inf,5,0,1,Enriched in Strong
ybcO,0.10130718954248366,Inf,5,0,1,Enriched in Strong
group_2354,0.10130718954248366,Inf,5,0,1,Enriched in Strong
group_2345,0.10130718954248366,Inf,5,0,1,Enriched in Strong
group_2339,0.10130718954248366,Inf,5,0,1,Enriched in Strong
group_2338,0.10130718954248366,Inf,5,0,1,Enriched in Strong
group_2329,0.10130718954248366,Inf,5,0,1,Enriched in Strong
group_2328,0.10130718954248366,Inf,5,0,1,Enriched in Strong
group_2317,0.10130718954248366,Inf,5,0,1,Enriched in Strong
group_2316,0.10130718954248366,Inf,5,0,1,Enriched in Strong
group_2298,0.10130718954248366,Inf,5,0,1,Enriched in Strong
group_2291,0.10130718954248366,Inf,5,0,1,Enriched in Strong
group_2290,0.10130718954248366,Inf,5,0,1,Enriched in Strong
group_2289,0.10130718954248366,Inf,5,0,1,Enriched in Strong
group_2284,0.10130718954248366,Inf,5,0,1,Enriched in Strong
group_2275,0.10130718954248366,Inf,5,0,1,Enriched in Strong
group_2274,0.10130718954248366,Inf,5,0,1,Enriched in Strong
group_2265,0.10130718954248366,Inf,5,0,1,Enriched in Strong
group_2245,0.10130718954248366,Inf,5,0,1,Enriched in Strong
group_2231,0.10130718954248366,Inf,5,0,1,Enriched in Strong
group_2230,0.10130718954248366,Inf,5,0,1,Enriched in Strong
group_2218,0.10130718954248366,Inf,5,0,1,Enriched in Strong
group_2217,0.10130718954248366,Inf,5,0,1,Enriched in Strong
group_2216,0.10130718954248366,Inf,5,0,1,Enriched in Strong
group_2195,0.10130718954248366,Inf,5,0,1,Enriched in Strong
group_2194,0.10130718954248366,Inf,5,0,1,Enriched in Strong
group_2160,0.10130718954248366,Inf,5,0,1,Enriched in Strong
group_2159,0.10130718954248366,Inf,5,0,1,Enriched in Strong
group_2158,0.10130718954248366,Inf,5,0,1,Enriched in Strong
group_2157,0.10130718954248366,Inf,5,0,1,Enriched in Strong
group_2143,0.10130718954248366,Inf,5,0,1,Enriched in Strong
group_2131,0.10130718954248366,Inf,5,0,1,Enriched in Strong
group_2130,0.10130718954248366,Inf,5,0,1,Enriched in Strong
group_2129,0.10130718954248366,Inf,5,0,1,Enriched in Strong
group_2125,0.10130718954248366,Inf,5,0,1,Enriched in Strong
group_2124,0.10130718954248366,Inf,5,0,1,Enriched in Strong
group_2109,0.10130718954248366,Inf,5,0,1,Enriched in Strong
group_2108,0.10130718954248366,Inf,5,0,1,Enriched in Strong
group_2097,0.10130718954248366,Inf,5,0,1,Enriched in Strong
group_2088,0.10130718954248366,Inf,5,0,1,Enriched in Strong
group_2075,0.10130718954248366,Inf,5,0,1,Enriched in Strong
group_2061,0.10130718954248366,Inf,5,0,1,Enriched in Strong
group_2051,0.10130718954248366,Inf,5,0,1,Enriched in Strong
group_2039,0.10130718954248366,Inf,5,0,1,Enriched in Strong
group_2007,0.10130718954248366,Inf,5,0,1,Enriched in Strong
group_2002,0.10130718954248366,Inf,5,0,1,Enriched in Strong
group_1993,0.10130718954248366,Inf,5,0,1,Enriched in Strong
group_1992,0.10130718954248366,Inf,5,0,1,Enriched in Strong
group_1982,0.10130718954248366,Inf,5,0,1,Enriched in Strong
group_1961,0.10130718954248366,Inf,5,0,1,Enriched in Strong
group_1950,0.10130718954248366,Inf,5,0,1,Enriched in Strong
group_1946,1.0000000000000002,1.4008561628039964,4,2,1,Enriched in Strong
group_1939,0.10130718954248366,Inf,5,0,1,Enriched in Strong
group_1938,0.10130718954248366,Inf,5,0,1,Enriched in Strong
group_1919,0.10130718954248366,Inf,5,0,1,Enriched in Strong
group_1906,0.10130718954248366,Inf,5,0,1,Enriched in Strong
group_1905,0.10130718954248366,Inf,5,0,1,Enriched in Strong
group_1895,0.10130718954248366,Inf,5,0,1,Enriched in Strong
group_1884,0.10130718954248366,Inf,5,0,1,Enriched in Strong
group_1866,0.10130718954248366,Inf,5,0,1,Enriched in Strong
group_1847,0.10130718954248366,Inf,5,0,1,Enriched in Strong
group_1841,0.10130718954248366,Inf,5,0,1,Enriched in Strong
slyA_2,0.10130718954248366,Inf,5,0,1,Enriched in Strong
group_1816,0.10130718954248366,Inf,5,0,1,Enriched in Strong
group_1798,0.10130718954248366,Inf,5,0,1,Enriched in Strong
group_1797,0.10130718954248366,Inf,5,0,1,Enriched in Strong
group_1765,0.10130718954248366,Inf,5,0,1,Enriched in Strong
group_1764,0.10130718954248366,Inf,5,0,1,Enriched in Strong
group_1743,0.10130718954248366,Inf,5,0,1,Enriched in Strong
group_1742,0.10130718954248366,Inf,5,0,1,Enriched in Strong
group_1731,0.10130718954248366,Inf,5,0,1,Enriched in Strong
group_1722,0.10130718954248366,Inf,5,0,1,Enriched in Strong
group_1701,0.10130718954248366,Inf,5,0,1,Enriched in Strong
group_1688,0.10130718954248366,Inf,5,0,1,Enriched in Strong
group_1682,0.10130718954248366,Inf,5,0,1,Enriched in Strong
group_1663,0.10130718954248366,Inf,5,0,1,Enriched in Strong
group_1648,0.10130718954248366,Inf,5,0,1,Enriched in Strong
group_1647,0.10130718954248366,Inf,5,0,1,Enriched in Strong
group_1639,0.10130718954248366,Inf,5,0,1,Enriched in Strong
group_1638,0.10130718954248366,Inf,5,0,1,Enriched in Strong
group_1632,0.10130718954248366,Inf,5,0,1,Enriched in Strong
group_1621,0.10130718954248366,Inf,5,0,1,Enriched in Strong
group_1613,0.10130718954248366,Inf,5,0,1,Enriched in Strong
group_1601,0.10130718954248366,Inf,5,0,1,Enriched in Strong
group_1597,0.6266968325791856,0.5204165825214591,3,3,1,No difference
group_1581,0.10130718954248366,Inf,5,0,1,Enriched in Strong
group_1555,0.10130718954248366,Inf,5,0,1,Enriched in Strong
group_1523,0.10130718954248366,Inf,5,0,1,Enriched in Strong
group_1513,0.10130718954248366,Inf,5,0,1,Enriched in Strong
group_1508,0.10130718954248366,Inf,5,0,1,Enriched in Strong
group_1501,0.10130718954248366,Inf,5,0,1,Enriched in Strong
group_1490,0.10130718954248366,Inf,5,0,1,Enriched in Strong
group_1463,0.10130718954248366,Inf,5,0,1,Enriched in Strong
group_1462,0.10130718954248366,Inf,5,0,1,Enriched in Strong
group_1457,0.10130718954248366,Inf,5,0,1,Enriched in Strong
group_1435,0.10130718954248366,Inf,5,0,1,Enriched in Strong
group_1434,0.10130718954248366,Inf,5,0,1,Enriched in Strong
group_1433,0.10130718954248366,Inf,5,0,1,Enriched in Strong
group_1428,0.10130718954248366,Inf,5,0,1,Enriched in Strong
group_1427,0.10130718954248366,Inf,5,0,1,Enriched in Strong
group_1422,0.10130718954248366,Inf,5,0,1,Enriched in Strong
group_1421,0.10130718954248366,Inf,5,0,1,Enriched in Strong
group_1406,0.10130718954248366,Inf,5,0,1,Enriched in Strong
group_1405,0.10130718954248366,Inf,5,0,1,Enriched in Strong
group_1379,0.10130718954248366,Inf,5,0,1,Enriched in Strong
group_1359,0.10130718954248366,Inf,5,0,1,Enriched in Strong
group_1339,0.10130718954248366,Inf,5,0,1,Enriched in Strong
group_1334,0.10130718954248366,Inf,5,0,1,Enriched in Strong
group_1305,1.0000000000000002,1.4008561628039964,4,2,1,Enriched in Strong
group_1297,0.10130718954248366,Inf,5,0,1,Enriched in Strong
group_1278,0.10130718954248366,Inf,5,0,1,Enriched in Strong
group_1271,0.10130718954248366,Inf,5,0,1,Enriched in Strong
group_1252,0.10130718954248366,Inf,5,0,1,Enriched in Strong
group_1227,0.10130718954248366,Inf,5,0,1,Enriched in Strong
group_1226,0.10130718954248366,Inf,5,0,1,Enriched in Strong
group_1225,0.10130718954248366,Inf,5,0,1,Enriched in Strong
group_1212,0.10130718954248366,Inf,5,0,1,Enriched in Strong
group_1211,1.0000000000000002,1.4008561628039964,4,2,1,Enriched in Strong
prtR_3,0.10130718954248366,Inf,5,0,1,Enriched in Strong
group_1193,0.10130718954248366,Inf,5,0,1,Enriched in Strong
group_1187,0.10130718954248366,Inf,5,0,1,Enriched in Strong
kduD,0.6266968325791856,0.5204165825214591,3,3,1,No difference
group_1174,0.10130718954248366,Inf,5,0,1,Enriched in Strong
group_1164,0.10130718954248366,Inf,5,0,1,Enriched in Strong
group_1150,0.10130718954248366,Inf,5,0,1,Enriched in Strong
group_1142,0.10130718954248366,Inf,5,0,1,Enriched in Strong
group_1137,0.10130718954248366,Inf,5,0,1,Enriched in Strong
group_1122,0.10130718954248366,Inf,5,0,1,Enriched in Strong
group_1117,0.10130718954248366,Inf,5,0,1,Enriched in Strong
group_1096,0.10130718954248366,Inf,5,0,1,Enriched in Strong
group_1095,0.10130718954248366,Inf,5,0,1,Enriched in Strong
group_1084,0.10130718954248366,Inf,5,0,1,Enriched in Strong
group_1066,0.10130718954248366,Inf,5,0,1,Enriched in Strong
group_1052,0.10130718954248366,Inf,5,0,1,Enriched in Strong
group_1037,1.0000000000000002,1.4008561628039964,4,2,1,Enriched in Strong
group_1005,0.10130718954248366,Inf,5,0,1,Enriched in Strong
group_996,0.10130718954248366,Inf,5,0,1,Enriched in Strong
group_992,0.10130718954248366,Inf,5,0,1,Enriched in Strong
group_982,0.10130718954248366,Inf,5,0,1,Enriched in Strong
group_978,0.10130718954248366,Inf,5,0,1,Enriched in Strong
group_977,0.10130718954248366,Inf,5,0,1,Enriched in Strong
group_974,0.10130718954248366,Inf,5,0,1,Enriched in Strong
group_966,0.10130718954248366,Inf,5,0,1,Enriched in Strong
group_959,0.10130718954248366,Inf,5,0,1,Enriched in Strong
group_958,0.10130718954248366,Inf,5,0,1,Enriched in Strong
group_953,0.10130718954248366,Inf,5,0,1,Enriched in Strong
group_939,0.10130718954248366,Inf,5,0,1,Enriched in Strong
group_934,0.10130718954248366,Inf,5,0,1,Enriched in Strong
echA8_2,1.0000000000000002,1.4008561628039964,4,2,1,Enriched in Strong
group_920,0.10130718954248366,Inf,5,0,1,Enriched in Strong
group_919,0.10130718954248366,Inf,5,0,1,Enriched in Strong
group_883,0.10130718954248366,Inf,5,0,1,Enriched in Strong
group_882,1.0000000000000002,1.4008561628039964,4,2,1,Enriched in Strong
group_873,0.10130718954248366,Inf,5,0,1,Enriched in Strong
nodD2_4,0.10130718954248366,Inf,5,0,1,Enriched in Strong
group_865,0.10130718954248366,Inf,5,0,1,Enriched in Strong
moaA_2,0.10130718954248366,Inf,5,0,1,Enriched in Strong
group_845,0.10130718954248366,Inf,5,0,1,Enriched in Strong
group_835,0.10130718954248366,Inf,5,0,1,Enriched in Strong
group_822,0.10130718954248366,Inf,5,0,1,Enriched in Strong
group_806,0.10130718954248366,Inf,5,0,1,Enriched in Strong
group_805,0.10130718954248366,Inf,5,0,1,Enriched in Strong
nphR,0.6266968325791856,0.5204165825214591,3,3,1,No difference
group_782,0.10130718954248366,Inf,5,0,1,Enriched in Strong
group_776,0.10130718954248366,Inf,5,0,1,Enriched in Strong
group_742,0.10130718954248366,Inf,5,0,1,Enriched in Strong
group_711,0.10130718954248366,Inf,5,0,1,Enriched in Strong
group_707,0.10130718954248366,Inf,5,0,1,Enriched in Strong
group_705,0.10130718954248366,Inf,5,0,1,Enriched in Strong
ftsH_2,0.10130718954248366,Inf,5,0,1,Enriched in Strong
group_652,0.10130718954248366,Inf,5,0,1,Enriched in Strong
gutB,0.6266968325791856,0.5204165825214591,3,3,1,No difference
group_647,0.10130718954248366,Inf,5,0,1,Enriched in Strong
group_606,0.10130718954248366,Inf,5,0,1,Enriched in Strong
group_592,1.0000000000000002,1.4008561628039964,4,2,1,Enriched in Strong
tetX,0.10130718954248366,Inf,5,0,1,Enriched in Strong
group_566,0.10130718954248366,Inf,5,0,1,Enriched in Strong
group_555,0.10130718954248366,Inf,5,0,1,Enriched in Strong
group_538,0.10130718954248366,Inf,5,0,1,Enriched in Strong
group_537,0.10130718954248366,Inf,5,0,1,Enriched in Strong
group_526,0.10130718954248366,Inf,5,0,1,Enriched in Strong
rssB_1,0.10130718954248366,Inf,5,0,1,Enriched in Strong
intA_1,0.10130718954248366,Inf,5,0,1,Enriched in Strong
uctC_1,1.0000000000000002,1.4008561628039964,4,2,1,Enriched in Strong
pbuE_2,0.10130718954248366,Inf,5,0,1,Enriched in Strong
group_485,0.10130718954248366,Inf,5,0,1,Enriched in Strong
group_478,0.10130718954248366,Inf,5,0,1,Enriched in Strong
group_460,0.10130718954248366,Inf,5,0,1,Enriched in Strong
group_455,0.10130718954248366,Inf,5,0,1,Enriched in Strong
exuT_3,0.6266968325791856,0.5204165825214591,3,3,1,No difference
bspRIM,0.10130718954248366,Inf,5,0,1,Enriched in Strong
group_447,0.6266968325791856,0.5204165825214591,3,3,1,No difference
group_444,0.10130718954248366,Inf,5,0,1,Enriched in Strong
group_429,0.10130718954248366,Inf,5,0,1,Enriched in Strong
recF_2,0.10130718954248366,Inf,5,0,1,Enriched in Strong
group_362,0.10130718954248366,Inf,5,0,1,Enriched in Strong
group_360,0.10130718954248366,Inf,5,0,1,Enriched in Strong
group_351,0.10130718954248366,Inf,5,0,1,Enriched in Strong
group_345,0.10130718954248366,Inf,5,0,1,Enriched in Strong
group_315,0.10130718954248366,Inf,5,0,1,Enriched in Strong
group_310,0.10130718954248366,Inf,5,0,1,Enriched in Strong
group_308,0.10130718954248366,Inf,5,0,1,Enriched in Strong
group_298,0.10130718954248366,Inf,5,0,1,Enriched in Strong
group_286,0.10130718954248366,Inf,5,0,1,Enriched in Strong
group_245,0.10130718954248366,Inf,5,0,1,Enriched in Strong
alkJ_1,0.6266968325791856,0.5204165825214591,3,3,1,No difference
group_240,0.10130718954248366,Inf,5,0,1,Enriched in Strong
group_237,0.10130718954248366,Inf,5,0,1,Enriched in Strong
group_223,0.10130718954248366,Inf,5,0,1,Enriched in Strong
group_213,0.10130718954248366,Inf,5,0,1,Enriched in Strong
group_211,0.10130718954248366,Inf,5,0,1,Enriched in Strong
group_210,0.10130718954248366,Inf,5,0,1,Enriched in Strong
nfdA,0.10130718954248366,Inf,5,0,1,Enriched in Strong
group_170,0.10130718954248366,Inf,5,0,1,Enriched in Strong
recB_2,0.10130718954248366,Inf,5,0,1,Enriched in Strong
group_160,0.10130718954248366,Inf,5,0,1,Enriched in Strong
group_140,0.10130718954248366,Inf,5,0,1,Enriched in Strong
group_128,0.10130718954248366,Inf,5,0,1,Enriched in Strong
group_127,0.10130718954248366,Inf,5,0,1,Enriched in Strong
group_119,0.10130718954248366,Inf,5,0,1,Enriched in Strong
group_104,0.10130718954248366,Inf,5,0,1,Enriched in Strong
group_102,0.10130718954248366,Inf,5,0,1,Enriched in Strong
group_101,0.10130718954248366,Inf,5,0,1,Enriched in Strong
rcsC_2,0.10130718954248366,Inf,5,0,1,Enriched in Strong
group_93,0.10130718954248366,Inf,5,0,1,Enriched in Strong
group_91,0.10130718954248366,Inf,5,0,1,Enriched in Strong
group_90,0.10130718954248366,Inf,5,0,1,Enriched in Strong
group_86,0.10130718954248366,Inf,5,0,1,Enriched in Strong
group_83,0.10130718954248366,Inf,5,0,1,Enriched in Strong
group_80,0.10130718954248366,Inf,5,0,1,Enriched in Strong
group_72,0.10130718954248366,Inf,5,0,1,Enriched in Strong
group_69,0.10130718954248366,Inf,5,0,1,Enriched in Strong
group_58,0.10130718954248366,Inf,5,0,1,Enriched in Strong
group_55,0.10130718954248366,Inf,5,0,1,Enriched in Strong
group_51,0.10130718954248366,Inf,5,0,1,Enriched in Strong
group_48,0.10130718954248366,Inf,5,0,1,Enriched in Strong
group_42,0.10130718954248366,Inf,5,0,1,Enriched in Strong
addA_1,0.10130718954248366,Inf,5,0,1,Enriched in Strong
rapA_1,0.10130718954248366,Inf,5,0,1,Enriched in Strong
group_16,0.10130718954248366,Inf,5,0,1,Enriched in Strong
group_14,0.10130718954248366,Inf,5,0,1,Enriched in Strong
group_12,0.10130718954248366,Inf,5,0,1,Enriched in Strong
group_4337,0.11928104575163392,Inf,4,0,1,Enriched in Strong
group_4257,0.04738562091503265,0.08977776735245693,1,4,1,Enriched in Weak
group_4256,0.04738562091503265,0.08977776735245693,1,4,1,Enriched in Weak
group_4255,0.04738562091503265,0.08977776735245693,1,4,1,Enriched in Weak
group_4253,0.04738562091503265,0.08977776735245693,1,4,1,Enriched in Weak
group_4251,0.04738562091503265,0.08977776735245693,1,4,1,Enriched in Weak
group_4248,0.04738562091503265,0.08977776735245693,1,4,1,Enriched in Weak
group_4247,0.04738562091503265,0.08977776735245693,1,4,1,Enriched in Weak
group_3536,0.04738562091503265,0.08977776735245693,1,4,1,Enriched in Weak
group_3404,0.04738562091503265,0.08977776735245693,1,4,1,Enriched in Weak
group_3398,0.04738562091503265,0.08977776735245693,1,4,1,Enriched in Weak
group_3380,0.04738562091503265,0.08977776735245693,1,4,1,Enriched in Weak
group_3375,0.04738562091503265,0.08977776735245693,1,4,1,Enriched in Weak
group_3367,0.04738562091503265,0.08977776735245693,1,4,1,Enriched in Weak
group_3355,0.04738562091503265,0.08977776735245693,1,4,1,Enriched in Weak
group_3354,0.04738562091503265,0.08977776735245693,1,4,1,Enriched in Weak
group_3341,0.04738562091503265,0.08977776735245693,1,4,1,Enriched in Weak
group_3340,0.04738562091503265,0.08977776735245693,1,4,1,Enriched in Weak
group_3326,0.04738562091503265,0.08977776735245693,1,4,1,Enriched in Weak
group_3325,0.04738562091503265,0.08977776735245693,1,4,1,Enriched in Weak
group_3321,0.04738562091503265,0.08977776735245693,1,4,1,Enriched in Weak
group_3280,0.04738562091503265,0.08977776735245693,1,4,1,Enriched in Weak
group_3257,0.04738562091503265,0.08977776735245693,1,4,1,Enriched in Weak
group_3251,0.04738562091503265,0.08977776735245693,1,4,1,Enriched in Weak
xerC_7~~~xerC_4,0.04738562091503265,0.08977776735245693,1,4,1,Enriched in Weak
group_3137,0.04738562091503265,0.08977776735245693,1,4,1,Enriched in Weak
group_3103,0.04738562091503265,0.08977776735245693,1,4,1,Enriched in Weak
group_3076,0.04738562091503265,0.08977776735245693,1,4,1,Enriched in Weak
group_3005,0.10130718954248366,Inf,5,0,1,Enriched in Strong
group_2833,0.32598039215686286,0.31895384870930166,2,3,1,Enriched in Weak
group_2396,0.11928104575163392,Inf,4,0,1,Enriched in Strong
group_2227,0.04738562091503265,0.08977776735245693,1,4,1,Enriched in Weak
group_2213,0.04738562091503265,0.08977776735245693,1,4,1,Enriched in Weak
group_2180,0.32598039215686286,0.31895384870930166,2,3,1,Enriched in Weak
group_2141,0.04738562091503265,0.08977776735245693,1,4,1,Enriched in Weak
group_2140,0.04738562091503265,0.08977776735245693,1,4,1,Enriched in Weak
group_1963,0.32598039215686286,0.31895384870930166,2,3,1,Enriched in Weak
group_1875,1,0.9408794218973215,3,2,1,Enriched in Strong
group_1868,1,0.9408794218973215,3,2,1,Enriched in Strong
group_1771,0.04738562091503265,0.08977776735245693,1,4,1,Enriched in Weak
group_1770,0.04738562091503265,0.08977776735245693,1,4,1,Enriched in Weak
group_1762,0.04738562091503265,0.08977776735245693,1,4,1,Enriched in Weak
group_1568,0.04738562091503265,0.08977776735245693,1,4,1,Enriched in Weak
rmlC_1,1,0.9408794218973215,3,2,1,Enriched in Strong
group_1487,0.04738562091503265,0.08977776735245693,1,4,1,Enriched in Weak
group_1476,1,0.9408794218973215,3,2,1,Enriched in Strong
perB,1,0.9408794218973215,3,2,1,Enriched in Strong
gltF_4,1,0.9408794218973215,3,2,1,Enriched in Strong
group_1377,0.04738562091503265,0.08977776735245693,1,4,1,Enriched in Weak
group_1328,0.04738562091503265,0.08977776735245693,1,4,1,Enriched in Weak
tagG,1,0.9408794218973215,3,2,1,Enriched in Strong
pgrR_2,0.04738562091503265,0.08977776735245693,1,4,1,Enriched in Weak
group_797,1,0.9408794218973215,3,2,1,Enriched in Strong
dadA,0.04738562091503265,0.08977776735245693,1,4,1,Enriched in Weak
group_625,1,0.9408794218973215,3,2,1,Enriched in Strong
vioA,1,0.9408794218973215,3,2,1,Enriched in Strong
group_603,0.32598039215686286,0.31895384870930166,2,3,1,Enriched in Weak
group_524,1,0.9408794218973215,3,2,1,Enriched in Strong
btuD_3,1,0.9408794218973215,3,2,1,Enriched in Strong
mtaD_1,0.04738562091503265,0.08977776735245693,1,4,1,Enriched in Weak
smc_2,1,0.9408794218973215,3,2,1,Enriched in Strong
group_97,0.04738562091503265,0.08977776735245693,1,4,1,Enriched in Weak
group_68,1,0.9408794218973215,3,2,1,Enriched in Strong
group_4274,0.9999999999999999,0.5747056276233646,2,2,1,No difference
group_4266,0.24509803921568624,0.1513774881737733,1,3,1,Enriched in Weak
group_4263,0.24509803921568624,0.1513774881737733,1,3,1,Enriched in Weak
group_4261,0.24509803921568624,0.1513774881737733,1,3,1,Enriched in Weak
group_4259,0.24509803921568624,0.1513774881737733,1,3,1,Enriched in Weak
group_4258,0.24509803921568624,0.1513774881737733,1,3,1,Enriched in Weak
group_4254,0.24509803921568624,0.1513774881737733,1,3,1,Enriched in Weak
group_4250,0.24509803921568624,0.1513774881737733,1,3,1,Enriched in Weak
group_4249,0.24509803921568624,0.1513774881737733,1,3,1,Enriched in Weak
group_4246,0.24509803921568624,0.1513774881737733,1,3,1,Enriched in Weak
group_4244,0.24509803921568624,0.1513774881737733,1,3,1,Enriched in Weak
hin_3,0.24509803921568624,0.1513774881737733,1,3,1,Enriched in Weak
group_4243,0.24509803921568624,0.1513774881737733,1,3,1,Enriched in Weak
group_4242,0.24509803921568624,0.1513774881737733,1,3,1,Enriched in Weak
group_4241,0.24509803921568624,0.1513774881737733,1,3,1,Enriched in Weak
group_4240,0.24509803921568624,0.1513774881737733,1,3,1,Enriched in Weak
group_4239,0.24509803921568624,0.1513774881737733,1,3,1,Enriched in Weak
group_4238,0.24509803921568624,0.1513774881737733,1,3,1,Enriched in Weak
group_4237,0.24509803921568624,0.1513774881737733,1,3,1,Enriched in Weak
group_4236,0.24509803921568624,0.1513774881737733,1,3,1,Enriched in Weak
group_4235,0.24509803921568624,0.1513774881737733,1,3,1,Enriched in Weak
group_4234,0.24509803921568624,0.1513774881737733,1,3,1,Enriched in Weak
group_4233,0.24509803921568624,0.1513774881737733,1,3,1,Enriched in Weak
group_4232,0.24509803921568624,0.1513774881737733,1,3,1,Enriched in Weak
group_4231,0.24509803921568624,0.1513774881737733,1,3,1,Enriched in Weak
group_4230,0.24509803921568624,0.1513774881737733,1,3,1,Enriched in Weak
group_4229,0.24509803921568624,0.1513774881737733,1,3,1,Enriched in Weak
group_4228,0.24509803921568624,0.1513774881737733,1,3,1,Enriched in Weak
group_4227,0.24509803921568624,0.1513774881737733,1,3,1,Enriched in Weak
group_4226,0.24509803921568624,0.1513774881737733,1,3,1,Enriched in Weak
group_4225,0.24509803921568624,0.1513774881737733,1,3,1,Enriched in Weak
group_4224,0.24509803921568624,0.1513774881737733,1,3,1,Enriched in Weak
group_4223,0.24509803921568624,0.1513774881737733,1,3,1,Enriched in Weak
group_4222,0.24509803921568624,0.1513774881737733,1,3,1,Enriched in Weak
group_4221,0.24509803921568624,0.1513774881737733,1,3,1,Enriched in Weak
group_4220,0.24509803921568624,0.1513774881737733,1,3,1,Enriched in Weak
group_4219,0.24509803921568624,0.1513774881737733,1,3,1,Enriched in Weak
group_4218,0.24509803921568624,0.1513774881737733,1,3,1,Enriched in Weak
group_4217,0.24509803921568624,0.1513774881737733,1,3,1,Enriched in Weak
group_4216,0.24509803921568624,0.1513774881737733,1,3,1,Enriched in Weak
group_4215,0.24509803921568624,0.1513774881737733,1,3,1,Enriched in Weak
group_4214,0.24509803921568624,0.1513774881737733,1,3,1,Enriched in Weak
group_4213,0.24509803921568624,0.1513774881737733,1,3,1,Enriched in Weak
group_4212,0.24509803921568624,0.1513774881737733,1,3,1,Enriched in Weak
group_4211,0.24509803921568624,0.1513774881737733,1,3,1,Enriched in Weak
group_4210,0.24509803921568624,0.1513774881737733,1,3,1,Enriched in Weak
group_4209,0.24509803921568624,0.1513774881737733,1,3,1,Enriched in Weak
group_4208,0.24509803921568624,0.1513774881737733,1,3,1,Enriched in Weak
group_4207,0.24509803921568624,0.1513774881737733,1,3,1,Enriched in Weak
group_4206,0.24509803921568624,0.1513774881737733,1,3,1,Enriched in Weak
group_4205,0.24509803921568624,0.1513774881737733,1,3,1,Enriched in Weak
higB_2,0.24509803921568624,0.1513774881737733,1,3,1,Enriched in Weak
group_4204,0.24509803921568624,0.1513774881737733,1,3,1,Enriched in Weak
group_4203,0.24509803921568624,0.1513774881737733,1,3,1,Enriched in Weak
group_4202,0.24509803921568624,0.1513774881737733,1,3,1,Enriched in Weak
group_4201,0.24509803921568624,0.1513774881737733,1,3,1,Enriched in Weak
group_4200,0.24509803921568624,0.1513774881737733,1,3,1,Enriched in Weak
group_4199,0.24509803921568624,0.1513774881737733,1,3,1,Enriched in Weak
higA_2,0.24509803921568624,0.1513774881737733,1,3,1,Enriched in Weak
group_4198,0.24509803921568624,0.1513774881737733,1,3,1,Enriched in Weak
group_4197,0.24509803921568624,0.1513774881737733,1,3,1,Enriched in Weak
group_4196,0.24509803921568624,0.1513774881737733,1,3,1,Enriched in Weak
group_4195,0.24509803921568624,0.1513774881737733,1,3,1,Enriched in Weak
group_4194,0.24509803921568624,0.1513774881737733,1,3,1,Enriched in Weak
group_4193,0.24509803921568624,0.1513774881737733,1,3,1,Enriched in Weak
group_4192,0.24509803921568624,0.1513774881737733,1,3,1,Enriched in Weak
group_4191,0.24509803921568624,0.1513774881737733,1,3,1,Enriched in Weak
group_4190,0.24509803921568624,0.1513774881737733,1,3,1,Enriched in Weak
group_4189,0.24509803921568624,0.1513774881737733,1,3,1,Enriched in Weak
group_4188,0.24509803921568624,0.1513774881737733,1,3,1,Enriched in Weak
group_4187,0.24509803921568624,0.1513774881737733,1,3,1,Enriched in Weak
group_4186,0.24509803921568624,0.1513774881737733,1,3,1,Enriched in Weak
group_4185,0.24509803921568624,0.1513774881737733,1,3,1,Enriched in Weak
group_4184,0.24509803921568624,0.1513774881737733,1,3,1,Enriched in Weak
group_4183,0.24509803921568624,0.1513774881737733,1,3,1,Enriched in Weak
group_4182,0.24509803921568624,0.1513774881737733,1,3,1,Enriched in Weak
group_4181,0.24509803921568624,0.1513774881737733,1,3,1,Enriched in Weak
fadD_5,0.24509803921568624,0.1513774881737733,1,3,1,Enriched in Weak
group_4180,0.24509803921568624,0.1513774881737733,1,3,1,Enriched in Weak
group_4179,0.24509803921568624,0.1513774881737733,1,3,1,Enriched in Weak
resA_3,0.24509803921568624,0.1513774881737733,1,3,1,Enriched in Weak
group_4178,0.24509803921568624,0.1513774881737733,1,3,1,Enriched in Weak
group_4177,0.24509803921568624,0.1513774881737733,1,3,1,Enriched in Weak
group_4176,0.24509803921568624,0.1513774881737733,1,3,1,Enriched in Weak
group_4175,0.24509803921568624,0.1513774881737733,1,3,1,Enriched in Weak
group_4174,0.24509803921568624,0.1513774881737733,1,3,1,Enriched in Weak
group_4173,0.24509803921568624,0.1513774881737733,1,3,1,Enriched in Weak
hin_2,0.24509803921568624,0.1513774881737733,1,3,1,Enriched in Weak
group_4172,0.24509803921568624,0.1513774881737733,1,3,1,Enriched in Weak
group_4171,0.24509803921568624,0.1513774881737733,1,3,1,Enriched in Weak
group_4170,0.24509803921568624,0.1513774881737733,1,3,1,Enriched in Weak
group_4169,0.24509803921568624,0.1513774881737733,1,3,1,Enriched in Weak
group_4168,0.24509803921568624,0.1513774881737733,1,3,1,Enriched in Weak
group_4167,0.24509803921568624,0.1513774881737733,1,3,1,Enriched in Weak
group_4166,0.24509803921568624,0.1513774881737733,1,3,1,Enriched in Weak
group_4165,0.24509803921568624,0.1513774881737733,1,3,1,Enriched in Weak
group_4164,0.24509803921568624,0.1513774881737733,1,3,1,Enriched in Weak
group_4163,0.24509803921568624,0.1513774881737733,1,3,1,Enriched in Weak
group_4162,0.24509803921568624,0.1513774881737733,1,3,1,Enriched in Weak
group_4161,0.24509803921568624,0.1513774881737733,1,3,1,Enriched in Weak
group_4160,0.24509803921568624,0.1513774881737733,1,3,1,Enriched in Weak
group_4159,0.24509803921568624,0.1513774881737733,1,3,1,Enriched in Weak
group_4158,0.24509803921568624,0.1513774881737733,1,3,1,Enriched in Weak
group_4157,0.24509803921568624,0.1513774881737733,1,3,1,Enriched in Weak
arsH_2,0.24509803921568624,0.1513774881737733,1,3,1,Enriched in Weak
group_4156,0.24509803921568624,0.1513774881737733,1,3,1,Enriched in Weak
group_4155,0.24509803921568624,0.1513774881737733,1,3,1,Enriched in Weak
group_4154,0.24509803921568624,0.1513774881737733,1,3,1,Enriched in Weak
group_4153,0.24509803921568624,0.1513774881737733,1,3,1,Enriched in Weak
group_4152,0.24509803921568624,0.1513774881737733,1,3,1,Enriched in Weak
group_4151,0.24509803921568624,0.1513774881737733,1,3,1,Enriched in Weak
ompP1,0.24509803921568624,0.1513774881737733,1,3,1,Enriched in Weak
group_4150,0.24509803921568624,0.1513774881737733,1,3,1,Enriched in Weak
fadD_6,0.24509803921568624,0.1513774881737733,1,3,1,Enriched in Weak
group_4149,0.24509803921568624,0.1513774881737733,1,3,1,Enriched in Weak
group_4148,0.24509803921568624,0.1513774881737733,1,3,1,Enriched in Weak
group_4147,0.24509803921568624,0.1513774881737733,1,3,1,Enriched in Weak
group_4146,0.24509803921568624,0.1513774881737733,1,3,1,Enriched in Weak
group_4145,0.24509803921568624,0.1513774881737733,1,3,1,Enriched in Weak
noc_2,0.24509803921568624,0.1513774881737733,1,3,1,Enriched in Weak
group_4144,0.24509803921568624,0.1513774881737733,1,3,1,Enriched in Weak
group_4143,0.24509803921568624,0.1513774881737733,1,3,1,Enriched in Weak
group_4142,0.24509803921568624,0.1513774881737733,1,3,1,Enriched in Weak
group_4141,0.24509803921568624,0.1513774881737733,1,3,1,Enriched in Weak
intA,0.24509803921568624,0.1513774881737733,1,3,1,Enriched in Weak
group_4140,0.24509803921568624,0.1513774881737733,1,3,1,Enriched in Weak
group_4139,0.24509803921568624,0.1513774881737733,1,3,1,Enriched in Weak
group_4138,0.24509803921568624,0.1513774881737733,1,3,1,Enriched in Weak
tcpE,0.24509803921568624,0.1513774881737733,1,3,1,Enriched in Weak
group_4137,0.24509803921568624,0.1513774881737733,1,3,1,Enriched in Weak
group_4136,0.24509803921568624,0.1513774881737733,1,3,1,Enriched in Weak
virB8,0.24509803921568624,0.1513774881737733,1,3,1,Enriched in Weak
group_4135,0.24509803921568624,0.1513774881737733,1,3,1,Enriched in Weak
group_4134,0.24509803921568624,0.1513774881737733,1,3,1,Enriched in Weak
group_4133,0.24509803921568624,0.1513774881737733,1,3,1,Enriched in Weak
group_4132,0.24509803921568624,0.1513774881737733,1,3,1,Enriched in Weak
group_4131,0.24509803921568624,0.1513774881737733,1,3,1,Enriched in Weak
group_4130,0.24509803921568624,0.1513774881737733,1,3,1,Enriched in Weak
group_4129,0.24509803921568624,0.1513774881737733,1,3,1,Enriched in Weak
outO_2,0.24509803921568624,0.1513774881737733,1,3,1,Enriched in Weak
group_4128,0.24509803921568624,0.1513774881737733,1,3,1,Enriched in Weak
group_4127,0.24509803921568624,0.1513774881737733,1,3,1,Enriched in Weak
group_4126,0.24509803921568624,0.1513774881737733,1,3,1,Enriched in Weak
rfaH,0.24509803921568624,0.1513774881737733,1,3,1,Enriched in Weak
group_4125,0.24509803921568624,0.1513774881737733,1,3,1,Enriched in Weak
virB4_1,0.24509803921568624,0.1513774881737733,1,3,1,Enriched in Weak
group_4124,0.24509803921568624,0.1513774881737733,1,3,1,Enriched in Weak
group_4123,0.24509803921568624,0.1513774881737733,1,3,1,Enriched in Weak
group_4122,0.24509803921568624,0.1513774881737733,1,3,1,Enriched in Weak
group_4121,0.24509803921568624,0.1513774881737733,1,3,1,Enriched in Weak
group_4120,0.24509803921568624,0.1513774881737733,1,3,1,Enriched in Weak
group_4119,0.24509803921568624,0.1513774881737733,1,3,1,Enriched in Weak
group_4118,0.24509803921568624,0.1513774881737733,1,3,1,Enriched in Weak
group_4117,0.24509803921568624,0.1513774881737733,1,3,1,Enriched in Weak
group_4116,0.24509803921568624,0.1513774881737733,1,3,1,Enriched in Weak
group_4115,0.24509803921568624,0.1513774881737733,1,3,1,Enriched in Weak
group_4114,0.24509803921568624,0.1513774881737733,1,3,1,Enriched in Weak
group_4113,0.24509803921568624,0.1513774881737733,1,3,1,Enriched in Weak
group_4112,0.24509803921568624,0.1513774881737733,1,3,1,Enriched in Weak
virD4,0.24509803921568624,0.1513774881737733,1,3,1,Enriched in Weak
group_4111,0.24509803921568624,0.1513774881737733,1,3,1,Enriched in Weak
chpB,0.24509803921568624,0.1513774881737733,1,3,1,Enriched in Weak
group_4110,0.24509803921568624,0.1513774881737733,1,3,1,Enriched in Weak
group_4109,0.24509803921568624,0.1513774881737733,1,3,1,Enriched in Weak
group_4108,0.24509803921568624,0.1513774881737733,1,3,1,Enriched in Weak
ssb_3,0.24509803921568624,0.1513774881737733,1,3,1,Enriched in Weak
topB_2,0.24509803921568624,0.1513774881737733,1,3,1,Enriched in Weak
group_4107,0.24509803921568624,0.1513774881737733,1,3,1,Enriched in Weak
yhcR,0.24509803921568624,0.1513774881737733,1,3,1,Enriched in Weak
group_4106,0.24509803921568624,0.1513774881737733,1,3,1,Enriched in Weak
group_4105,0.24509803921568624,0.1513774881737733,1,3,1,Enriched in Weak
group_4104,0.24509803921568624,0.1513774881737733,1,3,1,Enriched in Weak
group_4103,0.24509803921568624,0.1513774881737733,1,3,1,Enriched in Weak
chpS,0.24509803921568624,0.1513774881737733,1,3,1,Enriched in Weak
group_4102,0.24509803921568624,0.1513774881737733,1,3,1,Enriched in Weak
nadE_3,0.24509803921568624,0.1513774881737733,1,3,1,Enriched in Weak
group_4101,0.24509803921568624,0.1513774881737733,1,3,1,Enriched in Weak
group_4100,0.24509803921568624,0.1513774881737733,1,3,1,Enriched in Weak
group_4099,0.24509803921568624,0.1513774881737733,1,3,1,Enriched in Weak
group_4098,0.24509803921568624,0.1513774881737733,1,3,1,Enriched in Weak
group_4097,0.24509803921568624,0.1513774881737733,1,3,1,Enriched in Weak
group_4096,0.24509803921568624,0.1513774881737733,1,3,1,Enriched in Weak
group_4095,0.24509803921568624,0.1513774881737733,1,3,1,Enriched in Weak
group_4094,0.24509803921568624,0.1513774881737733,1,3,1,Enriched in Weak
xerC_7,0.24509803921568624,0.1513774881737733,1,3,1,Enriched in Weak
group_4093,0.24509803921568624,0.1513774881737733,1,3,1,Enriched in Weak
group_4092,0.24509803921568624,0.1513774881737733,1,3,1,Enriched in Weak
group_4091,0.24509803921568624,0.1513774881737733,1,3,1,Enriched in Weak
group_4090,0.24509803921568624,0.1513774881737733,1,3,1,Enriched in Weak
mexA_2,0.24509803921568624,0.1513774881737733,1,3,1,Enriched in Weak
group_4089,0.24509803921568624,0.1513774881737733,1,3,1,Enriched in Weak
group_4088,0.24509803921568624,0.1513774881737733,1,3,1,Enriched in Weak
group_4087,0.24509803921568624,0.1513774881737733,1,3,1,Enriched in Weak
group_4086,0.24509803921568624,0.1513774881737733,1,3,1,Enriched in Weak
group_4085,0.24509803921568624,0.1513774881737733,1,3,1,Enriched in Weak
pdeB,0.24509803921568624,0.1513774881737733,1,3,1,Enriched in Weak
group_4084,0.24509803921568624,0.1513774881737733,1,3,1,Enriched in Weak
mdtL_2,0.24509803921568624,0.1513774881737733,1,3,1,Enriched in Weak
yhhW_3,0.24509803921568624,0.1513774881737733,1,3,1,Enriched in Weak
group_4083,0.24509803921568624,0.1513774881737733,1,3,1,Enriched in Weak
group_4082,0.24509803921568624,0.1513774881737733,1,3,1,Enriched in Weak
group_4081,0.24509803921568624,0.1513774881737733,1,3,1,Enriched in Weak
gdx_2,0.24509803921568624,0.1513774881737733,1,3,1,Enriched in Weak
group_4080,0.24509803921568624,0.1513774881737733,1,3,1,Enriched in Weak
group_4079,0.24509803921568624,0.1513774881737733,1,3,1,Enriched in Weak
group_4078,0.24509803921568624,0.1513774881737733,1,3,1,Enriched in Weak
group_4077,0.24509803921568624,0.1513774881737733,1,3,1,Enriched in Weak
oprJ_2,0.24509803921568624,0.1513774881737733,1,3,1,Enriched in Weak
group_4076,0.24509803921568624,0.1513774881737733,1,3,1,Enriched in Weak
group_4075,0.24509803921568624,0.1513774881737733,1,3,1,Enriched in Weak
group_4074,0.24509803921568624,0.1513774881737733,1,3,1,Enriched in Weak
mexB_2,0.24509803921568624,0.1513774881737733,1,3,1,Enriched in Weak
group_4073,0.24509803921568624,0.1513774881737733,1,3,1,Enriched in Weak
prsE_3,0.24509803921568624,0.1513774881737733,1,3,1,Enriched in Weak
group_4072,0.24509803921568624,0.1513774881737733,1,3,1,Enriched in Weak
group_4071,0.24509803921568624,0.1513774881737733,1,3,1,Enriched in Weak
group_4070,0.24509803921568624,0.1513774881737733,1,3,1,Enriched in Weak
hin_1,0.24509803921568624,0.1513774881737733,1,3,1,Enriched in Weak
group_4069,0.24509803921568624,0.1513774881737733,1,3,1,Enriched in Weak
group_4068,0.24509803921568624,0.1513774881737733,1,3,1,Enriched in Weak
group_4067,0.24509803921568624,0.1513774881737733,1,3,1,Enriched in Weak
apxIB_1,0.24509803921568624,0.1513774881737733,1,3,1,Enriched in Weak
oprJ_3,0.24509803921568624,0.1513774881737733,1,3,1,Enriched in Weak
group_4066,0.24509803921568624,0.1513774881737733,1,3,1,Enriched in Weak
group_4065,0.24509803921568624,0.1513774881737733,1,3,1,Enriched in Weak
group_4064,0.24509803921568624,0.1513774881737733,1,3,1,Enriched in Weak
group_4063,0.24509803921568624,0.1513774881737733,1,3,1,Enriched in Weak
group_4062,0.24509803921568624,0.1513774881737733,1,3,1,Enriched in Weak
group_4061,0.24509803921568624,0.1513774881737733,1,3,1,Enriched in Weak
group_4060,0.24509803921568624,0.1513774881737733,1,3,1,Enriched in Weak
group_4059,0.24509803921568624,0.1513774881737733,1,3,1,Enriched in Weak
group_4058,0.24509803921568624,0.1513774881737733,1,3,1,Enriched in Weak
group_4057,0.24509803921568624,0.1513774881737733,1,3,1,Enriched in Weak
group_4056,0.24509803921568624,0.1513774881737733,1,3,1,Enriched in Weak
group_4055,0.24509803921568624,0.1513774881737733,1,3,1,Enriched in Weak
group_4054,0.24509803921568624,0.1513774881737733,1,3,1,Enriched in Weak
group_4053,0.24509803921568624,0.1513774881737733,1,3,1,Enriched in Weak
csrA1_2,0.24509803921568624,0.1513774881737733,1,3,1,Enriched in Weak
group_4052,0.24509803921568624,0.1513774881737733,1,3,1,Enriched in Weak
group_4051,0.24509803921568624,0.1513774881737733,1,3,1,Enriched in Weak
group_4050,0.24509803921568624,0.1513774881737733,1,3,1,Enriched in Weak
group_4049,0.24509803921568624,0.1513774881737733,1,3,1,Enriched in Weak
group_4048,0.24509803921568624,0.1513774881737733,1,3,1,Enriched in Weak
group_4047,0.24509803921568624,0.1513774881737733,1,3,1,Enriched in Weak
group_4046,0.24509803921568624,0.1513774881737733,1,3,1,Enriched in Weak
group_4045,0.24509803921568624,0.1513774881737733,1,3,1,Enriched in Weak
group_4044,0.24509803921568624,0.1513774881737733,1,3,1,Enriched in Weak
group_4043,0.24509803921568624,0.1513774881737733,1,3,1,Enriched in Weak
group_4042,0.24509803921568624,0.1513774881737733,1,3,1,Enriched in Weak
group_4041,0.24509803921568624,0.1513774881737733,1,3,1,Enriched in Weak
group_4040,0.24509803921568624,0.1513774881737733,1,3,1,Enriched in Weak
group_4039,0.24509803921568624,0.1513774881737733,1,3,1,Enriched in Weak
group_4038,0.24509803921568624,0.1513774881737733,1,3,1,Enriched in Weak
group_4037,0.24509803921568624,0.1513774881737733,1,3,1,Enriched in Weak
group_4036,0.24509803921568624,0.1513774881737733,1,3,1,Enriched in Weak
group_4035,0.24509803921568624,0.1513774881737733,1,3,1,Enriched in Weak
group_4034,0.24509803921568624,0.1513774881737733,1,3,1,Enriched in Weak
group_4033,0.24509803921568624,0.1513774881737733,1,3,1,Enriched in Weak
gst,0.24509803921568624,0.1513774881737733,1,3,1,Enriched in Weak
fadD_4,0.24509803921568624,0.1513774881737733,1,3,1,Enriched in Weak
group_4032,0.24509803921568624,0.1513774881737733,1,3,1,Enriched in Weak
traC_1,0.24509803921568624,0.1513774881737733,1,3,1,Enriched in Weak
group_4031,0.24509803921568624,0.1513774881737733,1,3,1,Enriched in Weak
group_4030,0.24509803921568624,0.1513774881737733,1,3,1,Enriched in Weak
group_4029,0.24509803921568624,0.1513774881737733,1,3,1,Enriched in Weak
group_4028,0.24509803921568624,0.1513774881737733,1,3,1,Enriched in Weak
group_4027,0.24509803921568624,0.1513774881737733,1,3,1,Enriched in Weak
group_4026,0.24509803921568624,0.1513774881737733,1,3,1,Enriched in Weak
group_4025,0.24509803921568624,0.1513774881737733,1,3,1,Enriched in Weak
oprJ_1,0.24509803921568624,0.1513774881737733,1,3,1,Enriched in Weak
group_4024,0.24509803921568624,0.1513774881737733,1,3,1,Enriched in Weak
group_4023,0.24509803921568624,0.1513774881737733,1,3,1,Enriched in Weak
group_4022,0.24509803921568624,0.1513774881737733,1,3,1,Enriched in Weak
group_4021,0.24509803921568624,0.1513774881737733,1,3,1,Enriched in Weak
group_4020,0.24509803921568624,0.1513774881737733,1,3,1,Enriched in Weak
group_4019,0.24509803921568624,0.1513774881737733,1,3,1,Enriched in Weak
group_4018,0.24509803921568624,0.1513774881737733,1,3,1,Enriched in Weak
group_4017,0.24509803921568624,0.1513774881737733,1,3,1,Enriched in Weak
group_4016,0.24509803921568624,0.1513774881737733,1,3,1,Enriched in Weak
group_4015,0.24509803921568624,0.1513774881737733,1,3,1,Enriched in Weak
group_4014,0.24509803921568624,0.1513774881737733,1,3,1,Enriched in Weak
group_4013,0.24509803921568624,0.1513774881737733,1,3,1,Enriched in Weak
group_4012,0.24509803921568624,0.1513774881737733,1,3,1,Enriched in Weak
group_4011,0.24509803921568624,0.1513774881737733,1,3,1,Enriched in Weak
group_4010,0.24509803921568624,0.1513774881737733,1,3,1,Enriched in Weak
noc_1,0.24509803921568624,0.1513774881737733,1,3,1,Enriched in Weak
group_4009,0.24509803921568624,0.1513774881737733,1,3,1,Enriched in Weak
group_4008,0.24509803921568624,0.1513774881737733,1,3,1,Enriched in Weak
umuD_1,0.24509803921568624,0.1513774881737733,1,3,1,Enriched in Weak
group_4007,0.24509803921568624,0.1513774881737733,1,3,1,Enriched in Weak
group_4006,0.24509803921568624,0.1513774881737733,1,3,1,Enriched in Weak
group_4005,0.24509803921568624,0.1513774881737733,1,3,1,Enriched in Weak
group_4004,0.24509803921568624,0.1513774881737733,1,3,1,Enriched in Weak
group_4003,0.24509803921568624,0.1513774881737733,1,3,1,Enriched in Weak
group_4002,0.24509803921568624,0.1513774881737733,1,3,1,Enriched in Weak
acrA,0.24509803921568624,0.1513774881737733,1,3,1,Enriched in Weak
group_4001,0.24509803921568624,0.1513774881737733,1,3,1,Enriched in Weak
group_4000,0.24509803921568624,0.1513774881737733,1,3,1,Enriched in Weak
group_3999,0.24509803921568624,0.1513774881737733,1,3,1,Enriched in Weak
group_3998,0.24509803921568624,0.1513774881737733,1,3,1,Enriched in Weak
group_3997,0.24509803921568624,0.1513774881737733,1,3,1,Enriched in Weak
group_3996,0.24509803921568624,0.1513774881737733,1,3,1,Enriched in Weak
acrB,0.24509803921568624,0.1513774881737733,1,3,1,Enriched in Weak
group_3995,0.24509803921568624,0.1513774881737733,1,3,1,Enriched in Weak
dsbC_2,0.24509803921568624,0.1513774881737733,1,3,1,Enriched in Weak
group_3994,0.24509803921568624,0.1513774881737733,1,3,1,Enriched in Weak
group_3993,0.24509803921568624,0.1513774881737733,1,3,1,Enriched in Weak
group_3992,0.24509803921568624,0.1513774881737733,1,3,1,Enriched in Weak
group_3991,0.24509803921568624,0.1513774881737733,1,3,1,Enriched in Weak
group_3990,0.24509803921568624,0.1513774881737733,1,3,1,Enriched in Weak
group_3989,0.24509803921568624,0.1513774881737733,1,3,1,Enriched in Weak
group_3988,0.24509803921568624,0.1513774881737733,1,3,1,Enriched in Weak
group_3987,0.24509803921568624,0.1513774881737733,1,3,1,Enriched in Weak
group_3986,0.24509803921568624,0.1513774881737733,1,3,1,Enriched in Weak
group_3985,0.24509803921568624,0.1513774881737733,1,3,1,Enriched in Weak
group_3984,0.24509803921568624,0.1513774881737733,1,3,1,Enriched in Weak
group_3983,0.24509803921568624,0.1513774881737733,1,3,1,Enriched in Weak
group_3982,0.24509803921568624,0.1513774881737733,1,3,1,Enriched in Weak
group_3981,0.24509803921568624,0.1513774881737733,1,3,1,Enriched in Weak
group_3980,0.24509803921568624,0.1513774881737733,1,3,1,Enriched in Weak
radD,0.24509803921568624,0.1513774881737733,1,3,1,Enriched in Weak
group_3979,0.24509803921568624,0.1513774881737733,1,3,1,Enriched in Weak
group_3978,0.24509803921568624,0.1513774881737733,1,3,1,Enriched in Weak
group_3977,0.24509803921568624,0.1513774881737733,1,3,1,Enriched in Weak
group_3976,0.24509803921568624,0.1513774881737733,1,3,1,Enriched in Weak
group_3975,0.24509803921568624,0.1513774881737733,1,3,1,Enriched in Weak
group_3974,0.24509803921568624,0.1513774881737733,1,3,1,Enriched in Weak
group_3973,0.24509803921568624,0.1513774881737733,1,3,1,Enriched in Weak
group_3972,0.24509803921568624,0.1513774881737733,1,3,1,Enriched in Weak
group_3971,0.24509803921568624,0.1513774881737733,1,3,1,Enriched in Weak
umuC_1,0.24509803921568624,0.1513774881737733,1,3,1,Enriched in Weak
group_3970,0.24509803921568624,0.1513774881737733,1,3,1,Enriched in Weak
group_3969,0.24509803921568624,0.1513774881737733,1,3,1,Enriched in Weak
group_3968,0.24509803921568624,0.1513774881737733,1,3,1,Enriched in Weak
group_3967,0.24509803921568624,0.1513774881737733,1,3,1,Enriched in Weak
group_3966,0.24509803921568624,0.1513774881737733,1,3,1,Enriched in Weak
group_3965,0.24509803921568624,0.1513774881737733,1,3,1,Enriched in Weak
group_3964,0.24509803921568624,0.1513774881737733,1,3,1,Enriched in Weak
group_3963,0.24509803921568624,0.1513774881737733,1,3,1,Enriched in Weak
group_3962,0.24509803921568624,0.1513774881737733,1,3,1,Enriched in Weak
ssb_1,0.24509803921568624,0.1513774881737733,1,3,1,Enriched in Weak
group_3961,0.24509803921568624,0.1513774881737733,1,3,1,Enriched in Weak
group_3960,0.24509803921568624,0.1513774881737733,1,3,1,Enriched in Weak
group_3959,0.24509803921568624,0.1513774881737733,1,3,1,Enriched in Weak
group_3958,0.24509803921568624,0.1513774881737733,1,3,1,Enriched in Weak
group_3957,0.24509803921568624,0.1513774881737733,1,3,1,Enriched in Weak
group_3956,0.24509803921568624,0.1513774881737733,1,3,1,Enriched in Weak
group_3955,0.24509803921568624,0.1513774881737733,1,3,1,Enriched in Weak
group_3954,0.24509803921568624,0.1513774881737733,1,3,1,Enriched in Weak
group_3953,0.24509803921568624,0.1513774881737733,1,3,1,Enriched in Weak
group_3952,0.24509803921568624,0.1513774881737733,1,3,1,Enriched in Weak
group_3951,0.24509803921568624,0.1513774881737733,1,3,1,Enriched in Weak
group_3950,0.24509803921568624,0.1513774881737733,1,3,1,Enriched in Weak
group_3949,0.24509803921568624,0.1513774881737733,1,3,1,Enriched in Weak
cobS_2,0.24509803921568624,0.1513774881737733,1,3,1,Enriched in Weak
group_3948,0.24509803921568624,0.1513774881737733,1,3,1,Enriched in Weak
group_3947,0.24509803921568624,0.1513774881737733,1,3,1,Enriched in Weak
group_3946,0.24509803921568624,0.1513774881737733,1,3,1,Enriched in Weak
group_3945,0.24509803921568624,0.1513774881737733,1,3,1,Enriched in Weak
group_3944,0.24509803921568624,0.1513774881737733,1,3,1,Enriched in Weak
group_3943,0.24509803921568624,0.1513774881737733,1,3,1,Enriched in Weak
group_3942,0.24509803921568624,0.1513774881737733,1,3,1,Enriched in Weak
group_3941,0.24509803921568624,0.1513774881737733,1,3,1,Enriched in Weak
cusS_2,0.24509803921568624,0.1513774881737733,1,3,1,Enriched in Weak
group_3932,0.24509803921568624,0.1513774881737733,1,3,1,Enriched in Weak
group_3927,0.24509803921568624,0.1513774881737733,1,3,1,Enriched in Weak
group_3923,0.24509803921568624,0.1513774881737733,1,3,1,Enriched in Weak
copR_3,0.24509803921568624,0.1513774881737733,1,3,1,Enriched in Weak
mdtH,0.24509803921568624,0.1513774881737733,1,3,1,Enriched in Weak
group_3917,0.24509803921568624,0.1513774881737733,1,3,1,Enriched in Weak
group_3911,0.24509803921568624,0.1513774881737733,1,3,1,Enriched in Weak
group_3899,0.24509803921568624,0.1513774881737733,1,3,1,Enriched in Weak
group_3892,0.24509803921568624,0.1513774881737733,1,3,1,Enriched in Weak
group_3888,0.24509803921568624,0.1513774881737733,1,3,1,Enriched in Weak
group_3658,0.24509803921568624,0.1513774881737733,1,3,1,Enriched in Weak
group_3578,0.9999999999999999,0.5747056276233646,2,2,1,No difference
group_3455,0.9999999999999999,2.1564927746567557,3,1,1,Enriched in Strong
group_3435,0.9999999999999999,0.5747056276233646,2,2,1,No difference
group_3431,0.9999999999999999,0.5747056276233646,2,2,1,No difference
group_3430,0.9999999999999999,0.5747056276233646,2,2,1,No difference
group_3424,0.9999999999999999,0.5747056276233646,2,2,1,No difference
bin3~~~bin3_2,0.9999999999999999,0.5747056276233646,2,2,1,No difference
group_3368,0.9999999999999999,0.5747056276233646,2,2,1,No difference
group_3357,0.9999999999999999,0.5747056276233646,2,2,1,No difference
group_3328,0.9999999999999999,0.5747056276233646,2,2,1,No difference
group_3203,0.9999999999999999,0.5747056276233646,2,2,1,No difference
group_3173,0.9999999999999999,2.1564927746567557,3,1,1,Enriched in Strong
intA_1~~~intA,0.9999999999999999,0.5747056276233646,2,2,1,No difference
group_3130,0.9999999999999999,0.5747056276233646,2,2,1,No difference
group_3118,0.24509803921568624,0.1513774881737733,1,3,1,Enriched in Weak
group_3108,0.9999999999999999,2.1564927746567557,3,1,1,Enriched in Strong
group_3087,0.9999999999999999,2.1564927746567557,3,1,1,Enriched in Strong
group_3044,0.24509803921568624,0.1513774881737733,1,3,1,Enriched in Weak
group_3031,0.24509803921568624,0.1513774881737733,1,3,1,Enriched in Weak
copR_1,0.24509803921568624,0.1513774881737733,1,3,1,Enriched in Weak
group_2950,0.9999999999999999,0.5747056276233646,2,2,1,No difference
group_2890,0.24509803921568624,0.1513774881737733,1,3,1,Enriched in Weak
group_2880,0.24509803921568624,0.1513774881737733,1,3,1,Enriched in Weak
group_2873,0.24509803921568624,0.1513774881737733,1,3,1,Enriched in Weak
group_2864,0.24509803921568624,0.1513774881737733,1,3,1,Enriched in Weak
group_2858,0.24509803921568624,0.1513774881737733,1,3,1,Enriched in Weak
group_2857,0.24509803921568624,0.1513774881737733,1,3,1,Enriched in Weak
group_2853,0.24509803921568624,0.1513774881737733,1,3,1,Enriched in Weak
group_2850,0.24509803921568624,0.1513774881737733,1,3,1,Enriched in Weak
group_2849,0.24509803921568624,0.1513774881737733,1,3,1,Enriched in Weak
group_2844,0.24509803921568624,0.1513774881737733,1,3,1,Enriched in Weak
group_2834,0.24509803921568624,0.1513774881737733,1,3,1,Enriched in Weak
group_2830,0.24509803921568624,0.1513774881737733,1,3,1,Enriched in Weak
group_2825,0.24509803921568624,0.1513774881737733,1,3,1,Enriched in Weak
group_2823,0.24509803921568624,0.1513774881737733,1,3,1,Enriched in Weak
group_2815,0.24509803921568624,0.1513774881737733,1,3,1,Enriched in Weak
group_2809,0.24509803921568624,0.1513774881737733,1,3,1,Enriched in Weak
group_2806,0.9999999999999999,0.5747056276233646,2,2,1,No difference
group_2795,0.24509803921568624,0.1513774881737733,1,3,1,Enriched in Weak
group_2766,0.9999999999999999,0.5747056276233646,2,2,1,No difference
group_2756,0.24509803921568624,0.1513774881737733,1,3,1,Enriched in Weak
group_2755,0.24509803921568624,0.1513774881737733,1,3,1,Enriched in Weak
group_2754,0.24509803921568624,0.1513774881737733,1,3,1,Enriched in Weak
group_2744,0.24509803921568624,0.1513774881737733,1,3,1,Enriched in Weak
group_2743,0.24509803921568624,0.1513774881737733,1,3,1,Enriched in Weak
group_2742,0.24509803921568624,0.1513774881737733,1,3,1,Enriched in Weak
group_2733,0.24509803921568624,0.1513774881737733,1,3,1,Enriched in Weak
group_2732,0.24509803921568624,0.1513774881737733,1,3,1,Enriched in Weak
group_2727,0.24509803921568624,0.1513774881737733,1,3,1,Enriched in Weak
group_2709,0.24509803921568624,0.1513774881737733,1,3,1,Enriched in Weak
group_2708,0.24509803921568624,0.1513774881737733,1,3,1,Enriched in Weak
group_2692,0.24509803921568624,0.1513774881737733,1,3,1,Enriched in Weak
group_2688,0.24509803921568624,0.1513774881737733,1,3,1,Enriched in Weak
group_2687,0.24509803921568624,0.1513774881737733,1,3,1,Enriched in Weak
group_2686,0.24509803921568624,0.1513774881737733,1,3,1,Enriched in Weak
group_2685,0.24509803921568624,0.1513774881737733,1,3,1,Enriched in Weak
group_2684,0.24509803921568624,0.1513774881737733,1,3,1,Enriched in Weak
group_2681,0.9999999999999999,2.1564927746567557,3,1,1,Enriched in Strong
group_2677,0.24509803921568624,0.1513774881737733,1,3,1,Enriched in Weak
group_2676,0.24509803921568624,0.1513774881737733,1,3,1,Enriched in Weak
group_2675,0.24509803921568624,0.1513774881737733,1,3,1,Enriched in Weak
group_2674,0.9999999999999999,0.5747056276233646,2,2,1,No difference
group_2654,0.24509803921568624,0.1513774881737733,1,3,1,Enriched in Weak
group_2641,0.24509803921568624,0.1513774881737733,1,3,1,Enriched in Weak
group_2640,0.24509803921568624,0.1513774881737733,1,3,1,Enriched in Weak
group_2630,0.24509803921568624,0.1513774881737733,1,3,1,Enriched in Weak
group_2629,0.24509803921568624,0.1513774881737733,1,3,1,Enriched in Weak
group_2618,0.24509803921568624,0.1513774881737733,1,3,1,Enriched in Weak
group_2617,0.24509803921568624,0.1513774881737733,1,3,1,Enriched in Weak
group_2616,0.24509803921568624,0.1513774881737733,1,3,1,Enriched in Weak
group_2615,0.24509803921568624,0.1513774881737733,1,3,1,Enriched in Weak
group_2607,0.24509803921568624,0.1513774881737733,1,3,1,Enriched in Weak
group_2606,0.24509803921568624,0.1513774881737733,1,3,1,Enriched in Weak
group_2595,0.24509803921568624,0.1513774881737733,1,3,1,Enriched in Weak
group_2594,0.24509803921568624,0.1513774881737733,1,3,1,Enriched in Weak
group_2580,0.24509803921568624,0.1513774881737733,1,3,1,Enriched in Weak
group_2579,0.24509803921568624,0.1513774881737733,1,3,1,Enriched in Weak
relB,0.24509803921568624,0.1513774881737733,1,3,1,Enriched in Weak
group_2570,0.24509803921568624,0.1513774881737733,1,3,1,Enriched in Weak
group_2569,0.24509803921568624,0.1513774881737733,1,3,1,Enriched in Weak
group_2568,0.24509803921568624,0.1513774881737733,1,3,1,Enriched in Weak
group_2567,0.24509803921568624,0.1513774881737733,1,3,1,Enriched in Weak
group_2555,0.24509803921568624,0.1513774881737733,1,3,1,Enriched in Weak
group_2554,0.24509803921568624,0.1513774881737733,1,3,1,Enriched in Weak
group_2553,0.24509803921568624,0.1513774881737733,1,3,1,Enriched in Weak
group_2552,0.24509803921568624,0.1513774881737733,1,3,1,Enriched in Weak
group_2546,0.24509803921568624,0.1513774881737733,1,3,1,Enriched in Weak
group_2531,0.24509803921568624,0.1513774881737733,1,3,1,Enriched in Weak
group_2530,0.24509803921568624,0.1513774881737733,1,3,1,Enriched in Weak
group_2529,0.24509803921568624,0.1513774881737733,1,3,1,Enriched in Weak
group_2513,0.24509803921568624,0.1513774881737733,1,3,1,Enriched in Weak
group_2512,0.24509803921568624,0.1513774881737733,1,3,1,Enriched in Weak
group_2511,0.24509803921568624,0.1513774881737733,1,3,1,Enriched in Weak
group_2502,0.24509803921568624,0.1513774881737733,1,3,1,Enriched in Weak
group_2501,0.24509803921568624,0.1513774881737733,1,3,1,Enriched in Weak
group_2500,0.24509803921568624,0.1513774881737733,1,3,1,Enriched in Weak
group_2488,0.24509803921568624,0.1513774881737733,1,3,1,Enriched in Weak
group_2487,0.24509803921568624,0.1513774881737733,1,3,1,Enriched in Weak
group_2486,0.24509803921568624,0.1513774881737733,1,3,1,Enriched in Weak
group_2474,0.9999999999999999,0.5747056276233646,2,2,1,No difference
group_2471,0.24509803921568624,0.1513774881737733,1,3,1,Enriched in Weak
group_2470,0.24509803921568624,0.1513774881737733,1,3,1,Enriched in Weak
group_2461,0.24509803921568624,0.1513774881737733,1,3,1,Enriched in Weak
group_2460,0.24509803921568624,0.1513774881737733,1,3,1,Enriched in Weak
group_2459,0.24509803921568624,0.1513774881737733,1,3,1,Enriched in Weak
group_2458,0.24509803921568624,0.1513774881737733,1,3,1,Enriched in Weak
group_2457,0.24509803921568624,0.1513774881737733,1,3,1,Enriched in Weak
group_2456,0.24509803921568624,0.1513774881737733,1,3,1,Enriched in Weak
group_2449,0.24509803921568624,0.1513774881737733,1,3,1,Enriched in Weak
group_2448,0.24509803921568624,0.1513774881737733,1,3,1,Enriched in Weak
group_2447,0.24509803921568624,0.1513774881737733,1,3,1,Enriched in Weak
group_2433,0.24509803921568624,0.1513774881737733,1,3,1,Enriched in Weak
group_2424,0.9999999999999999,0.5747056276233646,2,2,1,No difference
group_2423,0.24509803921568624,0.1513774881737733,1,3,1,Enriched in Weak
group_2411,0.24509803921568624,0.1513774881737733,1,3,1,Enriched in Weak
group_2410,0.24509803921568624,0.1513774881737733,1,3,1,Enriched in Weak
group_2402,0.24509803921568624,0.1513774881737733,1,3,1,Enriched in Weak
group_2401,0.24509803921568624,0.1513774881737733,1,3,1,Enriched in Weak
group_2394,0.24509803921568624,0.1513774881737733,1,3,1,Enriched in Weak
group_2392,0.9999999999999999,2.1564927746567557,3,1,1,Enriched in Strong
group_2381,0.24509803921568624,0.1513774881737733,1,3,1,Enriched in Weak
relE,0.24509803921568624,0.1513774881737733,1,3,1,Enriched in Weak
group_2373,0.24509803921568624,0.1513774881737733,1,3,1,Enriched in Weak
group_2372,0.24509803921568624,0.1513774881737733,1,3,1,Enriched in Weak
group_2359,0.24509803921568624,0.1513774881737733,1,3,1,Enriched in Weak
group_2358,0.24509803921568624,0.1513774881737733,1,3,1,Enriched in Weak
group_2352,0.24509803921568624,0.1513774881737733,1,3,1,Enriched in Weak
group_2351,0.24509803921568624,0.1513774881737733,1,3,1,Enriched in Weak
group_2343,0.24509803921568624,0.1513774881737733,1,3,1,Enriched in Weak
group_2342,0.24509803921568624,0.1513774881737733,1,3,1,Enriched in Weak
group_2341,0.24509803921568624,0.1513774881737733,1,3,1,Enriched in Weak
group_2335,0.24509803921568624,0.1513774881737733,1,3,1,Enriched in Weak
group_2312,0.24509803921568624,0.1513774881737733,1,3,1,Enriched in Weak
group_2296,0.24509803921568624,0.1513774881737733,1,3,1,Enriched in Weak
group_2273,0.24509803921568624,0.1513774881737733,1,3,1,Enriched in Weak
group_2272,0.24509803921568624,0.1513774881737733,1,3,1,Enriched in Weak
group_2264,0.24509803921568624,0.1513774881737733,1,3,1,Enriched in Weak
group_2254,0.24509803921568624,0.1513774881737733,1,3,1,Enriched in Weak
group_2253,0.24509803921568624,0.1513774881737733,1,3,1,Enriched in Weak
group_2242,0.24509803921568624,0.1513774881737733,1,3,1,Enriched in Weak
group_2236,0.9999999999999999,2.1564927746567557,3,1,1,Enriched in Strong
group_2228,0.24509803921568624,0.1513774881737733,1,3,1,Enriched in Weak
group_2226,0.24509803921568624,0.1513774881737733,1,3,1,Enriched in Weak
group_2225,0.24509803921568624,0.1513774881737733,1,3,1,Enriched in Weak
group_2212,0.24509803921568624,0.1513774881737733,1,3,1,Enriched in Weak
group_2211,0.24509803921568624,0.1513774881737733,1,3,1,Enriched in Weak
group_2164,0.9999999999999999,2.1564927746567557,3,1,1,Enriched in Strong
group_2156,0.24509803921568624,0.1513774881737733,1,3,1,Enriched in Weak
group_2151,0.24509803921568624,0.1513774881737733,1,3,1,Enriched in Weak
group_2142,0.24509803921568624,0.1513774881737733,1,3,1,Enriched in Weak
group_2128,0.9999999999999999,2.1564927746567557,3,1,1,Enriched in Strong
spo0F,0.24509803921568624,0.1513774881737733,1,3,1,Enriched in Weak
group_2123,0.24509803921568624,0.1513774881737733,1,3,1,Enriched in Weak
group_2122,0.24509803921568624,0.1513774881737733,1,3,1,Enriched in Weak
group_2106,0.24509803921568624,0.1513774881737733,1,3,1,Enriched in Weak
group_2105,0.24509803921568624,0.1513774881737733,1,3,1,Enriched in Weak
group_2103,0.9999999999999999,0.5747056276233646,2,2,1,No difference
group_2094,0.24509803921568624,0.1513774881737733,1,3,1,Enriched in Weak
group_2085,0.24509803921568624,0.1513774881737733,1,3,1,Enriched in Weak
group_2059,0.24509803921568624,0.1513774881737733,1,3,1,Enriched in Weak
group_2055,0.9999999999999999,2.1564927746567557,3,1,1,Enriched in Strong
group_2048,0.24509803921568624,0.1513774881737733,1,3,1,Enriched in Weak
group_2047,0.24509803921568624,0.1513774881737733,1,3,1,Enriched in Weak
group_2018,0.24509803921568624,0.1513774881737733,1,3,1,Enriched in Weak
group_2006,0.24509803921568624,0.1513774881737733,1,3,1,Enriched in Weak
group_2001,0.24509803921568624,0.1513774881737733,1,3,1,Enriched in Weak
group_1991,0.24509803921568624,0.1513774881737733,1,3,1,Enriched in Weak
group_1990,0.24509803921568624,0.1513774881737733,1,3,1,Enriched in Weak
group_1948,0.24509803921568624,0.1513774881737733,1,3,1,Enriched in Weak
group_1947,0.24509803921568624,0.1513774881737733,1,3,1,Enriched in Weak
group_1937,0.24509803921568624,0.1513774881737733,1,3,1,Enriched in Weak
group_1929,0.24509803921568624,0.1513774881737733,1,3,1,Enriched in Weak
group_1918,0.24509803921568624,0.1513774881737733,1,3,1,Enriched in Weak
group_1917,0.24509803921568624,0.1513774881737733,1,3,1,Enriched in Weak
group_1914,0.9999999999999999,2.1564927746567557,3,1,1,Enriched in Strong
group_1893,0.24509803921568624,0.1513774881737733,1,3,1,Enriched in Weak
group_1886,0.24509803921568624,0.1513774881737733,1,3,1,Enriched in Weak
group_1872,0.24509803921568624,0.1513774881737733,1,3,1,Enriched in Weak
group_1865,0.24509803921568624,0.1513774881737733,1,3,1,Enriched in Weak
group_1856,0.24509803921568624,0.1513774881737733,1,3,1,Enriched in Weak
group_1844,0.24509803921568624,0.1513774881737733,1,3,1,Enriched in Weak
group_1840,0.24509803921568624,0.1513774881737733,1,3,1,Enriched in Weak
yciE,0.24509803921568624,0.1513774881737733,1,3,1,Enriched in Weak
rrrD,0.24509803921568624,0.1513774881737733,1,3,1,Enriched in Weak
group_1809,0.24509803921568624,0.1513774881737733,1,3,1,Enriched in Weak
group_1796,0.24509803921568624,0.1513774881737733,1,3,1,Enriched in Weak
group_1795,0.24509803921568624,0.1513774881737733,1,3,1,Enriched in Weak
group_1783,0.9999999999999999,0.5747056276233646,2,2,1,No difference
group_1782,0.24509803921568624,0.1513774881737733,1,3,1,Enriched in Weak
group_1774,0.9999999999999999,0.5747056276233646,2,2,1,No difference
group_1772,0.24509803921568624,0.1513774881737733,1,3,1,Enriched in Weak
group_1751,0.9999999999999999,0.5747056276233646,2,2,1,No difference
group_1750,0.24509803921568624,0.1513774881737733,1,3,1,Enriched in Weak
group_1739,0.24509803921568624,0.1513774881737733,1,3,1,Enriched in Weak
group_1730,0.24509803921568624,0.1513774881737733,1,3,1,Enriched in Weak
group_1720,0.24509803921568624,0.1513774881737733,1,3,1,Enriched in Weak
group_1691,0.9999999999999999,2.1564927746567557,3,1,1,Enriched in Strong
yciF,0.24509803921568624,0.1513774881737733,1,3,1,Enriched in Weak
pncC_2,0.24509803921568624,0.1513774881737733,1,3,1,Enriched in Weak
group_1671,0.24509803921568624,0.1513774881737733,1,3,1,Enriched in Weak
group_1662,0.24509803921568624,0.1513774881737733,1,3,1,Enriched in Weak
group_1661,0.24509803921568624,0.1513774881737733,1,3,1,Enriched in Weak
group_1637,0.24509803921568624,0.1513774881737733,1,3,1,Enriched in Weak
group_1636,0.24509803921568624,0.1513774881737733,1,3,1,Enriched in Weak
group_1606,0.24509803921568624,0.1513774881737733,1,3,1,Enriched in Weak
group_1605,0.24509803921568624,0.1513774881737733,1,3,1,Enriched in Weak
group_1600,0.9999999999999999,0.5747056276233646,2,2,1,No difference
group_1599,0.24509803921568624,0.1513774881737733,1,3,1,Enriched in Weak
group_1592,0.24509803921568624,0.1513774881737733,1,3,1,Enriched in Weak
group_1580,0.9999999999999999,0.5747056276233646,2,2,1,No difference
group_1567,0.24509803921568624,0.1513774881737733,1,3,1,Enriched in Weak
group_1546,0.24509803921568624,0.1513774881737733,1,3,1,Enriched in Weak
group_1545,0.24509803921568624,0.1513774881737733,1,3,1,Enriched in Weak
group_1531,0.24509803921568624,0.1513774881737733,1,3,1,Enriched in Weak
group_1522,0.9999999999999999,0.5747056276233646,2,2,1,No difference
group_1521,0.24509803921568624,0.1513774881737733,1,3,1,Enriched in Weak
group_1517,0.24509803921568624,0.1513774881737733,1,3,1,Enriched in Weak
group_1499,0.24509803921568624,0.1513774881737733,1,3,1,Enriched in Weak
group_1489,0.24509803921568624,0.1513774881737733,1,3,1,Enriched in Weak
group_1488,0.24509803921568624,0.1513774881737733,1,3,1,Enriched in Weak
group_1453,0.24509803921568624,0.1513774881737733,1,3,1,Enriched in Weak
group_1452,0.24509803921568624,0.1513774881737733,1,3,1,Enriched in Weak
group_1448,0.24509803921568624,0.1513774881737733,1,3,1,Enriched in Weak
group_1432,0.24509803921568624,0.1513774881737733,1,3,1,Enriched in Weak
group_1419,0.24509803921568624,0.1513774881737733,1,3,1,Enriched in Weak
group_1395,0.24509803921568624,0.1513774881737733,1,3,1,Enriched in Weak
group_1390,0.24509803921568624,0.1513774881737733,1,3,1,Enriched in Weak
group_1378,0.24509803921568624,0.1513774881737733,1,3,1,Enriched in Weak
group_1365,0.9999999999999999,0.5747056276233646,2,2,1,No difference
group_1349,0.24509803921568624,0.1513774881737733,1,3,1,Enriched in Weak
group_1343,0.9999999999999999,0.5747056276233646,2,2,1,No difference
group_1342,0.24509803921568624,0.1513774881737733,1,3,1,Enriched in Weak
cpnA,0.24509803921568624,0.1513774881737733,1,3,1,Enriched in Weak
group_1310,0.24509803921568624,0.1513774881737733,1,3,1,Enriched in Weak
gph_2,0.24509803921568624,0.1513774881737733,1,3,1,Enriched in Weak
group_1296,0.24509803921568624,0.1513774881737733,1,3,1,Enriched in Weak
group_1289,0.24509803921568624,0.1513774881737733,1,3,1,Enriched in Weak
rcsB_4,0.24509803921568624,0.1513774881737733,1,3,1,Enriched in Weak
group_1265,0.24509803921568624,0.1513774881737733,1,3,1,Enriched in Weak
czcR_2,0.24509803921568624,0.1513774881737733,1,3,1,Enriched in Weak
group_1264,0.24509803921568624,0.1513774881737733,1,3,1,Enriched in Weak
group_1251,0.9999999999999999,0.5747056276233646,2,2,1,No difference
group_1249,0.24509803921568624,0.1513774881737733,1,3,1,Enriched in Weak
group_1240,0.24509803921568624,0.1513774881737733,1,3,1,Enriched in Weak
group_1237,0.24509803921568624,0.1513774881737733,1,3,1,Enriched in Weak
group_1236,0.24509803921568624,0.1513774881737733,1,3,1,Enriched in Weak
group_1230,0.9999999999999999,0.5747056276233646,2,2,1,No difference
group_1224,0.24509803921568624,0.1513774881737733,1,3,1,Enriched in Weak
group_1223,0.24509803921568624,0.1513774881737733,1,3,1,Enriched in Weak
group_1204,0.24509803921568624,0.1513774881737733,1,3,1,Enriched in Weak
group_1180,0.24509803921568624,0.1513774881737733,1,3,1,Enriched in Weak
mngR,0.24509803921568624,0.1513774881737733,1,3,1,Enriched in Weak
group_1163,0.24509803921568624,0.1513774881737733,1,3,1,Enriched in Weak
group_1106,0.24509803921568624,0.1513774881737733,1,3,1,Enriched in Weak
group_1100,0.24509803921568624,0.1513774881737733,1,3,1,Enriched in Weak
fabG_5,0.24509803921568624,0.1513774881737733,1,3,1,Enriched in Weak
group_1094,0.24509803921568624,0.1513774881737733,1,3,1,Enriched in Weak
group_1073,0.24509803921568624,0.1513774881737733,1,3,1,Enriched in Weak
dpnM,0.9999999999999999,0.5747056276233646,2,2,1,No difference
group_1050,0.24509803921568624,0.1513774881737733,1,3,1,Enriched in Weak
dnaC_1,0.24509803921568624,0.1513774881737733,1,3,1,Enriched in Weak
group_1038,0.24509803921568624,0.1513774881737733,1,3,1,Enriched in Weak
group_1020,0.24509803921568624,0.1513774881737733,1,3,1,Enriched in Weak
group_1019,0.24509803921568624,0.1513774881737733,1,3,1,Enriched in Weak
group_1011,0.24509803921568624,0.1513774881737733,1,3,1,Enriched in Weak
group_1002,0.24509803921568624,0.1513774881737733,1,3,1,Enriched in Weak
group_984,0.24509803921568624,0.1513774881737733,1,3,1,Enriched in Weak
group_983,0.24509803921568624,0.1513774881737733,1,3,1,Enriched in Weak
pmdD,0.24509803921568624,0.1513774881737733,1,3,1,Enriched in Weak
group_965,0.24509803921568624,0.1513774881737733,1,3,1,Enriched in Weak
group_952,0.24509803921568624,0.1513774881737733,1,3,1,Enriched in Weak
rutD_2,0.24509803921568624,0.1513774881737733,1,3,1,Enriched in Weak
sppA,0.24509803921568624,0.1513774881737733,1,3,1,Enriched in Weak
ydbD,0.24509803921568624,0.1513774881737733,1,3,1,Enriched in Weak
traC_2,0.24509803921568624,0.1513774881737733,1,3,1,Enriched in Weak
group_915,0.24509803921568624,0.1513774881737733,1,3,1,Enriched in Weak
group_888,0.24509803921568624,0.1513774881737733,1,3,1,Enriched in Weak
ompA_3,0.24509803921568624,0.1513774881737733,1,3,1,Enriched in Weak
mrr,0.24509803921568624,0.1513774881737733,1,3,1,Enriched in Weak
zupT_2,0.24509803921568624,0.1513774881737733,1,3,1,Enriched in Weak
group_821,0.24509803921568624,0.1513774881737733,1,3,1,Enriched in Weak
group_814,0.24509803921568624,0.1513774881737733,1,3,1,Enriched in Weak
group_790,0.9999999999999999,0.5747056276233646,2,2,1,No difference
group_768,0.24509803921568624,0.1513774881737733,1,3,1,Enriched in Weak
group_763,0.24509803921568624,0.1513774881737733,1,3,1,Enriched in Weak
xerC_2,0.24509803921568624,0.1513774881737733,1,3,1,Enriched in Weak
group_759,0.24509803921568624,0.1513774881737733,1,3,1,Enriched in Weak
group_741,0.9999999999999999,0.5747056276233646,2,2,1,No difference
group_740,0.24509803921568624,0.1513774881737733,1,3,1,Enriched in Weak
pikAII_1,0.24509803921568624,0.1513774881737733,1,3,1,Enriched in Weak
group_730,0.24509803921568624,0.1513774881737733,1,3,1,Enriched in Weak
cydB_2,0.24509803921568624,0.1513774881737733,1,3,1,Enriched in Weak
ompA_2,0.24509803921568624,0.1513774881737733,1,3,1,Enriched in Weak
xerC_6,0.24509803921568624,0.1513774881737733,1,3,1,Enriched in Weak
group_710,0.24509803921568624,0.1513774881737733,1,3,1,Enriched in Weak
group_671,0.24509803921568624,0.1513774881737733,1,3,1,Enriched in Weak
group_670,0.24509803921568624,0.1513774881737733,1,3,1,Enriched in Weak
group_662,0.24509803921568624,0.1513774881737733,1,3,1,Enriched in Weak
group_641,0.24509803921568624,0.1513774881737733,1,3,1,Enriched in Weak
group_636,0.24509803921568624,0.1513774881737733,1,3,1,Enriched in Weak
group_624,0.9999999999999999,0.5747056276233646,2,2,1,No difference
group_622,0.24509803921568624,0.1513774881737733,1,3,1,Enriched in Weak
group_612,0.24509803921568624,0.1513774881737733,1,3,1,Enriched in Weak
oatA,0.9999999999999999,2.1564927746567557,3,1,1,Enriched in Strong
ydiO,0.24509803921568624,0.1513774881737733,1,3,1,Enriched in Weak
nemA_4,0.24509803921568624,0.1513774881737733,1,3,1,Enriched in Weak
group_594,0.24509803921568624,0.1513774881737733,1,3,1,Enriched in Weak
group_593,0.24509803921568624,0.1513774881737733,1,3,1,Enriched in Weak
group_582,0.24509803921568624,0.1513774881737733,1,3,1,Enriched in Weak
group_581,0.24509803921568624,0.1513774881737733,1,3,1,Enriched in Weak
group_573,0.24509803921568624,0.1513774881737733,1,3,1,Enriched in Weak
group_572,0.24509803921568624,0.1513774881737733,1,3,1,Enriched in Weak
group_567,0.24509803921568624,0.1513774881737733,1,3,1,Enriched in Weak
group_564,0.24509803921568624,0.1513774881737733,1,3,1,Enriched in Weak
group_563,0.9999999999999999,0.5747056276233646,2,2,1,No difference
group_560,0.24509803921568624,0.1513774881737733,1,3,1,Enriched in Weak
group_553,0.24509803921568624,0.1513774881737733,1,3,1,Enriched in Weak
group_546,0.24509803921568624,0.1513774881737733,1,3,1,Enriched in Weak
group_543,0.24509803921568624,0.1513774881737733,1,3,1,Enriched in Weak
group_536,0.24509803921568624,0.1513774881737733,1,3,1,Enriched in Weak
group_535,0.24509803921568624,0.1513774881737733,1,3,1,Enriched in Weak
group_511,0.24509803921568624,0.1513774881737733,1,3,1,Enriched in Weak
kaiC_4,0.24509803921568624,0.1513774881737733,1,3,1,Enriched in Weak
group_501,0.24509803921568624,0.1513774881737733,1,3,1,Enriched in Weak
group_481,0.24509803921568624,0.1513774881737733,1,3,1,Enriched in Weak
group_480,0.24509803921568624,0.1513774881737733,1,3,1,Enriched in Weak
group_467,0.24509803921568624,0.1513774881737733,1,3,1,Enriched in Weak
intS,0.24509803921568624,0.1513774881737733,1,3,1,Enriched in Weak
group_457,0.24509803921568624,0.1513774881737733,1,3,1,Enriched in Weak
yjhB,0.24509803921568624,0.1513774881737733,1,3,1,Enriched in Weak
group_438,0.24509803921568624,0.1513774881737733,1,3,1,Enriched in Weak
group_428,0.24509803921568624,0.1513774881737733,1,3,1,Enriched in Weak
yhdG_2,0.24509803921568624,0.1513774881737733,1,3,1,Enriched in Weak
group_392,0.24509803921568624,0.1513774881737733,1,3,1,Enriched in Weak
group_391,0.9999999999999999,0.5747056276233646,2,2,1,No difference
group_381,0.24509803921568624,0.1513774881737733,1,3,1,Enriched in Weak
group_375,0.9999999999999999,0.5747056276233646,2,2,1,No difference
appC,0.24509803921568624,0.1513774881737733,1,3,1,Enriched in Weak
sasA_2,0.24509803921568624,0.1513774881737733,1,3,1,Enriched in Weak
group_348,0.24509803921568624,0.1513774881737733,1,3,1,Enriched in Weak
group_347,0.24509803921568624,0.1513774881737733,1,3,1,Enriched in Weak
group_344,0.24509803921568624,0.1513774881737733,1,3,1,Enriched in Weak
group_335,0.24509803921568624,0.1513774881737733,1,3,1,Enriched in Weak
group_329,0.24509803921568624,0.1513774881737733,1,3,1,Enriched in Weak
group_320,0.24509803921568624,0.1513774881737733,1,3,1,Enriched in Weak
group_312,0.24509803921568624,0.1513774881737733,1,3,1,Enriched in Weak
group_304,0.24509803921568624,0.1513774881737733,1,3,1,Enriched in Weak
group_281,0.24509803921568624,0.1513774881737733,1,3,1,Enriched in Weak
group_279,0.24509803921568624,0.1513774881737733,1,3,1,Enriched in Weak
group_260,0.9999999999999999,0.5747056276233646,2,2,1,No difference
group_243,0.24509803921568624,0.1513774881737733,1,3,1,Enriched in Weak
group_235,0.24509803921568624,0.1513774881737733,1,3,1,Enriched in Weak
group_219,0.24509803921568624,0.1513774881737733,1,3,1,Enriched in Weak
group_200,0.24509803921568624,0.1513774881737733,1,3,1,Enriched in Weak
group_196,0.24509803921568624,0.1513774881737733,1,3,1,Enriched in Weak
rtpR,0.24509803921568624,0.1513774881737733,1,3,1,Enriched in Weak
group_167,0.24509803921568624,0.1513774881737733,1,3,1,Enriched in Weak
group_154,0.24509803921568624,0.1513774881737733,1,3,1,Enriched in Weak
group_151,0.24509803921568624,0.1513774881737733,1,3,1,Enriched in Weak
group_148,0.24509803921568624,0.1513774881737733,1,3,1,Enriched in Weak
group_147,0.24509803921568624,0.1513774881737733,1,3,1,Enriched in Weak
group_133,0.24509803921568624,0.1513774881737733,1,3,1,Enriched in Weak
group_126,0.24509803921568624,0.1513774881737733,1,3,1,Enriched in Weak
apxIB_2,0.24509803921568624,0.1513774881737733,1,3,1,Enriched in Weak
ydeP_1,0.24509803921568624,0.1513774881737733,1,3,1,Enriched in Weak
group_75,0.24509803921568624,0.1513774881737733,1,3,1,Enriched in Weak
group_64,0.24509803921568624,0.1513774881737733,1,3,1,Enriched in Weak
group_63,0.24509803921568624,0.1513774881737733,1,3,1,Enriched in Weak
group_62,0.24509803921568624,0.1513774881737733,1,3,1,Enriched in Weak
group_61,0.24509803921568624,0.1513774881737733,1,3,1,Enriched in Weak
mdtC_1,0.24509803921568624,0.1513774881737733,1,3,1,Enriched in Weak
group_35,0.24509803921568624,0.1513774881737733,1,3,1,Enriched in Weak
bvgS_3,0.24509803921568624,0.1513774881737733,1,3,1,Enriched in Weak
group_10,0.24509803921568624,0.1513774881737733,1,3,1,Enriched in Weak
group_2,0.24509803921568624,0.1513774881737733,1,3,1,Enriched in Weak
group_4348,0.24509803921568624,Inf,3,0,1,Enriched in Strong
group_4341,0.04289215686274512,0,0,3,1,Enriched in Weak
group_4273,1,1.3126992464953084,2,1,1,Enriched in Strong
group_4272,1,1.3126992464953084,2,1,1,Enriched in Strong
group_4271,1,1.3126992464953084,2,1,1,Enriched in Strong
group_4270,1,1.3126992464953084,2,1,1,Enriched in Strong
group_4269,1,1.3126992464953084,2,1,1,Enriched in Strong
group_4268,1,1.3126992464953084,2,1,1,Enriched in Strong
cph2,1,1.3126992464953084,2,1,1,Enriched in Strong
group_4267,1,1.3126992464953084,2,1,1,Enriched in Strong
group_3940,0.5281862745098038,0.27155884762247684,1,2,1,Enriched in Weak
group_3939,1,1.3126992464953084,2,1,1,Enriched in Strong
group_3938,1,1.3126992464953084,2,1,1,Enriched in Strong
group_3914,1,1.3126992464953084,2,1,1,Enriched in Strong
group_3907,1,1.3126992464953084,2,1,1,Enriched in Strong
group_3902,1,1.3126992464953084,2,1,1,Enriched in Strong
group_3898,1,1.3126992464953084,2,1,1,Enriched in Strong
occM_4,1,1.3126992464953084,2,1,1,Enriched in Strong
glcB_2,1,1.3126992464953084,2,1,1,Enriched in Strong
group_3887,1,1.3126992464953084,2,1,1,Enriched in Strong
group_3886,1,1.3126992464953084,2,1,1,Enriched in Strong
iolD_2,1,1.3126992464953084,2,1,1,Enriched in Strong
exuR,1,1.3126992464953084,2,1,1,Enriched in Strong
group_3885,1,1.3126992464953084,2,1,1,Enriched in Strong
group_3884,1,1.3126992464953084,2,1,1,Enriched in Strong
group_3883,1,1.3126992464953084,2,1,1,Enriched in Strong
glcC_2,1,1.3126992464953084,2,1,1,Enriched in Strong
group_3882,1,1.3126992464953084,2,1,1,Enriched in Strong
group_3881,1,1.3126992464953084,2,1,1,Enriched in Strong
group_3880,1,1.3126992464953084,2,1,1,Enriched in Strong
nagZ_2,1,1.3126992464953084,2,1,1,Enriched in Strong
ydhF,1,1.3126992464953084,2,1,1,Enriched in Strong
group_3878,1,1.3126992464953084,2,1,1,Enriched in Strong
group_3877,1,1.3126992464953084,2,1,1,Enriched in Strong
group_3876,1,1.3126992464953084,2,1,1,Enriched in Strong
group_3875,1,1.3126992464953084,2,1,1,Enriched in Strong
group_3874,1,1.3126992464953084,2,1,1,Enriched in Strong
gltK_2,1,1.3126992464953084,2,1,1,Enriched in Strong
group_3873,1,1.3126992464953084,2,1,1,Enriched in Strong
group_3872,1,1.3126992464953084,2,1,1,Enriched in Strong
group_3871,1,1.3126992464953084,2,1,1,Enriched in Strong
nagZ_1,1,1.3126992464953084,2,1,1,Enriched in Strong
group_3870,1,1.3126992464953084,2,1,1,Enriched in Strong
ydcV_3,1,1.3126992464953084,2,1,1,Enriched in Strong
nadX,1,1.3126992464953084,2,1,1,Enriched in Strong
group_3869,1,1.3126992464953084,2,1,1,Enriched in Strong
group_3868,1,1.3126992464953084,2,1,1,Enriched in Strong
tcyA_2,1,1.3126992464953084,2,1,1,Enriched in Strong
group_3867,1,1.3126992464953084,2,1,1,Enriched in Strong
tcyL,1,1.3126992464953084,2,1,1,Enriched in Strong
group_3866,1,1.3126992464953084,2,1,1,Enriched in Strong
alkJ_3,1,1.3126992464953084,2,1,1,Enriched in Strong
group_3865,1,1.3126992464953084,2,1,1,Enriched in Strong
group_3864,1,1.3126992464953084,2,1,1,Enriched in Strong
iolI,1,1.3126992464953084,2,1,1,Enriched in Strong
lutA,1,1.3126992464953084,2,1,1,Enriched in Strong
group_3690,1,1.3126992464953084,2,1,1,Enriched in Strong
ktrB,1,1.3126992464953084,2,1,1,Enriched in Strong
group_3651,1,1.3126992464953084,2,1,1,Enriched in Strong
group_3568,1,1.3126992464953084,2,1,1,Enriched in Strong
group_3553,1,1.3126992464953084,2,1,1,Enriched in Strong
group_3546,1,1.3126992464953084,2,1,1,Enriched in Strong
group_3469,1,1.3126992464953084,2,1,1,Enriched in Strong
group_2886,1,1.3126992464953084,2,1,1,Enriched in Strong
group_2868,1,1.3126992464953084,2,1,1,Enriched in Strong
group_2863,1,1.3126992464953084,2,1,1,Enriched in Strong
group_2859,1,1.3126992464953084,2,1,1,Enriched in Strong
group_2846,1,1.3126992464953084,2,1,1,Enriched in Strong
group_2843,1,1.3126992464953084,2,1,1,Enriched in Strong
group_2807,1,1.3126992464953084,2,1,1,Enriched in Strong
group_2767,1,1.3126992464953084,2,1,1,Enriched in Strong
group_2757,1,1.3126992464953084,2,1,1,Enriched in Strong
group_2746,1,1.3126992464953084,2,1,1,Enriched in Strong
group_2745,1,1.3126992464953084,2,1,1,Enriched in Strong
group_2710,1,1.3126992464953084,2,1,1,Enriched in Strong
group_2706,1,1.3126992464953084,2,1,1,Enriched in Strong
group_2697,1,1.3126992464953084,2,1,1,Enriched in Strong
group_2696,1,1.3126992464953084,2,1,1,Enriched in Strong
group_2693,1,1.3126992464953084,2,1,1,Enriched in Strong
group_2691,1,1.3126992464953084,2,1,1,Enriched in Strong
group_2683,1,1.3126992464953084,2,1,1,Enriched in Strong
group_2669,1,1.3126992464953084,2,1,1,Enriched in Strong
group_2668,1,1.3126992464953084,2,1,1,Enriched in Strong
group_2655,1,1.3126992464953084,2,1,1,Enriched in Strong
group_2652,1,1.3126992464953084,2,1,1,Enriched in Strong
group_2642,1,1.3126992464953084,2,1,1,Enriched in Strong
group_2631,1,1.3126992464953084,2,1,1,Enriched in Strong
group_2614,1,1.3126992464953084,2,1,1,Enriched in Strong
group_2571,1,1.3126992464953084,2,1,1,Enriched in Strong
group_2566,1,1.3126992464953084,2,1,1,Enriched in Strong
group_2556,1,1.3126992464953084,2,1,1,Enriched in Strong
group_2541,1,1.3126992464953084,2,1,1,Enriched in Strong
group_2528,1,1.3126992464953084,2,1,1,Enriched in Strong
group_2527,1,1.3126992464953084,2,1,1,Enriched in Strong
group_2514,1,1.3126992464953084,2,1,1,Enriched in Strong
group_2510,1,1.3126992464953084,2,1,1,Enriched in Strong
group_2509,1,1.3126992464953084,2,1,1,Enriched in Strong
group_2504,1,1.3126992464953084,2,1,1,Enriched in Strong
group_2503,1,1.3126992464953084,2,1,1,Enriched in Strong
group_2489,1,1.3126992464953084,2,1,1,Enriched in Strong
group_2485,1,1.3126992464953084,2,1,1,Enriched in Strong
group_2473,1,1.3126992464953084,2,1,1,Enriched in Strong
group_2472,1,1.3126992464953084,2,1,1,Enriched in Strong
group_2463,1,1.3126992464953084,2,1,1,Enriched in Strong
group_2462,1,1.3126992464953084,2,1,1,Enriched in Strong
group_2454,1,1.3126992464953084,2,1,1,Enriched in Strong
group_2446,1,1.3126992464953084,2,1,1,Enriched in Strong
group_2445,1,1.3126992464953084,2,1,1,Enriched in Strong
group_2434,1,1.3126992464953084,2,1,1,Enriched in Strong
group_2432,1,1.3126992464953084,2,1,1,Enriched in Strong
group_2421,1,1.3126992464953084,2,1,1,Enriched in Strong
group_2412,1,1.3126992464953084,2,1,1,Enriched in Strong
group_2403,1,1.3126992464953084,2,1,1,Enriched in Strong
group_2400,1,1.3126992464953084,2,1,1,Enriched in Strong
group_2382,1,1.3126992464953084,2,1,1,Enriched in Strong
group_2380,1,1.3126992464953084,2,1,1,Enriched in Strong
group_2370,1,1.3126992464953084,2,1,1,Enriched in Strong
group_2360,1,1.3126992464953084,2,1,1,Enriched in Strong
group_2357,1,1.3126992464953084,2,1,1,Enriched in Strong
group_2337,1,1.3126992464953084,2,1,1,Enriched in Strong
group_2336,1,1.3126992464953084,2,1,1,Enriched in Strong
group_2326,1,1.3126992464953084,2,1,1,Enriched in Strong
group_2314,1,1.3126992464953084,2,1,1,Enriched in Strong
group_2313,1,1.3126992464953084,2,1,1,Enriched in Strong
group_2311,1,1.3126992464953084,2,1,1,Enriched in Strong
group_2280,1,1.3126992464953084,2,1,1,Enriched in Strong
group_2263,1,1.3126992464953084,2,1,1,Enriched in Strong
group_2260,1,1.3126992464953084,2,1,1,Enriched in Strong
group_2243,1,1.3126992464953084,2,1,1,Enriched in Strong
group_2229,1,1.3126992464953084,2,1,1,Enriched in Strong
group_2224,1,1.3126992464953084,2,1,1,Enriched in Strong
group_2215,1,1.3126992464953084,2,1,1,Enriched in Strong
group_2214,1,1.3126992464953084,2,1,1,Enriched in Strong
group_2201,1,1.3126992464953084,2,1,1,Enriched in Strong
group_2200,1,1.3126992464953084,2,1,1,Enriched in Strong
group_2199,1,1.3126992464953084,2,1,1,Enriched in Strong
group_2181,1,1.3126992464953084,2,1,1,Enriched in Strong
group_2121,1,1.3126992464953084,2,1,1,Enriched in Strong
group_2107,1,1.3126992464953084,2,1,1,Enriched in Strong
group_2104,1,1.3126992464953084,2,1,1,Enriched in Strong
group_2102,1,1.3126992464953084,2,1,1,Enriched in Strong
group_2095,1,1.3126992464953084,2,1,1,Enriched in Strong
group_2084,1,1.3126992464953084,2,1,1,Enriched in Strong
group_2060,1,1.3126992464953084,2,1,1,Enriched in Strong
group_2058,1,1.3126992464953084,2,1,1,Enriched in Strong
group_2050,1,1.3126992464953084,2,1,1,Enriched in Strong
group_2049,1,1.3126992464953084,2,1,1,Enriched in Strong
group_2045,1,1.3126992464953084,2,1,1,Enriched in Strong
group_2038,1,1.3126992464953084,2,1,1,Enriched in Strong
group_2024,1,1.3126992464953084,2,1,1,Enriched in Strong
group_2000,1,1.3126992464953084,2,1,1,Enriched in Strong
group_1981,1,1.3126992464953084,2,1,1,Enriched in Strong
group_1972,1,1.3126992464953084,2,1,1,Enriched in Strong
group_1970,1,1.3126992464953084,2,1,1,Enriched in Strong
group_1966,1,1.3126992464953084,2,1,1,Enriched in Strong
group_1949,1,1.3126992464953084,2,1,1,Enriched in Strong
group_1945,1,1.3126992464953084,2,1,1,Enriched in Strong
group_1883,1,1.3126992464953084,2,1,1,Enriched in Strong
group_1854,1,1.3126992464953084,2,1,1,Enriched in Strong
group_1846,1,1.3126992464953084,2,1,1,Enriched in Strong
group_1839,1,1.3126992464953084,2,1,1,Enriched in Strong
group_1815,1,1.3126992464953084,2,1,1,Enriched in Strong
group_1794,1,1.3126992464953084,2,1,1,Enriched in Strong
group_1773,1,1.3126992464953084,2,1,1,Enriched in Strong
group_1748,1,1.3126992464953084,2,1,1,Enriched in Strong
group_1740,1,1.3126992464953084,2,1,1,Enriched in Strong
hcpA_2,1,1.3126992464953084,2,1,1,Enriched in Strong
group_1681,1,1.3126992464953084,2,1,1,Enriched in Strong
group_1672,1,1.3126992464953084,2,1,1,Enriched in Strong
group_1656,1,1.3126992464953084,2,1,1,Enriched in Strong
group_1645,1,1.3126992464953084,2,1,1,Enriched in Strong
group_1643,1,1.3126992464953084,2,1,1,Enriched in Strong
group_1631,1,1.3126992464953084,2,1,1,Enriched in Strong
group_1618,1,1.3126992464953084,2,1,1,Enriched in Strong
group_1611,1,1.3126992464953084,2,1,1,Enriched in Strong
group_1610,1,1.3126992464953084,2,1,1,Enriched in Strong
group_1604,1,1.3126992464953084,2,1,1,Enriched in Strong
group_1593,1,1.3126992464953084,2,1,1,Enriched in Strong
group_1589,1,1.3126992464953084,2,1,1,Enriched in Strong
group_1588,1,1.3126992464953084,2,1,1,Enriched in Strong
group_1554,1,1.3126992464953084,2,1,1,Enriched in Strong
group_1544,1,1.3126992464953084,2,1,1,Enriched in Strong
group_1538,1,1.3126992464953084,2,1,1,Enriched in Strong
group_1507,1,1.3126992464953084,2,1,1,Enriched in Strong
group_1500,1,1.3126992464953084,2,1,1,Enriched in Strong
group_1482,1,1.3126992464953084,2,1,1,Enriched in Strong
group_1461,1,1.3126992464953084,2,1,1,Enriched in Strong
group_1456,1,1.3126992464953084,2,1,1,Enriched in Strong
group_1451,1,1.3126992464953084,2,1,1,Enriched in Strong
bin3_1,1,1.3126992464953084,2,1,1,Enriched in Strong
group_1413,1,1.3126992464953084,2,1,1,Enriched in Strong
group_1399,1,1.3126992464953084,2,1,1,Enriched in Strong
group_1398,1,1.3126992464953084,2,1,1,Enriched in Strong
group_1391,1,1.3126992464953084,2,1,1,Enriched in Strong
group_1371,1,1.3126992464953084,2,1,1,Enriched in Strong
group_1370,1,1.3126992464953084,2,1,1,Enriched in Strong
group_1350,1,1.3126992464953084,2,1,1,Enriched in Strong
group_1316,1,1.3126992464953084,2,1,1,Enriched in Strong
group_1315,1,1.3126992464953084,2,1,1,Enriched in Strong
group_1304,1,1.3126992464953084,2,1,1,Enriched in Strong
group_1282,1,1.3126992464953084,2,1,1,Enriched in Strong
group_1281,1,1.3126992464953084,2,1,1,Enriched in Strong
group_1270,1,1.3126992464953084,2,1,1,Enriched in Strong
group_1269,1,1.3126992464953084,2,1,1,Enriched in Strong
group_1268,1,1.3126992464953084,2,1,1,Enriched in Strong
group_1267,1,1.3126992464953084,2,1,1,Enriched in Strong
group_1258,1,1.3126992464953084,2,1,1,Enriched in Strong
group_1250,1,1.3126992464953084,2,1,1,Enriched in Strong
group_1233,0.5281862745098038,0.27155884762247684,1,2,1,Enriched in Weak
group_1232,1,1.3126992464953084,2,1,1,Enriched in Strong
group_1231,1,1.3126992464953084,2,1,1,Enriched in Strong
group_1222,1,1.3126992464953084,2,1,1,Enriched in Strong
group_1205,1,1.3126992464953084,2,1,1,Enriched in Strong
group_1197,1,1.3126992464953084,2,1,1,Enriched in Strong
group_1196,1,1.3126992464953084,2,1,1,Enriched in Strong
group_1195,1,1.3126992464953084,2,1,1,Enriched in Strong
group_1192,1,1.3126992464953084,2,1,1,Enriched in Strong
group_1186,1,1.3126992464953084,2,1,1,Enriched in Strong
group_1185,1,1.3126992464953084,2,1,1,Enriched in Strong
group_1169,1,1.3126992464953084,2,1,1,Enriched in Strong
group_1161,1,1.3126992464953084,2,1,1,Enriched in Strong
group_1089,1,1.3126992464953084,2,1,1,Enriched in Strong
group_1082,1,1.3126992464953084,2,1,1,Enriched in Strong
group_1074,1,1.3126992464953084,2,1,1,Enriched in Strong
group_1072,1,1.3126992464953084,2,1,1,Enriched in Strong
group_1049,1,1.3126992464953084,2,1,1,Enriched in Strong
group_1012,1,1.3126992464953084,2,1,1,Enriched in Strong
group_1010,1,1.3126992464953084,2,1,1,Enriched in Strong
group_991,1,1.3126992464953084,2,1,1,Enriched in Strong
group_985,1,1.3126992464953084,2,1,1,Enriched in Strong
group_964,1,1.3126992464953084,2,1,1,Enriched in Strong
group_957,1,1.3126992464953084,2,1,1,Enriched in Strong
group_938,1,1.3126992464953084,2,1,1,Enriched in Strong
group_933,1,1.3126992464953084,2,1,1,Enriched in Strong
group_932,1,1.3126992464953084,2,1,1,Enriched in Strong
group_910,1,1.3126992464953084,2,1,1,Enriched in Strong
group_909,1,1.3126992464953084,2,1,1,Enriched in Strong
group_899,1,1.3126992464953084,2,1,1,Enriched in Strong
group_881,1,1.3126992464953084,2,1,1,Enriched in Strong
group_872,1,1.3126992464953084,2,1,1,Enriched in Strong
group_861,1,1.3126992464953084,2,1,1,Enriched in Strong
group_834,1,1.3126992464953084,2,1,1,Enriched in Strong
group_813,1,1.3126992464953084,2,1,1,Enriched in Strong
group_775,1,1.3126992464953084,2,1,1,Enriched in Strong
group_774,1,1.3126992464953084,2,1,1,Enriched in Strong
group_764,1,1.3126992464953084,2,1,1,Enriched in Strong
group_762,1,1.3126992464953084,2,1,1,Enriched in Strong
group_694,1,1.3126992464953084,2,1,1,Enriched in Strong
group_690,1,1.3126992464953084,2,1,1,Enriched in Strong
group_667,1,1.3126992464953084,2,1,1,Enriched in Strong
group_661,1,1.3126992464953084,2,1,1,Enriched in Strong
group_660,1,1.3126992464953084,2,1,1,Enriched in Strong
group_640,1,1.3126992464953084,2,1,1,Enriched in Strong
group_611,1,1.3126992464953084,2,1,1,Enriched in Strong
group_607,1,1.3126992464953084,2,1,1,Enriched in Strong
ipsA,1,1.3126992464953084,2,1,1,Enriched in Strong
group_600,1,1.3126992464953084,2,1,1,Enriched in Strong
group_595,1,1.3126992464953084,2,1,1,Enriched in Strong
group_584,1,1.3126992464953084,2,1,1,Enriched in Strong
group_576,1,1.3126992464953084,2,1,1,Enriched in Strong
ybjJ_3,1,1.3126992464953084,2,1,1,Enriched in Strong
group_554,1,1.3126992464953084,2,1,1,Enriched in Strong
group_552,1,1.3126992464953084,2,1,1,Enriched in Strong
group_530,1,1.3126992464953084,2,1,1,Enriched in Strong
group_497,1,1.3126992464953084,2,1,1,Enriched in Strong
group_491,1,1.3126992464953084,2,1,1,Enriched in Strong
aplIM,1,1.3126992464953084,2,1,1,Enriched in Strong
intQ,1,1.3126992464953084,2,1,1,Enriched in Strong
group_479,1,1.3126992464953084,2,1,1,Enriched in Strong
group_472,1,1.3126992464953084,2,1,1,Enriched in Strong
group_466,1,1.3126992464953084,2,1,1,Enriched in Strong
group_462,1,1.3126992464953084,2,1,1,Enriched in Strong
ybjJ_2,1,1.3126992464953084,2,1,1,Enriched in Strong
group_425,1,1.3126992464953084,2,1,1,Enriched in Strong
group_423,1,1.3126992464953084,2,1,1,Enriched in Strong
group_421,1,1.3126992464953084,2,1,1,Enriched in Strong
hpsN,1,1.3126992464953084,2,1,1,Enriched in Strong
group_390,1,1.3126992464953084,2,1,1,Enriched in Strong
group_389,1,1.3126992464953084,2,1,1,Enriched in Strong
group_387,1,1.3126992464953084,2,1,1,Enriched in Strong
group_386,1,1.3126992464953084,2,1,1,Enriched in Strong
group_307,1,1.3126992464953084,2,1,1,Enriched in Strong
group_296,1,1.3126992464953084,2,1,1,Enriched in Strong
group_282,1,1.3126992464953084,2,1,1,Enriched in Strong
group_268,1,1.3126992464953084,2,1,1,Enriched in Strong
group_264,1,1.3126992464953084,2,1,1,Enriched in Strong
livQ,1,1.3126992464953084,2,1,1,Enriched in Strong
group_248,1,1.3126992464953084,2,1,1,Enriched in Strong
group_244,1,1.3126992464953084,2,1,1,Enriched in Strong
group_236,1,1.3126992464953084,2,1,1,Enriched in Strong
group_234,1,1.3126992464953084,2,1,1,Enriched in Strong
group_224,1,1.3126992464953084,2,1,1,Enriched in Strong
group_222,1,1.3126992464953084,2,1,1,Enriched in Strong
pal_4,1,1.3126992464953084,2,1,1,Enriched in Strong
group_204,1,1.3126992464953084,2,1,1,Enriched in Strong
group_203,1,1.3126992464953084,2,1,1,Enriched in Strong
ilvI_2,1,1.3126992464953084,2,1,1,Enriched in Strong
group_195,1,1.3126992464953084,2,1,1,Enriched in Strong
group_185,1,1.3126992464953084,2,1,1,Enriched in Strong
group_159,1,1.3126992464953084,2,1,1,Enriched in Strong
group_156,1,1.3126992464953084,2,1,1,Enriched in Strong
group_153,1,1.3126992464953084,2,1,1,Enriched in Strong
group_145,1,1.3126992464953084,2,1,1,Enriched in Strong
group_124,1,1.3126992464953084,2,1,1,Enriched in Strong
group_117,1,1.3126992464953084,2,1,1,Enriched in Strong
group_113,1,1.3126992464953084,2,1,1,Enriched in Strong
group_112,1,1.3126992464953084,2,1,1,Enriched in Strong
group_110,1,1.3126992464953084,2,1,1,Enriched in Strong
group_99,1,1.3126992464953084,2,1,1,Enriched in Strong
group_74,1,1.3126992464953084,2,1,1,Enriched in Strong
clpV1_3,1,1.3126992464953084,2,1,1,Enriched in Strong
group_67,1,1.3126992464953084,2,1,1,Enriched in Strong
dnaG_1,1,1.3126992464953084,2,1,1,Enriched in Strong
group_44,1,1.3126992464953084,2,1,1,Enriched in Strong
group_41,1,1.3126992464953084,2,1,1,Enriched in Strong
group_34,1,1.3126992464953084,2,1,1,Enriched in Strong
cpdA_3,1,1.3126992464953084,2,1,1,Enriched in Strong
group_30,1,1.3126992464953084,2,1,1,Enriched in Strong
group_24,1,1.3126992464953084,2,1,1,Enriched in Strong
group_22,1,1.3126992464953084,2,1,1,Enriched in Strong
group_4346,0.1372549019607843,0,0,2,1,Enriched in Weak
group_4345,0.1372549019607843,0,0,2,1,Enriched in Weak
group_4344,0.1372549019607843,0,0,2,1,Enriched in Weak
group_4343,0.1372549019607843,0,0,2,1,Enriched in Weak
group_4342,0.1372549019607843,0,0,2,1,Enriched in Weak
group_4340,0.1372549019607843,0,0,2,1,Enriched in Weak
group_4339,0.1372549019607843,0,0,2,1,Enriched in Weak
group_4329,0.1372549019607843,0,0,2,1,Enriched in Weak
group_4316,0.1372549019607843,0,0,2,1,Enriched in Weak
group_4313,0.1372549019607843,0,0,2,1,Enriched in Weak
group_4298,0.1372549019607843,0,0,2,1,Enriched in Weak
group_4297,0.1372549019607843,0,0,2,1,Enriched in Weak
group_4265,1,0.617938384006611,1,1,1,No difference
group_4264,1,0.617938384006611,1,1,1,No difference
group_4262,1,0.617938384006611,1,1,1,No difference
group_4260,1,0.617938384006611,1,1,1,No difference
sir2_2,1,0.617938384006611,1,1,1,No difference
group_3879,1,0.617938384006611,1,1,1,No difference
bacC_2,0.1372549019607843,0,0,2,1,Enriched in Weak
group_3444,0.1372549019607843,0,0,2,1,Enriched in Weak
group_3442,0.1372549019607843,0,0,2,1,Enriched in Weak
group_3441,0.1372549019607843,0,0,2,1,Enriched in Weak
group_3440,0.1372549019607843,0,0,2,1,Enriched in Weak
group_3439,0.1372549019607843,0,0,2,1,Enriched in Weak
group_3438,0.1372549019607843,0,0,2,1,Enriched in Weak
group_3437,0.1372549019607843,0,0,2,1,Enriched in Weak
group_3436,0.1372549019607843,0,0,2,1,Enriched in Weak
group_3432,0.1372549019607843,0,0,2,1,Enriched in Weak
group_3428,0.1372549019607843,0,0,2,1,Enriched in Weak
group_3427,0.1372549019607843,0,0,2,1,Enriched in Weak
group_3426,0.1372549019607843,0,0,2,1,Enriched in Weak
group_3420,0.1372549019607843,0,0,2,1,Enriched in Weak
group_3378,0.1372549019607843,0,0,2,1,Enriched in Weak
group_3371,0.1372549019607843,0,0,2,1,Enriched in Weak
group_3363,0.1372549019607843,0,0,2,1,Enriched in Weak
group_3342,0.1372549019607843,0,0,2,1,Enriched in Weak
rhsC,1,0.617938384006611,1,1,1,No difference
gpFI_2,0.1372549019607843,0,0,2,1,Enriched in Weak
group_3273,0.1372549019607843,0,0,2,1,Enriched in Weak
group_3240,1,0.617938384006611,1,1,1,No difference
group_2870,1,0.617938384006611,1,1,1,No difference
group_2852,1,0.617938384006611,1,1,1,No difference
group_2704,1,0.617938384006611,1,1,1,No difference
group_2325,1,0.617938384006611,1,1,1,No difference
group_2269,1,0.617938384006611,1,1,1,No difference
group_2149,1,0.617938384006611,1,1,1,No difference
crcB_1,1,0.617938384006611,1,1,1,No difference
group_1924,1,0.617938384006611,1,1,1,No difference
group_1744,1,0.617938384006611,1,1,1,No difference
group_1646,0.1372549019607843,0,0,2,1,Enriched in Weak
group_1384,1,0.617938384006611,1,1,1,No difference
group_1030,1,0.617938384006611,1,1,1,No difference
group_655,0.496732026143791,Inf,2,0,1,Enriched in Strong
group_418,0.1372549019607843,0,0,2,1,Enriched in Weak
group_284,1,0.617938384006611,1,1,1,No difference
group_125,1,0.617938384006611,1,1,1,No difference
group_4351,0.3888888888888889,0,0,1,1,Enriched in Weak
group_4350,0.3888888888888889,0,0,1,1,Enriched in Weak
group_4349,0.3888888888888889,0,0,1,1,Enriched in Weak
group_4347,0.3888888888888889,0,0,1,1,Enriched in Weak
group_4328,0.3888888888888889,0,0,1,1,Enriched in Weak
group_4327,0.3888888888888889,0,0,1,1,Enriched in Weak
group_4326,0.3888888888888889,0,0,1,1,Enriched in Weak
group_4325,0.3888888888888889,0,0,1,1,Enriched in Weak
group_4324,0.3888888888888889,0,0,1,1,Enriched in Weak
group_4323,0.3888888888888889,0,0,1,1,Enriched in Weak
group_4322,0.3888888888888889,0,0,1,1,Enriched in Weak
group_4321,0.3888888888888889,0,0,1,1,Enriched in Weak
group_4320,0.3888888888888889,0,0,1,1,Enriched in Weak
group_4319,0.3888888888888889,0,0,1,1,Enriched in Weak
group_4318,0.3888888888888889,0,0,1,1,Enriched in Weak
group_4317,0.3888888888888889,0,0,1,1,Enriched in Weak
group_4315,0.3888888888888889,0,0,1,1,Enriched in Weak
group_4314,0.3888888888888889,0,0,1,1,Enriched in Weak
group_4312,0.3888888888888889,0,0,1,1,Enriched in Weak
group_4311,0.3888888888888889,0,0,1,1,Enriched in Weak
group_4310,0.3888888888888889,0,0,1,1,Enriched in Weak
group_4309,0.3888888888888889,0,0,1,1,Enriched in Weak
group_4308,0.3888888888888889,0,0,1,1,Enriched in Weak
group_4307,0.3888888888888889,0,0,1,1,Enriched in Weak
group_4306,0.3888888888888889,0,0,1,1,Enriched in Weak
group_4305,0.3888888888888889,0,0,1,1,Enriched in Weak
group_4304,0.3888888888888889,0,0,1,1,Enriched in Weak
group_4303,0.3888888888888889,0,0,1,1,Enriched in Weak
group_4302,0.3888888888888889,0,0,1,1,Enriched in Weak
group_4301,0.3888888888888889,0,0,1,1,Enriched in Weak
emrE,0.3888888888888889,0,0,1,1,Enriched in Weak
group_4300,0.3888888888888889,0,0,1,1,Enriched in Weak
group_4299,0.3888888888888889,0,0,1,1,Enriched in Weak
group_4296,0.3888888888888889,0,0,1,1,Enriched in Weak
group_4295,0.3888888888888889,0,0,1,1,Enriched in Weak
group_4294,0.3888888888888889,0,0,1,1,Enriched in Weak
yheS_1,0.3888888888888889,0,0,1,1,Enriched in Weak
group_4293,0.3888888888888889,0,0,1,1,Enriched in Weak
group_4292,0.3888888888888889,0,0,1,1,Enriched in Weak
group_4291,0.3888888888888889,0,0,1,1,Enriched in Weak
group_4290,0.3888888888888889,0,0,1,1,Enriched in Weak
group_4289,0.3888888888888889,0,0,1,1,Enriched in Weak
group_4288,0.3888888888888889,0,0,1,1,Enriched in Weak
group_4287,0.3888888888888889,0,0,1,1,Enriched in Weak
group_4286,0.3888888888888889,0,0,1,1,Enriched in Weak
group_4285,0.3888888888888889,0,0,1,1,Enriched in Weak
group_4284,0.3888888888888889,0,0,1,1,Enriched in Weak
group_4283,0.3888888888888889,0,0,1,1,Enriched in Weak
group_4282,0.3888888888888889,0,0,1,1,Enriched in Weak
group_4281,0.3888888888888889,0,0,1,1,Enriched in Weak
group_4280,0.3888888888888889,0,0,1,1,Enriched in Weak
group_4279,0.3888888888888889,0,0,1,1,Enriched in Weak
group_4278,0.3888888888888889,0,0,1,1,Enriched in Weak
group_4277,0.3888888888888889,0,0,1,1,Enriched in Weak
group_4276,0.3888888888888889,0,0,1,1,Enriched in Weak
group_4275,0.3888888888888889,0,0,1,1,Enriched in Weak
hxpA_2,0.3888888888888889,0,0,1,1,Enriched in Weak
acrE,0.3888888888888889,0,0,1,1,Enriched in Weak
group_4252,0.3888888888888889,0,0,1,1,Enriched in Weak
group_4245,0.3888888888888889,0,0,1,1,Enriched in Weak
group_3783,1,Inf,1,0,1,Enriched in Strong
group_3767,1,Inf,1,0,1,Enriched in Strong
group_3737,1,Inf,1,0,1,Enriched in Strong
group_3696,0.3888888888888889,0,0,1,1,Enriched in Weak
group_3669,0.3888888888888889,0,0,1,1,Enriched in Weak
group_3666,0.3888888888888889,0,0,1,1,Enriched in Weak
intA_3,0.3888888888888889,0,0,1,1,Enriched in Weak
group_3616,0.3888888888888889,0,0,1,1,Enriched in Weak
group_3591,0.3888888888888889,0,0,1,1,Enriched in Weak
group_3571,0.3888888888888889,0,0,1,1,Enriched in Weak
group_3570,0.3888888888888889,0,0,1,1,Enriched in Weak
group_3556,0.3888888888888889,0,0,1,1,Enriched in Weak
group_3539,0.3888888888888889,0,0,1,1,Enriched in Weak
group_3510,0.3888888888888889,0,0,1,1,Enriched in Weak
group_3507,0.3888888888888889,0,0,1,1,Enriched in Weak
group_3504,0.3888888888888889,0,0,1,1,Enriched in Weak
group_3500,0.3888888888888889,0,0,1,1,Enriched in Weak
group_3471,0.3888888888888889,0,0,1,1,Enriched in Weak
group_3468,0.3888888888888889,0,0,1,1,Enriched in Weak
group_3458,0.3888888888888889,0,0,1,1,Enriched in Weak
group_3453,0.3888888888888889,0,0,1,1,Enriched in Weak
group_3443,0.3888888888888889,0,0,1,1,Enriched in Weak
group_2888,0.3888888888888889,0,0,1,1,Enriched in Weak
group_2887,0.3888888888888889,0,0,1,1,Enriched in Weak
group_2883,1,Inf,1,0,1,Enriched in Strong
group_2882,1,Inf,1,0,1,Enriched in Strong
group_2878,0.3888888888888889,0,0,1,1,Enriched in Weak
group_2877,1,Inf,1,0,1,Enriched in Strong
group_2876,0.3888888888888889,0,0,1,1,Enriched in Weak
group_2875,1,Inf,1,0,1,Enriched in Strong
group_2871,0.3888888888888889,0,0,1,1,Enriched in Weak
group_2869,1,Inf,1,0,1,Enriched in Strong
group_2865,0.3888888888888889,0,0,1,1,Enriched in Weak
group_2861,0.3888888888888889,0,0,1,1,Enriched in Weak
group_2856,1,Inf,1,0,1,Enriched in Strong
group_2838,0.3888888888888889,0,0,1,1,Enriched in Weak
group_2835,0.3888888888888889,0,0,1,1,Enriched in Weak
group_2832,0.3888888888888889,0,0,1,1,Enriched in Weak
group_2829,1,Inf,1,0,1,Enriched in Strong
group_2827,0.3888888888888889,0,0,1,1,Enriched in Weak
group_2826,0.3888888888888889,0,0,1,1,Enriched in Weak
group_2819,0.3888888888888889,0,0,1,1,Enriched in Weak
group_2817,0.3888888888888889,0,0,1,1,Enriched in Weak
group_2816,0.3888888888888889,0,0,1,1,Enriched in Weak
group_2810,0.3888888888888889,0,0,1,1,Enriched in Weak
group_2798,0.3888888888888889,0,0,1,1,Enriched in Weak
group_2793,0.3888888888888889,0,0,1,1,Enriched in Weak
group_2786,0.3888888888888889,0,0,1,1,Enriched in Weak
group_2777,0.3888888888888889,0,0,1,1,Enriched in Weak
group_2776,0.3888888888888889,0,0,1,1,Enriched in Weak
group_2775,0.3888888888888889,0,0,1,1,Enriched in Weak
group_2770,1,Inf,1,0,1,Enriched in Strong
group_2768,0.3888888888888889,0,0,1,1,Enriched in Weak
group_2765,1,Inf,1,0,1,Enriched in Strong
group_2764,1,Inf,1,0,1,Enriched in Strong
group_2759,0.3888888888888889,0,0,1,1,Enriched in Weak
group_2749,0.3888888888888889,0,0,1,1,Enriched in Weak
group_2748,0.3888888888888889,0,0,1,1,Enriched in Weak
group_2736,0.3888888888888889,0,0,1,1,Enriched in Weak
group_2728,0.3888888888888889,0,0,1,1,Enriched in Weak
group_2726,1,Inf,1,0,1,Enriched in Strong
group_2725,1,Inf,1,0,1,Enriched in Strong
group_2719,0.3888888888888889,0,0,1,1,Enriched in Weak
group_2714,0.3888888888888889,0,0,1,1,Enriched in Weak
group_2713,0.3888888888888889,0,0,1,1,Enriched in Weak
group_2712,0.3888888888888889,0,0,1,1,Enriched in Weak
group_2699,0.3888888888888889,0,0,1,1,Enriched in Weak
group_2694,0.3888888888888889,0,0,1,1,Enriched in Weak
group_2690,0.3888888888888889,0,0,1,1,Enriched in Weak
group_2678,0.3888888888888889,0,0,1,1,Enriched in Weak
group_2661,1,Inf,1,0,1,Enriched in Strong
group_2659,0.3888888888888889,0,0,1,1,Enriched in Weak
group_2658,0.3888888888888889,0,0,1,1,Enriched in Weak
group_2657,0.3888888888888889,0,0,1,1,Enriched in Weak
group_2656,0.3888888888888889,0,0,1,1,Enriched in Weak
group_2649,1,Inf,1,0,1,Enriched in Strong
group_2644,0.3888888888888889,0,0,1,1,Enriched in Weak
group_2643,0.3888888888888889,0,0,1,1,Enriched in Weak
group_2634,0.3888888888888889,0,0,1,1,Enriched in Weak
group_2633,0.3888888888888889,0,0,1,1,Enriched in Weak
group_2620,0.3888888888888889,0,0,1,1,Enriched in Weak
group_2604,1,Inf,1,0,1,Enriched in Strong
group_2603,0.3888888888888889,0,0,1,1,Enriched in Weak
group_2602,0.3888888888888889,0,0,1,1,Enriched in Weak
group_2597,0.3888888888888889,0,0,1,1,Enriched in Weak
group_2596,0.3888888888888889,0,0,1,1,Enriched in Weak
group_2592,1,Inf,1,0,1,Enriched in Strong
group_2585,0.3888888888888889,0,0,1,1,Enriched in Weak
group_2584,0.3888888888888889,0,0,1,1,Enriched in Weak
group_2583,0.3888888888888889,0,0,1,1,Enriched in Weak
group_2582,0.3888888888888889,0,0,1,1,Enriched in Weak
group_2577,1,Inf,1,0,1,Enriched in Strong
group_2576,1,Inf,1,0,1,Enriched in Strong
group_2561,1,Inf,1,0,1,Enriched in Strong
group_2558,0.3888888888888889,0,0,1,1,Enriched in Weak
group_2557,0.3888888888888889,0,0,1,1,Enriched in Weak
group_2548,0.3888888888888889,0,0,1,1,Enriched in Weak
group_2547,0.3888888888888889,0,0,1,1,Enriched in Weak
group_2543,0.3888888888888889,0,0,1,1,Enriched in Weak
group_2537,0.3888888888888889,0,0,1,1,Enriched in Weak
group_2536,0.3888888888888889,0,0,1,1,Enriched in Weak
group_2532,0.3888888888888889,0,0,1,1,Enriched in Weak
group_2519,0.3888888888888889,0,0,1,1,Enriched in Weak
group_2499,1,Inf,1,0,1,Enriched in Strong
group_2494,0.3888888888888889,0,0,1,1,Enriched in Weak
group_2493,0.3888888888888889,0,0,1,1,Enriched in Weak
group_2490,0.3888888888888889,0,0,1,1,Enriched in Weak
group_2479,1,Inf,1,0,1,Enriched in Strong
group_2476,0.3888888888888889,0,0,1,1,Enriched in Weak
group_2466,1,Inf,1,0,1,Enriched in Strong
group_2438,0.3888888888888889,0,0,1,1,Enriched in Weak
group_2436,0.3888888888888889,0,0,1,1,Enriched in Weak
group_2435,1,Inf,1,0,1,Enriched in Strong
group_2428,1,Inf,1,0,1,Enriched in Strong
group_2425,0.3888888888888889,0,0,1,1,Enriched in Weak
group_2407,1,Inf,1,0,1,Enriched in Strong
group_2395,0.3888888888888889,0,0,1,1,Enriched in Weak
group_2391,1,Inf,1,0,1,Enriched in Strong
group_2386,0.3888888888888889,0,0,1,1,Enriched in Weak
group_2383,0.3888888888888889,0,0,1,1,Enriched in Weak
group_2376,0.3888888888888889,0,0,1,1,Enriched in Weak
group_2375,0.3888888888888889,0,0,1,1,Enriched in Weak
group_2374,0.3888888888888889,0,0,1,1,Enriched in Weak
group_2369,1,Inf,1,0,1,Enriched in Strong
group_2364,0.3888888888888889,0,0,1,1,Enriched in Weak
group_2363,0.3888888888888889,0,0,1,1,Enriched in Weak
group_2355,0.3888888888888889,0,0,1,1,Enriched in Weak
group_2353,0.3888888888888889,0,0,1,1,Enriched in Weak
group_2344,0.3888888888888889,0,0,1,1,Enriched in Weak
group_2333,1,Inf,1,0,1,Enriched in Strong
group_2327,0.3888888888888889,0,0,1,1,Enriched in Weak
group_2302,0.3888888888888889,0,0,1,1,Enriched in Weak
group_2301,0.3888888888888889,0,0,1,1,Enriched in Weak
group_2300,0.3888888888888889,0,0,1,1,Enriched in Weak
group_2299,0.3888888888888889,0,0,1,1,Enriched in Weak
group_2297,0.3888888888888889,0,0,1,1,Enriched in Weak
group_2267,1,Inf,1,0,1,Enriched in Strong
group_2244,0.3888888888888889,0,0,1,1,Enriched in Weak
group_2241,1,Inf,1,0,1,Enriched in Strong
group_2233,0.3888888888888889,0,0,1,1,Enriched in Weak
group_2232,0.3888888888888889,0,0,1,1,Enriched in Weak
group_2219,0.3888888888888889,0,0,1,1,Enriched in Weak
group_2204,0.3888888888888889,0,0,1,1,Enriched in Weak
group_2202,0.3888888888888889,0,0,1,1,Enriched in Weak
group_2184,0.3888888888888889,0,0,1,1,Enriched in Weak
group_2183,0.3888888888888889,0,0,1,1,Enriched in Weak
group_2182,0.3888888888888889,0,0,1,1,Enriched in Weak
group_2170,1,Inf,1,0,1,Enriched in Strong
group_2169,1,Inf,1,0,1,Enriched in Strong
group_2161,0.3888888888888889,0,0,1,1,Enriched in Weak
group_2152,0.3888888888888889,0,0,1,1,Enriched in Weak
group_2144,0.3888888888888889,0,0,1,1,Enriched in Weak
group_2132,0.3888888888888889,0,0,1,1,Enriched in Weak
group_2126,0.3888888888888889,0,0,1,1,Enriched in Weak
group_2111,0.3888888888888889,0,0,1,1,Enriched in Weak
group_2110,0.3888888888888889,0,0,1,1,Enriched in Weak
group_2090,0.3888888888888889,0,0,1,1,Enriched in Weak
group_2089,0.3888888888888889,0,0,1,1,Enriched in Weak
group_2087,0.3888888888888889,0,0,1,1,Enriched in Weak
group_2086,0.3888888888888889,0,0,1,1,Enriched in Weak
yfdG,0.3888888888888889,0,0,1,1,Enriched in Weak
group_2068,0.3888888888888889,0,0,1,1,Enriched in Weak
group_2067,0.3888888888888889,0,0,1,1,Enriched in Weak
group_2066,0.3888888888888889,0,0,1,1,Enriched in Weak
group_2053,0.3888888888888889,0,0,1,1,Enriched in Weak
group_2034,1,Inf,1,0,1,Enriched in Strong
group_2030,0.3888888888888889,0,0,1,1,Enriched in Weak
group_2029,0.3888888888888889,0,0,1,1,Enriched in Weak
group_2025,0.3888888888888889,0,0,1,1,Enriched in Weak
group_2019,0.3888888888888889,0,0,1,1,Enriched in Weak
group_2016,1,Inf,1,0,1,Enriched in Strong
group_1967,0.3888888888888889,0,0,1,1,Enriched in Weak
group_1962,0.3888888888888889,0,0,1,1,Enriched in Weak
group_1955,1,Inf,1,0,1,Enriched in Strong
group_1951,0.3888888888888889,0,0,1,1,Enriched in Weak
group_1940,0.3888888888888889,0,0,1,1,Enriched in Weak
group_1935,1,Inf,1,0,1,Enriched in Strong
group_1930,0.3888888888888889,0,0,1,1,Enriched in Weak
group_1927,1,Inf,1,0,1,Enriched in Strong
group_1908,0.3888888888888889,0,0,1,1,Enriched in Weak
group_1907,0.3888888888888889,0,0,1,1,Enriched in Weak
group_1897,0.3888888888888889,0,0,1,1,Enriched in Weak
group_1896,0.3888888888888889,0,0,1,1,Enriched in Weak
group_1887,0.3888888888888889,0,0,1,1,Enriched in Weak
group_1877,1,Inf,1,0,1,Enriched in Strong
group_1873,0.3888888888888889,0,0,1,1,Enriched in Weak
group_1867,0.3888888888888889,0,0,1,1,Enriched in Weak
group_1857,0.3888888888888889,0,0,1,1,Enriched in Weak
group_1848,0.3888888888888889,0,0,1,1,Enriched in Weak
group_1838,1,Inf,1,0,1,Enriched in Strong
group_1825,0.3888888888888889,0,0,1,1,Enriched in Weak
group_1824,0.3888888888888889,0,0,1,1,Enriched in Weak
group_1823,0.3888888888888889,0,0,1,1,Enriched in Weak
group_1817,0.3888888888888889,0,0,1,1,Enriched in Weak
group_1807,1,Inf,1,0,1,Enriched in Strong
group_1800,0.3888888888888889,0,0,1,1,Enriched in Weak
group_1799,0.3888888888888889,0,0,1,1,Enriched in Weak
group_1785,0.3888888888888889,0,0,1,1,Enriched in Weak
group_1784,0.3888888888888889,0,0,1,1,Enriched in Weak
group_1775,0.3888888888888889,0,0,1,1,Enriched in Weak
group_1754,0.3888888888888889,0,0,1,1,Enriched in Weak
group_1753,0.3888888888888889,0,0,1,1,Enriched in Weak
group_1752,0.3888888888888889,0,0,1,1,Enriched in Weak
group_1746,1,Inf,1,0,1,Enriched in Strong
group_1732,0.3888888888888889,0,0,1,1,Enriched in Weak
group_1728,1,Inf,1,0,1,Enriched in Strong
group_1723,0.3888888888888889,0,0,1,1,Enriched in Weak
group_1714,1,Inf,1,0,1,Enriched in Strong
group_1702,0.3888888888888889,0,0,1,1,Enriched in Weak
group_1694,0.3888888888888889,0,0,1,1,Enriched in Weak
group_1683,0.3888888888888889,0,0,1,1,Enriched in Weak
group_1673,0.3888888888888889,0,0,1,1,Enriched in Weak
group_1668,1,Inf,1,0,1,Enriched in Strong
group_1664,0.3888888888888889,0,0,1,1,Enriched in Weak
group_1657,0.3888888888888889,0,0,1,1,Enriched in Weak
group_1650,0.3888888888888889,0,0,1,1,Enriched in Weak
group_1649,0.3888888888888889,0,0,1,1,Enriched in Weak
group_1635,1,Inf,1,0,1,Enriched in Strong
group_1622,0.3888888888888889,0,0,1,1,Enriched in Weak
group_1620,0.3888888888888889,0,0,1,1,Enriched in Weak
group_1614,0.3888888888888889,0,0,1,1,Enriched in Weak
group_1570,0.3888888888888889,0,0,1,1,Enriched in Weak
group_1556,0.3888888888888889,0,0,1,1,Enriched in Weak
group_1551,0.3888888888888889,0,0,1,1,Enriched in Weak
group_1539,0.3888888888888889,0,0,1,1,Enriched in Weak
group_1532,0.3888888888888889,0,0,1,1,Enriched in Weak
group_1524,0.3888888888888889,0,0,1,1,Enriched in Weak
group_1503,0.3888888888888889,0,0,1,1,Enriched in Weak
group_1502,0.3888888888888889,0,0,1,1,Enriched in Weak
group_1497,1,Inf,1,0,1,Enriched in Strong
group_1496,1,Inf,1,0,1,Enriched in Strong
group_1495,0.3888888888888889,0,0,1,1,Enriched in Weak
hifA,0.3888888888888889,0,0,1,1,Enriched in Weak
group_1483,0.3888888888888889,0,0,1,1,Enriched in Weak
group_1475,0.3888888888888889,0,0,1,1,Enriched in Weak
group_1474,0.3888888888888889,0,0,1,1,Enriched in Weak
group_1469,0.3888888888888889,0,0,1,1,Enriched in Weak
group_1468,0.3888888888888889,0,0,1,1,Enriched in Weak
group_1467,0.3888888888888889,0,0,1,1,Enriched in Weak
group_1466,0.3888888888888889,0,0,1,1,Enriched in Weak
group_1465,0.3888888888888889,0,0,1,1,Enriched in Weak
group_1454,0.3888888888888889,0,0,1,1,Enriched in Weak
group_1449,0.3888888888888889,0,0,1,1,Enriched in Weak
group_1445,0.3888888888888889,0,0,1,1,Enriched in Weak
group_1439,1,Inf,1,0,1,Enriched in Strong
group_1436,0.3888888888888889,0,0,1,1,Enriched in Weak
group_1407,0.3888888888888889,0,0,1,1,Enriched in Weak
bvgA_3,0.3888888888888889,0,0,1,1,Enriched in Weak
bvgA_1,0.3888888888888889,0,0,1,1,Enriched in Weak
group_1392,0.3888888888888889,0,0,1,1,Enriched in Weak
group_1373,0.3888888888888889,0,0,1,1,Enriched in Weak
group_1372,0.3888888888888889,0,0,1,1,Enriched in Weak
group_1366,0.3888888888888889,0,0,1,1,Enriched in Weak
group_1361,0.3888888888888889,0,0,1,1,Enriched in Weak
group_1360,1,Inf,1,0,1,Enriched in Strong
group_1356,1,Inf,1,0,1,Enriched in Strong
group_1344,0.3888888888888889,0,0,1,1,Enriched in Weak
group_1329,0.3888888888888889,0,0,1,1,Enriched in Weak
group_1313,0.3888888888888889,0,0,1,1,Enriched in Weak
group_1311,0.3888888888888889,0,0,1,1,Enriched in Weak
uhpA,0.3888888888888889,0,0,1,1,Enriched in Weak
group_1272,0.3888888888888889,0,0,1,1,Enriched in Weak
group_1266,0.3888888888888889,0,0,1,1,Enriched in Weak
rcsB_3,0.3888888888888889,0,0,1,1,Enriched in Weak
group_1241,0.3888888888888889,0,0,1,1,Enriched in Weak
faeE,0.3888888888888889,0,0,1,1,Enriched in Weak
nucS,0.3888888888888889,0,0,1,1,Enriched in Weak
group_1218,0.3888888888888889,0,0,1,1,Enriched in Weak
sdiA,0.3888888888888889,0,0,1,1,Enriched in Weak
group_1202,1,Inf,1,0,1,Enriched in Strong
group_1189,0.3888888888888889,0,0,1,1,Enriched in Weak
group_1188,0.3888888888888889,0,0,1,1,Enriched in Weak
group_1184,1,Inf,1,0,1,Enriched in Strong
group_1173,1,Inf,1,0,1,Enriched in Strong
group_1165,0.3888888888888889,0,0,1,1,Enriched in Weak
group_1152,0.3888888888888889,0,0,1,1,Enriched in Weak
group_1151,0.3888888888888889,0,0,1,1,Enriched in Weak
bdcA_1,0.3888888888888889,0,0,1,1,Enriched in Weak
group_1129,0.3888888888888889,0,0,1,1,Enriched in Weak
group_1118,0.3888888888888889,0,0,1,1,Enriched in Weak
yadV_4,0.3888888888888889,0,0,1,1,Enriched in Weak
group_1101,0.3888888888888889,0,0,1,1,Enriched in Weak
group_1098,0.3888888888888889,0,0,1,1,Enriched in Weak
group_1097,0.3888888888888889,0,0,1,1,Enriched in Weak
group_1090,0.3888888888888889,0,0,1,1,Enriched in Weak
group_1075,0.3888888888888889,0,0,1,1,Enriched in Weak
group_1067,0.3888888888888889,0,0,1,1,Enriched in Weak
kpsM,0.3888888888888889,0,0,1,1,Enriched in Weak
yadV_3,0.3888888888888889,0,0,1,1,Enriched in Weak
group_1060,0.3888888888888889,0,0,1,1,Enriched in Weak
group_1056,0.3888888888888889,0,0,1,1,Enriched in Weak
group_1055,0.3888888888888889,0,0,1,1,Enriched in Weak
group_1054,0.3888888888888889,0,0,1,1,Enriched in Weak
group_1044,0.3888888888888889,0,0,1,1,Enriched in Weak
group_1028,0.3888888888888889,0,0,1,1,Enriched in Weak
group_1027,0.3888888888888889,0,0,1,1,Enriched in Weak
group_1013,0.3888888888888889,0,0,1,1,Enriched in Weak
group_1006,0.3888888888888889,0,0,1,1,Enriched in Weak
group_1000,1,Inf,1,0,1,Enriched in Strong
group_997,0.3888888888888889,0,0,1,1,Enriched in Weak
group_981,0.3888888888888889,0,0,1,1,Enriched in Weak
group_980,1,Inf,1,0,1,Enriched in Strong
group_970,0.3888888888888889,0,0,1,1,Enriched in Weak
group_961,0.3888888888888889,0,0,1,1,Enriched in Weak
group_960,0.3888888888888889,0,0,1,1,Enriched in Weak
group_927,0.3888888888888889,0,0,1,1,Enriched in Weak
group_917,0.3888888888888889,0,0,1,1,Enriched in Weak
group_916,0.3888888888888889,0,0,1,1,Enriched in Weak
group_911,0.3888888888888889,0,0,1,1,Enriched in Weak
group_890,0.3888888888888889,0,0,1,1,Enriched in Weak
group_887,1,Inf,1,0,1,Enriched in Strong
group_884,0.3888888888888889,0,0,1,1,Enriched in Weak
ompA_1,0.3888888888888889,0,0,1,1,Enriched in Weak
group_866,0.3888888888888889,0,0,1,1,Enriched in Weak
group_862,0.3888888888888889,0,0,1,1,Enriched in Weak
group_851,0.3888888888888889,0,0,1,1,Enriched in Weak
group_847,0.3888888888888889,0,0,1,1,Enriched in Weak
group_837,0.3888888888888889,0,0,1,1,Enriched in Weak
group_836,0.3888888888888889,0,0,1,1,Enriched in Weak
group_829,0.3888888888888889,0,0,1,1,Enriched in Weak
dmlR_3,0.3888888888888889,0,0,1,1,Enriched in Weak
group_825,0.3888888888888889,0,0,1,1,Enriched in Weak
group_808,0.3888888888888889,0,0,1,1,Enriched in Weak
group_807,0.3888888888888889,0,0,1,1,Enriched in Weak
rmd,0.3888888888888889,0,0,1,1,Enriched in Weak
group_791,0.3888888888888889,0,0,1,1,Enriched in Weak
yfdH,0.3888888888888889,0,0,1,1,Enriched in Weak
group_769,0.3888888888888889,0,0,1,1,Enriched in Weak
group_766,0.3888888888888889,0,0,1,1,Enriched in Weak
group_765,0.3888888888888889,0,0,1,1,Enriched in Weak
group_755,1,Inf,1,0,1,Enriched in Strong
group_735,0.3888888888888889,0,0,1,1,Enriched in Weak
group_734,1,Inf,1,0,1,Enriched in Strong
group_721,0.3888888888888889,0,0,1,1,Enriched in Weak
group_720,0.3888888888888889,0,0,1,1,Enriched in Weak
group_719,0.3888888888888889,0,0,1,1,Enriched in Weak
yejK_2,0.3888888888888889,0,0,1,1,Enriched in Weak
group_715,1,Inf,1,0,1,Enriched in Strong
group_692,0.3888888888888889,0,0,1,1,Enriched in Weak
gmd,0.3888888888888889,0,0,1,1,Enriched in Weak
group_683,0.3888888888888889,0,0,1,1,Enriched in Weak
group_682,0.3888888888888889,0,0,1,1,Enriched in Weak
group_678,0.3888888888888889,0,0,1,1,Enriched in Weak
group_668,0.3888888888888889,0,0,1,1,Enriched in Weak
group_648,0.3888888888888889,0,0,1,1,Enriched in Weak
group_631,0.3888888888888889,0,0,1,1,Enriched in Weak
group_619,0.3888888888888889,0,0,1,1,Enriched in Weak
group_617,0.3888888888888889,0,0,1,1,Enriched in Weak
group_613,0.3888888888888889,0,0,1,1,Enriched in Weak
group_609,1,Inf,1,0,1,Enriched in Strong
group_605,0.3888888888888889,0,0,1,1,Enriched in Weak
group_587,0.3888888888888889,0,0,1,1,Enriched in Weak
rep_3,0.3888888888888889,0,0,1,1,Enriched in Weak
moeZ,0.3888888888888889,0,0,1,1,Enriched in Weak
group_516,0.3888888888888889,0,0,1,1,Enriched in Weak
group_515,0.3888888888888889,0,0,1,1,Enriched in Weak
group_505,1,Inf,1,0,1,Enriched in Strong
mshA_2,0.3888888888888889,0,0,1,1,Enriched in Weak
group_499,1,Inf,1,0,1,Enriched in Strong
group_498,0.3888888888888889,0,0,1,1,Enriched in Weak
group_495,1,Inf,1,0,1,Enriched in Strong
rssB_7,0.3888888888888889,0,0,1,1,Enriched in Weak
group_470,0.3888888888888889,0,0,1,1,Enriched in Weak
intA_2,0.3888888888888889,0,0,1,1,Enriched in Weak
group_453,0.3888888888888889,0,0,1,1,Enriched in Weak
group_448,0.3888888888888889,0,0,1,1,Enriched in Weak
xerC_3,0.3888888888888889,0,0,1,1,Enriched in Weak
group_427,1,Inf,1,0,1,Enriched in Strong
cya,1,Inf,1,0,1,Enriched in Strong
group_420,1,Inf,1,0,1,Enriched in Strong
group_415,0.3888888888888889,0,0,1,1,Enriched in Weak
group_413,0.3888888888888889,0,0,1,1,Enriched in Weak
group_396,0.3888888888888889,0,0,1,1,Enriched in Weak
group_379,0.3888888888888889,0,0,1,1,Enriched in Weak
dnaB_2,0.3888888888888889,0,0,1,1,Enriched in Weak
group_357,0.3888888888888889,0,0,1,1,Enriched in Weak
group_356,0.3888888888888889,0,0,1,1,Enriched in Weak
ltxD,0.3888888888888889,0,0,1,1,Enriched in Weak
tolC_2,1,Inf,1,0,1,Enriched in Strong
hlyD,1,Inf,1,0,1,Enriched in Strong
group_332,1,Inf,1,0,1,Enriched in Strong
group_330,0.3888888888888889,0,0,1,1,Enriched in Weak
group_321,0.3888888888888889,0,0,1,1,Enriched in Weak
group_316,0.3888888888888889,0,0,1,1,Enriched in Weak
algA_1,0.3888888888888889,0,0,1,1,Enriched in Weak
group_297,0.3888888888888889,0,0,1,1,Enriched in Weak
group_292,0.3888888888888889,0,0,1,1,Enriched in Weak
group_283,0.3888888888888889,0,0,1,1,Enriched in Weak
group_258,0.3888888888888889,0,0,1,1,Enriched in Weak
group_256,1,Inf,1,0,1,Enriched in Strong
group_249,0.3888888888888889,0,0,1,1,Enriched in Weak
group_232,0.3888888888888889,0,0,1,1,Enriched in Weak
group_231,0.3888888888888889,0,0,1,1,Enriched in Weak
group_225,0.3888888888888889,0,0,1,1,Enriched in Weak
group_205,0.3888888888888889,0,0,1,1,Enriched in Weak
group_198,0.3888888888888889,0,0,1,1,Enriched in Weak
group_186,0.3888888888888889,0,0,1,1,Enriched in Weak
group_176,0.3888888888888889,0,0,1,1,Enriched in Weak
group_162,0.3888888888888889,0,0,1,1,Enriched in Weak
group_152,0.3888888888888889,0,0,1,1,Enriched in Weak
sasA_19,0.3888888888888889,0,0,1,1,Enriched in Weak
group_141,0.3888888888888889,0,0,1,1,Enriched in Weak
apxIB,1,Inf,1,0,1,Enriched in Strong
group_118,0.3888888888888889,0,0,1,1,Enriched in Weak
btuD_2,0.3888888888888889,0,0,1,1,Enriched in Weak
fimD_2,0.3888888888888889,0,0,1,1,Enriched in Weak
group_94,0.3888888888888889,0,0,1,1,Enriched in Weak
group_85,1,Inf,1,0,1,Enriched in Strong
xerC_5,0.3888888888888889,0,0,1,1,Enriched in Weak
group_77,0.3888888888888889,0,0,1,1,Enriched in Weak
group_66,0.3888888888888889,0,0,1,1,Enriched in Weak
group_60,0.3888888888888889,0,0,1,1,Enriched in Weak
group_59,0.3888888888888889,0,0,1,1,Enriched in Weak
group_50,0.3888888888888889,0,0,1,1,Enriched in Weak
group_43,1,Inf,1,0,1,Enriched in Strong
group_38,0.3888888888888889,0,0,1,1,Enriched in Weak
group_37,0.3888888888888889,0,0,1,1,Enriched in Weak
group_28,0.3888888888888889,0,0,1,1,Enriched in Weak
group_27,0.3888888888888889,0,0,1,1,Enriched in Weak
group_23,0.3888888888888889,0,0,1,1,Enriched in Weak
group_11,0.3888888888888889,0,0,1,1,Enriched in Weak
mshA_1,0.3888888888888889,0,0,1,1,Enriched in Weak
group_4,0.3888888888888889,0,0,1,1,Enriched in Weak
group_3,0.3888888888888889,0,0,1,1,Enriched in Weak
group_1,0.3888888888888889,0,0,1,1,Enriched in Weak
