Gene,estimate,std_error,t_value,p_value,r_squared,p_adj
group_3653,32.044799939333345,13.048758547425795,2.4557738441451207,0.025871967215783356,0.2737448609422784,0.11680043278157182
group_3313,27.40742221214287,11.893230625676157,2.3044556247798056,0.03493802379289124,0.2491969596003632,0.11680043278157182
group_3260,27.40742221214287,11.893230625676157,2.3044556247798056,0.03493802379289124,0.2491969596003632,0.11680043278157182
group_3175,27.40742221214287,11.893230625676157,2.3044556247798056,0.03493802379289124,0.2491969596003632,0.11680043278157182
group_1548,27.40742221214287,11.893230625676157,2.3044556247798056,0.03493802379289124,0.2491969596003632,0.11680043278157182
group_1346,27.40742221214287,11.893230625676157,2.3044556247798056,0.03493802379289124,0.2491969596003632,0.11680043278157182
qseB_3,27.40742221214287,11.893230625676157,2.3044556247798056,0.03493802379289124,0.2491969596003632,0.11680043278157182
group_1294,27.40742221214287,11.893230625676157,2.3044556247798056,0.03493802379289124,0.2491969596003632,0.11680043278157182
group_1287,27.40742221214287,11.893230625676157,2.3044556247798056,0.03493802379289124,0.2491969596003632,0.11680043278157182
fabG_4,27.40742221214287,11.893230625676157,2.3044556247798056,0.03493802379289124,0.2491969596003632,0.11680043278157182
rssA,27.40742221214287,11.893230625676157,2.3044556247798056,0.03493802379289124,0.2491969596003632,0.11680043278157182
putP_2,27.40742221214287,11.893230625676157,2.3044556247798056,0.03493802379289124,0.2491969596003632,0.11680043278157182
menE,27.40742221214287,11.893230625676157,2.3044556247798056,0.03493802379289124,0.2491969596003632,0.11680043278157182
peb1A_2,28.23581200538462,10.605768373340416,2.6623070588983087,0.017035865970325675,0.30699567136376105,0.11680043278157182
group_3853,28.23581200538462,10.605768373340416,2.6623070588983087,0.017035865970325675,0.30699567136376105,0.11680043278157182
tcyC_3,28.23581200538462,10.605768373340416,2.6623070588983087,0.017035865970325675,0.30699567136376105,0.11680043278157182
fliY_6,28.23581200538462,10.605768373340416,2.6623070588983087,0.017035865970325675,0.30699567136376105,0.11680043278157182
gltC_5,28.23581200538462,10.605768373340416,2.6623070588983087,0.017035865970325675,0.30699567136376105,0.11680043278157182
yecS_4,28.23581200538462,10.605768373340416,2.6623070588983087,0.017035865970325675,0.30699567136376105,0.11680043278157182
aatB,28.23581200538462,10.605768373340416,2.6623070588983087,0.017035865970325675,0.30699567136376105,0.11680043278157182
group_3852,28.23581200538462,10.605768373340416,2.6623070588983087,0.017035865970325675,0.30699567136376105,0.11680043278157182
yfcG_5,28.23581200538462,10.605768373340416,2.6623070588983087,0.017035865970325675,0.30699567136376105,0.11680043278157182
metZ_1,28.23581200538462,10.605768373340416,2.6623070588983087,0.017035865970325675,0.30699567136376105,0.11680043278157182
glnM,28.23581200538462,10.605768373340416,2.6623070588983087,0.017035865970325675,0.30699567136376105,0.11680043278157182
group_287,28.23581200538462,10.605768373340416,2.6623070588983087,0.017035865970325675,0.30699567136376105,0.11680043278157182
gltF_7,29.874245459166676,9.526357208114668,3.135956883258527,0.006380425582967931,0.38066655203648164,0.11680043278157182
group_3158,25.702570879250008,9.517821026997302,2.7004679754267977,0.015756894099056246,0.3130844153005747,0.11680043278157182
group_3282,29.095281565555556,8.794385559702869,3.3083927658203085,0.004440095727024008,0.40620800680491426,0.11680043278157182
group_3246,29.428057716666668,8.72490797360801,3.372878866537464,0.0038757011552971385,0.4155531216681008,0.11680043278157182
group_3581,-29.095281565555574,8.794385559702869,-3.3083927658203103,0.004440095727023994,0.4062080068049146,0.11680043278157182
group_3476,-29.095281565555574,8.794385559702869,-3.3083927658203103,0.004440095727023994,0.4062080068049146,0.11680043278157182
group_3252,-29.095281565555574,8.794385559702869,-3.3083927658203103,0.004440095727023994,0.4062080068049146,0.11680043278157182
group_2874,23.050635981249993,9.933255396312697,2.320552030687399,0.03384798578234366,0.2518106787302052,0.11680043278157182
group_1894,23.050635981249993,9.933255396312697,2.320552030687399,0.03384798578234366,0.2518106787302052,0.11680043278157182
ywnA,-29.095281565555574,8.794385559702869,-3.3083927658203103,0.004440095727023994,0.4062080068049146,0.11680043278157182
group_973,23.050635981249993,9.933255396312697,2.320552030687399,0.03384798578234366,0.2518106787302052,0.11680043278157182
group_815,23.050635981249993,9.933255396312697,2.320552030687399,0.03384798578234366,0.2518106787302052,0.11680043278157182
gcvA_4,23.050635981249993,9.933255396312697,2.320552030687399,0.03384798578234366,0.2518106787302052,0.11680043278157182
group_3531,-25.513748926250017,9.549520404064735,-2.671730919114026,0.01671105113065445,0.3085012114635075,0.11680043278157182
group_3182,-25.513748926250017,9.549520404064735,-2.671730919114026,0.01671105113065445,0.3085012114635075,0.11680043278157182
group_412,-25.513748926250017,9.549520404064735,-2.671730919114026,0.01671105113065445,0.3085012114635075,0.11680043278157182
group_3643,24.289378178333337,10.471748767427824,2.3195149843438747,0.03391724379412028,0.25164228606145006,0.11680043278157182
group_4257,-28.468208255230785,10.566868513671041,-2.694100737451178,0.015963677389493367,0.3120699540186359,0.11680043278157182
group_4256,-28.468208255230785,10.566868513671041,-2.694100737451178,0.015963677389493367,0.3120699540186359,0.11680043278157182
group_4255,-28.468208255230785,10.566868513671041,-2.694100737451178,0.015963677389493367,0.3120699540186359,0.11680043278157182
group_4253,-28.468208255230785,10.566868513671041,-2.694100737451178,0.015963677389493367,0.3120699540186359,0.11680043278157182
group_4251,-28.468208255230785,10.566868513671041,-2.694100737451178,0.015963677389493367,0.3120699540186359,0.11680043278157182
group_4248,-28.468208255230785,10.566868513671041,-2.694100737451178,0.015963677389493367,0.3120699540186359,0.11680043278157182
group_4247,-28.468208255230785,10.566868513671041,-2.694100737451178,0.015963677389493367,0.3120699540186359,0.11680043278157182
group_3536,-28.23581200538463,10.60576837334042,-2.6623070588983087,0.017035865970325675,0.306995671363761,0.11680043278157182
group_3404,-28.23581200538463,10.60576837334042,-2.6623070588983087,0.017035865970325675,0.306995671363761,0.11680043278157182
group_3398,-28.23581200538463,10.60576837334042,-2.6623070588983087,0.017035865970325675,0.306995671363761,0.11680043278157182
group_3380,-28.468208255230785,10.566868513671041,-2.694100737451178,0.015963677389493367,0.3120699540186359,0.11680043278157182
group_3375,-28.468208255230785,10.566868513671041,-2.694100737451178,0.015963677389493367,0.3120699540186359,0.11680043278157182
group_3367,-28.468208255230785,10.566868513671041,-2.694100737451178,0.015963677389493367,0.3120699540186359,0.11680043278157182
group_3355,-28.468208255230785,10.566868513671041,-2.694100737451178,0.015963677389493367,0.3120699540186359,0.11680043278157182
group_3354,-28.23581200538463,10.60576837334042,-2.6623070588983087,0.017035865970325675,0.306995671363761,0.11680043278157182
group_3341,-28.23581200538463,10.60576837334042,-2.6623070588983087,0.017035865970325675,0.306995671363761,0.11680043278157182
group_3340,-28.23581200538463,10.60576837334042,-2.6623070588983087,0.017035865970325675,0.306995671363761,0.11680043278157182
group_3326,-28.468208255230785,10.566868513671041,-2.694100737451178,0.015963677389493367,0.3120699540186359,0.11680043278157182
group_3325,-28.468208255230785,10.566868513671041,-2.694100737451178,0.015963677389493367,0.3120699540186359,0.11680043278157182
group_3321,-28.23581200538463,10.60576837334042,-2.6623070588983087,0.017035865970325675,0.306995671363761,0.11680043278157182
group_3280,-28.23581200538463,10.60576837334042,-2.6623070588983087,0.017035865970325675,0.306995671363761,0.11680043278157182
group_3257,-28.23581200538463,10.60576837334042,-2.6623070588983087,0.017035865970325675,0.306995671363761,0.11680043278157182
group_3251,-28.468208255230785,10.566868513671041,-2.694100737451178,0.015963677389493367,0.3120699540186359,0.11680043278157182
xerC_7~~~xerC_4,-28.23581200538463,10.60576837334042,-2.6623070588983087,0.017035865970325675,0.306995671363761,0.11680043278157182
group_3137,-28.468208255230785,10.566868513671041,-2.694100737451178,0.015963677389493367,0.3120699540186359,0.11680043278157182
group_3103,-28.23581200538463,10.60576837334042,-2.6623070588983087,0.017035865970325675,0.306995671363761,0.11680043278157182
group_3076,-28.23581200538463,10.60576837334042,-2.6623070588983087,0.017035865970325675,0.306995671363761,0.11680043278157182
group_2227,-28.468208255230785,10.566868513671041,-2.694100737451178,0.015963677389493367,0.3120699540186359,0.11680043278157182
group_2213,-28.23581200538463,10.60576837334042,-2.6623070588983087,0.017035865970325675,0.306995671363761,0.11680043278157182
group_2141,-28.23581200538463,10.60576837334042,-2.6623070588983087,0.017035865970325675,0.306995671363761,0.11680043278157182
group_2140,-28.23581200538463,10.60576837334042,-2.6623070588983087,0.017035865970325675,0.306995671363761,0.11680043278157182
group_1771,-28.23581200538463,10.60576837334042,-2.6623070588983087,0.017035865970325675,0.306995671363761,0.11680043278157182
group_1770,-28.23581200538463,10.60576837334042,-2.6623070588983087,0.017035865970325675,0.306995671363761,0.11680043278157182
group_1762,-28.23581200538463,10.60576837334042,-2.6623070588983087,0.017035865970325675,0.306995671363761,0.11680043278157182
group_1568,-28.23581200538463,10.60576837334042,-2.6623070588983087,0.017035865970325675,0.306995671363761,0.11680043278157182
group_1487,-28.23581200538463,10.60576837334042,-2.6623070588983087,0.017035865970325675,0.306995671363761,0.11680043278157182
group_1377,-28.23581200538463,10.60576837334042,-2.6623070588983087,0.017035865970325675,0.306995671363761,0.11680043278157182
group_1328,-28.23581200538463,10.60576837334042,-2.6623070588983087,0.017035865970325675,0.306995671363761,0.11680043278157182
pgrR_2,-28.23581200538463,10.60576837334042,-2.6623070588983087,0.017035865970325675,0.306995671363761,0.11680043278157182
dadA,-28.23581200538463,10.60576837334042,-2.6623070588983087,0.017035865970325675,0.306995671363761,0.11680043278157182
mtaD_1,-28.23581200538463,10.60576837334042,-2.6623070588983087,0.017035865970325675,0.306995671363761,0.11680043278157182
group_97,-28.23581200538463,10.60576837334042,-2.6623070588983087,0.017035865970325675,0.306995671363761,0.11680043278157182
group_4266,-27.407422212142855,11.893230625676157,-2.3044556247798047,0.03493802379289131,0.24919695960036325,0.11680043278157182
group_4263,-27.407422212142855,11.893230625676157,-2.3044556247798047,0.03493802379289131,0.24919695960036325,0.11680043278157182
group_4261,-27.407422212142855,11.893230625676157,-2.3044556247798047,0.03493802379289131,0.24919695960036325,0.11680043278157182
group_4259,-27.407422212142855,11.893230625676157,-2.3044556247798047,0.03493802379289131,0.24919695960036325,0.11680043278157182
group_4258,-27.407422212142855,11.893230625676157,-2.3044556247798047,0.03493802379289131,0.24919695960036325,0.11680043278157182
group_4254,-27.407422212142855,11.893230625676157,-2.3044556247798047,0.03493802379289131,0.24919695960036325,0.11680043278157182
group_4250,-27.407422212142855,11.893230625676157,-2.3044556247798047,0.03493802379289131,0.24919695960036325,0.11680043278157182
group_4249,-27.407422212142855,11.893230625676157,-2.3044556247798047,0.03493802379289131,0.24919695960036325,0.11680043278157182
group_4246,-27.407422212142855,11.893230625676157,-2.3044556247798047,0.03493802379289131,0.24919695960036325,0.11680043278157182
group_4244,-27.407422212142855,11.893230625676157,-2.3044556247798047,0.03493802379289131,0.24919695960036325,0.11680043278157182
hin_3,-27.407422212142855,11.893230625676157,-2.3044556247798047,0.03493802379289131,0.24919695960036325,0.11680043278157182
group_4243,-27.407422212142855,11.893230625676157,-2.3044556247798047,0.03493802379289131,0.24919695960036325,0.11680043278157182
group_4242,-27.407422212142855,11.893230625676157,-2.3044556247798047,0.03493802379289131,0.24919695960036325,0.11680043278157182
group_4241,-27.407422212142855,11.893230625676157,-2.3044556247798047,0.03493802379289131,0.24919695960036325,0.11680043278157182
group_4240,-27.407422212142855,11.893230625676157,-2.3044556247798047,0.03493802379289131,0.24919695960036325,0.11680043278157182
group_4239,-27.407422212142855,11.893230625676157,-2.3044556247798047,0.03493802379289131,0.24919695960036325,0.11680043278157182
group_4238,-27.407422212142855,11.893230625676157,-2.3044556247798047,0.03493802379289131,0.24919695960036325,0.11680043278157182
group_4237,-27.407422212142855,11.893230625676157,-2.3044556247798047,0.03493802379289131,0.24919695960036325,0.11680043278157182
group_4236,-27.407422212142855,11.893230625676157,-2.3044556247798047,0.03493802379289131,0.24919695960036325,0.11680043278157182
group_4235,-27.407422212142855,11.893230625676157,-2.3044556247798047,0.03493802379289131,0.24919695960036325,0.11680043278157182
group_4234,-27.407422212142855,11.893230625676157,-2.3044556247798047,0.03493802379289131,0.24919695960036325,0.11680043278157182
group_4233,-27.407422212142855,11.893230625676157,-2.3044556247798047,0.03493802379289131,0.24919695960036325,0.11680043278157182
group_4232,-27.407422212142855,11.893230625676157,-2.3044556247798047,0.03493802379289131,0.24919695960036325,0.11680043278157182
group_4231,-27.407422212142855,11.893230625676157,-2.3044556247798047,0.03493802379289131,0.24919695960036325,0.11680043278157182
group_4230,-27.407422212142855,11.893230625676157,-2.3044556247798047,0.03493802379289131,0.24919695960036325,0.11680043278157182
group_4229,-27.407422212142855,11.893230625676157,-2.3044556247798047,0.03493802379289131,0.24919695960036325,0.11680043278157182
group_4228,-27.407422212142855,11.893230625676157,-2.3044556247798047,0.03493802379289131,0.24919695960036325,0.11680043278157182
group_4227,-27.407422212142855,11.893230625676157,-2.3044556247798047,0.03493802379289131,0.24919695960036325,0.11680043278157182
group_4226,-27.407422212142855,11.893230625676157,-2.3044556247798047,0.03493802379289131,0.24919695960036325,0.11680043278157182
group_4225,-27.407422212142855,11.893230625676157,-2.3044556247798047,0.03493802379289131,0.24919695960036325,0.11680043278157182
group_4224,-27.407422212142855,11.893230625676157,-2.3044556247798047,0.03493802379289131,0.24919695960036325,0.11680043278157182
group_4223,-27.407422212142855,11.893230625676157,-2.3044556247798047,0.03493802379289131,0.24919695960036325,0.11680043278157182
group_4222,-27.407422212142855,11.893230625676157,-2.3044556247798047,0.03493802379289131,0.24919695960036325,0.11680043278157182
group_4221,-27.407422212142855,11.893230625676157,-2.3044556247798047,0.03493802379289131,0.24919695960036325,0.11680043278157182
group_4220,-27.407422212142855,11.893230625676157,-2.3044556247798047,0.03493802379289131,0.24919695960036325,0.11680043278157182
group_4219,-27.407422212142855,11.893230625676157,-2.3044556247798047,0.03493802379289131,0.24919695960036325,0.11680043278157182
group_4218,-27.407422212142855,11.893230625676157,-2.3044556247798047,0.03493802379289131,0.24919695960036325,0.11680043278157182
group_4217,-27.407422212142855,11.893230625676157,-2.3044556247798047,0.03493802379289131,0.24919695960036325,0.11680043278157182
group_4216,-27.407422212142855,11.893230625676157,-2.3044556247798047,0.03493802379289131,0.24919695960036325,0.11680043278157182
group_4215,-27.407422212142855,11.893230625676157,-2.3044556247798047,0.03493802379289131,0.24919695960036325,0.11680043278157182
group_4214,-27.407422212142855,11.893230625676157,-2.3044556247798047,0.03493802379289131,0.24919695960036325,0.11680043278157182
group_4213,-27.407422212142855,11.893230625676157,-2.3044556247798047,0.03493802379289131,0.24919695960036325,0.11680043278157182
group_4212,-27.407422212142855,11.893230625676157,-2.3044556247798047,0.03493802379289131,0.24919695960036325,0.11680043278157182
group_4211,-27.407422212142855,11.893230625676157,-2.3044556247798047,0.03493802379289131,0.24919695960036325,0.11680043278157182
group_4210,-27.407422212142855,11.893230625676157,-2.3044556247798047,0.03493802379289131,0.24919695960036325,0.11680043278157182
group_4209,-27.407422212142855,11.893230625676157,-2.3044556247798047,0.03493802379289131,0.24919695960036325,0.11680043278157182
group_4208,-27.407422212142855,11.893230625676157,-2.3044556247798047,0.03493802379289131,0.24919695960036325,0.11680043278157182
group_4207,-27.407422212142855,11.893230625676157,-2.3044556247798047,0.03493802379289131,0.24919695960036325,0.11680043278157182
group_4206,-27.407422212142855,11.893230625676157,-2.3044556247798047,0.03493802379289131,0.24919695960036325,0.11680043278157182
group_4205,-27.407422212142855,11.893230625676157,-2.3044556247798047,0.03493802379289131,0.24919695960036325,0.11680043278157182
higB_2,-27.407422212142855,11.893230625676157,-2.3044556247798047,0.03493802379289131,0.24919695960036325,0.11680043278157182
group_4204,-27.407422212142855,11.893230625676157,-2.3044556247798047,0.03493802379289131,0.24919695960036325,0.11680043278157182
group_4203,-27.407422212142855,11.893230625676157,-2.3044556247798047,0.03493802379289131,0.24919695960036325,0.11680043278157182
group_4202,-27.407422212142855,11.893230625676157,-2.3044556247798047,0.03493802379289131,0.24919695960036325,0.11680043278157182
group_4201,-27.407422212142855,11.893230625676157,-2.3044556247798047,0.03493802379289131,0.24919695960036325,0.11680043278157182
group_4200,-27.407422212142855,11.893230625676157,-2.3044556247798047,0.03493802379289131,0.24919695960036325,0.11680043278157182
group_4199,-27.407422212142855,11.893230625676157,-2.3044556247798047,0.03493802379289131,0.24919695960036325,0.11680043278157182
higA_2,-27.407422212142855,11.893230625676157,-2.3044556247798047,0.03493802379289131,0.24919695960036325,0.11680043278157182
group_4198,-27.407422212142855,11.893230625676157,-2.3044556247798047,0.03493802379289131,0.24919695960036325,0.11680043278157182
group_4197,-27.407422212142855,11.893230625676157,-2.3044556247798047,0.03493802379289131,0.24919695960036325,0.11680043278157182
group_4196,-27.407422212142855,11.893230625676157,-2.3044556247798047,0.03493802379289131,0.24919695960036325,0.11680043278157182
group_4195,-27.407422212142855,11.893230625676157,-2.3044556247798047,0.03493802379289131,0.24919695960036325,0.11680043278157182
group_4194,-27.407422212142855,11.893230625676157,-2.3044556247798047,0.03493802379289131,0.24919695960036325,0.11680043278157182
group_4193,-27.407422212142855,11.893230625676157,-2.3044556247798047,0.03493802379289131,0.24919695960036325,0.11680043278157182
group_4192,-27.407422212142855,11.893230625676157,-2.3044556247798047,0.03493802379289131,0.24919695960036325,0.11680043278157182
group_4191,-27.407422212142855,11.893230625676157,-2.3044556247798047,0.03493802379289131,0.24919695960036325,0.11680043278157182
group_4190,-27.407422212142855,11.893230625676157,-2.3044556247798047,0.03493802379289131,0.24919695960036325,0.11680043278157182
group_4189,-27.407422212142855,11.893230625676157,-2.3044556247798047,0.03493802379289131,0.24919695960036325,0.11680043278157182
group_4188,-27.407422212142855,11.893230625676157,-2.3044556247798047,0.03493802379289131,0.24919695960036325,0.11680043278157182
group_4187,-27.407422212142855,11.893230625676157,-2.3044556247798047,0.03493802379289131,0.24919695960036325,0.11680043278157182
group_4186,-27.407422212142855,11.893230625676157,-2.3044556247798047,0.03493802379289131,0.24919695960036325,0.11680043278157182
group_4185,-27.407422212142855,11.893230625676157,-2.3044556247798047,0.03493802379289131,0.24919695960036325,0.11680043278157182
group_4184,-27.407422212142855,11.893230625676157,-2.3044556247798047,0.03493802379289131,0.24919695960036325,0.11680043278157182
group_4183,-27.407422212142855,11.893230625676157,-2.3044556247798047,0.03493802379289131,0.24919695960036325,0.11680043278157182
group_4182,-27.407422212142855,11.893230625676157,-2.3044556247798047,0.03493802379289131,0.24919695960036325,0.11680043278157182
group_4181,-27.407422212142855,11.893230625676157,-2.3044556247798047,0.03493802379289131,0.24919695960036325,0.11680043278157182
fadD_5,-27.407422212142855,11.893230625676157,-2.3044556247798047,0.03493802379289131,0.24919695960036325,0.11680043278157182
group_4180,-27.407422212142855,11.893230625676157,-2.3044556247798047,0.03493802379289131,0.24919695960036325,0.11680043278157182
group_4179,-27.407422212142855,11.893230625676157,-2.3044556247798047,0.03493802379289131,0.24919695960036325,0.11680043278157182
resA_3,-27.407422212142855,11.893230625676157,-2.3044556247798047,0.03493802379289131,0.24919695960036325,0.11680043278157182
group_4178,-27.407422212142855,11.893230625676157,-2.3044556247798047,0.03493802379289131,0.24919695960036325,0.11680043278157182
group_4177,-27.407422212142855,11.893230625676157,-2.3044556247798047,0.03493802379289131,0.24919695960036325,0.11680043278157182
group_4176,-27.407422212142855,11.893230625676157,-2.3044556247798047,0.03493802379289131,0.24919695960036325,0.11680043278157182
group_4175,-27.407422212142855,11.893230625676157,-2.3044556247798047,0.03493802379289131,0.24919695960036325,0.11680043278157182
group_4174,-27.407422212142855,11.893230625676157,-2.3044556247798047,0.03493802379289131,0.24919695960036325,0.11680043278157182
group_4173,-27.407422212142855,11.893230625676157,-2.3044556247798047,0.03493802379289131,0.24919695960036325,0.11680043278157182
hin_2,-27.407422212142855,11.893230625676157,-2.3044556247798047,0.03493802379289131,0.24919695960036325,0.11680043278157182
group_4172,-27.407422212142855,11.893230625676157,-2.3044556247798047,0.03493802379289131,0.24919695960036325,0.11680043278157182
group_4171,-27.407422212142855,11.893230625676157,-2.3044556247798047,0.03493802379289131,0.24919695960036325,0.11680043278157182
group_4170,-27.407422212142855,11.893230625676157,-2.3044556247798047,0.03493802379289131,0.24919695960036325,0.11680043278157182
group_4169,-27.407422212142855,11.893230625676157,-2.3044556247798047,0.03493802379289131,0.24919695960036325,0.11680043278157182
group_4168,-27.407422212142855,11.893230625676157,-2.3044556247798047,0.03493802379289131,0.24919695960036325,0.11680043278157182
group_4167,-27.407422212142855,11.893230625676157,-2.3044556247798047,0.03493802379289131,0.24919695960036325,0.11680043278157182
group_4166,-27.407422212142855,11.893230625676157,-2.3044556247798047,0.03493802379289131,0.24919695960036325,0.11680043278157182
group_4165,-27.407422212142855,11.893230625676157,-2.3044556247798047,0.03493802379289131,0.24919695960036325,0.11680043278157182
group_4164,-27.407422212142855,11.893230625676157,-2.3044556247798047,0.03493802379289131,0.24919695960036325,0.11680043278157182
group_4163,-27.407422212142855,11.893230625676157,-2.3044556247798047,0.03493802379289131,0.24919695960036325,0.11680043278157182
group_4162,-27.407422212142855,11.893230625676157,-2.3044556247798047,0.03493802379289131,0.24919695960036325,0.11680043278157182
group_4161,-27.407422212142855,11.893230625676157,-2.3044556247798047,0.03493802379289131,0.24919695960036325,0.11680043278157182
group_4160,-27.407422212142855,11.893230625676157,-2.3044556247798047,0.03493802379289131,0.24919695960036325,0.11680043278157182
group_4159,-27.407422212142855,11.893230625676157,-2.3044556247798047,0.03493802379289131,0.24919695960036325,0.11680043278157182
group_4158,-27.407422212142855,11.893230625676157,-2.3044556247798047,0.03493802379289131,0.24919695960036325,0.11680043278157182
group_4157,-27.407422212142855,11.893230625676157,-2.3044556247798047,0.03493802379289131,0.24919695960036325,0.11680043278157182
arsH_2,-27.407422212142855,11.893230625676157,-2.3044556247798047,0.03493802379289131,0.24919695960036325,0.11680043278157182
group_4156,-27.407422212142855,11.893230625676157,-2.3044556247798047,0.03493802379289131,0.24919695960036325,0.11680043278157182
group_4155,-27.407422212142855,11.893230625676157,-2.3044556247798047,0.03493802379289131,0.24919695960036325,0.11680043278157182
group_4154,-27.407422212142855,11.893230625676157,-2.3044556247798047,0.03493802379289131,0.24919695960036325,0.11680043278157182
group_4153,-27.407422212142855,11.893230625676157,-2.3044556247798047,0.03493802379289131,0.24919695960036325,0.11680043278157182
group_4152,-27.407422212142855,11.893230625676157,-2.3044556247798047,0.03493802379289131,0.24919695960036325,0.11680043278157182
group_4151,-27.407422212142855,11.893230625676157,-2.3044556247798047,0.03493802379289131,0.24919695960036325,0.11680043278157182
ompP1,-27.407422212142855,11.893230625676157,-2.3044556247798047,0.03493802379289131,0.24919695960036325,0.11680043278157182
group_4150,-27.407422212142855,11.893230625676157,-2.3044556247798047,0.03493802379289131,0.24919695960036325,0.11680043278157182
fadD_6,-27.407422212142855,11.893230625676157,-2.3044556247798047,0.03493802379289131,0.24919695960036325,0.11680043278157182
group_4149,-27.407422212142855,11.893230625676157,-2.3044556247798047,0.03493802379289131,0.24919695960036325,0.11680043278157182
group_4148,-27.407422212142855,11.893230625676157,-2.3044556247798047,0.03493802379289131,0.24919695960036325,0.11680043278157182
group_4147,-27.407422212142855,11.893230625676157,-2.3044556247798047,0.03493802379289131,0.24919695960036325,0.11680043278157182
group_4146,-27.407422212142855,11.893230625676157,-2.3044556247798047,0.03493802379289131,0.24919695960036325,0.11680043278157182
group_4145,-27.407422212142855,11.893230625676157,-2.3044556247798047,0.03493802379289131,0.24919695960036325,0.11680043278157182
noc_2,-27.407422212142855,11.893230625676157,-2.3044556247798047,0.03493802379289131,0.24919695960036325,0.11680043278157182
group_4144,-27.407422212142855,11.893230625676157,-2.3044556247798047,0.03493802379289131,0.24919695960036325,0.11680043278157182
group_4143,-27.407422212142855,11.893230625676157,-2.3044556247798047,0.03493802379289131,0.24919695960036325,0.11680043278157182
group_4142,-27.407422212142855,11.893230625676157,-2.3044556247798047,0.03493802379289131,0.24919695960036325,0.11680043278157182
group_4141,-27.407422212142855,11.893230625676157,-2.3044556247798047,0.03493802379289131,0.24919695960036325,0.11680043278157182
intA,-27.407422212142855,11.893230625676157,-2.3044556247798047,0.03493802379289131,0.24919695960036325,0.11680043278157182
group_4140,-27.407422212142855,11.893230625676157,-2.3044556247798047,0.03493802379289131,0.24919695960036325,0.11680043278157182
group_4139,-27.407422212142855,11.893230625676157,-2.3044556247798047,0.03493802379289131,0.24919695960036325,0.11680043278157182
group_4138,-27.407422212142855,11.893230625676157,-2.3044556247798047,0.03493802379289131,0.24919695960036325,0.11680043278157182
tcpE,-27.407422212142855,11.893230625676157,-2.3044556247798047,0.03493802379289131,0.24919695960036325,0.11680043278157182
group_4137,-27.407422212142855,11.893230625676157,-2.3044556247798047,0.03493802379289131,0.24919695960036325,0.11680043278157182
group_4136,-27.407422212142855,11.893230625676157,-2.3044556247798047,0.03493802379289131,0.24919695960036325,0.11680043278157182
virB8,-27.407422212142855,11.893230625676157,-2.3044556247798047,0.03493802379289131,0.24919695960036325,0.11680043278157182
group_4135,-27.407422212142855,11.893230625676157,-2.3044556247798047,0.03493802379289131,0.24919695960036325,0.11680043278157182
group_4134,-27.407422212142855,11.893230625676157,-2.3044556247798047,0.03493802379289131,0.24919695960036325,0.11680043278157182
group_4133,-27.407422212142855,11.893230625676157,-2.3044556247798047,0.03493802379289131,0.24919695960036325,0.11680043278157182
group_4132,-27.407422212142855,11.893230625676157,-2.3044556247798047,0.03493802379289131,0.24919695960036325,0.11680043278157182
group_4131,-27.407422212142855,11.893230625676157,-2.3044556247798047,0.03493802379289131,0.24919695960036325,0.11680043278157182
group_4130,-27.407422212142855,11.893230625676157,-2.3044556247798047,0.03493802379289131,0.24919695960036325,0.11680043278157182
group_4129,-27.407422212142855,11.893230625676157,-2.3044556247798047,0.03493802379289131,0.24919695960036325,0.11680043278157182
outO_2,-27.407422212142855,11.893230625676157,-2.3044556247798047,0.03493802379289131,0.24919695960036325,0.11680043278157182
group_4128,-27.407422212142855,11.893230625676157,-2.3044556247798047,0.03493802379289131,0.24919695960036325,0.11680043278157182
group_4127,-27.407422212142855,11.893230625676157,-2.3044556247798047,0.03493802379289131,0.24919695960036325,0.11680043278157182
group_4126,-27.407422212142855,11.893230625676157,-2.3044556247798047,0.03493802379289131,0.24919695960036325,0.11680043278157182
rfaH,-27.407422212142855,11.893230625676157,-2.3044556247798047,0.03493802379289131,0.24919695960036325,0.11680043278157182
group_4125,-27.407422212142855,11.893230625676157,-2.3044556247798047,0.03493802379289131,0.24919695960036325,0.11680043278157182
virB4_1,-27.407422212142855,11.893230625676157,-2.3044556247798047,0.03493802379289131,0.24919695960036325,0.11680043278157182
group_4124,-27.407422212142855,11.893230625676157,-2.3044556247798047,0.03493802379289131,0.24919695960036325,0.11680043278157182
group_4123,-27.407422212142855,11.893230625676157,-2.3044556247798047,0.03493802379289131,0.24919695960036325,0.11680043278157182
group_4122,-27.407422212142855,11.893230625676157,-2.3044556247798047,0.03493802379289131,0.24919695960036325,0.11680043278157182
group_4121,-27.407422212142855,11.893230625676157,-2.3044556247798047,0.03493802379289131,0.24919695960036325,0.11680043278157182
group_4120,-27.407422212142855,11.893230625676157,-2.3044556247798047,0.03493802379289131,0.24919695960036325,0.11680043278157182
group_4119,-27.407422212142855,11.893230625676157,-2.3044556247798047,0.03493802379289131,0.24919695960036325,0.11680043278157182
group_4118,-27.407422212142855,11.893230625676157,-2.3044556247798047,0.03493802379289131,0.24919695960036325,0.11680043278157182
group_4117,-27.407422212142855,11.893230625676157,-2.3044556247798047,0.03493802379289131,0.24919695960036325,0.11680043278157182
group_4116,-27.407422212142855,11.893230625676157,-2.3044556247798047,0.03493802379289131,0.24919695960036325,0.11680043278157182
group_4115,-27.407422212142855,11.893230625676157,-2.3044556247798047,0.03493802379289131,0.24919695960036325,0.11680043278157182
group_4114,-27.407422212142855,11.893230625676157,-2.3044556247798047,0.03493802379289131,0.24919695960036325,0.11680043278157182
group_4113,-27.407422212142855,11.893230625676157,-2.3044556247798047,0.03493802379289131,0.24919695960036325,0.11680043278157182
group_4112,-27.407422212142855,11.893230625676157,-2.3044556247798047,0.03493802379289131,0.24919695960036325,0.11680043278157182
virD4,-27.407422212142855,11.893230625676157,-2.3044556247798047,0.03493802379289131,0.24919695960036325,0.11680043278157182
group_4111,-27.407422212142855,11.893230625676157,-2.3044556247798047,0.03493802379289131,0.24919695960036325,0.11680043278157182
chpB,-27.407422212142855,11.893230625676157,-2.3044556247798047,0.03493802379289131,0.24919695960036325,0.11680043278157182
group_4110,-27.407422212142855,11.893230625676157,-2.3044556247798047,0.03493802379289131,0.24919695960036325,0.11680043278157182
group_4109,-27.407422212142855,11.893230625676157,-2.3044556247798047,0.03493802379289131,0.24919695960036325,0.11680043278157182
group_4108,-27.407422212142855,11.893230625676157,-2.3044556247798047,0.03493802379289131,0.24919695960036325,0.11680043278157182
ssb_3,-27.407422212142855,11.893230625676157,-2.3044556247798047,0.03493802379289131,0.24919695960036325,0.11680043278157182
topB_2,-27.407422212142855,11.893230625676157,-2.3044556247798047,0.03493802379289131,0.24919695960036325,0.11680043278157182
group_4107,-27.407422212142855,11.893230625676157,-2.3044556247798047,0.03493802379289131,0.24919695960036325,0.11680043278157182
yhcR,-27.407422212142855,11.893230625676157,-2.3044556247798047,0.03493802379289131,0.24919695960036325,0.11680043278157182
group_4106,-27.407422212142855,11.893230625676157,-2.3044556247798047,0.03493802379289131,0.24919695960036325,0.11680043278157182
group_4105,-27.407422212142855,11.893230625676157,-2.3044556247798047,0.03493802379289131,0.24919695960036325,0.11680043278157182
group_4104,-27.407422212142855,11.893230625676157,-2.3044556247798047,0.03493802379289131,0.24919695960036325,0.11680043278157182
group_4103,-27.407422212142855,11.893230625676157,-2.3044556247798047,0.03493802379289131,0.24919695960036325,0.11680043278157182
chpS,-27.407422212142855,11.893230625676157,-2.3044556247798047,0.03493802379289131,0.24919695960036325,0.11680043278157182
group_4102,-27.407422212142855,11.893230625676157,-2.3044556247798047,0.03493802379289131,0.24919695960036325,0.11680043278157182
nadE_3,-27.407422212142855,11.893230625676157,-2.3044556247798047,0.03493802379289131,0.24919695960036325,0.11680043278157182
group_4101,-27.407422212142855,11.893230625676157,-2.3044556247798047,0.03493802379289131,0.24919695960036325,0.11680043278157182
group_4100,-27.407422212142855,11.893230625676157,-2.3044556247798047,0.03493802379289131,0.24919695960036325,0.11680043278157182
group_4099,-27.407422212142855,11.893230625676157,-2.3044556247798047,0.03493802379289131,0.24919695960036325,0.11680043278157182
group_4098,-27.407422212142855,11.893230625676157,-2.3044556247798047,0.03493802379289131,0.24919695960036325,0.11680043278157182
group_4097,-27.407422212142855,11.893230625676157,-2.3044556247798047,0.03493802379289131,0.24919695960036325,0.11680043278157182
group_4096,-27.407422212142855,11.893230625676157,-2.3044556247798047,0.03493802379289131,0.24919695960036325,0.11680043278157182
group_4095,-27.407422212142855,11.893230625676157,-2.3044556247798047,0.03493802379289131,0.24919695960036325,0.11680043278157182
group_4094,-27.407422212142855,11.893230625676157,-2.3044556247798047,0.03493802379289131,0.24919695960036325,0.11680043278157182
xerC_7,-27.407422212142855,11.893230625676157,-2.3044556247798047,0.03493802379289131,0.24919695960036325,0.11680043278157182
group_4093,-27.407422212142855,11.893230625676157,-2.3044556247798047,0.03493802379289131,0.24919695960036325,0.11680043278157182
group_4092,-27.407422212142855,11.893230625676157,-2.3044556247798047,0.03493802379289131,0.24919695960036325,0.11680043278157182
group_4091,-27.407422212142855,11.893230625676157,-2.3044556247798047,0.03493802379289131,0.24919695960036325,0.11680043278157182
group_4090,-27.407422212142855,11.893230625676157,-2.3044556247798047,0.03493802379289131,0.24919695960036325,0.11680043278157182
mexA_2,-27.407422212142855,11.893230625676157,-2.3044556247798047,0.03493802379289131,0.24919695960036325,0.11680043278157182
group_4089,-27.407422212142855,11.893230625676157,-2.3044556247798047,0.03493802379289131,0.24919695960036325,0.11680043278157182
group_4088,-27.407422212142855,11.893230625676157,-2.3044556247798047,0.03493802379289131,0.24919695960036325,0.11680043278157182
group_4087,-27.407422212142855,11.893230625676157,-2.3044556247798047,0.03493802379289131,0.24919695960036325,0.11680043278157182
group_4086,-27.407422212142855,11.893230625676157,-2.3044556247798047,0.03493802379289131,0.24919695960036325,0.11680043278157182
group_4085,-27.407422212142855,11.893230625676157,-2.3044556247798047,0.03493802379289131,0.24919695960036325,0.11680043278157182
pdeB,-27.407422212142855,11.893230625676157,-2.3044556247798047,0.03493802379289131,0.24919695960036325,0.11680043278157182
group_4084,-27.407422212142855,11.893230625676157,-2.3044556247798047,0.03493802379289131,0.24919695960036325,0.11680043278157182
mdtL_2,-27.407422212142855,11.893230625676157,-2.3044556247798047,0.03493802379289131,0.24919695960036325,0.11680043278157182
yhhW_3,-27.407422212142855,11.893230625676157,-2.3044556247798047,0.03493802379289131,0.24919695960036325,0.11680043278157182
group_4083,-27.407422212142855,11.893230625676157,-2.3044556247798047,0.03493802379289131,0.24919695960036325,0.11680043278157182
group_4082,-27.407422212142855,11.893230625676157,-2.3044556247798047,0.03493802379289131,0.24919695960036325,0.11680043278157182
group_4081,-27.407422212142855,11.893230625676157,-2.3044556247798047,0.03493802379289131,0.24919695960036325,0.11680043278157182
gdx_2,-27.407422212142855,11.893230625676157,-2.3044556247798047,0.03493802379289131,0.24919695960036325,0.11680043278157182
group_4080,-27.407422212142855,11.893230625676157,-2.3044556247798047,0.03493802379289131,0.24919695960036325,0.11680043278157182
group_4079,-27.407422212142855,11.893230625676157,-2.3044556247798047,0.03493802379289131,0.24919695960036325,0.11680043278157182
group_4078,-27.407422212142855,11.893230625676157,-2.3044556247798047,0.03493802379289131,0.24919695960036325,0.11680043278157182
group_4077,-27.407422212142855,11.893230625676157,-2.3044556247798047,0.03493802379289131,0.24919695960036325,0.11680043278157182
oprJ_2,-27.407422212142855,11.893230625676157,-2.3044556247798047,0.03493802379289131,0.24919695960036325,0.11680043278157182
group_4076,-27.407422212142855,11.893230625676157,-2.3044556247798047,0.03493802379289131,0.24919695960036325,0.11680043278157182
group_4075,-27.407422212142855,11.893230625676157,-2.3044556247798047,0.03493802379289131,0.24919695960036325,0.11680043278157182
group_4074,-27.407422212142855,11.893230625676157,-2.3044556247798047,0.03493802379289131,0.24919695960036325,0.11680043278157182
mexB_2,-27.407422212142855,11.893230625676157,-2.3044556247798047,0.03493802379289131,0.24919695960036325,0.11680043278157182
group_4073,-27.407422212142855,11.893230625676157,-2.3044556247798047,0.03493802379289131,0.24919695960036325,0.11680043278157182
prsE_3,-27.407422212142855,11.893230625676157,-2.3044556247798047,0.03493802379289131,0.24919695960036325,0.11680043278157182
group_4072,-27.407422212142855,11.893230625676157,-2.3044556247798047,0.03493802379289131,0.24919695960036325,0.11680043278157182
group_4071,-27.407422212142855,11.893230625676157,-2.3044556247798047,0.03493802379289131,0.24919695960036325,0.11680043278157182
group_4070,-27.407422212142855,11.893230625676157,-2.3044556247798047,0.03493802379289131,0.24919695960036325,0.11680043278157182
hin_1,-27.407422212142855,11.893230625676157,-2.3044556247798047,0.03493802379289131,0.24919695960036325,0.11680043278157182
group_4069,-27.407422212142855,11.893230625676157,-2.3044556247798047,0.03493802379289131,0.24919695960036325,0.11680043278157182
group_4068,-27.407422212142855,11.893230625676157,-2.3044556247798047,0.03493802379289131,0.24919695960036325,0.11680043278157182
group_4067,-27.407422212142855,11.893230625676157,-2.3044556247798047,0.03493802379289131,0.24919695960036325,0.11680043278157182
apxIB_1,-27.407422212142855,11.893230625676157,-2.3044556247798047,0.03493802379289131,0.24919695960036325,0.11680043278157182
oprJ_3,-27.407422212142855,11.893230625676157,-2.3044556247798047,0.03493802379289131,0.24919695960036325,0.11680043278157182
group_4066,-27.407422212142855,11.893230625676157,-2.3044556247798047,0.03493802379289131,0.24919695960036325,0.11680043278157182
group_4065,-27.407422212142855,11.893230625676157,-2.3044556247798047,0.03493802379289131,0.24919695960036325,0.11680043278157182
group_4064,-27.407422212142855,11.893230625676157,-2.3044556247798047,0.03493802379289131,0.24919695960036325,0.11680043278157182
group_4063,-27.407422212142855,11.893230625676157,-2.3044556247798047,0.03493802379289131,0.24919695960036325,0.11680043278157182
group_4062,-27.407422212142855,11.893230625676157,-2.3044556247798047,0.03493802379289131,0.24919695960036325,0.11680043278157182
group_4061,-27.407422212142855,11.893230625676157,-2.3044556247798047,0.03493802379289131,0.24919695960036325,0.11680043278157182
group_4060,-27.407422212142855,11.893230625676157,-2.3044556247798047,0.03493802379289131,0.24919695960036325,0.11680043278157182
group_4059,-27.407422212142855,11.893230625676157,-2.3044556247798047,0.03493802379289131,0.24919695960036325,0.11680043278157182
group_4058,-27.407422212142855,11.893230625676157,-2.3044556247798047,0.03493802379289131,0.24919695960036325,0.11680043278157182
group_4057,-27.407422212142855,11.893230625676157,-2.3044556247798047,0.03493802379289131,0.24919695960036325,0.11680043278157182
group_4056,-27.407422212142855,11.893230625676157,-2.3044556247798047,0.03493802379289131,0.24919695960036325,0.11680043278157182
group_4055,-27.407422212142855,11.893230625676157,-2.3044556247798047,0.03493802379289131,0.24919695960036325,0.11680043278157182
group_4054,-27.407422212142855,11.893230625676157,-2.3044556247798047,0.03493802379289131,0.24919695960036325,0.11680043278157182
group_4053,-27.407422212142855,11.893230625676157,-2.3044556247798047,0.03493802379289131,0.24919695960036325,0.11680043278157182
csrA1_2,-27.407422212142855,11.893230625676157,-2.3044556247798047,0.03493802379289131,0.24919695960036325,0.11680043278157182
group_4052,-27.407422212142855,11.893230625676157,-2.3044556247798047,0.03493802379289131,0.24919695960036325,0.11680043278157182
group_4051,-27.407422212142855,11.893230625676157,-2.3044556247798047,0.03493802379289131,0.24919695960036325,0.11680043278157182
group_4050,-27.407422212142855,11.893230625676157,-2.3044556247798047,0.03493802379289131,0.24919695960036325,0.11680043278157182
group_4049,-27.407422212142855,11.893230625676157,-2.3044556247798047,0.03493802379289131,0.24919695960036325,0.11680043278157182
group_4048,-27.407422212142855,11.893230625676157,-2.3044556247798047,0.03493802379289131,0.24919695960036325,0.11680043278157182
group_4047,-27.407422212142855,11.893230625676157,-2.3044556247798047,0.03493802379289131,0.24919695960036325,0.11680043278157182
group_4046,-27.407422212142855,11.893230625676157,-2.3044556247798047,0.03493802379289131,0.24919695960036325,0.11680043278157182
group_4045,-27.407422212142855,11.893230625676157,-2.3044556247798047,0.03493802379289131,0.24919695960036325,0.11680043278157182
group_4044,-27.407422212142855,11.893230625676157,-2.3044556247798047,0.03493802379289131,0.24919695960036325,0.11680043278157182
group_4043,-27.407422212142855,11.893230625676157,-2.3044556247798047,0.03493802379289131,0.24919695960036325,0.11680043278157182
group_4042,-27.407422212142855,11.893230625676157,-2.3044556247798047,0.03493802379289131,0.24919695960036325,0.11680043278157182
group_4041,-27.407422212142855,11.893230625676157,-2.3044556247798047,0.03493802379289131,0.24919695960036325,0.11680043278157182
group_4040,-27.407422212142855,11.893230625676157,-2.3044556247798047,0.03493802379289131,0.24919695960036325,0.11680043278157182
group_4039,-27.407422212142855,11.893230625676157,-2.3044556247798047,0.03493802379289131,0.24919695960036325,0.11680043278157182
group_4038,-27.407422212142855,11.893230625676157,-2.3044556247798047,0.03493802379289131,0.24919695960036325,0.11680043278157182
group_4037,-27.407422212142855,11.893230625676157,-2.3044556247798047,0.03493802379289131,0.24919695960036325,0.11680043278157182
group_4036,-27.407422212142855,11.893230625676157,-2.3044556247798047,0.03493802379289131,0.24919695960036325,0.11680043278157182
group_4035,-27.407422212142855,11.893230625676157,-2.3044556247798047,0.03493802379289131,0.24919695960036325,0.11680043278157182
group_4034,-27.407422212142855,11.893230625676157,-2.3044556247798047,0.03493802379289131,0.24919695960036325,0.11680043278157182
group_4033,-27.407422212142855,11.893230625676157,-2.3044556247798047,0.03493802379289131,0.24919695960036325,0.11680043278157182
gst,-27.407422212142855,11.893230625676157,-2.3044556247798047,0.03493802379289131,0.24919695960036325,0.11680043278157182
fadD_4,-27.407422212142855,11.893230625676157,-2.3044556247798047,0.03493802379289131,0.24919695960036325,0.11680043278157182
group_4032,-27.407422212142855,11.893230625676157,-2.3044556247798047,0.03493802379289131,0.24919695960036325,0.11680043278157182
traC_1,-27.407422212142855,11.893230625676157,-2.3044556247798047,0.03493802379289131,0.24919695960036325,0.11680043278157182
group_4031,-27.407422212142855,11.893230625676157,-2.3044556247798047,0.03493802379289131,0.24919695960036325,0.11680043278157182
group_4030,-27.407422212142855,11.893230625676157,-2.3044556247798047,0.03493802379289131,0.24919695960036325,0.11680043278157182
group_4029,-27.407422212142855,11.893230625676157,-2.3044556247798047,0.03493802379289131,0.24919695960036325,0.11680043278157182
group_4028,-27.407422212142855,11.893230625676157,-2.3044556247798047,0.03493802379289131,0.24919695960036325,0.11680043278157182
group_4027,-27.407422212142855,11.893230625676157,-2.3044556247798047,0.03493802379289131,0.24919695960036325,0.11680043278157182
group_4026,-27.407422212142855,11.893230625676157,-2.3044556247798047,0.03493802379289131,0.24919695960036325,0.11680043278157182
group_4025,-27.407422212142855,11.893230625676157,-2.3044556247798047,0.03493802379289131,0.24919695960036325,0.11680043278157182
oprJ_1,-27.407422212142855,11.893230625676157,-2.3044556247798047,0.03493802379289131,0.24919695960036325,0.11680043278157182
group_4024,-27.407422212142855,11.893230625676157,-2.3044556247798047,0.03493802379289131,0.24919695960036325,0.11680043278157182
group_4023,-27.407422212142855,11.893230625676157,-2.3044556247798047,0.03493802379289131,0.24919695960036325,0.11680043278157182
group_4022,-27.407422212142855,11.893230625676157,-2.3044556247798047,0.03493802379289131,0.24919695960036325,0.11680043278157182
group_4021,-27.407422212142855,11.893230625676157,-2.3044556247798047,0.03493802379289131,0.24919695960036325,0.11680043278157182
group_4020,-27.407422212142855,11.893230625676157,-2.3044556247798047,0.03493802379289131,0.24919695960036325,0.11680043278157182
group_4019,-27.407422212142855,11.893230625676157,-2.3044556247798047,0.03493802379289131,0.24919695960036325,0.11680043278157182
group_4018,-27.407422212142855,11.893230625676157,-2.3044556247798047,0.03493802379289131,0.24919695960036325,0.11680043278157182
group_4017,-27.407422212142855,11.893230625676157,-2.3044556247798047,0.03493802379289131,0.24919695960036325,0.11680043278157182
group_4016,-27.407422212142855,11.893230625676157,-2.3044556247798047,0.03493802379289131,0.24919695960036325,0.11680043278157182
group_4015,-27.407422212142855,11.893230625676157,-2.3044556247798047,0.03493802379289131,0.24919695960036325,0.11680043278157182
group_4014,-27.407422212142855,11.893230625676157,-2.3044556247798047,0.03493802379289131,0.24919695960036325,0.11680043278157182
group_4013,-27.407422212142855,11.893230625676157,-2.3044556247798047,0.03493802379289131,0.24919695960036325,0.11680043278157182
group_4012,-27.407422212142855,11.893230625676157,-2.3044556247798047,0.03493802379289131,0.24919695960036325,0.11680043278157182
group_4011,-27.407422212142855,11.893230625676157,-2.3044556247798047,0.03493802379289131,0.24919695960036325,0.11680043278157182
group_4010,-27.407422212142855,11.893230625676157,-2.3044556247798047,0.03493802379289131,0.24919695960036325,0.11680043278157182
noc_1,-27.407422212142855,11.893230625676157,-2.3044556247798047,0.03493802379289131,0.24919695960036325,0.11680043278157182
group_4009,-27.407422212142855,11.893230625676157,-2.3044556247798047,0.03493802379289131,0.24919695960036325,0.11680043278157182
group_4008,-27.407422212142855,11.893230625676157,-2.3044556247798047,0.03493802379289131,0.24919695960036325,0.11680043278157182
umuD_1,-27.407422212142855,11.893230625676157,-2.3044556247798047,0.03493802379289131,0.24919695960036325,0.11680043278157182
group_4007,-27.407422212142855,11.893230625676157,-2.3044556247798047,0.03493802379289131,0.24919695960036325,0.11680043278157182
group_4006,-27.407422212142855,11.893230625676157,-2.3044556247798047,0.03493802379289131,0.24919695960036325,0.11680043278157182
group_4005,-27.407422212142855,11.893230625676157,-2.3044556247798047,0.03493802379289131,0.24919695960036325,0.11680043278157182
group_4004,-27.407422212142855,11.893230625676157,-2.3044556247798047,0.03493802379289131,0.24919695960036325,0.11680043278157182
group_4003,-27.407422212142855,11.893230625676157,-2.3044556247798047,0.03493802379289131,0.24919695960036325,0.11680043278157182
group_4002,-27.407422212142855,11.893230625676157,-2.3044556247798047,0.03493802379289131,0.24919695960036325,0.11680043278157182
acrA,-27.407422212142855,11.893230625676157,-2.3044556247798047,0.03493802379289131,0.24919695960036325,0.11680043278157182
group_4001,-27.407422212142855,11.893230625676157,-2.3044556247798047,0.03493802379289131,0.24919695960036325,0.11680043278157182
group_4000,-27.407422212142855,11.893230625676157,-2.3044556247798047,0.03493802379289131,0.24919695960036325,0.11680043278157182
group_3999,-27.407422212142855,11.893230625676157,-2.3044556247798047,0.03493802379289131,0.24919695960036325,0.11680043278157182
group_3998,-27.407422212142855,11.893230625676157,-2.3044556247798047,0.03493802379289131,0.24919695960036325,0.11680043278157182
group_3997,-27.407422212142855,11.893230625676157,-2.3044556247798047,0.03493802379289131,0.24919695960036325,0.11680043278157182
group_3996,-27.407422212142855,11.893230625676157,-2.3044556247798047,0.03493802379289131,0.24919695960036325,0.11680043278157182
acrB,-27.407422212142855,11.893230625676157,-2.3044556247798047,0.03493802379289131,0.24919695960036325,0.11680043278157182
group_3995,-27.407422212142855,11.893230625676157,-2.3044556247798047,0.03493802379289131,0.24919695960036325,0.11680043278157182
dsbC_2,-27.407422212142855,11.893230625676157,-2.3044556247798047,0.03493802379289131,0.24919695960036325,0.11680043278157182
group_3994,-27.407422212142855,11.893230625676157,-2.3044556247798047,0.03493802379289131,0.24919695960036325,0.11680043278157182
group_3993,-27.407422212142855,11.893230625676157,-2.3044556247798047,0.03493802379289131,0.24919695960036325,0.11680043278157182
group_3992,-27.407422212142855,11.893230625676157,-2.3044556247798047,0.03493802379289131,0.24919695960036325,0.11680043278157182
group_3991,-27.407422212142855,11.893230625676157,-2.3044556247798047,0.03493802379289131,0.24919695960036325,0.11680043278157182
group_3990,-27.407422212142855,11.893230625676157,-2.3044556247798047,0.03493802379289131,0.24919695960036325,0.11680043278157182
group_3989,-27.407422212142855,11.893230625676157,-2.3044556247798047,0.03493802379289131,0.24919695960036325,0.11680043278157182
group_3988,-27.407422212142855,11.893230625676157,-2.3044556247798047,0.03493802379289131,0.24919695960036325,0.11680043278157182
group_3987,-27.407422212142855,11.893230625676157,-2.3044556247798047,0.03493802379289131,0.24919695960036325,0.11680043278157182
group_3986,-27.407422212142855,11.893230625676157,-2.3044556247798047,0.03493802379289131,0.24919695960036325,0.11680043278157182
group_3985,-27.407422212142855,11.893230625676157,-2.3044556247798047,0.03493802379289131,0.24919695960036325,0.11680043278157182
group_3984,-27.407422212142855,11.893230625676157,-2.3044556247798047,0.03493802379289131,0.24919695960036325,0.11680043278157182
group_3983,-27.407422212142855,11.893230625676157,-2.3044556247798047,0.03493802379289131,0.24919695960036325,0.11680043278157182
group_3982,-27.407422212142855,11.893230625676157,-2.3044556247798047,0.03493802379289131,0.24919695960036325,0.11680043278157182
group_3981,-27.407422212142855,11.893230625676157,-2.3044556247798047,0.03493802379289131,0.24919695960036325,0.11680043278157182
group_3980,-27.407422212142855,11.893230625676157,-2.3044556247798047,0.03493802379289131,0.24919695960036325,0.11680043278157182
radD,-27.407422212142855,11.893230625676157,-2.3044556247798047,0.03493802379289131,0.24919695960036325,0.11680043278157182
group_3979,-27.407422212142855,11.893230625676157,-2.3044556247798047,0.03493802379289131,0.24919695960036325,0.11680043278157182
group_3978,-27.407422212142855,11.893230625676157,-2.3044556247798047,0.03493802379289131,0.24919695960036325,0.11680043278157182
group_3977,-27.407422212142855,11.893230625676157,-2.3044556247798047,0.03493802379289131,0.24919695960036325,0.11680043278157182
group_3976,-27.407422212142855,11.893230625676157,-2.3044556247798047,0.03493802379289131,0.24919695960036325,0.11680043278157182
group_3975,-27.407422212142855,11.893230625676157,-2.3044556247798047,0.03493802379289131,0.24919695960036325,0.11680043278157182
group_3974,-27.407422212142855,11.893230625676157,-2.3044556247798047,0.03493802379289131,0.24919695960036325,0.11680043278157182
group_3973,-27.407422212142855,11.893230625676157,-2.3044556247798047,0.03493802379289131,0.24919695960036325,0.11680043278157182
group_3972,-27.407422212142855,11.893230625676157,-2.3044556247798047,0.03493802379289131,0.24919695960036325,0.11680043278157182
group_3971,-27.407422212142855,11.893230625676157,-2.3044556247798047,0.03493802379289131,0.24919695960036325,0.11680043278157182
umuC_1,-27.407422212142855,11.893230625676157,-2.3044556247798047,0.03493802379289131,0.24919695960036325,0.11680043278157182
group_3970,-27.407422212142855,11.893230625676157,-2.3044556247798047,0.03493802379289131,0.24919695960036325,0.11680043278157182
group_3969,-27.407422212142855,11.893230625676157,-2.3044556247798047,0.03493802379289131,0.24919695960036325,0.11680043278157182
group_3968,-27.407422212142855,11.893230625676157,-2.3044556247798047,0.03493802379289131,0.24919695960036325,0.11680043278157182
group_3967,-27.407422212142855,11.893230625676157,-2.3044556247798047,0.03493802379289131,0.24919695960036325,0.11680043278157182
group_3966,-27.407422212142855,11.893230625676157,-2.3044556247798047,0.03493802379289131,0.24919695960036325,0.11680043278157182
group_3965,-27.407422212142855,11.893230625676157,-2.3044556247798047,0.03493802379289131,0.24919695960036325,0.11680043278157182
group_3964,-27.407422212142855,11.893230625676157,-2.3044556247798047,0.03493802379289131,0.24919695960036325,0.11680043278157182
group_3963,-27.407422212142855,11.893230625676157,-2.3044556247798047,0.03493802379289131,0.24919695960036325,0.11680043278157182
group_3962,-27.407422212142855,11.893230625676157,-2.3044556247798047,0.03493802379289131,0.24919695960036325,0.11680043278157182
ssb_1,-27.407422212142855,11.893230625676157,-2.3044556247798047,0.03493802379289131,0.24919695960036325,0.11680043278157182
group_3961,-27.407422212142855,11.893230625676157,-2.3044556247798047,0.03493802379289131,0.24919695960036325,0.11680043278157182
group_3960,-27.407422212142855,11.893230625676157,-2.3044556247798047,0.03493802379289131,0.24919695960036325,0.11680043278157182
group_3959,-27.407422212142855,11.893230625676157,-2.3044556247798047,0.03493802379289131,0.24919695960036325,0.11680043278157182
group_3958,-27.407422212142855,11.893230625676157,-2.3044556247798047,0.03493802379289131,0.24919695960036325,0.11680043278157182
group_3957,-27.407422212142855,11.893230625676157,-2.3044556247798047,0.03493802379289131,0.24919695960036325,0.11680043278157182
group_3956,-27.407422212142855,11.893230625676157,-2.3044556247798047,0.03493802379289131,0.24919695960036325,0.11680043278157182
group_3955,-27.407422212142855,11.893230625676157,-2.3044556247798047,0.03493802379289131,0.24919695960036325,0.11680043278157182
group_3954,-27.407422212142855,11.893230625676157,-2.3044556247798047,0.03493802379289131,0.24919695960036325,0.11680043278157182
group_3953,-27.407422212142855,11.893230625676157,-2.3044556247798047,0.03493802379289131,0.24919695960036325,0.11680043278157182
group_3952,-27.407422212142855,11.893230625676157,-2.3044556247798047,0.03493802379289131,0.24919695960036325,0.11680043278157182
group_3951,-27.407422212142855,11.893230625676157,-2.3044556247798047,0.03493802379289131,0.24919695960036325,0.11680043278157182
group_3950,-27.407422212142855,11.893230625676157,-2.3044556247798047,0.03493802379289131,0.24919695960036325,0.11680043278157182
group_3949,-27.407422212142855,11.893230625676157,-2.3044556247798047,0.03493802379289131,0.24919695960036325,0.11680043278157182
cobS_2,-27.407422212142855,11.893230625676157,-2.3044556247798047,0.03493802379289131,0.24919695960036325,0.11680043278157182
group_3948,-27.407422212142855,11.893230625676157,-2.3044556247798047,0.03493802379289131,0.24919695960036325,0.11680043278157182
group_3947,-27.407422212142855,11.893230625676157,-2.3044556247798047,0.03493802379289131,0.24919695960036325,0.11680043278157182
group_3946,-27.407422212142855,11.893230625676157,-2.3044556247798047,0.03493802379289131,0.24919695960036325,0.11680043278157182
group_3945,-27.407422212142855,11.893230625676157,-2.3044556247798047,0.03493802379289131,0.24919695960036325,0.11680043278157182
group_3944,-27.407422212142855,11.893230625676157,-2.3044556247798047,0.03493802379289131,0.24919695960036325,0.11680043278157182
group_3943,-27.407422212142855,11.893230625676157,-2.3044556247798047,0.03493802379289131,0.24919695960036325,0.11680043278157182
group_3942,-27.407422212142855,11.893230625676157,-2.3044556247798047,0.03493802379289131,0.24919695960036325,0.11680043278157182
group_3941,-27.407422212142855,11.893230625676157,-2.3044556247798047,0.03493802379289131,0.24919695960036325,0.11680043278157182
cusS_2,-27.407422212142855,11.893230625676157,-2.3044556247798047,0.03493802379289131,0.24919695960036325,0.11680043278157182
group_3932,-27.407422212142855,11.893230625676157,-2.3044556247798047,0.03493802379289131,0.24919695960036325,0.11680043278157182
group_3927,-27.407422212142855,11.893230625676157,-2.3044556247798047,0.03493802379289131,0.24919695960036325,0.11680043278157182
group_3923,-27.407422212142855,11.893230625676157,-2.3044556247798047,0.03493802379289131,0.24919695960036325,0.11680043278157182
copR_3,-27.407422212142855,11.893230625676157,-2.3044556247798047,0.03493802379289131,0.24919695960036325,0.11680043278157182
mdtH,-27.407422212142855,11.893230625676157,-2.3044556247798047,0.03493802379289131,0.24919695960036325,0.11680043278157182
group_3917,-27.407422212142855,11.893230625676157,-2.3044556247798047,0.03493802379289131,0.24919695960036325,0.11680043278157182
group_3911,-27.407422212142855,11.893230625676157,-2.3044556247798047,0.03493802379289131,0.24919695960036325,0.11680043278157182
group_3899,-27.407422212142855,11.893230625676157,-2.3044556247798047,0.03493802379289131,0.24919695960036325,0.11680043278157182
group_3892,-27.407422212142855,11.893230625676157,-2.3044556247798047,0.03493802379289131,0.24919695960036325,0.11680043278157182
group_3888,-27.407422212142855,11.893230625676157,-2.3044556247798047,0.03493802379289131,0.24919695960036325,0.11680043278157182
group_3658,-27.407422212142855,11.893230625676157,-2.3044556247798047,0.03493802379289131,0.24919695960036325,0.11680043278157182
group_3118,-27.407422212142855,11.893230625676157,-2.3044556247798047,0.03493802379289131,0.24919695960036325,0.11680043278157182
group_3031,-27.407422212142855,11.893230625676157,-2.3044556247798047,0.03493802379289131,0.24919695960036325,0.11680043278157182
copR_1,-27.407422212142855,11.893230625676157,-2.3044556247798047,0.03493802379289131,0.24919695960036325,0.11680043278157182
group_2890,-27.407422212142855,11.893230625676157,-2.3044556247798047,0.03493802379289131,0.24919695960036325,0.11680043278157182
group_2880,-27.407422212142855,11.893230625676157,-2.3044556247798047,0.03493802379289131,0.24919695960036325,0.11680043278157182
group_2873,-27.407422212142855,11.893230625676157,-2.3044556247798047,0.03493802379289131,0.24919695960036325,0.11680043278157182
group_2864,-27.407422212142855,11.893230625676157,-2.3044556247798047,0.03493802379289131,0.24919695960036325,0.11680043278157182
group_2858,-27.407422212142855,11.893230625676157,-2.3044556247798047,0.03493802379289131,0.24919695960036325,0.11680043278157182
group_2857,-27.407422212142855,11.893230625676157,-2.3044556247798047,0.03493802379289131,0.24919695960036325,0.11680043278157182
group_2853,-27.407422212142855,11.893230625676157,-2.3044556247798047,0.03493802379289131,0.24919695960036325,0.11680043278157182
group_2850,-27.407422212142855,11.893230625676157,-2.3044556247798047,0.03493802379289131,0.24919695960036325,0.11680043278157182
group_2849,-27.407422212142855,11.893230625676157,-2.3044556247798047,0.03493802379289131,0.24919695960036325,0.11680043278157182
group_2844,-27.407422212142855,11.893230625676157,-2.3044556247798047,0.03493802379289131,0.24919695960036325,0.11680043278157182
group_2834,-27.407422212142855,11.893230625676157,-2.3044556247798047,0.03493802379289131,0.24919695960036325,0.11680043278157182
group_2830,-27.407422212142855,11.893230625676157,-2.3044556247798047,0.03493802379289131,0.24919695960036325,0.11680043278157182
group_2825,-27.407422212142855,11.893230625676157,-2.3044556247798047,0.03493802379289131,0.24919695960036325,0.11680043278157182
group_2823,-27.407422212142855,11.893230625676157,-2.3044556247798047,0.03493802379289131,0.24919695960036325,0.11680043278157182
group_2815,-27.407422212142855,11.893230625676157,-2.3044556247798047,0.03493802379289131,0.24919695960036325,0.11680043278157182
group_2809,-27.407422212142855,11.893230625676157,-2.3044556247798047,0.03493802379289131,0.24919695960036325,0.11680043278157182
group_2795,-27.407422212142855,11.893230625676157,-2.3044556247798047,0.03493802379289131,0.24919695960036325,0.11680043278157182
group_2756,-27.407422212142855,11.893230625676157,-2.3044556247798047,0.03493802379289131,0.24919695960036325,0.11680043278157182
group_2755,-27.407422212142855,11.893230625676157,-2.3044556247798047,0.03493802379289131,0.24919695960036325,0.11680043278157182
group_2754,-27.407422212142855,11.893230625676157,-2.3044556247798047,0.03493802379289131,0.24919695960036325,0.11680043278157182
group_2744,-27.407422212142855,11.893230625676157,-2.3044556247798047,0.03493802379289131,0.24919695960036325,0.11680043278157182
group_2743,-27.407422212142855,11.893230625676157,-2.3044556247798047,0.03493802379289131,0.24919695960036325,0.11680043278157182
group_2742,-27.407422212142855,11.893230625676157,-2.3044556247798047,0.03493802379289131,0.24919695960036325,0.11680043278157182
group_2733,-27.407422212142855,11.893230625676157,-2.3044556247798047,0.03493802379289131,0.24919695960036325,0.11680043278157182
group_2732,-27.407422212142855,11.893230625676157,-2.3044556247798047,0.03493802379289131,0.24919695960036325,0.11680043278157182
group_2727,-27.407422212142855,11.893230625676157,-2.3044556247798047,0.03493802379289131,0.24919695960036325,0.11680043278157182
group_2709,-27.407422212142855,11.893230625676157,-2.3044556247798047,0.03493802379289131,0.24919695960036325,0.11680043278157182
group_2708,-27.407422212142855,11.893230625676157,-2.3044556247798047,0.03493802379289131,0.24919695960036325,0.11680043278157182
group_2692,-27.407422212142855,11.893230625676157,-2.3044556247798047,0.03493802379289131,0.24919695960036325,0.11680043278157182
group_2688,-27.407422212142855,11.893230625676157,-2.3044556247798047,0.03493802379289131,0.24919695960036325,0.11680043278157182
group_2687,-27.407422212142855,11.893230625676157,-2.3044556247798047,0.03493802379289131,0.24919695960036325,0.11680043278157182
group_2686,-27.407422212142855,11.893230625676157,-2.3044556247798047,0.03493802379289131,0.24919695960036325,0.11680043278157182
group_2685,-27.407422212142855,11.893230625676157,-2.3044556247798047,0.03493802379289131,0.24919695960036325,0.11680043278157182
group_2684,-27.407422212142855,11.893230625676157,-2.3044556247798047,0.03493802379289131,0.24919695960036325,0.11680043278157182
group_2677,-27.407422212142855,11.893230625676157,-2.3044556247798047,0.03493802379289131,0.24919695960036325,0.11680043278157182
group_2676,-27.407422212142855,11.893230625676157,-2.3044556247798047,0.03493802379289131,0.24919695960036325,0.11680043278157182
group_2675,-27.407422212142855,11.893230625676157,-2.3044556247798047,0.03493802379289131,0.24919695960036325,0.11680043278157182
group_2654,-27.407422212142855,11.893230625676157,-2.3044556247798047,0.03493802379289131,0.24919695960036325,0.11680043278157182
group_2641,-27.407422212142855,11.893230625676157,-2.3044556247798047,0.03493802379289131,0.24919695960036325,0.11680043278157182
group_2640,-27.407422212142855,11.893230625676157,-2.3044556247798047,0.03493802379289131,0.24919695960036325,0.11680043278157182
group_2630,-27.407422212142855,11.893230625676157,-2.3044556247798047,0.03493802379289131,0.24919695960036325,0.11680043278157182
group_2629,-27.407422212142855,11.893230625676157,-2.3044556247798047,0.03493802379289131,0.24919695960036325,0.11680043278157182
group_2618,-27.407422212142855,11.893230625676157,-2.3044556247798047,0.03493802379289131,0.24919695960036325,0.11680043278157182
group_2617,-27.407422212142855,11.893230625676157,-2.3044556247798047,0.03493802379289131,0.24919695960036325,0.11680043278157182
group_2616,-27.407422212142855,11.893230625676157,-2.3044556247798047,0.03493802379289131,0.24919695960036325,0.11680043278157182
group_2615,-27.407422212142855,11.893230625676157,-2.3044556247798047,0.03493802379289131,0.24919695960036325,0.11680043278157182
group_2607,-27.407422212142855,11.893230625676157,-2.3044556247798047,0.03493802379289131,0.24919695960036325,0.11680043278157182
group_2606,-27.407422212142855,11.893230625676157,-2.3044556247798047,0.03493802379289131,0.24919695960036325,0.11680043278157182
group_2595,-27.407422212142855,11.893230625676157,-2.3044556247798047,0.03493802379289131,0.24919695960036325,0.11680043278157182
group_2594,-27.407422212142855,11.893230625676157,-2.3044556247798047,0.03493802379289131,0.24919695960036325,0.11680043278157182
group_2580,-27.407422212142855,11.893230625676157,-2.3044556247798047,0.03493802379289131,0.24919695960036325,0.11680043278157182
group_2579,-27.407422212142855,11.893230625676157,-2.3044556247798047,0.03493802379289131,0.24919695960036325,0.11680043278157182
relB,-27.407422212142855,11.893230625676157,-2.3044556247798047,0.03493802379289131,0.24919695960036325,0.11680043278157182
group_2570,-27.407422212142855,11.893230625676157,-2.3044556247798047,0.03493802379289131,0.24919695960036325,0.11680043278157182
group_2569,-27.407422212142855,11.893230625676157,-2.3044556247798047,0.03493802379289131,0.24919695960036325,0.11680043278157182
group_2568,-27.407422212142855,11.893230625676157,-2.3044556247798047,0.03493802379289131,0.24919695960036325,0.11680043278157182
group_2567,-27.407422212142855,11.893230625676157,-2.3044556247798047,0.03493802379289131,0.24919695960036325,0.11680043278157182
group_2555,-27.407422212142855,11.893230625676157,-2.3044556247798047,0.03493802379289131,0.24919695960036325,0.11680043278157182
group_2554,-27.407422212142855,11.893230625676157,-2.3044556247798047,0.03493802379289131,0.24919695960036325,0.11680043278157182
group_2553,-27.407422212142855,11.893230625676157,-2.3044556247798047,0.03493802379289131,0.24919695960036325,0.11680043278157182
group_2552,-27.407422212142855,11.893230625676157,-2.3044556247798047,0.03493802379289131,0.24919695960036325,0.11680043278157182
group_2546,-27.407422212142855,11.893230625676157,-2.3044556247798047,0.03493802379289131,0.24919695960036325,0.11680043278157182
group_2531,-27.407422212142855,11.893230625676157,-2.3044556247798047,0.03493802379289131,0.24919695960036325,0.11680043278157182
group_2530,-27.407422212142855,11.893230625676157,-2.3044556247798047,0.03493802379289131,0.24919695960036325,0.11680043278157182
group_2529,-27.407422212142855,11.893230625676157,-2.3044556247798047,0.03493802379289131,0.24919695960036325,0.11680043278157182
group_2513,-27.407422212142855,11.893230625676157,-2.3044556247798047,0.03493802379289131,0.24919695960036325,0.11680043278157182
group_2512,-27.407422212142855,11.893230625676157,-2.3044556247798047,0.03493802379289131,0.24919695960036325,0.11680043278157182
group_2511,-27.407422212142855,11.893230625676157,-2.3044556247798047,0.03493802379289131,0.24919695960036325,0.11680043278157182
group_2502,-27.407422212142855,11.893230625676157,-2.3044556247798047,0.03493802379289131,0.24919695960036325,0.11680043278157182
group_2501,-27.407422212142855,11.893230625676157,-2.3044556247798047,0.03493802379289131,0.24919695960036325,0.11680043278157182
group_2500,-27.407422212142855,11.893230625676157,-2.3044556247798047,0.03493802379289131,0.24919695960036325,0.11680043278157182
group_2488,-27.407422212142855,11.893230625676157,-2.3044556247798047,0.03493802379289131,0.24919695960036325,0.11680043278157182
group_2487,-27.407422212142855,11.893230625676157,-2.3044556247798047,0.03493802379289131,0.24919695960036325,0.11680043278157182
group_2486,-27.407422212142855,11.893230625676157,-2.3044556247798047,0.03493802379289131,0.24919695960036325,0.11680043278157182
group_2471,-27.407422212142855,11.893230625676157,-2.3044556247798047,0.03493802379289131,0.24919695960036325,0.11680043278157182
group_2470,-27.407422212142855,11.893230625676157,-2.3044556247798047,0.03493802379289131,0.24919695960036325,0.11680043278157182
group_2461,-27.407422212142855,11.893230625676157,-2.3044556247798047,0.03493802379289131,0.24919695960036325,0.11680043278157182
group_2460,-27.407422212142855,11.893230625676157,-2.3044556247798047,0.03493802379289131,0.24919695960036325,0.11680043278157182
group_2459,-27.407422212142855,11.893230625676157,-2.3044556247798047,0.03493802379289131,0.24919695960036325,0.11680043278157182
group_2458,-27.407422212142855,11.893230625676157,-2.3044556247798047,0.03493802379289131,0.24919695960036325,0.11680043278157182
group_2457,-27.407422212142855,11.893230625676157,-2.3044556247798047,0.03493802379289131,0.24919695960036325,0.11680043278157182
group_2456,-27.407422212142855,11.893230625676157,-2.3044556247798047,0.03493802379289131,0.24919695960036325,0.11680043278157182
group_2449,-27.407422212142855,11.893230625676157,-2.3044556247798047,0.03493802379289131,0.24919695960036325,0.11680043278157182
group_2448,-27.407422212142855,11.893230625676157,-2.3044556247798047,0.03493802379289131,0.24919695960036325,0.11680043278157182
group_2447,-27.407422212142855,11.893230625676157,-2.3044556247798047,0.03493802379289131,0.24919695960036325,0.11680043278157182
group_2433,-27.407422212142855,11.893230625676157,-2.3044556247798047,0.03493802379289131,0.24919695960036325,0.11680043278157182
group_2423,-27.407422212142855,11.893230625676157,-2.3044556247798047,0.03493802379289131,0.24919695960036325,0.11680043278157182
group_2411,-27.407422212142855,11.893230625676157,-2.3044556247798047,0.03493802379289131,0.24919695960036325,0.11680043278157182
group_2410,-27.407422212142855,11.893230625676157,-2.3044556247798047,0.03493802379289131,0.24919695960036325,0.11680043278157182
group_2402,-27.407422212142855,11.893230625676157,-2.3044556247798047,0.03493802379289131,0.24919695960036325,0.11680043278157182
group_2401,-27.407422212142855,11.893230625676157,-2.3044556247798047,0.03493802379289131,0.24919695960036325,0.11680043278157182
group_2394,-27.407422212142855,11.893230625676157,-2.3044556247798047,0.03493802379289131,0.24919695960036325,0.11680043278157182
group_2381,-27.407422212142855,11.893230625676157,-2.3044556247798047,0.03493802379289131,0.24919695960036325,0.11680043278157182
relE,-27.407422212142855,11.893230625676157,-2.3044556247798047,0.03493802379289131,0.24919695960036325,0.11680043278157182
group_2373,-27.407422212142855,11.893230625676157,-2.3044556247798047,0.03493802379289131,0.24919695960036325,0.11680043278157182
group_2372,-27.407422212142855,11.893230625676157,-2.3044556247798047,0.03493802379289131,0.24919695960036325,0.11680043278157182
group_2359,-27.407422212142855,11.893230625676157,-2.3044556247798047,0.03493802379289131,0.24919695960036325,0.11680043278157182
group_2358,-27.407422212142855,11.893230625676157,-2.3044556247798047,0.03493802379289131,0.24919695960036325,0.11680043278157182
group_2352,-27.407422212142855,11.893230625676157,-2.3044556247798047,0.03493802379289131,0.24919695960036325,0.11680043278157182
group_2351,-27.407422212142855,11.893230625676157,-2.3044556247798047,0.03493802379289131,0.24919695960036325,0.11680043278157182
group_2343,-27.407422212142855,11.893230625676157,-2.3044556247798047,0.03493802379289131,0.24919695960036325,0.11680043278157182
group_2342,-27.407422212142855,11.893230625676157,-2.3044556247798047,0.03493802379289131,0.24919695960036325,0.11680043278157182
group_2341,-27.407422212142855,11.893230625676157,-2.3044556247798047,0.03493802379289131,0.24919695960036325,0.11680043278157182
group_2335,-27.407422212142855,11.893230625676157,-2.3044556247798047,0.03493802379289131,0.24919695960036325,0.11680043278157182
group_2312,-27.407422212142855,11.893230625676157,-2.3044556247798047,0.03493802379289131,0.24919695960036325,0.11680043278157182
group_2296,-27.407422212142855,11.893230625676157,-2.3044556247798047,0.03493802379289131,0.24919695960036325,0.11680043278157182
group_2273,-27.407422212142855,11.893230625676157,-2.3044556247798047,0.03493802379289131,0.24919695960036325,0.11680043278157182
group_2272,-27.407422212142855,11.893230625676157,-2.3044556247798047,0.03493802379289131,0.24919695960036325,0.11680043278157182
group_2264,-27.407422212142855,11.893230625676157,-2.3044556247798047,0.03493802379289131,0.24919695960036325,0.11680043278157182
group_2254,-27.407422212142855,11.893230625676157,-2.3044556247798047,0.03493802379289131,0.24919695960036325,0.11680043278157182
group_2253,-27.407422212142855,11.893230625676157,-2.3044556247798047,0.03493802379289131,0.24919695960036325,0.11680043278157182
group_2242,-27.407422212142855,11.893230625676157,-2.3044556247798047,0.03493802379289131,0.24919695960036325,0.11680043278157182
group_2228,-27.407422212142855,11.893230625676157,-2.3044556247798047,0.03493802379289131,0.24919695960036325,0.11680043278157182
group_2226,-27.407422212142855,11.893230625676157,-2.3044556247798047,0.03493802379289131,0.24919695960036325,0.11680043278157182
group_2225,-27.407422212142855,11.893230625676157,-2.3044556247798047,0.03493802379289131,0.24919695960036325,0.11680043278157182
group_2212,-27.407422212142855,11.893230625676157,-2.3044556247798047,0.03493802379289131,0.24919695960036325,0.11680043278157182
group_2211,-27.407422212142855,11.893230625676157,-2.3044556247798047,0.03493802379289131,0.24919695960036325,0.11680043278157182
group_2156,-27.407422212142855,11.893230625676157,-2.3044556247798047,0.03493802379289131,0.24919695960036325,0.11680043278157182
group_2151,-27.407422212142855,11.893230625676157,-2.3044556247798047,0.03493802379289131,0.24919695960036325,0.11680043278157182
group_2142,-27.407422212142855,11.893230625676157,-2.3044556247798047,0.03493802379289131,0.24919695960036325,0.11680043278157182
spo0F,-27.407422212142855,11.893230625676157,-2.3044556247798047,0.03493802379289131,0.24919695960036325,0.11680043278157182
group_2123,-27.407422212142855,11.893230625676157,-2.3044556247798047,0.03493802379289131,0.24919695960036325,0.11680043278157182
group_2122,-27.407422212142855,11.893230625676157,-2.3044556247798047,0.03493802379289131,0.24919695960036325,0.11680043278157182
group_2106,-27.407422212142855,11.893230625676157,-2.3044556247798047,0.03493802379289131,0.24919695960036325,0.11680043278157182
group_2105,-27.407422212142855,11.893230625676157,-2.3044556247798047,0.03493802379289131,0.24919695960036325,0.11680043278157182
group_2094,-27.407422212142855,11.893230625676157,-2.3044556247798047,0.03493802379289131,0.24919695960036325,0.11680043278157182
group_2085,-27.407422212142855,11.893230625676157,-2.3044556247798047,0.03493802379289131,0.24919695960036325,0.11680043278157182
group_2059,-27.407422212142855,11.893230625676157,-2.3044556247798047,0.03493802379289131,0.24919695960036325,0.11680043278157182
group_2048,-27.407422212142855,11.893230625676157,-2.3044556247798047,0.03493802379289131,0.24919695960036325,0.11680043278157182
group_2047,-27.407422212142855,11.893230625676157,-2.3044556247798047,0.03493802379289131,0.24919695960036325,0.11680043278157182
group_2018,-27.407422212142855,11.893230625676157,-2.3044556247798047,0.03493802379289131,0.24919695960036325,0.11680043278157182
group_2006,-27.407422212142855,11.893230625676157,-2.3044556247798047,0.03493802379289131,0.24919695960036325,0.11680043278157182
group_2001,-27.407422212142855,11.893230625676157,-2.3044556247798047,0.03493802379289131,0.24919695960036325,0.11680043278157182
group_1991,-27.407422212142855,11.893230625676157,-2.3044556247798047,0.03493802379289131,0.24919695960036325,0.11680043278157182
group_1990,-27.407422212142855,11.893230625676157,-2.3044556247798047,0.03493802379289131,0.24919695960036325,0.11680043278157182
group_1948,-27.407422212142855,11.893230625676157,-2.3044556247798047,0.03493802379289131,0.24919695960036325,0.11680043278157182
group_1947,-27.407422212142855,11.893230625676157,-2.3044556247798047,0.03493802379289131,0.24919695960036325,0.11680043278157182
group_1937,-27.407422212142855,11.893230625676157,-2.3044556247798047,0.03493802379289131,0.24919695960036325,0.11680043278157182
group_1929,-27.407422212142855,11.893230625676157,-2.3044556247798047,0.03493802379289131,0.24919695960036325,0.11680043278157182
group_1918,-27.407422212142855,11.893230625676157,-2.3044556247798047,0.03493802379289131,0.24919695960036325,0.11680043278157182
group_1917,-27.407422212142855,11.893230625676157,-2.3044556247798047,0.03493802379289131,0.24919695960036325,0.11680043278157182
group_1893,-27.407422212142855,11.893230625676157,-2.3044556247798047,0.03493802379289131,0.24919695960036325,0.11680043278157182
group_1886,-27.407422212142855,11.893230625676157,-2.3044556247798047,0.03493802379289131,0.24919695960036325,0.11680043278157182
group_1872,-27.407422212142855,11.893230625676157,-2.3044556247798047,0.03493802379289131,0.24919695960036325,0.11680043278157182
group_1865,-27.407422212142855,11.893230625676157,-2.3044556247798047,0.03493802379289131,0.24919695960036325,0.11680043278157182
group_1856,-27.407422212142855,11.893230625676157,-2.3044556247798047,0.03493802379289131,0.24919695960036325,0.11680043278157182
group_1844,-27.407422212142855,11.893230625676157,-2.3044556247798047,0.03493802379289131,0.24919695960036325,0.11680043278157182
group_1840,-27.407422212142855,11.893230625676157,-2.3044556247798047,0.03493802379289131,0.24919695960036325,0.11680043278157182
yciE,-27.407422212142855,11.893230625676157,-2.3044556247798047,0.03493802379289131,0.24919695960036325,0.11680043278157182
rrrD,-27.407422212142855,11.893230625676157,-2.3044556247798047,0.03493802379289131,0.24919695960036325,0.11680043278157182
group_1809,-27.407422212142855,11.893230625676157,-2.3044556247798047,0.03493802379289131,0.24919695960036325,0.11680043278157182
group_1796,-27.407422212142855,11.893230625676157,-2.3044556247798047,0.03493802379289131,0.24919695960036325,0.11680043278157182
group_1795,-27.407422212142855,11.893230625676157,-2.3044556247798047,0.03493802379289131,0.24919695960036325,0.11680043278157182
group_1782,-27.407422212142855,11.893230625676157,-2.3044556247798047,0.03493802379289131,0.24919695960036325,0.11680043278157182
group_1772,-27.407422212142855,11.893230625676157,-2.3044556247798047,0.03493802379289131,0.24919695960036325,0.11680043278157182
group_1750,-27.407422212142855,11.893230625676157,-2.3044556247798047,0.03493802379289131,0.24919695960036325,0.11680043278157182
group_1739,-27.407422212142855,11.893230625676157,-2.3044556247798047,0.03493802379289131,0.24919695960036325,0.11680043278157182
group_1730,-27.407422212142855,11.893230625676157,-2.3044556247798047,0.03493802379289131,0.24919695960036325,0.11680043278157182
group_1720,-27.407422212142855,11.893230625676157,-2.3044556247798047,0.03493802379289131,0.24919695960036325,0.11680043278157182
yciF,-27.407422212142855,11.893230625676157,-2.3044556247798047,0.03493802379289131,0.24919695960036325,0.11680043278157182
pncC_2,-27.407422212142855,11.893230625676157,-2.3044556247798047,0.03493802379289131,0.24919695960036325,0.11680043278157182
group_1671,-27.407422212142855,11.893230625676157,-2.3044556247798047,0.03493802379289131,0.24919695960036325,0.11680043278157182
group_1662,-27.407422212142855,11.893230625676157,-2.3044556247798047,0.03493802379289131,0.24919695960036325,0.11680043278157182
group_1661,-27.407422212142855,11.893230625676157,-2.3044556247798047,0.03493802379289131,0.24919695960036325,0.11680043278157182
group_1637,-27.407422212142855,11.893230625676157,-2.3044556247798047,0.03493802379289131,0.24919695960036325,0.11680043278157182
group_1636,-27.407422212142855,11.893230625676157,-2.3044556247798047,0.03493802379289131,0.24919695960036325,0.11680043278157182
group_1606,-27.407422212142855,11.893230625676157,-2.3044556247798047,0.03493802379289131,0.24919695960036325,0.11680043278157182
group_1605,-27.407422212142855,11.893230625676157,-2.3044556247798047,0.03493802379289131,0.24919695960036325,0.11680043278157182
group_1599,-27.407422212142855,11.893230625676157,-2.3044556247798047,0.03493802379289131,0.24919695960036325,0.11680043278157182
group_1592,-27.407422212142855,11.893230625676157,-2.3044556247798047,0.03493802379289131,0.24919695960036325,0.11680043278157182
group_1567,-27.407422212142855,11.893230625676157,-2.3044556247798047,0.03493802379289131,0.24919695960036325,0.11680043278157182
group_1546,-27.407422212142855,11.893230625676157,-2.3044556247798047,0.03493802379289131,0.24919695960036325,0.11680043278157182
group_1545,-27.407422212142855,11.893230625676157,-2.3044556247798047,0.03493802379289131,0.24919695960036325,0.11680043278157182
group_1531,-27.407422212142855,11.893230625676157,-2.3044556247798047,0.03493802379289131,0.24919695960036325,0.11680043278157182
group_1521,-27.407422212142855,11.893230625676157,-2.3044556247798047,0.03493802379289131,0.24919695960036325,0.11680043278157182
group_1517,-27.407422212142855,11.893230625676157,-2.3044556247798047,0.03493802379289131,0.24919695960036325,0.11680043278157182
group_1499,-27.407422212142855,11.893230625676157,-2.3044556247798047,0.03493802379289131,0.24919695960036325,0.11680043278157182
group_1489,-27.407422212142855,11.893230625676157,-2.3044556247798047,0.03493802379289131,0.24919695960036325,0.11680043278157182
group_1488,-27.407422212142855,11.893230625676157,-2.3044556247798047,0.03493802379289131,0.24919695960036325,0.11680043278157182
group_1453,-27.407422212142855,11.893230625676157,-2.3044556247798047,0.03493802379289131,0.24919695960036325,0.11680043278157182
group_1452,-27.407422212142855,11.893230625676157,-2.3044556247798047,0.03493802379289131,0.24919695960036325,0.11680043278157182
group_1448,-27.407422212142855,11.893230625676157,-2.3044556247798047,0.03493802379289131,0.24919695960036325,0.11680043278157182
group_1432,-27.407422212142855,11.893230625676157,-2.3044556247798047,0.03493802379289131,0.24919695960036325,0.11680043278157182
group_1419,-27.407422212142855,11.893230625676157,-2.3044556247798047,0.03493802379289131,0.24919695960036325,0.11680043278157182
group_1395,-27.407422212142855,11.893230625676157,-2.3044556247798047,0.03493802379289131,0.24919695960036325,0.11680043278157182
group_1390,-27.407422212142855,11.893230625676157,-2.3044556247798047,0.03493802379289131,0.24919695960036325,0.11680043278157182
group_1378,-27.407422212142855,11.893230625676157,-2.3044556247798047,0.03493802379289131,0.24919695960036325,0.11680043278157182
group_1349,-27.407422212142855,11.893230625676157,-2.3044556247798047,0.03493802379289131,0.24919695960036325,0.11680043278157182
group_1342,-27.407422212142855,11.893230625676157,-2.3044556247798047,0.03493802379289131,0.24919695960036325,0.11680043278157182
cpnA,-27.407422212142855,11.893230625676157,-2.3044556247798047,0.03493802379289131,0.24919695960036325,0.11680043278157182
group_1310,-27.407422212142855,11.893230625676157,-2.3044556247798047,0.03493802379289131,0.24919695960036325,0.11680043278157182
gph_2,-27.407422212142855,11.893230625676157,-2.3044556247798047,0.03493802379289131,0.24919695960036325,0.11680043278157182
group_1296,-27.407422212142855,11.893230625676157,-2.3044556247798047,0.03493802379289131,0.24919695960036325,0.11680043278157182
group_1289,-27.407422212142855,11.893230625676157,-2.3044556247798047,0.03493802379289131,0.24919695960036325,0.11680043278157182
rcsB_4,-27.407422212142855,11.893230625676157,-2.3044556247798047,0.03493802379289131,0.24919695960036325,0.11680043278157182
group_1265,-27.407422212142855,11.893230625676157,-2.3044556247798047,0.03493802379289131,0.24919695960036325,0.11680043278157182
czcR_2,-27.407422212142855,11.893230625676157,-2.3044556247798047,0.03493802379289131,0.24919695960036325,0.11680043278157182
group_1264,-27.407422212142855,11.893230625676157,-2.3044556247798047,0.03493802379289131,0.24919695960036325,0.11680043278157182
group_1249,-27.407422212142855,11.893230625676157,-2.3044556247798047,0.03493802379289131,0.24919695960036325,0.11680043278157182
group_1240,-27.407422212142855,11.893230625676157,-2.3044556247798047,0.03493802379289131,0.24919695960036325,0.11680043278157182
group_1237,-27.407422212142855,11.893230625676157,-2.3044556247798047,0.03493802379289131,0.24919695960036325,0.11680043278157182
group_1236,-27.407422212142855,11.893230625676157,-2.3044556247798047,0.03493802379289131,0.24919695960036325,0.11680043278157182
group_1224,-27.407422212142855,11.893230625676157,-2.3044556247798047,0.03493802379289131,0.24919695960036325,0.11680043278157182
group_1223,-27.407422212142855,11.893230625676157,-2.3044556247798047,0.03493802379289131,0.24919695960036325,0.11680043278157182
group_1204,-27.407422212142855,11.893230625676157,-2.3044556247798047,0.03493802379289131,0.24919695960036325,0.11680043278157182
group_1180,-27.407422212142855,11.893230625676157,-2.3044556247798047,0.03493802379289131,0.24919695960036325,0.11680043278157182
mngR,-27.407422212142855,11.893230625676157,-2.3044556247798047,0.03493802379289131,0.24919695960036325,0.11680043278157182
group_1163,-27.407422212142855,11.893230625676157,-2.3044556247798047,0.03493802379289131,0.24919695960036325,0.11680043278157182
group_1106,-27.407422212142855,11.893230625676157,-2.3044556247798047,0.03493802379289131,0.24919695960036325,0.11680043278157182
group_1100,-27.407422212142855,11.893230625676157,-2.3044556247798047,0.03493802379289131,0.24919695960036325,0.11680043278157182
fabG_5,-27.407422212142855,11.893230625676157,-2.3044556247798047,0.03493802379289131,0.24919695960036325,0.11680043278157182
group_1094,-27.407422212142855,11.893230625676157,-2.3044556247798047,0.03493802379289131,0.24919695960036325,0.11680043278157182
group_1073,-27.407422212142855,11.893230625676157,-2.3044556247798047,0.03493802379289131,0.24919695960036325,0.11680043278157182
group_1050,-27.407422212142855,11.893230625676157,-2.3044556247798047,0.03493802379289131,0.24919695960036325,0.11680043278157182
dnaC_1,-27.407422212142855,11.893230625676157,-2.3044556247798047,0.03493802379289131,0.24919695960036325,0.11680043278157182
group_1038,-27.407422212142855,11.893230625676157,-2.3044556247798047,0.03493802379289131,0.24919695960036325,0.11680043278157182
group_1020,-27.407422212142855,11.893230625676157,-2.3044556247798047,0.03493802379289131,0.24919695960036325,0.11680043278157182
group_1019,-27.407422212142855,11.893230625676157,-2.3044556247798047,0.03493802379289131,0.24919695960036325,0.11680043278157182
group_1011,-27.407422212142855,11.893230625676157,-2.3044556247798047,0.03493802379289131,0.24919695960036325,0.11680043278157182
group_1002,-27.407422212142855,11.893230625676157,-2.3044556247798047,0.03493802379289131,0.24919695960036325,0.11680043278157182
group_984,-27.407422212142855,11.893230625676157,-2.3044556247798047,0.03493802379289131,0.24919695960036325,0.11680043278157182
group_983,-27.407422212142855,11.893230625676157,-2.3044556247798047,0.03493802379289131,0.24919695960036325,0.11680043278157182
pmdD,-27.407422212142855,11.893230625676157,-2.3044556247798047,0.03493802379289131,0.24919695960036325,0.11680043278157182
group_965,-27.407422212142855,11.893230625676157,-2.3044556247798047,0.03493802379289131,0.24919695960036325,0.11680043278157182
group_952,-27.407422212142855,11.893230625676157,-2.3044556247798047,0.03493802379289131,0.24919695960036325,0.11680043278157182
rutD_2,-27.407422212142855,11.893230625676157,-2.3044556247798047,0.03493802379289131,0.24919695960036325,0.11680043278157182
sppA,-27.407422212142855,11.893230625676157,-2.3044556247798047,0.03493802379289131,0.24919695960036325,0.11680043278157182
ydbD,-27.407422212142855,11.893230625676157,-2.3044556247798047,0.03493802379289131,0.24919695960036325,0.11680043278157182
traC_2,-27.407422212142855,11.893230625676157,-2.3044556247798047,0.03493802379289131,0.24919695960036325,0.11680043278157182
group_915,-27.407422212142855,11.893230625676157,-2.3044556247798047,0.03493802379289131,0.24919695960036325,0.11680043278157182
group_888,-27.407422212142855,11.893230625676157,-2.3044556247798047,0.03493802379289131,0.24919695960036325,0.11680043278157182
ompA_3,-27.407422212142855,11.893230625676157,-2.3044556247798047,0.03493802379289131,0.24919695960036325,0.11680043278157182
mrr,-27.407422212142855,11.893230625676157,-2.3044556247798047,0.03493802379289131,0.24919695960036325,0.11680043278157182
zupT_2,-27.407422212142855,11.893230625676157,-2.3044556247798047,0.03493802379289131,0.24919695960036325,0.11680043278157182
group_821,-27.407422212142855,11.893230625676157,-2.3044556247798047,0.03493802379289131,0.24919695960036325,0.11680043278157182
group_814,-27.407422212142855,11.893230625676157,-2.3044556247798047,0.03493802379289131,0.24919695960036325,0.11680043278157182
group_768,-27.407422212142855,11.893230625676157,-2.3044556247798047,0.03493802379289131,0.24919695960036325,0.11680043278157182
group_763,-27.407422212142855,11.893230625676157,-2.3044556247798047,0.03493802379289131,0.24919695960036325,0.11680043278157182
xerC_2,-27.407422212142855,11.893230625676157,-2.3044556247798047,0.03493802379289131,0.24919695960036325,0.11680043278157182
group_759,-27.407422212142855,11.893230625676157,-2.3044556247798047,0.03493802379289131,0.24919695960036325,0.11680043278157182
group_740,-27.407422212142855,11.893230625676157,-2.3044556247798047,0.03493802379289131,0.24919695960036325,0.11680043278157182
pikAII_1,-27.407422212142855,11.893230625676157,-2.3044556247798047,0.03493802379289131,0.24919695960036325,0.11680043278157182
group_730,-27.407422212142855,11.893230625676157,-2.3044556247798047,0.03493802379289131,0.24919695960036325,0.11680043278157182
cydB_2,-27.407422212142855,11.893230625676157,-2.3044556247798047,0.03493802379289131,0.24919695960036325,0.11680043278157182
ompA_2,-27.407422212142855,11.893230625676157,-2.3044556247798047,0.03493802379289131,0.24919695960036325,0.11680043278157182
xerC_6,-27.407422212142855,11.893230625676157,-2.3044556247798047,0.03493802379289131,0.24919695960036325,0.11680043278157182
group_710,-27.407422212142855,11.893230625676157,-2.3044556247798047,0.03493802379289131,0.24919695960036325,0.11680043278157182
group_671,-27.407422212142855,11.893230625676157,-2.3044556247798047,0.03493802379289131,0.24919695960036325,0.11680043278157182
group_670,-27.407422212142855,11.893230625676157,-2.3044556247798047,0.03493802379289131,0.24919695960036325,0.11680043278157182
group_662,-27.407422212142855,11.893230625676157,-2.3044556247798047,0.03493802379289131,0.24919695960036325,0.11680043278157182
group_641,-27.407422212142855,11.893230625676157,-2.3044556247798047,0.03493802379289131,0.24919695960036325,0.11680043278157182
group_636,-27.407422212142855,11.893230625676157,-2.3044556247798047,0.03493802379289131,0.24919695960036325,0.11680043278157182
group_622,-27.407422212142855,11.893230625676157,-2.3044556247798047,0.03493802379289131,0.24919695960036325,0.11680043278157182
group_612,-27.407422212142855,11.893230625676157,-2.3044556247798047,0.03493802379289131,0.24919695960036325,0.11680043278157182
ydiO,-27.407422212142855,11.893230625676157,-2.3044556247798047,0.03493802379289131,0.24919695960036325,0.11680043278157182
nemA_4,-27.407422212142855,11.893230625676157,-2.3044556247798047,0.03493802379289131,0.24919695960036325,0.11680043278157182
group_594,-27.407422212142855,11.893230625676157,-2.3044556247798047,0.03493802379289131,0.24919695960036325,0.11680043278157182
group_593,-27.407422212142855,11.893230625676157,-2.3044556247798047,0.03493802379289131,0.24919695960036325,0.11680043278157182
group_582,-27.407422212142855,11.893230625676157,-2.3044556247798047,0.03493802379289131,0.24919695960036325,0.11680043278157182
group_581,-27.407422212142855,11.893230625676157,-2.3044556247798047,0.03493802379289131,0.24919695960036325,0.11680043278157182
group_573,-27.407422212142855,11.893230625676157,-2.3044556247798047,0.03493802379289131,0.24919695960036325,0.11680043278157182
group_572,-27.407422212142855,11.893230625676157,-2.3044556247798047,0.03493802379289131,0.24919695960036325,0.11680043278157182
group_567,-27.407422212142855,11.893230625676157,-2.3044556247798047,0.03493802379289131,0.24919695960036325,0.11680043278157182
group_564,-27.407422212142855,11.893230625676157,-2.3044556247798047,0.03493802379289131,0.24919695960036325,0.11680043278157182
group_560,-27.407422212142855,11.893230625676157,-2.3044556247798047,0.03493802379289131,0.24919695960036325,0.11680043278157182
group_553,-27.407422212142855,11.893230625676157,-2.3044556247798047,0.03493802379289131,0.24919695960036325,0.11680043278157182
group_546,-27.407422212142855,11.893230625676157,-2.3044556247798047,0.03493802379289131,0.24919695960036325,0.11680043278157182
group_543,-27.407422212142855,11.893230625676157,-2.3044556247798047,0.03493802379289131,0.24919695960036325,0.11680043278157182
group_536,-27.407422212142855,11.893230625676157,-2.3044556247798047,0.03493802379289131,0.24919695960036325,0.11680043278157182
group_535,-27.407422212142855,11.893230625676157,-2.3044556247798047,0.03493802379289131,0.24919695960036325,0.11680043278157182
group_511,-27.407422212142855,11.893230625676157,-2.3044556247798047,0.03493802379289131,0.24919695960036325,0.11680043278157182
kaiC_4,-27.407422212142855,11.893230625676157,-2.3044556247798047,0.03493802379289131,0.24919695960036325,0.11680043278157182
group_501,-27.407422212142855,11.893230625676157,-2.3044556247798047,0.03493802379289131,0.24919695960036325,0.11680043278157182
group_481,-27.407422212142855,11.893230625676157,-2.3044556247798047,0.03493802379289131,0.24919695960036325,0.11680043278157182
group_480,-27.407422212142855,11.893230625676157,-2.3044556247798047,0.03493802379289131,0.24919695960036325,0.11680043278157182
group_467,-27.407422212142855,11.893230625676157,-2.3044556247798047,0.03493802379289131,0.24919695960036325,0.11680043278157182
intS,-27.407422212142855,11.893230625676157,-2.3044556247798047,0.03493802379289131,0.24919695960036325,0.11680043278157182
group_457,-27.407422212142855,11.893230625676157,-2.3044556247798047,0.03493802379289131,0.24919695960036325,0.11680043278157182
yjhB,-27.407422212142855,11.893230625676157,-2.3044556247798047,0.03493802379289131,0.24919695960036325,0.11680043278157182
group_438,-27.407422212142855,11.893230625676157,-2.3044556247798047,0.03493802379289131,0.24919695960036325,0.11680043278157182
group_428,-27.407422212142855,11.893230625676157,-2.3044556247798047,0.03493802379289131,0.24919695960036325,0.11680043278157182
yhdG_2,-27.407422212142855,11.893230625676157,-2.3044556247798047,0.03493802379289131,0.24919695960036325,0.11680043278157182
group_392,-27.407422212142855,11.893230625676157,-2.3044556247798047,0.03493802379289131,0.24919695960036325,0.11680043278157182
group_381,-27.407422212142855,11.893230625676157,-2.3044556247798047,0.03493802379289131,0.24919695960036325,0.11680043278157182
appC,-27.407422212142855,11.893230625676157,-2.3044556247798047,0.03493802379289131,0.24919695960036325,0.11680043278157182
sasA_2,-27.407422212142855,11.893230625676157,-2.3044556247798047,0.03493802379289131,0.24919695960036325,0.11680043278157182
group_348,-27.407422212142855,11.893230625676157,-2.3044556247798047,0.03493802379289131,0.24919695960036325,0.11680043278157182
group_347,-27.407422212142855,11.893230625676157,-2.3044556247798047,0.03493802379289131,0.24919695960036325,0.11680043278157182
group_344,-27.407422212142855,11.893230625676157,-2.3044556247798047,0.03493802379289131,0.24919695960036325,0.11680043278157182
group_335,-27.407422212142855,11.893230625676157,-2.3044556247798047,0.03493802379289131,0.24919695960036325,0.11680043278157182
group_329,-27.407422212142855,11.893230625676157,-2.3044556247798047,0.03493802379289131,0.24919695960036325,0.11680043278157182
group_320,-27.407422212142855,11.893230625676157,-2.3044556247798047,0.03493802379289131,0.24919695960036325,0.11680043278157182
group_312,-27.407422212142855,11.893230625676157,-2.3044556247798047,0.03493802379289131,0.24919695960036325,0.11680043278157182
group_304,-27.407422212142855,11.893230625676157,-2.3044556247798047,0.03493802379289131,0.24919695960036325,0.11680043278157182
group_281,-27.407422212142855,11.893230625676157,-2.3044556247798047,0.03493802379289131,0.24919695960036325,0.11680043278157182
group_279,-27.407422212142855,11.893230625676157,-2.3044556247798047,0.03493802379289131,0.24919695960036325,0.11680043278157182
group_243,-27.407422212142855,11.893230625676157,-2.3044556247798047,0.03493802379289131,0.24919695960036325,0.11680043278157182
group_235,-27.407422212142855,11.893230625676157,-2.3044556247798047,0.03493802379289131,0.24919695960036325,0.11680043278157182
group_219,-27.407422212142855,11.893230625676157,-2.3044556247798047,0.03493802379289131,0.24919695960036325,0.11680043278157182
group_200,-27.407422212142855,11.893230625676157,-2.3044556247798047,0.03493802379289131,0.24919695960036325,0.11680043278157182
group_196,-27.407422212142855,11.893230625676157,-2.3044556247798047,0.03493802379289131,0.24919695960036325,0.11680043278157182
rtpR,-27.407422212142855,11.893230625676157,-2.3044556247798047,0.03493802379289131,0.24919695960036325,0.11680043278157182
group_167,-27.407422212142855,11.893230625676157,-2.3044556247798047,0.03493802379289131,0.24919695960036325,0.11680043278157182
group_154,-27.407422212142855,11.893230625676157,-2.3044556247798047,0.03493802379289131,0.24919695960036325,0.11680043278157182
group_151,-27.407422212142855,11.893230625676157,-2.3044556247798047,0.03493802379289131,0.24919695960036325,0.11680043278157182
group_148,-27.407422212142855,11.893230625676157,-2.3044556247798047,0.03493802379289131,0.24919695960036325,0.11680043278157182
group_147,-27.407422212142855,11.893230625676157,-2.3044556247798047,0.03493802379289131,0.24919695960036325,0.11680043278157182
group_133,-27.407422212142855,11.893230625676157,-2.3044556247798047,0.03493802379289131,0.24919695960036325,0.11680043278157182
group_126,-27.407422212142855,11.893230625676157,-2.3044556247798047,0.03493802379289131,0.24919695960036325,0.11680043278157182
apxIB_2,-27.407422212142855,11.893230625676157,-2.3044556247798047,0.03493802379289131,0.24919695960036325,0.11680043278157182
ydeP_1,-27.407422212142855,11.893230625676157,-2.3044556247798047,0.03493802379289131,0.24919695960036325,0.11680043278157182
group_75,-27.407422212142855,11.893230625676157,-2.3044556247798047,0.03493802379289131,0.24919695960036325,0.11680043278157182
group_64,-27.407422212142855,11.893230625676157,-2.3044556247798047,0.03493802379289131,0.24919695960036325,0.11680043278157182
group_63,-27.407422212142855,11.893230625676157,-2.3044556247798047,0.03493802379289131,0.24919695960036325,0.11680043278157182
group_62,-27.407422212142855,11.893230625676157,-2.3044556247798047,0.03493802379289131,0.24919695960036325,0.11680043278157182
group_61,-27.407422212142855,11.893230625676157,-2.3044556247798047,0.03493802379289131,0.24919695960036325,0.11680043278157182
mdtC_1,-27.407422212142855,11.893230625676157,-2.3044556247798047,0.03493802379289131,0.24919695960036325,0.11680043278157182
group_35,-27.407422212142855,11.893230625676157,-2.3044556247798047,0.03493802379289131,0.24919695960036325,0.11680043278157182
bvgS_3,-27.407422212142855,11.893230625676157,-2.3044556247798047,0.03493802379289131,0.24919695960036325,0.11680043278157182
group_10,-27.407422212142855,11.893230625676157,-2.3044556247798047,0.03493802379289131,0.24919695960036325,0.11680043278157182
group_2,-27.407422212142855,11.893230625676157,-2.3044556247798047,0.03493802379289131,0.24919695960036325,0.11680043278157182
group_4341,-34.516380871333325,12.648641845968177,-2.7288606390839987,0.01486578080560956,0.31760062680338413,0.11680043278157182
group_4346,-37.040797555625005,15.618681472495647,-2.371570072726914,0.030599866201350003,0.26009318253700947,0.11680043278157182
group_4345,-37.040797555625005,15.618681472495647,-2.371570072726914,0.030599866201350003,0.26009318253700947,0.11680043278157182
group_4344,-37.040797555625005,15.618681472495647,-2.371570072726914,0.030599866201350003,0.26009318253700947,0.11680043278157182
group_4342,-37.306799547500006,15.579062002628536,-2.394675593511696,0.02922726607391105,0.2638422230694026,0.11680043278157182
group_3492,-27.061786764285745,11.9425956268082,-2.2659887021158673,0.03767719570114484,0.2429513374880109,0.1257978450377057
group_3752,-23.305197385833356,10.6106138579121,-2.1964042512446333,0.04314613633804323,0.23166285248757595,0.13230476072889477
group_3937,-22.60503607311688,10.250813096233333,-2.2051944427143164,0.04241680135220648,0.2330877587573987,0.13230476072889477
bin3,-22.60503607311688,10.250813096233333,-2.2051944427143164,0.04241680135220648,0.2330877587573987,0.13230476072889477
group_3936,-22.60503607311688,10.250813096233333,-2.2051944427143164,0.04241680135220648,0.2330877587573987,0.13230476072889477
group_3935,-22.60503607311688,10.250813096233333,-2.2051944427143164,0.04241680135220648,0.2330877587573987,0.13230476072889477
group_3934,-22.60503607311688,10.250813096233333,-2.2051944427143164,0.04241680135220648,0.2330877587573987,0.13230476072889477
group_3933,-22.60503607311688,10.250813096233333,-2.2051944427143164,0.04241680135220648,0.2330877587573987,0.13230476072889477
group_3931,-22.60503607311688,10.250813096233333,-2.2051944427143164,0.04241680135220648,0.2330877587573987,0.13230476072889477
group_3930,-22.60503607311688,10.250813096233333,-2.2051944427143164,0.04241680135220648,0.2330877587573987,0.13230476072889477
group_3929,-22.60503607311688,10.250813096233333,-2.2051944427143164,0.04241680135220648,0.2330877587573987,0.13230476072889477
group_3928,-22.60503607311688,10.250813096233333,-2.2051944427143164,0.04241680135220648,0.2330877587573987,0.13230476072889477
recD_2,-22.60503607311688,10.250813096233333,-2.2051944427143164,0.04241680135220648,0.2330877587573987,0.13230476072889477
group_3926,-22.60503607311688,10.250813096233333,-2.2051944427143164,0.04241680135220648,0.2330877587573987,0.13230476072889477
group_3925,-22.60503607311688,10.250813096233333,-2.2051944427143164,0.04241680135220648,0.2330877587573987,0.13230476072889477
group_3924,-22.60503607311688,10.250813096233333,-2.2051944427143164,0.04241680135220648,0.2330877587573987,0.13230476072889477
group_3922,-22.60503607311688,10.250813096233333,-2.2051944427143164,0.04241680135220648,0.2330877587573987,0.13230476072889477
group_3921,-22.60503607311688,10.250813096233333,-2.2051944427143164,0.04241680135220648,0.2330877587573987,0.13230476072889477
group_3920,-22.60503607311688,10.250813096233333,-2.2051944427143164,0.04241680135220648,0.2330877587573987,0.13230476072889477
group_3919,-22.60503607311688,10.250813096233333,-2.2051944427143164,0.04241680135220648,0.2330877587573987,0.13230476072889477
group_3918,-22.60503607311688,10.250813096233333,-2.2051944427143164,0.04241680135220648,0.2330877587573987,0.13230476072889477
group_3916,-22.60503607311688,10.250813096233333,-2.2051944427143164,0.04241680135220648,0.2330877587573987,0.13230476072889477
group_3915,-22.60503607311688,10.250813096233333,-2.2051944427143164,0.04241680135220648,0.2330877587573987,0.13230476072889477
group_3913,-22.60503607311688,10.250813096233333,-2.2051944427143164,0.04241680135220648,0.2330877587573987,0.13230476072889477
soj_3,-22.60503607311688,10.250813096233333,-2.2051944427143164,0.04241680135220648,0.2330877587573987,0.13230476072889477
group_3912,-22.60503607311688,10.250813096233333,-2.2051944427143164,0.04241680135220648,0.2330877587573987,0.13230476072889477
umuC,-22.60503607311688,10.250813096233333,-2.2051944427143164,0.04241680135220648,0.2330877587573987,0.13230476072889477
group_3910,-22.60503607311688,10.250813096233333,-2.2051944427143164,0.04241680135220648,0.2330877587573987,0.13230476072889477
group_3909,-22.60503607311688,10.250813096233333,-2.2051944427143164,0.04241680135220648,0.2330877587573987,0.13230476072889477
group_3908,-22.60503607311688,10.250813096233333,-2.2051944427143164,0.04241680135220648,0.2330877587573987,0.13230476072889477
group_3906,-22.60503607311688,10.250813096233333,-2.2051944427143164,0.04241680135220648,0.2330877587573987,0.13230476072889477
group_3905,-22.60503607311688,10.250813096233333,-2.2051944427143164,0.04241680135220648,0.2330877587573987,0.13230476072889477
group_3904,-22.60503607311688,10.250813096233333,-2.2051944427143164,0.04241680135220648,0.2330877587573987,0.13230476072889477
group_3903,-22.60503607311688,10.250813096233333,-2.2051944427143164,0.04241680135220648,0.2330877587573987,0.13230476072889477
virB9,-22.60503607311688,10.250813096233333,-2.2051944427143164,0.04241680135220648,0.2330877587573987,0.13230476072889477
noc~~~noc_3,-22.60503607311688,10.250813096233333,-2.2051944427143164,0.04241680135220648,0.2330877587573987,0.13230476072889477
virB4,-22.60503607311688,10.250813096233333,-2.2051944427143164,0.04241680135220648,0.2330877587573987,0.13230476072889477
group_3901,-22.60503607311688,10.250813096233333,-2.2051944427143164,0.04241680135220648,0.2330877587573987,0.13230476072889477
group_3900,-22.60503607311688,10.250813096233333,-2.2051944427143164,0.04241680135220648,0.2330877587573987,0.13230476072889477
umuD_2,-22.60503607311688,10.250813096233333,-2.2051944427143164,0.04241680135220648,0.2330877587573987,0.13230476072889477
group_3897,-22.60503607311688,10.250813096233333,-2.2051944427143164,0.04241680135220648,0.2330877587573987,0.13230476072889477
group_3896,-22.60503607311688,10.250813096233333,-2.2051944427143164,0.04241680135220648,0.2330877587573987,0.13230476072889477
group_3895,-22.60503607311688,10.250813096233333,-2.2051944427143164,0.04241680135220648,0.2330877587573987,0.13230476072889477
group_3894,-22.60503607311688,10.250813096233333,-2.2051944427143164,0.04241680135220648,0.2330877587573987,0.13230476072889477
group_3893,-22.60503607311688,10.250813096233333,-2.2051944427143164,0.04241680135220648,0.2330877587573987,0.13230476072889477
group_3891,-22.60503607311688,10.250813096233333,-2.2051944427143164,0.04241680135220648,0.2330877587573987,0.13230476072889477
group_3890,-22.60503607311688,10.250813096233333,-2.2051944427143164,0.04241680135220648,0.2330877587573987,0.13230476072889477
group_3889,-22.60503607311688,10.250813096233333,-2.2051944427143164,0.04241680135220648,0.2330877587573987,0.13230476072889477
ssb_2,-22.60503607311688,10.250813096233333,-2.2051944427143164,0.04241680135220648,0.2330877587573987,0.13230476072889477
group_3434,-22.60503607311688,10.250813096233333,-2.2051944427143164,0.04241680135220648,0.2330877587573987,0.13230476072889477
group_3433,-22.60503607311688,10.250813096233333,-2.2051944427143164,0.04241680135220648,0.2330877587573987,0.13230476072889477
group_3409,23.305197385833353,10.610613857912098,2.1964042512446333,0.04314613633804323,0.23166285248757598,0.13230476072889477
group_3408,23.305197385833353,10.610613857912098,2.1964042512446333,0.04314613633804323,0.23166285248757598,0.13230476072889477
group_3407,23.305197385833353,10.610613857912098,2.1964042512446333,0.04314613633804323,0.23166285248757598,0.13230476072889477
group_3406,23.305197385833353,10.610613857912098,2.1964042512446333,0.04314613633804323,0.23166285248757598,0.13230476072889477
group_3405,23.305197385833353,10.610613857912098,2.1964042512446333,0.04314613633804323,0.23166285248757598,0.13230476072889477
group_3399,23.305197385833353,10.610613857912098,2.1964042512446333,0.04314613633804323,0.23166285248757598,0.13230476072889477
group_3361,23.305197385833353,10.610613857912098,2.1964042512446333,0.04314613633804323,0.23166285248757598,0.13230476072889477
group_3339,23.305197385833353,10.610613857912098,2.1964042512446333,0.04314613633804323,0.23166285248757598,0.13230476072889477
intA~~~intA_3,23.305197385833353,10.610613857912098,2.1964042512446333,0.04314613633804323,0.23166285248757598,0.13230476072889477
group_3255,23.305197385833353,10.610613857912098,2.1964042512446333,0.04314613633804323,0.23166285248757598,0.13230476072889477
group_3254,23.305197385833353,10.610613857912098,2.1964042512446333,0.04314613633804323,0.23166285248757598,0.13230476072889477
group_3171,23.305197385833353,10.610613857912098,2.1964042512446333,0.04314613633804323,0.23166285248757598,0.13230476072889477
group_2966,-22.60503607311688,10.250813096233333,-2.2051944427143164,0.04241680135220648,0.2330877587573987,0.13230476072889477
group_2774,-22.60503607311688,10.250813096233333,-2.2051944427143164,0.04241680135220648,0.2330877587573987,0.13230476072889477
group_2321,23.305197385833353,10.610613857912098,2.1964042512446333,0.04314613633804323,0.23166285248757598,0.13230476072889477
group_1936,-22.60503607311688,10.250813096233333,-2.2051944427143164,0.04241680135220648,0.2330877587573987,0.13230476072889477
group_1325,23.305197385833353,10.610613857912098,2.1964042512446333,0.04314613633804323,0.23166285248757598,0.13230476072889477
group_227,23.305197385833353,10.610613857912098,2.1964042512446333,0.04314613633804323,0.23166285248757598,0.13230476072889477
group_2878,-48.581527534705884,21.75065786491876,-2.2335658919568657,0.04013997332745851,0.2376892747353562,0.13230476072889477
group_2826,-48.581527534705884,21.75065786491876,-2.2335658919568657,0.04013997332745851,0.2376892747353562,0.13230476072889477
group_3044,-26.203502909285717,12.06162868108526,-2.172468047402038,0.045191351664115004,0.2277849692878205,0.13841495486412875
group_3384,21.276347334415576,10.427042384212927,2.0404968686642198,0.05815961396439635,0.20649198548281442,0.17730932136770197
group_3382,21.276347334415576,10.427042384212927,2.0404968686642198,0.05815961396439635,0.20649198548281442,0.17730932136770197
group_343,21.276347334415576,10.427042384212927,2.0404968686642198,0.05815961396439635,0.20649198548281442,0.17730932136770197
group_2919,-21.27634733441558,10.427042384212927,-2.04049686866422,0.05815961396439629,0.20649198548281428,0.17730932136770197
group_655,30.49142274812504,16.47988394486665,1.8502207206151393,0.08283671037205803,0.17624779357847817,0.2522492881815795
group_3390,19.056033852222217,10.370819824046228,1.8374664853436253,0.08478462537954455,0.17424823274885035,0.2555193005424763
group_1973,19.056033852222217,10.370819824046228,1.8374664853436253,0.08478462537954455,0.17424823274885035,0.2555193005424763
group_1290,19.056033852222217,10.370819824046228,1.8374664853436253,0.08478462537954455,0.17424823274885035,0.2555193005424763
gltC_4,19.056033852222217,10.370819824046228,1.8374664853436253,0.08478462537954455,0.17424823274885035,0.2555193005424763
group_561,19.056033852222217,10.370819824046228,1.8374664853436253,0.08478462537954455,0.17424823274885035,0.2555193005424763
group_439,19.056033852222217,10.370819824046228,1.8374664853436253,0.08478462537954455,0.17424823274885035,0.2555193005424763
group_350,19.056033852222217,10.370819824046228,1.8374664853436253,0.08478462537954455,0.17424823274885035,0.2555193005424763
group_3675,-19.056033852222214,10.370819824046228,-1.8374664853436251,0.08478462537954458,0.17424823274885032,0.2555193005424763
ppc_2,-19.056033852222214,10.370819824046228,-1.8374664853436251,0.08478462537954458,0.17424823274885032,0.2555193005424763
group_2721,-18.869543034444433,10.392110087145355,-1.8157566534813119,0.08819371371469302,0.17085437996579084,0.26488317441022524
group_2439,-18.869543034444433,10.392110087145355,-1.8157566534813119,0.08819371371469302,0.17085437996579084,0.26488317441022524
group_2040,-18.869543034444433,10.392110087145355,-1.8157566534813119,0.08819371371469302,0.17085437996579084,0.26488317441022524
group_1233,-24.95738589933333,13.982845933249648,-1.7848573901531342,0.09325434878121729,0.16604623560883258,0.27976304634365184
group_3418,18.175334296666673,10.469157411614885,1.7360837727496827,0.10176187465415959,0.15851419732457567,0.3045910036576722
group_2427,18.175334296666673,10.469157411614885,1.7360837727496827,0.10176187465415959,0.15851419732457567,0.3045910036576722
group_3312,-21.275187916785743,12.653349672291471,-1.6813878117487362,0.11209999001887813,0.1501596227280699,0.318916311722916
group_3236,-21.275187916785743,12.653349672291471,-1.6813878117487362,0.11209999001887813,0.1501596227280699,0.318916311722916
group_2805,-21.275187916785743,12.653349672291471,-1.6813878117487362,0.11209999001887813,0.1501596227280699,0.318916311722916
group_1136,-21.275187916785743,12.653349672291471,-1.6813878117487362,0.11209999001887813,0.1501596227280699,0.318916311722916
group_3335,-17.927804361076916,11.925739167389004,-1.503286639883974,0.15224587135081052,0.12376159481642766,0.318916311722916
group_3288,-17.927804361076916,11.925739167389004,-1.503286639883974,0.15224587135081052,0.12376159481642766,0.318916311722916
group_3256,18.370289611666667,11.199962912448658,1.6402098609851874,0.12047061340182509,0.1439404428767307,0.318916311722916
iaaM_1~~~iaaM_2,-17.927804361076916,11.925739167389004,-1.503286639883974,0.15224587135081052,0.12376159481642766,0.318916311722916
group_3208,-17.927804361076916,11.925739167389004,-1.503286639883974,0.15224587135081052,0.12376159481642766,0.318916311722916
group_3131,18.580091781666663,11.17831169510002,1.6621554567861256,0.11594499978218838,0.1472470281688047,0.318916311722916
group_3112,-17.927804361076916,11.925739167389004,-1.503286639883974,0.15224587135081052,0.12376159481642766,0.318916311722916
group_3102,-17.927804361076916,11.925739167389004,-1.503286639883974,0.15224587135081052,0.12376159481642766,0.318916311722916
group_3024,-17.927804361076916,11.925739167389004,-1.503286639883974,0.15224587135081052,0.12376159481642766,0.318916311722916
group_2946,18.580091781666663,11.17831169510002,1.6621554567861256,0.11594499978218838,0.1472470281688047,0.318916311722916
group_2740,-17.927804361076916,11.925739167389004,-1.503286639883974,0.15224587135081052,0.12376159481642766,0.318916311722916
group_1968,-17.927804361076916,11.925739167389004,-1.503286639883974,0.15224587135081052,0.12376159481642766,0.318916311722916
group_1822,18.580091781666663,11.17831169510002,1.6621554567861256,0.11594499978218838,0.1472470281688047,0.318916311722916
group_1793,18.580091781666663,11.17831169510002,1.6621554567861256,0.11594499978218838,0.1472470281688047,0.318916311722916
group_1170,-17.927804361076916,11.925739167389004,-1.503286639883974,0.15224587135081052,0.12376159481642766,0.318916311722916
nimR_6,-17.927804361076916,11.925739167389004,-1.503286639883974,0.15224587135081052,0.12376159481642766,0.318916311722916
group_654,-17.927804361076916,11.925739167389004,-1.503286639883974,0.15224587135081052,0.12376159481642766,0.318916311722916
mdtL,-17.927804361076916,11.925739167389004,-1.503286639883974,0.15224587135081052,0.12376159481642766,0.318916311722916
group_459,18.580091781666663,11.17831169510002,1.6621554567861256,0.11594499978218838,0.1472470281688047,0.318916311722916
group_233,-17.927804361076916,11.925739167389004,-1.503286639883974,0.15224587135081052,0.12376159481642766,0.318916311722916
group_3134,-17.69293920870131,10.83747625189629,-1.6325700557457263,0.12208125641769457,0.14279369368245304,0.318916311722916
group_2997,-17.889117861168845,10.817329338146116,-1.6537462530686615,0.11766156636070846,0.14597783149463256,0.318916311722916
fda,-17.889117861168845,10.817329338146116,-1.6537462530686615,0.11766156636070846,0.14597783149463256,0.318916311722916
group_2804,-17.889117861168845,10.817329338146116,-1.6537462530686615,0.11766156636070846,0.14597783149463256,0.318916311722916
group_2005,-17.889117861168845,10.817329338146116,-1.6537462530686615,0.11766156636070846,0.14597783149463256,0.318916311722916
group_623,-17.889117861168845,10.817329338146116,-1.6537462530686615,0.11766156636070846,0.14597783149463256,0.318916311722916
group_490,-17.889117861168845,10.817329338146116,-1.6537462530686615,0.11766156636070846,0.14597783149463256,0.318916311722916
group_3467,17.596068601688305,10.847328967809702,1.62215681426331,0.12430626407969433,0.14123435473587873,0.318916311722916
group_4338,17.92780436107692,11.925739167389006,1.503286639883974,0.15224587135081052,0.12376159481642764,0.318916311722916
group_4336,17.92780436107692,11.925739167389006,1.503286639883974,0.15224587135081052,0.12376159481642764,0.318916311722916
group_4335,17.92780436107692,11.925739167389006,1.503286639883974,0.15224587135081052,0.12376159481642764,0.318916311722916
group_4334,17.92780436107692,11.925739167389006,1.503286639883974,0.15224587135081052,0.12376159481642764,0.318916311722916
group_4333,17.92780436107692,11.925739167389006,1.503286639883974,0.15224587135081052,0.12376159481642764,0.318916311722916
group_3796,17.92780436107692,11.925739167389006,1.503286639883974,0.15224587135081052,0.12376159481642764,0.318916311722916
group_3794,17.92780436107692,11.925739167389006,1.503286639883974,0.15224587135081052,0.12376159481642764,0.318916311722916
group_3792,17.92780436107692,11.925739167389006,1.503286639883974,0.15224587135081052,0.12376159481642764,0.318916311722916
group_3790,17.92780436107692,11.925739167389006,1.503286639883974,0.15224587135081052,0.12376159481642764,0.318916311722916
group_3789,17.92780436107692,11.925739167389006,1.503286639883974,0.15224587135081052,0.12376159481642764,0.318916311722916
group_3786,17.92780436107692,11.925739167389006,1.503286639883974,0.15224587135081052,0.12376159481642764,0.318916311722916
group_3785,17.92780436107692,11.925739167389006,1.503286639883974,0.15224587135081052,0.12376159481642764,0.318916311722916
group_3784,17.92780436107692,11.925739167389006,1.503286639883974,0.15224587135081052,0.12376159481642764,0.318916311722916
group_3781,17.92780436107692,11.925739167389006,1.503286639883974,0.15224587135081052,0.12376159481642764,0.318916311722916
group_3775,17.92780436107692,11.925739167389006,1.503286639883974,0.15224587135081052,0.12376159481642764,0.318916311722916
group_3774,17.92780436107692,11.925739167389006,1.503286639883974,0.15224587135081052,0.12376159481642764,0.318916311722916
group_3773,17.92780436107692,11.925739167389006,1.503286639883974,0.15224587135081052,0.12376159481642764,0.318916311722916
group_3772,17.92780436107692,11.925739167389006,1.503286639883974,0.15224587135081052,0.12376159481642764,0.318916311722916
addA_2,17.92780436107692,11.925739167389006,1.503286639883974,0.15224587135081052,0.12376159481642764,0.318916311722916
group_3766,17.92780436107692,11.925739167389006,1.503286639883974,0.15224587135081052,0.12376159481642764,0.318916311722916
group_3765,17.92780436107692,11.925739167389006,1.503286639883974,0.15224587135081052,0.12376159481642764,0.318916311722916
group_3764,17.92780436107692,11.925739167389006,1.503286639883974,0.15224587135081052,0.12376159481642764,0.318916311722916
group_3763,17.92780436107692,11.925739167389006,1.503286639883974,0.15224587135081052,0.12376159481642764,0.318916311722916
recF_3,17.92780436107692,11.925739167389006,1.503286639883974,0.15224587135081052,0.12376159481642764,0.318916311722916
group_3761,17.92780436107692,11.925739167389006,1.503286639883974,0.15224587135081052,0.12376159481642764,0.318916311722916
group_3758,17.92780436107692,11.925739167389006,1.503286639883974,0.15224587135081052,0.12376159481642764,0.318916311722916
cusR_1,17.92780436107692,11.925739167389006,1.503286639883974,0.15224587135081052,0.12376159481642764,0.318916311722916
group_3754,17.92780436107692,11.925739167389006,1.503286639883974,0.15224587135081052,0.12376159481642764,0.318916311722916
group_3745,17.92780436107692,11.925739167389006,1.503286639883974,0.15224587135081052,0.12376159481642764,0.318916311722916
group_3744,17.92780436107692,11.925739167389006,1.503286639883974,0.15224587135081052,0.12376159481642764,0.318916311722916
group_3743,17.92780436107692,11.925739167389006,1.503286639883974,0.15224587135081052,0.12376159481642764,0.318916311722916
group_3742,17.92780436107692,11.925739167389006,1.503286639883974,0.15224587135081052,0.12376159481642764,0.318916311722916
cheB_5,17.92780436107692,11.925739167389006,1.503286639883974,0.15224587135081052,0.12376159481642764,0.318916311722916
actP_2,17.92780436107692,11.925739167389006,1.503286639883974,0.15224587135081052,0.12376159481642764,0.318916311722916
group_3741,17.92780436107692,11.925739167389006,1.503286639883974,0.15224587135081052,0.12376159481642764,0.318916311722916
group_3738,17.92780436107692,11.925739167389006,1.503286639883974,0.15224587135081052,0.12376159481642764,0.318916311722916
group_3736,17.92780436107692,11.925739167389006,1.503286639883974,0.15224587135081052,0.12376159481642764,0.318916311722916
group_3735,17.92780436107692,11.925739167389006,1.503286639883974,0.15224587135081052,0.12376159481642764,0.318916311722916
group_3731,17.92780436107692,11.925739167389006,1.503286639883974,0.15224587135081052,0.12376159481642764,0.318916311722916
nhaK_1,17.92780436107692,11.925739167389006,1.503286639883974,0.15224587135081052,0.12376159481642764,0.318916311722916
group_3729,17.92780436107692,11.925739167389006,1.503286639883974,0.15224587135081052,0.12376159481642764,0.318916311722916
group_3722,17.92780436107692,11.925739167389006,1.503286639883974,0.15224587135081052,0.12376159481642764,0.318916311722916
group_3721,17.92780436107692,11.925739167389006,1.503286639883974,0.15224587135081052,0.12376159481642764,0.318916311722916
group_3720,17.92780436107692,11.925739167389006,1.503286639883974,0.15224587135081052,0.12376159481642764,0.318916311722916
rcsC_30,17.92780436107692,11.925739167389006,1.503286639883974,0.15224587135081052,0.12376159481642764,0.318916311722916
group_3718,17.92780436107692,11.925739167389006,1.503286639883974,0.15224587135081052,0.12376159481642764,0.318916311722916
group_3716,17.92780436107692,11.925739167389006,1.503286639883974,0.15224587135081052,0.12376159481642764,0.318916311722916
group_3715,17.92780436107692,11.925739167389006,1.503286639883974,0.15224587135081052,0.12376159481642764,0.318916311722916
group_3714,17.92780436107692,11.925739167389006,1.503286639883974,0.15224587135081052,0.12376159481642764,0.318916311722916
group_3713,17.92780436107692,11.925739167389006,1.503286639883974,0.15224587135081052,0.12376159481642764,0.318916311722916
group_3712,17.92780436107692,11.925739167389006,1.503286639883974,0.15224587135081052,0.12376159481642764,0.318916311722916
group_3711,17.92780436107692,11.925739167389006,1.503286639883974,0.15224587135081052,0.12376159481642764,0.318916311722916
group_3708,17.92780436107692,11.925739167389006,1.503286639883974,0.15224587135081052,0.12376159481642764,0.318916311722916
group_3707,17.92780436107692,11.925739167389006,1.503286639883974,0.15224587135081052,0.12376159481642764,0.318916311722916
group_3706,17.92780436107692,11.925739167389006,1.503286639883974,0.15224587135081052,0.12376159481642764,0.318916311722916
group_3593,17.92780436107692,11.925739167389006,1.503286639883974,0.15224587135081052,0.12376159481642764,0.318916311722916
group_3124,17.92780436107692,11.925739167389006,1.503286639883974,0.15224587135081052,0.12376159481642764,0.318916311722916
group_3119,17.92780436107692,11.925739167389006,1.503286639883974,0.15224587135081052,0.12376159481642764,0.318916311722916
group_3063,17.92780436107692,11.925739167389006,1.503286639883974,0.15224587135081052,0.12376159481642764,0.318916311722916
group_3041,17.92780436107692,11.925739167389006,1.503286639883974,0.15224587135081052,0.12376159481642764,0.318916311722916
group_3034,17.92780436107692,11.925739167389006,1.503286639883974,0.15224587135081052,0.12376159481642764,0.318916311722916
dmlR_20,17.92780436107692,11.925739167389006,1.503286639883974,0.15224587135081052,0.12376159481642764,0.318916311722916
group_2957,17.92780436107692,11.925739167389006,1.503286639883974,0.15224587135081052,0.12376159481642764,0.318916311722916
group_2891,17.92780436107692,11.925739167389006,1.503286639883974,0.15224587135081052,0.12376159481642764,0.318916311722916
group_2881,17.92780436107692,11.925739167389006,1.503286639883974,0.15224587135081052,0.12376159481642764,0.318916311722916
group_2872,17.92780436107692,11.925739167389006,1.503286639883974,0.15224587135081052,0.12376159481642764,0.318916311722916
group_2867,17.92780436107692,11.925739167389006,1.503286639883974,0.15224587135081052,0.12376159481642764,0.318916311722916
group_2860,17.92780436107692,11.925739167389006,1.503286639883974,0.15224587135081052,0.12376159481642764,0.318916311722916
group_2847,17.92780436107692,11.925739167389006,1.503286639883974,0.15224587135081052,0.12376159481642764,0.318916311722916
group_2845,17.92780436107692,11.925739167389006,1.503286639883974,0.15224587135081052,0.12376159481642764,0.318916311722916
group_2842,17.92780436107692,11.925739167389006,1.503286639883974,0.15224587135081052,0.12376159481642764,0.318916311722916
group_2837,17.92780436107692,11.925739167389006,1.503286639883974,0.15224587135081052,0.12376159481642764,0.318916311722916
group_2831,17.92780436107692,11.925739167389006,1.503286639883974,0.15224587135081052,0.12376159481642764,0.318916311722916
group_2811,17.92780436107692,11.925739167389006,1.503286639883974,0.15224587135081052,0.12376159481642764,0.318916311722916
group_2797,17.92780436107692,11.925739167389006,1.503286639883974,0.15224587135081052,0.12376159481642764,0.318916311722916
group_2796,17.92780436107692,11.925739167389006,1.503286639883974,0.15224587135081052,0.12376159481642764,0.318916311722916
group_2758,17.92780436107692,11.925739167389006,1.503286639883974,0.15224587135081052,0.12376159481642764,0.318916311722916
group_2747,17.92780436107692,11.925739167389006,1.503286639883974,0.15224587135081052,0.12376159481642764,0.318916311722916
group_2729,17.92780436107692,11.925739167389006,1.503286639883974,0.15224587135081052,0.12376159481642764,0.318916311722916
group_2711,17.92780436107692,11.925739167389006,1.503286639883974,0.15224587135081052,0.12376159481642764,0.318916311722916
group_2698,17.92780436107692,11.925739167389006,1.503286639883974,0.15224587135081052,0.12376159481642764,0.318916311722916
group_2689,17.92780436107692,11.925739167389006,1.503286639883974,0.15224587135081052,0.12376159481642764,0.318916311722916
group_2632,17.92780436107692,11.925739167389006,1.503286639883974,0.15224587135081052,0.12376159481642764,0.318916311722916
group_2619,17.92780436107692,11.925739167389006,1.503286639883974,0.15224587135081052,0.12376159481642764,0.318916311722916
group_2608,17.92780436107692,11.925739167389006,1.503286639883974,0.15224587135081052,0.12376159481642764,0.318916311722916
group_2601,17.92780436107692,11.925739167389006,1.503286639883974,0.15224587135081052,0.12376159481642764,0.318916311722916
group_2600,17.92780436107692,11.925739167389006,1.503286639883974,0.15224587135081052,0.12376159481642764,0.318916311722916
group_2599,17.92780436107692,11.925739167389006,1.503286639883974,0.15224587135081052,0.12376159481642764,0.318916311722916
group_2598,17.92780436107692,11.925739167389006,1.503286639883974,0.15224587135081052,0.12376159481642764,0.318916311722916
group_2573,17.92780436107692,11.925739167389006,1.503286639883974,0.15224587135081052,0.12376159481642764,0.318916311722916
group_2572,17.92780436107692,11.925739167389006,1.503286639883974,0.15224587135081052,0.12376159481642764,0.318916311722916
group_2560,17.92780436107692,11.925739167389006,1.503286639883974,0.15224587135081052,0.12376159481642764,0.318916311722916
group_2559,17.92780436107692,11.925739167389006,1.503286639883974,0.15224587135081052,0.12376159481642764,0.318916311722916
group_2542,17.92780436107692,11.925739167389006,1.503286639883974,0.15224587135081052,0.12376159481642764,0.318916311722916
group_2535,17.92780436107692,11.925739167389006,1.503286639883974,0.15224587135081052,0.12376159481642764,0.318916311722916
group_2534,17.92780436107692,11.925739167389006,1.503286639883974,0.15224587135081052,0.12376159481642764,0.318916311722916
group_2533,17.92780436107692,11.925739167389006,1.503286639883974,0.15224587135081052,0.12376159481642764,0.318916311722916
group_2518,17.92780436107692,11.925739167389006,1.503286639883974,0.15224587135081052,0.12376159481642764,0.318916311722916
group_2517,17.92780436107692,11.925739167389006,1.503286639883974,0.15224587135081052,0.12376159481642764,0.318916311722916
group_2516,17.92780436107692,11.925739167389006,1.503286639883974,0.15224587135081052,0.12376159481642764,0.318916311722916
group_2515,17.92780436107692,11.925739167389006,1.503286639883974,0.15224587135081052,0.12376159481642764,0.318916311722916
group_2506,17.92780436107692,11.925739167389006,1.503286639883974,0.15224587135081052,0.12376159481642764,0.318916311722916
group_2505,17.92780436107692,11.925739167389006,1.503286639883974,0.15224587135081052,0.12376159481642764,0.318916311722916
group_2492,17.92780436107692,11.925739167389006,1.503286639883974,0.15224587135081052,0.12376159481642764,0.318916311722916
group_2491,17.92780436107692,11.925739167389006,1.503286639883974,0.15224587135081052,0.12376159481642764,0.318916311722916
group_2475,17.92780436107692,11.925739167389006,1.503286639883974,0.15224587135081052,0.12376159481642764,0.318916311722916
group_2451,17.92780436107692,11.925739167389006,1.503286639883974,0.15224587135081052,0.12376159481642764,0.318916311722916
group_2450,17.92780436107692,11.925739167389006,1.503286639883974,0.15224587135081052,0.12376159481642764,0.318916311722916
group_2437,17.92780436107692,11.925739167389006,1.503286639883974,0.15224587135081052,0.12376159481642764,0.318916311722916
group_2413,17.92780436107692,11.925739167389006,1.503286639883974,0.15224587135081052,0.12376159481642764,0.318916311722916
group_2385,17.92780436107692,11.925739167389006,1.503286639883974,0.15224587135081052,0.12376159481642764,0.318916311722916
group_2384,17.92780436107692,11.925739167389006,1.503286639883974,0.15224587135081052,0.12376159481642764,0.318916311722916
group_2362,17.92780436107692,11.925739167389006,1.503286639883974,0.15224587135081052,0.12376159481642764,0.318916311722916
group_2361,17.92780436107692,11.925739167389006,1.503286639883974,0.15224587135081052,0.12376159481642764,0.318916311722916
ybcO,17.92780436107692,11.925739167389006,1.503286639883974,0.15224587135081052,0.12376159481642764,0.318916311722916
group_2354,17.92780436107692,11.925739167389006,1.503286639883974,0.15224587135081052,0.12376159481642764,0.318916311722916
group_2345,17.92780436107692,11.925739167389006,1.503286639883974,0.15224587135081052,0.12376159481642764,0.318916311722916
group_2339,17.92780436107692,11.925739167389006,1.503286639883974,0.15224587135081052,0.12376159481642764,0.318916311722916
group_2338,17.92780436107692,11.925739167389006,1.503286639883974,0.15224587135081052,0.12376159481642764,0.318916311722916
group_2329,17.92780436107692,11.925739167389006,1.503286639883974,0.15224587135081052,0.12376159481642764,0.318916311722916
group_2328,17.92780436107692,11.925739167389006,1.503286639883974,0.15224587135081052,0.12376159481642764,0.318916311722916
group_2317,17.92780436107692,11.925739167389006,1.503286639883974,0.15224587135081052,0.12376159481642764,0.318916311722916
group_2316,17.92780436107692,11.925739167389006,1.503286639883974,0.15224587135081052,0.12376159481642764,0.318916311722916
group_2298,17.92780436107692,11.925739167389006,1.503286639883974,0.15224587135081052,0.12376159481642764,0.318916311722916
group_2291,17.92780436107692,11.925739167389006,1.503286639883974,0.15224587135081052,0.12376159481642764,0.318916311722916
group_2290,17.92780436107692,11.925739167389006,1.503286639883974,0.15224587135081052,0.12376159481642764,0.318916311722916
group_2289,17.92780436107692,11.925739167389006,1.503286639883974,0.15224587135081052,0.12376159481642764,0.318916311722916
group_2284,17.92780436107692,11.925739167389006,1.503286639883974,0.15224587135081052,0.12376159481642764,0.318916311722916
group_2275,17.92780436107692,11.925739167389006,1.503286639883974,0.15224587135081052,0.12376159481642764,0.318916311722916
group_2274,17.92780436107692,11.925739167389006,1.503286639883974,0.15224587135081052,0.12376159481642764,0.318916311722916
group_2265,17.92780436107692,11.925739167389006,1.503286639883974,0.15224587135081052,0.12376159481642764,0.318916311722916
group_2245,17.92780436107692,11.925739167389006,1.503286639883974,0.15224587135081052,0.12376159481642764,0.318916311722916
group_2231,17.92780436107692,11.925739167389006,1.503286639883974,0.15224587135081052,0.12376159481642764,0.318916311722916
group_2230,17.92780436107692,11.925739167389006,1.503286639883974,0.15224587135081052,0.12376159481642764,0.318916311722916
group_2218,17.92780436107692,11.925739167389006,1.503286639883974,0.15224587135081052,0.12376159481642764,0.318916311722916
group_2217,17.92780436107692,11.925739167389006,1.503286639883974,0.15224587135081052,0.12376159481642764,0.318916311722916
group_2216,17.92780436107692,11.925739167389006,1.503286639883974,0.15224587135081052,0.12376159481642764,0.318916311722916
group_2195,17.92780436107692,11.925739167389006,1.503286639883974,0.15224587135081052,0.12376159481642764,0.318916311722916
group_2194,17.92780436107692,11.925739167389006,1.503286639883974,0.15224587135081052,0.12376159481642764,0.318916311722916
group_2160,17.92780436107692,11.925739167389006,1.503286639883974,0.15224587135081052,0.12376159481642764,0.318916311722916
group_2159,17.92780436107692,11.925739167389006,1.503286639883974,0.15224587135081052,0.12376159481642764,0.318916311722916
group_2158,17.92780436107692,11.925739167389006,1.503286639883974,0.15224587135081052,0.12376159481642764,0.318916311722916
group_2157,17.92780436107692,11.925739167389006,1.503286639883974,0.15224587135081052,0.12376159481642764,0.318916311722916
group_2143,17.92780436107692,11.925739167389006,1.503286639883974,0.15224587135081052,0.12376159481642764,0.318916311722916
group_2131,17.92780436107692,11.925739167389006,1.503286639883974,0.15224587135081052,0.12376159481642764,0.318916311722916
group_2130,17.92780436107692,11.925739167389006,1.503286639883974,0.15224587135081052,0.12376159481642764,0.318916311722916
group_2129,17.92780436107692,11.925739167389006,1.503286639883974,0.15224587135081052,0.12376159481642764,0.318916311722916
group_2125,17.92780436107692,11.925739167389006,1.503286639883974,0.15224587135081052,0.12376159481642764,0.318916311722916
group_2124,17.92780436107692,11.925739167389006,1.503286639883974,0.15224587135081052,0.12376159481642764,0.318916311722916
group_2109,17.92780436107692,11.925739167389006,1.503286639883974,0.15224587135081052,0.12376159481642764,0.318916311722916
group_2108,17.92780436107692,11.925739167389006,1.503286639883974,0.15224587135081052,0.12376159481642764,0.318916311722916
group_2097,17.92780436107692,11.925739167389006,1.503286639883974,0.15224587135081052,0.12376159481642764,0.318916311722916
group_2088,17.92780436107692,11.925739167389006,1.503286639883974,0.15224587135081052,0.12376159481642764,0.318916311722916
group_2075,17.92780436107692,11.925739167389006,1.503286639883974,0.15224587135081052,0.12376159481642764,0.318916311722916
group_2061,17.92780436107692,11.925739167389006,1.503286639883974,0.15224587135081052,0.12376159481642764,0.318916311722916
group_2051,17.92780436107692,11.925739167389006,1.503286639883974,0.15224587135081052,0.12376159481642764,0.318916311722916
group_2039,17.92780436107692,11.925739167389006,1.503286639883974,0.15224587135081052,0.12376159481642764,0.318916311722916
group_2007,17.92780436107692,11.925739167389006,1.503286639883974,0.15224587135081052,0.12376159481642764,0.318916311722916
group_2002,17.92780436107692,11.925739167389006,1.503286639883974,0.15224587135081052,0.12376159481642764,0.318916311722916
group_1993,17.92780436107692,11.925739167389006,1.503286639883974,0.15224587135081052,0.12376159481642764,0.318916311722916
group_1992,17.92780436107692,11.925739167389006,1.503286639883974,0.15224587135081052,0.12376159481642764,0.318916311722916
group_1982,17.92780436107692,11.925739167389006,1.503286639883974,0.15224587135081052,0.12376159481642764,0.318916311722916
group_1961,17.92780436107692,11.925739167389006,1.503286639883974,0.15224587135081052,0.12376159481642764,0.318916311722916
group_1950,17.92780436107692,11.925739167389006,1.503286639883974,0.15224587135081052,0.12376159481642764,0.318916311722916
group_1939,17.92780436107692,11.925739167389006,1.503286639883974,0.15224587135081052,0.12376159481642764,0.318916311722916
group_1938,17.92780436107692,11.925739167389006,1.503286639883974,0.15224587135081052,0.12376159481642764,0.318916311722916
group_1919,17.92780436107692,11.925739167389006,1.503286639883974,0.15224587135081052,0.12376159481642764,0.318916311722916
group_1906,17.92780436107692,11.925739167389006,1.503286639883974,0.15224587135081052,0.12376159481642764,0.318916311722916
group_1905,17.92780436107692,11.925739167389006,1.503286639883974,0.15224587135081052,0.12376159481642764,0.318916311722916
group_1895,17.92780436107692,11.925739167389006,1.503286639883974,0.15224587135081052,0.12376159481642764,0.318916311722916
group_1884,17.92780436107692,11.925739167389006,1.503286639883974,0.15224587135081052,0.12376159481642764,0.318916311722916
group_1866,17.92780436107692,11.925739167389006,1.503286639883974,0.15224587135081052,0.12376159481642764,0.318916311722916
group_1847,17.92780436107692,11.925739167389006,1.503286639883974,0.15224587135081052,0.12376159481642764,0.318916311722916
group_1841,17.92780436107692,11.925739167389006,1.503286639883974,0.15224587135081052,0.12376159481642764,0.318916311722916
slyA_2,17.92780436107692,11.925739167389006,1.503286639883974,0.15224587135081052,0.12376159481642764,0.318916311722916
group_1816,17.92780436107692,11.925739167389006,1.503286639883974,0.15224587135081052,0.12376159481642764,0.318916311722916
group_1798,17.92780436107692,11.925739167389006,1.503286639883974,0.15224587135081052,0.12376159481642764,0.318916311722916
group_1797,17.92780436107692,11.925739167389006,1.503286639883974,0.15224587135081052,0.12376159481642764,0.318916311722916
group_1765,17.92780436107692,11.925739167389006,1.503286639883974,0.15224587135081052,0.12376159481642764,0.318916311722916
group_1764,17.92780436107692,11.925739167389006,1.503286639883974,0.15224587135081052,0.12376159481642764,0.318916311722916
group_1743,17.92780436107692,11.925739167389006,1.503286639883974,0.15224587135081052,0.12376159481642764,0.318916311722916
group_1742,17.92780436107692,11.925739167389006,1.503286639883974,0.15224587135081052,0.12376159481642764,0.318916311722916
group_1731,17.92780436107692,11.925739167389006,1.503286639883974,0.15224587135081052,0.12376159481642764,0.318916311722916
group_1722,17.92780436107692,11.925739167389006,1.503286639883974,0.15224587135081052,0.12376159481642764,0.318916311722916
group_1701,17.92780436107692,11.925739167389006,1.503286639883974,0.15224587135081052,0.12376159481642764,0.318916311722916
group_1688,17.92780436107692,11.925739167389006,1.503286639883974,0.15224587135081052,0.12376159481642764,0.318916311722916
group_1682,17.92780436107692,11.925739167389006,1.503286639883974,0.15224587135081052,0.12376159481642764,0.318916311722916
group_1663,17.92780436107692,11.925739167389006,1.503286639883974,0.15224587135081052,0.12376159481642764,0.318916311722916
group_1648,17.92780436107692,11.925739167389006,1.503286639883974,0.15224587135081052,0.12376159481642764,0.318916311722916
group_1647,17.92780436107692,11.925739167389006,1.503286639883974,0.15224587135081052,0.12376159481642764,0.318916311722916
group_1639,17.92780436107692,11.925739167389006,1.503286639883974,0.15224587135081052,0.12376159481642764,0.318916311722916
group_1638,17.92780436107692,11.925739167389006,1.503286639883974,0.15224587135081052,0.12376159481642764,0.318916311722916
group_1632,17.92780436107692,11.925739167389006,1.503286639883974,0.15224587135081052,0.12376159481642764,0.318916311722916
group_1621,17.92780436107692,11.925739167389006,1.503286639883974,0.15224587135081052,0.12376159481642764,0.318916311722916
group_1613,17.92780436107692,11.925739167389006,1.503286639883974,0.15224587135081052,0.12376159481642764,0.318916311722916
group_1601,17.92780436107692,11.925739167389006,1.503286639883974,0.15224587135081052,0.12376159481642764,0.318916311722916
group_1581,17.92780436107692,11.925739167389006,1.503286639883974,0.15224587135081052,0.12376159481642764,0.318916311722916
group_1555,17.92780436107692,11.925739167389006,1.503286639883974,0.15224587135081052,0.12376159481642764,0.318916311722916
group_1523,17.92780436107692,11.925739167389006,1.503286639883974,0.15224587135081052,0.12376159481642764,0.318916311722916
group_1513,17.92780436107692,11.925739167389006,1.503286639883974,0.15224587135081052,0.12376159481642764,0.318916311722916
group_1508,17.92780436107692,11.925739167389006,1.503286639883974,0.15224587135081052,0.12376159481642764,0.318916311722916
group_1501,17.92780436107692,11.925739167389006,1.503286639883974,0.15224587135081052,0.12376159481642764,0.318916311722916
group_1490,17.92780436107692,11.925739167389006,1.503286639883974,0.15224587135081052,0.12376159481642764,0.318916311722916
group_1463,17.92780436107692,11.925739167389006,1.503286639883974,0.15224587135081052,0.12376159481642764,0.318916311722916
group_1462,17.92780436107692,11.925739167389006,1.503286639883974,0.15224587135081052,0.12376159481642764,0.318916311722916
group_1457,17.92780436107692,11.925739167389006,1.503286639883974,0.15224587135081052,0.12376159481642764,0.318916311722916
group_1435,17.92780436107692,11.925739167389006,1.503286639883974,0.15224587135081052,0.12376159481642764,0.318916311722916
group_1434,17.92780436107692,11.925739167389006,1.503286639883974,0.15224587135081052,0.12376159481642764,0.318916311722916
group_1433,17.92780436107692,11.925739167389006,1.503286639883974,0.15224587135081052,0.12376159481642764,0.318916311722916
group_1428,17.92780436107692,11.925739167389006,1.503286639883974,0.15224587135081052,0.12376159481642764,0.318916311722916
group_1427,17.92780436107692,11.925739167389006,1.503286639883974,0.15224587135081052,0.12376159481642764,0.318916311722916
group_1422,17.92780436107692,11.925739167389006,1.503286639883974,0.15224587135081052,0.12376159481642764,0.318916311722916
group_1421,17.92780436107692,11.925739167389006,1.503286639883974,0.15224587135081052,0.12376159481642764,0.318916311722916
group_1406,17.92780436107692,11.925739167389006,1.503286639883974,0.15224587135081052,0.12376159481642764,0.318916311722916
group_1405,17.92780436107692,11.925739167389006,1.503286639883974,0.15224587135081052,0.12376159481642764,0.318916311722916
group_1379,17.92780436107692,11.925739167389006,1.503286639883974,0.15224587135081052,0.12376159481642764,0.318916311722916
group_1359,17.92780436107692,11.925739167389006,1.503286639883974,0.15224587135081052,0.12376159481642764,0.318916311722916
group_1339,17.92780436107692,11.925739167389006,1.503286639883974,0.15224587135081052,0.12376159481642764,0.318916311722916
group_1334,17.92780436107692,11.925739167389006,1.503286639883974,0.15224587135081052,0.12376159481642764,0.318916311722916
group_1297,17.92780436107692,11.925739167389006,1.503286639883974,0.15224587135081052,0.12376159481642764,0.318916311722916
group_1278,17.92780436107692,11.925739167389006,1.503286639883974,0.15224587135081052,0.12376159481642764,0.318916311722916
group_1271,17.92780436107692,11.925739167389006,1.503286639883974,0.15224587135081052,0.12376159481642764,0.318916311722916
group_1252,17.92780436107692,11.925739167389006,1.503286639883974,0.15224587135081052,0.12376159481642764,0.318916311722916
group_1227,17.92780436107692,11.925739167389006,1.503286639883974,0.15224587135081052,0.12376159481642764,0.318916311722916
group_1226,17.92780436107692,11.925739167389006,1.503286639883974,0.15224587135081052,0.12376159481642764,0.318916311722916
group_1225,17.92780436107692,11.925739167389006,1.503286639883974,0.15224587135081052,0.12376159481642764,0.318916311722916
group_1212,17.92780436107692,11.925739167389006,1.503286639883974,0.15224587135081052,0.12376159481642764,0.318916311722916
prtR_3,17.92780436107692,11.925739167389006,1.503286639883974,0.15224587135081052,0.12376159481642764,0.318916311722916
group_1193,17.92780436107692,11.925739167389006,1.503286639883974,0.15224587135081052,0.12376159481642764,0.318916311722916
group_1187,17.92780436107692,11.925739167389006,1.503286639883974,0.15224587135081052,0.12376159481642764,0.318916311722916
group_1174,17.92780436107692,11.925739167389006,1.503286639883974,0.15224587135081052,0.12376159481642764,0.318916311722916
group_1164,17.92780436107692,11.925739167389006,1.503286639883974,0.15224587135081052,0.12376159481642764,0.318916311722916
group_1150,17.92780436107692,11.925739167389006,1.503286639883974,0.15224587135081052,0.12376159481642764,0.318916311722916
group_1142,17.92780436107692,11.925739167389006,1.503286639883974,0.15224587135081052,0.12376159481642764,0.318916311722916
group_1137,17.92780436107692,11.925739167389006,1.503286639883974,0.15224587135081052,0.12376159481642764,0.318916311722916
group_1122,17.92780436107692,11.925739167389006,1.503286639883974,0.15224587135081052,0.12376159481642764,0.318916311722916
group_1117,17.92780436107692,11.925739167389006,1.503286639883974,0.15224587135081052,0.12376159481642764,0.318916311722916
group_1096,17.92780436107692,11.925739167389006,1.503286639883974,0.15224587135081052,0.12376159481642764,0.318916311722916
group_1095,17.92780436107692,11.925739167389006,1.503286639883974,0.15224587135081052,0.12376159481642764,0.318916311722916
group_1084,17.92780436107692,11.925739167389006,1.503286639883974,0.15224587135081052,0.12376159481642764,0.318916311722916
group_1066,17.92780436107692,11.925739167389006,1.503286639883974,0.15224587135081052,0.12376159481642764,0.318916311722916
group_1052,17.92780436107692,11.925739167389006,1.503286639883974,0.15224587135081052,0.12376159481642764,0.318916311722916
group_1005,17.92780436107692,11.925739167389006,1.503286639883974,0.15224587135081052,0.12376159481642764,0.318916311722916
group_996,17.92780436107692,11.925739167389006,1.503286639883974,0.15224587135081052,0.12376159481642764,0.318916311722916
group_992,17.92780436107692,11.925739167389006,1.503286639883974,0.15224587135081052,0.12376159481642764,0.318916311722916
group_982,17.92780436107692,11.925739167389006,1.503286639883974,0.15224587135081052,0.12376159481642764,0.318916311722916
group_978,17.92780436107692,11.925739167389006,1.503286639883974,0.15224587135081052,0.12376159481642764,0.318916311722916
group_977,17.92780436107692,11.925739167389006,1.503286639883974,0.15224587135081052,0.12376159481642764,0.318916311722916
group_974,17.92780436107692,11.925739167389006,1.503286639883974,0.15224587135081052,0.12376159481642764,0.318916311722916
group_966,17.92780436107692,11.925739167389006,1.503286639883974,0.15224587135081052,0.12376159481642764,0.318916311722916
group_959,17.92780436107692,11.925739167389006,1.503286639883974,0.15224587135081052,0.12376159481642764,0.318916311722916
group_958,17.92780436107692,11.925739167389006,1.503286639883974,0.15224587135081052,0.12376159481642764,0.318916311722916
group_953,17.92780436107692,11.925739167389006,1.503286639883974,0.15224587135081052,0.12376159481642764,0.318916311722916
group_939,17.92780436107692,11.925739167389006,1.503286639883974,0.15224587135081052,0.12376159481642764,0.318916311722916
group_934,17.92780436107692,11.925739167389006,1.503286639883974,0.15224587135081052,0.12376159481642764,0.318916311722916
group_920,17.92780436107692,11.925739167389006,1.503286639883974,0.15224587135081052,0.12376159481642764,0.318916311722916
group_919,17.92780436107692,11.925739167389006,1.503286639883974,0.15224587135081052,0.12376159481642764,0.318916311722916
group_883,17.92780436107692,11.925739167389006,1.503286639883974,0.15224587135081052,0.12376159481642764,0.318916311722916
group_873,17.92780436107692,11.925739167389006,1.503286639883974,0.15224587135081052,0.12376159481642764,0.318916311722916
nodD2_4,17.92780436107692,11.925739167389006,1.503286639883974,0.15224587135081052,0.12376159481642764,0.318916311722916
group_865,17.92780436107692,11.925739167389006,1.503286639883974,0.15224587135081052,0.12376159481642764,0.318916311722916
moaA_2,17.92780436107692,11.925739167389006,1.503286639883974,0.15224587135081052,0.12376159481642764,0.318916311722916
group_845,17.92780436107692,11.925739167389006,1.503286639883974,0.15224587135081052,0.12376159481642764,0.318916311722916
group_835,17.92780436107692,11.925739167389006,1.503286639883974,0.15224587135081052,0.12376159481642764,0.318916311722916
group_822,17.92780436107692,11.925739167389006,1.503286639883974,0.15224587135081052,0.12376159481642764,0.318916311722916
group_806,17.92780436107692,11.925739167389006,1.503286639883974,0.15224587135081052,0.12376159481642764,0.318916311722916
group_805,17.92780436107692,11.925739167389006,1.503286639883974,0.15224587135081052,0.12376159481642764,0.318916311722916
group_782,17.92780436107692,11.925739167389006,1.503286639883974,0.15224587135081052,0.12376159481642764,0.318916311722916
group_776,17.92780436107692,11.925739167389006,1.503286639883974,0.15224587135081052,0.12376159481642764,0.318916311722916
group_742,17.92780436107692,11.925739167389006,1.503286639883974,0.15224587135081052,0.12376159481642764,0.318916311722916
group_711,17.92780436107692,11.925739167389006,1.503286639883974,0.15224587135081052,0.12376159481642764,0.318916311722916
group_707,17.92780436107692,11.925739167389006,1.503286639883974,0.15224587135081052,0.12376159481642764,0.318916311722916
group_705,17.92780436107692,11.925739167389006,1.503286639883974,0.15224587135081052,0.12376159481642764,0.318916311722916
ftsH_2,17.92780436107692,11.925739167389006,1.503286639883974,0.15224587135081052,0.12376159481642764,0.318916311722916
group_652,17.92780436107692,11.925739167389006,1.503286639883974,0.15224587135081052,0.12376159481642764,0.318916311722916
group_647,17.92780436107692,11.925739167389006,1.503286639883974,0.15224587135081052,0.12376159481642764,0.318916311722916
group_606,17.92780436107692,11.925739167389006,1.503286639883974,0.15224587135081052,0.12376159481642764,0.318916311722916
tetX,17.92780436107692,11.925739167389006,1.503286639883974,0.15224587135081052,0.12376159481642764,0.318916311722916
group_566,17.92780436107692,11.925739167389006,1.503286639883974,0.15224587135081052,0.12376159481642764,0.318916311722916
group_555,17.92780436107692,11.925739167389006,1.503286639883974,0.15224587135081052,0.12376159481642764,0.318916311722916
group_538,17.92780436107692,11.925739167389006,1.503286639883974,0.15224587135081052,0.12376159481642764,0.318916311722916
group_537,17.92780436107692,11.925739167389006,1.503286639883974,0.15224587135081052,0.12376159481642764,0.318916311722916
group_526,17.92780436107692,11.925739167389006,1.503286639883974,0.15224587135081052,0.12376159481642764,0.318916311722916
rssB_1,17.92780436107692,11.925739167389006,1.503286639883974,0.15224587135081052,0.12376159481642764,0.318916311722916
intA_1,17.92780436107692,11.925739167389006,1.503286639883974,0.15224587135081052,0.12376159481642764,0.318916311722916
pbuE_2,17.92780436107692,11.925739167389006,1.503286639883974,0.15224587135081052,0.12376159481642764,0.318916311722916
group_485,17.92780436107692,11.925739167389006,1.503286639883974,0.15224587135081052,0.12376159481642764,0.318916311722916
group_478,17.92780436107692,11.925739167389006,1.503286639883974,0.15224587135081052,0.12376159481642764,0.318916311722916
group_460,17.92780436107692,11.925739167389006,1.503286639883974,0.15224587135081052,0.12376159481642764,0.318916311722916
group_455,17.92780436107692,11.925739167389006,1.503286639883974,0.15224587135081052,0.12376159481642764,0.318916311722916
bspRIM,17.92780436107692,11.925739167389006,1.503286639883974,0.15224587135081052,0.12376159481642764,0.318916311722916
group_444,17.92780436107692,11.925739167389006,1.503286639883974,0.15224587135081052,0.12376159481642764,0.318916311722916
group_429,17.92780436107692,11.925739167389006,1.503286639883974,0.15224587135081052,0.12376159481642764,0.318916311722916
recF_2,17.92780436107692,11.925739167389006,1.503286639883974,0.15224587135081052,0.12376159481642764,0.318916311722916
group_362,17.92780436107692,11.925739167389006,1.503286639883974,0.15224587135081052,0.12376159481642764,0.318916311722916
group_360,17.92780436107692,11.925739167389006,1.503286639883974,0.15224587135081052,0.12376159481642764,0.318916311722916
group_351,17.92780436107692,11.925739167389006,1.503286639883974,0.15224587135081052,0.12376159481642764,0.318916311722916
group_345,17.92780436107692,11.925739167389006,1.503286639883974,0.15224587135081052,0.12376159481642764,0.318916311722916
group_315,17.92780436107692,11.925739167389006,1.503286639883974,0.15224587135081052,0.12376159481642764,0.318916311722916
group_310,17.92780436107692,11.925739167389006,1.503286639883974,0.15224587135081052,0.12376159481642764,0.318916311722916
group_308,17.92780436107692,11.925739167389006,1.503286639883974,0.15224587135081052,0.12376159481642764,0.318916311722916
group_298,17.92780436107692,11.925739167389006,1.503286639883974,0.15224587135081052,0.12376159481642764,0.318916311722916
group_286,17.92780436107692,11.925739167389006,1.503286639883974,0.15224587135081052,0.12376159481642764,0.318916311722916
group_245,17.92780436107692,11.925739167389006,1.503286639883974,0.15224587135081052,0.12376159481642764,0.318916311722916
group_240,17.92780436107692,11.925739167389006,1.503286639883974,0.15224587135081052,0.12376159481642764,0.318916311722916
group_237,17.92780436107692,11.925739167389006,1.503286639883974,0.15224587135081052,0.12376159481642764,0.318916311722916
group_223,17.92780436107692,11.925739167389006,1.503286639883974,0.15224587135081052,0.12376159481642764,0.318916311722916
group_213,17.92780436107692,11.925739167389006,1.503286639883974,0.15224587135081052,0.12376159481642764,0.318916311722916
group_211,17.92780436107692,11.925739167389006,1.503286639883974,0.15224587135081052,0.12376159481642764,0.318916311722916
group_210,17.92780436107692,11.925739167389006,1.503286639883974,0.15224587135081052,0.12376159481642764,0.318916311722916
nfdA,17.92780436107692,11.925739167389006,1.503286639883974,0.15224587135081052,0.12376159481642764,0.318916311722916
group_170,17.92780436107692,11.925739167389006,1.503286639883974,0.15224587135081052,0.12376159481642764,0.318916311722916
recB_2,17.92780436107692,11.925739167389006,1.503286639883974,0.15224587135081052,0.12376159481642764,0.318916311722916
group_160,17.92780436107692,11.925739167389006,1.503286639883974,0.15224587135081052,0.12376159481642764,0.318916311722916
group_140,17.92780436107692,11.925739167389006,1.503286639883974,0.15224587135081052,0.12376159481642764,0.318916311722916
group_128,17.92780436107692,11.925739167389006,1.503286639883974,0.15224587135081052,0.12376159481642764,0.318916311722916
group_127,17.92780436107692,11.925739167389006,1.503286639883974,0.15224587135081052,0.12376159481642764,0.318916311722916
group_119,17.92780436107692,11.925739167389006,1.503286639883974,0.15224587135081052,0.12376159481642764,0.318916311722916
group_104,17.92780436107692,11.925739167389006,1.503286639883974,0.15224587135081052,0.12376159481642764,0.318916311722916
group_102,17.92780436107692,11.925739167389006,1.503286639883974,0.15224587135081052,0.12376159481642764,0.318916311722916
group_101,17.92780436107692,11.925739167389006,1.503286639883974,0.15224587135081052,0.12376159481642764,0.318916311722916
rcsC_2,17.92780436107692,11.925739167389006,1.503286639883974,0.15224587135081052,0.12376159481642764,0.318916311722916
group_93,17.92780436107692,11.925739167389006,1.503286639883974,0.15224587135081052,0.12376159481642764,0.318916311722916
group_91,17.92780436107692,11.925739167389006,1.503286639883974,0.15224587135081052,0.12376159481642764,0.318916311722916
group_90,17.92780436107692,11.925739167389006,1.503286639883974,0.15224587135081052,0.12376159481642764,0.318916311722916
group_86,17.92780436107692,11.925739167389006,1.503286639883974,0.15224587135081052,0.12376159481642764,0.318916311722916
group_83,17.92780436107692,11.925739167389006,1.503286639883974,0.15224587135081052,0.12376159481642764,0.318916311722916
group_80,17.92780436107692,11.925739167389006,1.503286639883974,0.15224587135081052,0.12376159481642764,0.318916311722916
group_72,17.92780436107692,11.925739167389006,1.503286639883974,0.15224587135081052,0.12376159481642764,0.318916311722916
group_69,17.92780436107692,11.925739167389006,1.503286639883974,0.15224587135081052,0.12376159481642764,0.318916311722916
group_58,17.92780436107692,11.925739167389006,1.503286639883974,0.15224587135081052,0.12376159481642764,0.318916311722916
group_55,17.92780436107692,11.925739167389006,1.503286639883974,0.15224587135081052,0.12376159481642764,0.318916311722916
group_51,17.92780436107692,11.925739167389006,1.503286639883974,0.15224587135081052,0.12376159481642764,0.318916311722916
group_48,17.92780436107692,11.925739167389006,1.503286639883974,0.15224587135081052,0.12376159481642764,0.318916311722916
group_42,17.92780436107692,11.925739167389006,1.503286639883974,0.15224587135081052,0.12376159481642764,0.318916311722916
addA_1,17.92780436107692,11.925739167389006,1.503286639883974,0.15224587135081052,0.12376159481642764,0.318916311722916
rapA_1,17.92780436107692,11.925739167389006,1.503286639883974,0.15224587135081052,0.12376159481642764,0.318916311722916
group_16,17.92780436107692,11.925739167389006,1.503286639883974,0.15224587135081052,0.12376159481642764,0.318916311722916
group_14,17.92780436107692,11.925739167389006,1.503286639883974,0.15224587135081052,0.12376159481642764,0.318916311722916
group_12,17.92780436107692,11.925739167389006,1.503286639883974,0.15224587135081052,0.12376159481642764,0.318916311722916
group_3005,17.92780436107692,11.925739167389006,1.503286639883974,0.15224587135081052,0.12376159481642764,0.318916311722916
group_3455,21.275187916785736,12.653349672291471,1.6813878117487355,0.11209999001887823,0.15015962272806993,0.318916311722916
group_1914,21.275187916785736,12.653349672291471,1.6813878117487355,0.11209999001887823,0.15015962272806993,0.318916311722916
oatA,21.275187916785736,12.653349672291471,1.6813878117487355,0.11209999001887823,0.15015962272806993,0.318916311722916
group_3940,-21.87663613533334,14.30166858407265,-1.5296562080662888,0.14563091684766633,0.12758274224625946,0.318916311722916
group_4265,-25.233264773750005,17.026439747204716,-1.4820047613237892,0.15776561163371067,0.12070220387184256,0.32995335787622637
group_4260,-25.233264773750005,17.026439747204716,-1.4820047613237892,0.15776561163371067,0.12070220387184256,0.32995335787622637
group_2435,34.32517325705883,23.387236341894802,1.4676883046489044,0.1615714545753789,0.11865682663889113,0.3376445567814312
group_2396,18.693562216785704,12.90566852058177,1.448476860146647,0.16679756283069946,0.11592857418491997,0.34828919667267483
group_2930,15.349010616499992,10.823737502962738,1.4180878474093233,0.17534779907987383,0.11165266457325924,0.3624038172656313
rcsC_3~~~rcsC_8,-15.349010616499989,10.82373750296274,-1.4180878474093226,0.17534779907987405,0.11165266457325905,0.3624038172656313
smf1_1~~~smf1_2,-15.349010616499989,10.82373750296274,-1.4180878474093226,0.17534779907987405,0.11165266457325905,0.3624038172656313
rcsC_2~~~rcsC_7,-15.349010616499989,10.82373750296274,-1.4180878474093226,0.17534779907987405,0.11165266457325905,0.3624038172656313
mrkD,-15.349010616499989,10.82373750296274,-1.4180878474093226,0.17534779907987405,0.11165266457325905,0.3624038172656313
group_3143,-15.349010616499989,10.82373750296274,-1.4180878474093226,0.17534779907987405,0.11165266457325905,0.3624038172656313
pdeR,-15.349010616499989,10.82373750296274,-1.4180878474093226,0.17534779907987405,0.11165266457325905,0.3624038172656313
group_1898,-15.349010616499989,10.82373750296274,-1.4180878474093226,0.17534779907987405,0.11165266457325905,0.3624038172656313
group_1828,-15.349010616499989,10.82373750296274,-1.4180878474093226,0.17534779907987405,0.11165266457325905,0.3624038172656313
nreC,-15.349010616499989,10.82373750296274,-1.4180878474093226,0.17534779907987405,0.11165266457325905,0.3624038172656313
rcsB_1,-15.349010616499989,10.82373750296274,-1.4180878474093226,0.17534779907987405,0.11165266457325905,0.3624038172656313
group_393,-15.349010616499989,10.82373750296274,-1.4180878474093226,0.17534779907987405,0.11165266457325905,0.3624038172656313
htrE_1,-15.349010616499989,10.82373750296274,-1.4180878474093226,0.17534779907987405,0.11165266457325905,0.3624038172656313
group_3422,14.646124269500014,10.884438051974897,1.3456022441914297,0.19719089583889163,0.10166085276260783,0.40437197735941083
group_3379,14.646124269500014,10.884438051974897,1.3456022441914297,0.19719089583889163,0.10166085276260783,0.40437197735941083
group_3372,14.646124269500014,10.884438051974897,1.3456022441914297,0.19719089583889163,0.10166085276260783,0.40437197735941083
group_3364,14.646124269500014,10.884438051974897,1.3456022441914297,0.19719089583889163,0.10166085276260783,0.40437197735941083
group_3348,14.646124269500014,10.884438051974897,1.3456022441914297,0.19719089583889163,0.10166085276260783,0.40437197735941083
group_3353,-14.64612426950001,10.884438051974897,-1.3456022441914293,0.19719089583889174,0.10166085276260783,0.40437197735941083
group_3320,-14.64612426950001,10.884438051974897,-1.3456022441914293,0.19719089583889174,0.10166085276260783,0.40437197735941083
group_2469,-14.64612426950001,10.884438051974897,-1.3456022441914293,0.19719089583889174,0.10166085276260783,0.40437197735941083
group_2350,-14.64612426950001,10.884438051974897,-1.3456022441914293,0.19719089583889174,0.10166085276260783,0.40437197735941083
group_1516,-14.64612426950001,10.884438051974897,-1.3456022441914293,0.19719089583889174,0.10166085276260783,0.40437197735941083
group_3177,14.45730231650001,10.900204221605854,1.3263331606066104,0.20335155173935696,0.09905646929836603,0.41603260701885547
group_3360,-14.457302316500014,10.900204221605858,-1.3263331606066104,0.20335155173935696,0.09905646929836595,0.41603260701885547
group_2961,-14.457302316500014,10.900204221605858,-1.3263331606066104,0.20335155173935696,0.09905646929836595,0.41603260701885547
group_4343,-22.729724097500004,17.24541914001509,-1.3180151733604146,0.20605798688160054,0.09793921945366817,0.4205884899034065
group_4340,-22.729724097500004,17.24541914001509,-1.3180151733604146,0.20605798688160054,0.09793921945366817,0.4205884899034065
group_4339,-22.729724097500004,17.24541914001509,-1.3180151733604146,0.20605798688160054,0.09793921945366817,0.4205884899034065
comR_1,-30.15687813588245,23.7436641543736,-1.2701021181824428,0.22220883352578294,0.09158830365615118,0.4267382781068138
group_1808,-30.15687813588245,23.7436641543736,-1.2701021181824428,0.22220883352578294,0.09158830365615118,0.4267382781068138
group_1738,-30.15687813588245,23.7436641543736,-1.2701021181824428,0.22220883352578294,0.09158830365615118,0.4267382781068138
yfcG_2,-30.15687813588245,23.7436641543736,-1.2701021181824428,0.22220883352578294,0.09158830365615118,0.4267382781068138
group_646,-30.15687813588245,23.7436641543736,-1.2701021181824428,0.22220883352578294,0.09158830365615118,0.4267382781068138
group_2833,-15.725364854923061,12.118403216817947,-1.2976433094006448,0.2128074695940526,0.0952210902691236,0.4267382781068138
group_1963,-15.725364854923061,12.118403216817947,-1.2976433094006448,0.2128074695940526,0.0952210902691236,0.4267382781068138
group_603,-15.725364854923061,12.118403216817947,-1.2976433094006448,0.2128074695940526,0.0952210902691236,0.4267382781068138
group_3783,30.156878135882422,23.74366415437358,1.2701021181824428,0.22220883352578294,0.09158830365615118,0.4267382781068138
group_3767,30.156878135882422,23.74366415437358,1.2701021181824428,0.22220883352578294,0.09158830365615118,0.4267382781068138
group_3737,30.156878135882422,23.74366415437358,1.2701021181824428,0.22220883352578294,0.09158830365615118,0.4267382781068138
group_2883,30.156878135882422,23.74366415437358,1.2701021181824428,0.22220883352578294,0.09158830365615118,0.4267382781068138
group_2882,30.156878135882422,23.74366415437358,1.2701021181824428,0.22220883352578294,0.09158830365615118,0.4267382781068138
group_2877,30.156878135882422,23.74366415437358,1.2701021181824428,0.22220883352578294,0.09158830365615118,0.4267382781068138
group_2869,30.156878135882422,23.74366415437358,1.2701021181824428,0.22220883352578294,0.09158830365615118,0.4267382781068138
group_2856,30.156878135882422,23.74366415437358,1.2701021181824428,0.22220883352578294,0.09158830365615118,0.4267382781068138
group_2829,30.156878135882422,23.74366415437358,1.2701021181824428,0.22220883352578294,0.09158830365615118,0.4267382781068138
group_2770,30.156878135882422,23.74366415437358,1.2701021181824428,0.22220883352578294,0.09158830365615118,0.4267382781068138
group_2765,30.156878135882422,23.74366415437358,1.2701021181824428,0.22220883352578294,0.09158830365615118,0.4267382781068138
group_2764,30.156878135882422,23.74366415437358,1.2701021181824428,0.22220883352578294,0.09158830365615118,0.4267382781068138
group_2726,30.156878135882422,23.74366415437358,1.2701021181824428,0.22220883352578294,0.09158830365615118,0.4267382781068138
group_2725,30.156878135882422,23.74366415437358,1.2701021181824428,0.22220883352578294,0.09158830365615118,0.4267382781068138
group_2661,30.156878135882422,23.74366415437358,1.2701021181824428,0.22220883352578294,0.09158830365615118,0.4267382781068138
group_2649,30.156878135882422,23.74366415437358,1.2701021181824428,0.22220883352578294,0.09158830365615118,0.4267382781068138
group_2604,30.156878135882422,23.74366415437358,1.2701021181824428,0.22220883352578294,0.09158830365615118,0.4267382781068138
group_2592,30.156878135882422,23.74366415437358,1.2701021181824428,0.22220883352578294,0.09158830365615118,0.4267382781068138
group_2577,30.156878135882422,23.74366415437358,1.2701021181824428,0.22220883352578294,0.09158830365615118,0.4267382781068138
group_2576,30.156878135882422,23.74366415437358,1.2701021181824428,0.22220883352578294,0.09158830365615118,0.4267382781068138
group_2561,30.156878135882422,23.74366415437358,1.2701021181824428,0.22220883352578294,0.09158830365615118,0.4267382781068138
group_2499,30.156878135882422,23.74366415437358,1.2701021181824428,0.22220883352578294,0.09158830365615118,0.4267382781068138
group_2479,30.156878135882422,23.74366415437358,1.2701021181824428,0.22220883352578294,0.09158830365615118,0.4267382781068138
group_2466,30.156878135882422,23.74366415437358,1.2701021181824428,0.22220883352578294,0.09158830365615118,0.4267382781068138
group_2428,30.156878135882422,23.74366415437358,1.2701021181824428,0.22220883352578294,0.09158830365615118,0.4267382781068138
group_2407,30.156878135882422,23.74366415437358,1.2701021181824428,0.22220883352578294,0.09158830365615118,0.4267382781068138
group_2391,30.156878135882422,23.74366415437358,1.2701021181824428,0.22220883352578294,0.09158830365615118,0.4267382781068138
group_2369,30.156878135882422,23.74366415437358,1.2701021181824428,0.22220883352578294,0.09158830365615118,0.4267382781068138
group_2333,30.156878135882422,23.74366415437358,1.2701021181824428,0.22220883352578294,0.09158830365615118,0.4267382781068138
group_2267,30.156878135882422,23.74366415437358,1.2701021181824428,0.22220883352578294,0.09158830365615118,0.4267382781068138
group_2241,30.156878135882422,23.74366415437358,1.2701021181824428,0.22220883352578294,0.09158830365615118,0.4267382781068138
group_2170,30.156878135882422,23.74366415437358,1.2701021181824428,0.22220883352578294,0.09158830365615118,0.4267382781068138
group_2169,30.156878135882422,23.74366415437358,1.2701021181824428,0.22220883352578294,0.09158830365615118,0.4267382781068138
group_2034,30.156878135882422,23.74366415437358,1.2701021181824428,0.22220883352578294,0.09158830365615118,0.4267382781068138
group_2016,30.156878135882422,23.74366415437358,1.2701021181824428,0.22220883352578294,0.09158830365615118,0.4267382781068138
group_1955,30.156878135882422,23.74366415437358,1.2701021181824428,0.22220883352578294,0.09158830365615118,0.4267382781068138
group_1935,30.156878135882422,23.74366415437358,1.2701021181824428,0.22220883352578294,0.09158830365615118,0.4267382781068138
group_1927,30.156878135882422,23.74366415437358,1.2701021181824428,0.22220883352578294,0.09158830365615118,0.4267382781068138
group_1877,30.156878135882422,23.74366415437358,1.2701021181824428,0.22220883352578294,0.09158830365615118,0.4267382781068138
group_1838,30.156878135882422,23.74366415437358,1.2701021181824428,0.22220883352578294,0.09158830365615118,0.4267382781068138
group_1807,30.156878135882422,23.74366415437358,1.2701021181824428,0.22220883352578294,0.09158830365615118,0.4267382781068138
group_1746,30.156878135882422,23.74366415437358,1.2701021181824428,0.22220883352578294,0.09158830365615118,0.4267382781068138
group_1728,30.156878135882422,23.74366415437358,1.2701021181824428,0.22220883352578294,0.09158830365615118,0.4267382781068138
group_1714,30.156878135882422,23.74366415437358,1.2701021181824428,0.22220883352578294,0.09158830365615118,0.4267382781068138
group_1668,30.156878135882422,23.74366415437358,1.2701021181824428,0.22220883352578294,0.09158830365615118,0.4267382781068138
group_1635,30.156878135882422,23.74366415437358,1.2701021181824428,0.22220883352578294,0.09158830365615118,0.4267382781068138
group_1497,30.156878135882422,23.74366415437358,1.2701021181824428,0.22220883352578294,0.09158830365615118,0.4267382781068138
group_1496,30.156878135882422,23.74366415437358,1.2701021181824428,0.22220883352578294,0.09158830365615118,0.4267382781068138
group_1439,30.156878135882422,23.74366415437358,1.2701021181824428,0.22220883352578294,0.09158830365615118,0.4267382781068138
group_1356,30.156878135882422,23.74366415437358,1.2701021181824428,0.22220883352578294,0.09158830365615118,0.4267382781068138
group_1202,30.156878135882422,23.74366415437358,1.2701021181824428,0.22220883352578294,0.09158830365615118,0.4267382781068138
group_1184,30.156878135882422,23.74366415437358,1.2701021181824428,0.22220883352578294,0.09158830365615118,0.4267382781068138
group_1173,30.156878135882422,23.74366415437358,1.2701021181824428,0.22220883352578294,0.09158830365615118,0.4267382781068138
group_1000,30.156878135882422,23.74366415437358,1.2701021181824428,0.22220883352578294,0.09158830365615118,0.4267382781068138
group_980,30.156878135882422,23.74366415437358,1.2701021181824428,0.22220883352578294,0.09158830365615118,0.4267382781068138
group_887,30.156878135882422,23.74366415437358,1.2701021181824428,0.22220883352578294,0.09158830365615118,0.4267382781068138
group_755,30.156878135882422,23.74366415437358,1.2701021181824428,0.22220883352578294,0.09158830365615118,0.4267382781068138
group_734,30.156878135882422,23.74366415437358,1.2701021181824428,0.22220883352578294,0.09158830365615118,0.4267382781068138
group_715,30.156878135882422,23.74366415437358,1.2701021181824428,0.22220883352578294,0.09158830365615118,0.4267382781068138
group_609,30.156878135882422,23.74366415437358,1.2701021181824428,0.22220883352578294,0.09158830365615118,0.4267382781068138
group_505,30.156878135882422,23.74366415437358,1.2701021181824428,0.22220883352578294,0.09158830365615118,0.4267382781068138
group_499,30.156878135882422,23.74366415437358,1.2701021181824428,0.22220883352578294,0.09158830365615118,0.4267382781068138
group_495,30.156878135882422,23.74366415437358,1.2701021181824428,0.22220883352578294,0.09158830365615118,0.4267382781068138
group_427,30.156878135882422,23.74366415437358,1.2701021181824428,0.22220883352578294,0.09158830365615118,0.4267382781068138
cya,30.156878135882422,23.74366415437358,1.2701021181824428,0.22220883352578294,0.09158830365615118,0.4267382781068138
group_420,30.156878135882422,23.74366415437358,1.2701021181824428,0.22220883352578294,0.09158830365615118,0.4267382781068138
tolC_2,30.156878135882422,23.74366415437358,1.2701021181824428,0.22220883352578294,0.09158830365615118,0.4267382781068138
hlyD,30.156878135882422,23.74366415437358,1.2701021181824428,0.22220883352578294,0.09158830365615118,0.4267382781068138
group_332,30.156878135882422,23.74366415437358,1.2701021181824428,0.22220883352578294,0.09158830365615118,0.4267382781068138
group_256,30.156878135882422,23.74366415437358,1.2701021181824428,0.22220883352578294,0.09158830365615118,0.4267382781068138
apxIB,30.156878135882422,23.74366415437358,1.2701021181824428,0.22220883352578294,0.09158830365615118,0.4267382781068138
group_85,30.156878135882422,23.74366415437358,1.2701021181824428,0.22220883352578294,0.09158830365615118,0.4267382781068138
group_43,30.156878135882422,23.74366415437358,1.2701021181824428,0.22220883352578294,0.09158830365615118,0.4267382781068138
group_1360,30.04653993588235,23.752405320823367,1.264989357079597,0.22398947886807008,0.09091932186443816,0.4298441421603883
group_418,-21.731206941875,17.325679466175814,-1.25427732772616,0.2277564269302989,0.08952328403754303,0.436754489251907
group_2875,28.829537372352938,23.84648883144216,1.2089636162427615,0.2442398365275787,0.08370330377490835,0.4680225855091475
group_2870,-20.900960418125,17.389403943539197,-1.2019365635525694,0.24687636929810397,0.0828134343969155,0.47273051500968816
ktrA,19.25406341187501,17.507843065175017,1.0997393191268325,0.28771778421367306,0.07027698250791806,0.5047011531858546
group_3561,19.25406341187501,17.507843065175017,1.0997393191268325,0.28771778421367306,0.07027698250791806,0.5047011531858546
rfbD_1~~~rfbD_2,19.25406341187501,17.507843065175017,1.0997393191268325,0.28771778421367306,0.07027698250791806,0.5047011531858546
yddM,-15.083191000666663,14.840165401819123,-1.0163762055386356,0.3245740597455211,0.060648114974963446,0.5047011531858546
prpC_3,-15.083191000666663,14.840165401819123,-1.0163762055386356,0.3245740597455211,0.060648114974963446,0.5047011531858546
pknD_3,-15.083191000666663,14.840165401819123,-1.0163762055386356,0.3245740597455211,0.060648114974963446,0.5047011531858546
group_3419,-13.473732778923091,12.286773298014316,-1.096604653810989,0.2890454669643595,0.06990488865334771,0.5047011531858546
group_3412,-13.473732778923091,12.286773298014316,-1.096604653810989,0.2890454669643595,0.06990488865334771,0.5047011531858546
group_3403,-13.473732778923091,12.286773298014316,-1.096604653810989,0.2890454669643595,0.06990488865334771,0.5047011531858546
group_3397,-13.473732778923091,12.286773298014316,-1.096604653810989,0.2890454669643595,0.06990488865334771,0.5047011531858546
group_3351,-13.473732778923091,12.286773298014316,-1.096604653810989,0.2890454669643595,0.06990488865334771,0.5047011531858546
group_3337,-13.473732778923091,12.286773298014316,-1.096604653810989,0.2890454669643595,0.06990488865334771,0.5047011531858546
group_3330,-13.473732778923091,12.286773298014316,-1.096604653810989,0.2890454669643595,0.06990488865334771,0.5047011531858546
lexA_3~~~lexA_4~~~lexA_2,-13.473732778923091,12.286773298014316,-1.096604653810989,0.2890454669643595,0.06990488865334771,0.5047011531858546
gltF_4~~~gltF_3,-13.706129028769244,12.27069749258706,-1.1169804354682653,0.28049590071449887,0.07233713773725395,0.5047011531858546
group_3219,-13.473732778923091,12.286773298014316,-1.096604653810989,0.2890454669643595,0.06990488865334771,0.5047011531858546
group_3218,-13.473732778923091,12.286773298014316,-1.096604653810989,0.2890454669643595,0.06990488865334771,0.5047011531858546
group_3213,-13.706129028769244,12.27069749258706,-1.1169804354682653,0.28049590071449887,0.07233713773725395,0.5047011531858546
group_3183,-13.473732778923091,12.286773298014316,-1.096604653810989,0.2890454669643595,0.06990488865334771,0.5047011531858546
group_786,-13.473732778923091,12.286773298014316,-1.096604653810989,0.2890454669643595,0.06990488865334771,0.5047011531858546
mcpQ_1,-12.011043708333329,11.7266498767141,-1.0242519248557047,0.3209536986962113,0.061533599867244465,0.5047011531858546
group_2191,-12.011043708333329,11.7266498767141,-1.0242519248557047,0.3209536986962113,0.061533599867244465,0.5047011531858546
hcp1_2,-12.011043708333329,11.7266498767141,-1.0242519248557047,0.3209536986962113,0.061533599867244465,0.5047011531858546
group_1612,-12.800498566103904,11.259444919901217,-1.1368676393166466,0.27233422871263047,0.07474167522724763,0.5047011531858546
group_1515,-12.011043708333329,11.7266498767141,-1.0242519248557047,0.3209536986962113,0.061533599867244465,0.5047011531858546
group_855,-12.011043708333329,11.7266498767141,-1.0242519248557047,0.3209536986962113,0.061533599867244465,0.5047011531858546
group_589,-12.800498566103904,11.259444919901217,-1.1368676393166466,0.27233422871263047,0.07474167522724763,0.5047011531858546
group_550,-12.011043708333329,11.7266498767141,-1.0242519248557047,0.3209536986962113,0.061533599867244465,0.5047011531858546
group_508,-12.011043708333329,11.7266498767141,-1.0242519248557047,0.3209536986962113,0.061533599867244465,0.5047011531858546
group_3421,11.994189371499992,11.085419040215333,1.0819788884829569,0.29529997054032175,0.06817892069480798,0.5047011531858546
group_3286,11.994189371499992,11.085419040215333,1.0819788884829569,0.29529997054032175,0.06817892069480798,0.5047011531858546
group_3285,11.994189371499992,11.085419040215333,1.0819788884829569,0.29529997054032175,0.06817892069480798,0.5047011531858546
group_2824,11.994189371499992,11.085419040215333,1.0819788884829569,0.29529997054032175,0.06817892069480798,0.5047011531858546
group_2667,11.994189371499992,11.085419040215333,1.0819788884829569,0.29529997054032175,0.06817892069480798,0.5047011531858546
group_2484,11.994189371499992,11.085419040215333,1.0819788884829569,0.29529997054032175,0.06817892069480798,0.5047011531858546
group_2310,11.994189371499992,11.085419040215333,1.0819788884829569,0.29529997054032175,0.06817892069480798,0.5047011531858546
group_2261,11.994189371499992,11.085419040215333,1.0819788884829569,0.29529997054032175,0.06817892069480798,0.5047011531858546
group_2252,11.994189371499992,11.085419040215333,1.0819788884829569,0.29529997054032175,0.06817892069480798,0.5047011531858546
group_2057,11.994189371499992,11.085419040215333,1.0819788884829569,0.29529997054032175,0.06817892069480798,0.5047011531858546
group_1853,11.994189371499992,11.085419040215333,1.0819788884829569,0.29529997054032175,0.06817892069480798,0.5047011531858546
group_1769,11.994189371499992,11.085419040215333,1.0819788884829569,0.29529997054032175,0.06817892069480798,0.5047011531858546
group_1719,11.994189371499992,11.085419040215333,1.0819788884829569,0.29529997054032175,0.06817892069480798,0.5047011531858546
group_1654,11.994189371499992,11.085419040215333,1.0819788884829569,0.29529997054032175,0.06817892069480798,0.5047011531858546
group_1644,11.994189371499992,11.085419040215333,1.0819788884829569,0.29529997054032175,0.06817892069480798,0.5047011531858546
group_1598,11.994189371499992,11.085419040215333,1.0819788884829569,0.29529997054032175,0.06817892069480798,0.5047011531858546
group_1450,11.994189371499992,11.085419040215333,1.0819788884829569,0.29529997054032175,0.06817892069480798,0.5047011531858546
group_1327,11.994189371499992,11.085419040215333,1.0819788884829569,0.29529997054032175,0.06817892069480798,0.5047011531858546
group_1277,11.994189371499992,11.085419040215333,1.0819788884829569,0.29529997054032175,0.06817892069480798,0.5047011531858546
group_1191,11.994189371499992,11.085419040215333,1.0819788884829569,0.29529997054032175,0.06817892069480798,0.5047011531858546
group_1127,11.994189371499992,11.085419040215333,1.0819788884829569,0.29529997054032175,0.06817892069480798,0.5047011531858546
group_610,11.994189371499992,11.085419040215333,1.0819788884829569,0.29529997054032175,0.06817892069480798,0.5047011531858546
group_359,11.994189371499992,11.085419040215333,1.0819788884829569,0.29529997054032175,0.06817892069480798,0.5047011531858546
group_18,11.994189371499992,11.085419040215333,1.0819788884829569,0.29529997054032175,0.06817892069480798,0.5047011531858546
group_4332,12.011043708333332,11.7266498767141,1.024251924855705,0.3209536986962113,0.061533599867244444,0.5047011531858546
group_4331,12.011043708333332,11.7266498767141,1.024251924855705,0.3209536986962113,0.061533599867244444,0.5047011531858546
group_4330,12.011043708333332,11.7266498767141,1.024251924855705,0.3209536986962113,0.061533599867244444,0.5047011531858546
group_3678,12.80049856610391,11.259444919901217,1.136867639316647,0.27233422871263036,0.0747416752272477,0.5047011531858546
group_3529,12.011043708333332,11.7266498767141,1.024251924855705,0.3209536986962113,0.061533599867244444,0.5047011531858546
group_3496,12.80049856610391,11.259444919901217,1.136867639316647,0.27233422871263036,0.0747416752272477,0.5047011531858546
group_3425,12.011043708333332,11.7266498767141,1.024251924855705,0.3209536986962113,0.061533599867244444,0.5047011531858546
group_3423,12.011043708333332,11.7266498767141,1.024251924855705,0.3209536986962113,0.061533599867244444,0.5047011531858546
group_3402,12.011043708333332,11.7266498767141,1.024251924855705,0.3209536986962113,0.061533599867244444,0.5047011531858546
group_3401,12.011043708333332,11.7266498767141,1.024251924855705,0.3209536986962113,0.061533599867244444,0.5047011531858546
group_3396,12.011043708333332,11.7266498767141,1.024251924855705,0.3209536986962113,0.061533599867244444,0.5047011531858546
group_3393,12.011043708333332,11.7266498767141,1.024251924855705,0.3209536986962113,0.061533599867244444,0.5047011531858546
group_3388,12.011043708333332,11.7266498767141,1.024251924855705,0.3209536986962113,0.061533599867244444,0.5047011531858546
group_3374,12.011043708333332,11.7266498767141,1.024251924855705,0.3209536986962113,0.061533599867244444,0.5047011531858546
group_3373,12.011043708333332,11.7266498767141,1.024251924855705,0.3209536986962113,0.061533599867244444,0.5047011531858546
group_3366,12.011043708333332,11.7266498767141,1.024251924855705,0.3209536986962113,0.061533599867244444,0.5047011531858546
group_3365,12.011043708333332,11.7266498767141,1.024251924855705,0.3209536986962113,0.061533599867244444,0.5047011531858546
group_3362,12.011043708333332,11.7266498767141,1.024251924855705,0.3209536986962113,0.061533599867244444,0.5047011531858546
group_3352,12.011043708333332,11.7266498767141,1.024251924855705,0.3209536986962113,0.061533599867244444,0.5047011531858546
group_3350,12.011043708333332,11.7266498767141,1.024251924855705,0.3209536986962113,0.061533599867244444,0.5047011531858546
yscU_3~~~yscU_1,12.011043708333332,11.7266498767141,1.024251924855705,0.3209536986962113,0.061533599867244444,0.5047011531858546
group_3345,12.011043708333332,11.7266498767141,1.024251924855705,0.3209536986962113,0.061533599867244444,0.5047011531858546
group_3318,12.011043708333332,11.7266498767141,1.024251924855705,0.3209536986962113,0.061533599867244444,0.5047011531858546
group_3317,12.011043708333332,11.7266498767141,1.024251924855705,0.3209536986962113,0.061533599867244444,0.5047011531858546
group_3311,12.011043708333332,11.7266498767141,1.024251924855705,0.3209536986962113,0.061533599867244444,0.5047011531858546
spaP_2~~~spaP_1,12.011043708333332,11.7266498767141,1.024251924855705,0.3209536986962113,0.061533599867244444,0.5047011531858546
group_3306,12.011043708333332,11.7266498767141,1.024251924855705,0.3209536986962113,0.061533599867244444,0.5047011531858546
rcsC_24~~~rcsC_1,12.011043708333332,11.7266498767141,1.024251924855705,0.3209536986962113,0.061533599867244444,0.5047011531858546
group_3293,12.011043708333332,11.7266498767141,1.024251924855705,0.3209536986962113,0.061533599867244444,0.5047011531858546
group_3265,12.011043708333332,11.7266498767141,1.024251924855705,0.3209536986962113,0.061533599867244444,0.5047011531858546
group_3209,12.011043708333332,11.7266498767141,1.024251924855705,0.3209536986962113,0.061533599867244444,0.5047011531858546
rhaS_8~~~rhaS_2,12.011043708333332,11.7266498767141,1.024251924855705,0.3209536986962113,0.061533599867244444,0.5047011531858546
group_3164,12.011043708333332,11.7266498767141,1.024251924855705,0.3209536986962113,0.061533599867244444,0.5047011531858546
group_3155,12.011043708333332,11.7266498767141,1.024251924855705,0.3209536986962113,0.061533599867244444,0.5047011531858546
yscN_2~~~yscN_1,12.011043708333332,11.7266498767141,1.024251924855705,0.3209536986962113,0.061533599867244444,0.5047011531858546
tri1_1,12.80049856610391,11.259444919901217,1.136867639316647,0.27233422871263036,0.0747416752272477,0.5047011531858546
nanT_1~~~naiP_1,12.011043708333332,11.7266498767141,1.024251924855705,0.3209536986962113,0.061533599867244444,0.5047011531858546
group_2938,12.011043708333332,11.7266498767141,1.024251924855705,0.3209536986962113,0.061533599867244444,0.5047011531858546
group_2936,12.011043708333332,11.7266498767141,1.024251924855705,0.3209536986962113,0.061533599867244444,0.5047011531858546
group_2935,12.011043708333332,11.7266498767141,1.024251924855705,0.3209536986962113,0.061533599867244444,0.5047011531858546
group_2818,12.011043708333332,11.7266498767141,1.024251924855705,0.3209536986962113,0.061533599867244444,0.5047011531858546
group_2735,12.011043708333332,11.7266498767141,1.024251924855705,0.3209536986962113,0.061533599867244444,0.5047011531858546
group_2734,12.011043708333332,11.7266498767141,1.024251924855705,0.3209536986962113,0.061533599867244444,0.5047011531858546
group_2671,12.011043708333332,11.7266498767141,1.024251924855705,0.3209536986962113,0.061533599867244444,0.5047011531858546
group_2670,12.011043708333332,11.7266498767141,1.024251924855705,0.3209536986962113,0.061533599867244444,0.5047011531858546
group_2581,12.011043708333332,11.7266498767141,1.024251924855705,0.3209536986962113,0.061533599867244444,0.5047011531858546
spaQ,12.011043708333332,11.7266498767141,1.024251924855705,0.3209536986962113,0.061533599867244444,0.5047011531858546
group_2315,12.011043708333332,11.7266498767141,1.024251924855705,0.3209536986962113,0.061533599867244444,0.5047011531858546
group_2193,12.011043708333332,11.7266498767141,1.024251924855705,0.3209536986962113,0.061533599867244444,0.5047011531858546
group_2096,12.011043708333332,11.7266498767141,1.024251924855705,0.3209536986962113,0.061533599867244444,0.5047011531858546
group_2052,12.011043708333332,11.7266498767141,1.024251924855705,0.3209536986962113,0.061533599867244444,0.5047011531858546
group_1741,12.011043708333332,11.7266498767141,1.024251924855705,0.3209536986962113,0.061533599867244444,0.5047011531858546
group_1464,12.011043708333332,11.7266498767141,1.024251924855705,0.3209536986962113,0.061533599867244444,0.5047011531858546
group_1420,12.011043708333332,11.7266498767141,1.024251924855705,0.3209536986962113,0.061533599867244444,0.5047011531858546
osmW_2,12.011043708333332,11.7266498767141,1.024251924855705,0.3209536986962113,0.061533599867244444,0.5047011531858546
group_1147,12.011043708333332,11.7266498767141,1.024251924855705,0.3209536986962113,0.061533599867244444,0.5047011531858546
group_1128,12.011043708333332,11.7266498767141,1.024251924855705,0.3209536986962113,0.061533599867244444,0.5047011531858546
group_1083,12.011043708333332,11.7266498767141,1.024251924855705,0.3209536986962113,0.061533599867244444,0.5047011531858546
group_1025,12.011043708333332,11.7266498767141,1.024251924855705,0.3209536986962113,0.061533599867244444,0.5047011531858546
hyuA_2,12.011043708333332,11.7266498767141,1.024251924855705,0.3209536986962113,0.061533599867244444,0.5047011531858546
osmX_2,12.011043708333332,11.7266498767141,1.024251924855705,0.3209536986962113,0.061533599867244444,0.5047011531858546
group_905,12.011043708333332,11.7266498767141,1.024251924855705,0.3209536986962113,0.061533599867244444,0.5047011531858546
group_900,12.011043708333332,11.7266498767141,1.024251924855705,0.3209536986962113,0.061533599867244444,0.5047011531858546
group_889,12.011043708333332,11.7266498767141,1.024251924855705,0.3209536986962113,0.061533599867244444,0.5047011531858546
tri1_2,12.011043708333332,11.7266498767141,1.024251924855705,0.3209536986962113,0.061533599867244444,0.5047011531858546
group_846,12.011043708333332,11.7266498767141,1.024251924855705,0.3209536986962113,0.061533599867244444,0.5047011531858546
leuA_2,12.011043708333332,11.7266498767141,1.024251924855705,0.3209536986962113,0.061533599867244444,0.5047011531858546
group_663,12.011043708333332,11.7266498767141,1.024251924855705,0.3209536986962113,0.061533599867244444,0.5047011531858546
group_642,12.011043708333332,11.7266498767141,1.024251924855705,0.3209536986962113,0.061533599867244444,0.5047011531858546
osmV_2,12.011043708333332,11.7266498767141,1.024251924855705,0.3209536986962113,0.061533599867244444,0.5047011531858546
group_562,12.011043708333332,11.7266498767141,1.024251924855705,0.3209536986962113,0.061533599867244444,0.5047011531858546
pntAA_1,12.011043708333332,11.7266498767141,1.024251924855705,0.3209536986962113,0.061533599867244444,0.5047011531858546
pntB_1,12.011043708333332,11.7266498767141,1.024251924855705,0.3209536986962113,0.061533599867244444,0.5047011531858546
sctC_2,12.011043708333332,11.7266498767141,1.024251924855705,0.3209536986962113,0.061533599867244444,0.5047011531858546
sseC,12.011043708333332,11.7266498767141,1.024251924855705,0.3209536986962113,0.061533599867244444,0.5047011531858546
apc4,12.011043708333332,11.7266498767141,1.024251924855705,0.3209536986962113,0.061533599867244444,0.5047011531858546
shlB_1,12.011043708333332,11.7266498767141,1.024251924855705,0.3209536986962113,0.061533599867244444,0.5047011531858546
group_161,12.011043708333332,11.7266498767141,1.024251924855705,0.3209536986962113,0.061533599867244444,0.5047011531858546
ssaV_1,12.011043708333332,11.7266498767141,1.024251924855705,0.3209536986962113,0.061533599867244444,0.5047011531858546
apc3,12.011043708333332,11.7266498767141,1.024251924855705,0.3209536986962113,0.061533599867244444,0.5047011531858546
group_88,12.011043708333332,11.7266498767141,1.024251924855705,0.3209536986962113,0.061533599867244444,0.5047011531858546
group_2180,-12.644648660461543,12.341725731436616,-1.0245446168239931,0.3208197113801885,0.06156660730676554,0.5047011531858546
group_1875,13.473732778923093,12.286773298014316,1.096604653810989,0.2890454669643595,0.06990488865334774,0.5047011531858546
group_1868,13.473732778923093,12.286773298014316,1.096604653810989,0.2890454669643595,0.06990488865334774,0.5047011531858546
rmlC_1,13.473732778923093,12.286773298014316,1.096604653810989,0.2890454669643595,0.06990488865334774,0.5047011531858546
perB,13.473732778923093,12.286773298014316,1.096604653810989,0.2890454669643595,0.06990488865334774,0.5047011531858546
gltF_4,13.706129028769244,12.270697492587054,1.1169804354682658,0.2804959007144986,0.07233713773725392,0.5047011531858546
tagG,13.473732778923093,12.286773298014316,1.096604653810989,0.2890454669643595,0.06990488865334774,0.5047011531858546
group_797,13.473732778923093,12.286773298014316,1.096604653810989,0.2890454669643595,0.06990488865334774,0.5047011531858546
group_625,13.473732778923093,12.286773298014316,1.096604653810989,0.2890454669643595,0.06990488865334774,0.5047011531858546
vioA,13.473732778923093,12.286773298014316,1.096604653810989,0.2890454669643595,0.06990488865334774,0.5047011531858546
group_524,13.473732778923093,12.286773298014316,1.096604653810989,0.2890454669643595,0.06990488865334774,0.5047011531858546
btuD_3,13.473732778923093,12.286773298014316,1.096604653810989,0.2890454669643595,0.06990488865334774,0.5047011531858546
smc_2,13.473732778923093,12.286773298014316,1.096604653810989,0.2890454669643595,0.06990488865334774,0.5047011531858546
group_68,13.473732778923093,12.286773298014316,1.096604653810989,0.2890454669643595,0.06990488865334774,0.5047011531858546
group_4273,15.083191000666663,14.840165401819123,1.0163762055386356,0.3245740597455211,0.06064811497496346,0.5047011531858546
group_4272,15.083191000666663,14.840165401819123,1.0163762055386356,0.3245740597455211,0.06064811497496346,0.5047011531858546
group_4271,15.083191000666663,14.840165401819123,1.0163762055386356,0.3245740597455211,0.06064811497496346,0.5047011531858546
group_4270,15.083191000666663,14.840165401819123,1.0163762055386356,0.3245740597455211,0.06064811497496346,0.5047011531858546
group_4269,15.083191000666663,14.840165401819123,1.0163762055386356,0.3245740597455211,0.06064811497496346,0.5047011531858546
group_4268,15.083191000666663,14.840165401819123,1.0163762055386356,0.3245740597455211,0.06064811497496346,0.5047011531858546
cph2,15.083191000666663,14.840165401819123,1.0163762055386356,0.3245740597455211,0.06064811497496346,0.5047011531858546
group_4267,15.083191000666663,14.840165401819123,1.0163762055386356,0.3245740597455211,0.06064811497496346,0.5047011531858546
group_3690,15.083191000666663,14.840165401819123,1.0163762055386356,0.3245740597455211,0.06064811497496346,0.5047011531858546
group_3651,15.083191000666663,14.840165401819123,1.0163762055386356,0.3245740597455211,0.06064811497496346,0.5047011531858546
group_3568,15.083191000666663,14.840165401819123,1.0163762055386356,0.3245740597455211,0.06064811497496346,0.5047011531858546
group_3546,15.083191000666663,14.840165401819123,1.0163762055386356,0.3245740597455211,0.06064811497496346,0.5047011531858546
group_2886,15.083191000666663,14.840165401819123,1.0163762055386356,0.3245740597455211,0.06064811497496346,0.5047011531858546
group_2859,15.083191000666663,14.840165401819123,1.0163762055386356,0.3245740597455211,0.06064811497496346,0.5047011531858546
group_2846,15.083191000666663,14.840165401819123,1.0163762055386356,0.3245740597455211,0.06064811497496346,0.5047011531858546
group_2807,15.083191000666663,14.840165401819123,1.0163762055386356,0.3245740597455211,0.06064811497496346,0.5047011531858546
group_2767,15.083191000666663,14.840165401819123,1.0163762055386356,0.3245740597455211,0.06064811497496346,0.5047011531858546
group_2757,15.083191000666663,14.840165401819123,1.0163762055386356,0.3245740597455211,0.06064811497496346,0.5047011531858546
group_2746,15.083191000666663,14.840165401819123,1.0163762055386356,0.3245740597455211,0.06064811497496346,0.5047011531858546
group_2745,15.083191000666663,14.840165401819123,1.0163762055386356,0.3245740597455211,0.06064811497496346,0.5047011531858546
group_2710,15.083191000666663,14.840165401819123,1.0163762055386356,0.3245740597455211,0.06064811497496346,0.5047011531858546
group_2693,15.083191000666663,14.840165401819123,1.0163762055386356,0.3245740597455211,0.06064811497496346,0.5047011531858546
group_2669,15.083191000666663,14.840165401819123,1.0163762055386356,0.3245740597455211,0.06064811497496346,0.5047011531858546
group_2655,15.083191000666663,14.840165401819123,1.0163762055386356,0.3245740597455211,0.06064811497496346,0.5047011531858546
group_2642,15.083191000666663,14.840165401819123,1.0163762055386356,0.3245740597455211,0.06064811497496346,0.5047011531858546
group_2631,15.083191000666663,14.840165401819123,1.0163762055386356,0.3245740597455211,0.06064811497496346,0.5047011531858546
group_2571,15.083191000666663,14.840165401819123,1.0163762055386356,0.3245740597455211,0.06064811497496346,0.5047011531858546
group_2556,15.083191000666663,14.840165401819123,1.0163762055386356,0.3245740597455211,0.06064811497496346,0.5047011531858546
group_2541,15.083191000666663,14.840165401819123,1.0163762055386356,0.3245740597455211,0.06064811497496346,0.5047011531858546
group_2514,15.083191000666663,14.840165401819123,1.0163762055386356,0.3245740597455211,0.06064811497496346,0.5047011531858546
group_2504,15.083191000666663,14.840165401819123,1.0163762055386356,0.3245740597455211,0.06064811497496346,0.5047011531858546
group_2503,15.083191000666663,14.840165401819123,1.0163762055386356,0.3245740597455211,0.06064811497496346,0.5047011531858546
group_2489,15.083191000666663,14.840165401819123,1.0163762055386356,0.3245740597455211,0.06064811497496346,0.5047011531858546
group_2473,15.083191000666663,14.840165401819123,1.0163762055386356,0.3245740597455211,0.06064811497496346,0.5047011531858546
group_2472,15.083191000666663,14.840165401819123,1.0163762055386356,0.3245740597455211,0.06064811497496346,0.5047011531858546
group_2463,15.083191000666663,14.840165401819123,1.0163762055386356,0.3245740597455211,0.06064811497496346,0.5047011531858546
group_2462,15.083191000666663,14.840165401819123,1.0163762055386356,0.3245740597455211,0.06064811497496346,0.5047011531858546
group_2434,15.083191000666663,14.840165401819123,1.0163762055386356,0.3245740597455211,0.06064811497496346,0.5047011531858546
group_2412,15.083191000666663,14.840165401819123,1.0163762055386356,0.3245740597455211,0.06064811497496346,0.5047011531858546
group_2403,15.083191000666663,14.840165401819123,1.0163762055386356,0.3245740597455211,0.06064811497496346,0.5047011531858546
group_2382,15.083191000666663,14.840165401819123,1.0163762055386356,0.3245740597455211,0.06064811497496346,0.5047011531858546
group_2360,15.083191000666663,14.840165401819123,1.0163762055386356,0.3245740597455211,0.06064811497496346,0.5047011531858546
group_2337,15.083191000666663,14.840165401819123,1.0163762055386356,0.3245740597455211,0.06064811497496346,0.5047011531858546
group_2336,15.083191000666663,14.840165401819123,1.0163762055386356,0.3245740597455211,0.06064811497496346,0.5047011531858546
group_2314,15.083191000666663,14.840165401819123,1.0163762055386356,0.3245740597455211,0.06064811497496346,0.5047011531858546
group_2313,15.083191000666663,14.840165401819123,1.0163762055386356,0.3245740597455211,0.06064811497496346,0.5047011531858546
group_2243,15.083191000666663,14.840165401819123,1.0163762055386356,0.3245740597455211,0.06064811497496346,0.5047011531858546
group_2229,15.083191000666663,14.840165401819123,1.0163762055386356,0.3245740597455211,0.06064811497496346,0.5047011531858546
group_2215,15.083191000666663,14.840165401819123,1.0163762055386356,0.3245740597455211,0.06064811497496346,0.5047011531858546
group_2214,15.083191000666663,14.840165401819123,1.0163762055386356,0.3245740597455211,0.06064811497496346,0.5047011531858546
group_2201,15.083191000666663,14.840165401819123,1.0163762055386356,0.3245740597455211,0.06064811497496346,0.5047011531858546
group_2200,15.083191000666663,14.840165401819123,1.0163762055386356,0.3245740597455211,0.06064811497496346,0.5047011531858546
group_2181,15.083191000666663,14.840165401819123,1.0163762055386356,0.3245740597455211,0.06064811497496346,0.5047011531858546
group_2107,15.083191000666663,14.840165401819123,1.0163762055386356,0.3245740597455211,0.06064811497496346,0.5047011531858546
group_2095,15.083191000666663,14.840165401819123,1.0163762055386356,0.3245740597455211,0.06064811497496346,0.5047011531858546
group_2060,15.083191000666663,14.840165401819123,1.0163762055386356,0.3245740597455211,0.06064811497496346,0.5047011531858546
group_2050,15.083191000666663,14.840165401819123,1.0163762055386356,0.3245740597455211,0.06064811497496346,0.5047011531858546
group_2049,15.083191000666663,14.840165401819123,1.0163762055386356,0.3245740597455211,0.06064811497496346,0.5047011531858546
group_1981,15.083191000666663,14.840165401819123,1.0163762055386356,0.3245740597455211,0.06064811497496346,0.5047011531858546
group_1972,15.083191000666663,14.840165401819123,1.0163762055386356,0.3245740597455211,0.06064811497496346,0.5047011531858546
group_1949,15.083191000666663,14.840165401819123,1.0163762055386356,0.3245740597455211,0.06064811497496346,0.5047011531858546
group_1883,15.083191000666663,14.840165401819123,1.0163762055386356,0.3245740597455211,0.06064811497496346,0.5047011531858546
group_1846,15.083191000666663,14.840165401819123,1.0163762055386356,0.3245740597455211,0.06064811497496346,0.5047011531858546
group_1773,15.083191000666663,14.840165401819123,1.0163762055386356,0.3245740597455211,0.06064811497496346,0.5047011531858546
group_1740,15.083191000666663,14.840165401819123,1.0163762055386356,0.3245740597455211,0.06064811497496346,0.5047011531858546
hcpA_2,15.083191000666663,14.840165401819123,1.0163762055386356,0.3245740597455211,0.06064811497496346,0.5047011531858546
group_1681,15.083191000666663,14.840165401819123,1.0163762055386356,0.3245740597455211,0.06064811497496346,0.5047011531858546
group_1672,15.083191000666663,14.840165401819123,1.0163762055386356,0.3245740597455211,0.06064811497496346,0.5047011531858546
group_1656,15.083191000666663,14.840165401819123,1.0163762055386356,0.3245740597455211,0.06064811497496346,0.5047011531858546
group_1645,15.083191000666663,14.840165401819123,1.0163762055386356,0.3245740597455211,0.06064811497496346,0.5047011531858546
group_1593,15.083191000666663,14.840165401819123,1.0163762055386356,0.3245740597455211,0.06064811497496346,0.5047011531858546
group_1589,15.083191000666663,14.840165401819123,1.0163762055386356,0.3245740597455211,0.06064811497496346,0.5047011531858546
group_1538,15.083191000666663,14.840165401819123,1.0163762055386356,0.3245740597455211,0.06064811497496346,0.5047011531858546
group_1507,15.083191000666663,14.840165401819123,1.0163762055386356,0.3245740597455211,0.06064811497496346,0.5047011531858546
group_1500,15.083191000666663,14.840165401819123,1.0163762055386356,0.3245740597455211,0.06064811497496346,0.5047011531858546
group_1461,15.083191000666663,14.840165401819123,1.0163762055386356,0.3245740597455211,0.06064811497496346,0.5047011531858546
group_1456,15.083191000666663,14.840165401819123,1.0163762055386356,0.3245740597455211,0.06064811497496346,0.5047011531858546
bin3_1,15.083191000666663,14.840165401819123,1.0163762055386356,0.3245740597455211,0.06064811497496346,0.5047011531858546
group_1413,15.083191000666663,14.840165401819123,1.0163762055386356,0.3245740597455211,0.06064811497496346,0.5047011531858546
group_1399,15.083191000666663,14.840165401819123,1.0163762055386356,0.3245740597455211,0.06064811497496346,0.5047011531858546
group_1391,15.083191000666663,14.840165401819123,1.0163762055386356,0.3245740597455211,0.06064811497496346,0.5047011531858546
group_1371,15.083191000666663,14.840165401819123,1.0163762055386356,0.3245740597455211,0.06064811497496346,0.5047011531858546
group_1350,15.083191000666663,14.840165401819123,1.0163762055386356,0.3245740597455211,0.06064811497496346,0.5047011531858546
group_1282,15.083191000666663,14.840165401819123,1.0163762055386356,0.3245740597455211,0.06064811497496346,0.5047011531858546
group_1281,15.083191000666663,14.840165401819123,1.0163762055386356,0.3245740597455211,0.06064811497496346,0.5047011531858546
group_1270,15.083191000666663,14.840165401819123,1.0163762055386356,0.3245740597455211,0.06064811497496346,0.5047011531858546
group_1269,15.083191000666663,14.840165401819123,1.0163762055386356,0.3245740597455211,0.06064811497496346,0.5047011531858546
group_1268,15.083191000666663,14.840165401819123,1.0163762055386356,0.3245740597455211,0.06064811497496346,0.5047011531858546
group_1250,15.083191000666663,14.840165401819123,1.0163762055386356,0.3245740597455211,0.06064811497496346,0.5047011531858546
group_1205,15.083191000666663,14.840165401819123,1.0163762055386356,0.3245740597455211,0.06064811497496346,0.5047011531858546
group_1197,15.083191000666663,14.840165401819123,1.0163762055386356,0.3245740597455211,0.06064811497496346,0.5047011531858546
group_1192,15.083191000666663,14.840165401819123,1.0163762055386356,0.3245740597455211,0.06064811497496346,0.5047011531858546
group_1186,15.083191000666663,14.840165401819123,1.0163762055386356,0.3245740597455211,0.06064811497496346,0.5047011531858546
group_1169,15.083191000666663,14.840165401819123,1.0163762055386356,0.3245740597455211,0.06064811497496346,0.5047011531858546
group_1089,15.083191000666663,14.840165401819123,1.0163762055386356,0.3245740597455211,0.06064811497496346,0.5047011531858546
group_1082,15.083191000666663,14.840165401819123,1.0163762055386356,0.3245740597455211,0.06064811497496346,0.5047011531858546
group_1074,15.083191000666663,14.840165401819123,1.0163762055386356,0.3245740597455211,0.06064811497496346,0.5047011531858546
group_1012,15.083191000666663,14.840165401819123,1.0163762055386356,0.3245740597455211,0.06064811497496346,0.5047011531858546
group_991,15.083191000666663,14.840165401819123,1.0163762055386356,0.3245740597455211,0.06064811497496346,0.5047011531858546
group_985,15.083191000666663,14.840165401819123,1.0163762055386356,0.3245740597455211,0.06064811497496346,0.5047011531858546
group_938,15.083191000666663,14.840165401819123,1.0163762055386356,0.3245740597455211,0.06064811497496346,0.5047011531858546
group_933,15.083191000666663,14.840165401819123,1.0163762055386356,0.3245740597455211,0.06064811497496346,0.5047011531858546
group_910,15.083191000666663,14.840165401819123,1.0163762055386356,0.3245740597455211,0.06064811497496346,0.5047011531858546
group_909,15.083191000666663,14.840165401819123,1.0163762055386356,0.3245740597455211,0.06064811497496346,0.5047011531858546
group_861,15.083191000666663,14.840165401819123,1.0163762055386356,0.3245740597455211,0.06064811497496346,0.5047011531858546
group_834,15.083191000666663,14.840165401819123,1.0163762055386356,0.3245740597455211,0.06064811497496346,0.5047011531858546
group_764,15.083191000666663,14.840165401819123,1.0163762055386356,0.3245740597455211,0.06064811497496346,0.5047011531858546
group_607,15.083191000666663,14.840165401819123,1.0163762055386356,0.3245740597455211,0.06064811497496346,0.5047011531858546
group_600,15.083191000666663,14.840165401819123,1.0163762055386356,0.3245740597455211,0.06064811497496346,0.5047011531858546
group_595,15.083191000666663,14.840165401819123,1.0163762055386356,0.3245740597455211,0.06064811497496346,0.5047011531858546
group_576,15.083191000666663,14.840165401819123,1.0163762055386356,0.3245740597455211,0.06064811497496346,0.5047011531858546
group_554,15.083191000666663,14.840165401819123,1.0163762055386356,0.3245740597455211,0.06064811497496346,0.5047011531858546
group_552,15.083191000666663,14.840165401819123,1.0163762055386356,0.3245740597455211,0.06064811497496346,0.5047011531858546
group_497,15.083191000666663,14.840165401819123,1.0163762055386356,0.3245740597455211,0.06064811497496346,0.5047011531858546
group_491,15.083191000666663,14.840165401819123,1.0163762055386356,0.3245740597455211,0.06064811497496346,0.5047011531858546
intQ,15.083191000666663,14.840165401819123,1.0163762055386356,0.3245740597455211,0.06064811497496346,0.5047011531858546
group_472,15.083191000666663,14.840165401819123,1.0163762055386356,0.3245740597455211,0.06064811497496346,0.5047011531858546
group_462,15.083191000666663,14.840165401819123,1.0163762055386356,0.3245740597455211,0.06064811497496346,0.5047011531858546
group_425,15.083191000666663,14.840165401819123,1.0163762055386356,0.3245740597455211,0.06064811497496346,0.5047011531858546
group_421,15.083191000666663,14.840165401819123,1.0163762055386356,0.3245740597455211,0.06064811497496346,0.5047011531858546
group_390,15.083191000666663,14.840165401819123,1.0163762055386356,0.3245740597455211,0.06064811497496346,0.5047011531858546
group_389,15.083191000666663,14.840165401819123,1.0163762055386356,0.3245740597455211,0.06064811497496346,0.5047011531858546
group_296,15.083191000666663,14.840165401819123,1.0163762055386356,0.3245740597455211,0.06064811497496346,0.5047011531858546
group_282,15.083191000666663,14.840165401819123,1.0163762055386356,0.3245740597455211,0.06064811497496346,0.5047011531858546
group_268,15.083191000666663,14.840165401819123,1.0163762055386356,0.3245740597455211,0.06064811497496346,0.5047011531858546
group_264,15.083191000666663,14.840165401819123,1.0163762055386356,0.3245740597455211,0.06064811497496346,0.5047011531858546
group_248,15.083191000666663,14.840165401819123,1.0163762055386356,0.3245740597455211,0.06064811497496346,0.5047011531858546
group_236,15.083191000666663,14.840165401819123,1.0163762055386356,0.3245740597455211,0.06064811497496346,0.5047011531858546
group_222,15.083191000666663,14.840165401819123,1.0163762055386356,0.3245740597455211,0.06064811497496346,0.5047011531858546
pal_4,15.083191000666663,14.840165401819123,1.0163762055386356,0.3245740597455211,0.06064811497496346,0.5047011531858546
group_203,15.083191000666663,14.840165401819123,1.0163762055386356,0.3245740597455211,0.06064811497496346,0.5047011531858546
group_185,15.083191000666663,14.840165401819123,1.0163762055386356,0.3245740597455211,0.06064811497496346,0.5047011531858546
group_156,15.083191000666663,14.840165401819123,1.0163762055386356,0.3245740597455211,0.06064811497496346,0.5047011531858546
group_117,15.083191000666663,14.840165401819123,1.0163762055386356,0.3245740597455211,0.06064811497496346,0.5047011531858546
group_112,15.083191000666663,14.840165401819123,1.0163762055386356,0.3245740597455211,0.06064811497496346,0.5047011531858546
group_110,15.083191000666663,14.840165401819123,1.0163762055386356,0.3245740597455211,0.06064811497496346,0.5047011531858546
group_99,15.083191000666663,14.840165401819123,1.0163762055386356,0.3245740597455211,0.06064811497496346,0.5047011531858546
clpV1_3,15.083191000666663,14.840165401819123,1.0163762055386356,0.3245740597455211,0.06064811497496346,0.5047011531858546
group_67,15.083191000666663,14.840165401819123,1.0163762055386356,0.3245740597455211,0.06064811497496346,0.5047011531858546
group_44,15.083191000666663,14.840165401819123,1.0163762055386356,0.3245740597455211,0.06064811497496346,0.5047011531858546
group_34,15.083191000666663,14.840165401819123,1.0163762055386356,0.3245740597455211,0.06064811497496346,0.5047011531858546
cpdA_3,15.083191000666663,14.840165401819123,1.0163762055386356,0.3245740597455211,0.06064811497496346,0.5047011531858546
group_30,15.083191000666663,14.840165401819123,1.0163762055386356,0.3245740597455211,0.06064811497496346,0.5047011531858546
group_22,15.083191000666663,14.840165401819123,1.0163762055386356,0.3245740597455211,0.06064811497496346,0.5047011531858546
group_4329,-19.254063411875006,17.507843065175017,-1.0997393191268323,0.28771778421367306,0.07027698250791808,0.5047011531858546
group_4316,-19.254063411875006,17.507843065175017,-1.0997393191268323,0.28771778421367306,0.07027698250791808,0.5047011531858546
group_4313,-19.254063411875006,17.507843065175017,-1.0997393191268323,0.28771778421367306,0.07027698250791808,0.5047011531858546
group_4298,-19.254063411875006,17.507843065175017,-1.0997393191268323,0.28771778421367306,0.07027698250791808,0.5047011531858546
group_4297,-19.254063411875006,17.507843065175017,-1.0997393191268323,0.28771778421367306,0.07027698250791808,0.5047011531858546
bacC_2,-19.254063411875006,17.507843065175017,-1.0997393191268323,0.28771778421367306,0.07027698250791808,0.5047011531858546
group_3444,-19.254063411875006,17.507843065175017,-1.0997393191268323,0.28771778421367306,0.07027698250791808,0.5047011531858546
group_3442,-19.254063411875006,17.507843065175017,-1.0997393191268323,0.28771778421367306,0.07027698250791808,0.5047011531858546
group_3441,-19.254063411875006,17.507843065175017,-1.0997393191268323,0.28771778421367306,0.07027698250791808,0.5047011531858546
group_3440,-19.254063411875006,17.507843065175017,-1.0997393191268323,0.28771778421367306,0.07027698250791808,0.5047011531858546
group_3439,-19.254063411875006,17.507843065175017,-1.0997393191268323,0.28771778421367306,0.07027698250791808,0.5047011531858546
group_3438,-19.254063411875006,17.507843065175017,-1.0997393191268323,0.28771778421367306,0.07027698250791808,0.5047011531858546
group_3437,-19.254063411875006,17.507843065175017,-1.0997393191268323,0.28771778421367306,0.07027698250791808,0.5047011531858546
group_3436,-19.254063411875006,17.507843065175017,-1.0997393191268323,0.28771778421367306,0.07027698250791808,0.5047011531858546
group_3432,-19.254063411875006,17.507843065175017,-1.0997393191268323,0.28771778421367306,0.07027698250791808,0.5047011531858546
group_3428,-19.254063411875006,17.507843065175017,-1.0997393191268323,0.28771778421367306,0.07027698250791808,0.5047011531858546
group_3427,-19.254063411875006,17.507843065175017,-1.0997393191268323,0.28771778421367306,0.07027698250791808,0.5047011531858546
group_3426,-19.254063411875006,17.507843065175017,-1.0997393191268323,0.28771778421367306,0.07027698250791808,0.5047011531858546
group_3420,-19.254063411875006,17.507843065175017,-1.0997393191268323,0.28771778421367306,0.07027698250791808,0.5047011531858546
group_3378,-19.254063411875006,17.507843065175017,-1.0997393191268323,0.28771778421367306,0.07027698250791808,0.5047011531858546
group_3371,-19.254063411875006,17.507843065175017,-1.0997393191268323,0.28771778421367306,0.07027698250791808,0.5047011531858546
group_3363,-19.254063411875006,17.507843065175017,-1.0997393191268323,0.28771778421367306,0.07027698250791808,0.5047011531858546
group_3342,-19.254063411875006,17.507843065175017,-1.0997393191268323,0.28771778421367306,0.07027698250791808,0.5047011531858546
gpFI_2,-19.254063411875006,17.507843065175017,-1.0997393191268323,0.28771778421367306,0.07027698250791808,0.5047011531858546
group_3273,-19.254063411875006,17.507843065175017,-1.0997393191268323,0.28771778421367306,0.07027698250791808,0.5047011531858546
group_1646,-19.254063411875006,17.507843065175017,-1.0997393191268323,0.28771778421367306,0.07027698250791808,0.5047011531858546
group_1042,-11.80124153833332,11.739955670737299,-1.0052202810057265,0.3297519946141019,0.05940270570057394,0.5118451314629511
group_3013,11.801241538333333,11.739955670737302,1.0052202810057274,0.32975199461410154,0.05940270570057411,0.5118451314629511
group_2848,11.801241538333333,11.739955670737302,1.0052202810057274,0.32975199461410154,0.05940270570057411,0.5118451314629511
group_4337,13.286438427499993,13.317798949327301,0.9976452173556133,0.3333011614261542,0.058563027140017127,0.5170491484152191
group_3017,11.117818816233775,11.370599332211054,0.9777689364833047,0.3427419476278588,0.05638300799972066,0.5173574665570261
group_3386,-11.117818816233774,11.370599332211052,-0.9777689364833045,0.3427419476278588,0.0563830079997206,0.5173574665570261
group_3385,-11.117818816233774,11.370599332211052,-0.9777689364833045,0.3427419476278588,0.0563830079997206,0.5173574665570261
group_3383,-11.117818816233774,11.370599332211052,-0.9777689364833045,0.3427419476278588,0.0563830079997206,0.5173574665570261
group_3381,-11.117818816233774,11.370599332211052,-0.9777689364833045,0.3427419476278588,0.0563830079997206,0.5173574665570261
group_3376,-11.117818816233774,11.370599332211052,-0.9777689364833045,0.3427419476278588,0.0563830079997206,0.5173574665570261
group_3369,-11.117818816233774,11.370599332211052,-0.9777689364833045,0.3427419476278588,0.0563830079997206,0.5173574665570261
group_3358,-11.117818816233774,11.370599332211052,-0.9777689364833045,0.3427419476278588,0.0563830079997206,0.5173574665570261
group_3349,-11.117818816233774,11.370599332211052,-0.9777689364833045,0.3427419476278588,0.0563830079997206,0.5173574665570261
group_3346,-11.117818816233774,11.370599332211052,-0.9777689364833045,0.3427419476278588,0.0563830079997206,0.5173574665570261
group_3343,-11.117818816233774,11.370599332211052,-0.9777689364833045,0.3427419476278588,0.0563830079997206,0.5173574665570261
group_3333,-11.117818816233774,11.370599332211052,-0.9777689364833045,0.3427419476278588,0.0563830079997206,0.5173574665570261
group_3310,-11.117818816233774,11.370599332211052,-0.9777689364833045,0.3427419476278588,0.0563830079997206,0.5173574665570261
group_3309,-11.117818816233774,11.370599332211052,-0.9777689364833045,0.3427419476278588,0.0563830079997206,0.5173574665570261
group_3304,-11.117818816233774,11.370599332211052,-0.9777689364833045,0.3427419476278588,0.0563830079997206,0.5173574665570261
group_3295,-11.117818816233774,11.370599332211052,-0.9777689364833045,0.3427419476278588,0.0563830079997206,0.5173574665570261
group_3287,-11.117818816233774,11.370599332211052,-0.9777689364833045,0.3427419476278588,0.0563830079997206,0.5173574665570261
group_3284,-11.117818816233774,11.370599332211052,-0.9777689364833045,0.3427419476278588,0.0563830079997206,0.5173574665570261
group_3283,-11.117818816233774,11.370599332211052,-0.9777689364833045,0.3427419476278588,0.0563830079997206,0.5173574665570261
group_3271,-11.117818816233774,11.370599332211052,-0.9777689364833045,0.3427419476278588,0.0563830079997206,0.5173574665570261
group_3201,-11.117818816233774,11.370599332211052,-0.9777689364833045,0.3427419476278588,0.0563830079997206,0.5173574665570261
group_3181,-11.117818816233774,11.370599332211052,-0.9777689364833045,0.3427419476278588,0.0563830079997206,0.5173574665570261
group_3138,-11.117818816233774,11.370599332211052,-0.9777689364833045,0.3427419476278588,0.0563830079997206,0.5173574665570261
group_3136,-11.117818816233774,11.370599332211052,-0.9777689364833045,0.3427419476278588,0.0563830079997206,0.5173574665570261
group_3121,-11.117818816233774,11.370599332211052,-0.9777689364833045,0.3427419476278588,0.0563830079997206,0.5173574665570261
group_3105,-11.117818816233774,11.370599332211052,-0.9777689364833045,0.3427419476278588,0.0563830079997206,0.5173574665570261
group_3097,-11.117818816233774,11.370599332211052,-0.9777689364833045,0.3427419476278588,0.0563830079997206,0.5173574665570261
group_3082,-11.117818816233774,11.370599332211052,-0.9777689364833045,0.3427419476278588,0.0563830079997206,0.5173574665570261
group_3039,-11.117818816233774,11.370599332211052,-0.9777689364833045,0.3427419476278588,0.0563830079997206,0.5173574665570261
group_3038,-11.117818816233774,11.370599332211052,-0.9777689364833045,0.3427419476278588,0.0563830079997206,0.5173574665570261
group_2639,-11.117818816233774,11.370599332211052,-0.9777689364833045,0.3427419476278588,0.0563830079997206,0.5173574665570261
group_2627,-11.117818816233774,11.370599332211052,-0.9777689364833045,0.3427419476278588,0.0563830079997206,0.5173574665570261
group_2593,-11.117818816233774,11.370599332211052,-0.9777689364833045,0.3427419476278588,0.0563830079997206,0.5173574665570261
group_2283,-11.117818816233774,11.370599332211052,-0.9777689364833045,0.3427419476278588,0.0563830079997206,0.5173574665570261
group_2282,-11.117818816233774,11.370599332211052,-0.9777689364833045,0.3427419476278588,0.0563830079997206,0.5173574665570261
group_2281,-11.117818816233774,11.370599332211052,-0.9777689364833045,0.3427419476278588,0.0563830079997206,0.5173574665570261
group_2064,-11.117818816233774,11.370599332211052,-0.9777689364833045,0.3427419476278588,0.0563830079997206,0.5173574665570261
group_1855,-11.117818816233774,11.370599332211052,-0.9777689364833045,0.3427419476278588,0.0563830079997206,0.5173574665570261
group_1845,-11.117818816233774,11.370599332211052,-0.9777689364833045,0.3427419476278588,0.0563830079997206,0.5173574665570261
group_1763,-11.117818816233774,11.370599332211052,-0.9777689364833045,0.3427419476278588,0.0563830079997206,0.5173574665570261
group_1619,-11.117818816233774,11.370599332211052,-0.9777689364833045,0.3427419476278588,0.0563830079997206,0.5173574665570261
group_1569,-11.117818816233774,11.370599332211052,-0.9777689364833045,0.3427419476278588,0.0563830079997206,0.5173574665570261
group_1162,-11.117818816233774,11.370599332211052,-0.9777689364833045,0.3427419476278588,0.0563830079997206,0.5173574665570261
group_1141,-11.117818816233774,11.370599332211052,-0.9777689364833045,0.3427419476278588,0.0563830079997206,0.5173574665570261
prtR_1,-11.117818816233774,11.370599332211052,-0.9777689364833045,0.3427419476278588,0.0563830079997206,0.5173574665570261
group_575,-11.117818816233774,11.370599332211052,-0.9777689364833045,0.3427419476278588,0.0563830079997206,0.5173574665570261
group_531,-11.117818816233774,11.370599332211052,-0.9777689364833045,0.3427419476278588,0.0563830079997206,0.5173574665570261
group_3088,14.25578210733334,14.891195959619093,0.9573295621111411,0.3526439089173474,0.0541767493251966,0.5319989245192323
group_3780,17.677184498235313,24.51675427989089,0.7210246632334394,0.4812978217563826,0.03146976086326353,0.5722072160149314
group_3746,17.677184498235313,24.51675427989089,0.7210246632334394,0.4812978217563826,0.03146976086326353,0.5722072160149314
group_3699,17.677184498235313,24.51675427989089,0.7210246632334394,0.4812978217563826,0.03146976086326353,0.5722072160149314
group_3679,17.677184498235313,24.51675427989089,0.7210246632334394,0.4812978217563826,0.03146976086326353,0.5722072160149314
group_3664,17.677184498235313,24.51675427989089,0.7210246632334394,0.4812978217563826,0.03146976086326353,0.5722072160149314
group_3656,17.677184498235313,24.51675427989089,0.7210246632334394,0.4812978217563826,0.03146976086326353,0.5722072160149314
group_3647,17.677184498235313,24.51675427989089,0.7210246632334394,0.4812978217563826,0.03146976086326353,0.5722072160149314
group_3582,17.677184498235313,24.51675427989089,0.7210246632334394,0.4812978217563826,0.03146976086326353,0.5722072160149314
group_3515,17.677184498235313,24.51675427989089,0.7210246632334394,0.4812978217563826,0.03146976086326353,0.5722072160149314
mdtA_7,17.677184498235313,24.51675427989089,0.7210246632334394,0.4812978217563826,0.03146976086326353,0.5722072160149314
group_3456,17.677184498235313,24.51675427989089,0.7210246632334394,0.4812978217563826,0.03146976086326353,0.5722072160149314
rfbA_1~~~rfbA_2,17.677184498235313,24.51675427989089,0.7210246632334394,0.4812978217563826,0.03146976086326353,0.5722072160149314
rfbB,17.677184498235313,24.51675427989089,0.7210246632334394,0.4812978217563826,0.03146976086326353,0.5722072160149314
group_3222,17.677184498235313,24.51675427989089,0.7210246632334394,0.4812978217563826,0.03146976086326353,0.5722072160149314
ynfM_1,17.677184498235313,24.51675427989089,0.7210246632334394,0.4812978217563826,0.03146976086326353,0.5722072160149314
baiN,21.643036319411785,24.317177156012118,0.8900307869024515,0.3866365996857162,0.047174100703091686,0.5722072160149314
group_3172,17.677184498235313,24.51675427989089,0.7210246632334394,0.4812978217563826,0.03146976086326353,0.5722072160149314
cysNC_1,17.677184498235313,24.51675427989089,0.7210246632334394,0.4812978217563826,0.03146976086326353,0.5722072160149314
group_3139,18.565758394705895,24.475670718264837,0.7585393106653988,0.45915698880288003,0.034713039481570285,0.5722072160149314
group_3129,17.677184498235313,24.51675427989089,0.7210246632334394,0.4812978217563826,0.03146976086326353,0.5722072160149314
group_3109,17.677184498235313,24.51675427989089,0.7210246632334394,0.4812978217563826,0.03146976086326353,0.5722072160149314
group_3096,18.565758394705895,24.475670718264837,0.7585393106653988,0.45915698880288003,0.034713039481570285,0.5722072160149314
group_3059,18.565758394705895,24.475670718264837,0.7585393106653988,0.45915698880288003,0.034713039481570285,0.5722072160149314
higB2,17.677184498235313,24.51675427989089,0.7210246632334394,0.4812978217563826,0.03146976086326353,0.5722072160149314
group_2897,18.565758394705895,24.475670718264837,0.7585393106653988,0.45915698880288003,0.034713039481570285,0.5722072160149314
group_2761,17.677184498235313,24.51675427989089,0.7210246632334394,0.4812978217563826,0.03146976086326353,0.5722072160149314
group_2700,17.677184498235313,24.51675427989089,0.7210246632334394,0.4812978217563826,0.03146976086326353,0.5722072160149314
group_2455,17.677184498235313,24.51675427989089,0.7210246632334394,0.4812978217563826,0.03146976086326353,0.5722072160149314
group_2414,18.565758394705895,24.475670718264837,0.7585393106653988,0.45915698880288003,0.034713039481570285,0.5722072160149314
ppiC_2,21.643036319411785,24.317177156012118,0.8900307869024515,0.3866365996857162,0.047174100703091686,0.5722072160149314
group_2356,17.677184498235313,24.51675427989089,0.7210246632334394,0.4812978217563826,0.03146976086326353,0.5722072160149314
group_1062,17.677184498235313,24.51675427989089,0.7210246632334394,0.4812978217563826,0.03146976086326353,0.5722072160149314
group_954,17.677184498235313,24.51675427989089,0.7210246632334394,0.4812978217563826,0.03146976086326353,0.5722072160149314
benM_1,17.677184498235313,24.51675427989089,0.7210246632334394,0.4812978217563826,0.03146976086326353,0.5722072160149314
menH_2,17.677184498235313,24.51675427989089,0.7210246632334394,0.4812978217563826,0.03146976086326353,0.5722072160149314
yqjG,17.677184498235313,24.51675427989089,0.7210246632334394,0.4812978217563826,0.03146976086326353,0.5722072160149314
group_507,17.677184498235313,24.51675427989089,0.7210246632334394,0.4812978217563826,0.03146976086326353,0.5722072160149314
group_358,17.677184498235313,24.51675427989089,0.7210246632334394,0.4812978217563826,0.03146976086326353,0.5722072160149314
cysD_1,17.677184498235313,24.51675427989089,0.7210246632334394,0.4812978217563826,0.03146976086326353,0.5722072160149314
group_173,17.677184498235313,24.51675427989089,0.7210246632334394,0.4812978217563826,0.03146976086326353,0.5722072160149314
group_45,18.565758394705895,24.475670718264837,0.7585393106653988,0.45915698880288003,0.034713039481570285,0.5722072160149314
group_36,17.677184498235313,24.51675427989089,0.7210246632334394,0.4812978217563826,0.03146976086326353,0.5722072160149314
group_3300,-8.375256211000009,11.291312774745814,-0.7417433542122873,0.4689917543649045,0.03324333010411278,0.5722072160149314
group_3267,-8.375256211000009,11.291312774745814,-0.7417433542122873,0.4689917543649045,0.03324333010411278,0.5722072160149314
group_3266,-8.375256211000009,11.291312774745814,-0.7417433542122873,0.4689917543649045,0.03324333010411278,0.5722072160149314
group_2203,-8.375256211000009,11.291312774745814,-0.7417433542122873,0.4689917543649045,0.03324333010411278,0.5722072160149314
group_677,-8.375256211000009,11.291312774745814,-0.7417433542122873,0.4689917543649045,0.03324333010411278,0.5722072160149314
group_3429,8.136086583333329,11.229979358982666,0.7244970202750564,0.4792220248096072,0.03176394783574304,0.5722072160149314
group_3395,8.136086583333329,11.229979358982666,0.7244970202750564,0.4792220248096072,0.03176394783574304,0.5722072160149314
group_3296,8.136086583333329,11.229979358982666,0.7244970202750564,0.4792220248096072,0.03176394783574304,0.5722072160149314
group_3115,8.136086583333329,11.229979358982666,0.7244970202750564,0.4792220248096072,0.03176394783574304,0.5722072160149314
group_2565,8.136086583333329,11.229979358982666,0.7244970202750564,0.4792220248096072,0.03176394783574304,0.5722072160149314
group_2083,8.136086583333329,11.229979358982666,0.7244970202750564,0.4792220248096072,0.03176394783574304,0.5722072160149314
group_2037,8.136086583333329,11.229979358982666,0.7244970202750564,0.4792220248096072,0.03176394783574304,0.5722072160149314
group_3410,8.375256211000009,11.291312774745814,0.7417433542122873,0.4689917543649045,0.03324333010411278,0.5722072160149314
group_3276,9.554935576000007,11.232619990380115,0.8506417544778585,0.407518718771511,0.043267703532915786,0.5722072160149314
group_3227,8.375256211000009,11.291312774745814,0.7417433542122873,0.4689917543649045,0.03324333010411278,0.5722072160149314
group_3135,8.375256211000009,11.291312774745814,0.7417433542122873,0.4689917543649045,0.03324333010411278,0.5722072160149314
group_2925,8.375256211000009,11.291312774745814,0.7417433542122873,0.4689917543649045,0.03324333010411278,0.5722072160149314
group_3065,9.80335313583333,11.854293830597472,0.8269875267077995,0.4204070673838233,0.04099209574823012,0.5722072160149314
group_2893,9.80335313583333,11.854293830597472,0.8269875267077995,0.4204070673838233,0.04099209574823012,0.5722072160149314
group_4348,12.94072558866666,14.96606247993901,0.8646713593513875,0.39999767826534205,0.04464245830562615,0.5722072160149314
group_4351,-17.677184498235302,24.516754279890897,-0.7210246632334387,0.4812978217563828,0.03146976086326345,0.5722072160149314
group_4350,-17.677184498235302,24.516754279890897,-0.7210246632334387,0.4812978217563828,0.03146976086326345,0.5722072160149314
group_4349,-17.677184498235302,24.516754279890897,-0.7210246632334387,0.4812978217563828,0.03146976086326345,0.5722072160149314
group_4347,-21.142326687647063,24.34469233830322,-0.868457337387762,0.3979838388881739,0.04501661254803911,0.5722072160149314
group_4328,-18.565758394705895,24.475670718264844,-0.7585393106653986,0.45915698880288014,0.03471303948157023,0.5722072160149314
group_4327,-18.565758394705895,24.475670718264844,-0.7585393106653986,0.45915698880288014,0.03471303948157023,0.5722072160149314
group_4326,-18.565758394705895,24.475670718264844,-0.7585393106653986,0.45915698880288014,0.03471303948157023,0.5722072160149314
group_4325,-18.565758394705895,24.475670718264844,-0.7585393106653986,0.45915698880288014,0.03471303948157023,0.5722072160149314
group_4324,-18.565758394705895,24.475670718264844,-0.7585393106653986,0.45915698880288014,0.03471303948157023,0.5722072160149314
group_4323,-18.565758394705895,24.475670718264844,-0.7585393106653986,0.45915698880288014,0.03471303948157023,0.5722072160149314
group_4322,-18.565758394705895,24.475670718264844,-0.7585393106653986,0.45915698880288014,0.03471303948157023,0.5722072160149314
group_4321,-18.565758394705895,24.475670718264844,-0.7585393106653986,0.45915698880288014,0.03471303948157023,0.5722072160149314
group_4320,-18.565758394705895,24.475670718264844,-0.7585393106653986,0.45915698880288014,0.03471303948157023,0.5722072160149314
group_4319,-18.565758394705895,24.475670718264844,-0.7585393106653986,0.45915698880288014,0.03471303948157023,0.5722072160149314
group_4318,-18.565758394705895,24.475670718264844,-0.7585393106653986,0.45915698880288014,0.03471303948157023,0.5722072160149314
group_4317,-18.565758394705895,24.475670718264844,-0.7585393106653986,0.45915698880288014,0.03471303948157023,0.5722072160149314
group_4315,-18.565758394705895,24.475670718264844,-0.7585393106653986,0.45915698880288014,0.03471303948157023,0.5722072160149314
group_4314,-18.565758394705895,24.475670718264844,-0.7585393106653986,0.45915698880288014,0.03471303948157023,0.5722072160149314
group_4312,-18.565758394705895,24.475670718264844,-0.7585393106653986,0.45915698880288014,0.03471303948157023,0.5722072160149314
group_4311,-18.565758394705895,24.475670718264844,-0.7585393106653986,0.45915698880288014,0.03471303948157023,0.5722072160149314
group_4310,-18.565758394705895,24.475670718264844,-0.7585393106653986,0.45915698880288014,0.03471303948157023,0.5722072160149314
group_4309,-18.565758394705895,24.475670718264844,-0.7585393106653986,0.45915698880288014,0.03471303948157023,0.5722072160149314
group_4308,-18.565758394705895,24.475670718264844,-0.7585393106653986,0.45915698880288014,0.03471303948157023,0.5722072160149314
group_4307,-18.565758394705895,24.475670718264844,-0.7585393106653986,0.45915698880288014,0.03471303948157023,0.5722072160149314
group_4306,-18.565758394705895,24.475670718264844,-0.7585393106653986,0.45915698880288014,0.03471303948157023,0.5722072160149314
group_4305,-18.565758394705895,24.475670718264844,-0.7585393106653986,0.45915698880288014,0.03471303948157023,0.5722072160149314
group_4304,-18.565758394705895,24.475670718264844,-0.7585393106653986,0.45915698880288014,0.03471303948157023,0.5722072160149314
group_4303,-18.565758394705895,24.475670718264844,-0.7585393106653986,0.45915698880288014,0.03471303948157023,0.5722072160149314
group_4302,-18.565758394705895,24.475670718264844,-0.7585393106653986,0.45915698880288014,0.03471303948157023,0.5722072160149314
group_4301,-18.565758394705895,24.475670718264844,-0.7585393106653986,0.45915698880288014,0.03471303948157023,0.5722072160149314
emrE,-18.565758394705895,24.475670718264844,-0.7585393106653986,0.45915698880288014,0.03471303948157023,0.5722072160149314
group_4300,-18.565758394705895,24.475670718264844,-0.7585393106653986,0.45915698880288014,0.03471303948157023,0.5722072160149314
group_4299,-18.565758394705895,24.475670718264844,-0.7585393106653986,0.45915698880288014,0.03471303948157023,0.5722072160149314
group_4296,-18.565758394705895,24.475670718264844,-0.7585393106653986,0.45915698880288014,0.03471303948157023,0.5722072160149314
group_4295,-18.565758394705895,24.475670718264844,-0.7585393106653986,0.45915698880288014,0.03471303948157023,0.5722072160149314
group_4294,-18.565758394705895,24.475670718264844,-0.7585393106653986,0.45915698880288014,0.03471303948157023,0.5722072160149314
yheS_1,-18.565758394705895,24.475670718264844,-0.7585393106653986,0.45915698880288014,0.03471303948157023,0.5722072160149314
group_4293,-18.565758394705895,24.475670718264844,-0.7585393106653986,0.45915698880288014,0.03471303948157023,0.5722072160149314
group_4292,-18.565758394705895,24.475670718264844,-0.7585393106653986,0.45915698880288014,0.03471303948157023,0.5722072160149314
group_4291,-18.565758394705895,24.475670718264844,-0.7585393106653986,0.45915698880288014,0.03471303948157023,0.5722072160149314
group_4290,-18.565758394705895,24.475670718264844,-0.7585393106653986,0.45915698880288014,0.03471303948157023,0.5722072160149314
group_4289,-18.565758394705895,24.475670718264844,-0.7585393106653986,0.45915698880288014,0.03471303948157023,0.5722072160149314
group_4288,-18.565758394705895,24.475670718264844,-0.7585393106653986,0.45915698880288014,0.03471303948157023,0.5722072160149314
group_4287,-18.565758394705895,24.475670718264844,-0.7585393106653986,0.45915698880288014,0.03471303948157023,0.5722072160149314
group_4286,-18.565758394705895,24.475670718264844,-0.7585393106653986,0.45915698880288014,0.03471303948157023,0.5722072160149314
group_4285,-18.565758394705895,24.475670718264844,-0.7585393106653986,0.45915698880288014,0.03471303948157023,0.5722072160149314
group_4284,-18.565758394705895,24.475670718264844,-0.7585393106653986,0.45915698880288014,0.03471303948157023,0.5722072160149314
group_4283,-18.565758394705895,24.475670718264844,-0.7585393106653986,0.45915698880288014,0.03471303948157023,0.5722072160149314
group_4282,-18.565758394705895,24.475670718264844,-0.7585393106653986,0.45915698880288014,0.03471303948157023,0.5722072160149314
group_4281,-18.565758394705895,24.475670718264844,-0.7585393106653986,0.45915698880288014,0.03471303948157023,0.5722072160149314
group_4280,-18.565758394705895,24.475670718264844,-0.7585393106653986,0.45915698880288014,0.03471303948157023,0.5722072160149314
group_4279,-18.565758394705895,24.475670718264844,-0.7585393106653986,0.45915698880288014,0.03471303948157023,0.5722072160149314
group_4278,-18.565758394705895,24.475670718264844,-0.7585393106653986,0.45915698880288014,0.03471303948157023,0.5722072160149314
group_4277,-18.565758394705895,24.475670718264844,-0.7585393106653986,0.45915698880288014,0.03471303948157023,0.5722072160149314
group_4276,-18.565758394705895,24.475670718264844,-0.7585393106653986,0.45915698880288014,0.03471303948157023,0.5722072160149314
group_4275,-18.565758394705895,24.475670718264844,-0.7585393106653986,0.45915698880288014,0.03471303948157023,0.5722072160149314
hxpA_2,-18.565758394705895,24.475670718264844,-0.7585393106653986,0.45915698880288014,0.03471303948157023,0.5722072160149314
acrE,-18.565758394705895,24.475670718264844,-0.7585393106653986,0.45915698880288014,0.03471303948157023,0.5722072160149314
group_4252,-18.565758394705895,24.475670718264844,-0.7585393106653986,0.45915698880288014,0.03471303948157023,0.5722072160149314
group_4245,-18.565758394705895,24.475670718264844,-0.7585393106653986,0.45915698880288014,0.03471303948157023,0.5722072160149314
group_3696,-18.565758394705895,24.475670718264844,-0.7585393106653986,0.45915698880288014,0.03471303948157023,0.5722072160149314
group_3669,-18.565758394705895,24.475670718264844,-0.7585393106653986,0.45915698880288014,0.03471303948157023,0.5722072160149314
group_3666,-18.565758394705895,24.475670718264844,-0.7585393106653986,0.45915698880288014,0.03471303948157023,0.5722072160149314
intA_3,-18.565758394705895,24.475670718264844,-0.7585393106653986,0.45915698880288014,0.03471303948157023,0.5722072160149314
group_3616,-18.565758394705895,24.475670718264844,-0.7585393106653986,0.45915698880288014,0.03471303948157023,0.5722072160149314
group_3591,-18.565758394705895,24.475670718264844,-0.7585393106653986,0.45915698880288014,0.03471303948157023,0.5722072160149314
group_3571,-18.565758394705895,24.475670718264844,-0.7585393106653986,0.45915698880288014,0.03471303948157023,0.5722072160149314
group_3570,-17.677184498235302,24.516754279890897,-0.7210246632334387,0.4812978217563828,0.03146976086326345,0.5722072160149314
group_3556,-17.677184498235302,24.516754279890897,-0.7210246632334387,0.4812978217563828,0.03146976086326345,0.5722072160149314
group_3539,-18.565758394705895,24.475670718264844,-0.7585393106653986,0.45915698880288014,0.03471303948157023,0.5722072160149314
group_3510,-18.565758394705895,24.475670718264844,-0.7585393106653986,0.45915698880288014,0.03471303948157023,0.5722072160149314
group_3507,-18.565758394705895,24.475670718264844,-0.7585393106653986,0.45915698880288014,0.03471303948157023,0.5722072160149314
group_3504,-18.565758394705895,24.475670718264844,-0.7585393106653986,0.45915698880288014,0.03471303948157023,0.5722072160149314
group_3500,-18.565758394705895,24.475670718264844,-0.7585393106653986,0.45915698880288014,0.03471303948157023,0.5722072160149314
group_3471,-17.677184498235302,24.516754279890897,-0.7210246632334387,0.4812978217563828,0.03146976086326345,0.5722072160149314
group_3468,-18.565758394705895,24.475670718264844,-0.7585393106653986,0.45915698880288014,0.03471303948157023,0.5722072160149314
group_3458,-18.565758394705895,24.475670718264844,-0.7585393106653986,0.45915698880288014,0.03471303948157023,0.5722072160149314
group_3453,-17.677184498235302,24.516754279890897,-0.7210246632334387,0.4812978217563828,0.03146976086326345,0.5722072160149314
group_3443,-18.565758394705895,24.475670718264844,-0.7585393106653986,0.45915698880288014,0.03471303948157023,0.5722072160149314
group_2888,-17.677184498235302,24.516754279890897,-0.7210246632334387,0.4812978217563828,0.03146976086326345,0.5722072160149314
group_2887,-18.565758394705895,24.475670718264844,-0.7585393106653986,0.45915698880288014,0.03471303948157023,0.5722072160149314
group_2876,-17.677184498235302,24.516754279890897,-0.7210246632334387,0.4812978217563828,0.03146976086326345,0.5722072160149314
group_2871,-18.565758394705895,24.475670718264844,-0.7585393106653986,0.45915698880288014,0.03471303948157023,0.5722072160149314
group_2865,-18.565758394705895,24.475670718264844,-0.7585393106653986,0.45915698880288014,0.03471303948157023,0.5722072160149314
group_2861,-17.677184498235302,24.516754279890897,-0.7210246632334387,0.4812978217563828,0.03146976086326345,0.5722072160149314
group_2838,-17.677184498235302,24.516754279890897,-0.7210246632334387,0.4812978217563828,0.03146976086326345,0.5722072160149314
group_2835,-18.565758394705895,24.475670718264844,-0.7585393106653986,0.45915698880288014,0.03471303948157023,0.5722072160149314
group_2832,-17.677184498235302,24.516754279890897,-0.7210246632334387,0.4812978217563828,0.03146976086326345,0.5722072160149314
group_2827,-17.677184498235302,24.516754279890897,-0.7210246632334387,0.4812978217563828,0.03146976086326345,0.5722072160149314
group_2819,-17.677184498235302,24.516754279890897,-0.7210246632334387,0.4812978217563828,0.03146976086326345,0.5722072160149314
group_2817,-18.565758394705895,24.475670718264844,-0.7585393106653986,0.45915698880288014,0.03471303948157023,0.5722072160149314
group_2816,-18.565758394705895,24.475670718264844,-0.7585393106653986,0.45915698880288014,0.03471303948157023,0.5722072160149314
group_2810,-18.565758394705895,24.475670718264844,-0.7585393106653986,0.45915698880288014,0.03471303948157023,0.5722072160149314
group_2798,-17.677184498235302,24.516754279890897,-0.7210246632334387,0.4812978217563828,0.03146976086326345,0.5722072160149314
group_2793,-17.677184498235302,24.516754279890897,-0.7210246632334387,0.4812978217563828,0.03146976086326345,0.5722072160149314
group_2786,-17.677184498235302,24.516754279890897,-0.7210246632334387,0.4812978217563828,0.03146976086326345,0.5722072160149314
group_2777,-17.677184498235302,24.516754279890897,-0.7210246632334387,0.4812978217563828,0.03146976086326345,0.5722072160149314
group_2776,-17.677184498235302,24.516754279890897,-0.7210246632334387,0.4812978217563828,0.03146976086326345,0.5722072160149314
group_2775,-18.565758394705895,24.475670718264844,-0.7585393106653986,0.45915698880288014,0.03471303948157023,0.5722072160149314
group_2768,-17.677184498235302,24.516754279890897,-0.7210246632334387,0.4812978217563828,0.03146976086326345,0.5722072160149314
group_2759,-17.677184498235302,24.516754279890897,-0.7210246632334387,0.4812978217563828,0.03146976086326345,0.5722072160149314
group_2749,-17.677184498235302,24.516754279890897,-0.7210246632334387,0.4812978217563828,0.03146976086326345,0.5722072160149314
group_2748,-17.677184498235302,24.516754279890897,-0.7210246632334387,0.4812978217563828,0.03146976086326345,0.5722072160149314
group_2736,-17.677184498235302,24.516754279890897,-0.7210246632334387,0.4812978217563828,0.03146976086326345,0.5722072160149314
group_2728,-18.565758394705895,24.475670718264844,-0.7585393106653986,0.45915698880288014,0.03471303948157023,0.5722072160149314
group_2719,-17.677184498235302,24.516754279890897,-0.7210246632334387,0.4812978217563828,0.03146976086326345,0.5722072160149314
group_2714,-17.677184498235302,24.516754279890897,-0.7210246632334387,0.4812978217563828,0.03146976086326345,0.5722072160149314
group_2713,-17.677184498235302,24.516754279890897,-0.7210246632334387,0.4812978217563828,0.03146976086326345,0.5722072160149314
group_2712,-17.677184498235302,24.516754279890897,-0.7210246632334387,0.4812978217563828,0.03146976086326345,0.5722072160149314
group_2699,-17.677184498235302,24.516754279890897,-0.7210246632334387,0.4812978217563828,0.03146976086326345,0.5722072160149314
group_2694,-17.677184498235302,24.516754279890897,-0.7210246632334387,0.4812978217563828,0.03146976086326345,0.5722072160149314
group_2690,-17.677184498235302,24.516754279890897,-0.7210246632334387,0.4812978217563828,0.03146976086326345,0.5722072160149314
group_2678,-17.677184498235302,24.516754279890897,-0.7210246632334387,0.4812978217563828,0.03146976086326345,0.5722072160149314
group_2659,-17.677184498235302,24.516754279890897,-0.7210246632334387,0.4812978217563828,0.03146976086326345,0.5722072160149314
group_2658,-17.677184498235302,24.516754279890897,-0.7210246632334387,0.4812978217563828,0.03146976086326345,0.5722072160149314
group_2657,-17.677184498235302,24.516754279890897,-0.7210246632334387,0.4812978217563828,0.03146976086326345,0.5722072160149314
group_2656,-18.565758394705895,24.475670718264844,-0.7585393106653986,0.45915698880288014,0.03471303948157023,0.5722072160149314
group_2644,-17.677184498235302,24.516754279890897,-0.7210246632334387,0.4812978217563828,0.03146976086326345,0.5722072160149314
group_2643,-17.677184498235302,24.516754279890897,-0.7210246632334387,0.4812978217563828,0.03146976086326345,0.5722072160149314
group_2634,-17.677184498235302,24.516754279890897,-0.7210246632334387,0.4812978217563828,0.03146976086326345,0.5722072160149314
group_2633,-17.677184498235302,24.516754279890897,-0.7210246632334387,0.4812978217563828,0.03146976086326345,0.5722072160149314
group_2620,-17.677184498235302,24.516754279890897,-0.7210246632334387,0.4812978217563828,0.03146976086326345,0.5722072160149314
group_2603,-17.677184498235302,24.516754279890897,-0.7210246632334387,0.4812978217563828,0.03146976086326345,0.5722072160149314
group_2602,-17.677184498235302,24.516754279890897,-0.7210246632334387,0.4812978217563828,0.03146976086326345,0.5722072160149314
group_2597,-18.565758394705895,24.475670718264844,-0.7585393106653986,0.45915698880288014,0.03471303948157023,0.5722072160149314
group_2596,-18.565758394705895,24.475670718264844,-0.7585393106653986,0.45915698880288014,0.03471303948157023,0.5722072160149314
group_2585,-17.677184498235302,24.516754279890897,-0.7210246632334387,0.4812978217563828,0.03146976086326345,0.5722072160149314
group_2584,-17.677184498235302,24.516754279890897,-0.7210246632334387,0.4812978217563828,0.03146976086326345,0.5722072160149314
group_2583,-17.677184498235302,24.516754279890897,-0.7210246632334387,0.4812978217563828,0.03146976086326345,0.5722072160149314
group_2582,-17.677184498235302,24.516754279890897,-0.7210246632334387,0.4812978217563828,0.03146976086326345,0.5722072160149314
group_2558,-18.565758394705895,24.475670718264844,-0.7585393106653986,0.45915698880288014,0.03471303948157023,0.5722072160149314
group_2557,-18.565758394705895,24.475670718264844,-0.7585393106653986,0.45915698880288014,0.03471303948157023,0.5722072160149314
group_2548,-17.677184498235302,24.516754279890897,-0.7210246632334387,0.4812978217563828,0.03146976086326345,0.5722072160149314
group_2547,-17.677184498235302,24.516754279890897,-0.7210246632334387,0.4812978217563828,0.03146976086326345,0.5722072160149314
group_2543,-17.677184498235302,24.516754279890897,-0.7210246632334387,0.4812978217563828,0.03146976086326345,0.5722072160149314
group_2537,-17.677184498235302,24.516754279890897,-0.7210246632334387,0.4812978217563828,0.03146976086326345,0.5722072160149314
group_2536,-17.677184498235302,24.516754279890897,-0.7210246632334387,0.4812978217563828,0.03146976086326345,0.5722072160149314
group_2532,-18.565758394705895,24.475670718264844,-0.7585393106653986,0.45915698880288014,0.03471303948157023,0.5722072160149314
group_2519,-17.677184498235302,24.516754279890897,-0.7210246632334387,0.4812978217563828,0.03146976086326345,0.5722072160149314
group_2494,-17.677184498235302,24.516754279890897,-0.7210246632334387,0.4812978217563828,0.03146976086326345,0.5722072160149314
group_2493,-17.677184498235302,24.516754279890897,-0.7210246632334387,0.4812978217563828,0.03146976086326345,0.5722072160149314
group_2490,-18.565758394705895,24.475670718264844,-0.7585393106653986,0.45915698880288014,0.03471303948157023,0.5722072160149314
group_2476,-17.677184498235302,24.516754279890897,-0.7210246632334387,0.4812978217563828,0.03146976086326345,0.5722072160149314
group_2438,-17.677184498235302,24.516754279890897,-0.7210246632334387,0.4812978217563828,0.03146976086326345,0.5722072160149314
group_2436,-18.565758394705895,24.475670718264844,-0.7585393106653986,0.45915698880288014,0.03471303948157023,0.5722072160149314
group_2425,-17.677184498235302,24.516754279890897,-0.7210246632334387,0.4812978217563828,0.03146976086326345,0.5722072160149314
group_2395,-18.565758394705895,24.475670718264844,-0.7585393106653986,0.45915698880288014,0.03471303948157023,0.5722072160149314
group_2386,-17.677184498235302,24.516754279890897,-0.7210246632334387,0.4812978217563828,0.03146976086326345,0.5722072160149314
group_2383,-18.565758394705895,24.475670718264844,-0.7585393106653986,0.45915698880288014,0.03471303948157023,0.5722072160149314
group_2376,-17.677184498235302,24.516754279890897,-0.7210246632334387,0.4812978217563828,0.03146976086326345,0.5722072160149314
group_2375,-18.565758394705895,24.475670718264844,-0.7585393106653986,0.45915698880288014,0.03471303948157023,0.5722072160149314
group_2374,-18.565758394705895,24.475670718264844,-0.7585393106653986,0.45915698880288014,0.03471303948157023,0.5722072160149314
group_2364,-17.677184498235302,24.516754279890897,-0.7210246632334387,0.4812978217563828,0.03146976086326345,0.5722072160149314
group_2363,-17.677184498235302,24.516754279890897,-0.7210246632334387,0.4812978217563828,0.03146976086326345,0.5722072160149314
group_2355,-17.677184498235302,24.516754279890897,-0.7210246632334387,0.4812978217563828,0.03146976086326345,0.5722072160149314
group_2353,-18.565758394705895,24.475670718264844,-0.7585393106653986,0.45915698880288014,0.03471303948157023,0.5722072160149314
group_2344,-18.565758394705895,24.475670718264844,-0.7585393106653986,0.45915698880288014,0.03471303948157023,0.5722072160149314
group_2327,-18.565758394705895,24.475670718264844,-0.7585393106653986,0.45915698880288014,0.03471303948157023,0.5722072160149314
group_2302,-17.677184498235302,24.516754279890897,-0.7210246632334387,0.4812978217563828,0.03146976086326345,0.5722072160149314
group_2301,-17.677184498235302,24.516754279890897,-0.7210246632334387,0.4812978217563828,0.03146976086326345,0.5722072160149314
group_2300,-17.677184498235302,24.516754279890897,-0.7210246632334387,0.4812978217563828,0.03146976086326345,0.5722072160149314
group_2299,-17.677184498235302,24.516754279890897,-0.7210246632334387,0.4812978217563828,0.03146976086326345,0.5722072160149314
group_2297,-18.565758394705895,24.475670718264844,-0.7585393106653986,0.45915698880288014,0.03471303948157023,0.5722072160149314
group_2244,-18.565758394705895,24.475670718264844,-0.7585393106653986,0.45915698880288014,0.03471303948157023,0.5722072160149314
group_2233,-17.677184498235302,24.516754279890897,-0.7210246632334387,0.4812978217563828,0.03146976086326345,0.5722072160149314
group_2232,-17.677184498235302,24.516754279890897,-0.7210246632334387,0.4812978217563828,0.03146976086326345,0.5722072160149314
group_2219,-17.677184498235302,24.516754279890897,-0.7210246632334387,0.4812978217563828,0.03146976086326345,0.5722072160149314
group_2204,-17.677184498235302,24.516754279890897,-0.7210246632334387,0.4812978217563828,0.03146976086326345,0.5722072160149314
group_2202,-18.565758394705895,24.475670718264844,-0.7585393106653986,0.45915698880288014,0.03471303948157023,0.5722072160149314
group_2184,-17.677184498235302,24.516754279890897,-0.7210246632334387,0.4812978217563828,0.03146976086326345,0.5722072160149314
group_2183,-17.677184498235302,24.516754279890897,-0.7210246632334387,0.4812978217563828,0.03146976086326345,0.5722072160149314
group_2182,-18.565758394705895,24.475670718264844,-0.7585393106653986,0.45915698880288014,0.03471303948157023,0.5722072160149314
group_2161,-17.677184498235302,24.516754279890897,-0.7210246632334387,0.4812978217563828,0.03146976086326345,0.5722072160149314
group_2152,-17.677184498235302,24.516754279890897,-0.7210246632334387,0.4812978217563828,0.03146976086326345,0.5722072160149314
group_2144,-17.677184498235302,24.516754279890897,-0.7210246632334387,0.4812978217563828,0.03146976086326345,0.5722072160149314
group_2132,-17.677184498235302,24.516754279890897,-0.7210246632334387,0.4812978217563828,0.03146976086326345,0.5722072160149314
group_2126,-17.677184498235302,24.516754279890897,-0.7210246632334387,0.4812978217563828,0.03146976086326345,0.5722072160149314
group_2111,-17.677184498235302,24.516754279890897,-0.7210246632334387,0.4812978217563828,0.03146976086326345,0.5722072160149314
group_2110,-17.677184498235302,24.516754279890897,-0.7210246632334387,0.4812978217563828,0.03146976086326345,0.5722072160149314
group_2090,-17.677184498235302,24.516754279890897,-0.7210246632334387,0.4812978217563828,0.03146976086326345,0.5722072160149314
group_2089,-17.677184498235302,24.516754279890897,-0.7210246632334387,0.4812978217563828,0.03146976086326345,0.5722072160149314
group_2087,-18.565758394705895,24.475670718264844,-0.7585393106653986,0.45915698880288014,0.03471303948157023,0.5722072160149314
group_2086,-18.565758394705895,24.475670718264844,-0.7585393106653986,0.45915698880288014,0.03471303948157023,0.5722072160149314
yfdG,-18.565758394705895,24.475670718264844,-0.7585393106653986,0.45915698880288014,0.03471303948157023,0.5722072160149314
group_2068,-17.677184498235302,24.516754279890897,-0.7210246632334387,0.4812978217563828,0.03146976086326345,0.5722072160149314
group_2067,-17.677184498235302,24.516754279890897,-0.7210246632334387,0.4812978217563828,0.03146976086326345,0.5722072160149314
group_2066,-17.677184498235302,24.516754279890897,-0.7210246632334387,0.4812978217563828,0.03146976086326345,0.5722072160149314
group_2053,-17.677184498235302,24.516754279890897,-0.7210246632334387,0.4812978217563828,0.03146976086326345,0.5722072160149314
group_2030,-17.677184498235302,24.516754279890897,-0.7210246632334387,0.4812978217563828,0.03146976086326345,0.5722072160149314
group_2029,-17.677184498235302,24.516754279890897,-0.7210246632334387,0.4812978217563828,0.03146976086326345,0.5722072160149314
group_2025,-17.677184498235302,24.516754279890897,-0.7210246632334387,0.4812978217563828,0.03146976086326345,0.5722072160149314
group_2019,-17.677184498235302,24.516754279890897,-0.7210246632334387,0.4812978217563828,0.03146976086326345,0.5722072160149314
group_1967,-17.677184498235302,24.516754279890897,-0.7210246632334387,0.4812978217563828,0.03146976086326345,0.5722072160149314
group_1962,-17.677184498235302,24.516754279890897,-0.7210246632334387,0.4812978217563828,0.03146976086326345,0.5722072160149314
group_1951,-17.677184498235302,24.516754279890897,-0.7210246632334387,0.4812978217563828,0.03146976086326345,0.5722072160149314
group_1940,-17.677184498235302,24.516754279890897,-0.7210246632334387,0.4812978217563828,0.03146976086326345,0.5722072160149314
group_1930,-18.565758394705895,24.475670718264844,-0.7585393106653986,0.45915698880288014,0.03471303948157023,0.5722072160149314
group_1908,-17.677184498235302,24.516754279890897,-0.7210246632334387,0.4812978217563828,0.03146976086326345,0.5722072160149314
group_1907,-17.677184498235302,24.516754279890897,-0.7210246632334387,0.4812978217563828,0.03146976086326345,0.5722072160149314
group_1897,-17.677184498235302,24.516754279890897,-0.7210246632334387,0.4812978217563828,0.03146976086326345,0.5722072160149314
group_1896,-17.677184498235302,24.516754279890897,-0.7210246632334387,0.4812978217563828,0.03146976086326345,0.5722072160149314
group_1887,-18.565758394705895,24.475670718264844,-0.7585393106653986,0.45915698880288014,0.03471303948157023,0.5722072160149314
group_1873,-17.677184498235302,24.516754279890897,-0.7210246632334387,0.4812978217563828,0.03146976086326345,0.5722072160149314
group_1867,-17.677184498235302,24.516754279890897,-0.7210246632334387,0.4812978217563828,0.03146976086326345,0.5722072160149314
group_1857,-17.677184498235302,24.516754279890897,-0.7210246632334387,0.4812978217563828,0.03146976086326345,0.5722072160149314
group_1848,-17.677184498235302,24.516754279890897,-0.7210246632334387,0.4812978217563828,0.03146976086326345,0.5722072160149314
group_1825,-17.677184498235302,24.516754279890897,-0.7210246632334387,0.4812978217563828,0.03146976086326345,0.5722072160149314
group_1824,-18.565758394705895,24.475670718264844,-0.7585393106653986,0.45915698880288014,0.03471303948157023,0.5722072160149314
group_1823,-18.565758394705895,24.475670718264844,-0.7585393106653986,0.45915698880288014,0.03471303948157023,0.5722072160149314
group_1817,-17.677184498235302,24.516754279890897,-0.7210246632334387,0.4812978217563828,0.03146976086326345,0.5722072160149314
group_1800,-17.677184498235302,24.516754279890897,-0.7210246632334387,0.4812978217563828,0.03146976086326345,0.5722072160149314
group_1799,-17.677184498235302,24.516754279890897,-0.7210246632334387,0.4812978217563828,0.03146976086326345,0.5722072160149314
group_1785,-17.677184498235302,24.516754279890897,-0.7210246632334387,0.4812978217563828,0.03146976086326345,0.5722072160149314
group_1784,-17.677184498235302,24.516754279890897,-0.7210246632334387,0.4812978217563828,0.03146976086326345,0.5722072160149314
group_1775,-18.565758394705895,24.475670718264844,-0.7585393106653986,0.45915698880288014,0.03471303948157023,0.5722072160149314
group_1754,-17.677184498235302,24.516754279890897,-0.7210246632334387,0.4812978217563828,0.03146976086326345,0.5722072160149314
group_1753,-17.677184498235302,24.516754279890897,-0.7210246632334387,0.4812978217563828,0.03146976086326345,0.5722072160149314
group_1752,-17.677184498235302,24.516754279890897,-0.7210246632334387,0.4812978217563828,0.03146976086326345,0.5722072160149314
group_1732,-17.677184498235302,24.516754279890897,-0.7210246632334387,0.4812978217563828,0.03146976086326345,0.5722072160149314
group_1723,-17.677184498235302,24.516754279890897,-0.7210246632334387,0.4812978217563828,0.03146976086326345,0.5722072160149314
group_1702,-17.677184498235302,24.516754279890897,-0.7210246632334387,0.4812978217563828,0.03146976086326345,0.5722072160149314
group_1694,-17.677184498235302,24.516754279890897,-0.7210246632334387,0.4812978217563828,0.03146976086326345,0.5722072160149314
group_1683,-17.677184498235302,24.516754279890897,-0.7210246632334387,0.4812978217563828,0.03146976086326345,0.5722072160149314
group_1673,-17.677184498235302,24.516754279890897,-0.7210246632334387,0.4812978217563828,0.03146976086326345,0.5722072160149314
group_1664,-17.677184498235302,24.516754279890897,-0.7210246632334387,0.4812978217563828,0.03146976086326345,0.5722072160149314
group_1657,-17.677184498235302,24.516754279890897,-0.7210246632334387,0.4812978217563828,0.03146976086326345,0.5722072160149314
group_1650,-17.677184498235302,24.516754279890897,-0.7210246632334387,0.4812978217563828,0.03146976086326345,0.5722072160149314
group_1649,-17.677184498235302,24.516754279890897,-0.7210246632334387,0.4812978217563828,0.03146976086326345,0.5722072160149314
group_1622,-17.677184498235302,24.516754279890897,-0.7210246632334387,0.4812978217563828,0.03146976086326345,0.5722072160149314
group_1620,-18.565758394705895,24.475670718264844,-0.7585393106653986,0.45915698880288014,0.03471303948157023,0.5722072160149314
group_1614,-17.677184498235302,24.516754279890897,-0.7210246632334387,0.4812978217563828,0.03146976086326345,0.5722072160149314
group_1570,-17.677184498235302,24.516754279890897,-0.7210246632334387,0.4812978217563828,0.03146976086326345,0.5722072160149314
group_1556,-17.677184498235302,24.516754279890897,-0.7210246632334387,0.4812978217563828,0.03146976086326345,0.5722072160149314
group_1551,-17.677184498235302,24.516754279890897,-0.7210246632334387,0.4812978217563828,0.03146976086326345,0.5722072160149314
group_1539,-17.677184498235302,24.516754279890897,-0.7210246632334387,0.4812978217563828,0.03146976086326345,0.5722072160149314
group_1532,-17.677184498235302,24.516754279890897,-0.7210246632334387,0.4812978217563828,0.03146976086326345,0.5722072160149314
group_1524,-17.677184498235302,24.516754279890897,-0.7210246632334387,0.4812978217563828,0.03146976086326345,0.5722072160149314
group_1503,-17.677184498235302,24.516754279890897,-0.7210246632334387,0.4812978217563828,0.03146976086326345,0.5722072160149314
group_1502,-17.677184498235302,24.516754279890897,-0.7210246632334387,0.4812978217563828,0.03146976086326345,0.5722072160149314
group_1495,-17.677184498235302,24.516754279890897,-0.7210246632334387,0.4812978217563828,0.03146976086326345,0.5722072160149314
hifA,-17.677184498235302,24.516754279890897,-0.7210246632334387,0.4812978217563828,0.03146976086326345,0.5722072160149314
group_1483,-17.677184498235302,24.516754279890897,-0.7210246632334387,0.4812978217563828,0.03146976086326345,0.5722072160149314
group_1475,-17.677184498235302,24.516754279890897,-0.7210246632334387,0.4812978217563828,0.03146976086326345,0.5722072160149314
group_1474,-17.677184498235302,24.516754279890897,-0.7210246632334387,0.4812978217563828,0.03146976086326345,0.5722072160149314
group_1469,-17.677184498235302,24.516754279890897,-0.7210246632334387,0.4812978217563828,0.03146976086326345,0.5722072160149314
group_1468,-17.677184498235302,24.516754279890897,-0.7210246632334387,0.4812978217563828,0.03146976086326345,0.5722072160149314
group_1467,-17.677184498235302,24.516754279890897,-0.7210246632334387,0.4812978217563828,0.03146976086326345,0.5722072160149314
group_1466,-17.677184498235302,24.516754279890897,-0.7210246632334387,0.4812978217563828,0.03146976086326345,0.5722072160149314
group_1465,-17.677184498235302,24.516754279890897,-0.7210246632334387,0.4812978217563828,0.03146976086326345,0.5722072160149314
group_1454,-17.677184498235302,24.516754279890897,-0.7210246632334387,0.4812978217563828,0.03146976086326345,0.5722072160149314
group_1449,-17.677184498235302,24.516754279890897,-0.7210246632334387,0.4812978217563828,0.03146976086326345,0.5722072160149314
group_1445,-17.677184498235302,24.516754279890897,-0.7210246632334387,0.4812978217563828,0.03146976086326345,0.5722072160149314
group_1436,-17.677184498235302,24.516754279890897,-0.7210246632334387,0.4812978217563828,0.03146976086326345,0.5722072160149314
group_1407,-17.677184498235302,24.516754279890897,-0.7210246632334387,0.4812978217563828,0.03146976086326345,0.5722072160149314
bvgA_3,-17.677184498235302,24.516754279890897,-0.7210246632334387,0.4812978217563828,0.03146976086326345,0.5722072160149314
bvgA_1,-17.677184498235302,24.516754279890897,-0.7210246632334387,0.4812978217563828,0.03146976086326345,0.5722072160149314
group_1392,-17.677184498235302,24.516754279890897,-0.7210246632334387,0.4812978217563828,0.03146976086326345,0.5722072160149314
group_1373,-17.677184498235302,24.516754279890897,-0.7210246632334387,0.4812978217563828,0.03146976086326345,0.5722072160149314
group_1372,-18.565758394705895,24.475670718264844,-0.7585393106653986,0.45915698880288014,0.03471303948157023,0.5722072160149314
group_1366,-17.677184498235302,24.516754279890897,-0.7210246632334387,0.4812978217563828,0.03146976086326345,0.5722072160149314
group_1361,-17.677184498235302,24.516754279890897,-0.7210246632334387,0.4812978217563828,0.03146976086326345,0.5722072160149314
group_1344,-17.677184498235302,24.516754279890897,-0.7210246632334387,0.4812978217563828,0.03146976086326345,0.5722072160149314
group_1329,-17.677184498235302,24.516754279890897,-0.7210246632334387,0.4812978217563828,0.03146976086326345,0.5722072160149314
group_1313,-17.677184498235302,24.516754279890897,-0.7210246632334387,0.4812978217563828,0.03146976086326345,0.5722072160149314
group_1311,-17.677184498235302,24.516754279890897,-0.7210246632334387,0.4812978217563828,0.03146976086326345,0.5722072160149314
uhpA,-17.677184498235302,24.516754279890897,-0.7210246632334387,0.4812978217563828,0.03146976086326345,0.5722072160149314
group_1272,-17.677184498235302,24.516754279890897,-0.7210246632334387,0.4812978217563828,0.03146976086326345,0.5722072160149314
group_1266,-17.677184498235302,24.516754279890897,-0.7210246632334387,0.4812978217563828,0.03146976086326345,0.5722072160149314
rcsB_3,-17.677184498235302,24.516754279890897,-0.7210246632334387,0.4812978217563828,0.03146976086326345,0.5722072160149314
group_1241,-17.677184498235302,24.516754279890897,-0.7210246632334387,0.4812978217563828,0.03146976086326345,0.5722072160149314
faeE,-17.677184498235302,24.516754279890897,-0.7210246632334387,0.4812978217563828,0.03146976086326345,0.5722072160149314
nucS,-17.677184498235302,24.516754279890897,-0.7210246632334387,0.4812978217563828,0.03146976086326345,0.5722072160149314
group_1218,-18.565758394705895,24.475670718264844,-0.7585393106653986,0.45915698880288014,0.03471303948157023,0.5722072160149314
sdiA,-17.677184498235302,24.516754279890897,-0.7210246632334387,0.4812978217563828,0.03146976086326345,0.5722072160149314
group_1189,-17.677184498235302,24.516754279890897,-0.7210246632334387,0.4812978217563828,0.03146976086326345,0.5722072160149314
group_1188,-17.677184498235302,24.516754279890897,-0.7210246632334387,0.4812978217563828,0.03146976086326345,0.5722072160149314
group_1165,-17.677184498235302,24.516754279890897,-0.7210246632334387,0.4812978217563828,0.03146976086326345,0.5722072160149314
group_1152,-17.677184498235302,24.516754279890897,-0.7210246632334387,0.4812978217563828,0.03146976086326345,0.5722072160149314
group_1151,-17.677184498235302,24.516754279890897,-0.7210246632334387,0.4812978217563828,0.03146976086326345,0.5722072160149314
bdcA_1,-17.677184498235302,24.516754279890897,-0.7210246632334387,0.4812978217563828,0.03146976086326345,0.5722072160149314
group_1129,-17.677184498235302,24.516754279890897,-0.7210246632334387,0.4812978217563828,0.03146976086326345,0.5722072160149314
group_1118,-17.677184498235302,24.516754279890897,-0.7210246632334387,0.4812978217563828,0.03146976086326345,0.5722072160149314
yadV_4,-17.677184498235302,24.516754279890897,-0.7210246632334387,0.4812978217563828,0.03146976086326345,0.5722072160149314
group_1101,-17.677184498235302,24.516754279890897,-0.7210246632334387,0.4812978217563828,0.03146976086326345,0.5722072160149314
group_1098,-17.677184498235302,24.516754279890897,-0.7210246632334387,0.4812978217563828,0.03146976086326345,0.5722072160149314
group_1097,-17.677184498235302,24.516754279890897,-0.7210246632334387,0.4812978217563828,0.03146976086326345,0.5722072160149314
group_1090,-18.565758394705895,24.475670718264844,-0.7585393106653986,0.45915698880288014,0.03471303948157023,0.5722072160149314
group_1075,-17.677184498235302,24.516754279890897,-0.7210246632334387,0.4812978217563828,0.03146976086326345,0.5722072160149314
group_1067,-17.677184498235302,24.516754279890897,-0.7210246632334387,0.4812978217563828,0.03146976086326345,0.5722072160149314
kpsM,-17.677184498235302,24.516754279890897,-0.7210246632334387,0.4812978217563828,0.03146976086326345,0.5722072160149314
yadV_3,-17.677184498235302,24.516754279890897,-0.7210246632334387,0.4812978217563828,0.03146976086326345,0.5722072160149314
group_1060,-18.565758394705895,24.475670718264844,-0.7585393106653986,0.45915698880288014,0.03471303948157023,0.5722072160149314
group_1056,-17.677184498235302,24.516754279890897,-0.7210246632334387,0.4812978217563828,0.03146976086326345,0.5722072160149314
group_1055,-17.677184498235302,24.516754279890897,-0.7210246632334387,0.4812978217563828,0.03146976086326345,0.5722072160149314
group_1054,-17.677184498235302,24.516754279890897,-0.7210246632334387,0.4812978217563828,0.03146976086326345,0.5722072160149314
group_1044,-18.565758394705895,24.475670718264844,-0.7585393106653986,0.45915698880288014,0.03471303948157023,0.5722072160149314
group_1028,-17.677184498235302,24.516754279890897,-0.7210246632334387,0.4812978217563828,0.03146976086326345,0.5722072160149314
group_1027,-18.565758394705895,24.475670718264844,-0.7585393106653986,0.45915698880288014,0.03471303948157023,0.5722072160149314
group_1013,-17.677184498235302,24.516754279890897,-0.7210246632334387,0.4812978217563828,0.03146976086326345,0.5722072160149314
group_1006,-17.677184498235302,24.516754279890897,-0.7210246632334387,0.4812978217563828,0.03146976086326345,0.5722072160149314
group_997,-17.677184498235302,24.516754279890897,-0.7210246632334387,0.4812978217563828,0.03146976086326345,0.5722072160149314
group_981,-18.565758394705895,24.475670718264844,-0.7585393106653986,0.45915698880288014,0.03471303948157023,0.5722072160149314
group_970,-17.677184498235302,24.516754279890897,-0.7210246632334387,0.4812978217563828,0.03146976086326345,0.5722072160149314
group_961,-17.677184498235302,24.516754279890897,-0.7210246632334387,0.4812978217563828,0.03146976086326345,0.5722072160149314
group_960,-17.677184498235302,24.516754279890897,-0.7210246632334387,0.4812978217563828,0.03146976086326345,0.5722072160149314
group_927,-17.677184498235302,24.516754279890897,-0.7210246632334387,0.4812978217563828,0.03146976086326345,0.5722072160149314
group_917,-17.677184498235302,24.516754279890897,-0.7210246632334387,0.4812978217563828,0.03146976086326345,0.5722072160149314
group_916,-18.565758394705895,24.475670718264844,-0.7585393106653986,0.45915698880288014,0.03471303948157023,0.5722072160149314
group_911,-18.565758394705895,24.475670718264844,-0.7585393106653986,0.45915698880288014,0.03471303948157023,0.5722072160149314
group_890,-17.677184498235302,24.516754279890897,-0.7210246632334387,0.4812978217563828,0.03146976086326345,0.5722072160149314
group_884,-17.677184498235302,24.516754279890897,-0.7210246632334387,0.4812978217563828,0.03146976086326345,0.5722072160149314
ompA_1,-17.677184498235302,24.516754279890897,-0.7210246632334387,0.4812978217563828,0.03146976086326345,0.5722072160149314
group_866,-17.677184498235302,24.516754279890897,-0.7210246632334387,0.4812978217563828,0.03146976086326345,0.5722072160149314
group_862,-18.565758394705895,24.475670718264844,-0.7585393106653986,0.45915698880288014,0.03471303948157023,0.5722072160149314
group_851,-17.677184498235302,24.516754279890897,-0.7210246632334387,0.4812978217563828,0.03146976086326345,0.5722072160149314
group_847,-17.677184498235302,24.516754279890897,-0.7210246632334387,0.4812978217563828,0.03146976086326345,0.5722072160149314
group_837,-17.677184498235302,24.516754279890897,-0.7210246632334387,0.4812978217563828,0.03146976086326345,0.5722072160149314
group_836,-17.677184498235302,24.516754279890897,-0.7210246632334387,0.4812978217563828,0.03146976086326345,0.5722072160149314
group_829,-17.677184498235302,24.516754279890897,-0.7210246632334387,0.4812978217563828,0.03146976086326345,0.5722072160149314
dmlR_3,-17.677184498235302,24.516754279890897,-0.7210246632334387,0.4812978217563828,0.03146976086326345,0.5722072160149314
group_825,-18.565758394705895,24.475670718264844,-0.7585393106653986,0.45915698880288014,0.03471303948157023,0.5722072160149314
group_808,-17.677184498235302,24.516754279890897,-0.7210246632334387,0.4812978217563828,0.03146976086326345,0.5722072160149314
group_807,-17.677184498235302,24.516754279890897,-0.7210246632334387,0.4812978217563828,0.03146976086326345,0.5722072160149314
rmd,-17.677184498235302,24.516754279890897,-0.7210246632334387,0.4812978217563828,0.03146976086326345,0.5722072160149314
group_791,-17.677184498235302,24.516754279890897,-0.7210246632334387,0.4812978217563828,0.03146976086326345,0.5722072160149314
yfdH,-18.565758394705895,24.475670718264844,-0.7585393106653986,0.45915698880288014,0.03471303948157023,0.5722072160149314
group_769,-17.677184498235302,24.516754279890897,-0.7210246632334387,0.4812978217563828,0.03146976086326345,0.5722072160149314
group_766,-17.677184498235302,24.516754279890897,-0.7210246632334387,0.4812978217563828,0.03146976086326345,0.5722072160149314
group_765,-17.677184498235302,24.516754279890897,-0.7210246632334387,0.4812978217563828,0.03146976086326345,0.5722072160149314
group_735,-17.677184498235302,24.516754279890897,-0.7210246632334387,0.4812978217563828,0.03146976086326345,0.5722072160149314
group_721,-17.677184498235302,24.516754279890897,-0.7210246632334387,0.4812978217563828,0.03146976086326345,0.5722072160149314
group_720,-17.677184498235302,24.516754279890897,-0.7210246632334387,0.4812978217563828,0.03146976086326345,0.5722072160149314
group_719,-18.565758394705895,24.475670718264844,-0.7585393106653986,0.45915698880288014,0.03471303948157023,0.5722072160149314
yejK_2,-17.677184498235302,24.516754279890897,-0.7210246632334387,0.4812978217563828,0.03146976086326345,0.5722072160149314
group_692,-18.565758394705895,24.475670718264844,-0.7585393106653986,0.45915698880288014,0.03471303948157023,0.5722072160149314
gmd,-17.677184498235302,24.516754279890897,-0.7210246632334387,0.4812978217563828,0.03146976086326345,0.5722072160149314
group_683,-17.677184498235302,24.516754279890897,-0.7210246632334387,0.4812978217563828,0.03146976086326345,0.5722072160149314
group_682,-18.565758394705895,24.475670718264844,-0.7585393106653986,0.45915698880288014,0.03471303948157023,0.5722072160149314
group_678,-17.677184498235302,24.516754279890897,-0.7210246632334387,0.4812978217563828,0.03146976086326345,0.5722072160149314
group_668,-17.677184498235302,24.516754279890897,-0.7210246632334387,0.4812978217563828,0.03146976086326345,0.5722072160149314
group_648,-17.677184498235302,24.516754279890897,-0.7210246632334387,0.4812978217563828,0.03146976086326345,0.5722072160149314
group_631,-18.565758394705895,24.475670718264844,-0.7585393106653986,0.45915698880288014,0.03471303948157023,0.5722072160149314
group_619,-17.677184498235302,24.516754279890897,-0.7210246632334387,0.4812978217563828,0.03146976086326345,0.5722072160149314
group_617,-17.677184498235302,24.516754279890897,-0.7210246632334387,0.4812978217563828,0.03146976086326345,0.5722072160149314
group_613,-17.677184498235302,24.516754279890897,-0.7210246632334387,0.4812978217563828,0.03146976086326345,0.5722072160149314
group_605,-18.565758394705895,24.475670718264844,-0.7585393106653986,0.45915698880288014,0.03471303948157023,0.5722072160149314
group_587,-17.677184498235302,24.516754279890897,-0.7210246632334387,0.4812978217563828,0.03146976086326345,0.5722072160149314
rep_3,-18.565758394705895,24.475670718264844,-0.7585393106653986,0.45915698880288014,0.03471303948157023,0.5722072160149314
moeZ,-17.677184498235302,24.516754279890897,-0.7210246632334387,0.4812978217563828,0.03146976086326345,0.5722072160149314
group_516,-17.677184498235302,24.516754279890897,-0.7210246632334387,0.4812978217563828,0.03146976086326345,0.5722072160149314
group_515,-17.677184498235302,24.516754279890897,-0.7210246632334387,0.4812978217563828,0.03146976086326345,0.5722072160149314
mshA_2,-17.677184498235302,24.516754279890897,-0.7210246632334387,0.4812978217563828,0.03146976086326345,0.5722072160149314
group_498,-17.677184498235302,24.516754279890897,-0.7210246632334387,0.4812978217563828,0.03146976086326345,0.5722072160149314
rssB_7,-17.677184498235302,24.516754279890897,-0.7210246632334387,0.4812978217563828,0.03146976086326345,0.5722072160149314
group_470,-17.677184498235302,24.516754279890897,-0.7210246632334387,0.4812978217563828,0.03146976086326345,0.5722072160149314
intA_2,-18.565758394705895,24.475670718264844,-0.7585393106653986,0.45915698880288014,0.03471303948157023,0.5722072160149314
group_453,-17.677184498235302,24.516754279890897,-0.7210246632334387,0.4812978217563828,0.03146976086326345,0.5722072160149314
group_448,-17.677184498235302,24.516754279890897,-0.7210246632334387,0.4812978217563828,0.03146976086326345,0.5722072160149314
xerC_3,-17.677184498235302,24.516754279890897,-0.7210246632334387,0.4812978217563828,0.03146976086326345,0.5722072160149314
group_415,-17.677184498235302,24.516754279890897,-0.7210246632334387,0.4812978217563828,0.03146976086326345,0.5722072160149314
group_413,-17.677184498235302,24.516754279890897,-0.7210246632334387,0.4812978217563828,0.03146976086326345,0.5722072160149314
group_396,-17.677184498235302,24.516754279890897,-0.7210246632334387,0.4812978217563828,0.03146976086326345,0.5722072160149314
group_379,-17.677184498235302,24.516754279890897,-0.7210246632334387,0.4812978217563828,0.03146976086326345,0.5722072160149314
dnaB_2,-17.677184498235302,24.516754279890897,-0.7210246632334387,0.4812978217563828,0.03146976086326345,0.5722072160149314
group_357,-17.677184498235302,24.516754279890897,-0.7210246632334387,0.4812978217563828,0.03146976086326345,0.5722072160149314
group_356,-18.565758394705895,24.475670718264844,-0.7585393106653986,0.45915698880288014,0.03471303948157023,0.5722072160149314
ltxD,-18.565758394705895,24.475670718264844,-0.7585393106653986,0.45915698880288014,0.03471303948157023,0.5722072160149314
group_330,-17.677184498235302,24.516754279890897,-0.7210246632334387,0.4812978217563828,0.03146976086326345,0.5722072160149314
group_321,-17.677184498235302,24.516754279890897,-0.7210246632334387,0.4812978217563828,0.03146976086326345,0.5722072160149314
group_316,-18.565758394705895,24.475670718264844,-0.7585393106653986,0.45915698880288014,0.03471303948157023,0.5722072160149314
algA_1,-17.677184498235302,24.516754279890897,-0.7210246632334387,0.4812978217563828,0.03146976086326345,0.5722072160149314
group_297,-18.565758394705895,24.475670718264844,-0.7585393106653986,0.45915698880288014,0.03471303948157023,0.5722072160149314
group_292,-18.565758394705895,24.475670718264844,-0.7585393106653986,0.45915698880288014,0.03471303948157023,0.5722072160149314
group_283,-18.565758394705895,24.475670718264844,-0.7585393106653986,0.45915698880288014,0.03471303948157023,0.5722072160149314
group_258,-17.677184498235302,24.516754279890897,-0.7210246632334387,0.4812978217563828,0.03146976086326345,0.5722072160149314
group_249,-17.677184498235302,24.516754279890897,-0.7210246632334387,0.4812978217563828,0.03146976086326345,0.5722072160149314
group_232,-18.565758394705895,24.475670718264844,-0.7585393106653986,0.45915698880288014,0.03471303948157023,0.5722072160149314
group_231,-18.565758394705895,24.475670718264844,-0.7585393106653986,0.45915698880288014,0.03471303948157023,0.5722072160149314
group_225,-17.677184498235302,24.516754279890897,-0.7210246632334387,0.4812978217563828,0.03146976086326345,0.5722072160149314
group_205,-18.565758394705895,24.475670718264844,-0.7585393106653986,0.45915698880288014,0.03471303948157023,0.5722072160149314
group_198,-17.677184498235302,24.516754279890897,-0.7210246632334387,0.4812978217563828,0.03146976086326345,0.5722072160149314
group_186,-17.677184498235302,24.516754279890897,-0.7210246632334387,0.4812978217563828,0.03146976086326345,0.5722072160149314
group_176,-17.677184498235302,24.516754279890897,-0.7210246632334387,0.4812978217563828,0.03146976086326345,0.5722072160149314
group_162,-17.677184498235302,24.516754279890897,-0.7210246632334387,0.4812978217563828,0.03146976086326345,0.5722072160149314
group_152,-18.565758394705895,24.475670718264844,-0.7585393106653986,0.45915698880288014,0.03471303948157023,0.5722072160149314
sasA_19,-17.677184498235302,24.516754279890897,-0.7210246632334387,0.4812978217563828,0.03146976086326345,0.5722072160149314
group_141,-17.677184498235302,24.516754279890897,-0.7210246632334387,0.4812978217563828,0.03146976086326345,0.5722072160149314
group_118,-17.677184498235302,24.516754279890897,-0.7210246632334387,0.4812978217563828,0.03146976086326345,0.5722072160149314
btuD_2,-17.677184498235302,24.516754279890897,-0.7210246632334387,0.4812978217563828,0.03146976086326345,0.5722072160149314
fimD_2,-17.677184498235302,24.516754279890897,-0.7210246632334387,0.4812978217563828,0.03146976086326345,0.5722072160149314
group_94,-17.677184498235302,24.516754279890897,-0.7210246632334387,0.4812978217563828,0.03146976086326345,0.5722072160149314
xerC_5,-17.677184498235302,24.516754279890897,-0.7210246632334387,0.4812978217563828,0.03146976086326345,0.5722072160149314
group_77,-17.677184498235302,24.516754279890897,-0.7210246632334387,0.4812978217563828,0.03146976086326345,0.5722072160149314
group_66,-18.565758394705895,24.475670718264844,-0.7585393106653986,0.45915698880288014,0.03471303948157023,0.5722072160149314
group_60,-17.677184498235302,24.516754279890897,-0.7210246632334387,0.4812978217563828,0.03146976086326345,0.5722072160149314
group_59,-18.565758394705895,24.475670718264844,-0.7585393106653986,0.45915698880288014,0.03471303948157023,0.5722072160149314
group_50,-18.565758394705895,24.475670718264844,-0.7585393106653986,0.45915698880288014,0.03471303948157023,0.5722072160149314
group_38,-18.565758394705895,24.475670718264844,-0.7585393106653986,0.45915698880288014,0.03471303948157023,0.5722072160149314
group_37,-17.677184498235302,24.516754279890897,-0.7210246632334387,0.4812978217563828,0.03146976086326345,0.5722072160149314
group_28,-17.677184498235302,24.516754279890897,-0.7210246632334387,0.4812978217563828,0.03146976086326345,0.5722072160149314
group_27,-18.565758394705895,24.475670718264844,-0.7585393106653986,0.45915698880288014,0.03471303948157023,0.5722072160149314
group_23,-17.677184498235302,24.516754279890897,-0.7210246632334387,0.4812978217563828,0.03146976086326345,0.5722072160149314
group_11,-17.677184498235302,24.516754279890897,-0.7210246632334387,0.4812978217563828,0.03146976086326345,0.5722072160149314
mshA_1,-17.677184498235302,24.516754279890897,-0.7210246632334387,0.4812978217563828,0.03146976086326345,0.5722072160149314
group_4,-17.677184498235302,24.516754279890897,-0.7210246632334387,0.4812978217563828,0.03146976086326345,0.5722072160149314
group_3,-18.565758394705895,24.475670718264844,-0.7585393106653986,0.45915698880288014,0.03471303948157023,0.5722072160149314
group_1,-17.677184498235302,24.516754279890897,-0.7210246632334387,0.4812978217563828,0.03146976086326345,0.5722072160149314
group_3394,7.94959576555555,11.238323981210968,0.7073648863341413,0.48951559063246186,0.030324485544363122,0.580403568703924
sir2~~~sir2_1,7.94959576555555,11.238323981210968,0.7073648863341413,0.48951559063246186,0.030324485544363122,0.580403568703924
baiA~~~lvr_2~~~fabG_4,7.94959576555555,11.238323981210968,0.7073648863341413,0.48951559063246186,0.030324485544363122,0.580403568703924
group_2894,7.94959576555555,11.238323981210968,0.7073648863341413,0.48951559063246186,0.030324485544363122,0.580403568703924
group_864,7.94959576555555,11.238323981210968,0.7073648863341413,0.48951559063246186,0.030324485544363122,0.580403568703924
quiA_2,7.94959576555555,11.238323981210968,0.7073648863341413,0.48951559063246186,0.030324485544363122,0.580403568703924
group_2766,-9.310536186785715,13.526972276893572,-0.6882941722804987,0.501125962111745,0.028757805609577095,0.5928338157895687
group_2674,-9.310536186785715,13.526972276893572,-0.6882941722804987,0.501125962111745,0.028757805609577095,0.5928338157895687
group_2103,-9.310536186785715,13.526972276893572,-0.6882941722804987,0.501125962111745,0.028757805609577095,0.5928338157895687
group_1230,-9.310536186785715,13.526972276893572,-0.6882941722804987,0.501125962111745,0.028757805609577095,0.5928338157895687
group_563,-9.310536186785715,13.526972276893572,-0.6882941722804987,0.501125962111745,0.028757805609577095,0.5928338157895687
nrdB_1~~~nrdB_2,16.860216221764713,24.55269308989948,0.686695188997442,0.502106655161444,0.02862816641434078,0.5937270156088805
group_3414,-7.99000686333335,11.939048429900101,-0.6692331394957082,0.5128886521430813,0.027229842736227916,0.6010735161641191
group_3114,-7.99000686333335,11.939048429900101,-0.6692331394957082,0.5128886521430813,0.027229842736227916,0.6010735161641191
group_2785,-7.99000686333335,11.939048429900101,-0.6692331394957082,0.5128886521430813,0.027229842736227916,0.6010735161641191
group_2773,-7.99000686333335,11.939048429900101,-0.6692331394957082,0.5128886521430813,0.027229842736227916,0.6010735161641191
group_2550,-7.99000686333335,11.939048429900101,-0.6692331394957082,0.5128886521430813,0.027229842736227916,0.6010735161641191
cim,-7.99000686333335,11.939048429900101,-0.6692331394957082,0.5128886521430813,0.027229842736227916,0.6010735161641191
group_2046,-7.99000686333335,11.939048429900101,-0.6692331394957082,0.5128886521430813,0.027229842736227916,0.6010735161641191
group_1566,-7.99000686333335,11.939048429900101,-0.6692331394957082,0.5128886521430813,0.027229842736227916,0.6010735161641191
group_1001,-7.99000686333335,11.939048429900101,-0.6692331394957082,0.5128886521430813,0.027229842736227916,0.6010735161641191
group_990,-7.99000686333335,11.939048429900101,-0.6692331394957082,0.5128886521430813,0.027229842736227916,0.6010735161641191
group_659,-7.99000686333335,11.939048429900101,-0.6692331394957082,0.5128886521430813,0.027229842736227916,0.6010735161641191
wbiB,-7.99000686333335,11.939048429900101,-0.6692331394957082,0.5128886521430813,0.027229842736227916,0.6010735161641191
group_373,-7.99000686333335,11.939048429900101,-0.6692331394957082,0.5128886521430813,0.027229842736227916,0.6010735161641191
group_370,-7.99000686333335,11.939048429900101,-0.6692331394957082,0.5128886521430813,0.027229842736227916,0.6010735161641191
patA_1,-7.99000686333335,11.939048429900101,-0.6692331394957082,0.5128886521430813,0.027229842736227916,0.6010735161641191
group_322,-7.99000686333335,11.939048429900101,-0.6692331394957082,0.5128886521430813,0.027229842736227916,0.6010735161641191
group_187,-7.99000686333335,11.939048429900101,-0.6692331394957082,0.5128886521430813,0.027229842736227916,0.6010735161641191
group_143,-7.99000686333335,11.939048429900101,-0.6692331394957082,0.5128886521430813,0.027229842736227916,0.6010735161641191
group_3281,7.990006863333345,11.939048429900096,0.6692331394957081,0.5128886521430814,0.027229842736227916,0.6010735161641191
group_2623,7.990006863333345,11.939048429900096,0.6692331394957081,0.5128886521430814,0.027229842736227916,0.6010735161641191
group_2717,-7.132172133636353,11.568779329151472,-0.6165017008894293,0.5462359396273371,0.023203456781900333,0.639584671633077
group_2590,-7.132172133636353,11.568779329151472,-0.6165017008894293,0.5462359396273371,0.023203456781900333,0.639584671633077
group_4264,-10.922191315625009,17.951005883115123,-0.608444528776993,0.5514334036156487,0.022614545778409108,0.6450961693698407
group_4262,-10.922191315625009,17.951005883115123,-0.608444528776993,0.5514334036156487,0.022614545778409108,0.6450961693698407
group_3331,7.85169830928572,13.584689408997729,0.5779814372557682,0.5713223534865031,0.020451895598973185,0.6680662720102176
group_3192,-6.569048073333326,11.993075751424106,-0.5477367282161367,0.5914325923470048,0.018405842804599924,0.6857907229902908
fecI_2,-6.569048073333326,11.993075751424106,-0.5477367282161367,0.5914325923470048,0.018405842804599924,0.6857907229902908
fecR_1,-6.569048073333326,11.993075751424106,-0.5477367282161367,0.5914325923470048,0.018405842804599924,0.6857907229902908
group_179,-6.569048073333326,11.993075751424106,-0.5477367282161367,0.5914325923470048,0.018405842804599924,0.6857907229902908
btuB_2,-6.569048073333326,11.993075751424106,-0.5477367282161367,0.5914325923470048,0.018405842804599924,0.6857907229902908
group_3332,6.569048073333331,11.993075751424106,0.5477367282161372,0.5914325923470045,0.01840584280459995,0.6857907229902908
group_3324,6.569048073333331,11.993075751424106,0.5477367282161372,0.5914325923470045,0.01840584280459995,0.6857907229902908
group_3316,6.569048073333331,11.993075751424106,0.5477367282161372,0.5914325923470045,0.01840584280459995,0.6857907229902908
group_3272,6.569048073333331,11.993075751424106,0.5477367282161372,0.5914325923470045,0.01840584280459995,0.6857907229902908
fbp_2~~~fbp_1,6.569048073333331,11.993075751424106,0.5477367282161372,0.5914325923470045,0.01840584280459995,0.6857907229902908
group_2653,6.569048073333331,11.993075751424106,0.5477367282161372,0.5914325923470045,0.01840584280459995,0.6857907229902908
group_1946,6.569048073333331,11.993075751424106,0.5477367282161372,0.5914325923470045,0.01840584280459995,0.6857907229902908
group_1305,6.569048073333331,11.993075751424106,0.5477367282161372,0.5914325923470045,0.01840584280459995,0.6857907229902908
group_1211,6.569048073333331,11.993075751424106,0.5477367282161372,0.5914325923470045,0.01840584280459995,0.6857907229902908
group_1037,6.569048073333331,11.993075751424106,0.5477367282161372,0.5914325923470045,0.01840584280459995,0.6857907229902908
echA8_2,6.569048073333331,11.993075751424106,0.5477367282161372,0.5914325923470045,0.01840584280459995,0.6857907229902908
group_882,6.569048073333331,11.993075751424106,0.5477367282161372,0.5914325923470045,0.01840584280459995,0.6857907229902908
group_592,6.569048073333331,11.993075751424106,0.5477367282161372,0.5914325923470045,0.01840584280459995,0.6857907229902908
uctC_1,6.569048073333331,11.993075751424106,0.5477367282161372,0.5914325923470045,0.01840584280459995,0.6857907229902908
group_3459,-6.75413318857142,13.621516602039126,-0.4958429656474767,0.6267469170574833,0.015133716703848327,0.7169439733818429
group_2802,-6.75413318857142,13.621516602039126,-0.4958429656474767,0.6267469170574833,0.015133716703848327,0.7169439733818429
lptB_2,-6.75413318857142,13.621516602039126,-0.4958429656474767,0.6267469170574833,0.015133716703848327,0.7169439733818429
group_1139,-6.75413318857142,13.621516602039126,-0.4958429656474767,0.6267469170574833,0.015133716703848327,0.7169439733818429
mcbC,-6.75413318857142,13.621516602039126,-0.4958429656474767,0.6267469170574833,0.015133716703848327,0.7169439733818429
mcbB,-6.75413318857142,13.621516602039126,-0.4958429656474767,0.6267469170574833,0.015133716703848327,0.7169439733818429
mcbD,-6.75413318857142,13.621516602039126,-0.4958429656474767,0.6267469170574833,0.015133716703848327,0.7169439733818429
group_4274,6.754133188571425,13.621516602039126,0.49584296564747704,0.626746917057483,0.01513371670384834,0.7169439733818429
group_3578,6.754133188571425,13.621516602039126,0.49584296564747704,0.626746917057483,0.01513371670384834,0.7169439733818429
bin3~~~bin3_2,6.754133188571425,13.621516602039126,0.49584296564747704,0.626746917057483,0.01513371670384834,0.7169439733818429
group_3130,6.754133188571425,13.621516602039126,0.49584296564747704,0.626746917057483,0.01513371670384834,0.7169439733818429
group_2950,6.754133188571425,13.621516602039126,0.49584296564747704,0.626746917057483,0.01513371670384834,0.7169439733818429
group_2806,6.754133188571425,13.621516602039126,0.49584296564747704,0.626746917057483,0.01513371670384834,0.7169439733818429
group_2474,6.754133188571425,13.621516602039126,0.49584296564747704,0.626746917057483,0.01513371670384834,0.7169439733818429
group_2424,6.754133188571425,13.621516602039126,0.49584296564747704,0.626746917057483,0.01513371670384834,0.7169439733818429
group_1783,6.754133188571425,13.621516602039126,0.49584296564747704,0.626746917057483,0.01513371670384834,0.7169439733818429
group_1774,6.754133188571425,13.621516602039126,0.49584296564747704,0.626746917057483,0.01513371670384834,0.7169439733818429
group_1751,6.754133188571425,13.621516602039126,0.49584296564747704,0.626746917057483,0.01513371670384834,0.7169439733818429
group_1600,6.754133188571425,13.621516602039126,0.49584296564747704,0.626746917057483,0.01513371670384834,0.7169439733818429
group_1580,6.754133188571425,13.621516602039126,0.49584296564747704,0.626746917057483,0.01513371670384834,0.7169439733818429
group_1522,6.754133188571425,13.621516602039126,0.49584296564747704,0.626746917057483,0.01513371670384834,0.7169439733818429
group_1365,6.754133188571425,13.621516602039126,0.49584296564747704,0.626746917057483,0.01513371670384834,0.7169439733818429
group_1343,6.754133188571425,13.621516602039126,0.49584296564747704,0.626746917057483,0.01513371670384834,0.7169439733818429
group_1251,6.754133188571425,13.621516602039126,0.49584296564747704,0.626746917057483,0.01513371670384834,0.7169439733818429
dpnM,6.754133188571425,13.621516602039126,0.49584296564747704,0.626746917057483,0.01513371670384834,0.7169439733818429
group_790,6.754133188571425,13.621516602039126,0.49584296564747704,0.626746917057483,0.01513371670384834,0.7169439733818429
group_741,6.754133188571425,13.621516602039126,0.49584296564747704,0.626746917057483,0.01513371670384834,0.7169439733818429
group_624,6.754133188571425,13.621516602039126,0.49584296564747704,0.626746917057483,0.01513371670384834,0.7169439733818429
group_391,6.754133188571425,13.621516602039126,0.49584296564747704,0.626746917057483,0.01513371670384834,0.7169439733818429
group_375,6.754133188571425,13.621516602039126,0.49584296564747704,0.626746917057483,0.01513371670384834,0.7169439733818429
group_260,6.754133188571425,13.621516602039126,0.49584296564747704,0.626746917057483,0.01513371670384834,0.7169439733818429
group_2965,-6.484387541428562,13.629706677822272,-0.4757540051819094,0.6406803614552368,0.013949038866056593,0.7253141269314664
group_2952,-6.484387541428562,13.629706677822272,-0.4757540051819094,0.6406803614552368,0.013949038866056593,0.7253141269314664
group_2934,-6.484387541428562,13.629706677822272,-0.4757540051819094,0.6406803614552368,0.013949038866056593,0.7253141269314664
group_2920,-6.484387541428562,13.629706677822272,-0.4757540051819094,0.6406803614552368,0.013949038866056593,0.7253141269314664
group_1692,-6.484387541428562,13.629706677822272,-0.4757540051819094,0.6406803614552368,0.013949038866056593,0.7253141269314664
group_946,-6.484387541428562,13.629706677822272,-0.4757540051819094,0.6406803614552368,0.013949038866056593,0.7253141269314664
group_739,-6.484387541428562,13.629706677822272,-0.4757540051819094,0.6406803614552368,0.013949038866056593,0.7253141269314664
group_529,-6.484387541428562,13.629706677822272,-0.4757540051819094,0.6406803614552368,0.013949038866056593,0.7253141269314664
group_402,-6.484387541428562,13.629706677822272,-0.4757540051819094,0.6406803614552368,0.013949038866056593,0.7253141269314664
group_314,-6.484387541428562,13.629706677822272,-0.4757540051819094,0.6406803614552368,0.013949038866056593,0.7253141269314664
norR_4,-6.484387541428562,13.629706677822272,-0.4757540051819094,0.6406803614552368,0.013949038866056593,0.7253141269314664
group_278,-6.484387541428562,13.629706677822272,-0.4757540051819094,0.6406803614552368,0.013949038866056593,0.7253141269314664
group_199,-6.484387541428562,13.629706677822272,-0.4757540051819094,0.6406803614552368,0.013949038866056593,0.7253141269314664
group_76,-6.484387541428562,13.629706677822272,-0.4757540051819094,0.6406803614552368,0.013949038866056593,0.7253141269314664
group_29,-6.484387541428562,13.629706677822272,-0.4757540051819094,0.6406803614552368,0.013949038866056593,0.7253141269314664
group_3435,6.484387541428566,13.629706677822272,0.4757540051819097,0.6406803614552365,0.013949038866056617,0.7253141269314664
group_3431,6.484387541428566,13.629706677822272,0.4757540051819097,0.6406803614552365,0.013949038866056617,0.7253141269314664
group_3430,6.484387541428566,13.629706677822272,0.4757540051819097,0.6406803614552365,0.013949038866056617,0.7253141269314664
group_3424,6.484387541428566,13.629706677822272,0.4757540051819097,0.6406803614552365,0.013949038866056617,0.7253141269314664
group_3368,6.484387541428566,13.629706677822272,0.4757540051819097,0.6406803614552365,0.013949038866056617,0.7253141269314664
group_3357,6.484387541428566,13.629706677822272,0.4757540051819097,0.6406803614552365,0.013949038866056617,0.7253141269314664
group_3328,6.484387541428566,13.629706677822272,0.4757540051819097,0.6406803614552365,0.013949038866056617,0.7253141269314664
group_3203,6.484387541428566,13.629706677822272,0.4757540051819097,0.6406803614552365,0.013949038866056617,0.7253141269314664
intA_1~~~intA,6.484387541428566,13.629706677822272,0.4757540051819097,0.6406803614552365,0.013949038866056617,0.7253141269314664
group_3417,-6.157782362500035,18.092114606509764,-0.340357249355716,0.7380151343228172,0.007188147512848331,0.7737249539042843
group_3416,-6.157782362500035,18.092114606509764,-0.340357249355716,0.7380151343228172,0.007188147512848331,0.7737249539042843
group_3415,-6.157782362500035,18.092114606509764,-0.340357249355716,0.7380151343228172,0.007188147512848331,0.7737249539042843
group_3400,-6.629837245000035,18.081684995960117,-0.36666036635862753,0.7186761353565728,0.00833247548242177,0.7737249539042843
group_3279,-5.895045615624981,18.09758356759086,-0.32573661525629444,0.7488448776071184,0.006587834044916858,0.7737249539042843
group_3654,4.572714083333343,15.269006768467841,0.2994768522060318,0.7684315106620653,0.005574153706986181,0.7737249539042843
group_3216,4.572714083333343,15.269006768467841,0.2994768522060318,0.7684315106620653,0.005574153706986181,0.7737249539042843
group_1792,4.572714083333343,15.269006768467841,0.2994768522060318,0.7684315106620653,0.005574153706986181,0.7737249539042843
group_2422,-5.480264188571444,13.657224398158437,-0.4012721786507668,0.6935280500568781,0.009963440904236984,0.7737249539042843
group_676,-5.480264188571444,13.657224398158437,-0.4012721786507668,0.6935280500568781,0.009963440904236984,0.7737249539042843
group_3356,4.29493381416666,12.057279418965235,0.3562108552789311,0.7263362463575203,0.007867989644999851,0.7737249539042843
group_3347,4.29493381416666,12.057279418965235,0.3562108552789311,0.7263362463575203,0.007867989644999851,0.7737249539042843
group_3327,4.29493381416666,12.057279418965235,0.3562108552789311,0.7263362463575203,0.007867989644999851,0.7737249539042843
group_3298,4.29493381416666,12.057279418965235,0.3562108552789311,0.7263362463575203,0.007867989644999851,0.7737249539042843
gabD1~~~aldh,4.292564006749991,11.433554559065545,0.3754356516667393,0.7122671408028127,0.008732566032439593,0.7737249539042843
group_3391,4.292564006749991,11.433554559065545,0.3754356516667393,0.7122671408028127,0.008732566032439593,0.7737249539042843
group_3336,4.292564006749991,11.433554559065545,0.3754356516667393,0.7122671408028127,0.008732566032439593,0.7737249539042843
group_3239,4.292564006749991,11.433554559065545,0.3754356516667393,0.7122671408028127,0.008732566032439593,0.7737249539042843
group_3229,4.292564006749991,11.433554559065545,0.3754356516667393,0.7122671408028127,0.008732566032439593,0.7737249539042843
group_3221,4.292564006749991,11.433554559065545,0.3754356516667393,0.7122671408028127,0.008732566032439593,0.7737249539042843
group_3212,4.292564006749991,11.433554559065545,0.3754356516667393,0.7122671408028127,0.008732566032439593,0.7737249539042843
nnr_1~~~nnr_2,4.292564006749991,11.433554559065545,0.3754356516667393,0.7122671408028127,0.008732566032439593,0.7737249539042843
group_3127,4.292564006749991,11.433554559065545,0.3754356516667393,0.7122671408028127,0.008732566032439593,0.7737249539042843
rcsC_4~~~rcsC_10,4.292564006749991,11.433554559065545,0.3754356516667393,0.7122671408028127,0.008732566032439593,0.7737249539042843
group_3080,4.292564006749991,11.433554559065545,0.3754356516667393,0.7122671408028127,0.008732566032439593,0.7737249539042843
group_3054,4.292564006749991,11.433554559065545,0.3754356516667393,0.7122671408028127,0.008732566032439593,0.7737249539042843
group_2996,4.292564006749991,11.433554559065545,0.3754356516667393,0.7122671408028127,0.008732566032439593,0.7737249539042843
qseC_1~~~qseC_3,4.292564006749991,11.433554559065545,0.3754356516667393,0.7122671408028127,0.008732566032439593,0.7737249539042843
group_2929,4.292564006749991,11.433554559065545,0.3754356516667393,0.7122671408028127,0.008732566032439593,0.7737249539042843
group_2905,4.292564006749991,11.433554559065545,0.3754356516667393,0.7122671408028127,0.008732566032439593,0.7737249539042843
tpiA_1,4.292564006749991,11.433554559065545,0.3754356516667393,0.7122671408028127,0.008732566032439593,0.7737249539042843
group_2904,4.292564006749991,11.433554559065545,0.3754356516667393,0.7122671408028127,0.008732566032439593,0.7737249539042843
sasA_1~~~sasA_3,4.292564006749991,11.433554559065545,0.3754356516667393,0.7122671408028127,0.008732566032439593,0.7737249539042843
group_2262,4.292564006749991,11.433554559065545,0.3754356516667393,0.7122671408028127,0.008732566032439593,0.7737249539042843
group_2017,4.292564006749991,11.433554559065545,0.3754356516667393,0.7122671408028127,0.008732566032439593,0.7737249539042843
group_1781,4.292564006749991,11.433554559065545,0.3754356516667393,0.7122671408028127,0.008732566032439593,0.7737249539042843
yodB_2,4.292564006749991,11.433554559065545,0.3754356516667393,0.7122671408028127,0.008732566032439593,0.7737249539042843
pat_1,4.292564006749991,11.433554559065545,0.3754356516667393,0.7122671408028127,0.008732566032439593,0.7737249539042843
group_1321,4.292564006749991,11.433554559065545,0.3754356516667393,0.7122671408028127,0.008732566032439593,0.7737249539042843
group_1248,4.292564006749991,11.433554559065545,0.3754356516667393,0.7122671408028127,0.008732566032439593,0.7737249539042843
group_1116,4.292564006749991,11.433554559065545,0.3754356516667393,0.7122671408028127,0.008732566032439593,0.7737249539042843
anr_1,4.292564006749991,11.433554559065545,0.3754356516667393,0.7122671408028127,0.008732566032439593,0.7737249539042843
group_1004,4.292564006749991,11.433554559065545,0.3754356516667393,0.7122671408028127,0.008732566032439593,0.7737249539042843
uspE_2,4.292564006749991,11.433554559065545,0.3754356516667393,0.7122671408028127,0.008732566032439593,0.7737249539042843
uspE_1,4.292564006749991,11.433554559065545,0.3754356516667393,0.7122671408028127,0.008732566032439593,0.7737249539042843
apbE,4.292564006749991,11.433554559065545,0.3754356516667393,0.7122671408028127,0.008732566032439593,0.7737249539042843
adhA,4.292564006749991,11.433554559065545,0.3754356516667393,0.7122671408028127,0.008732566032439593,0.7737249539042843
czcO,4.292564006749991,11.433554559065545,0.3754356516667393,0.7122671408028127,0.008732566032439593,0.7737249539042843
ackA,4.292564006749991,11.433554559065545,0.3754356516667393,0.7122671408028127,0.008732566032439593,0.7737249539042843
group_319,4.292564006749991,11.433554559065545,0.3754356516667393,0.7122671408028127,0.008732566032439593,0.7737249539042843
ohyA,4.292564006749991,11.433554559065545,0.3754356516667393,0.7122671408028127,0.008732566032439593,0.7737249539042843
group_121,4.292564006749991,11.433554559065545,0.3754356516667393,0.7122671408028127,0.008732566032439593,0.7737249539042843
group_96,4.292564006749991,11.433554559065545,0.3754356516667393,0.7122671408028127,0.008732566032439593,0.7737249539042843
xpkA,4.292564006749991,11.433554559065545,0.3754356516667393,0.7122671408028127,0.008732566032439593,0.7737249539042843
ndvB,4.292564006749991,11.433554559065545,0.3754356516667393,0.7122671408028127,0.008732566032439593,0.7737249539042843
group_3274,-4.561831610000011,11.355572915160229,-0.4017262399777073,0.6932005080836726,0.00998577672353802,0.7737249539042843
group_3241,-4.561831610000011,11.355572915160229,-0.4017262399777073,0.6932005080836726,0.00998577672353802,0.7737249539042843
group_3084,-4.561831610000011,11.355572915160229,-0.4017262399777073,0.6932005080836726,0.00998577672353802,0.7737249539042843
group_2707,-4.561831610000011,11.355572915160229,-0.4017262399777073,0.6932005080836726,0.00998577672353802,0.7737249539042843
group_2371,-4.561831610000011,11.355572915160229,-0.4017262399777073,0.6932005080836726,0.00998577672353802,0.7737249539042843
group_1904,-4.561831610000011,11.355572915160229,-0.4017262399777073,0.6932005080836726,0.00998577672353802,0.7737249539042843
group_1749,-4.561831610000011,11.355572915160229,-0.4017262399777073,0.6932005080836726,0.00998577672353802,0.7737249539042843
group_1721,-4.561831610000011,11.355572915160229,-0.4017262399777073,0.6932005080836726,0.00998577672353802,0.7737249539042843
group_1655,-4.561831610000011,11.355572915160229,-0.4017262399777073,0.6932005080836726,0.00998577672353802,0.7737249539042843
group_1217,-4.561831610000011,11.355572915160229,-0.4017262399777073,0.6932005080836726,0.00998577672353802,0.7737249539042843
group_1065,-4.561831610000011,11.355572915160229,-0.4017262399777073,0.6932005080836726,0.00998577672353802,0.7737249539042843
group_1033,-4.561831610000011,11.355572915160229,-0.4017262399777073,0.6932005080836726,0.00998577672353802,0.7737249539042843
group_477,-4.561831610000011,11.355572915160229,-0.4017262399777073,0.6932005080836726,0.00998577672353802,0.7737249539042843
group_144,-4.561831610000011,11.355572915160229,-0.4017262399777073,0.6932005080836726,0.00998577672353802,0.7737249539042843
group_136,-4.561831610000011,11.355572915160229,-0.4017262399777073,0.6932005080836726,0.00998577672353802,0.7737249539042843
argO_1~~~argO_2,4.5618316100000085,11.355572915160224,0.40172623997770723,0.6932005080836726,0.00998577672353803,0.7737249539042843
group_1256,4.5618316100000085,11.355572915160224,0.40172623997770723,0.6932005080836726,0.00998577672353803,0.7737249539042843
group_3413,-4.292564006749989,11.433554559065547,-0.37543565166673903,0.712267140802813,0.008732566032439583,0.7737249539042843
dnaC~~~dnaC_2,-4.292564006749989,11.433554559065547,-0.37543565166673903,0.712267140802813,0.008732566032439583,0.7737249539042843
group_3344,-4.292564006749989,11.433554559065547,-0.37543565166673903,0.712267140802813,0.008732566032439583,0.7737249539042843
dnaB_2~~~dnaB_1~~~dnaC_2,-4.292564006749989,11.433554559065547,-0.37543565166673903,0.712267140802813,0.008732566032439583,0.7737249539042843
group_3308,-4.292564006749989,11.433554559065547,-0.37543565166673903,0.712267140802813,0.008732566032439583,0.7737249539042843
group_3292,-4.292564006749989,11.433554559065547,-0.37543565166673903,0.712267140802813,0.008732566032439583,0.7737249539042843
group_3290,-4.292564006749989,11.433554559065547,-0.37543565166673903,0.712267140802813,0.008732566032439583,0.7737249539042843
group_3132,-4.292564006749989,11.433554559065547,-0.37543565166673903,0.712267140802813,0.008732566032439583,0.7737249539042843
lexA_4,-4.292564006749989,11.433554559065547,-0.37543565166673903,0.712267140802813,0.008732566032439583,0.7737249539042843
ephA_1,-4.292564006749989,11.433554559065547,-0.37543565166673903,0.712267140802813,0.008732566032439583,0.7737249539042843
group_2190,-4.292564006749989,11.433554559065547,-0.37543565166673903,0.712267140802813,0.008732566032439583,0.7737249539042843
group_3125,-4.294933814166652,12.057279418965232,-0.35621085527893054,0.7263362463575205,0.007867989644999804,0.7737249539042843
group_2928,-4.294933814166652,12.057279418965232,-0.35621085527893054,0.7263362463575205,0.007867989644999804,0.7737249539042843
group_2900,-4.294933814166652,12.057279418965232,-0.35621085527893054,0.7263362463575205,0.007867989644999804,0.7737249539042843
group_1597,-4.294933814166652,12.057279418965232,-0.35621085527893054,0.7263362463575205,0.007867989644999804,0.7737249539042843
kduD,-4.294933814166652,12.057279418965232,-0.35621085527893054,0.7263362463575205,0.007867989644999804,0.7737249539042843
nphR,-4.294933814166652,12.057279418965232,-0.35621085527893054,0.7263362463575205,0.007867989644999804,0.7737249539042843
gutB,-4.294933814166652,12.057279418965232,-0.35621085527893054,0.7263362463575205,0.007867989644999804,0.7737249539042843
exuT_3,-4.294933814166652,12.057279418965232,-0.35621085527893054,0.7263362463575205,0.007867989644999804,0.7737249539042843
group_447,-4.294933814166652,12.057279418965232,-0.35621085527893054,0.7263362463575205,0.007867989644999804,0.7737249539042843
alkJ_1,-4.294933814166652,12.057279418965232,-0.35621085527893054,0.7263362463575205,0.007867989644999804,0.7737249539042843
group_3173,5.48026418857145,13.657224398158437,0.40127217865076725,0.6935280500568779,0.009963440904237031,0.7737249539042843
group_3108,5.48026418857145,13.657224398158437,0.40127217865076725,0.6935280500568779,0.009963440904237031,0.7737249539042843
group_3087,5.48026418857145,13.657224398158437,0.40127217865076725,0.6935280500568779,0.009963440904237031,0.7737249539042843
group_2681,5.48026418857145,13.657224398158437,0.40127217865076725,0.6935280500568779,0.009963440904237031,0.7737249539042843
group_2392,5.48026418857145,13.657224398158437,0.40127217865076725,0.6935280500568779,0.009963440904237031,0.7737249539042843
group_2236,5.48026418857145,13.657224398158437,0.40127217865076725,0.6935280500568779,0.009963440904237031,0.7737249539042843
group_2164,5.48026418857145,13.657224398158437,0.40127217865076725,0.6935280500568779,0.009963440904237031,0.7737249539042843
group_2128,5.48026418857145,13.657224398158437,0.40127217865076725,0.6935280500568779,0.009963440904237031,0.7737249539042843
group_2055,5.48026418857145,13.657224398158437,0.40127217865076725,0.6935280500568779,0.009963440904237031,0.7737249539042843
group_1691,5.48026418857145,13.657224398158437,0.40127217865076725,0.6935280500568779,0.009963440904237031,0.7737249539042843
group_3939,-4.5727140833333335,15.269006768467841,-0.2994768522060312,0.7684315106620656,0.005574153706986169,0.7737249539042843
group_3938,-4.5727140833333335,15.269006768467841,-0.2994768522060312,0.7684315106620656,0.005574153706986169,0.7737249539042843
group_3914,-4.5727140833333335,15.269006768467841,-0.2994768522060312,0.7684315106620656,0.005574153706986169,0.7737249539042843
group_3907,-4.5727140833333335,15.269006768467841,-0.2994768522060312,0.7684315106620656,0.005574153706986169,0.7737249539042843
group_3902,-4.5727140833333335,15.269006768467841,-0.2994768522060312,0.7684315106620656,0.005574153706986169,0.7737249539042843
group_3898,-4.5727140833333335,15.269006768467841,-0.2994768522060312,0.7684315106620656,0.005574153706986169,0.7737249539042843
occM_4,-4.5727140833333335,15.269006768467841,-0.2994768522060312,0.7684315106620656,0.005574153706986169,0.7737249539042843
glcB_2,-4.5727140833333335,15.269006768467841,-0.2994768522060312,0.7684315106620656,0.005574153706986169,0.7737249539042843
group_3887,-4.5727140833333335,15.269006768467841,-0.2994768522060312,0.7684315106620656,0.005574153706986169,0.7737249539042843
group_3886,-4.5727140833333335,15.269006768467841,-0.2994768522060312,0.7684315106620656,0.005574153706986169,0.7737249539042843
iolD_2,-4.5727140833333335,15.269006768467841,-0.2994768522060312,0.7684315106620656,0.005574153706986169,0.7737249539042843
exuR,-4.5727140833333335,15.269006768467841,-0.2994768522060312,0.7684315106620656,0.005574153706986169,0.7737249539042843
group_3885,-4.5727140833333335,15.269006768467841,-0.2994768522060312,0.7684315106620656,0.005574153706986169,0.7737249539042843
group_3884,-4.5727140833333335,15.269006768467841,-0.2994768522060312,0.7684315106620656,0.005574153706986169,0.7737249539042843
group_3883,-4.5727140833333335,15.269006768467841,-0.2994768522060312,0.7684315106620656,0.005574153706986169,0.7737249539042843
glcC_2,-4.5727140833333335,15.269006768467841,-0.2994768522060312,0.7684315106620656,0.005574153706986169,0.7737249539042843
group_3882,-4.5727140833333335,15.269006768467841,-0.2994768522060312,0.7684315106620656,0.005574153706986169,0.7737249539042843
group_3881,-4.5727140833333335,15.269006768467841,-0.2994768522060312,0.7684315106620656,0.005574153706986169,0.7737249539042843
group_3880,-4.5727140833333335,15.269006768467841,-0.2994768522060312,0.7684315106620656,0.005574153706986169,0.7737249539042843
nagZ_2,-4.5727140833333335,15.269006768467841,-0.2994768522060312,0.7684315106620656,0.005574153706986169,0.7737249539042843
ydhF,-4.5727140833333335,15.269006768467841,-0.2994768522060312,0.7684315106620656,0.005574153706986169,0.7737249539042843
group_3878,-4.5727140833333335,15.269006768467841,-0.2994768522060312,0.7684315106620656,0.005574153706986169,0.7737249539042843
group_3877,-4.5727140833333335,15.269006768467841,-0.2994768522060312,0.7684315106620656,0.005574153706986169,0.7737249539042843
group_3876,-4.5727140833333335,15.269006768467841,-0.2994768522060312,0.7684315106620656,0.005574153706986169,0.7737249539042843
group_3875,-4.5727140833333335,15.269006768467841,-0.2994768522060312,0.7684315106620656,0.005574153706986169,0.7737249539042843
group_3874,-4.5727140833333335,15.269006768467841,-0.2994768522060312,0.7684315106620656,0.005574153706986169,0.7737249539042843
gltK_2,-4.5727140833333335,15.269006768467841,-0.2994768522060312,0.7684315106620656,0.005574153706986169,0.7737249539042843
group_3873,-4.5727140833333335,15.269006768467841,-0.2994768522060312,0.7684315106620656,0.005574153706986169,0.7737249539042843
group_3872,-4.5727140833333335,15.269006768467841,-0.2994768522060312,0.7684315106620656,0.005574153706986169,0.7737249539042843
group_3871,-4.5727140833333335,15.269006768467841,-0.2994768522060312,0.7684315106620656,0.005574153706986169,0.7737249539042843
nagZ_1,-4.5727140833333335,15.269006768467841,-0.2994768522060312,0.7684315106620656,0.005574153706986169,0.7737249539042843
group_3870,-4.5727140833333335,15.269006768467841,-0.2994768522060312,0.7684315106620656,0.005574153706986169,0.7737249539042843
ydcV_3,-4.5727140833333335,15.269006768467841,-0.2994768522060312,0.7684315106620656,0.005574153706986169,0.7737249539042843
nadX,-4.5727140833333335,15.269006768467841,-0.2994768522060312,0.7684315106620656,0.005574153706986169,0.7737249539042843
group_3869,-4.5727140833333335,15.269006768467841,-0.2994768522060312,0.7684315106620656,0.005574153706986169,0.7737249539042843
group_3868,-4.5727140833333335,15.269006768467841,-0.2994768522060312,0.7684315106620656,0.005574153706986169,0.7737249539042843
tcyA_2,-4.5727140833333335,15.269006768467841,-0.2994768522060312,0.7684315106620656,0.005574153706986169,0.7737249539042843
group_3867,-4.5727140833333335,15.269006768467841,-0.2994768522060312,0.7684315106620656,0.005574153706986169,0.7737249539042843
tcyL,-4.5727140833333335,15.269006768467841,-0.2994768522060312,0.7684315106620656,0.005574153706986169,0.7737249539042843
group_3866,-4.5727140833333335,15.269006768467841,-0.2994768522060312,0.7684315106620656,0.005574153706986169,0.7737249539042843
alkJ_3,-4.5727140833333335,15.269006768467841,-0.2994768522060312,0.7684315106620656,0.005574153706986169,0.7737249539042843
group_3865,-4.5727140833333335,15.269006768467841,-0.2994768522060312,0.7684315106620656,0.005574153706986169,0.7737249539042843
group_3864,-4.5727140833333335,15.269006768467841,-0.2994768522060312,0.7684315106620656,0.005574153706986169,0.7737249539042843
iolI,-4.5727140833333335,15.269006768467841,-0.2994768522060312,0.7684315106620656,0.005574153706986169,0.7737249539042843
lutA,-4.5727140833333335,15.269006768467841,-0.2994768522060312,0.7684315106620656,0.005574153706986169,0.7737249539042843
ktrB,-4.5727140833333335,15.269006768467841,-0.2994768522060312,0.7684315106620656,0.005574153706986169,0.7737249539042843
group_3553,-4.5727140833333335,15.269006768467841,-0.2994768522060312,0.7684315106620656,0.005574153706986169,0.7737249539042843
group_3469,-4.5727140833333335,15.269006768467841,-0.2994768522060312,0.7684315106620656,0.005574153706986169,0.7737249539042843
group_2868,-4.5727140833333335,15.269006768467841,-0.2994768522060312,0.7684315106620656,0.005574153706986169,0.7737249539042843
group_2863,-4.5727140833333335,15.269006768467841,-0.2994768522060312,0.7684315106620656,0.005574153706986169,0.7737249539042843
group_2843,-4.5727140833333335,15.269006768467841,-0.2994768522060312,0.7684315106620656,0.005574153706986169,0.7737249539042843
group_2706,-4.5727140833333335,15.269006768467841,-0.2994768522060312,0.7684315106620656,0.005574153706986169,0.7737249539042843
group_2697,-4.5727140833333335,15.269006768467841,-0.2994768522060312,0.7684315106620656,0.005574153706986169,0.7737249539042843
group_2696,-4.5727140833333335,15.269006768467841,-0.2994768522060312,0.7684315106620656,0.005574153706986169,0.7737249539042843
group_2691,-4.5727140833333335,15.269006768467841,-0.2994768522060312,0.7684315106620656,0.005574153706986169,0.7737249539042843
group_2683,-4.5727140833333335,15.269006768467841,-0.2994768522060312,0.7684315106620656,0.005574153706986169,0.7737249539042843
group_2668,-4.5727140833333335,15.269006768467841,-0.2994768522060312,0.7684315106620656,0.005574153706986169,0.7737249539042843
group_2652,-4.5727140833333335,15.269006768467841,-0.2994768522060312,0.7684315106620656,0.005574153706986169,0.7737249539042843
group_2614,-4.5727140833333335,15.269006768467841,-0.2994768522060312,0.7684315106620656,0.005574153706986169,0.7737249539042843
group_2566,-4.5727140833333335,15.269006768467841,-0.2994768522060312,0.7684315106620656,0.005574153706986169,0.7737249539042843
group_2528,-4.5727140833333335,15.269006768467841,-0.2994768522060312,0.7684315106620656,0.005574153706986169,0.7737249539042843
group_2527,-4.5727140833333335,15.269006768467841,-0.2994768522060312,0.7684315106620656,0.005574153706986169,0.7737249539042843
group_2510,-4.5727140833333335,15.269006768467841,-0.2994768522060312,0.7684315106620656,0.005574153706986169,0.7737249539042843
group_2509,-4.5727140833333335,15.269006768467841,-0.2994768522060312,0.7684315106620656,0.005574153706986169,0.7737249539042843
group_2485,-4.5727140833333335,15.269006768467841,-0.2994768522060312,0.7684315106620656,0.005574153706986169,0.7737249539042843
group_2454,-4.5727140833333335,15.269006768467841,-0.2994768522060312,0.7684315106620656,0.005574153706986169,0.7737249539042843
group_2446,-4.5727140833333335,15.269006768467841,-0.2994768522060312,0.7684315106620656,0.005574153706986169,0.7737249539042843
group_2445,-4.5727140833333335,15.269006768467841,-0.2994768522060312,0.7684315106620656,0.005574153706986169,0.7737249539042843
group_2432,-4.5727140833333335,15.269006768467841,-0.2994768522060312,0.7684315106620656,0.005574153706986169,0.7737249539042843
group_2421,-4.5727140833333335,15.269006768467841,-0.2994768522060312,0.7684315106620656,0.005574153706986169,0.7737249539042843
group_2400,-4.5727140833333335,15.269006768467841,-0.2994768522060312,0.7684315106620656,0.005574153706986169,0.7737249539042843
group_2380,-4.5727140833333335,15.269006768467841,-0.2994768522060312,0.7684315106620656,0.005574153706986169,0.7737249539042843
group_2370,-4.5727140833333335,15.269006768467841,-0.2994768522060312,0.7684315106620656,0.005574153706986169,0.7737249539042843
group_2357,-4.5727140833333335,15.269006768467841,-0.2994768522060312,0.7684315106620656,0.005574153706986169,0.7737249539042843
group_2326,-4.5727140833333335,15.269006768467841,-0.2994768522060312,0.7684315106620656,0.005574153706986169,0.7737249539042843
group_2311,-4.5727140833333335,15.269006768467841,-0.2994768522060312,0.7684315106620656,0.005574153706986169,0.7737249539042843
group_2280,-4.5727140833333335,15.269006768467841,-0.2994768522060312,0.7684315106620656,0.005574153706986169,0.7737249539042843
group_2263,-4.5727140833333335,15.269006768467841,-0.2994768522060312,0.7684315106620656,0.005574153706986169,0.7737249539042843
group_2260,-4.5727140833333335,15.269006768467841,-0.2994768522060312,0.7684315106620656,0.005574153706986169,0.7737249539042843
group_2224,-4.5727140833333335,15.269006768467841,-0.2994768522060312,0.7684315106620656,0.005574153706986169,0.7737249539042843
group_2199,-4.5727140833333335,15.269006768467841,-0.2994768522060312,0.7684315106620656,0.005574153706986169,0.7737249539042843
group_2121,-4.5727140833333335,15.269006768467841,-0.2994768522060312,0.7684315106620656,0.005574153706986169,0.7737249539042843
group_2104,-4.5727140833333335,15.269006768467841,-0.2994768522060312,0.7684315106620656,0.005574153706986169,0.7737249539042843
group_2102,-4.5727140833333335,15.269006768467841,-0.2994768522060312,0.7684315106620656,0.005574153706986169,0.7737249539042843
group_2084,-4.5727140833333335,15.269006768467841,-0.2994768522060312,0.7684315106620656,0.005574153706986169,0.7737249539042843
group_2058,-4.5727140833333335,15.269006768467841,-0.2994768522060312,0.7684315106620656,0.005574153706986169,0.7737249539042843
group_2045,-4.5727140833333335,15.269006768467841,-0.2994768522060312,0.7684315106620656,0.005574153706986169,0.7737249539042843
group_2038,-4.5727140833333335,15.269006768467841,-0.2994768522060312,0.7684315106620656,0.005574153706986169,0.7737249539042843
group_2024,-4.5727140833333335,15.269006768467841,-0.2994768522060312,0.7684315106620656,0.005574153706986169,0.7737249539042843
group_2000,-4.5727140833333335,15.269006768467841,-0.2994768522060312,0.7684315106620656,0.005574153706986169,0.7737249539042843
group_1970,-4.5727140833333335,15.269006768467841,-0.2994768522060312,0.7684315106620656,0.005574153706986169,0.7737249539042843
group_1966,-4.5727140833333335,15.269006768467841,-0.2994768522060312,0.7684315106620656,0.005574153706986169,0.7737249539042843
group_1945,-4.5727140833333335,15.269006768467841,-0.2994768522060312,0.7684315106620656,0.005574153706986169,0.7737249539042843
group_1854,-4.5727140833333335,15.269006768467841,-0.2994768522060312,0.7684315106620656,0.005574153706986169,0.7737249539042843
group_1839,-4.5727140833333335,15.269006768467841,-0.2994768522060312,0.7684315106620656,0.005574153706986169,0.7737249539042843
group_1815,-4.5727140833333335,15.269006768467841,-0.2994768522060312,0.7684315106620656,0.005574153706986169,0.7737249539042843
group_1794,-4.5727140833333335,15.269006768467841,-0.2994768522060312,0.7684315106620656,0.005574153706986169,0.7737249539042843
group_1748,-4.5727140833333335,15.269006768467841,-0.2994768522060312,0.7684315106620656,0.005574153706986169,0.7737249539042843
group_1643,-4.5727140833333335,15.269006768467841,-0.2994768522060312,0.7684315106620656,0.005574153706986169,0.7737249539042843
group_1631,-4.5727140833333335,15.269006768467841,-0.2994768522060312,0.7684315106620656,0.005574153706986169,0.7737249539042843
group_1618,-4.5727140833333335,15.269006768467841,-0.2994768522060312,0.7684315106620656,0.005574153706986169,0.7737249539042843
group_1611,-4.5727140833333335,15.269006768467841,-0.2994768522060312,0.7684315106620656,0.005574153706986169,0.7737249539042843
group_1610,-4.5727140833333335,15.269006768467841,-0.2994768522060312,0.7684315106620656,0.005574153706986169,0.7737249539042843
group_1604,-4.5727140833333335,15.269006768467841,-0.2994768522060312,0.7684315106620656,0.005574153706986169,0.7737249539042843
group_1588,-4.5727140833333335,15.269006768467841,-0.2994768522060312,0.7684315106620656,0.005574153706986169,0.7737249539042843
group_1554,-4.5727140833333335,15.269006768467841,-0.2994768522060312,0.7684315106620656,0.005574153706986169,0.7737249539042843
group_1544,-4.5727140833333335,15.269006768467841,-0.2994768522060312,0.7684315106620656,0.005574153706986169,0.7737249539042843
group_1482,-4.5727140833333335,15.269006768467841,-0.2994768522060312,0.7684315106620656,0.005574153706986169,0.7737249539042843
group_1451,-4.5727140833333335,15.269006768467841,-0.2994768522060312,0.7684315106620656,0.005574153706986169,0.7737249539042843
group_1398,-4.5727140833333335,15.269006768467841,-0.2994768522060312,0.7684315106620656,0.005574153706986169,0.7737249539042843
group_1370,-4.5727140833333335,15.269006768467841,-0.2994768522060312,0.7684315106620656,0.005574153706986169,0.7737249539042843
group_1316,-4.5727140833333335,15.269006768467841,-0.2994768522060312,0.7684315106620656,0.005574153706986169,0.7737249539042843
group_1315,-4.5727140833333335,15.269006768467841,-0.2994768522060312,0.7684315106620656,0.005574153706986169,0.7737249539042843
group_1304,-4.5727140833333335,15.269006768467841,-0.2994768522060312,0.7684315106620656,0.005574153706986169,0.7737249539042843
group_1267,-4.5727140833333335,15.269006768467841,-0.2994768522060312,0.7684315106620656,0.005574153706986169,0.7737249539042843
group_1258,-4.5727140833333335,15.269006768467841,-0.2994768522060312,0.7684315106620656,0.005574153706986169,0.7737249539042843
group_1232,-4.5727140833333335,15.269006768467841,-0.2994768522060312,0.7684315106620656,0.005574153706986169,0.7737249539042843
group_1231,-4.5727140833333335,15.269006768467841,-0.2994768522060312,0.7684315106620656,0.005574153706986169,0.7737249539042843
group_1222,-4.5727140833333335,15.269006768467841,-0.2994768522060312,0.7684315106620656,0.005574153706986169,0.7737249539042843
group_1196,-4.5727140833333335,15.269006768467841,-0.2994768522060312,0.7684315106620656,0.005574153706986169,0.7737249539042843
group_1195,-4.5727140833333335,15.269006768467841,-0.2994768522060312,0.7684315106620656,0.005574153706986169,0.7737249539042843
group_1185,-4.5727140833333335,15.269006768467841,-0.2994768522060312,0.7684315106620656,0.005574153706986169,0.7737249539042843
group_1161,-4.5727140833333335,15.269006768467841,-0.2994768522060312,0.7684315106620656,0.005574153706986169,0.7737249539042843
group_1072,-4.5727140833333335,15.269006768467841,-0.2994768522060312,0.7684315106620656,0.005574153706986169,0.7737249539042843
group_1049,-4.5727140833333335,15.269006768467841,-0.2994768522060312,0.7684315106620656,0.005574153706986169,0.7737249539042843
group_1010,-4.5727140833333335,15.269006768467841,-0.2994768522060312,0.7684315106620656,0.005574153706986169,0.7737249539042843
group_964,-4.5727140833333335,15.269006768467841,-0.2994768522060312,0.7684315106620656,0.005574153706986169,0.7737249539042843
group_957,-4.5727140833333335,15.269006768467841,-0.2994768522060312,0.7684315106620656,0.005574153706986169,0.7737249539042843
group_932,-4.5727140833333335,15.269006768467841,-0.2994768522060312,0.7684315106620656,0.005574153706986169,0.7737249539042843
group_899,-4.5727140833333335,15.269006768467841,-0.2994768522060312,0.7684315106620656,0.005574153706986169,0.7737249539042843
group_881,-4.5727140833333335,15.269006768467841,-0.2994768522060312,0.7684315106620656,0.005574153706986169,0.7737249539042843
group_872,-4.5727140833333335,15.269006768467841,-0.2994768522060312,0.7684315106620656,0.005574153706986169,0.7737249539042843
group_813,-4.5727140833333335,15.269006768467841,-0.2994768522060312,0.7684315106620656,0.005574153706986169,0.7737249539042843
group_775,-4.5727140833333335,15.269006768467841,-0.2994768522060312,0.7684315106620656,0.005574153706986169,0.7737249539042843
group_774,-4.5727140833333335,15.269006768467841,-0.2994768522060312,0.7684315106620656,0.005574153706986169,0.7737249539042843
group_762,-4.5727140833333335,15.269006768467841,-0.2994768522060312,0.7684315106620656,0.005574153706986169,0.7737249539042843
group_694,-4.5727140833333335,15.269006768467841,-0.2994768522060312,0.7684315106620656,0.005574153706986169,0.7737249539042843
group_690,-4.5727140833333335,15.269006768467841,-0.2994768522060312,0.7684315106620656,0.005574153706986169,0.7737249539042843
group_667,-4.5727140833333335,15.269006768467841,-0.2994768522060312,0.7684315106620656,0.005574153706986169,0.7737249539042843
group_661,-4.5727140833333335,15.269006768467841,-0.2994768522060312,0.7684315106620656,0.005574153706986169,0.7737249539042843
group_660,-4.5727140833333335,15.269006768467841,-0.2994768522060312,0.7684315106620656,0.005574153706986169,0.7737249539042843
group_640,-4.5727140833333335,15.269006768467841,-0.2994768522060312,0.7684315106620656,0.005574153706986169,0.7737249539042843
group_611,-4.5727140833333335,15.269006768467841,-0.2994768522060312,0.7684315106620656,0.005574153706986169,0.7737249539042843
ipsA,-4.5727140833333335,15.269006768467841,-0.2994768522060312,0.7684315106620656,0.005574153706986169,0.7737249539042843
group_584,-4.5727140833333335,15.269006768467841,-0.2994768522060312,0.7684315106620656,0.005574153706986169,0.7737249539042843
ybjJ_3,-4.5727140833333335,15.269006768467841,-0.2994768522060312,0.7684315106620656,0.005574153706986169,0.7737249539042843
group_530,-4.5727140833333335,15.269006768467841,-0.2994768522060312,0.7684315106620656,0.005574153706986169,0.7737249539042843
aplIM,-4.5727140833333335,15.269006768467841,-0.2994768522060312,0.7684315106620656,0.005574153706986169,0.7737249539042843
group_479,-4.5727140833333335,15.269006768467841,-0.2994768522060312,0.7684315106620656,0.005574153706986169,0.7737249539042843
group_466,-4.5727140833333335,15.269006768467841,-0.2994768522060312,0.7684315106620656,0.005574153706986169,0.7737249539042843
ybjJ_2,-4.5727140833333335,15.269006768467841,-0.2994768522060312,0.7684315106620656,0.005574153706986169,0.7737249539042843
group_423,-4.5727140833333335,15.269006768467841,-0.2994768522060312,0.7684315106620656,0.005574153706986169,0.7737249539042843
hpsN,-4.5727140833333335,15.269006768467841,-0.2994768522060312,0.7684315106620656,0.005574153706986169,0.7737249539042843
group_387,-4.5727140833333335,15.269006768467841,-0.2994768522060312,0.7684315106620656,0.005574153706986169,0.7737249539042843
group_386,-4.5727140833333335,15.269006768467841,-0.2994768522060312,0.7684315106620656,0.005574153706986169,0.7737249539042843
group_307,-4.5727140833333335,15.269006768467841,-0.2994768522060312,0.7684315106620656,0.005574153706986169,0.7737249539042843
livQ,-4.5727140833333335,15.269006768467841,-0.2994768522060312,0.7684315106620656,0.005574153706986169,0.7737249539042843
group_244,-4.5727140833333335,15.269006768467841,-0.2994768522060312,0.7684315106620656,0.005574153706986169,0.7737249539042843
group_234,-4.5727140833333335,15.269006768467841,-0.2994768522060312,0.7684315106620656,0.005574153706986169,0.7737249539042843
group_224,-4.5727140833333335,15.269006768467841,-0.2994768522060312,0.7684315106620656,0.005574153706986169,0.7737249539042843
group_204,-4.5727140833333335,15.269006768467841,-0.2994768522060312,0.7684315106620656,0.005574153706986169,0.7737249539042843
ilvI_2,-4.5727140833333335,15.269006768467841,-0.2994768522060312,0.7684315106620656,0.005574153706986169,0.7737249539042843
group_195,-4.5727140833333335,15.269006768467841,-0.2994768522060312,0.7684315106620656,0.005574153706986169,0.7737249539042843
group_159,-4.5727140833333335,15.269006768467841,-0.2994768522060312,0.7684315106620656,0.005574153706986169,0.7737249539042843
group_153,-4.5727140833333335,15.269006768467841,-0.2994768522060312,0.7684315106620656,0.005574153706986169,0.7737249539042843
group_145,-4.5727140833333335,15.269006768467841,-0.2994768522060312,0.7684315106620656,0.005574153706986169,0.7737249539042843
group_124,-4.5727140833333335,15.269006768467841,-0.2994768522060312,0.7684315106620656,0.005574153706986169,0.7737249539042843
group_113,-4.5727140833333335,15.269006768467841,-0.2994768522060312,0.7684315106620656,0.005574153706986169,0.7737249539042843
group_74,-4.5727140833333335,15.269006768467841,-0.2994768522060312,0.7684315106620656,0.005574153706986169,0.7737249539042843
dnaG_1,-4.5727140833333335,15.269006768467841,-0.2994768522060312,0.7684315106620656,0.005574153706986169,0.7737249539042843
group_41,-4.5727140833333335,15.269006768467841,-0.2994768522060312,0.7684315106620656,0.005574153706986169,0.7737249539042843
group_24,-4.5727140833333335,15.269006768467841,-0.2994768522060312,0.7684315106620656,0.005574153706986169,0.7737249539042843
rhsC,6.157782362500037,18.092114606509753,0.3403572493557163,0.738015134322817,0.0071881475128483495,0.7737249539042843
group_3240,6.629837245000038,18.081684995960114,0.36666036635862775,0.7186761353565727,0.008332475482421768,0.7737249539042843
group_2852,6.629837245000038,18.081684995960114,0.36666036635862775,0.7186761353565727,0.008332475482421768,0.7737249539042843
group_2704,6.157782362500037,18.092114606509753,0.3403572493557163,0.738015134322817,0.0071881475128483495,0.7737249539042843
group_2325,6.157782362500037,18.092114606509753,0.3403572493557163,0.738015134322817,0.0071881475128483495,0.7737249539042843
group_2269,6.157782362500037,18.092114606509753,0.3403572493557163,0.738015134322817,0.0071881475128483495,0.7737249539042843
group_2149,6.157782362500037,18.092114606509753,0.3403572493557163,0.738015134322817,0.0071881475128483495,0.7737249539042843
crcB_1,6.157782362500037,18.092114606509753,0.3403572493557163,0.738015134322817,0.0071881475128483495,0.7737249539042843
group_1924,6.157782362500037,18.092114606509753,0.3403572493557163,0.738015134322817,0.0071881475128483495,0.7737249539042843
group_1744,6.629837245000038,18.081684995960114,0.36666036635862775,0.7186761353565727,0.008332475482421768,0.7737249539042843
group_1384,6.157782362500037,18.092114606509753,0.3403572493557163,0.738015134322817,0.0071881475128483495,0.7737249539042843
group_1030,6.629837245000038,18.081684995960114,0.36666036635862775,0.7186761353565727,0.008332475482421768,0.7737249539042843
group_284,6.157782362500037,18.092114606509753,0.3403572493557163,0.738015134322817,0.0071881475128483495,0.7737249539042843
group_125,6.629837245000038,18.081684995960114,0.36666036635862775,0.7186761353565727,0.008332475482421768,0.7737249539042843
msrQ,-6.968694078235278,24.850880267806147,-0.28042041179777005,0.7827483886531805,0.004890689065487052,0.7878389481815296
group_3594,-3.144056994285704,13.703249280233885,-0.22943879440482903,0.821435154708546,0.0032793455340252983,0.8264611441828622
group_1928,-2.2397314910389543,11.691978994318886,-0.19156136802223442,0.8504957103928146,0.0022882368209104576,0.8543925979547519
group_2551,2.2397314910389565,11.691978994318884,0.19156136802223464,0.8504957103928145,0.002288236820910474,0.8543925979547519
group_1971,2.2397314910389565,11.691978994318884,0.19156136802223464,0.8504957103928145,0.002288236820910474,0.8543925979547519
group_109,2.2397314910389565,11.691978994318884,0.19156136802223464,0.8504957103928145,0.002288236820910474,0.8543925979547519
group_559,2.0435528385714243,11.694224679851116,0.17474889481920247,0.8634690998397767,0.001904937801198163,0.8670943517856688
group_1177,-4.246085474705867,24.889246494036975,-0.1705991973571058,0.8666775990338178,0.0018157026108562373,0.8699842667142215
sir2_2,2.5266106881249994,18.146501551635076,0.13923403808362947,0.8910027108020641,0.0012101660587395364,0.8937202181167482
group_3879,2.5266106881249994,18.146501551635076,0.13923403808362947,0.8910027108020641,0.0012101660587395364,0.8937202181167482
group_3247,-2.5057718017646806,24.90399542015159,-0.10061726078447168,0.9211043213322073,6.32339466781458e-4,0.923561535604054
group_1925,-0.9632856284615297,12.73786266663433,-0.07562380390430559,0.9406559027789179,3.573072681927161e-4,0.9428059734138411
group_2628,-0.7755554829870182,11.703773098082157,-0.06626542367897621,0.9479874656464083,2.743688495343647e-4,0.9497924684370526
group_3253,-1.0836173723529183,24.910400026775662,-0.04350060100151587,0.9658407474277677,1.1825490709136907e-4,0.9665755064596641
ywiE,-1.0836173723529183,24.910400026775662,-0.04350060100151587,0.9658407474277677,1.1825490709136907e-4,0.9665755064596641
group_2892,-1.0836173723529183,24.910400026775662,-0.04350060100151587,0.9658407474277677,1.1825490709136907e-4,0.9665755064596641
group_3269,0.1342015099999837,12.740094765594616,0.010533792131782477,0.991725632267188,6.935000447661956e-6,0.991725632267188
group_1476,-0.13420150999998548,12.740094765594616,-0.010533792131782618,0.9917256322671879,6.935000447661956e-6,0.991725632267188
