Gene,p_value,odds_ratio,n_SixtyLake,n_ConnessPond,p_adj,Direction
group_3300,4.113533525298233e-4,0,1,9,0.355500708441885,Enriched in Conness Pond
group_3267,4.113533525298233e-4,0,1,9,0.355500708441885,Enriched in Conness Pond
group_3266,4.113533525298233e-4,0,1,9,0.355500708441885,Enriched in Conness Pond
group_2203,4.113533525298233e-4,0,1,9,0.355500708441885,Enriched in Conness Pond
group_677,4.113533525298233e-4,0,1,9,0.355500708441885,Enriched in Conness Pond
group_3410,4.113533525298233e-4,Inf,8,0,0.355500708441885,Enriched in Sixty Lake
group_3227,4.113533525298233e-4,Inf,8,0,0.355500708441885,Enriched in Sixty Lake
group_3135,4.113533525298233e-4,Inf,8,0,0.355500708441885,Enriched in Sixty Lake
group_2925,4.113533525298233e-4,Inf,8,0,0.355500708441885,Enriched in Sixty Lake
group_3419,0.029411764705882387,0,4,9,0.44163070633658924,Enriched in Conness Pond
group_3412,0.029411764705882387,0,4,9,0.44163070633658924,Enriched in Conness Pond
group_3403,0.029411764705882387,0,4,9,0.44163070633658924,Enriched in Conness Pond
group_3397,0.029411764705882387,0,4,9,0.44163070633658924,Enriched in Conness Pond
group_3351,0.029411764705882387,0,4,9,0.44163070633658924,Enriched in Conness Pond
group_3337,0.029411764705882387,0,4,9,0.44163070633658924,Enriched in Conness Pond
group_3330,0.029411764705882387,0,4,9,0.44163070633658924,Enriched in Conness Pond
lexA_3~~~lexA_4~~~lexA_2,0.029411764705882387,0,4,9,0.44163070633658924,Enriched in Conness Pond
group_3269,0.029411764705882387,0,4,9,0.44163070633658924,Enriched in Conness Pond
group_3219,0.029411764705882387,0,4,9,0.44163070633658924,Enriched in Conness Pond
group_3218,0.029411764705882387,0,4,9,0.44163070633658924,Enriched in Conness Pond
group_3183,0.029411764705882387,0,4,9,0.44163070633658924,Enriched in Conness Pond
group_786,0.029411764705882387,0,4,9,0.44163070633658924,Enriched in Conness Pond
group_3335,0.029411764705882387,Inf,9,4,0.44163070633658924,Enriched in Sixty Lake
group_3288,0.029411764705882387,Inf,9,4,0.44163070633658924,Enriched in Sixty Lake
iaaM_1~~~iaaM_2,0.029411764705882387,Inf,9,4,0.44163070633658924,Enriched in Sixty Lake
group_3208,0.029411764705882387,Inf,9,4,0.44163070633658924,Enriched in Sixty Lake
group_3192,0.009049773755656115,0,3,9,0.44163070633658924,Enriched in Conness Pond
group_3112,0.029411764705882387,Inf,9,4,0.44163070633658924,Enriched in Sixty Lake
group_3102,0.029411764705882387,Inf,9,4,0.44163070633658924,Enriched in Sixty Lake
group_3024,0.029411764705882387,Inf,9,4,0.44163070633658924,Enriched in Sixty Lake
group_2740,0.029411764705882387,Inf,9,4,0.44163070633658924,Enriched in Sixty Lake
group_1968,0.029411764705882387,Inf,9,4,0.44163070633658924,Enriched in Sixty Lake
fecI_2,0.009049773755656115,0,3,9,0.44163070633658924,Enriched in Conness Pond
group_1170,0.029411764705882387,Inf,9,4,0.44163070633658924,Enriched in Sixty Lake
nimR_6,0.029411764705882387,Inf,9,4,0.44163070633658924,Enriched in Sixty Lake
fecR_1,0.009049773755656115,0,3,9,0.44163070633658924,Enriched in Conness Pond
group_654,0.029411764705882387,Inf,9,4,0.44163070633658924,Enriched in Sixty Lake
mdtL,0.029411764705882387,Inf,9,4,0.44163070633658924,Enriched in Sixty Lake
group_233,0.029411764705882387,Inf,9,4,0.44163070633658924,Enriched in Sixty Lake
group_179,0.009049773755656115,0,3,9,0.44163070633658924,Enriched in Conness Pond
btuB_2,0.009049773755656115,0,3,9,0.44163070633658924,Enriched in Conness Pond
mcpQ_1,0.009049773755656115,Inf,9,3,0.44163070633658924,Enriched in Sixty Lake
group_2191,0.009049773755656115,Inf,9,3,0.44163070633658924,Enriched in Sixty Lake
hcp1_2,0.009049773755656115,Inf,9,3,0.44163070633658924,Enriched in Sixty Lake
group_1612,0.0022624434389140256,0,2,9,0.44163070633658924,Enriched in Conness Pond
group_1515,0.009049773755656115,Inf,9,3,0.44163070633658924,Enriched in Sixty Lake
group_855,0.009049773755656115,Inf,9,3,0.44163070633658924,Enriched in Sixty Lake
group_589,0.0022624434389140256,0,2,9,0.44163070633658924,Enriched in Conness Pond
group_550,0.009049773755656115,Inf,9,3,0.44163070633658924,Enriched in Sixty Lake
group_508,0.009049773755656115,Inf,9,3,0.44163070633658924,Enriched in Sixty Lake
group_3274,0.0033730974907445464,0.024488004470752844,1,8,0.44163070633658924,Enriched in Conness Pond
group_3241,0.0033730974907445464,0.024488004470752844,1,8,0.44163070633658924,Enriched in Conness Pond
group_3084,0.0033730974907445464,0.024488004470752844,1,8,0.44163070633658924,Enriched in Conness Pond
group_2707,0.0033730974907445464,0.024488004470752844,1,8,0.44163070633658924,Enriched in Conness Pond
group_2371,0.0033730974907445464,0.024488004470752844,1,8,0.44163070633658924,Enriched in Conness Pond
group_1904,0.0033730974907445464,0.024488004470752844,1,8,0.44163070633658924,Enriched in Conness Pond
group_1749,0.0033730974907445464,0.024488004470752844,1,8,0.44163070633658924,Enriched in Conness Pond
group_1721,0.0033730974907445464,0.024488004470752844,1,8,0.44163070633658924,Enriched in Conness Pond
group_1655,0.0033730974907445464,0.024488004470752844,1,8,0.44163070633658924,Enriched in Conness Pond
group_1217,0.0033730974907445464,0.024488004470752844,1,8,0.44163070633658924,Enriched in Conness Pond
group_1065,0.0033730974907445464,0.024488004470752844,1,8,0.44163070633658924,Enriched in Conness Pond
group_1033,0.0033730974907445464,0.024488004470752844,1,8,0.44163070633658924,Enriched in Conness Pond
group_477,0.0033730974907445464,0.024488004470752844,1,8,0.44163070633658924,Enriched in Conness Pond
group_144,0.0033730974907445464,0.024488004470752844,1,8,0.44163070633658924,Enriched in Conness Pond
group_136,0.0033730974907445464,0.024488004470752844,1,8,0.44163070633658924,Enriched in Conness Pond
argO_1~~~argO_2,0.0033730974907445464,40.83632054193491,8,1,0.44163070633658924,Enriched in Sixty Lake
group_1256,0.0033730974907445464,40.83632054193491,8,1,0.44163070633658924,Enriched in Sixty Lake
group_3276,0.015220074043603442,21.39941267254429,7,1,0.44163070633658924,Enriched in Sixty Lake
group_4332,0.009049773755656115,0,0,6,0.44163070633658924,Enriched in Conness Pond
group_4331,0.009049773755656115,0,0,6,0.44163070633658924,Enriched in Conness Pond
group_4330,0.009049773755656115,0,0,6,0.44163070633658924,Enriched in Conness Pond
group_3678,0.0022624434389140256,Inf,7,0,0.44163070633658924,Enriched in Sixty Lake
group_3529,0.009049773755656115,0,0,6,0.44163070633658924,Enriched in Conness Pond
group_3496,0.0022624434389140256,Inf,7,0,0.44163070633658924,Enriched in Sixty Lake
group_3425,0.009049773755656115,0,0,6,0.44163070633658924,Enriched in Conness Pond
group_3423,0.009049773755656115,0,0,6,0.44163070633658924,Enriched in Conness Pond
group_3402,0.009049773755656115,0,0,6,0.44163070633658924,Enriched in Conness Pond
group_3401,0.009049773755656115,0,0,6,0.44163070633658924,Enriched in Conness Pond
group_3396,0.009049773755656115,0,0,6,0.44163070633658924,Enriched in Conness Pond
group_3393,0.009049773755656115,0,0,6,0.44163070633658924,Enriched in Conness Pond
group_3388,0.009049773755656115,0,0,6,0.44163070633658924,Enriched in Conness Pond
group_3374,0.009049773755656115,0,0,6,0.44163070633658924,Enriched in Conness Pond
group_3373,0.009049773755656115,0,0,6,0.44163070633658924,Enriched in Conness Pond
group_3366,0.009049773755656115,0,0,6,0.44163070633658924,Enriched in Conness Pond
group_3365,0.009049773755656115,0,0,6,0.44163070633658924,Enriched in Conness Pond
group_3362,0.009049773755656115,0,0,6,0.44163070633658924,Enriched in Conness Pond
group_3352,0.009049773755656115,0,0,6,0.44163070633658924,Enriched in Conness Pond
group_3350,0.009049773755656115,0,0,6,0.44163070633658924,Enriched in Conness Pond
yscU_3~~~yscU_1,0.009049773755656115,0,0,6,0.44163070633658924,Enriched in Conness Pond
group_3345,0.009049773755656115,0,0,6,0.44163070633658924,Enriched in Conness Pond
group_3318,0.009049773755656115,0,0,6,0.44163070633658924,Enriched in Conness Pond
group_3317,0.009049773755656115,0,0,6,0.44163070633658924,Enriched in Conness Pond
group_3311,0.009049773755656115,0,0,6,0.44163070633658924,Enriched in Conness Pond
spaP_2~~~spaP_1,0.009049773755656115,0,0,6,0.44163070633658924,Enriched in Conness Pond
group_3306,0.009049773755656115,0,0,6,0.44163070633658924,Enriched in Conness Pond
rcsC_24~~~rcsC_1,0.009049773755656115,0,0,6,0.44163070633658924,Enriched in Conness Pond
group_3293,0.009049773755656115,0,0,6,0.44163070633658924,Enriched in Conness Pond
group_3265,0.009049773755656115,0,0,6,0.44163070633658924,Enriched in Conness Pond
group_3209,0.009049773755656115,0,0,6,0.44163070633658924,Enriched in Conness Pond
rhaS_8~~~rhaS_2,0.009049773755656115,0,0,6,0.44163070633658924,Enriched in Conness Pond
group_3164,0.009049773755656115,0,0,6,0.44163070633658924,Enriched in Conness Pond
group_3155,0.009049773755656115,0,0,6,0.44163070633658924,Enriched in Conness Pond
yscN_2~~~yscN_1,0.009049773755656115,0,0,6,0.44163070633658924,Enriched in Conness Pond
tri1_1,0.0022624434389140256,Inf,7,0,0.44163070633658924,Enriched in Sixty Lake
nanT_1~~~naiP_1,0.009049773755656115,0,0,6,0.44163070633658924,Enriched in Conness Pond
group_2938,0.009049773755656115,0,0,6,0.44163070633658924,Enriched in Conness Pond
group_2936,0.009049773755656115,0,0,6,0.44163070633658924,Enriched in Conness Pond
group_2935,0.009049773755656115,0,0,6,0.44163070633658924,Enriched in Conness Pond
group_2818,0.009049773755656115,0,0,6,0.44163070633658924,Enriched in Conness Pond
group_2735,0.009049773755656115,0,0,6,0.44163070633658924,Enriched in Conness Pond
group_2734,0.009049773755656115,0,0,6,0.44163070633658924,Enriched in Conness Pond
group_2671,0.009049773755656115,0,0,6,0.44163070633658924,Enriched in Conness Pond
group_2670,0.009049773755656115,0,0,6,0.44163070633658924,Enriched in Conness Pond
group_2581,0.009049773755656115,0,0,6,0.44163070633658924,Enriched in Conness Pond
spaQ,0.009049773755656115,0,0,6,0.44163070633658924,Enriched in Conness Pond
group_2315,0.009049773755656115,0,0,6,0.44163070633658924,Enriched in Conness Pond
group_2193,0.009049773755656115,0,0,6,0.44163070633658924,Enriched in Conness Pond
group_2096,0.009049773755656115,0,0,6,0.44163070633658924,Enriched in Conness Pond
group_2052,0.009049773755656115,0,0,6,0.44163070633658924,Enriched in Conness Pond
group_1741,0.009049773755656115,0,0,6,0.44163070633658924,Enriched in Conness Pond
group_1464,0.009049773755656115,0,0,6,0.44163070633658924,Enriched in Conness Pond
group_1420,0.009049773755656115,0,0,6,0.44163070633658924,Enriched in Conness Pond
osmW_2,0.009049773755656115,0,0,6,0.44163070633658924,Enriched in Conness Pond
group_1147,0.009049773755656115,0,0,6,0.44163070633658924,Enriched in Conness Pond
group_1128,0.009049773755656115,0,0,6,0.44163070633658924,Enriched in Conness Pond
group_1083,0.009049773755656115,0,0,6,0.44163070633658924,Enriched in Conness Pond
group_1025,0.009049773755656115,0,0,6,0.44163070633658924,Enriched in Conness Pond
hyuA_2,0.009049773755656115,0,0,6,0.44163070633658924,Enriched in Conness Pond
osmX_2,0.009049773755656115,0,0,6,0.44163070633658924,Enriched in Conness Pond
group_905,0.009049773755656115,0,0,6,0.44163070633658924,Enriched in Conness Pond
group_900,0.009049773755656115,0,0,6,0.44163070633658924,Enriched in Conness Pond
group_889,0.009049773755656115,0,0,6,0.44163070633658924,Enriched in Conness Pond
tri1_2,0.009049773755656115,0,0,6,0.44163070633658924,Enriched in Conness Pond
group_846,0.009049773755656115,0,0,6,0.44163070633658924,Enriched in Conness Pond
leuA_2,0.009049773755656115,0,0,6,0.44163070633658924,Enriched in Conness Pond
group_663,0.009049773755656115,0,0,6,0.44163070633658924,Enriched in Conness Pond
group_642,0.009049773755656115,0,0,6,0.44163070633658924,Enriched in Conness Pond
osmV_2,0.009049773755656115,0,0,6,0.44163070633658924,Enriched in Conness Pond
group_562,0.009049773755656115,0,0,6,0.44163070633658924,Enriched in Conness Pond
group_559,0.0022624434389140256,Inf,7,0,0.44163070633658924,Enriched in Sixty Lake
pntAA_1,0.009049773755656115,0,0,6,0.44163070633658924,Enriched in Conness Pond
pntB_1,0.009049773755656115,0,0,6,0.44163070633658924,Enriched in Conness Pond
sctC_2,0.009049773755656115,0,0,6,0.44163070633658924,Enriched in Conness Pond
sseC,0.009049773755656115,0,0,6,0.44163070633658924,Enriched in Conness Pond
apc4,0.009049773755656115,0,0,6,0.44163070633658924,Enriched in Conness Pond
shlB_1,0.009049773755656115,0,0,6,0.44163070633658924,Enriched in Conness Pond
group_161,0.009049773755656115,0,0,6,0.44163070633658924,Enriched in Conness Pond
ssaV_1,0.009049773755656115,0,0,6,0.44163070633658924,Enriched in Conness Pond
apc3,0.009049773755656115,0,0,6,0.44163070633658924,Enriched in Conness Pond
group_88,0.009049773755656115,0,0,6,0.44163070633658924,Enriched in Conness Pond
group_4338,0.029411764705882373,0,0,5,0.44163070633658924,Enriched in Conness Pond
group_4336,0.029411764705882373,0,0,5,0.44163070633658924,Enriched in Conness Pond
group_4335,0.029411764705882373,0,0,5,0.44163070633658924,Enriched in Conness Pond
group_4334,0.029411764705882373,0,0,5,0.44163070633658924,Enriched in Conness Pond
group_4333,0.029411764705882373,0,0,5,0.44163070633658924,Enriched in Conness Pond
group_3796,0.029411764705882373,0,0,5,0.44163070633658924,Enriched in Conness Pond
group_3794,0.029411764705882373,0,0,5,0.44163070633658924,Enriched in Conness Pond
group_3792,0.029411764705882373,0,0,5,0.44163070633658924,Enriched in Conness Pond
group_3790,0.029411764705882373,0,0,5,0.44163070633658924,Enriched in Conness Pond
group_3789,0.029411764705882373,0,0,5,0.44163070633658924,Enriched in Conness Pond
group_3786,0.029411764705882373,0,0,5,0.44163070633658924,Enriched in Conness Pond
group_3785,0.029411764705882373,0,0,5,0.44163070633658924,Enriched in Conness Pond
group_3784,0.029411764705882373,0,0,5,0.44163070633658924,Enriched in Conness Pond
group_3781,0.029411764705882373,0,0,5,0.44163070633658924,Enriched in Conness Pond
group_3775,0.029411764705882373,0,0,5,0.44163070633658924,Enriched in Conness Pond
group_3774,0.029411764705882373,0,0,5,0.44163070633658924,Enriched in Conness Pond
group_3773,0.029411764705882373,0,0,5,0.44163070633658924,Enriched in Conness Pond
group_3772,0.029411764705882373,0,0,5,0.44163070633658924,Enriched in Conness Pond
addA_2,0.029411764705882373,0,0,5,0.44163070633658924,Enriched in Conness Pond
group_3766,0.029411764705882373,0,0,5,0.44163070633658924,Enriched in Conness Pond
group_3765,0.029411764705882373,0,0,5,0.44163070633658924,Enriched in Conness Pond
group_3764,0.029411764705882373,0,0,5,0.44163070633658924,Enriched in Conness Pond
group_3763,0.029411764705882373,0,0,5,0.44163070633658924,Enriched in Conness Pond
recF_3,0.029411764705882373,0,0,5,0.44163070633658924,Enriched in Conness Pond
group_3761,0.029411764705882373,0,0,5,0.44163070633658924,Enriched in Conness Pond
group_3758,0.029411764705882373,0,0,5,0.44163070633658924,Enriched in Conness Pond
cusR_1,0.029411764705882373,0,0,5,0.44163070633658924,Enriched in Conness Pond
group_3754,0.029411764705882373,0,0,5,0.44163070633658924,Enriched in Conness Pond
group_3745,0.029411764705882373,0,0,5,0.44163070633658924,Enriched in Conness Pond
group_3744,0.029411764705882373,0,0,5,0.44163070633658924,Enriched in Conness Pond
group_3743,0.029411764705882373,0,0,5,0.44163070633658924,Enriched in Conness Pond
group_3742,0.029411764705882373,0,0,5,0.44163070633658924,Enriched in Conness Pond
cheB_5,0.029411764705882373,0,0,5,0.44163070633658924,Enriched in Conness Pond
actP_2,0.029411764705882373,0,0,5,0.44163070633658924,Enriched in Conness Pond
group_3741,0.029411764705882373,0,0,5,0.44163070633658924,Enriched in Conness Pond
group_3738,0.029411764705882373,0,0,5,0.44163070633658924,Enriched in Conness Pond
group_3736,0.029411764705882373,0,0,5,0.44163070633658924,Enriched in Conness Pond
group_3735,0.029411764705882373,0,0,5,0.44163070633658924,Enriched in Conness Pond
group_3731,0.029411764705882373,0,0,5,0.44163070633658924,Enriched in Conness Pond
nhaK_1,0.029411764705882373,0,0,5,0.44163070633658924,Enriched in Conness Pond
group_3729,0.029411764705882373,0,0,5,0.44163070633658924,Enriched in Conness Pond
group_3722,0.029411764705882373,0,0,5,0.44163070633658924,Enriched in Conness Pond
group_3721,0.029411764705882373,0,0,5,0.44163070633658924,Enriched in Conness Pond
group_3720,0.029411764705882373,0,0,5,0.44163070633658924,Enriched in Conness Pond
rcsC_30,0.029411764705882373,0,0,5,0.44163070633658924,Enriched in Conness Pond
group_3718,0.029411764705882373,0,0,5,0.44163070633658924,Enriched in Conness Pond
group_3716,0.029411764705882373,0,0,5,0.44163070633658924,Enriched in Conness Pond
group_3715,0.029411764705882373,0,0,5,0.44163070633658924,Enriched in Conness Pond
group_3714,0.029411764705882373,0,0,5,0.44163070633658924,Enriched in Conness Pond
group_3713,0.029411764705882373,0,0,5,0.44163070633658924,Enriched in Conness Pond
group_3712,0.029411764705882373,0,0,5,0.44163070633658924,Enriched in Conness Pond
group_3711,0.029411764705882373,0,0,5,0.44163070633658924,Enriched in Conness Pond
group_3708,0.029411764705882373,0,0,5,0.44163070633658924,Enriched in Conness Pond
group_3707,0.029411764705882373,0,0,5,0.44163070633658924,Enriched in Conness Pond
group_3706,0.029411764705882373,0,0,5,0.44163070633658924,Enriched in Conness Pond
group_3593,0.029411764705882373,0,0,5,0.44163070633658924,Enriched in Conness Pond
group_3332,0.009049773755656115,Inf,6,0,0.44163070633658924,Enriched in Sixty Lake
group_3324,0.009049773755656115,Inf,6,0,0.44163070633658924,Enriched in Sixty Lake
group_3316,0.009049773755656115,Inf,6,0,0.44163070633658924,Enriched in Sixty Lake
group_3272,0.009049773755656115,Inf,6,0,0.44163070633658924,Enriched in Sixty Lake
group_3124,0.029411764705882373,0,0,5,0.44163070633658924,Enriched in Conness Pond
group_3119,0.029411764705882373,0,0,5,0.44163070633658924,Enriched in Conness Pond
group_3063,0.029411764705882373,0,0,5,0.44163070633658924,Enriched in Conness Pond
group_3041,0.029411764705882373,0,0,5,0.44163070633658924,Enriched in Conness Pond
group_3034,0.029411764705882373,0,0,5,0.44163070633658924,Enriched in Conness Pond
dmlR_20,0.029411764705882373,0,0,5,0.44163070633658924,Enriched in Conness Pond
group_2957,0.029411764705882373,0,0,5,0.44163070633658924,Enriched in Conness Pond
fbp_2~~~fbp_1,0.009049773755656115,Inf,6,0,0.44163070633658924,Enriched in Sixty Lake
group_2891,0.029411764705882373,0,0,5,0.44163070633658924,Enriched in Conness Pond
group_2881,0.029411764705882373,0,0,5,0.44163070633658924,Enriched in Conness Pond
group_2872,0.029411764705882373,0,0,5,0.44163070633658924,Enriched in Conness Pond
group_2867,0.029411764705882373,0,0,5,0.44163070633658924,Enriched in Conness Pond
group_2860,0.029411764705882373,0,0,5,0.44163070633658924,Enriched in Conness Pond
group_2847,0.029411764705882373,0,0,5,0.44163070633658924,Enriched in Conness Pond
group_2845,0.029411764705882373,0,0,5,0.44163070633658924,Enriched in Conness Pond
group_2842,0.029411764705882373,0,0,5,0.44163070633658924,Enriched in Conness Pond
group_2837,0.029411764705882373,0,0,5,0.44163070633658924,Enriched in Conness Pond
group_2831,0.029411764705882373,0,0,5,0.44163070633658924,Enriched in Conness Pond
group_2811,0.029411764705882373,0,0,5,0.44163070633658924,Enriched in Conness Pond
group_2797,0.029411764705882373,0,0,5,0.44163070633658924,Enriched in Conness Pond
group_2796,0.029411764705882373,0,0,5,0.44163070633658924,Enriched in Conness Pond
group_2758,0.029411764705882373,0,0,5,0.44163070633658924,Enriched in Conness Pond
group_2747,0.029411764705882373,0,0,5,0.44163070633658924,Enriched in Conness Pond
group_2729,0.029411764705882373,0,0,5,0.44163070633658924,Enriched in Conness Pond
group_2711,0.029411764705882373,0,0,5,0.44163070633658924,Enriched in Conness Pond
group_2698,0.029411764705882373,0,0,5,0.44163070633658924,Enriched in Conness Pond
group_2689,0.029411764705882373,0,0,5,0.44163070633658924,Enriched in Conness Pond
group_2653,0.009049773755656115,Inf,6,0,0.44163070633658924,Enriched in Sixty Lake
group_2632,0.029411764705882373,0,0,5,0.44163070633658924,Enriched in Conness Pond
group_2619,0.029411764705882373,0,0,5,0.44163070633658924,Enriched in Conness Pond
group_2608,0.029411764705882373,0,0,5,0.44163070633658924,Enriched in Conness Pond
group_2601,0.029411764705882373,0,0,5,0.44163070633658924,Enriched in Conness Pond
group_2600,0.029411764705882373,0,0,5,0.44163070633658924,Enriched in Conness Pond
group_2599,0.029411764705882373,0,0,5,0.44163070633658924,Enriched in Conness Pond
group_2598,0.029411764705882373,0,0,5,0.44163070633658924,Enriched in Conness Pond
group_2573,0.029411764705882373,0,0,5,0.44163070633658924,Enriched in Conness Pond
group_2572,0.029411764705882373,0,0,5,0.44163070633658924,Enriched in Conness Pond
group_2560,0.029411764705882373,0,0,5,0.44163070633658924,Enriched in Conness Pond
group_2559,0.029411764705882373,0,0,5,0.44163070633658924,Enriched in Conness Pond
group_2542,0.029411764705882373,0,0,5,0.44163070633658924,Enriched in Conness Pond
group_2535,0.029411764705882373,0,0,5,0.44163070633658924,Enriched in Conness Pond
group_2534,0.029411764705882373,0,0,5,0.44163070633658924,Enriched in Conness Pond
group_2533,0.029411764705882373,0,0,5,0.44163070633658924,Enriched in Conness Pond
group_2518,0.029411764705882373,0,0,5,0.44163070633658924,Enriched in Conness Pond
group_2517,0.029411764705882373,0,0,5,0.44163070633658924,Enriched in Conness Pond
group_2516,0.029411764705882373,0,0,5,0.44163070633658924,Enriched in Conness Pond
group_2515,0.029411764705882373,0,0,5,0.44163070633658924,Enriched in Conness Pond
group_2506,0.029411764705882373,0,0,5,0.44163070633658924,Enriched in Conness Pond
group_2505,0.029411764705882373,0,0,5,0.44163070633658924,Enriched in Conness Pond
group_2492,0.029411764705882373,0,0,5,0.44163070633658924,Enriched in Conness Pond
group_2491,0.029411764705882373,0,0,5,0.44163070633658924,Enriched in Conness Pond
group_2475,0.029411764705882373,0,0,5,0.44163070633658924,Enriched in Conness Pond
group_2451,0.029411764705882373,0,0,5,0.44163070633658924,Enriched in Conness Pond
group_2450,0.029411764705882373,0,0,5,0.44163070633658924,Enriched in Conness Pond
group_2437,0.029411764705882373,0,0,5,0.44163070633658924,Enriched in Conness Pond
group_2413,0.029411764705882373,0,0,5,0.44163070633658924,Enriched in Conness Pond
group_2385,0.029411764705882373,0,0,5,0.44163070633658924,Enriched in Conness Pond
group_2384,0.029411764705882373,0,0,5,0.44163070633658924,Enriched in Conness Pond
group_2362,0.029411764705882373,0,0,5,0.44163070633658924,Enriched in Conness Pond
group_2361,0.029411764705882373,0,0,5,0.44163070633658924,Enriched in Conness Pond
ybcO,0.029411764705882373,0,0,5,0.44163070633658924,Enriched in Conness Pond
group_2354,0.029411764705882373,0,0,5,0.44163070633658924,Enriched in Conness Pond
group_2345,0.029411764705882373,0,0,5,0.44163070633658924,Enriched in Conness Pond
group_2339,0.029411764705882373,0,0,5,0.44163070633658924,Enriched in Conness Pond
group_2338,0.029411764705882373,0,0,5,0.44163070633658924,Enriched in Conness Pond
group_2329,0.029411764705882373,0,0,5,0.44163070633658924,Enriched in Conness Pond
group_2328,0.029411764705882373,0,0,5,0.44163070633658924,Enriched in Conness Pond
group_2317,0.029411764705882373,0,0,5,0.44163070633658924,Enriched in Conness Pond
group_2316,0.029411764705882373,0,0,5,0.44163070633658924,Enriched in Conness Pond
group_2298,0.029411764705882373,0,0,5,0.44163070633658924,Enriched in Conness Pond
group_2291,0.029411764705882373,0,0,5,0.44163070633658924,Enriched in Conness Pond
group_2290,0.029411764705882373,0,0,5,0.44163070633658924,Enriched in Conness Pond
group_2289,0.029411764705882373,0,0,5,0.44163070633658924,Enriched in Conness Pond
group_2284,0.029411764705882373,0,0,5,0.44163070633658924,Enriched in Conness Pond
group_2275,0.029411764705882373,0,0,5,0.44163070633658924,Enriched in Conness Pond
group_2274,0.029411764705882373,0,0,5,0.44163070633658924,Enriched in Conness Pond
group_2265,0.029411764705882373,0,0,5,0.44163070633658924,Enriched in Conness Pond
group_2245,0.029411764705882373,0,0,5,0.44163070633658924,Enriched in Conness Pond
group_2231,0.029411764705882373,0,0,5,0.44163070633658924,Enriched in Conness Pond
group_2230,0.029411764705882373,0,0,5,0.44163070633658924,Enriched in Conness Pond
group_2218,0.029411764705882373,0,0,5,0.44163070633658924,Enriched in Conness Pond
group_2217,0.029411764705882373,0,0,5,0.44163070633658924,Enriched in Conness Pond
group_2216,0.029411764705882373,0,0,5,0.44163070633658924,Enriched in Conness Pond
group_2195,0.029411764705882373,0,0,5,0.44163070633658924,Enriched in Conness Pond
group_2194,0.029411764705882373,0,0,5,0.44163070633658924,Enriched in Conness Pond
group_2160,0.029411764705882373,0,0,5,0.44163070633658924,Enriched in Conness Pond
group_2159,0.029411764705882373,0,0,5,0.44163070633658924,Enriched in Conness Pond
group_2158,0.029411764705882373,0,0,5,0.44163070633658924,Enriched in Conness Pond
group_2157,0.029411764705882373,0,0,5,0.44163070633658924,Enriched in Conness Pond
group_2143,0.029411764705882373,0,0,5,0.44163070633658924,Enriched in Conness Pond
group_2131,0.029411764705882373,0,0,5,0.44163070633658924,Enriched in Conness Pond
group_2130,0.029411764705882373,0,0,5,0.44163070633658924,Enriched in Conness Pond
group_2129,0.029411764705882373,0,0,5,0.44163070633658924,Enriched in Conness Pond
group_2125,0.029411764705882373,0,0,5,0.44163070633658924,Enriched in Conness Pond
group_2124,0.029411764705882373,0,0,5,0.44163070633658924,Enriched in Conness Pond
group_2109,0.029411764705882373,0,0,5,0.44163070633658924,Enriched in Conness Pond
group_2108,0.029411764705882373,0,0,5,0.44163070633658924,Enriched in Conness Pond
group_2097,0.029411764705882373,0,0,5,0.44163070633658924,Enriched in Conness Pond
group_2088,0.029411764705882373,0,0,5,0.44163070633658924,Enriched in Conness Pond
group_2075,0.029411764705882373,0,0,5,0.44163070633658924,Enriched in Conness Pond
group_2061,0.029411764705882373,0,0,5,0.44163070633658924,Enriched in Conness Pond
group_2051,0.029411764705882373,0,0,5,0.44163070633658924,Enriched in Conness Pond
group_2039,0.029411764705882373,0,0,5,0.44163070633658924,Enriched in Conness Pond
group_2007,0.029411764705882373,0,0,5,0.44163070633658924,Enriched in Conness Pond
group_2002,0.029411764705882373,0,0,5,0.44163070633658924,Enriched in Conness Pond
group_1993,0.029411764705882373,0,0,5,0.44163070633658924,Enriched in Conness Pond
group_1992,0.029411764705882373,0,0,5,0.44163070633658924,Enriched in Conness Pond
group_1982,0.029411764705882373,0,0,5,0.44163070633658924,Enriched in Conness Pond
group_1961,0.029411764705882373,0,0,5,0.44163070633658924,Enriched in Conness Pond
group_1950,0.029411764705882373,0,0,5,0.44163070633658924,Enriched in Conness Pond
group_1946,0.009049773755656115,Inf,6,0,0.44163070633658924,Enriched in Sixty Lake
group_1939,0.029411764705882373,0,0,5,0.44163070633658924,Enriched in Conness Pond
group_1938,0.029411764705882373,0,0,5,0.44163070633658924,Enriched in Conness Pond
group_1919,0.029411764705882373,0,0,5,0.44163070633658924,Enriched in Conness Pond
group_1906,0.029411764705882373,0,0,5,0.44163070633658924,Enriched in Conness Pond
group_1905,0.029411764705882373,0,0,5,0.44163070633658924,Enriched in Conness Pond
group_1895,0.029411764705882373,0,0,5,0.44163070633658924,Enriched in Conness Pond
group_1884,0.029411764705882373,0,0,5,0.44163070633658924,Enriched in Conness Pond
group_1866,0.029411764705882373,0,0,5,0.44163070633658924,Enriched in Conness Pond
group_1847,0.029411764705882373,0,0,5,0.44163070633658924,Enriched in Conness Pond
group_1841,0.029411764705882373,0,0,5,0.44163070633658924,Enriched in Conness Pond
slyA_2,0.029411764705882373,0,0,5,0.44163070633658924,Enriched in Conness Pond
group_1816,0.029411764705882373,0,0,5,0.44163070633658924,Enriched in Conness Pond
group_1798,0.029411764705882373,0,0,5,0.44163070633658924,Enriched in Conness Pond
group_1797,0.029411764705882373,0,0,5,0.44163070633658924,Enriched in Conness Pond
group_1765,0.029411764705882373,0,0,5,0.44163070633658924,Enriched in Conness Pond
group_1764,0.029411764705882373,0,0,5,0.44163070633658924,Enriched in Conness Pond
group_1743,0.029411764705882373,0,0,5,0.44163070633658924,Enriched in Conness Pond
group_1742,0.029411764705882373,0,0,5,0.44163070633658924,Enriched in Conness Pond
group_1731,0.029411764705882373,0,0,5,0.44163070633658924,Enriched in Conness Pond
group_1722,0.029411764705882373,0,0,5,0.44163070633658924,Enriched in Conness Pond
group_1701,0.029411764705882373,0,0,5,0.44163070633658924,Enriched in Conness Pond
group_1688,0.029411764705882373,0,0,5,0.44163070633658924,Enriched in Conness Pond
group_1682,0.029411764705882373,0,0,5,0.44163070633658924,Enriched in Conness Pond
group_1663,0.029411764705882373,0,0,5,0.44163070633658924,Enriched in Conness Pond
group_1648,0.029411764705882373,0,0,5,0.44163070633658924,Enriched in Conness Pond
group_1647,0.029411764705882373,0,0,5,0.44163070633658924,Enriched in Conness Pond
group_1639,0.029411764705882373,0,0,5,0.44163070633658924,Enriched in Conness Pond
group_1638,0.029411764705882373,0,0,5,0.44163070633658924,Enriched in Conness Pond
group_1632,0.029411764705882373,0,0,5,0.44163070633658924,Enriched in Conness Pond
group_1621,0.029411764705882373,0,0,5,0.44163070633658924,Enriched in Conness Pond
group_1613,0.029411764705882373,0,0,5,0.44163070633658924,Enriched in Conness Pond
group_1601,0.029411764705882373,0,0,5,0.44163070633658924,Enriched in Conness Pond
group_1581,0.029411764705882373,0,0,5,0.44163070633658924,Enriched in Conness Pond
group_1555,0.029411764705882373,0,0,5,0.44163070633658924,Enriched in Conness Pond
group_1523,0.029411764705882373,0,0,5,0.44163070633658924,Enriched in Conness Pond
group_1513,0.029411764705882373,0,0,5,0.44163070633658924,Enriched in Conness Pond
group_1508,0.029411764705882373,0,0,5,0.44163070633658924,Enriched in Conness Pond
group_1501,0.029411764705882373,0,0,5,0.44163070633658924,Enriched in Conness Pond
group_1490,0.029411764705882373,0,0,5,0.44163070633658924,Enriched in Conness Pond
group_1463,0.029411764705882373,0,0,5,0.44163070633658924,Enriched in Conness Pond
group_1462,0.029411764705882373,0,0,5,0.44163070633658924,Enriched in Conness Pond
group_1457,0.029411764705882373,0,0,5,0.44163070633658924,Enriched in Conness Pond
group_1435,0.029411764705882373,0,0,5,0.44163070633658924,Enriched in Conness Pond
group_1434,0.029411764705882373,0,0,5,0.44163070633658924,Enriched in Conness Pond
group_1433,0.029411764705882373,0,0,5,0.44163070633658924,Enriched in Conness Pond
group_1428,0.029411764705882373,0,0,5,0.44163070633658924,Enriched in Conness Pond
group_1427,0.029411764705882373,0,0,5,0.44163070633658924,Enriched in Conness Pond
group_1422,0.029411764705882373,0,0,5,0.44163070633658924,Enriched in Conness Pond
group_1421,0.029411764705882373,0,0,5,0.44163070633658924,Enriched in Conness Pond
group_1406,0.029411764705882373,0,0,5,0.44163070633658924,Enriched in Conness Pond
group_1405,0.029411764705882373,0,0,5,0.44163070633658924,Enriched in Conness Pond
group_1379,0.029411764705882373,0,0,5,0.44163070633658924,Enriched in Conness Pond
group_1359,0.029411764705882373,0,0,5,0.44163070633658924,Enriched in Conness Pond
group_1339,0.029411764705882373,0,0,5,0.44163070633658924,Enriched in Conness Pond
group_1334,0.029411764705882373,0,0,5,0.44163070633658924,Enriched in Conness Pond
group_1305,0.009049773755656115,Inf,6,0,0.44163070633658924,Enriched in Sixty Lake
group_1297,0.029411764705882373,0,0,5,0.44163070633658924,Enriched in Conness Pond
group_1278,0.029411764705882373,0,0,5,0.44163070633658924,Enriched in Conness Pond
group_1271,0.029411764705882373,0,0,5,0.44163070633658924,Enriched in Conness Pond
group_1252,0.029411764705882373,0,0,5,0.44163070633658924,Enriched in Conness Pond
group_1227,0.029411764705882373,0,0,5,0.44163070633658924,Enriched in Conness Pond
group_1226,0.029411764705882373,0,0,5,0.44163070633658924,Enriched in Conness Pond
group_1225,0.029411764705882373,0,0,5,0.44163070633658924,Enriched in Conness Pond
group_1212,0.029411764705882373,0,0,5,0.44163070633658924,Enriched in Conness Pond
group_1211,0.009049773755656115,Inf,6,0,0.44163070633658924,Enriched in Sixty Lake
prtR_3,0.029411764705882373,0,0,5,0.44163070633658924,Enriched in Conness Pond
group_1193,0.029411764705882373,0,0,5,0.44163070633658924,Enriched in Conness Pond
group_1187,0.029411764705882373,0,0,5,0.44163070633658924,Enriched in Conness Pond
group_1174,0.029411764705882373,0,0,5,0.44163070633658924,Enriched in Conness Pond
group_1164,0.029411764705882373,0,0,5,0.44163070633658924,Enriched in Conness Pond
group_1150,0.029411764705882373,0,0,5,0.44163070633658924,Enriched in Conness Pond
group_1142,0.029411764705882373,0,0,5,0.44163070633658924,Enriched in Conness Pond
group_1137,0.029411764705882373,0,0,5,0.44163070633658924,Enriched in Conness Pond
group_1122,0.029411764705882373,0,0,5,0.44163070633658924,Enriched in Conness Pond
group_1117,0.029411764705882373,0,0,5,0.44163070633658924,Enriched in Conness Pond
group_1096,0.029411764705882373,0,0,5,0.44163070633658924,Enriched in Conness Pond
group_1095,0.029411764705882373,0,0,5,0.44163070633658924,Enriched in Conness Pond
group_1084,0.029411764705882373,0,0,5,0.44163070633658924,Enriched in Conness Pond
group_1066,0.029411764705882373,0,0,5,0.44163070633658924,Enriched in Conness Pond
group_1052,0.029411764705882373,0,0,5,0.44163070633658924,Enriched in Conness Pond
group_1037,0.009049773755656115,Inf,6,0,0.44163070633658924,Enriched in Sixty Lake
group_1005,0.029411764705882373,0,0,5,0.44163070633658924,Enriched in Conness Pond
group_996,0.029411764705882373,0,0,5,0.44163070633658924,Enriched in Conness Pond
group_992,0.029411764705882373,0,0,5,0.44163070633658924,Enriched in Conness Pond
group_982,0.029411764705882373,0,0,5,0.44163070633658924,Enriched in Conness Pond
group_978,0.029411764705882373,0,0,5,0.44163070633658924,Enriched in Conness Pond
group_977,0.029411764705882373,0,0,5,0.44163070633658924,Enriched in Conness Pond
group_974,0.029411764705882373,0,0,5,0.44163070633658924,Enriched in Conness Pond
group_966,0.029411764705882373,0,0,5,0.44163070633658924,Enriched in Conness Pond
group_959,0.029411764705882373,0,0,5,0.44163070633658924,Enriched in Conness Pond
group_958,0.029411764705882373,0,0,5,0.44163070633658924,Enriched in Conness Pond
group_953,0.029411764705882373,0,0,5,0.44163070633658924,Enriched in Conness Pond
group_939,0.029411764705882373,0,0,5,0.44163070633658924,Enriched in Conness Pond
group_934,0.029411764705882373,0,0,5,0.44163070633658924,Enriched in Conness Pond
echA8_2,0.009049773755656115,Inf,6,0,0.44163070633658924,Enriched in Sixty Lake
group_920,0.029411764705882373,0,0,5,0.44163070633658924,Enriched in Conness Pond
group_919,0.029411764705882373,0,0,5,0.44163070633658924,Enriched in Conness Pond
group_883,0.029411764705882373,0,0,5,0.44163070633658924,Enriched in Conness Pond
group_882,0.009049773755656115,Inf,6,0,0.44163070633658924,Enriched in Sixty Lake
group_873,0.029411764705882373,0,0,5,0.44163070633658924,Enriched in Conness Pond
nodD2_4,0.029411764705882373,0,0,5,0.44163070633658924,Enriched in Conness Pond
group_865,0.029411764705882373,0,0,5,0.44163070633658924,Enriched in Conness Pond
moaA_2,0.029411764705882373,0,0,5,0.44163070633658924,Enriched in Conness Pond
group_845,0.029411764705882373,0,0,5,0.44163070633658924,Enriched in Conness Pond
group_835,0.029411764705882373,0,0,5,0.44163070633658924,Enriched in Conness Pond
group_822,0.029411764705882373,0,0,5,0.44163070633658924,Enriched in Conness Pond
group_806,0.029411764705882373,0,0,5,0.44163070633658924,Enriched in Conness Pond
group_805,0.029411764705882373,0,0,5,0.44163070633658924,Enriched in Conness Pond
group_782,0.029411764705882373,0,0,5,0.44163070633658924,Enriched in Conness Pond
group_776,0.029411764705882373,0,0,5,0.44163070633658924,Enriched in Conness Pond
group_742,0.029411764705882373,0,0,5,0.44163070633658924,Enriched in Conness Pond
group_711,0.029411764705882373,0,0,5,0.44163070633658924,Enriched in Conness Pond
group_707,0.029411764705882373,0,0,5,0.44163070633658924,Enriched in Conness Pond
group_705,0.029411764705882373,0,0,5,0.44163070633658924,Enriched in Conness Pond
ftsH_2,0.029411764705882373,0,0,5,0.44163070633658924,Enriched in Conness Pond
group_652,0.029411764705882373,0,0,5,0.44163070633658924,Enriched in Conness Pond
group_647,0.029411764705882373,0,0,5,0.44163070633658924,Enriched in Conness Pond
group_606,0.029411764705882373,0,0,5,0.44163070633658924,Enriched in Conness Pond
group_592,0.009049773755656115,Inf,6,0,0.44163070633658924,Enriched in Sixty Lake
tetX,0.029411764705882373,0,0,5,0.44163070633658924,Enriched in Conness Pond
group_566,0.029411764705882373,0,0,5,0.44163070633658924,Enriched in Conness Pond
group_555,0.029411764705882373,0,0,5,0.44163070633658924,Enriched in Conness Pond
group_538,0.029411764705882373,0,0,5,0.44163070633658924,Enriched in Conness Pond
group_537,0.029411764705882373,0,0,5,0.44163070633658924,Enriched in Conness Pond
group_526,0.029411764705882373,0,0,5,0.44163070633658924,Enriched in Conness Pond
rssB_1,0.029411764705882373,0,0,5,0.44163070633658924,Enriched in Conness Pond
intA_1,0.029411764705882373,0,0,5,0.44163070633658924,Enriched in Conness Pond
uctC_1,0.009049773755656115,Inf,6,0,0.44163070633658924,Enriched in Sixty Lake
pbuE_2,0.029411764705882373,0,0,5,0.44163070633658924,Enriched in Conness Pond
group_485,0.029411764705882373,0,0,5,0.44163070633658924,Enriched in Conness Pond
group_478,0.029411764705882373,0,0,5,0.44163070633658924,Enriched in Conness Pond
group_460,0.029411764705882373,0,0,5,0.44163070633658924,Enriched in Conness Pond
group_455,0.029411764705882373,0,0,5,0.44163070633658924,Enriched in Conness Pond
bspRIM,0.029411764705882373,0,0,5,0.44163070633658924,Enriched in Conness Pond
group_444,0.029411764705882373,0,0,5,0.44163070633658924,Enriched in Conness Pond
group_429,0.029411764705882373,0,0,5,0.44163070633658924,Enriched in Conness Pond
recF_2,0.029411764705882373,0,0,5,0.44163070633658924,Enriched in Conness Pond
group_362,0.029411764705882373,0,0,5,0.44163070633658924,Enriched in Conness Pond
group_360,0.029411764705882373,0,0,5,0.44163070633658924,Enriched in Conness Pond
group_351,0.029411764705882373,0,0,5,0.44163070633658924,Enriched in Conness Pond
group_345,0.029411764705882373,0,0,5,0.44163070633658924,Enriched in Conness Pond
group_315,0.029411764705882373,0,0,5,0.44163070633658924,Enriched in Conness Pond
group_310,0.029411764705882373,0,0,5,0.44163070633658924,Enriched in Conness Pond
group_308,0.029411764705882373,0,0,5,0.44163070633658924,Enriched in Conness Pond
group_298,0.029411764705882373,0,0,5,0.44163070633658924,Enriched in Conness Pond
group_286,0.029411764705882373,0,0,5,0.44163070633658924,Enriched in Conness Pond
group_245,0.029411764705882373,0,0,5,0.44163070633658924,Enriched in Conness Pond
group_240,0.029411764705882373,0,0,5,0.44163070633658924,Enriched in Conness Pond
group_237,0.029411764705882373,0,0,5,0.44163070633658924,Enriched in Conness Pond
group_223,0.029411764705882373,0,0,5,0.44163070633658924,Enriched in Conness Pond
group_213,0.029411764705882373,0,0,5,0.44163070633658924,Enriched in Conness Pond
group_211,0.029411764705882373,0,0,5,0.44163070633658924,Enriched in Conness Pond
group_210,0.029411764705882373,0,0,5,0.44163070633658924,Enriched in Conness Pond
nfdA,0.029411764705882373,0,0,5,0.44163070633658924,Enriched in Conness Pond
group_170,0.029411764705882373,0,0,5,0.44163070633658924,Enriched in Conness Pond
recB_2,0.029411764705882373,0,0,5,0.44163070633658924,Enriched in Conness Pond
group_160,0.029411764705882373,0,0,5,0.44163070633658924,Enriched in Conness Pond
group_140,0.029411764705882373,0,0,5,0.44163070633658924,Enriched in Conness Pond
group_128,0.029411764705882373,0,0,5,0.44163070633658924,Enriched in Conness Pond
group_127,0.029411764705882373,0,0,5,0.44163070633658924,Enriched in Conness Pond
group_119,0.029411764705882373,0,0,5,0.44163070633658924,Enriched in Conness Pond
group_104,0.029411764705882373,0,0,5,0.44163070633658924,Enriched in Conness Pond
group_102,0.029411764705882373,0,0,5,0.44163070633658924,Enriched in Conness Pond
group_101,0.029411764705882373,0,0,5,0.44163070633658924,Enriched in Conness Pond
rcsC_2,0.029411764705882373,0,0,5,0.44163070633658924,Enriched in Conness Pond
group_93,0.029411764705882373,0,0,5,0.44163070633658924,Enriched in Conness Pond
group_91,0.029411764705882373,0,0,5,0.44163070633658924,Enriched in Conness Pond
group_90,0.029411764705882373,0,0,5,0.44163070633658924,Enriched in Conness Pond
group_86,0.029411764705882373,0,0,5,0.44163070633658924,Enriched in Conness Pond
group_83,0.029411764705882373,0,0,5,0.44163070633658924,Enriched in Conness Pond
group_80,0.029411764705882373,0,0,5,0.44163070633658924,Enriched in Conness Pond
group_72,0.029411764705882373,0,0,5,0.44163070633658924,Enriched in Conness Pond
group_69,0.029411764705882373,0,0,5,0.44163070633658924,Enriched in Conness Pond
group_58,0.029411764705882373,0,0,5,0.44163070633658924,Enriched in Conness Pond
group_55,0.029411764705882373,0,0,5,0.44163070633658924,Enriched in Conness Pond
group_51,0.029411764705882373,0,0,5,0.44163070633658924,Enriched in Conness Pond
group_48,0.029411764705882373,0,0,5,0.44163070633658924,Enriched in Conness Pond
group_42,0.029411764705882373,0,0,5,0.44163070633658924,Enriched in Conness Pond
addA_1,0.029411764705882373,0,0,5,0.44163070633658924,Enriched in Conness Pond
rapA_1,0.029411764705882373,0,0,5,0.44163070633658924,Enriched in Conness Pond
group_16,0.029411764705882373,0,0,5,0.44163070633658924,Enriched in Conness Pond
group_14,0.029411764705882373,0,0,5,0.44163070633658924,Enriched in Conness Pond
group_12,0.029411764705882373,0,0,5,0.44163070633658924,Enriched in Conness Pond
group_3005,0.029411764705882373,0,0,5,0.44163070633658924,Enriched in Conness Pond
group_1875,0.029411764705882373,Inf,5,0,0.44163070633658924,Enriched in Sixty Lake
group_1868,0.029411764705882373,Inf,5,0,0.44163070633658924,Enriched in Sixty Lake
rmlC_1,0.029411764705882373,Inf,5,0,0.44163070633658924,Enriched in Sixty Lake
group_1476,0.029411764705882373,Inf,5,0,0.44163070633658924,Enriched in Sixty Lake
perB,0.029411764705882373,Inf,5,0,0.44163070633658924,Enriched in Sixty Lake
tagG,0.029411764705882373,Inf,5,0,0.44163070633658924,Enriched in Sixty Lake
group_797,0.029411764705882373,Inf,5,0,0.44163070633658924,Enriched in Sixty Lake
group_625,0.029411764705882373,Inf,5,0,0.44163070633658924,Enriched in Sixty Lake
vioA,0.029411764705882373,Inf,5,0,0.44163070633658924,Enriched in Sixty Lake
group_524,0.029411764705882373,Inf,5,0,0.44163070633658924,Enriched in Sixty Lake
btuD_3,0.029411764705882373,Inf,5,0,0.44163070633658924,Enriched in Sixty Lake
smc_2,0.029411764705882373,Inf,5,0,0.44163070633658924,Enriched in Sixty Lake
group_68,0.029411764705882373,Inf,5,0,0.44163070633658924,Enriched in Sixty Lake
group_1928,0.04977375565610863,0.07544934118663257,3,8,0.7290777240926797,Enriched in Conness Pond
group_2997,0.04977375565610863,13.25392620097747,8,3,0.7290777240926797,Enriched in Sixty Lake
fda,0.04977375565610863,13.25392620097747,8,3,0.7290777240926797,Enriched in Sixty Lake
group_2804,0.04977375565610863,13.25392620097747,8,3,0.7290777240926797,Enriched in Sixty Lake
group_2717,0.04977375565610863,13.25392620097747,8,3,0.7290777240926797,Enriched in Sixty Lake
group_2590,0.04977375565610863,13.25392620097747,8,3,0.7290777240926797,Enriched in Sixty Lake
group_2005,0.04977375565610863,13.25392620097747,8,3,0.7290777240926797,Enriched in Sixty Lake
group_623,0.04977375565610863,13.25392620097747,8,3,0.7290777240926797,Enriched in Sixty Lake
group_490,0.04977375565610863,13.25392620097747,8,3,0.7290777240926797,Enriched in Sixty Lake
group_3467,0.04977375565610863,0.07544934118663273,1,6,0.7290777240926797,Enriched in Conness Pond
group_2551,0.04977375565610863,13.253926200977471,6,1,0.7290777240926797,Enriched in Sixty Lake
group_1971,0.04977375565610863,13.253926200977471,6,1,0.7290777240926797,Enriched in Sixty Lake
group_109,0.04977375565610863,13.253926200977471,6,1,0.7290777240926797,Enriched in Sixty Lake
group_3863,1,0,9,9,1,No difference
group_3862,1,0,9,9,1,No difference
group_3861,1,0,9,9,1,No difference
petE,1,0,9,9,1,No difference
group_3860,1,0,9,9,1,No difference
group_3859,1,0,9,9,1,No difference
group_3858,1,0,9,9,1,No difference
mcpA,1,0,9,9,1,No difference
group_3857,1,0,9,9,1,No difference
lgrD_3,1,0,9,9,1,No difference
group_3856,1,0,9,9,1,No difference
group_3855,1,0,9,9,1,No difference
nicD,1,0,9,9,1,No difference
nicA,1,0,9,9,1,No difference
group_3854,1,0,9,9,1,No difference
nicR,1,0,9,9,1,No difference
nicT_4,1,0,9,9,1,No difference
maiA,1,0,9,9,1,No difference
nicC,1,0,9,9,1,No difference
azoR_2,1,0,9,9,1,No difference
nicF,1,0,9,9,1,No difference
group_3851,1,0,9,9,1,No difference
rihB,1,0,9,9,1,No difference
gabR_3,1,0,9,9,1,No difference
patB,1,0,9,9,1,No difference
group_3850,1,0,9,9,1,No difference
nicB,1,0,9,9,1,No difference
nicX,1,0,9,9,1,No difference
trkA,1,0,9,9,1,No difference
group_3849,1,0,9,9,1,No difference
metP_3,1,0,9,9,1,No difference
ctaB,1,0,9,9,1,No difference
cc4,1,0,9,9,1,No difference
uctC,1,0,9,9,1,No difference
group_3848,1,0,9,9,1,No difference
group_3847,1,0,9,9,1,No difference
group_3846,1,0,9,9,1,No difference
group_3845,1,0,9,9,1,No difference
trpB,1,0,9,9,1,No difference
aroE_2,1,0,9,9,1,No difference
group_3844,1,0,9,9,1,No difference
group_3843,1,0,9,9,1,No difference
gmhB,1,0,9,9,1,No difference
group_3842,1,0,9,9,1,No difference
group_3841,1,0,9,9,1,No difference
group_3840,1,0,9,9,1,No difference
yrdA_2,1,0,9,9,1,No difference
dgoA,1,0,9,9,1,No difference
group_3839,1,0,9,9,1,No difference
group_3838,1,0,9,9,1,No difference
group_3837,1,0,9,9,1,No difference
ivy,1,0,9,9,1,No difference
pntAA,1,0,9,9,1,No difference
group_3836,1,0,9,9,1,No difference
group_3835,1,0,9,9,1,No difference
metN_3,1,0,9,9,1,No difference
group_3834,1,0,9,9,1,No difference
ctaG,1,0,9,9,1,No difference
group_3833,1,0,9,9,1,No difference
group_3832,1,0,9,9,1,No difference
group_3831,1,0,9,9,1,No difference
pntB,1,0,9,9,1,No difference
tsaC,1,0,9,9,1,No difference
tag_1,1,0,9,9,1,No difference
zur,1,0,9,9,1,No difference
group_3830,1,0,9,9,1,No difference
znuA,1,0,9,9,1,No difference
kinB,1,0,9,9,1,No difference
amiD_2,1,0,9,9,1,No difference
group_3829,1,0,9,9,1,No difference
dgoD_2,1,0,9,9,1,No difference
group_3828,1,0,9,9,1,No difference
group_3827,1,0,9,9,1,No difference
dsbA,1,0,9,9,1,No difference
group_3826,1,0,9,9,1,No difference
polA,1,0,9,9,1,No difference
hemF,1,0,9,9,1,No difference
group_3825,1,0,9,9,1,No difference
group_3824,1,0,9,9,1,No difference
metQ_3,1,0,9,9,1,No difference
osmC,1,0,9,9,1,No difference
group_3823,1,0,9,9,1,No difference
dgoT,1,0,9,9,1,No difference
group_3822,1,0,9,9,1,No difference
group_3821,1,0,9,9,1,No difference
citN_3,1,0,9,9,1,No difference
engB,1,0,9,9,1,No difference
znuC_2,1,0,9,9,1,No difference
rsmB,1,0,9,9,1,No difference
group_3820,1,0,9,9,1,No difference
group_3819,1,0,9,9,1,No difference
znuB_2,1,0,9,9,1,No difference
group_3818,1,0,9,9,1,No difference
pntA,1,0,9,9,1,No difference
cat1,1,0,9,9,1,No difference
group_3817,1,0,9,9,1,No difference
group_3816,1,0,9,9,1,No difference
group_3815,1,0,9,9,1,No difference
group_3814,1,0,9,9,1,No difference
group_3813,1,0,9,9,1,No difference
gcvA_11,1,0,9,9,1,No difference
group_3812,1,0,9,9,1,No difference
cseB,1,0,9,9,1,No difference
group_3811,1,0,9,9,1,No difference
mmgC_6,1,0,9,9,1,No difference
thrB,1,0,9,9,1,No difference
fmt,1,0,9,9,1,No difference
glyQ,1,0,9,9,1,No difference
gltP_1,1,0,9,9,1,No difference
group_3810,1,0,9,9,1,No difference
group_3809,1,0,9,9,1,No difference
group_3808,1,0,9,9,1,No difference
betC,1,0,9,9,1,No difference
def_2,1,0,9,9,1,No difference
yqjD_2,1,0,9,9,1,No difference
group_3807,1,0,9,9,1,No difference
dgoK1,1,0,9,9,1,No difference
group_3806,1,0,9,9,1,No difference
ctaE,1,0,9,9,1,No difference
lpxP,1,0,9,9,1,No difference
group_3805,1,0,9,9,1,No difference
gcvA_12,1,0,9,9,1,No difference
mkl,1,0,9,9,1,No difference
group_3804,1,0,9,9,1,No difference
algB,1,0,9,9,1,No difference
cynT_2,1,0,9,9,1,No difference
prlC,1,0,9,9,1,No difference
glyS,1,0,9,9,1,No difference
group_3803,1,0,9,9,1,No difference
group_3802,1,0,9,9,1,No difference
group_3801,1,0,9,9,1,No difference
group_3800,1,0,9,9,1,No difference
trpA,1,0,9,9,1,No difference
dauA_2,1,0,9,9,1,No difference
ctaA,1,0,9,9,1,No difference
trpI,1,0,9,9,1,No difference
katE,1,0,9,9,1,No difference
group_3799,1,0,9,9,1,No difference
ctaD,1,0,9,9,1,No difference
qorA_4,1,0,9,9,1,No difference
group_3798,1,0,9,9,1,No difference
group_3797,1,0,9,9,1,No difference
surE,1,0,9,9,1,No difference
group_3795,1,0,9,9,1,No difference
pcm,1,0,9,9,1,No difference
group_3793,1,0,9,9,1,No difference
group_3791,1,0,9,9,1,No difference
slyB,1,0,9,9,1,No difference
pyrG_2,1,0,9,9,1,No difference
lig,1,0,9,9,1,No difference
mdtA_4,1,0,9,9,1,No difference
group_3788,1,0,9,9,1,No difference
ispU,1,0,9,9,1,No difference
group_3787,1,0,9,9,1,No difference
group_3782,1,0,9,9,1,No difference
dmlR_24,1,0,9,9,1,No difference
group_3779,1,0,9,9,1,No difference
group_3778,1,0,9,9,1,No difference
group_3777,1,0,9,9,1,No difference
group_3776,1,0,9,9,1,No difference
frmA,1,0,9,9,1,No difference
bamA_2,1,0,9,9,1,No difference
group_3771,1,0,9,9,1,No difference
hisP_3,1,0,9,9,1,No difference
ispF,1,0,9,9,1,No difference
group_3770,1,0,9,9,1,No difference
quiP_2,1,0,9,9,1,No difference
pcaR,1,0,9,9,1,No difference
group_3769,1,0,9,9,1,No difference
group_3768,1,0,9,9,1,No difference
lptB_5,1,0,9,9,1,No difference
yeiG,1,0,9,9,1,No difference
kdsA,1,0,9,9,1,No difference
dbpA_2,1,0,9,9,1,No difference
plsB,1,0,9,9,1,No difference
braC_2,1,0,9,9,1,No difference
pcaK_2,1,0,9,9,1,No difference
ompA,1,0,9,9,1,No difference
rpoS,1,0,9,9,1,No difference
group_3762,1,0,9,9,1,No difference
group_3760,1,0,9,9,1,No difference
livH_5,1,0,9,9,1,No difference
group_3759,1,0,9,9,1,No difference
livF_7,1,0,9,9,1,No difference
frr,1,0,9,9,1,No difference
lpxB,1,0,9,9,1,No difference
group_3757,1,0,9,9,1,No difference
catI,1,0,9,9,1,No difference
group_3756,1,0,9,9,1,No difference
rnhB,1,0,9,9,1,No difference
pcaH,1,0,9,9,1,No difference
group_3755,1,0,9,9,1,No difference
yffB,1,0,9,9,1,No difference
yfeW,1,0,9,9,1,No difference
eno,1,0,9,9,1,No difference
lpxA,1,0,9,9,1,No difference
glnD,1,0,9,9,1,No difference
group_3753,1,0,9,9,1,No difference
group_3751,1,0,9,9,1,No difference
group_3750,1,0,9,9,1,No difference
group_3749,1,0,9,9,1,No difference
kgtP_2,1,0,9,9,1,No difference
group_3748,1,0,9,9,1,No difference
catJ,1,0,9,9,1,No difference
dapE,1,0,9,9,1,No difference
argT_3,1,0,9,9,1,No difference
group_3747,1,0,9,9,1,No difference
tsf,1,0,9,9,1,No difference
ispD,1,0,9,9,1,No difference
rapA,1,0,9,9,1,No difference
map_1,1,0,9,9,1,No difference
hisM_2,1,0,9,9,1,No difference
dcd,1,0,9,9,1,No difference
group_3740,1,0,9,9,1,No difference
group_3739,1,0,9,9,1,No difference
acrF,1,0,9,9,1,No difference
dapD,1,0,9,9,1,No difference
pitA_2,1,0,9,9,1,No difference
nhaK_2~~~nhaK,1,0,9,9,1,No difference
gcvA_7,1,0,9,9,1,No difference
yfcG_4,1,0,9,9,1,No difference
group_3734,1,0,9,9,1,No difference
capB_1,1,0,9,9,1,No difference
cspA_3,1,0,9,9,1,No difference
tilS,1,0,9,9,1,No difference
group_3733,1,0,9,9,1,No difference
accA_2,1,0,9,9,1,No difference
group_3732,1,0,9,9,1,No difference
group_3730,1,0,9,9,1,No difference
fabZ,1,0,9,9,1,No difference
pdxH,1,0,9,9,1,No difference
catD_3,1,0,9,9,1,No difference
nhaA,1,0,9,9,1,No difference
group_3728,1,0,9,9,1,No difference
group_3727,1,0,9,9,1,No difference
group_3726,1,0,9,9,1,No difference
nicP_4,1,0,9,9,1,No difference
group_3725,1,0,9,9,1,No difference
sufS_2,1,0,9,9,1,No difference
group_3724,1,0,9,9,1,No difference
dnaE,1,0,9,9,1,No difference
group_3723,1,0,9,9,1,No difference
lpxD_2,1,0,9,9,1,No difference
truD,1,0,9,9,1,No difference
dxr,1,0,9,9,1,No difference
hisQ_3,1,0,9,9,1,No difference
sotB_4,1,0,9,9,1,No difference
group_3719,1,0,9,9,1,No difference
dapL_2,1,0,9,9,1,No difference
group_3717,1,0,9,9,1,No difference
rseP,1,0,9,9,1,No difference
pcaF,1,0,9,9,1,No difference
rpsB,1,0,9,9,1,No difference
sufS_1,1,0,9,9,1,No difference
cdsA,1,0,9,9,1,No difference
rlmA,1,0,9,9,1,No difference
ftsB,1,0,9,9,1,No difference
pcaB,1,0,9,9,1,No difference
csdE,1,0,9,9,1,No difference
group_3710,1,0,9,9,1,No difference
pyrH,1,0,9,9,1,No difference
group_3709,1,0,9,9,1,No difference
dinG_3,1,0,9,9,1,No difference
dmlR_23,1,0,9,9,1,No difference
tcdA,1,0,9,9,1,No difference
pcaG,1,0,9,9,1,No difference
group_3705,1,0,9,9,1,No difference
group_3704,1,0,9,9,1,No difference
group_3703,1,0,9,9,1,No difference
group_3702,1,0,9,9,1,No difference
group_3701,1,0,9,9,1,No difference
group_3700,1,0,9,9,1,No difference
group_3698,1,0,9,9,1,No difference
group_3697,1,0,9,9,1,No difference
ves,1,0,9,9,1,No difference
group_3695,1,0,9,9,1,No difference
fabF_1,1,0,9,9,1,No difference
cdiA1~~~cdiA,1,0,9,9,1,No difference
opuAA,1,0,9,9,1,No difference
group_3694,1,0,9,9,1,No difference
group_3693,1,0,9,9,1,No difference
group_3692,1,0,9,9,1,No difference
ttr,1,0,9,9,1,No difference
group_3691,1,0,9,9,1,No difference
group_3689,1,0,9,9,1,No difference
nadE_1,1,0,9,9,1,No difference
yfcD,1,0,9,9,1,No difference
group_3688,1,0,9,9,1,No difference
group_3687,1,0,9,9,1,No difference
group_3686,1,0,9,9,1,No difference
group_3685,1,0,9,9,1,No difference
soxC_2,1,0,9,9,1,No difference
orn,1,0,9,9,1,No difference
group_3684,1,0,9,9,1,No difference
group_3683,1,0,9,9,1,No difference
group_3682,1,0,9,9,1,No difference
tauD_1,1,0,9,9,1,No difference
ssuC_2,1,0,9,9,1,No difference
rlmJ,1,0,9,9,1,No difference
fdhD,1,0,9,9,1,No difference
rmlC_2,1,0,9,9,1,No difference
ureD,1,0,9,9,1,No difference
group_3681,1,0,9,9,1,No difference
higB,1,0,9,9,1,No difference
group_3680,1,0,9,9,1,No difference
catD_2,1,0,9,9,1,No difference
amiC_2,1,0,9,9,1,No difference
psiF,1,0,9,9,1,No difference
group_3677,1,0,9,9,1,No difference
dnaK_1,1,0,9,9,1,No difference
group_3676,1,0,9,9,1,No difference
maeB,1,0,9,9,1,No difference
group_3674,1,0,9,9,1,No difference
group_3673,1,0,9,9,1,No difference
ynfM_2,1,0,9,9,1,No difference
davT_3,1,0,9,9,1,No difference
yofA_3,1,0,9,9,1,No difference
fadI_1,1,0,9,9,1,No difference
group_3672,1,0,9,9,1,No difference
motA,1,0,9,9,1,No difference
waaA,1,0,9,9,1,No difference
oah1,1,0,9,9,1,No difference
opuAB_2,1,0,9,9,1,No difference
ureA,1,0,9,9,1,No difference
nrtD,1,0,9,9,1,No difference
dinF,1,0,9,9,1,No difference
group_3671,1,0,9,9,1,No difference
group_3670,1,0,9,9,1,No difference
puuB_2,1,0,9,9,1,No difference
oprD_6,1,0,9,9,1,No difference
glnH,1,0,9,9,1,No difference
ureB,1,0,9,9,1,No difference
purA,1,0,9,9,1,No difference
group_3668,1,0,9,9,1,No difference
purD,1,0,9,9,1,No difference
lptB_1,1,0,9,9,1,No difference
nnr,1,0,9,9,1,No difference
psd,1,0,9,9,1,No difference
group_3667,1,0,9,9,1,No difference
envC,1,0,9,9,1,No difference
group_3665,1,0,9,9,1,No difference
group_3663,1,0,9,9,1,No difference
group_3662,1,0,9,9,1,No difference
group_3661,1,0,9,9,1,No difference
hflX,1,0,9,9,1,No difference
hflC,1,0,9,9,1,No difference
nudE,1,0,9,9,1,No difference
blc,1,0,9,9,1,No difference
group_3660,1,0,9,9,1,No difference
rpoE_2,1,0,9,9,1,No difference
cysW_3,1,0,9,9,1,No difference
envZ,1,0,9,9,1,No difference
group_3659,1,0,9,9,1,No difference
group_3657,1,0,9,9,1,No difference
tatB,1,0,9,9,1,No difference
group_3655,1,0,9,9,1,No difference
glnQ_3,1,0,9,9,1,No difference
prmA,1,0,9,9,1,No difference
fis,1,0,9,9,1,No difference
group_3652,1,0,9,9,1,No difference
yigZ,1,0,9,9,1,No difference
group_3650,1,0,9,9,1,No difference
group_3649,1,0,9,9,1,No difference
group_3648,1,0,9,9,1,No difference
hslU,1,0,9,9,1,No difference
group_3646,1,0,9,9,1,No difference
pgaC,1,0,9,9,1,No difference
group_3645,1,0,9,9,1,No difference
hdfR_11,1,0,9,9,1,No difference
group_3644,1,0,9,9,1,No difference
group_3642,1,0,9,9,1,No difference
group_3641,1,0,9,9,1,No difference
nicP_5,1,0,9,9,1,No difference
group_3640,1,0,9,9,1,No difference
lips,1,0,9,9,1,No difference
hisB,1,0,9,9,1,No difference
hdfR_4,1,0,9,9,1,No difference
group_3639,1,0,9,9,1,No difference
group_3638,1,0,9,9,1,No difference
hisE,1,0,9,9,1,No difference
dmoA_2,1,0,9,9,1,No difference
tauD_2,1,0,9,9,1,No difference
group_3637,1,0,9,9,1,No difference
bepC,1,0,9,9,1,No difference
group_3636,1,0,9,9,1,No difference
group_3635,1,0,9,9,1,No difference
benM_3,1,0,9,9,1,No difference
group_3634,1,0,9,9,1,No difference
group_3633,1,0,9,9,1,No difference
group_3632,1,0,9,9,1,No difference
group_3631,1,0,9,9,1,No difference
accC,1,0,9,9,1,No difference
group_3630,1,0,9,9,1,No difference
group_3629,1,0,9,9,1,No difference
group_3628,1,0,9,9,1,No difference
group_3627,1,0,9,9,1,No difference
prsE_2,1,0,9,9,1,No difference
group_3626,1,0,9,9,1,No difference
group_3625,1,0,9,9,1,No difference
hslV,1,0,9,9,1,No difference
aprA_2,1,0,9,9,1,No difference
group_3624,1,0,9,9,1,No difference
naiP,1,0,9,9,1,No difference
group_3623,1,0,9,9,1,No difference
group_3622,1,0,9,9,1,No difference
group_3621,1,0,9,9,1,No difference
group_3620,1,0,9,9,1,No difference
hslO,1,0,9,9,1,No difference
group_3619,1,0,9,9,1,No difference
group_3618,1,0,9,9,1,No difference
dctD_4,1,0,9,9,1,No difference
group_3617,1,0,9,9,1,No difference
pilQ,1,0,9,9,1,No difference
gabP_2,1,0,9,9,1,No difference
rimK,1,0,9,9,1,No difference
group_3615,1,0,9,9,1,No difference
group_3614,1,0,9,9,1,No difference
xanP_1,1,0,9,9,1,No difference
zitB,1,0,9,9,1,No difference
dnaB_1,1,0,9,9,1,No difference
ureG,1,0,9,9,1,No difference
group_3613,1,0,9,9,1,No difference
group_3612,1,0,9,9,1,No difference
aaeA_2,1,0,9,9,1,No difference
group_3611,1,0,9,9,1,No difference
group_3610,1,0,9,9,1,No difference
nudF,1,0,9,9,1,No difference
glnA,1,0,9,9,1,No difference
proY_1,1,0,9,9,1,No difference
group_3609,1,0,9,9,1,No difference
group_3608,1,0,9,9,1,No difference
livH_1,1,0,9,9,1,No difference
group_3607,1,0,9,9,1,No difference
gltD,1,0,9,9,1,No difference
ubiJ,1,0,9,9,1,No difference
amiC_1,1,0,9,9,1,No difference
group_3606,1,0,9,9,1,No difference
group_3605,1,0,9,9,1,No difference
group_3604,1,0,9,9,1,No difference
cobH,1,0,9,9,1,No difference
hldE,1,0,9,9,1,No difference
sfnR_2,1,0,9,9,1,No difference
group_3603,1,0,9,9,1,No difference
glnG,1,0,9,9,1,No difference
group_3602,1,0,9,9,1,No difference
tolC_1,1,0,9,9,1,No difference
dmlR_8,1,0,9,9,1,No difference
davD_2,1,0,9,9,1,No difference
group_3601,1,0,9,9,1,No difference
group_3600,1,0,9,9,1,No difference
group_3599,1,0,9,9,1,No difference
fabR,1,0,9,9,1,No difference
oprM_6,1,0,9,9,1,No difference
ttgC_5,1,0,9,9,1,No difference
kdkA,1,0,9,9,1,No difference
czcR_6,1,0,9,9,1,No difference
thiI,1,0,9,9,1,No difference
group_3598,1,0,9,9,1,No difference
group_3597,1,0,9,9,1,No difference
group_3596,1,0,9,9,1,No difference
selO,1,0,9,9,1,No difference
hisH,1,0,9,9,1,No difference
group_3595,1,0,9,9,1,No difference
cbpA,1,0,9,9,1,No difference
group_3592,1,0,9,9,1,No difference
yciH,1,0,9,9,1,No difference
group_3590,1,0,9,9,1,No difference
metP_1,1,0,9,9,1,No difference
putP_1,1,0,9,9,1,No difference
gabD,1,0,9,9,1,No difference
btuF_1,1,0,9,9,1,No difference
group_3589,1,0,9,9,1,No difference
bauC_1,1,0,9,9,1,No difference
ydgA,1,0,9,9,1,No difference
msrA_2,1,0,9,9,1,No difference
group_3588,1,0,9,9,1,No difference
group_3587,1,0,9,9,1,No difference
group_3586,1,0,9,9,1,No difference
group_3585,1,0,9,9,1,No difference
group_3584,1,0,9,9,1,No difference
group_3583,1,0,9,9,1,No difference
menI,1,0,9,9,1,No difference
group_3580,1,0,9,9,1,No difference
hutH_1,1,0,9,9,1,No difference
gpmI,1,0,9,9,1,No difference
group_3579,1,0,9,9,1,No difference
hutH_2,1,0,9,9,1,No difference
glnP_4,1,0,9,9,1,No difference
emrY,1,0,9,9,1,No difference
group_3577,1,0,9,9,1,No difference
group_3576,1,0,9,9,1,No difference
group_3575,1,0,9,9,1,No difference
rutR_2,1,0,9,9,1,No difference
group_3574,1,0,9,9,1,No difference
group_3573,1,0,9,9,1,No difference
pckA,1,0,9,9,1,No difference
hutH_3,1,0,9,9,1,No difference
yrfG,1,0,9,9,1,No difference
group_3572,1,0,9,9,1,No difference
glnP_3,1,0,9,9,1,No difference
yecS_3,1,0,9,9,1,No difference
damX,1,0,9,9,1,No difference
hisI_1,1,0,9,9,1,No difference
miaA,1,0,9,9,1,No difference
group_3569,1,0,9,9,1,No difference
pip_2,1,0,9,9,1,No difference
gshA,1,0,9,9,1,No difference
group_3567,1,0,9,9,1,No difference
tauA_2,1,0,9,9,1,No difference
ubiB,1,0,9,9,1,No difference
group_3566,1,0,9,9,1,No difference
purH,1,0,9,9,1,No difference
group_3565,1,0,9,9,1,No difference
group_3564,1,0,9,9,1,No difference
exbD_4,1,0,9,9,1,No difference
ureF,1,0,9,9,1,No difference
hmrR,1,0,9,9,1,No difference
cysA_3,1,0,9,9,1,No difference
higA,1,0,9,9,1,No difference
group_3563,1,0,9,9,1,No difference
group_3562,1,0,9,9,1,No difference
group_3560,1,0,9,9,1,No difference
group_3559,1,0,9,9,1,No difference
hslR,1,0,9,9,1,No difference
atoC_3,1,0,9,9,1,No difference
cysG_1,1,0,9,9,1,No difference
aceF,1,0,9,9,1,No difference
group_3558,1,0,9,9,1,No difference
dcyD_2,1,0,9,9,1,No difference
group_3557,1,0,9,9,1,No difference
group_3555,1,0,9,9,1,No difference
group_3554,1,0,9,9,1,No difference
yibN,1,0,9,9,1,No difference
rssB_3,1,0,9,9,1,No difference
dltA,1,0,9,9,1,No difference
hutU,1,0,9,9,1,No difference
group_3552,1,0,9,9,1,No difference
group_3551,1,0,9,9,1,No difference
group_3550,1,0,9,9,1,No difference
group_3549,1,0,9,9,1,No difference
phaC_2,1,0,9,9,1,No difference
hxuB_1,1,0,9,9,1,No difference
phaC_1,1,0,9,9,1,No difference
virS,1,0,9,9,1,No difference
group_3548,1,0,9,9,1,No difference
ureC,1,0,9,9,1,No difference
group_3547,1,0,9,9,1,No difference
shlB_2,1,0,9,9,1,No difference
sbp_2,1,0,9,9,1,No difference
livF_2,1,0,9,9,1,No difference
argS,1,0,9,9,1,No difference
hmuU_1,1,0,9,9,1,No difference
nhaP2,1,0,9,9,1,No difference
fbp_1,1,0,9,9,1,No difference
rpsF,1,0,9,9,1,No difference
group_3544,1,0,9,9,1,No difference
tobZ,1,0,9,9,1,No difference
group_3543,1,0,9,9,1,No difference
dusB,1,0,9,9,1,No difference
group_3542,1,0,9,9,1,No difference
group_3541,1,0,9,9,1,No difference
group_3540,1,0,9,9,1,No difference
ftsN,1,0,9,9,1,No difference
mdoG,1,0,9,9,1,No difference
dmdC_4,1,0,9,9,1,No difference
dctB_3,1,0,9,9,1,No difference
typA,1,0,9,9,1,No difference
group_3538,1,0,9,9,1,No difference
group_3537,1,0,9,9,1,No difference
group_3535,1,0,9,9,1,No difference
fbpA_1,1,0,9,9,1,No difference
group_3534,1,0,9,9,1,No difference
group_3533,1,0,9,9,1,No difference
group_3532,1,0,9,9,1,No difference
motB_2,1,0,9,9,1,No difference
thiC,1,0,9,9,1,No difference
rsgA,1,0,9,9,1,No difference
group_3530,1,0,9,9,1,No difference
rfaF,1,0,9,9,1,No difference
parE,1,0,9,9,1,No difference
msbA_2,1,0,9,9,1,No difference
speA,1,0,9,9,1,No difference
group_3528,1,0,9,9,1,No difference
gpr,1,0,9,9,1,No difference
mutL,1,0,9,9,1,No difference
mcpQ_2,1,0,9,9,1,No difference
group_3527,1,0,9,9,1,No difference
livF_1,1,0,9,9,1,No difference
group_3526,1,0,9,9,1,No difference
dtd,1,0,9,9,1,No difference
tolQ_5,1,0,9,9,1,No difference
rhlB_2,1,0,9,9,1,No difference
group_3525,1,0,9,9,1,No difference
ctpL,1,0,9,9,1,No difference
group_3524,1,0,9,9,1,No difference
group_3523,1,0,9,9,1,No difference
pgaB,1,0,9,9,1,No difference
betT2,1,0,9,9,1,No difference
group_3522,1,0,9,9,1,No difference
rplI,1,0,9,9,1,No difference
vgrG1_2,1,0,9,9,1,No difference
emrA_4,1,0,9,9,1,No difference
fabG_2,1,0,9,9,1,No difference
rfaC,1,0,9,9,1,No difference
group_3521,1,0,9,9,1,No difference
group_3520,1,0,9,9,1,No difference
cobI,1,0,9,9,1,No difference
queG,1,0,9,9,1,No difference
btuB_5,1,0,9,9,1,No difference
mutY,1,0,9,9,1,No difference
group_3519,1,0,9,9,1,No difference
group_3518,1,0,9,9,1,No difference
group_3517,1,0,9,9,1,No difference
COQ5_2,1,0,9,9,1,No difference
glnQ_2,1,0,9,9,1,No difference
group_3516,1,0,9,9,1,No difference
hemE,1,0,9,9,1,No difference
aaeB_3,1,0,9,9,1,No difference
macA_2,1,0,9,9,1,No difference
cntO_4,1,0,9,9,1,No difference
btuB_4,1,0,9,9,1,No difference
ompR_3,1,0,9,9,1,No difference
cntO_1,1,0,9,9,1,No difference
trmL,1,0,9,9,1,No difference
group_3514,1,0,9,9,1,No difference
aroQ1,1,0,9,9,1,No difference
group_3513,1,0,9,9,1,No difference
mdtA_5,1,0,9,9,1,No difference
rffG,1,0,9,9,1,No difference
rpsR,1,0,9,9,1,No difference
group_3512,1,0,9,9,1,No difference
ltxB,1,0,9,9,1,No difference
group_3511,1,0,9,9,1,No difference
tcyC_2,1,0,9,9,1,No difference
glnL,1,0,9,9,1,No difference
group_3509,1,0,9,9,1,No difference
group_3508,1,0,9,9,1,No difference
accB,1,0,9,9,1,No difference
copA_2,1,0,9,9,1,No difference
hisA,1,0,9,9,1,No difference
rpmE,1,0,9,9,1,No difference
chaA,1,0,9,9,1,No difference
group_3506,1,0,9,9,1,No difference
group_3505,1,0,9,9,1,No difference
nagR_2,1,0,9,9,1,No difference
priA,1,0,9,9,1,No difference
guaD_2,1,0,9,9,1,No difference
artJ_2,1,0,9,9,1,No difference
parC,1,0,9,9,1,No difference
group_3503,1,0,9,9,1,No difference
group_3502,1,0,9,9,1,No difference
group_3501,1,0,9,9,1,No difference
group_3499,1,0,9,9,1,No difference
yhgF,1,0,9,9,1,No difference
ydeP,1,0,9,9,1,No difference
aguA,1,0,9,9,1,No difference
group_3498,1,0,9,9,1,No difference
tsaE,1,0,9,9,1,No difference
group_3497,1,0,9,9,1,No difference
metN_2,1,0,9,9,1,No difference
isfD_2,1,0,9,9,1,No difference
rlmB,1,0,9,9,1,No difference
group_3495,1,0,9,9,1,No difference
malP,1,0,9,9,1,No difference
group_3494,1,0,9,9,1,No difference
mrcA,1,0,9,9,1,No difference
pgaA,1,0,9,9,1,No difference
group_3493,1,0,9,9,1,No difference
rfaG,1,0,9,9,1,No difference
hisF,1,0,9,9,1,No difference
group_3491,1,0,9,9,1,No difference
group_3490,1,0,9,9,1,No difference
group_3489,1,0,9,9,1,No difference
opgH,1,0,9,9,1,No difference
secB,1,0,9,9,1,No difference
soj_2,1,0,9,9,1,No difference
ubiE,1,0,9,9,1,No difference
braC_1,1,0,9,9,1,No difference
occP,1,0,9,9,1,No difference
group_3488,1,0,9,9,1,No difference
rnr,1,0,9,9,1,No difference
aceE_1,1,0,9,9,1,No difference
group_3487,1,0,9,9,1,No difference
glnQ_8,1,0,9,9,1,No difference
group_3486,1,0,9,9,1,No difference
group_3485,1,0,9,9,1,No difference
group_3484,1,0,9,9,1,No difference
group_3483,1,0,9,9,1,No difference
sasA_7,1,0,9,9,1,No difference
tauB,1,0,9,9,1,No difference
bluF,1,0,9,9,1,No difference
grxC,1,0,9,9,1,No difference
group_3482,1,0,9,9,1,No difference
acpP_1,1,0,9,9,1,No difference
group_3481,1,0,9,9,1,No difference
group_3480,1,0,9,9,1,No difference
group_3479,1,0,9,9,1,No difference
metQ_4,1,0,9,9,1,No difference
fic,1,0,9,9,1,No difference
rssB_4,1,0,9,9,1,No difference
argD_3,1,0,9,9,1,No difference
group_3478,1,0,9,9,1,No difference
glnE,1,0,9,9,1,No difference
aroK,1,0,9,9,1,No difference
trxC,1,0,9,9,1,No difference
czcA_3,1,0,9,9,1,No difference
group_3477,1,0,9,9,1,No difference
group_3475,1,0,9,9,1,No difference
hfq,1,0,9,9,1,No difference
fpuC,1,0,9,9,1,No difference
nimR_1,1,0,9,9,1,No difference
yycB_4,1,0,9,9,1,No difference
ureE,1,0,9,9,1,No difference
group_3474,1,0,9,9,1,No difference
group_3473,1,0,9,9,1,No difference
cysQ~~~cysQ_2,1,0,9,9,1,No difference
mscK,1,0,9,9,1,No difference
hflK,1,0,9,9,1,No difference
tatC,1,0,9,9,1,No difference
group_3472,1,0,9,9,1,No difference
fliY_5,1,0,9,9,1,No difference
group_3470,1,0,9,9,1,No difference
artQ,1,0,9,9,1,No difference
cmoM,1,0,9,9,1,No difference
hisZ_2,1,0,9,9,1,No difference
acpP_2,1,0,9,9,1,No difference
group_3466,1,0,9,9,1,No difference
soxC_3,1,0,9,9,1,No difference
fliY_4,1,0,9,9,1,No difference
group_3465,1,0,9,9,1,No difference
kbp,1,0,9,9,1,No difference
group_3464,1,0,9,9,1,No difference
bcr_1,1,0,9,9,1,No difference
putA,1,0,9,9,1,No difference
group_3463,1,0,9,9,1,No difference
group_3462,1,0,9,9,1,No difference
lpxT,1,0,9,9,1,No difference
group_3461,1,0,9,9,1,No difference
group_3460,1,0,9,9,1,No difference
group_3457,1,0,9,9,1,No difference
gltB,1,0,9,9,1,No difference
nlhH,1,0,9,9,1,No difference
group_3454,1,0,9,9,1,No difference
rfaP,1,0,9,9,1,No difference
group_3452,1,0,9,9,1,No difference
group_3451,1,0,9,9,1,No difference
cobL,1,0,9,9,1,No difference
hutI,1,0,9,9,1,No difference
group_3450,1,0,9,9,1,No difference
fliY_3,1,0,9,9,1,No difference
group_3449,1,0,9,9,1,No difference
rssB_6,1,0,9,9,1,No difference
occM_2~~~occM_3,1,0,9,9,1,No difference
tatA,1,0,9,9,1,No difference
group_3448,1,0,9,9,1,No difference
group_3447,1,0,9,9,1,No difference
group_3446,1,0,9,9,1,No difference
cobK,1,0,9,9,1,No difference
group_3445,1,0,9,9,1,No difference
rhdA,1,0,9,9,1,No difference
cpdA_1,1,0,9,9,1,No difference
pncB2,1,0,9,9,1,No difference
serB2,1,0,9,9,1,No difference
cysT,1,0,9,9,1,No difference
lcdH_2~~~lcdH~~~lcdH_1,1,0,9,9,1,No difference
group_3411,1,0,9,9,1,No difference
group_3392,1,0,9,9,1,No difference
group_3389,1,0,9,9,1,No difference
group_3387,1,0,9,9,1,No difference
group_3377,1,0,9,9,1,No difference
group_3370,1,0,9,9,1,No difference
group_3359,1,0,9,9,1,No difference
rfbD~~~rfbD_2,1,0,9,9,1,No difference
mamB,1,0,9,9,1,No difference
group_3338,1,0,9,9,1,No difference
nolT,1,0,9,9,1,No difference
yhhW_2,1,0,9,9,1,No difference
group_3334,1,0,9,9,1,No difference
nepI_2~~~nepI_1,1,0,9,9,1,No difference
group_3329,1,0,9,9,1,No difference
group_3323,1,0,9,9,1,No difference
group_3322,1,0,9,9,1,No difference
rfbA~~~rfbA_1,1,0,9,9,1,No difference
group_3319,1,0,9,9,1,No difference
group_3315,1,0,9,9,1,No difference
group_3314,1,0,9,9,1,No difference
patA~~~patA_2,1,0,9,9,1,No difference
group_3307,1,0,9,9,1,No difference
group_3305,1,0,9,9,1,No difference
group_3303,1,0,9,9,1,No difference
group_3302,1,0,9,9,1,No difference
group_3301,1,0,9,9,1,No difference
group_3299,1,0,9,9,1,No difference
group_3297,1,0,9,9,1,No difference
group_3294,1,0,9,9,1,No difference
liuE,1,0,9,9,1,No difference
aes_2,1,0,9,9,1,No difference
group_3291,1,0,9,9,1,No difference
group_3289,1,0,9,9,1,No difference
rhsA~~~rhsB,1,0,9,9,1,No difference
hpf,1,0,9,9,1,No difference
yedK_1,1,0,9,9,1,No difference
group_3278,1,0,9,9,1,No difference
paiA_2,1,0,9,9,1,No difference
group_3277,1,0,9,9,1,No difference
group_3275,1,0,9,9,1,No difference
group_3270,1,0,9,9,1,No difference
soxC_1,1,0,9,9,1,No difference
group_3268,1,0,9,9,1,No difference
inaZ,1,0,9,9,1,No difference
group_3264,1,0,9,9,1,No difference
group_3263,1,0,9,9,1,No difference
cbiA,1,0,9,9,1,No difference
group_3262,1,0,9,9,1,No difference
group_3261,1,0,9,9,1,No difference
group_3259,1,0,9,9,1,No difference
gltF_3~~~gltF_5~~~gltF_4,1,0,9,9,1,No difference
group_3258,1,0,9,9,1,No difference
slmA,1,0,9,9,1,No difference
group_3250,1,0,9,9,1,No difference
group_3249,1,0,9,9,1,No difference
group_3248,1,0,9,9,1,No difference
group_3245,1,0,9,9,1,No difference
madC,1,0,9,9,1,No difference
gloC,1,0,9,9,1,No difference
dacC_2~~~dacC_1,1,0,9,9,1,No difference
group_3244,1,0,9,9,1,No difference
yedZ1,1,0,9,9,1,No difference
group_3243,1,0,9,9,1,No difference
group_3242,1,0,9,9,1,No difference
scpB_2~~~scpB_1,1,0,9,9,1,No difference
group_3238,1,0,9,9,1,No difference
mug,1,0,9,9,1,No difference
group_3237,1,0,9,9,1,No difference
group_3235,1,0,9,9,1,No difference
group_3234,1,0,9,9,1,No difference
ycaC_1,1,0,9,9,1,No difference
group_3233,1,0,9,9,1,No difference
group_3232,1,0,9,9,1,No difference
group_3231,1,0,9,9,1,No difference
group_3230,1,0,9,9,1,No difference
lrpC_2~~~lrpC_1,1,0,9,9,1,No difference
bluB,1,0,9,9,1,No difference
group_3228,1,0,9,9,1,No difference
stp_2,1,0,9,9,1,No difference
group_3226,1,0,9,9,1,No difference
group_3225,1,0,9,9,1,No difference
group_3224,1,0,9,9,1,No difference
ttuB_2,1,0,9,9,1,No difference
group_3223,1,0,9,9,1,No difference
group_3220,1,0,9,9,1,No difference
btuB_3,1,0,9,9,1,No difference
group_3217,1,0,9,9,1,No difference
tmk_2~~~tmk_3,1,0,9,9,1,No difference
group_3215,1,0,9,9,1,No difference
group_3214,1,0,9,9,1,No difference
kaiC_4~~~kaiC_1,1,0,9,9,1,No difference
group_3211,1,0,9,9,1,No difference
mreC,1,0,9,9,1,No difference
group_3210,1,0,9,9,1,No difference
group_3207,1,0,9,9,1,No difference
group_3206,1,0,9,9,1,No difference
group_3205,1,0,9,9,1,No difference
ycgJ,1,0,9,9,1,No difference
group_3204,1,0,9,9,1,No difference
puuB_6~~~puuB_7,1,0,9,9,1,No difference
por,1,0,9,9,1,No difference
fhuA,1,0,9,9,1,No difference
group_3202,1,0,9,9,1,No difference
queA,1,0,9,9,1,No difference
fatA,1,0,9,9,1,No difference
group_3200,1,0,9,9,1,No difference
group_3199,1,0,9,9,1,No difference
group_3198,1,0,9,9,1,No difference
nemA_2~~~nemA_3~~~nemA_1,1,0,9,9,1,No difference
group_3197,1,0,9,9,1,No difference
pxpC_1,1,0,9,9,1,No difference
group_3196,1,0,9,9,1,No difference
group_3195,1,0,9,9,1,No difference
group_3194,1,0,9,9,1,No difference
comR~~~comR_2,1,0,9,9,1,No difference
group_3193,1,0,9,9,1,No difference
group_3191,1,0,9,9,1,No difference
group_3190,1,0,9,9,1,No difference
group_3189,1,0,9,9,1,No difference
group_3188,1,0,9,9,1,No difference
group_3187,1,0,9,9,1,No difference
group_3186,1,0,9,9,1,No difference
ypeA_2~~~ypeA_1,1,0,9,9,1,No difference
group_3185,1,0,9,9,1,No difference
dauE~~~fabG_1,1,0,9,9,1,No difference
group_3184,1,0,9,9,1,No difference
group_3180,1,0,9,9,1,No difference
group_3179,1,0,9,9,1,No difference
ssuA_4~~~ssuA_3,1,0,9,9,1,No difference
yjaB_1,1,0,9,9,1,No difference
lptD,1,0,9,9,1,No difference
group_3178,1,0,9,9,1,No difference
ftsW,1,0,9,9,1,No difference
group_3176,1,0,9,9,1,No difference
group_3174,1,0,9,9,1,No difference
group_3170,1,0,9,9,1,No difference
group_3169,1,0,9,9,1,No difference
group_3168,1,0,9,9,1,No difference
group_3167,1,0,9,9,1,No difference
group_3166,1,0,9,9,1,No difference
alg8,1,0,9,9,1,No difference
group_3165,1,0,9,9,1,No difference
amnD,1,0,9,9,1,No difference
group_3163,1,0,9,9,1,No difference
group_3162,1,0,9,9,1,No difference
group_3161,1,0,9,9,1,No difference
group_3160,1,0,9,9,1,No difference
group_3159,1,0,9,9,1,No difference
yafV,1,0,9,9,1,No difference
group_3157,1,0,9,9,1,No difference
group_3156,1,0,9,9,1,No difference
group_3154,1,0,9,9,1,No difference
msrB_1~~~msrB_2,1,0,9,9,1,No difference
group_3153,1,0,9,9,1,No difference
group_3152,1,0,9,9,1,No difference
uspA2,1,0,9,9,1,No difference
kdgR_3,1,0,9,9,1,No difference
group_3151,1,0,9,9,1,No difference
group_3150,1,0,9,9,1,No difference
alyA,1,0,9,9,1,No difference
group_3149,1,0,9,9,1,No difference
group_3148,1,0,9,9,1,No difference
group_3147,1,0,9,9,1,No difference
nudJ,1,0,9,9,1,No difference
group_3146,1,0,9,9,1,No difference
group_3145,1,0,9,9,1,No difference
group_3144,1,0,9,9,1,No difference
group_3142,1,0,9,9,1,No difference
mobA_2,1,0,9,9,1,No difference
group_3141,1,0,9,9,1,No difference
group_3140,1,0,9,9,1,No difference
eamA_1~~~eamA_3,1,0,9,9,1,No difference
hyuC_2~~~hyuC_1,1,0,9,9,1,No difference
group_3133,1,0,9,9,1,No difference
group_3128,1,0,9,9,1,No difference
group_3126,1,0,9,9,1,No difference
cspA_1,1,0,9,9,1,No difference
adh_1~~~adh_2,1,0,9,9,1,No difference
fbp_2,1,0,9,9,1,No difference
rppH_1,1,0,9,9,1,No difference
pctA_2,1,0,9,9,1,No difference
group_3123,1,0,9,9,1,No difference
group_3122,1,0,9,9,1,No difference
argD_2~~~bioA_2,1,0,9,9,1,No difference
group_3120,1,0,9,9,1,No difference
group_3117,1,0,9,9,1,No difference
group_3116,1,0,9,9,1,No difference
tmk_1,1,0,9,9,1,No difference
group_3113,1,0,9,9,1,No difference
group_3111,1,0,9,9,1,No difference
group_3110,1,0,9,9,1,No difference
group_3107,1,0,9,9,1,No difference
group_3106,1,0,9,9,1,No difference
yhdW_1~~~yhdW_2,1,0,9,9,1,No difference
mutS,1,0,9,9,1,No difference
eamA_2,1,0,9,9,1,No difference
group_3104,1,0,9,9,1,No difference
group_3101,1,0,9,9,1,No difference
group_3100,1,0,9,9,1,No difference
group_3099,1,0,9,9,1,No difference
group_3098,1,0,9,9,1,No difference
group_3095,1,0,9,9,1,No difference
thiO,1,0,9,9,1,No difference
group_3094,1,0,9,9,1,No difference
group_3093,1,0,9,9,1,No difference
ogt,1,0,9,9,1,No difference
group_3092,1,0,9,9,1,No difference
group_3091,1,0,9,9,1,No difference
chrA,1,0,9,9,1,No difference
group_3090,1,0,9,9,1,No difference
qmcA_1~~~qmcA_2~~~qmcA,1,0,9,9,1,No difference
metQ_2,1,0,9,9,1,No difference
group_3089,1,0,9,9,1,No difference
ybeZ,1,0,9,9,1,No difference
xanP_1~~~xanP_2,1,0,9,9,1,No difference
moaD,1,0,9,9,1,No difference
group_3086,1,0,9,9,1,No difference
group_3085,1,0,9,9,1,No difference
ydjE,1,0,9,9,1,No difference
group_3083,1,0,9,9,1,No difference
zapE_3~~~zapE_4~~~zapE_1,1,0,9,9,1,No difference
group_3081,1,0,9,9,1,No difference
yraJ_1,1,0,9,9,1,No difference
group_3079,1,0,9,9,1,No difference
group_3078,1,0,9,9,1,No difference
pdeG,1,0,9,9,1,No difference
mshD~~~mshD_1,1,0,9,9,1,No difference
group_3077,1,0,9,9,1,No difference
group_3075,1,0,9,9,1,No difference
group_3074,1,0,9,9,1,No difference
group_3073,1,0,9,9,1,No difference
group_3072,1,0,9,9,1,No difference
group_3071,1,0,9,9,1,No difference
group_3070,1,0,9,9,1,No difference
yfgD,1,0,9,9,1,No difference
group_3069,1,0,9,9,1,No difference
soxA_2,1,0,9,9,1,No difference
group_3068,1,0,9,9,1,No difference
group_3067,1,0,9,9,1,No difference
group_3066,1,0,9,9,1,No difference
group_3064,1,0,9,9,1,No difference
group_3062,1,0,9,9,1,No difference
group_3061,1,0,9,9,1,No difference
group_3060,1,0,9,9,1,No difference
rsd,1,0,9,9,1,No difference
rhaR_1~~~rhaR_2,1,0,9,9,1,No difference
group_3058,1,0,9,9,1,No difference
group_3057,1,0,9,9,1,No difference
group_3056,1,0,9,9,1,No difference
group_3055,1,0,9,9,1,No difference
pikC,1,0,9,9,1,No difference
group_3053,1,0,9,9,1,No difference
trmK,1,0,9,9,1,No difference
group_3052,1,0,9,9,1,No difference
thiL,1,0,9,9,1,No difference
rpoN,1,0,9,9,1,No difference
group_3051,1,0,9,9,1,No difference
group_3050,1,0,9,9,1,No difference
group_3049,1,0,9,9,1,No difference
group_3048,1,0,9,9,1,No difference
dmlR_9~~~dmlR_11~~~dmlR_5,1,0,9,9,1,No difference
vldW,1,0,9,9,1,No difference
group_3047,1,0,9,9,1,No difference
group_3046,1,0,9,9,1,No difference
group_3045,1,0,9,9,1,No difference
argP_3~~~oxyR_2,1,0,9,9,1,No difference
dhmA_1,1,0,9,9,1,No difference
group_3043,1,0,9,9,1,No difference
gltS_1~~~gltS_2~~~gltS,1,0,9,9,1,No difference
group_3042,1,0,9,9,1,No difference
group_3040,1,0,9,9,1,No difference
hss,1,0,9,9,1,No difference
group_3037,1,0,9,9,1,No difference
group_3036,1,0,9,9,1,No difference
acpH,1,0,9,9,1,No difference
group_3035,1,0,9,9,1,No difference
hpcH,1,0,9,9,1,No difference
hcpA_3~~~hcpA_2,1,0,9,9,1,No difference
group_3033,1,0,9,9,1,No difference
group_3032,1,0,9,9,1,No difference
rimJ,1,0,9,9,1,No difference
mdcC,1,0,9,9,1,No difference
group_3030,1,0,9,9,1,No difference
group_3029,1,0,9,9,1,No difference
rcsC_19~~~rcsC_28,1,0,9,9,1,No difference
mdtD_2,1,0,9,9,1,No difference
yciO,1,0,9,9,1,No difference
group_3028,1,0,9,9,1,No difference
group_3027,1,0,9,9,1,No difference
ddl,1,0,9,9,1,No difference
bdlA_1~~~bdlA_4,1,0,9,9,1,No difference
hisI_1~~~hisI_2,1,0,9,9,1,No difference
group_3026,1,0,9,9,1,No difference
group_3025,1,0,9,9,1,No difference
group_3023,1,0,9,9,1,No difference
ptsO,1,0,9,9,1,No difference
group_3022,1,0,9,9,1,No difference
group_3021,1,0,9,9,1,No difference
yofA_3~~~yofA_2,1,0,9,9,1,No difference
mdcG,1,0,9,9,1,No difference
group_3020,1,0,9,9,1,No difference
group_3019,1,0,9,9,1,No difference
group_3018,1,0,9,9,1,No difference
lpxD_2~~~dapH_1,1,0,9,9,1,No difference
dmoA_1,1,0,9,9,1,No difference
rutB_1~~~rutB_2,1,0,9,9,1,No difference
group_3016,1,0,9,9,1,No difference
exuT_2,1,0,9,9,1,No difference
group_3015,1,0,9,9,1,No difference
group_3014,1,0,9,9,1,No difference
group_3012,1,0,9,9,1,No difference
dusA,1,0,9,9,1,No difference
group_3011,1,0,9,9,1,No difference
group_3010,1,0,9,9,1,No difference
group_3009,1,0,9,9,1,No difference
group_3008,1,0,9,9,1,No difference
group_3007,1,0,9,9,1,No difference
hdfR_1,1,0,9,9,1,No difference
group_3006,1,0,9,9,1,No difference
sigW_1,1,0,9,9,1,No difference
ssuB_3~~~ssuB_2,1,0,9,9,1,No difference
group_3004,1,0,9,9,1,No difference
mglA~~~rbsA_1,1,0,9,9,1,No difference
group_3003,1,0,9,9,1,No difference
btuD_8~~~btuD_6,1,0,9,9,1,No difference
group_3002,1,0,9,9,1,No difference
group_3001,1,0,9,9,1,No difference
group_3000,1,0,9,9,1,No difference
ypeA_1,1,0,9,9,1,No difference
gsiB,1,0,9,9,1,No difference
group_2999,1,0,9,9,1,No difference
stp_2~~~stp_1,1,0,9,9,1,No difference
kipR,1,0,9,9,1,No difference
hdfR_7~~~hdfR_6,1,0,9,9,1,No difference
group_2998,1,0,9,9,1,No difference
kdgR_1~~~kdgR_2,1,0,9,9,1,No difference
kefF_1,1,0,9,9,1,No difference
group_2995,1,0,9,9,1,No difference
group_2994,1,0,9,9,1,No difference
rhtC_2,1,0,9,9,1,No difference
group_2993,1,0,9,9,1,No difference
recX,1,0,9,9,1,No difference
group_2992,1,0,9,9,1,No difference
group_2991,1,0,9,9,1,No difference
group_2990,1,0,9,9,1,No difference
group_2989,1,0,9,9,1,No difference
group_2988,1,0,9,9,1,No difference
yphB,1,0,9,9,1,No difference
group_2987,1,0,9,9,1,No difference
group_2986,1,0,9,9,1,No difference
group_2985,1,0,9,9,1,No difference
ttgC_1~~~ttgC_4,1,0,9,9,1,No difference
group_2984,1,0,9,9,1,No difference
group_2983,1,0,9,9,1,No difference
mscS_1,1,0,9,9,1,No difference
group_2982,1,0,9,9,1,No difference
group_2981,1,0,9,9,1,No difference
group_2980,1,0,9,9,1,No difference
group_2979,1,0,9,9,1,No difference
group_2978,1,0,9,9,1,No difference
proB,1,0,9,9,1,No difference
group_2977,1,0,9,9,1,No difference
group_2976,1,0,9,9,1,No difference
gabR_3~~~gabR_2,1,0,9,9,1,No difference
group_2975,1,0,9,9,1,No difference
group_2974,1,0,9,9,1,No difference
group_2973,1,0,9,9,1,No difference
group_2972,1,0,9,9,1,No difference
arsC,1,0,9,9,1,No difference
LhpG,1,0,9,9,1,No difference
gcvA_8,1,0,9,9,1,No difference
group_2971,1,0,9,9,1,No difference
group_2970,1,0,9,9,1,No difference
group_2969,1,0,9,9,1,No difference
group_2968,1,0,9,9,1,No difference
tag_2,1,0,9,9,1,No difference
group_2967,1,0,9,9,1,No difference
czcR_1~~~czcR_2,1,0,9,9,1,No difference
group_2964,1,0,9,9,1,No difference
group_2963,1,0,9,9,1,No difference
group_2962,1,0,9,9,1,No difference
group_2960,1,0,9,9,1,No difference
group_2959,1,0,9,9,1,No difference
group_2958,1,0,9,9,1,No difference
phnZ,1,0,9,9,1,No difference
yjgH,1,0,9,9,1,No difference
group_2956,1,0,9,9,1,No difference
group_2955,1,0,9,9,1,No difference
group_2954,1,0,9,9,1,No difference
dapA_4~~~dapA_3,1,0,9,9,1,No difference
group_2953,1,0,9,9,1,No difference
dthadh,1,0,9,9,1,No difference
group_2951,1,0,9,9,1,No difference
group_2949,1,0,9,9,1,No difference
group_2948,1,0,9,9,1,No difference
paiA_1,1,0,9,9,1,No difference
group_2947,1,0,9,9,1,No difference
mdtC_3~~~mdtC_4~~~mdtC_1,1,0,9,9,1,No difference
gcvA_11~~~gcvA_9,1,0,9,9,1,No difference
group_2945,1,0,9,9,1,No difference
preT,1,0,9,9,1,No difference
gatA~~~gatA_1,1,0,9,9,1,No difference
group_2944,1,0,9,9,1,No difference
group_2943,1,0,9,9,1,No difference
group_2942,1,0,9,9,1,No difference
group_2941,1,0,9,9,1,No difference
xylB_3,1,0,9,9,1,No difference
tatD,1,0,9,9,1,No difference
group_2940,1,0,9,9,1,No difference
group_2939,1,0,9,9,1,No difference
prfB,1,0,9,9,1,No difference
group_2937,1,0,9,9,1,No difference
group_2933,1,0,9,9,1,No difference
menH_2~~~dhmA2_2,1,0,9,9,1,No difference
group_2932,1,0,9,9,1,No difference
yejE_1,1,0,9,9,1,No difference
group_2931,1,0,9,9,1,No difference
oprD_3,1,0,9,9,1,No difference
gcvA_6~~~gcvA_3,1,0,9,9,1,No difference
uppP_2~~~uppP_1,1,0,9,9,1,No difference
group_2927,1,0,9,9,1,No difference
group_2926,1,0,9,9,1,No difference
group_2924,1,0,9,9,1,No difference
group_2923,1,0,9,9,1,No difference
group_2922,1,0,9,9,1,No difference
group_2921,1,0,9,9,1,No difference
ynbD,1,0,9,9,1,No difference
msrA_3~~~msrA_1,1,0,9,9,1,No difference
dhmA_2,1,0,9,9,1,No difference
glk,1,0,9,9,1,No difference
btuF_3~~~btuF_2,1,0,9,9,1,No difference
cph1,1,0,9,9,1,No difference
group_2918,1,0,9,9,1,No difference
group_2917,1,0,9,9,1,No difference
folP,1,0,9,9,1,No difference
infC,1,0,9,9,1,No difference
group_2916,1,0,9,9,1,No difference
group_2915,1,0,9,9,1,No difference
group_2914,1,0,9,9,1,No difference
rhaS_6~~~rhaS_8,1,0,9,9,1,No difference
ydjA,1,0,9,9,1,No difference
group_2913,1,0,9,9,1,No difference
group_2912,1,0,9,9,1,No difference
group_2911,1,0,9,9,1,No difference
group_2910,1,0,9,9,1,No difference
group_2909,1,0,9,9,1,No difference
ephA_2~~~ephA,1,0,9,9,1,No difference
group_2908,1,0,9,9,1,No difference
group_2907,1,0,9,9,1,No difference
eamB_2~~~eamB_4,1,0,9,9,1,No difference
group_2906,1,0,9,9,1,No difference
group_2903,1,0,9,9,1,No difference
group_2902,1,0,9,9,1,No difference
acs_3~~~acs_2,1,0,9,9,1,No difference
yfcS,1,0,9,9,1,No difference
group_2901,1,0,9,9,1,No difference
yadV_1~~~yadV_3,1,0,9,9,1,No difference
group_2899,1,0,9,9,1,No difference
kdpC_1,1,0,9,9,1,No difference
serC,1,0,9,9,1,No difference
group_2898,1,0,9,9,1,No difference
group_2896,1,0,9,9,1,No difference
cckA,1,0,9,9,1,No difference
bvgA_3~~~bvgA_1,1,0,9,9,1,No difference
yeeA,1,0,9,9,1,No difference
group_2895,1,0,9,9,1,No difference
group_2889,1,0,9,9,1,No difference
group_2885,1,0,9,9,1,No difference
group_2884,1,0,9,9,1,No difference
group_2879,1,0,9,9,1,No difference
group_2866,1,0,9,9,1,No difference
group_2862,1,0,9,9,1,No difference
group_2855,1,0,9,9,1,No difference
group_2854,1,0,9,9,1,No difference
pqqA,1,0,9,9,1,No difference
group_2851,1,0,9,9,1,No difference
group_2841,1,0,9,9,1,No difference
group_2840,1,0,9,9,1,No difference
group_2839,1,0,9,9,1,No difference
group_2836,1,0,9,9,1,No difference
group_2828,1,0,9,9,1,No difference
rpmG,1,0,9,9,1,No difference
group_2822,1,0,9,9,1,No difference
group_2821,1,0,9,9,1,No difference
group_2820,1,0,9,9,1,No difference
group_2814,1,0,9,9,1,No difference
group_2813,1,0,9,9,1,No difference
group_2812,1,0,9,9,1,No difference
rubA2,1,0,9,9,1,No difference
group_2808,1,0,9,9,1,No difference
group_2803,1,0,9,9,1,No difference
group_2801,1,0,9,9,1,No difference
group_2800,1,0,9,9,1,No difference
group_2799,1,0,9,9,1,No difference
rubA1,1,0,9,9,1,No difference
group_2794,1,0,9,9,1,No difference
group_2792,1,0,9,9,1,No difference
group_2791,1,0,9,9,1,No difference
group_2790,1,0,9,9,1,No difference
group_2789,1,0,9,9,1,No difference
group_2788,1,0,9,9,1,No difference
group_2787,1,0,9,9,1,No difference
group_2784,1,0,9,9,1,No difference
group_2783,1,0,9,9,1,No difference
group_2782,1,0,9,9,1,No difference
rpmD,1,0,9,9,1,No difference
group_2781,1,0,9,9,1,No difference
group_2780,1,0,9,9,1,No difference
group_2779,1,0,9,9,1,No difference
group_2778,1,0,9,9,1,No difference
group_2772,1,0,9,9,1,No difference
group_2771,1,0,9,9,1,No difference
group_2769,1,0,9,9,1,No difference
rpmF,1,0,9,9,1,No difference
group_2763,1,0,9,9,1,No difference
group_2762,1,0,9,9,1,No difference
group_2760,1,0,9,9,1,No difference
group_2753,1,0,9,9,1,No difference
group_2752,1,0,9,9,1,No difference
group_2751,1,0,9,9,1,No difference
group_2750,1,0,9,9,1,No difference
group_2741,1,0,9,9,1,No difference
csrA2,1,0,9,9,1,No difference
group_2739,1,0,9,9,1,No difference
group_2738,1,0,9,9,1,No difference
group_2737,1,0,9,9,1,No difference
rpmC,1,0,9,9,1,No difference
group_2731,1,0,9,9,1,No difference
group_2730,1,0,9,9,1,No difference
rpmI,1,0,9,9,1,No difference
csrA1,1,0,9,9,1,No difference
group_2724,1,0,9,9,1,No difference
group_2723,1,0,9,9,1,No difference
group_2722,1,0,9,9,1,No difference
group_2720,1,0,9,9,1,No difference
group_2718,1,0,9,9,1,No difference
group_2716,1,0,9,9,1,No difference
group_2715,1,0,9,9,1,No difference
group_2705,1,0,9,9,1,No difference
yacG,1,0,9,9,1,No difference
aaeX,1,0,9,9,1,No difference
group_2703,1,0,9,9,1,No difference
group_2702,1,0,9,9,1,No difference
group_2701,1,0,9,9,1,No difference
group_2695,1,0,9,9,1,No difference
csrA,1,0,9,9,1,No difference
slyX,1,0,9,9,1,No difference
group_2682,1,0,9,9,1,No difference
group_2680,1,0,9,9,1,No difference
group_2679,1,0,9,9,1,No difference
capB_2,1,0,9,9,1,No difference
group_2673,1,0,9,9,1,No difference
group_2672,1,0,9,9,1,No difference
cspA_2,1,0,9,9,1,No difference
group_2666,1,0,9,9,1,No difference
group_2665,1,0,9,9,1,No difference
group_2664,1,0,9,9,1,No difference
group_2663,1,0,9,9,1,No difference
iscX,1,0,9,9,1,No difference
group_2662,1,0,9,9,1,No difference
rpsU,1,0,9,9,1,No difference
group_2660,1,0,9,9,1,No difference
group_2651,1,0,9,9,1,No difference
group_2650,1,0,9,9,1,No difference
infA,1,0,9,9,1,No difference
group_2648,1,0,9,9,1,No difference
group_2647,1,0,9,9,1,No difference
group_2646,1,0,9,9,1,No difference
group_2645,1,0,9,9,1,No difference
group_2638,1,0,9,9,1,No difference
group_2637,1,0,9,9,1,No difference
group_2636,1,0,9,9,1,No difference
group_2635,1,0,9,9,1,No difference
group_2626,1,0,9,9,1,No difference
group_2625,1,0,9,9,1,No difference
group_2624,1,0,9,9,1,No difference
mbtH,1,0,9,9,1,No difference
group_2622,1,0,9,9,1,No difference
group_2621,1,0,9,9,1,No difference
group_2613,1,0,9,9,1,No difference
group_2612,1,0,9,9,1,No difference
group_2611,1,0,9,9,1,No difference
group_2610,1,0,9,9,1,No difference
group_2609,1,0,9,9,1,No difference
group_2605,1,0,9,9,1,No difference
group_2591,1,0,9,9,1,No difference
group_2589,1,0,9,9,1,No difference
group_2588,1,0,9,9,1,No difference
group_2587,1,0,9,9,1,No difference
group_2586,1,0,9,9,1,No difference
rpmB,1,0,9,9,1,No difference
acpP_3,1,0,9,9,1,No difference
group_2578,1,0,9,9,1,No difference
group_2575,1,0,9,9,1,No difference
group_2574,1,0,9,9,1,No difference
group_2564,1,0,9,9,1,No difference
group_2563,1,0,9,9,1,No difference
group_2562,1,0,9,9,1,No difference
tusA_1,1,0,9,9,1,No difference
group_2549,1,0,9,9,1,No difference
xseB,1,0,9,9,1,No difference
clpS,1,0,9,9,1,No difference
group_2545,1,0,9,9,1,No difference
group_2544,1,0,9,9,1,No difference
group_2540,1,0,9,9,1,No difference
group_2539,1,0,9,9,1,No difference
group_2538,1,0,9,9,1,No difference
group_2526,1,0,9,9,1,No difference
group_2525,1,0,9,9,1,No difference
group_2524,1,0,9,9,1,No difference
group_2523,1,0,9,9,1,No difference
group_2522,1,0,9,9,1,No difference
rpsP,1,0,9,9,1,No difference
group_2521,1,0,9,9,1,No difference
group_2520,1,0,9,9,1,No difference
tusA_2,1,0,9,9,1,No difference
fdx_1,1,0,9,9,1,No difference
group_2508,1,0,9,9,1,No difference
sdhE,1,0,9,9,1,No difference
minE,1,0,9,9,1,No difference
group_2507,1,0,9,9,1,No difference
atpH_2,1,0,9,9,1,No difference
group_2498,1,0,9,9,1,No difference
group_2497,1,0,9,9,1,No difference
group_2496,1,0,9,9,1,No difference
rpmA,1,0,9,9,1,No difference
group_2495,1,0,9,9,1,No difference
group_2483,1,0,9,9,1,No difference
group_2482,1,0,9,9,1,No difference
group_2481,1,0,9,9,1,No difference
group_2480,1,0,9,9,1,No difference
group_2478,1,0,9,9,1,No difference
group_2477,1,0,9,9,1,No difference
ubiK,1,0,9,9,1,No difference
group_2468,1,0,9,9,1,No difference
group_2467,1,0,9,9,1,No difference
group_2465,1,0,9,9,1,No difference
group_2464,1,0,9,9,1,No difference
rpoZ,1,0,9,9,1,No difference
group_2453,1,0,9,9,1,No difference
rpsQ,1,0,9,9,1,No difference
group_2452,1,0,9,9,1,No difference
group_2444,1,0,9,9,1,No difference
group_2443,1,0,9,9,1,No difference
group_2442,1,0,9,9,1,No difference
group_2441,1,0,9,9,1,No difference
group_2440,1,0,9,9,1,No difference
rpsO,1,0,9,9,1,No difference
fliQ,1,0,9,9,1,No difference
group_2431,1,0,9,9,1,No difference
group_2430,1,0,9,9,1,No difference
group_2429,1,0,9,9,1,No difference
hupB_3,1,0,9,9,1,No difference
rpmE2,1,0,9,9,1,No difference
group_2426,1,0,9,9,1,No difference
group_2420,1,0,9,9,1,No difference
ppiC_1,1,0,9,9,1,No difference
group_2419,1,0,9,9,1,No difference
group_2418,1,0,9,9,1,No difference
group_2417,1,0,9,9,1,No difference
rpsS,1,0,9,9,1,No difference
group_2416,1,0,9,9,1,No difference
frmR,1,0,9,9,1,No difference
group_2415,1,0,9,9,1,No difference
pqqD,1,0,9,9,1,No difference
hupB_1,1,0,9,9,1,No difference
rpsT,1,0,9,9,1,No difference
group_2409,1,0,9,9,1,No difference
group_2408,1,0,9,9,1,No difference
group_2406,1,0,9,9,1,No difference
group_2405,1,0,9,9,1,No difference
group_2404,1,0,9,9,1,No difference
mrpX,1,0,9,9,1,No difference
group_2399,1,0,9,9,1,No difference
hupB_2,1,0,9,9,1,No difference
group_2398,1,0,9,9,1,No difference
group_2397,1,0,9,9,1,No difference
group_2393,1,0,9,9,1,No difference
group_2390,1,0,9,9,1,No difference
group_2389,1,0,9,9,1,No difference
group_2388,1,0,9,9,1,No difference
ppnP,1,0,9,9,1,No difference
group_2387,1,0,9,9,1,No difference
group_2379,1,0,9,9,1,No difference
group_2378,1,0,9,9,1,No difference
gatC,1,0,9,9,1,No difference
group_2377,1,0,9,9,1,No difference
group_2368,1,0,9,9,1,No difference
group_2367,1,0,9,9,1,No difference
group_2366,1,0,9,9,1,No difference
catC,1,0,9,9,1,No difference
group_2365,1,0,9,9,1,No difference
bolA,1,0,9,9,1,No difference
ftsL,1,0,9,9,1,No difference
ycgL,1,0,9,9,1,No difference
group_2349,1,0,9,9,1,No difference
groS,1,0,9,9,1,No difference
ihfB,1,0,9,9,1,No difference
group_2348,1,0,9,9,1,No difference
group_2347,1,0,9,9,1,No difference
group_2346,1,0,9,9,1,No difference
inh,1,0,9,9,1,No difference
rplW,1,0,9,9,1,No difference
yciI_1,1,0,9,9,1,No difference
group_2340,1,0,9,9,1,No difference
ihfA,1,0,9,9,1,No difference
group_2334,1,0,9,9,1,No difference
group_2332,1,0,9,9,1,No difference
group_2331,1,0,9,9,1,No difference
group_2330,1,0,9,9,1,No difference
soxD,1,0,9,9,1,No difference
group_2324,1,0,9,9,1,No difference
group_2323,1,0,9,9,1,No difference
group_2322,1,0,9,9,1,No difference
pchB,1,0,9,9,1,No difference
rpsN,1,0,9,9,1,No difference
group_2320,1,0,9,9,1,No difference
group_2319,1,0,9,9,1,No difference
group_2318,1,0,9,9,1,No difference
group_2309,1,0,9,9,1,No difference
group_2308,1,0,9,9,1,No difference
group_2307,1,0,9,9,1,No difference
nuoK,1,0,9,9,1,No difference
group_2306,1,0,9,9,1,No difference
group_2305,1,0,9,9,1,No difference
yhbY,1,0,9,9,1,No difference
group_2304,1,0,9,9,1,No difference
group_2303,1,0,9,9,1,No difference
group_2295,1,0,9,9,1,No difference
group_2294,1,0,9,9,1,No difference
group_2293,1,0,9,9,1,No difference
mqsR,1,0,9,9,1,No difference
rpsJ,1,0,9,9,1,No difference
group_2292,1,0,9,9,1,No difference
yjcH,1,0,9,9,1,No difference
group_2288,1,0,9,9,1,No difference
gdx,1,0,9,9,1,No difference
group_2287,1,0,9,9,1,No difference
rplX,1,0,9,9,1,No difference
rplU,1,0,9,9,1,No difference
yqjD_1,1,0,9,9,1,No difference
group_2286,1,0,9,9,1,No difference
group_2285,1,0,9,9,1,No difference
group_2279,1,0,9,9,1,No difference
group_2278,1,0,9,9,1,No difference
group_2277,1,0,9,9,1,No difference
group_2276,1,0,9,9,1,No difference
zapA,1,0,9,9,1,No difference
group_2271,1,0,9,9,1,No difference
group_2270,1,0,9,9,1,No difference
yqjZ,1,0,9,9,1,No difference
group_2268,1,0,9,9,1,No difference
group_2266,1,0,9,9,1,No difference
group_2259,1,0,9,9,1,No difference
group_2258,1,0,9,9,1,No difference
group_2257,1,0,9,9,1,No difference
fdxA,1,0,9,9,1,No difference
iscA,1,0,9,9,1,No difference
group_2256,1,0,9,9,1,No difference
group_2255,1,0,9,9,1,No difference
group_2251,1,0,9,9,1,No difference
group_2250,1,0,9,9,1,No difference
group_2249,1,0,9,9,1,No difference
group_2248,1,0,9,9,1,No difference
group_2247,1,0,9,9,1,No difference
group_2246,1,0,9,9,1,No difference
sutA,1,0,9,9,1,No difference
group_2240,1,0,9,9,1,No difference
group_2239,1,0,9,9,1,No difference
group_2238,1,0,9,9,1,No difference
group_2237,1,0,9,9,1,No difference
yqcC,1,0,9,9,1,No difference
group_2235,1,0,9,9,1,No difference
flhB_2,1,0,9,9,1,No difference
group_2234,1,0,9,9,1,No difference
fliE,1,0,9,9,1,No difference
glpE_1,1,0,9,9,1,No difference
trxA,1,0,9,9,1,No difference
group_2223,1,0,9,9,1,No difference
rplV,1,0,9,9,1,No difference
group_2222,1,0,9,9,1,No difference
group_2221,1,0,9,9,1,No difference
group_2220,1,0,9,9,1,No difference
cyaY,1,0,9,9,1,No difference
group_2210,1,0,9,9,1,No difference
group_2209,1,0,9,9,1,No difference
tusE,1,0,9,9,1,No difference
group_2208,1,0,9,9,1,No difference
bigR,1,0,9,9,1,No difference
group_2207,1,0,9,9,1,No difference
group_2206,1,0,9,9,1,No difference
group_2205,1,0,9,9,1,No difference
group_2198,1,0,9,9,1,No difference
group_2197,1,0,9,9,1,No difference
ydgC,1,0,9,9,1,No difference
grxD,1,0,9,9,1,No difference
yajC,1,0,9,9,1,No difference
ybaB,1,0,9,9,1,No difference
group_2196,1,0,9,9,1,No difference
glnK,1,0,9,9,1,No difference
group_2192,1,0,9,9,1,No difference
group_2189,1,0,9,9,1,No difference
cyoD,1,0,9,9,1,No difference
fdx_2,1,0,9,9,1,No difference
group_2188,1,0,9,9,1,No difference
group_2187,1,0,9,9,1,No difference
group_2186,1,0,9,9,1,No difference
group_2185,1,0,9,9,1,No difference
group_2179,1,0,9,9,1,No difference
group_2178,1,0,9,9,1,No difference
group_2177,1,0,9,9,1,No difference
mnhC1,1,0,9,9,1,No difference
group_2176,1,0,9,9,1,No difference
group_2175,1,0,9,9,1,No difference
group_2174,1,0,9,9,1,No difference
group_2173,1,0,9,9,1,No difference
group_2172,1,0,9,9,1,No difference
group_2171,1,0,9,9,1,No difference
group_2168,1,0,9,9,1,No difference
group_2167,1,0,9,9,1,No difference
group_2166,1,0,9,9,1,No difference
arnE_3,1,0,9,9,1,No difference
group_2165,1,0,9,9,1,No difference
group_2163,1,0,9,9,1,No difference
group_2162,1,0,9,9,1,No difference
tusC,1,0,9,9,1,No difference
group_2155,1,0,9,9,1,No difference
rplR,1,0,9,9,1,No difference
rplS,1,0,9,9,1,No difference
group_2154,1,0,9,9,1,No difference
group_2153,1,0,9,9,1,No difference
rutC_2,1,0,9,9,1,No difference
group_2150,1,0,9,9,1,No difference
group_2148,1,0,9,9,1,No difference
group_2147,1,0,9,9,1,No difference
cidA_2,1,0,9,9,1,No difference
pucM,1,0,9,9,1,No difference
group_2146,1,0,9,9,1,No difference
folB,1,0,9,9,1,No difference
group_2145,1,0,9,9,1,No difference
rutC_1,1,0,9,9,1,No difference
group_2139,1,0,9,9,1,No difference
rplT,1,0,9,9,1,No difference
group_2138,1,0,9,9,1,No difference
group_2137,1,0,9,9,1,No difference
queD,1,0,9,9,1,No difference
group_2136,1,0,9,9,1,No difference
rpsM,1,0,9,9,1,No difference
group_2135,1,0,9,9,1,No difference
group_2134,1,0,9,9,1,No difference
arnE_2,1,0,9,9,1,No difference
group_2133,1,0,9,9,1,No difference
group_2127,1,0,9,9,1,No difference
group_2120,1,0,9,9,1,No difference
group_2119,1,0,9,9,1,No difference
group_2118,1,0,9,9,1,No difference
group_2117,1,0,9,9,1,No difference
walR_2,1,0,9,9,1,No difference
group_2116,1,0,9,9,1,No difference
dgkA,1,0,9,9,1,No difference
group_2115,1,0,9,9,1,No difference
group_2114,1,0,9,9,1,No difference
group_2113,1,0,9,9,1,No difference
group_2112,1,0,9,9,1,No difference
group_2101,1,0,9,9,1,No difference
group_2100,1,0,9,9,1,No difference
group_2099,1,0,9,9,1,No difference
pcoC,1,0,9,9,1,No difference
group_2098,1,0,9,9,1,No difference
rplL,1,0,9,9,1,No difference
pleD,1,0,9,9,1,No difference
group_2093,1,0,9,9,1,No difference
rplN,1,0,9,9,1,No difference
secE,1,0,9,9,1,No difference
sdhD,1,0,9,9,1,No difference
group_2092,1,0,9,9,1,No difference
group_2091,1,0,9,9,1,No difference
group_2082,1,0,9,9,1,No difference
group_2081,1,0,9,9,1,No difference
group_2080,1,0,9,9,1,No difference
rlpA_2,1,0,9,9,1,No difference
rpsL,1,0,9,9,1,No difference
folX,1,0,9,9,1,No difference
group_2079,1,0,9,9,1,No difference
group_2078,1,0,9,9,1,No difference
ehpR,1,0,9,9,1,No difference
group_2077,1,0,9,9,1,No difference
group_2076,1,0,9,9,1,No difference
crcB_2,1,0,9,9,1,No difference
group_2074,1,0,9,9,1,No difference
group_2073,1,0,9,9,1,No difference
group_2072,1,0,9,9,1,No difference
sdhC,1,0,9,9,1,No difference
group_2071,1,0,9,9,1,No difference
group_2070,1,0,9,9,1,No difference
group_2069,1,0,9,9,1,No difference
cheY,1,0,9,9,1,No difference
group_2065,1,0,9,9,1,No difference
cpdR,1,0,9,9,1,No difference
merR1_2,1,0,9,9,1,No difference
group_2063,1,0,9,9,1,No difference
group_2062,1,0,9,9,1,No difference
group_2056,1,0,9,9,1,No difference
yabJ_5,1,0,9,9,1,No difference
yabJ_2,1,0,9,9,1,No difference
rssB_2,1,0,9,9,1,No difference
apaG,1,0,9,9,1,No difference
yabJ_1,1,0,9,9,1,No difference
group_2054,1,0,9,9,1,No difference
group_2044,1,0,9,9,1,No difference
group_2043,1,0,9,9,1,No difference
divK,1,0,9,9,1,No difference
group_2042,1,0,9,9,1,No difference
group_2041,1,0,9,9,1,No difference
gcvH_2,1,0,9,9,1,No difference
ybaN,1,0,9,9,1,No difference
gcvH_1,1,0,9,9,1,No difference
group_2036,1,0,9,9,1,No difference
group_2035,1,0,9,9,1,No difference
rplQ,1,0,9,9,1,No difference
cidA_1,1,0,9,9,1,No difference
iscU,1,0,9,9,1,No difference
group_2033,1,0,9,9,1,No difference
group_2032,1,0,9,9,1,No difference
group_2031,1,0,9,9,1,No difference
group_2028,1,0,9,9,1,No difference
yabJ_4,1,0,9,9,1,No difference
group_2027,1,0,9,9,1,No difference
rpsK,1,0,9,9,1,No difference
fliS,1,0,9,9,1,No difference
group_2026,1,0,9,9,1,No difference
fecI_1,1,0,9,9,1,No difference
cbiG,1,0,9,9,1,No difference
yabJ_3,1,0,9,9,1,No difference
cueR_1,1,0,9,9,1,No difference
dsrE,1,0,9,9,1,No difference
rpsI,1,0,9,9,1,No difference
group_2023,1,0,9,9,1,No difference
hpcD,1,0,9,9,1,No difference
rpsH,1,0,9,9,1,No difference
group_2022,1,0,9,9,1,No difference
msrB_1,1,0,9,9,1,No difference
group_2021,1,0,9,9,1,No difference
group_2020,1,0,9,9,1,No difference
group_2015,1,0,9,9,1,No difference
group_2014,1,0,9,9,1,No difference
group_2013,1,0,9,9,1,No difference
rbfA,1,0,9,9,1,No difference
group_2012,1,0,9,9,1,No difference
group_2011,1,0,9,9,1,No difference
group_2010,1,0,9,9,1,No difference
group_2009,1,0,9,9,1,No difference
group_2008,1,0,9,9,1,No difference
yqjC,1,0,9,9,1,No difference
group_2004,1,0,9,9,1,No difference
group_2003,1,0,9,9,1,No difference
erpA,1,0,9,9,1,No difference
group_1999,1,0,9,9,1,No difference
group_1998,1,0,9,9,1,No difference
group_1997,1,0,9,9,1,No difference
group_1996,1,0,9,9,1,No difference
group_1995,1,0,9,9,1,No difference
group_1994,1,0,9,9,1,No difference
cueR_2,1,0,9,9,1,No difference
dksA_3,1,0,9,9,1,No difference
rbsD,1,0,9,9,1,No difference
dksA_2,1,0,9,9,1,No difference
group_1989,1,0,9,9,1,No difference
group_1988,1,0,9,9,1,No difference
group_1987,1,0,9,9,1,No difference
fur,1,0,9,9,1,No difference
group_1986,1,0,9,9,1,No difference
group_1985,1,0,9,9,1,No difference
group_1984,1,0,9,9,1,No difference
group_1983,1,0,9,9,1,No difference
exbD_3,1,0,9,9,1,No difference
group_1980,1,0,9,9,1,No difference
group_1979,1,0,9,9,1,No difference
flgB,1,0,9,9,1,No difference
group_1978,1,0,9,9,1,No difference
group_1977,1,0,9,9,1,No difference
group_1976,1,0,9,9,1,No difference
walR_1,1,0,9,9,1,No difference
group_1975,1,0,9,9,1,No difference
group_1974,1,0,9,9,1,No difference
hiuH,1,0,9,9,1,No difference
group_1969,1,0,9,9,1,No difference
fosA,1,0,9,9,1,No difference
rnk,1,0,9,9,1,No difference
ndhC,1,0,9,9,1,No difference
pilA,1,0,9,9,1,No difference
arnF,1,0,9,9,1,No difference
group_1965,1,0,9,9,1,No difference
rplP,1,0,9,9,1,No difference
group_1964,1,0,9,9,1,No difference
arfB,1,0,9,9,1,No difference
arnE_1,1,0,9,9,1,No difference
group_1960,1,0,9,9,1,No difference
group_1959,1,0,9,9,1,No difference
atpC,1,0,9,9,1,No difference
group_1958,1,0,9,9,1,No difference
group_1957,1,0,9,9,1,No difference
group_1956,1,0,9,9,1,No difference
mscL,1,0,9,9,1,No difference
group_1954,1,0,9,9,1,No difference
group_1953,1,0,9,9,1,No difference
group_1952,1,0,9,9,1,No difference
sspB,1,0,9,9,1,No difference
group_1944,1,0,9,9,1,No difference
group_1943,1,0,9,9,1,No difference
group_1942,1,0,9,9,1,No difference
group_1941,1,0,9,9,1,No difference
ohrB,1,0,9,9,1,No difference
group_1934,1,0,9,9,1,No difference
group_1933,1,0,9,9,1,No difference
group_1932,1,0,9,9,1,No difference
farR,1,0,9,9,1,No difference
rutC_3,1,0,9,9,1,No difference
group_1931,1,0,9,9,1,No difference
yhfA,1,0,9,9,1,No difference
group_1926,1,0,9,9,1,No difference
group_1923,1,0,9,9,1,No difference
ndk,1,0,9,9,1,No difference
group_1922,1,0,9,9,1,No difference
group_1921,1,0,9,9,1,No difference
group_1920,1,0,9,9,1,No difference
exbD_1,1,0,9,9,1,No difference
tolR,1,0,9,9,1,No difference
group_1916,1,0,9,9,1,No difference
rplM,1,0,9,9,1,No difference
group_1915,1,0,9,9,1,No difference
holC,1,0,9,9,1,No difference
group_1913,1,0,9,9,1,No difference
group_1912,1,0,9,9,1,No difference
group_1911,1,0,9,9,1,No difference
group_1910,1,0,9,9,1,No difference
group_1909,1,0,9,9,1,No difference
group_1903,1,0,9,9,1,No difference
group_1902,1,0,9,9,1,No difference
group_1901,1,0,9,9,1,No difference
rplK,1,0,9,9,1,No difference
group_1900,1,0,9,9,1,No difference
group_1899,1,0,9,9,1,No difference
group_1892,1,0,9,9,1,No difference
group_1891,1,0,9,9,1,No difference
ratA,1,0,9,9,1,No difference
group_1890,1,0,9,9,1,No difference
mhqP,1,0,9,9,1,No difference
slyA_1,1,0,9,9,1,No difference
group_1889,1,0,9,9,1,No difference
group_1888,1,0,9,9,1,No difference
group_1885,1,0,9,9,1,No difference
pfyP_2,1,0,9,9,1,No difference
rplO,1,0,9,9,1,No difference
yqgF,1,0,9,9,1,No difference
group_1882,1,0,9,9,1,No difference
hrp1,1,0,9,9,1,No difference
lrpC_2,1,0,9,9,1,No difference
yqaA,1,0,9,9,1,No difference
group_1881,1,0,9,9,1,No difference
group_1880,1,0,9,9,1,No difference
aroQ_2,1,0,9,9,1,No difference
group_1879,1,0,9,9,1,No difference
group_1878,1,0,9,9,1,No difference
tspO,1,0,9,9,1,No difference
aroQ_1,1,0,9,9,1,No difference
group_1876,1,0,9,9,1,No difference
group_1874,1,0,9,9,1,No difference
group_1871,1,0,9,9,1,No difference
group_1870,1,0,9,9,1,No difference
dksA_1,1,0,9,9,1,No difference
group_1869,1,0,9,9,1,No difference
xcpT,1,0,9,9,1,No difference
group_1864,1,0,9,9,1,No difference
group_1863,1,0,9,9,1,No difference
group_1862,1,0,9,9,1,No difference
group_1861,1,0,9,9,1,No difference
group_1860,1,0,9,9,1,No difference
group_1859,1,0,9,9,1,No difference
lrp_2,1,0,9,9,1,No difference
atoC_1,1,0,9,9,1,No difference
ybbJ,1,0,9,9,1,No difference
group_1858,1,0,9,9,1,No difference
sixA,1,0,9,9,1,No difference
soxR,1,0,9,9,1,No difference
moaE,1,0,9,9,1,No difference
sigE,1,0,9,9,1,No difference
group_1852,1,0,9,9,1,No difference
group_1851,1,0,9,9,1,No difference
fliJ,1,0,9,9,1,No difference
merR1_1,1,0,9,9,1,No difference
group_1850,1,0,9,9,1,No difference
group_1849,1,0,9,9,1,No difference
rnhA,1,0,9,9,1,No difference
rimI,1,0,9,9,1,No difference
fkpB,1,0,9,9,1,No difference
flgC,1,0,9,9,1,No difference
group_1843,1,0,9,9,1,No difference
group_1842,1,0,9,9,1,No difference
ohrR,1,0,9,9,1,No difference
elaA,1,0,9,9,1,No difference
mraZ,1,0,9,9,1,No difference
group_1837,1,0,9,9,1,No difference
group_1836,1,0,9,9,1,No difference
group_1835,1,0,9,9,1,No difference
group_1834,1,0,9,9,1,No difference
group_1833,1,0,9,9,1,No difference
group_1832,1,0,9,9,1,No difference
group_1831,1,0,9,9,1,No difference
ybgC,1,0,9,9,1,No difference
group_1830,1,0,9,9,1,No difference
group_1829,1,0,9,9,1,No difference
group_1827,1,0,9,9,1,No difference
group_1826,1,0,9,9,1,No difference
dut,1,0,9,9,1,No difference
group_1821,1,0,9,9,1,No difference
group_1820,1,0,9,9,1,No difference
ibpA_1,1,0,9,9,1,No difference
ybeY,1,0,9,9,1,No difference
group_1819,1,0,9,9,1,No difference
group_1818,1,0,9,9,1,No difference
rpiB,1,0,9,9,1,No difference
group_1814,1,0,9,9,1,No difference
resA_2,1,0,9,9,1,No difference
group_1813,1,0,9,9,1,No difference
group_1812,1,0,9,9,1,No difference
group_1811,1,0,9,9,1,No difference
exbD_2,1,0,9,9,1,No difference
group_1810,1,0,9,9,1,No difference
group_1806,1,0,9,9,1,No difference
ptsN,1,0,9,9,1,No difference
group_1805,1,0,9,9,1,No difference
group_1804,1,0,9,9,1,No difference
group_1803,1,0,9,9,1,No difference
bfr_1,1,0,9,9,1,No difference
group_1802,1,0,9,9,1,No difference
group_1801,1,0,9,9,1,No difference
group_1791,1,0,9,9,1,No difference
iorA,1,0,9,9,1,No difference
group_1790,1,0,9,9,1,No difference
group_1789,1,0,9,9,1,No difference
mlaD,1,0,9,9,1,No difference
yjaB_2,1,0,9,9,1,No difference
rlmH,1,0,9,9,1,No difference
pfyP_1,1,0,9,9,1,No difference
group_1788,1,0,9,9,1,No difference
group_1787,1,0,9,9,1,No difference
ccmE,1,0,9,9,1,No difference
group_1786,1,0,9,9,1,No difference
fliN,1,0,9,9,1,No difference
group_1780,1,0,9,9,1,No difference
group_1779,1,0,9,9,1,No difference
group_1778,1,0,9,9,1,No difference
decR_3,1,0,9,9,1,No difference
atpF,1,0,9,9,1,No difference
group_1777,1,0,9,9,1,No difference
ybaK,1,0,9,9,1,No difference
bfr_2,1,0,9,9,1,No difference
nrdR,1,0,9,9,1,No difference
rpsG,1,0,9,9,1,No difference
group_1776,1,0,9,9,1,No difference
phaJ,1,0,9,9,1,No difference
cynS,1,0,9,9,1,No difference
decR_1,1,0,9,9,1,No difference
group_1768,1,0,9,9,1,No difference
marR,1,0,9,9,1,No difference
moaC,1,0,9,9,1,No difference
lrp_3,1,0,9,9,1,No difference
group_1767,1,0,9,9,1,No difference
ccmH,1,0,9,9,1,No difference
greB,1,0,9,9,1,No difference
sulA,1,0,9,9,1,No difference
group_1766,1,0,9,9,1,No difference
bcp,1,0,9,9,1,No difference
group_1761,1,0,9,9,1,No difference
group_1760,1,0,9,9,1,No difference
rclC,1,0,9,9,1,No difference
rimP,1,0,9,9,1,No difference
greA_2,1,0,9,9,1,No difference
group_1759,1,0,9,9,1,No difference
ribH,1,0,9,9,1,No difference
group_1758,1,0,9,9,1,No difference
group_1757,1,0,9,9,1,No difference
group_1756,1,0,9,9,1,No difference
group_1755,1,0,9,9,1,No difference
group_1747,1,0,9,9,1,No difference
group_1745,1,0,9,9,1,No difference
yfcQ,1,0,9,9,1,No difference
lrp_4,1,0,9,9,1,No difference
nusG,1,0,9,9,1,No difference
coaD,1,0,9,9,1,No difference
rppH,1,0,9,9,1,No difference
lrp_5,1,0,9,9,1,No difference
group_1737,1,0,9,9,1,No difference
decR_2,1,0,9,9,1,No difference
fecI_4,1,0,9,9,1,No difference
group_1736,1,0,9,9,1,No difference
smpB,1,0,9,9,1,No difference
btuE_2,1,0,9,9,1,No difference
msrC,1,0,9,9,1,No difference
group_1735,1,0,9,9,1,No difference
group_1734,1,0,9,9,1,No difference
cheW,1,0,9,9,1,No difference
group_1733,1,0,9,9,1,No difference
slyD,1,0,9,9,1,No difference
group_1729,1,0,9,9,1,No difference
folK_2,1,0,9,9,1,No difference
group_1727,1,0,9,9,1,No difference
gpx1,1,0,9,9,1,No difference
group_1726,1,0,9,9,1,No difference
group_1725,1,0,9,9,1,No difference
group_1724,1,0,9,9,1,No difference
group_1718,1,0,9,9,1,No difference
group_1717,1,0,9,9,1,No difference
mreD,1,0,9,9,1,No difference
hcpA_1,1,0,9,9,1,No difference
group_1716,1,0,9,9,1,No difference
group_1715,1,0,9,9,1,No difference
group_1713,1,0,9,9,1,No difference
psiE,1,0,9,9,1,No difference
group_1712,1,0,9,9,1,No difference
group_1711,1,0,9,9,1,No difference
group_1710,1,0,9,9,1,No difference
group_1709,1,0,9,9,1,No difference
lrp_1,1,0,9,9,1,No difference
hcp1_1,1,0,9,9,1,No difference
group_1708,1,0,9,9,1,No difference
group_1707,1,0,9,9,1,No difference
group_1706,1,0,9,9,1,No difference
ilvH,1,0,9,9,1,No difference
pal_3,1,0,9,9,1,No difference
iscR,1,0,9,9,1,No difference
group_1705,1,0,9,9,1,No difference
group_1704,1,0,9,9,1,No difference
group_1703,1,0,9,9,1,No difference
purE,1,0,9,9,1,No difference
antB,1,0,9,9,1,No difference
fliY_1,1,0,9,9,1,No difference
group_1700,1,0,9,9,1,No difference
group_1699,1,0,9,9,1,No difference
group_1698,1,0,9,9,1,No difference
group_1697,1,0,9,9,1,No difference
group_1696,1,0,9,9,1,No difference
sprT,1,0,9,9,1,No difference
group_1695,1,0,9,9,1,No difference
yfcR,1,0,9,9,1,No difference
rsfS,1,0,9,9,1,No difference
srpB,1,0,9,9,1,No difference
group_1693,1,0,9,9,1,No difference
nuoE,1,0,9,9,1,No difference
group_1690,1,0,9,9,1,No difference
group_1689,1,0,9,9,1,No difference
tadA,1,0,9,9,1,No difference
greA_1,1,0,9,9,1,No difference
group_1687,1,0,9,9,1,No difference
tpx,1,0,9,9,1,No difference
group_1686,1,0,9,9,1,No difference
fecI_5,1,0,9,9,1,No difference
pncC,1,0,9,9,1,No difference
nusB,1,0,9,9,1,No difference
rpsE,1,0,9,9,1,No difference
rplJ,1,0,9,9,1,No difference
pal_2,1,0,9,9,1,No difference
group_1685,1,0,9,9,1,No difference
group_1684,1,0,9,9,1,No difference
ygjP,1,0,9,9,1,No difference
lspA_2,1,0,9,9,1,No difference
group_1680,1,0,9,9,1,No difference
group_1679,1,0,9,9,1,No difference
group_1678,1,0,9,9,1,No difference
nuoJ,1,0,9,9,1,No difference
group_1677,1,0,9,9,1,No difference
group_1676,1,0,9,9,1,No difference
group_1675,1,0,9,9,1,No difference
allA,1,0,9,9,1,No difference
group_1674,1,0,9,9,1,No difference
group_1670,1,0,9,9,1,No difference
group_1669,1,0,9,9,1,No difference
ecfG,1,0,9,9,1,No difference
group_1667,1,0,9,9,1,No difference
group_1666,1,0,9,9,1,No difference
dsbB_2,1,0,9,9,1,No difference
msrA_1,1,0,9,9,1,No difference
pyrR,1,0,9,9,1,No difference
group_1665,1,0,9,9,1,No difference
group_1660,1,0,9,9,1,No difference
ribH2,1,0,9,9,1,No difference
fecI_3,1,0,9,9,1,No difference
group_1659,1,0,9,9,1,No difference
group_1658,1,0,9,9,1,No difference
fae,1,0,9,9,1,No difference
lspA_1,1,0,9,9,1,No difference
aaaT,1,0,9,9,1,No difference
group_1653,1,0,9,9,1,No difference
group_1652,1,0,9,9,1,No difference
group_1651,1,0,9,9,1,No difference
fabA,1,0,9,9,1,No difference
group_1642,1,0,9,9,1,No difference
uao,1,0,9,9,1,No difference
group_1641,1,0,9,9,1,No difference
group_1640,1,0,9,9,1,No difference
fecI_6,1,0,9,9,1,No difference
pagL,1,0,9,9,1,No difference
group_1634,1,0,9,9,1,No difference
folK_1,1,0,9,9,1,No difference
group_1633,1,0,9,9,1,No difference
group_1630,1,0,9,9,1,No difference
group_1629,1,0,9,9,1,No difference
group_1628,1,0,9,9,1,No difference
group_1627,1,0,9,9,1,No difference
group_1626,1,0,9,9,1,No difference
gloA,1,0,9,9,1,No difference
group_1625,1,0,9,9,1,No difference
yqjI,1,0,9,9,1,No difference
mrpA,1,0,9,9,1,No difference
papH,1,0,9,9,1,No difference
group_1624,1,0,9,9,1,No difference
hscB,1,0,9,9,1,No difference
group_1623,1,0,9,9,1,No difference
cobP,1,0,9,9,1,No difference
dsbB_1,1,0,9,9,1,No difference
group_1617,1,0,9,9,1,No difference
kdsC,1,0,9,9,1,No difference
paoA,1,0,9,9,1,No difference
yrdA_1,1,0,9,9,1,No difference
ruvC,1,0,9,9,1,No difference
group_1616,1,0,9,9,1,No difference
group_1615,1,0,9,9,1,No difference
sttH_2,1,0,9,9,1,No difference
group_1609,1,0,9,9,1,No difference
bamE,1,0,9,9,1,No difference
ssb,1,0,9,9,1,No difference
group_1608,1,0,9,9,1,No difference
group_1607,1,0,9,9,1,No difference
yceD,1,0,9,9,1,No difference
group_1603,1,0,9,9,1,No difference
mtnD,1,0,9,9,1,No difference
group_1602,1,0,9,9,1,No difference
tpd,1,0,9,9,1,No difference
group_1596,1,0,9,9,1,No difference
group_1595,1,0,9,9,1,No difference
rplF,1,0,9,9,1,No difference
group_1594,1,0,9,9,1,No difference
atpH_1,1,0,9,9,1,No difference
rimM,1,0,9,9,1,No difference
dsbE,1,0,9,9,1,No difference
group_1591,1,0,9,9,1,No difference
group_1590,1,0,9,9,1,No difference
group_1587,1,0,9,9,1,No difference
group_1586,1,0,9,9,1,No difference
group_1585,1,0,9,9,1,No difference
yceJ_2,1,0,9,9,1,No difference
C1hpah,1,0,9,9,1,No difference
group_1584,1,0,9,9,1,No difference
rplE,1,0,9,9,1,No difference
def_1,1,0,9,9,1,No difference
moaB,1,0,9,9,1,No difference
group_1583,1,0,9,9,1,No difference
chrR_1,1,0,9,9,1,No difference
group_1582,1,0,9,9,1,No difference
group_1579,1,0,9,9,1,No difference
group_1578,1,0,9,9,1,No difference
group_1577,1,0,9,9,1,No difference
group_1576,1,0,9,9,1,No difference
group_1575,1,0,9,9,1,No difference
group_1574,1,0,9,9,1,No difference
group_1573,1,0,9,9,1,No difference
group_1572,1,0,9,9,1,No difference
group_1571,1,0,9,9,1,No difference
yaeQ,1,0,9,9,1,No difference
group_1565,1,0,9,9,1,No difference
group_1564,1,0,9,9,1,No difference
group_1563,1,0,9,9,1,No difference
group_1562,1,0,9,9,1,No difference
yodB_1,1,0,9,9,1,No difference
group_1561,1,0,9,9,1,No difference
folE_1,1,0,9,9,1,No difference
group_1560,1,0,9,9,1,No difference
group_1559,1,0,9,9,1,No difference
group_1558,1,0,9,9,1,No difference
group_1557,1,0,9,9,1,No difference
nuoI,1,0,9,9,1,No difference
group_1553,1,0,9,9,1,No difference
smfA,1,0,9,9,1,No difference
group_1552,1,0,9,9,1,No difference
nudC_1,1,0,9,9,1,No difference
btuE_1,1,0,9,9,1,No difference
apt,1,0,9,9,1,No difference
puuR,1,0,9,9,1,No difference
group_1550,1,0,9,9,1,No difference
group_1549,1,0,9,9,1,No difference
yyaP,1,0,9,9,1,No difference
group_1547,1,0,9,9,1,No difference
yceJ_1,1,0,9,9,1,No difference
group_1543,1,0,9,9,1,No difference
group_1542,1,0,9,9,1,No difference
group_1541,1,0,9,9,1,No difference
group_1540,1,0,9,9,1,No difference
chrR_2,1,0,9,9,1,No difference
group_1537,1,0,9,9,1,No difference
clpP_2,1,0,9,9,1,No difference
group_1536,1,0,9,9,1,No difference
hpt,1,0,9,9,1,No difference
group_1535,1,0,9,9,1,No difference
group_1534,1,0,9,9,1,No difference
smrA,1,0,9,9,1,No difference
group_1533,1,0,9,9,1,No difference
group_1530,1,0,9,9,1,No difference
group_1529,1,0,9,9,1,No difference
ccmM,1,0,9,9,1,No difference
yfkM,1,0,9,9,1,No difference
pgsA,1,0,9,9,1,No difference
regA,1,0,9,9,1,No difference
folE_3,1,0,9,9,1,No difference
smf1_2,1,0,9,9,1,No difference
group_1528,1,0,9,9,1,No difference
group_1527,1,0,9,9,1,No difference
group_1526,1,0,9,9,1,No difference
grpE,1,0,9,9,1,No difference
ppa,1,0,9,9,1,No difference
group_1525,1,0,9,9,1,No difference
folE_2,1,0,9,9,1,No difference
pglC,1,0,9,9,1,No difference
gcvR,1,0,9,9,1,No difference
sfnF,1,0,9,9,1,No difference
group_1520,1,0,9,9,1,No difference
sutR_1,1,0,9,9,1,No difference
ampD,1,0,9,9,1,No difference
group_1519,1,0,9,9,1,No difference
pnuC,1,0,9,9,1,No difference
ahpC_2,1,0,9,9,1,No difference
mntP,1,0,9,9,1,No difference
group_1518,1,0,9,9,1,No difference
sttH_1,1,0,9,9,1,No difference
ppiA,1,0,9,9,1,No difference
ubiC,1,0,9,9,1,No difference
yceI_2,1,0,9,9,1,No difference
sctC_3,1,0,9,9,1,No difference
group_1514,1,0,9,9,1,No difference
group_1512,1,0,9,9,1,No difference
group_1511,1,0,9,9,1,No difference
plsY,1,0,9,9,1,No difference
group_1510,1,0,9,9,1,No difference
group_1509,1,0,9,9,1,No difference
lptC,1,0,9,9,1,No difference
group_1506,1,0,9,9,1,No difference
group_1505,1,0,9,9,1,No difference
efp,1,0,9,9,1,No difference
hisZ_1,1,0,9,9,1,No difference
group_1504,1,0,9,9,1,No difference
xpt,1,0,9,9,1,No difference
group_1498,1,0,9,9,1,No difference
lptA,1,0,9,9,1,No difference
cobC,1,0,9,9,1,No difference
pdtaR,1,0,9,9,1,No difference
yceF,1,0,9,9,1,No difference
group_1494,1,0,9,9,1,No difference
group_1493,1,0,9,9,1,No difference
cobO_2,1,0,9,9,1,No difference
phnN,1,0,9,9,1,No difference
group_1492,1,0,9,9,1,No difference
group_1491,1,0,9,9,1,No difference
osmY_3,1,0,9,9,1,No difference
lemA_2,1,0,9,9,1,No difference
group_1486,1,0,9,9,1,No difference
group_1485,1,0,9,9,1,No difference
algU,1,0,9,9,1,No difference
group_1484,1,0,9,9,1,No difference
sigW_2,1,0,9,9,1,No difference
nfuA,1,0,9,9,1,No difference
pth,1,0,9,9,1,No difference
yscL,1,0,9,9,1,No difference
group_1481,1,0,9,9,1,No difference
gacA,1,0,9,9,1,No difference
group_1480,1,0,9,9,1,No difference
group_1479,1,0,9,9,1,No difference
group_1478,1,0,9,9,1,No difference
group_1477,1,0,9,9,1,No difference
betI_1,1,0,9,9,1,No difference
group_1473,1,0,9,9,1,No difference
nudK,1,0,9,9,1,No difference
eamB_3,1,0,9,9,1,No difference
mupP_2,1,0,9,9,1,No difference
mucA,1,0,9,9,1,No difference
group_1472,1,0,9,9,1,No difference
group_1471,1,0,9,9,1,No difference
group_1470,1,0,9,9,1,No difference
yebS,1,0,9,9,1,No difference
nsaD,1,0,9,9,1,No difference
group_1460,1,0,9,9,1,No difference
mdaB,1,0,9,9,1,No difference
group_1459,1,0,9,9,1,No difference
group_1458,1,0,9,9,1,No difference
gmhA,1,0,9,9,1,No difference
tetC,1,0,9,9,1,No difference
group_1455,1,0,9,9,1,No difference
rutE,1,0,9,9,1,No difference
trpG,1,0,9,9,1,No difference
betI_2,1,0,9,9,1,No difference
ssuE,1,0,9,9,1,No difference
yhdE,1,0,9,9,1,No difference
petA,1,0,9,9,1,No difference
yciB,1,0,9,9,1,No difference
sodB_1,1,0,9,9,1,No difference
yceI_1,1,0,9,9,1,No difference
rdgB,1,0,9,9,1,No difference
kefF_2,1,0,9,9,1,No difference
sigK_2,1,0,9,9,1,No difference
group_1447,1,0,9,9,1,No difference
rplY,1,0,9,9,1,No difference
cheB_4,1,0,9,9,1,No difference
group_1446,1,0,9,9,1,No difference
osmY_1,1,0,9,9,1,No difference
argO_1,1,0,9,9,1,No difference
gstB_3,1,0,9,9,1,No difference
COQ5_1,1,0,9,9,1,No difference
group_1444,1,0,9,9,1,No difference
group_1443,1,0,9,9,1,No difference
yohC,1,0,9,9,1,No difference
purN_3,1,0,9,9,1,No difference
yibF_2,1,0,9,9,1,No difference
group_1442,1,0,9,9,1,No difference
ahpC_1,1,0,9,9,1,No difference
rplD,1,0,9,9,1,No difference
nudL,1,0,9,9,1,No difference
group_1441,1,0,9,9,1,No difference
yfcG_1,1,0,9,9,1,No difference
azoR_1,1,0,9,9,1,No difference
recR,1,0,9,9,1,No difference
group_1440,1,0,9,9,1,No difference
lptE,1,0,9,9,1,No difference
group_1438,1,0,9,9,1,No difference
rutR_1,1,0,9,9,1,No difference
tesA,1,0,9,9,1,No difference
group_1437,1,0,9,9,1,No difference
group_1431,1,0,9,9,1,No difference
eamB_1,1,0,9,9,1,No difference
pigA,1,0,9,9,1,No difference
phnX_1,1,0,9,9,1,No difference
lexA_1,1,0,9,9,1,No difference
group_1430,1,0,9,9,1,No difference
group_1429,1,0,9,9,1,No difference
group_1426,1,0,9,9,1,No difference
sodB_2,1,0,9,9,1,No difference
azoR1,1,0,9,9,1,No difference
group_1425,1,0,9,9,1,No difference
rutB_1,1,0,9,9,1,No difference
dinG_1,1,0,9,9,1,No difference
group_1424,1,0,9,9,1,No difference
group_1423,1,0,9,9,1,No difference
ruvA,1,0,9,9,1,No difference
lemA_1,1,0,9,9,1,No difference
cobO_1,1,0,9,9,1,No difference
leuD1_1,1,0,9,9,1,No difference
group_1418,1,0,9,9,1,No difference
group_1417,1,0,9,9,1,No difference
rhtB_6,1,0,9,9,1,No difference
nemR_1,1,0,9,9,1,No difference
group_1416,1,0,9,9,1,No difference
group_1415,1,0,9,9,1,No difference
group_1414,1,0,9,9,1,No difference
rpoE_1,1,0,9,9,1,No difference
group_1412,1,0,9,9,1,No difference
group_1411,1,0,9,9,1,No difference
gstB_4,1,0,9,9,1,No difference
ynbA,1,0,9,9,1,No difference
glmU_1,1,0,9,9,1,No difference
lolB,1,0,9,9,1,No difference
lexA_3,1,0,9,9,1,No difference
sspA,1,0,9,9,1,No difference
ribA,1,0,9,9,1,No difference
fklB_1,1,0,9,9,1,No difference
group_1410,1,0,9,9,1,No difference
group_1409,1,0,9,9,1,No difference
group_1408,1,0,9,9,1,No difference
rsmD,1,0,9,9,1,No difference
group_1404,1,0,9,9,1,No difference
group_1403,1,0,9,9,1,No difference
group_1402,1,0,9,9,1,No difference
yedK_2,1,0,9,9,1,No difference
rhtB_5,1,0,9,9,1,No difference
leuE,1,0,9,9,1,No difference
rutR_3,1,0,9,9,1,No difference
group_1401,1,0,9,9,1,No difference
rpsD,1,0,9,9,1,No difference
group_1400,1,0,9,9,1,No difference
gmk,1,0,9,9,1,No difference
pqiA_1,1,0,9,9,1,No difference
hflD,1,0,9,9,1,No difference
lolA,1,0,9,9,1,No difference
group_1397,1,0,9,9,1,No difference
eamB_2,1,0,9,9,1,No difference
coaE,1,0,9,9,1,No difference
gltF_2,1,0,9,9,1,No difference
gltF_1,1,0,9,9,1,No difference
group_1396,1,0,9,9,1,No difference
kstR2,1,0,9,9,1,No difference
group_1394,1,0,9,9,1,No difference
sutR_2,1,0,9,9,1,No difference
bvgA_4,1,0,9,9,1,No difference
dauR_1,1,0,9,9,1,No difference
rutR_4,1,0,9,9,1,No difference
rnc,1,0,9,9,1,No difference
group_1393,1,0,9,9,1,No difference
cyoC,1,0,9,9,1,No difference
rhtB_3,1,0,9,9,1,No difference
gstB_1,1,0,9,9,1,No difference
sigK_1,1,0,9,9,1,No difference
rhtB_8,1,0,9,9,1,No difference
group_1389,1,0,9,9,1,No difference
group_1388,1,0,9,9,1,No difference
group_1387,1,0,9,9,1,No difference
group_1386,1,0,9,9,1,No difference
gltF_5,1,0,9,9,1,No difference
group_1385,1,0,9,9,1,No difference
thiE_2,1,0,9,9,1,No difference
ubiX,1,0,9,9,1,No difference
group_1383,1,0,9,9,1,No difference
group_1382,1,0,9,9,1,No difference
uvrY,1,0,9,9,1,No difference
yibF_1,1,0,9,9,1,No difference
group_1381,1,0,9,9,1,No difference
group_1380,1,0,9,9,1,No difference
dapH_1,1,0,9,9,1,No difference
trpF,1,0,9,9,1,No difference
yfcF,1,0,9,9,1,No difference
rhtB_7,1,0,9,9,1,No difference
group_1376,1,0,9,9,1,No difference
rhtC_1,1,0,9,9,1,No difference
group_1375,1,0,9,9,1,No difference
bvgA_2,1,0,9,9,1,No difference
ycaC,1,0,9,9,1,No difference
gstB_2,1,0,9,9,1,No difference
ttgR,1,0,9,9,1,No difference
soxG,1,0,9,9,1,No difference
group_1374,1,0,9,9,1,No difference
rhtB_1,1,0,9,9,1,No difference
tolQ_3,1,0,9,9,1,No difference
hisG,1,0,9,9,1,No difference
group_1369,1,0,9,9,1,No difference
betI_3,1,0,9,9,1,No difference
lexA_2,1,0,9,9,1,No difference
clpP_1,1,0,9,9,1,No difference
rcsB_2,1,0,9,9,1,No difference
rluE,1,0,9,9,1,No difference
rplC,1,0,9,9,1,No difference
rhtB_4,1,0,9,9,1,No difference
ccmA,1,0,9,9,1,No difference
group_1368,1,0,9,9,1,No difference
rluA,1,0,9,9,1,No difference
gbpA,1,0,9,9,1,No difference
group_1367,1,0,9,9,1,No difference
group_1364,1,0,9,9,1,No difference
dauR_2,1,0,9,9,1,No difference
betI_4,1,0,9,9,1,No difference
upp,1,0,9,9,1,No difference
nth,1,0,9,9,1,No difference
group_1363,1,0,9,9,1,No difference
rhtB_2,1,0,9,9,1,No difference
group_1362,1,0,9,9,1,No difference
paiB,1,0,9,9,1,No difference
group_1358,1,0,9,9,1,No difference
pcp,1,0,9,9,1,No difference
group_1357,1,0,9,9,1,No difference
group_1355,1,0,9,9,1,No difference
group_1354,1,0,9,9,1,No difference
group_1353,1,0,9,9,1,No difference
cynT_1,1,0,9,9,1,No difference
group_1352,1,0,9,9,1,No difference
group_1351,1,0,9,9,1,No difference
leuD1_2,1,0,9,9,1,No difference
pqiA_3,1,0,9,9,1,No difference
rsmG,1,0,9,9,1,No difference
group_1348,1,0,9,9,1,No difference
group_1347,1,0,9,9,1,No difference
can,1,0,9,9,1,No difference
vraR,1,0,9,9,1,No difference
nagL,1,0,9,9,1,No difference
nadD,1,0,9,9,1,No difference
group_1345,1,0,9,9,1,No difference
vfr,1,0,9,9,1,No difference
pyrE,1,0,9,9,1,No difference
tolQ_4,1,0,9,9,1,No difference
kdpC_2,1,0,9,9,1,No difference
dhaL2,1,0,9,9,1,No difference
nicS_2,1,0,9,9,1,No difference
group_1341,1,0,9,9,1,No difference
group_1340,1,0,9,9,1,No difference
adk,1,0,9,9,1,No difference
lipB,1,0,9,9,1,No difference
queE,1,0,9,9,1,No difference
mobA_1,1,0,9,9,1,No difference
coq7,1,0,9,9,1,No difference
group_1338,1,0,9,9,1,No difference
group_1337,1,0,9,9,1,No difference
group_1336,1,0,9,9,1,No difference
group_1335,1,0,9,9,1,No difference
gltF_6,1,0,9,9,1,No difference
lnrK,1,0,9,9,1,No difference
rlmE,1,0,9,9,1,No difference
kynB,1,0,9,9,1,No difference
purN_1,1,0,9,9,1,No difference
yecS_1,1,0,9,9,1,No difference
group_1333,1,0,9,9,1,No difference
fliP_2,1,0,9,9,1,No difference
spaP,1,0,9,9,1,No difference
osmW,1,0,9,9,1,No difference
group_1332,1,0,9,9,1,No difference
chaC,1,0,9,9,1,No difference
group_1331,1,0,9,9,1,No difference
group_1330,1,0,9,9,1,No difference
group_1326,1,0,9,9,1,No difference
trmR,1,0,9,9,1,No difference
algF,1,0,9,9,1,No difference
estB_1,1,0,9,9,1,No difference
group_1324,1,0,9,9,1,No difference
dedA,1,0,9,9,1,No difference
group_1323,1,0,9,9,1,No difference
tpm,1,0,9,9,1,No difference
group_1322,1,0,9,9,1,No difference
group_1320,1,0,9,9,1,No difference
pqiA_2,1,0,9,9,1,No difference
scoB,1,0,9,9,1,No difference
group_1319,1,0,9,9,1,No difference
nanR_2,1,0,9,9,1,No difference
degU,1,0,9,9,1,No difference
mcbR,1,0,9,9,1,No difference
group_1318,1,0,9,9,1,No difference
group_1317,1,0,9,9,1,No difference
dedD,1,0,9,9,1,No difference
ppaX,1,0,9,9,1,No difference
glnP_2,1,0,9,9,1,No difference
glnP_1,1,0,9,9,1,No difference
group_1314,1,0,9,9,1,No difference
qseB_2,1,0,9,9,1,No difference
metP_2,1,0,9,9,1,No difference
metI,1,0,9,9,1,No difference
qseB_4,1,0,9,9,1,No difference
alkB,1,0,9,9,1,No difference
rcsC_17,1,0,9,9,1,No difference
hpcE_2,1,0,9,9,1,No difference
nicS_1,1,0,9,9,1,No difference
eda,1,0,9,9,1,No difference
group_1312,1,0,9,9,1,No difference
ycgM_1,1,0,9,9,1,No difference
elbB,1,0,9,9,1,No difference
group_1309,1,0,9,9,1,No difference
scaC,1,0,9,9,1,No difference
qseB_5,1,0,9,9,1,No difference
group_1308,1,0,9,9,1,No difference
group_1307,1,0,9,9,1,No difference
group_1306,1,0,9,9,1,No difference
ccmB,1,0,9,9,1,No difference
creB,1,0,9,9,1,No difference
yecS_2,1,0,9,9,1,No difference
czcR_4,1,0,9,9,1,No difference
group_1303,1,0,9,9,1,No difference
group_1302,1,0,9,9,1,No difference
yccA,1,0,9,9,1,No difference
group_1301,1,0,9,9,1,No difference
group_1300,1,0,9,9,1,No difference
gltK,1,0,9,9,1,No difference
rnt,1,0,9,9,1,No difference
mupP_1,1,0,9,9,1,No difference
tctD,1,0,9,9,1,No difference
ftsE,1,0,9,9,1,No difference
group_1299,1,0,9,9,1,No difference
rpiA,1,0,9,9,1,No difference
group_1298,1,0,9,9,1,No difference
group_1295,1,0,9,9,1,No difference
czcR_3,1,0,9,9,1,No difference
nuoB,1,0,9,9,1,No difference
ais_2,1,0,9,9,1,No difference
group_1293,1,0,9,9,1,No difference
group_1292,1,0,9,9,1,No difference
rpe,1,0,9,9,1,No difference
group_1291,1,0,9,9,1,No difference
phoP_2,1,0,9,9,1,No difference
czcR_5,1,0,9,9,1,No difference
hxpA,1,0,9,9,1,No difference
group_1288,1,0,9,9,1,No difference
group_1286,1,0,9,9,1,No difference
group_1285,1,0,9,9,1,No difference
fetA,1,0,9,9,1,No difference
ribE,1,0,9,9,1,No difference
queC_1,1,0,9,9,1,No difference
cpxR,1,0,9,9,1,No difference
group_1284,1,0,9,9,1,No difference
murU,1,0,9,9,1,No difference
group_1283,1,0,9,9,1,No difference
mip,1,0,9,9,1,No difference
aat,1,0,9,9,1,No difference
inhA,1,0,9,9,1,No difference
group_1280,1,0,9,9,1,No difference
modB,1,0,9,9,1,No difference
group_1279,1,0,9,9,1,No difference
copR,1,0,9,9,1,No difference
bioD1,1,0,9,9,1,No difference
cusR,1,0,9,9,1,No difference
deoC1,1,0,9,9,1,No difference
group_1276,1,0,9,9,1,No difference
group_1275,1,0,9,9,1,No difference
czcR_1,1,0,9,9,1,No difference
group_1274,1,0,9,9,1,No difference
lolD_2,1,0,9,9,1,No difference
group_1273,1,0,9,9,1,No difference
arsH,1,0,9,9,1,No difference
lpfB_2,1,0,9,9,1,No difference
tsaB,1,0,9,9,1,No difference
rpsC,1,0,9,9,1,No difference
yohK_1,1,0,9,9,1,No difference
speE_1,1,0,9,9,1,No difference
dns,1,0,9,9,1,No difference
hisQ_2,1,0,9,9,1,No difference
group_1263,1,0,9,9,1,No difference
livF_4,1,0,9,9,1,No difference
recO,1,0,9,9,1,No difference
group_1262,1,0,9,9,1,No difference
kdpE_1,1,0,9,9,1,No difference
group_1261,1,0,9,9,1,No difference
cmk,1,0,9,9,1,No difference
mlaA,1,0,9,9,1,No difference
group_1260,1,0,9,9,1,No difference
group_1259,1,0,9,9,1,No difference
phoB,1,0,9,9,1,No difference
kdpE_2,1,0,9,9,1,No difference
ygeA,1,0,9,9,1,No difference
group_1257,1,0,9,9,1,No difference
group_1255,1,0,9,9,1,No difference
ung,1,0,9,9,1,No difference
rsuA,1,0,9,9,1,No difference
group_1254,1,0,9,9,1,No difference
group_1253,1,0,9,9,1,No difference
ycgM_2,1,0,9,9,1,No difference
group_1247,1,0,9,9,1,No difference
yhhW_1,1,0,9,9,1,No difference
group_1246,1,0,9,9,1,No difference
group_1245,1,0,9,9,1,No difference
livF_3,1,0,9,9,1,No difference
trmO,1,0,9,9,1,No difference
rplA,1,0,9,9,1,No difference
tolQ_2,1,0,9,9,1,No difference
group_1244,1,0,9,9,1,No difference
qseB_1,1,0,9,9,1,No difference
flgH,1,0,9,9,1,No difference
group_1243,1,0,9,9,1,No difference
group_1242,1,0,9,9,1,No difference
yggS,1,0,9,9,1,No difference
glcC,1,0,9,9,1,No difference
yigB,1,0,9,9,1,No difference
pyrF,1,0,9,9,1,No difference
hcaB_2,1,0,9,9,1,No difference
yfcG_3,1,0,9,9,1,No difference
scoA,1,0,9,9,1,No difference
occM_2,1,0,9,9,1,No difference
occM_1,1,0,9,9,1,No difference
group_1239,1,0,9,9,1,No difference
group_1238,1,0,9,9,1,No difference
ompW,1,0,9,9,1,No difference
queC_2,1,0,9,9,1,No difference
rstA_1,1,0,9,9,1,No difference
ubiG,1,0,9,9,1,No difference
lolD_1,1,0,9,9,1,No difference
hisQ_1,1,0,9,9,1,No difference
nanR_3,1,0,9,9,1,No difference
phoP_1,1,0,9,9,1,No difference
group_1235,1,0,9,9,1,No difference
mtnX,1,0,9,9,1,No difference
group_1234,1,0,9,9,1,No difference
group_1229,1,0,9,9,1,No difference
occQ,1,0,9,9,1,No difference
group_1228,1,0,9,9,1,No difference
treR,1,0,9,9,1,No difference
sdhB,1,0,9,9,1,No difference
pxpB,1,0,9,9,1,No difference
hda,1,0,9,9,1,No difference
ytrE,1,0,9,9,1,No difference
rstA_2,1,0,9,9,1,No difference
group_1221,1,0,9,9,1,No difference
yknY,1,0,9,9,1,No difference
bpt,1,0,9,9,1,No difference
pyrG_1,1,0,9,9,1,No difference
group_1220,1,0,9,9,1,No difference
group_1219,1,0,9,9,1,No difference
polC,1,0,9,9,1,No difference
ssuB_3,1,0,9,9,1,No difference
group_1216,1,0,9,9,1,No difference
regX3,1,0,9,9,1,No difference
group_1215,1,0,9,9,1,No difference
rluF,1,0,9,9,1,No difference
group_1214,1,0,9,9,1,No difference
anoR_2,1,0,9,9,1,No difference
group_1213,1,0,9,9,1,No difference
folM,1,0,9,9,1,No difference
phnR,1,0,9,9,1,No difference
group_1210,1,0,9,9,1,No difference
group_1209,1,0,9,9,1,No difference
hisM_1,1,0,9,9,1,No difference
sfsA,1,0,9,9,1,No difference
group_1208,1,0,9,9,1,No difference
pgl_1,1,0,9,9,1,No difference
purC,1,0,9,9,1,No difference
lutR_1,1,0,9,9,1,No difference
group_1207,1,0,9,9,1,No difference
group_1206,1,0,9,9,1,No difference
entD,1,0,9,9,1,No difference
group_1203,1,0,9,9,1,No difference
pcs,1,0,9,9,1,No difference
mgtC,1,0,9,9,1,No difference
mneA,1,0,9,9,1,No difference
osmY_2,1,0,9,9,1,No difference
group_1201,1,0,9,9,1,No difference
group_1200,1,0,9,9,1,No difference
yohK_2,1,0,9,9,1,No difference
group_1199,1,0,9,9,1,No difference
group_1198,1,0,9,9,1,No difference
group_1194,1,0,9,9,1,No difference
cecR,1,0,9,9,1,No difference
estB_2,1,0,9,9,1,No difference
inaA,1,0,9,9,1,No difference
rsmE,1,0,9,9,1,No difference
prpC_1,1,0,9,9,1,No difference
srlR,1,0,9,9,1,No difference
rl5,1,0,9,9,1,No difference
lutR_3,1,0,9,9,1,No difference
group_1190,1,0,9,9,1,No difference
ugpQ,1,0,9,9,1,No difference
glaR,1,0,9,9,1,No difference
mtgA,1,0,9,9,1,No difference
rph,1,0,9,9,1,No difference
rstA_3,1,0,9,9,1,No difference
yfiH,1,0,9,9,1,No difference
lptB_4,1,0,9,9,1,No difference
golD_1,1,0,9,9,1,No difference
group_1183,1,0,9,9,1,No difference
group_1182,1,0,9,9,1,No difference
group_1181,1,0,9,9,1,No difference
trmB,1,0,9,9,1,No difference
tam_2,1,0,9,9,1,No difference
group_1179,1,0,9,9,1,No difference
baeR_2,1,0,9,9,1,No difference
group_1178,1,0,9,9,1,No difference
cobS,1,0,9,9,1,No difference
group_1176,1,0,9,9,1,No difference
hyuE,1,0,9,9,1,No difference
group_1175,1,0,9,9,1,No difference
group_1172,1,0,9,9,1,No difference
flgD,1,0,9,9,1,No difference
lpfB_1,1,0,9,9,1,No difference
dsbC,1,0,9,9,1,No difference
group_1171,1,0,9,9,1,No difference
novR,1,0,9,9,1,No difference
bioH,1,0,9,9,1,No difference
group_1168,1,0,9,9,1,No difference
rcsC_12,1,0,9,9,1,No difference
glnQ_4,1,0,9,9,1,No difference
prtR_2,1,0,9,9,1,No difference
group_1167,1,0,9,9,1,No difference
ompR_1,1,0,9,9,1,No difference
group_1166,1,0,9,9,1,No difference
anr,1,0,9,9,1,No difference
cysH,1,0,9,9,1,No difference
group_1160,1,0,9,9,1,No difference
group_1159,1,0,9,9,1,No difference
group_1158,1,0,9,9,1,No difference
udh_1,1,0,9,9,1,No difference
minC,1,0,9,9,1,No difference
group_1157,1,0,9,9,1,No difference
glnQ_1,1,0,9,9,1,No difference
fklB_2,1,0,9,9,1,No difference
ompR_2,1,0,9,9,1,No difference
group_1156,1,0,9,9,1,No difference
group_1155,1,0,9,9,1,No difference
yciK,1,0,9,9,1,No difference
pxpA3,1,0,9,9,1,No difference
pomA,1,0,9,9,1,No difference
fliA,1,0,9,9,1,No difference
flgF,1,0,9,9,1,No difference
group_1154,1,0,9,9,1,No difference
group_1153,1,0,9,9,1,No difference
fabG_6,1,0,9,9,1,No difference
group_1149,1,0,9,9,1,No difference
group_1148,1,0,9,9,1,No difference
pdxJ,1,0,9,9,1,No difference
cmoA,1,0,9,9,1,No difference
fliP_1,1,0,9,9,1,No difference
sumT,1,0,9,9,1,No difference
dnaQ,1,0,9,9,1,No difference
znuC_1,1,0,9,9,1,No difference
cobM,1,0,9,9,1,No difference
ygfF,1,0,9,9,1,No difference
crnA,1,0,9,9,1,No difference
metN_1,1,0,9,9,1,No difference
gltJ,1,0,9,9,1,No difference
pmpR,1,0,9,9,1,No difference
bdcA,1,0,9,9,1,No difference
plsC,1,0,9,9,1,No difference
group_1146,1,0,9,9,1,No difference
lytR,1,0,9,9,1,No difference
lpxH_2,1,0,9,9,1,No difference
group_1145,1,0,9,9,1,No difference
nadE_2,1,0,9,9,1,No difference
baeR_1,1,0,9,9,1,No difference
ycgR,1,0,9,9,1,No difference
lutR_4,1,0,9,9,1,No difference
esiB,1,0,9,9,1,No difference
group_1144,1,0,9,9,1,No difference
lptB_3,1,0,9,9,1,No difference
fabG_3,1,0,9,9,1,No difference
coaX,1,0,9,9,1,No difference
paaF_2,1,0,9,9,1,No difference
rhaR_1,1,0,9,9,1,No difference
etfB,1,0,9,9,1,No difference
hemD,1,0,9,9,1,No difference
group_1143,1,0,9,9,1,No difference
group_1140,1,0,9,9,1,No difference
trmD,1,0,9,9,1,No difference
lgrE,1,0,9,9,1,No difference
pqqC,1,0,9,9,1,No difference
group_1138,1,0,9,9,1,No difference
group_1135,1,0,9,9,1,No difference
map_2,1,0,9,9,1,No difference
moeB,1,0,9,9,1,No difference
golD_2,1,0,9,9,1,No difference
cdh,1,0,9,9,1,No difference
group_1134,1,0,9,9,1,No difference
group_1133,1,0,9,9,1,No difference
budC,1,0,9,9,1,No difference
glpR,1,0,9,9,1,No difference
tpiA,1,0,9,9,1,No difference
group_1132,1,0,9,9,1,No difference
group_1131,1,0,9,9,1,No difference
ccmC,1,0,9,9,1,No difference
speE_2,1,0,9,9,1,No difference
group_1130,1,0,9,9,1,No difference
group_1126,1,0,9,9,1,No difference
group_1125,1,0,9,9,1,No difference
deoR,1,0,9,9,1,No difference
group_1124,1,0,9,9,1,No difference
livF_5,1,0,9,9,1,No difference
group_1123,1,0,9,9,1,No difference
nagR_1,1,0,9,9,1,No difference
fabG_1,1,0,9,9,1,No difference
pxpA,1,0,9,9,1,No difference
ais_1,1,0,9,9,1,No difference
yycJ,1,0,9,9,1,No difference
linC,1,0,9,9,1,No difference
group_1121,1,0,9,9,1,No difference
gdh,1,0,9,9,1,No difference
group_1120,1,0,9,9,1,No difference
tam_1,1,0,9,9,1,No difference
group_1119,1,0,9,9,1,No difference
dsbG,1,0,9,9,1,No difference
phoU,1,0,9,9,1,No difference
gdhI_2,1,0,9,9,1,No difference
xynR,1,0,9,9,1,No difference
group_1115,1,0,9,9,1,No difference
kdsB,1,0,9,9,1,No difference
hisP_2,1,0,9,9,1,No difference
glnQ_6,1,0,9,9,1,No difference
nimR_2,1,0,9,9,1,No difference
glnQ_5,1,0,9,9,1,No difference
group_1114,1,0,9,9,1,No difference
group_1113,1,0,9,9,1,No difference
cysZ,1,0,9,9,1,No difference
anoR_1,1,0,9,9,1,No difference
cmpD,1,0,9,9,1,No difference
fecE_1,1,0,9,9,1,No difference
group_1112,1,0,9,9,1,No difference
nanR_1,1,0,9,9,1,No difference
modE,1,0,9,9,1,No difference
group_1111,1,0,9,9,1,No difference
gloB,1,0,9,9,1,No difference
fabG_7,1,0,9,9,1,No difference
livF_6,1,0,9,9,1,No difference
group_1110,1,0,9,9,1,No difference
group_1109,1,0,9,9,1,No difference
yqjH,1,0,9,9,1,No difference
hmuV,1,0,9,9,1,No difference
pdhR,1,0,9,9,1,No difference
ygiD,1,0,9,9,1,No difference
group_1108,1,0,9,9,1,No difference
amiD_1,1,0,9,9,1,No difference
crt_1,1,0,9,9,1,No difference
group_1107,1,0,9,9,1,No difference
djlA,1,0,9,9,1,No difference
group_1105,1,0,9,9,1,No difference
cysA_2,1,0,9,9,1,No difference
cmpB,1,0,9,9,1,No difference
lutR_2,1,0,9,9,1,No difference
hpcE_1,1,0,9,9,1,No difference
hisJ_1,1,0,9,9,1,No difference
group_1104,1,0,9,9,1,No difference
group_1103,1,0,9,9,1,No difference
trmJ,1,0,9,9,1,No difference
group_1102,1,0,9,9,1,No difference
madD,1,0,9,9,1,No difference
bdhA,1,0,9,9,1,No difference
echA8,1,0,9,9,1,No difference
modA,1,0,9,9,1,No difference
nimR_4,1,0,9,9,1,No difference
polS,1,0,9,9,1,No difference
gno,1,0,9,9,1,No difference
tcyC_1,1,0,9,9,1,No difference
group_1099,1,0,9,9,1,No difference
pheC,1,0,9,9,1,No difference
yiaD,1,0,9,9,1,No difference
argT_2,1,0,9,9,1,No difference
yjjV,1,0,9,9,1,No difference
fpr_1,1,0,9,9,1,No difference
yafJ,1,0,9,9,1,No difference
group_1093,1,0,9,9,1,No difference
yadH,1,0,9,9,1,No difference
yfcA,1,0,9,9,1,No difference
group_1092,1,0,9,9,1,No difference
yddE,1,0,9,9,1,No difference
petC,1,0,9,9,1,No difference
hisJ_2,1,0,9,9,1,No difference
yaaA,1,0,9,9,1,No difference
kdgR_2,1,0,9,9,1,No difference
fpr_2,1,0,9,9,1,No difference
group_1091,1,0,9,9,1,No difference
pstB_2,1,0,9,9,1,No difference
puuD,1,0,9,9,1,No difference
exoA,1,0,9,9,1,No difference
group_1088,1,0,9,9,1,No difference
group_1087,1,0,9,9,1,No difference
glnQ_7,1,0,9,9,1,No difference
group_1086,1,0,9,9,1,No difference
scpB_2,1,0,9,9,1,No difference
nimR_3,1,0,9,9,1,No difference
rsmJ,1,0,9,9,1,No difference
fucA_2,1,0,9,9,1,No difference
hyi,1,0,9,9,1,No difference
group_1085,1,0,9,9,1,No difference
fucA_1,1,0,9,9,1,No difference
ycfH,1,0,9,9,1,No difference
group_1081,1,0,9,9,1,No difference
ulaR,1,0,9,9,1,No difference
group_1080,1,0,9,9,1,No difference
argT_1,1,0,9,9,1,No difference
yedY1,1,0,9,9,1,No difference
group_1079,1,0,9,9,1,No difference
group_1078,1,0,9,9,1,No difference
group_1077,1,0,9,9,1,No difference
cysE,1,0,9,9,1,No difference
group_1076,1,0,9,9,1,No difference
fliR,1,0,9,9,1,No difference
flgG,1,0,9,9,1,No difference
artJ_1,1,0,9,9,1,No difference
iolB,1,0,9,9,1,No difference
group_1071,1,0,9,9,1,No difference
spaR_2,1,0,9,9,1,No difference
nimR_5,1,0,9,9,1,No difference
group_1070,1,0,9,9,1,No difference
group_1069,1,0,9,9,1,No difference
group_1068,1,0,9,9,1,No difference
soj_1,1,0,9,9,1,No difference
cheZ,1,0,9,9,1,No difference
isfD_1,1,0,9,9,1,No difference
ssuC_1,1,0,9,9,1,No difference
group_1064,1,0,9,9,1,No difference
metQ_1,1,0,9,9,1,No difference
crt_2,1,0,9,9,1,No difference
fetB,1,0,9,9,1,No difference
fecE_2,1,0,9,9,1,No difference
paaF_1,1,0,9,9,1,No difference
group_1063,1,0,9,9,1,No difference
phhA,1,0,9,9,1,No difference
group_1061,1,0,9,9,1,No difference
yadV_1,1,0,9,9,1,No difference
group_1059,1,0,9,9,1,No difference
murI,1,0,9,9,1,No difference
mtnB,1,0,9,9,1,No difference
phnV,1,0,9,9,1,No difference
group_1058,1,0,9,9,1,No difference
group_1057,1,0,9,9,1,No difference
ramA_1,1,0,9,9,1,No difference
thiG,1,0,9,9,1,No difference
parA,1,0,9,9,1,No difference
mlaE,1,0,9,9,1,No difference
thiD,1,0,9,9,1,No difference
group_1053,1,0,9,9,1,No difference
ompR_4,1,0,9,9,1,No difference
cysW_1,1,0,9,9,1,No difference
group_1051,1,0,9,9,1,No difference
dasC,1,0,9,9,1,No difference
gdhI_1,1,0,9,9,1,No difference
panB,1,0,9,9,1,No difference
group_1048,1,0,9,9,1,No difference
dapF_3,1,0,9,9,1,No difference
ispE,1,0,9,9,1,No difference
group_1047,1,0,9,9,1,No difference
cmpC,1,0,9,9,1,No difference
hpcG,1,0,9,9,1,No difference
bacC,1,0,9,9,1,No difference
group_1046,1,0,9,9,1,No difference
catD_1,1,0,9,9,1,No difference
group_1045,1,0,9,9,1,No difference
group_1043,1,0,9,9,1,No difference
menB,1,0,9,9,1,No difference
group_1041,1,0,9,9,1,No difference
dapB,1,0,9,9,1,No difference
group_1040,1,0,9,9,1,No difference
group_1039,1,0,9,9,1,No difference
ycbX,1,0,9,9,1,No difference
ssuB_1,1,0,9,9,1,No difference
group_1036,1,0,9,9,1,No difference
group_1035,1,0,9,9,1,No difference
mlaF,1,0,9,9,1,No difference
lpxH_1,1,0,9,9,1,No difference
group_1034,1,0,9,9,1,No difference
spaR_1,1,0,9,9,1,No difference
catD_4,1,0,9,9,1,No difference
crt_3,1,0,9,9,1,No difference
rsbQ,1,0,9,9,1,No difference
xthA,1,0,9,9,1,No difference
group_1032,1,0,9,9,1,No difference
group_1031,1,0,9,9,1,No difference
group_1029,1,0,9,9,1,No difference
ypjD,1,0,9,9,1,No difference
minD,1,0,9,9,1,No difference
rsmA,1,0,9,9,1,No difference
bioC,1,0,9,9,1,No difference
mutM,1,0,9,9,1,No difference
lgt,1,0,9,9,1,No difference
pabC,1,0,9,9,1,No difference
cheR,1,0,9,9,1,No difference
glpF,1,0,9,9,1,No difference
suhB,1,0,9,9,1,No difference
group_1026,1,0,9,9,1,No difference
hcaB_1,1,0,9,9,1,No difference
pal_1,1,0,9,9,1,No difference
group_1024,1,0,9,9,1,No difference
group_1023,1,0,9,9,1,No difference
sdhL,1,0,9,9,1,No difference
dkgB,1,0,9,9,1,No difference
loiP,1,0,9,9,1,No difference
efeO_1,1,0,9,9,1,No difference
group_1022,1,0,9,9,1,No difference
group_1021,1,0,9,9,1,No difference
scpA,1,0,9,9,1,No difference
ppsR,1,0,9,9,1,No difference
gph,1,0,9,9,1,No difference
proC,1,0,9,9,1,No difference
group_1018,1,0,9,9,1,No difference
group_1017,1,0,9,9,1,No difference
tcyA,1,0,9,9,1,No difference
group_1016,1,0,9,9,1,No difference
moaF,1,0,9,9,1,No difference
ramA_2,1,0,9,9,1,No difference
eutC,1,0,9,9,1,No difference
group_1015,1,0,9,9,1,No difference
group_1014,1,0,9,9,1,No difference
lvr,1,0,9,9,1,No difference
truA,1,0,9,9,1,No difference
ttcA,1,0,9,9,1,No difference
yigL,1,0,9,9,1,No difference
udh_2,1,0,9,9,1,No difference
rplB,1,0,9,9,1,No difference
group_1009,1,0,9,9,1,No difference
group_1008,1,0,9,9,1,No difference
group_1007,1,0,9,9,1,No difference
ydcV_2,1,0,9,9,1,No difference
ssuC_3,1,0,9,9,1,No difference
cheR2,1,0,9,9,1,No difference
purN_2,1,0,9,9,1,No difference
phnX_2,1,0,9,9,1,No difference
group_1003,1,0,9,9,1,No difference
efeU_1,1,0,9,9,1,No difference
group_999,1,0,9,9,1,No difference
prmC,1,0,9,9,1,No difference
group_998,1,0,9,9,1,No difference
mtfA,1,0,9,9,1,No difference
queF,1,0,9,9,1,No difference
fliY_2,1,0,9,9,1,No difference
dapF_1,1,0,9,9,1,No difference
group_995,1,0,9,9,1,No difference
nudC_2,1,0,9,9,1,No difference
cpdA_2,1,0,9,9,1,No difference
group_994,1,0,9,9,1,No difference
nhoA,1,0,9,9,1,No difference
yghU,1,0,9,9,1,No difference
group_993,1,0,9,9,1,No difference
ylxH,1,0,9,9,1,No difference
mazG,1,0,9,9,1,No difference
citG,1,0,9,9,1,No difference
pstB_1,1,0,9,9,1,No difference
gsiD,1,0,9,9,1,No difference
group_989,1,0,9,9,1,No difference
group_988,1,0,9,9,1,No difference
group_987,1,0,9,9,1,No difference
cpoB,1,0,9,9,1,No difference
group_986,1,0,9,9,1,No difference
cvfB,1,0,9,9,1,No difference
trpC,1,0,9,9,1,No difference
nucA,1,0,9,9,1,No difference
gtaB,1,0,9,9,1,No difference
hisP_1,1,0,9,9,1,No difference
corC,1,0,9,9,1,No difference
phzF,1,0,9,9,1,No difference
mscS,1,0,9,9,1,No difference
group_979,1,0,9,9,1,No difference
cysW_2,1,0,9,9,1,No difference
group_976,1,0,9,9,1,No difference
efeU_2,1,0,9,9,1,No difference
potB,1,0,9,9,1,No difference
ngcG,1,0,9,9,1,No difference
yeaD_2,1,0,9,9,1,No difference
group_975,1,0,9,9,1,No difference
opuAB_1,1,0,9,9,1,No difference
metF,1,0,9,9,1,No difference
group_972,1,0,9,9,1,No difference
peb1A_1,1,0,9,9,1,No difference
cobB,1,0,9,9,1,No difference
nit1,1,0,9,9,1,No difference
nadC,1,0,9,9,1,No difference
purU_2,1,0,9,9,1,No difference
group_971,1,0,9,9,1,No difference
apaH_1,1,0,9,9,1,No difference
nimR_7,1,0,9,9,1,No difference
group_969,1,0,9,9,1,No difference
panC,1,0,9,9,1,No difference
group_968,1,0,9,9,1,No difference
resA_1,1,0,9,9,1,No difference
group_967,1,0,9,9,1,No difference
occT,1,0,9,9,1,No difference
menH_4,1,0,9,9,1,No difference
folD,1,0,9,9,1,No difference
lepB,1,0,9,9,1,No difference
aroE_1,1,0,9,9,1,No difference
metR_1,1,0,9,9,1,No difference
rpoH,1,0,9,9,1,No difference
sseB,1,0,9,9,1,No difference
rapZ,1,0,9,9,1,No difference
cysL_2,1,0,9,9,1,No difference
yebZ,1,0,9,9,1,No difference
hpcB,1,0,9,9,1,No difference
group_963,1,0,9,9,1,No difference
group_962,1,0,9,9,1,No difference
kynA,1,0,9,9,1,No difference
ddpC,1,0,9,9,1,No difference
purU_1,1,0,9,9,1,No difference
atpG,1,0,9,9,1,No difference
livH_2,1,0,9,9,1,No difference
group_956,1,0,9,9,1,No difference
aaeA_1,1,0,9,9,1,No difference
group_955,1,0,9,9,1,No difference
hexR_3,1,0,9,9,1,No difference
uspE_4,1,0,9,9,1,No difference
hdfR_10,1,0,9,9,1,No difference
group_951,1,0,9,9,1,No difference
group_950,1,0,9,9,1,No difference
group_949,1,0,9,9,1,No difference
alkA,1,0,9,9,1,No difference
yciV,1,0,9,9,1,No difference
gltR_1,1,0,9,9,1,No difference
zipA,1,0,9,9,1,No difference
group_948,1,0,9,9,1,No difference
cmpR_2,1,0,9,9,1,No difference
group_947,1,0,9,9,1,No difference
mntC,1,0,9,9,1,No difference
group_945,1,0,9,9,1,No difference
melD_2,1,0,9,9,1,No difference
outO,1,0,9,9,1,No difference
hdfR_7,1,0,9,9,1,No difference
group_944,1,0,9,9,1,No difference
group_943,1,0,9,9,1,No difference
group_942,1,0,9,9,1,No difference
group_941,1,0,9,9,1,No difference
bioP,1,0,9,9,1,No difference
group_940,1,0,9,9,1,No difference
hexR_1,1,0,9,9,1,No difference
ftsQ,1,0,9,9,1,No difference
atpB,1,0,9,9,1,No difference
group_937,1,0,9,9,1,No difference
group_936,1,0,9,9,1,No difference
glpG,1,0,9,9,1,No difference
group_935,1,0,9,9,1,No difference
tesB,1,0,9,9,1,No difference
rmlD,1,0,9,9,1,No difference
hexR_2,1,0,9,9,1,No difference
cynR_4,1,0,9,9,1,No difference
thyA,1,0,9,9,1,No difference
rsmI,1,0,9,9,1,No difference
parB,1,0,9,9,1,No difference
pdxY,1,0,9,9,1,No difference
uppP_1,1,0,9,9,1,No difference
egtB,1,0,9,9,1,No difference
dmlR_9,1,0,9,9,1,No difference
cnoX,1,0,9,9,1,No difference
pstA,1,0,9,9,1,No difference
dapA_1,1,0,9,9,1,No difference
gltR_3,1,0,9,9,1,No difference
group_931,1,0,9,9,1,No difference
group_930,1,0,9,9,1,No difference
dehH1,1,0,9,9,1,No difference
yfeX,1,0,9,9,1,No difference
ku,1,0,9,9,1,No difference
group_929,1,0,9,9,1,No difference
group_928,1,0,9,9,1,No difference
benM_2,1,0,9,9,1,No difference
rhaS_2,1,0,9,9,1,No difference
yofA_1,1,0,9,9,1,No difference
ampR,1,0,9,9,1,No difference
group_926,1,0,9,9,1,No difference
group_925,1,0,9,9,1,No difference
cmpR_4,1,0,9,9,1,No difference
dhmA2_1,1,0,9,9,1,No difference
group_924,1,0,9,9,1,No difference
pgdA,1,0,9,9,1,No difference
hmuT,1,0,9,9,1,No difference
ribN,1,0,9,9,1,No difference
rhaS_4,1,0,9,9,1,No difference
group_923,1,0,9,9,1,No difference
group_922,1,0,9,9,1,No difference
dapA_2,1,0,9,9,1,No difference
group_921,1,0,9,9,1,No difference
group_918,1,0,9,9,1,No difference
livH_4,1,0,9,9,1,No difference
rarD_2,1,0,9,9,1,No difference
sucD,1,0,9,9,1,No difference
hdfR_2,1,0,9,9,1,No difference
pcpR_4,1,0,9,9,1,No difference
argP_4,1,0,9,9,1,No difference
arnD,1,0,9,9,1,No difference
group_914,1,0,9,9,1,No difference
dmlR_12,1,0,9,9,1,No difference
group_913,1,0,9,9,1,No difference
rhlA_2,1,0,9,9,1,No difference
group_912,1,0,9,9,1,No difference
rarD_1,1,0,9,9,1,No difference
yfdC,1,0,9,9,1,No difference
gcvA_2,1,0,9,9,1,No difference
ydcV_1,1,0,9,9,1,No difference
group_908,1,0,9,9,1,No difference
rhtA,1,0,9,9,1,No difference
dmlR_22,1,0,9,9,1,No difference
group_907,1,0,9,9,1,No difference
gluQ,1,0,9,9,1,No difference
group_906,1,0,9,9,1,No difference
ispA,1,0,9,9,1,No difference
mmsB_1,1,0,9,9,1,No difference
cyoE,1,0,9,9,1,No difference
htpX,1,0,9,9,1,No difference
pip_1,1,0,9,9,1,No difference
dmlR_2,1,0,9,9,1,No difference
cynR_3,1,0,9,9,1,No difference
gltC_2,1,0,9,9,1,No difference
motB_1,1,0,9,9,1,No difference
kce,1,0,9,9,1,No difference
cmpR_5,1,0,9,9,1,No difference
group_904,1,0,9,9,1,No difference
iolE,1,0,9,9,1,No difference
sadH,1,0,9,9,1,No difference
pgrR_7,1,0,9,9,1,No difference
group_903,1,0,9,9,1,No difference
nadK,1,0,9,9,1,No difference
dcyD_1,1,0,9,9,1,No difference
catM,1,0,9,9,1,No difference
glxR,1,0,9,9,1,No difference
group_902,1,0,9,9,1,No difference
group_901,1,0,9,9,1,No difference
rhaS_1,1,0,9,9,1,No difference
yihG_1,1,0,9,9,1,No difference
rhlA_1,1,0,9,9,1,No difference
ubiA,1,0,9,9,1,No difference
group_898,1,0,9,9,1,No difference
hcaR_3,1,0,9,9,1,No difference
rhaR_3,1,0,9,9,1,No difference
pgrR_8,1,0,9,9,1,No difference
gltR_5,1,0,9,9,1,No difference
zupT,1,0,9,9,1,No difference
group_897,1,0,9,9,1,No difference
fieF,1,0,9,9,1,No difference
group_896,1,0,9,9,1,No difference
group_895,1,0,9,9,1,No difference
group_894,1,0,9,9,1,No difference
group_893,1,0,9,9,1,No difference
group_892,1,0,9,9,1,No difference
group_891,1,0,9,9,1,No difference
gltR_2,1,0,9,9,1,No difference
prpB_1,1,0,9,9,1,No difference
rhaS_10,1,0,9,9,1,No difference
folE2,1,0,9,9,1,No difference
hcaR_1,1,0,9,9,1,No difference
dmlR_21,1,0,9,9,1,No difference
osmX,1,0,9,9,1,No difference
yedA_2,1,0,9,9,1,No difference
cysL_1,1,0,9,9,1,No difference
dmlR_7,1,0,9,9,1,No difference
gltC_3,1,0,9,9,1,No difference
xerD,1,0,9,9,1,No difference
argP_2,1,0,9,9,1,No difference
pgrR_1,1,0,9,9,1,No difference
cynR_2,1,0,9,9,1,No difference
znuB_1,1,0,9,9,1,No difference
group_886,1,0,9,9,1,No difference
yihG_2,1,0,9,9,1,No difference
group_885,1,0,9,9,1,No difference
cynR_1,1,0,9,9,1,No difference
fabD_1,1,0,9,9,1,No difference
xerC_1,1,0,9,9,1,No difference
cheB_1,1,0,9,9,1,No difference
yeaD_1,1,0,9,9,1,No difference
group_880,1,0,9,9,1,No difference
group_879,1,0,9,9,1,No difference
nhaR,1,0,9,9,1,No difference
dmlR_19,1,0,9,9,1,No difference
group_878,1,0,9,9,1,No difference
dmlR_15,1,0,9,9,1,No difference
cheV_2,1,0,9,9,1,No difference
era,1,0,9,9,1,No difference
oleB,1,0,9,9,1,No difference
group_877,1,0,9,9,1,No difference
cysM,1,0,9,9,1,No difference
group_876,1,0,9,9,1,No difference
group_875,1,0,9,9,1,No difference
gltI_1,1,0,9,9,1,No difference
group_874,1,0,9,9,1,No difference
mtrA_1,1,0,9,9,1,No difference
group_871,1,0,9,9,1,No difference
rhaS_9,1,0,9,9,1,No difference
czcD_2,1,0,9,9,1,No difference
kdgK_1,1,0,9,9,1,No difference
gltR_6,1,0,9,9,1,No difference
cynR_5,1,0,9,9,1,No difference
group_870,1,0,9,9,1,No difference
pgrR_4,1,0,9,9,1,No difference
mtrA_2,1,0,9,9,1,No difference
group_869,1,0,9,9,1,No difference
group_868,1,0,9,9,1,No difference
dmlR_6,1,0,9,9,1,No difference
dmlR_4,1,0,9,9,1,No difference
group_867,1,0,9,9,1,No difference
argB,1,0,9,9,1,No difference
rhaR_4,1,0,9,9,1,No difference
glsA2,1,0,9,9,1,No difference
group_863,1,0,9,9,1,No difference
dmlR_18,1,0,9,9,1,No difference
dmlR_16,1,0,9,9,1,No difference
dmlR_14,1,0,9,9,1,No difference
nodD2_2,1,0,9,9,1,No difference
pal_5,1,0,9,9,1,No difference
benM_4,1,0,9,9,1,No difference
melD_1,1,0,9,9,1,No difference
pcpR_1,1,0,9,9,1,No difference
prmB,1,0,9,9,1,No difference
cobD,1,0,9,9,1,No difference
yjiK_2,1,0,9,9,1,No difference
yjiE,1,0,9,9,1,No difference
lpxC,1,0,9,9,1,No difference
group_860,1,0,9,9,1,No difference
group_859,1,0,9,9,1,No difference
dppC,1,0,9,9,1,No difference
dmlR_17,1,0,9,9,1,No difference
group_858,1,0,9,9,1,No difference
group_857,1,0,9,9,1,No difference
occR,1,0,9,9,1,No difference
pqqB,1,0,9,9,1,No difference
dmlR_25,1,0,9,9,1,No difference
hcaR_2,1,0,9,9,1,No difference
nodD2_3,1,0,9,9,1,No difference
group_856,1,0,9,9,1,No difference
secF,1,0,9,9,1,No difference
yahB,1,0,9,9,1,No difference
ccoP1,1,0,9,9,1,No difference
cysK_1,1,0,9,9,1,No difference
gltC_1,1,0,9,9,1,No difference
group_854,1,0,9,9,1,No difference
rbsK_3,1,0,9,9,1,No difference
rbsK_2,1,0,9,9,1,No difference
cysD_2,1,0,9,9,1,No difference
group_853,1,0,9,9,1,No difference
rhaS_7,1,0,9,9,1,No difference
livH_3,1,0,9,9,1,No difference
metR_2,1,0,9,9,1,No difference
truB,1,0,9,9,1,No difference
panE_2,1,0,9,9,1,No difference
gltR_4,1,0,9,9,1,No difference
group_852,1,0,9,9,1,No difference
czcD_1,1,0,9,9,1,No difference
group_850,1,0,9,9,1,No difference
accD,1,0,9,9,1,No difference
murR,1,0,9,9,1,No difference
rdgC,1,0,9,9,1,No difference
psaA,1,0,9,9,1,No difference
rlmL_2,1,0,9,9,1,No difference
rbsK_1,1,0,9,9,1,No difference
dmlR_11,1,0,9,9,1,No difference
fecB,1,0,9,9,1,No difference
group_849,1,0,9,9,1,No difference
oxyR_3,1,0,9,9,1,No difference
group_848,1,0,9,9,1,No difference
yegS,1,0,9,9,1,No difference
potH,1,0,9,9,1,No difference
gcvA_1,1,0,9,9,1,No difference
oxyR_1,1,0,9,9,1,No difference
pgrR_9,1,0,9,9,1,No difference
fecR_4,1,0,9,9,1,No difference
dctD_3,1,0,9,9,1,No difference
tal_2,1,0,9,9,1,No difference
eamA_4,1,0,9,9,1,No difference
group_844,1,0,9,9,1,No difference
pbpG,1,0,9,9,1,No difference
rbsB_1,1,0,9,9,1,No difference
hdfR_5,1,0,9,9,1,No difference
argF,1,0,9,9,1,No difference
ssuA_2,1,0,9,9,1,No difference
yhaJ,1,0,9,9,1,No difference
dmlR_1,1,0,9,9,1,No difference
yjiK_1,1,0,9,9,1,No difference
lacF,1,0,9,9,1,No difference
menH_3,1,0,9,9,1,No difference
pgrR_5,1,0,9,9,1,No difference
proR,1,0,9,9,1,No difference
group_843,1,0,9,9,1,No difference
group_842,1,0,9,9,1,No difference
group_841,1,0,9,9,1,No difference
gltI_2,1,0,9,9,1,No difference
ssuA_3,1,0,9,9,1,No difference
tal_1,1,0,9,9,1,No difference
group_840,1,0,9,9,1,No difference
group_839,1,0,9,9,1,No difference
group_838,1,0,9,9,1,No difference
group_833,1,0,9,9,1,No difference
group_832,1,0,9,9,1,No difference
group_831,1,0,9,9,1,No difference
argP_3,1,0,9,9,1,No difference
catA,1,0,9,9,1,No difference
rhaS_3,1,0,9,9,1,No difference
arcC1,1,0,9,9,1,No difference
group_830,1,0,9,9,1,No difference
argP_1,1,0,9,9,1,No difference
fabH,1,0,9,9,1,No difference
etfA,1,0,9,9,1,No difference
group_828,1,0,9,9,1,No difference
dmlR_26,1,0,9,9,1,No difference
yadG,1,0,9,9,1,No difference
group_827,1,0,9,9,1,No difference
gcvA_10,1,0,9,9,1,No difference
prs,1,0,9,9,1,No difference
cheV_3,1,0,9,9,1,No difference
thpA_1,1,0,9,9,1,No difference
dmlR_13,1,0,9,9,1,No difference
ykfA,1,0,9,9,1,No difference
nagAa,1,0,9,9,1,No difference
laaA,1,0,9,9,1,No difference
ghrA_1,1,0,9,9,1,No difference
thpA_3,1,0,9,9,1,No difference
pcpR_3,1,0,9,9,1,No difference
group_826,1,0,9,9,1,No difference
pcpR_2,1,0,9,9,1,No difference
nodD2_1,1,0,9,9,1,No difference
lpxL,1,0,9,9,1,No difference
cheV_1,1,0,9,9,1,No difference
fabD_2,1,0,9,9,1,No difference
pfkB,1,0,9,9,1,No difference
group_824,1,0,9,9,1,No difference
ribF,1,0,9,9,1,No difference
pgrR_3,1,0,9,9,1,No difference
group_823,1,0,9,9,1,No difference
aes_1,1,0,9,9,1,No difference
kdgK_2,1,0,9,9,1,No difference
lacC,1,0,9,9,1,No difference
group_820,1,0,9,9,1,No difference
feaR,1,0,9,9,1,No difference
fecR_2,1,0,9,9,1,No difference
cyoA,1,0,9,9,1,No difference
ygfZ,1,0,9,9,1,No difference
yngG,1,0,9,9,1,No difference
group_819,1,0,9,9,1,No difference
hemC,1,0,9,9,1,No difference
group_818,1,0,9,9,1,No difference
rhaS_6,1,0,9,9,1,No difference
thiE_1,1,0,9,9,1,No difference
group_817,1,0,9,9,1,No difference
cdhR_3,1,0,9,9,1,No difference
group_816,1,0,9,9,1,No difference
rsmH,1,0,9,9,1,No difference
ispH,1,0,9,9,1,No difference
ghrA_2,1,0,9,9,1,No difference
dauB,1,0,9,9,1,No difference
group_812,1,0,9,9,1,No difference
group_811,1,0,9,9,1,No difference
dapA_4,1,0,9,9,1,No difference
rhaS_5,1,0,9,9,1,No difference
group_810,1,0,9,9,1,No difference
gcvA_6,1,0,9,9,1,No difference
gsiC,1,0,9,9,1,No difference
group_809,1,0,9,9,1,No difference
group_804,1,0,9,9,1,No difference
group_803,1,0,9,9,1,No difference
group_802,1,0,9,9,1,No difference
group_801,1,0,9,9,1,No difference
ppaC,1,0,9,9,1,No difference
gbuA,1,0,9,9,1,No difference
yedA_1,1,0,9,9,1,No difference
group_800,1,0,9,9,1,No difference
group_799,1,0,9,9,1,No difference
dppB_2,1,0,9,9,1,No difference
fecR_3,1,0,9,9,1,No difference
hprA,1,0,9,9,1,No difference
group_798,1,0,9,9,1,No difference
gshB,1,0,9,9,1,No difference
clpB_1,1,0,9,9,1,No difference
cmoB,1,0,9,9,1,No difference
ybhN,1,0,9,9,1,No difference
oppD,1,0,9,9,1,No difference
group_796,1,0,9,9,1,No difference
rluC,1,0,9,9,1,No difference
rbsB_2,1,0,9,9,1,No difference
group_795,1,0,9,9,1,No difference
group_794,1,0,9,9,1,No difference
tdh_1,1,0,9,9,1,No difference
yjiA_1,1,0,9,9,1,No difference
birA,1,0,9,9,1,No difference
group_793,1,0,9,9,1,No difference
group_792,1,0,9,9,1,No difference
mucB,1,0,9,9,1,No difference
eamA_1,1,0,9,9,1,No difference
dusC,1,0,9,9,1,No difference
ppsC,1,0,9,9,1,No difference
rluD,1,0,9,9,1,No difference
tsx,1,0,9,9,1,No difference
group_789,1,0,9,9,1,No difference
yhbE,1,0,9,9,1,No difference
group_788,1,0,9,9,1,No difference
group_787,1,0,9,9,1,No difference
panS,1,0,9,9,1,No difference
thadh,1,0,9,9,1,No difference
group_785,1,0,9,9,1,No difference
panE_1,1,0,9,9,1,No difference
araH_1,1,0,9,9,1,No difference
group_784,1,0,9,9,1,No difference
cdhR_1,1,0,9,9,1,No difference
group_783,1,0,9,9,1,No difference
moaA,1,0,9,9,1,No difference
cdhR_8,1,0,9,9,1,No difference
group_781,1,0,9,9,1,No difference
dppD,1,0,9,9,1,No difference
fecD,1,0,9,9,1,No difference
dmlR_10,1,0,9,9,1,No difference
ispB,1,0,9,9,1,No difference
group_780,1,0,9,9,1,No difference
group_779,1,0,9,9,1,No difference
fliM,1,0,9,9,1,No difference
group_778,1,0,9,9,1,No difference
group_777,1,0,9,9,1,No difference
ssuA_1,1,0,9,9,1,No difference
ascD,1,0,9,9,1,No difference
yeiR,1,0,9,9,1,No difference
group_773,1,0,9,9,1,No difference
ddpF,1,0,9,9,1,No difference
group_772,1,0,9,9,1,No difference
araH_2,1,0,9,9,1,No difference
apaH_2,1,0,9,9,1,No difference
group_771,1,0,9,9,1,No difference
group_770,1,0,9,9,1,No difference
corA,1,0,9,9,1,No difference
ssuA_5,1,0,9,9,1,No difference
hemB_2,1,0,9,9,1,No difference
kdsD_1,1,0,9,9,1,No difference
ghrB_1,1,0,9,9,1,No difference
yjiA_2,1,0,9,9,1,No difference
pxpC_2,1,0,9,9,1,No difference
cysB,1,0,9,9,1,No difference
cysK_2,1,0,9,9,1,No difference
group_767,1,0,9,9,1,No difference
rdoA,1,0,9,9,1,No difference
cmpR_1,1,0,9,9,1,No difference
rbsC_4,1,0,9,9,1,No difference
ghrB_2,1,0,9,9,1,No difference
rbsC_3,1,0,9,9,1,No difference
group_761,1,0,9,9,1,No difference
ccoP2,1,0,9,9,1,No difference
group_760,1,0,9,9,1,No difference
qorA_1,1,0,9,9,1,No difference
ansA,1,0,9,9,1,No difference
plsX,1,0,9,9,1,No difference
group_758,1,0,9,9,1,No difference
lsrR,1,0,9,9,1,No difference
cdhR_6,1,0,9,9,1,No difference
group_757,1,0,9,9,1,No difference
group_756,1,0,9,9,1,No difference
group_754,1,0,9,9,1,No difference
qorA_2,1,0,9,9,1,No difference
araF_1,1,0,9,9,1,No difference
tolQ_1,1,0,9,9,1,No difference
group_753,1,0,9,9,1,No difference
yhdN,1,0,9,9,1,No difference
group_752,1,0,9,9,1,No difference
group_751,1,0,9,9,1,No difference
group_750,1,0,9,9,1,No difference
oprF,1,0,9,9,1,No difference
pucA,1,0,9,9,1,No difference
group_749,1,0,9,9,1,No difference
dapF_2,1,0,9,9,1,No difference
group_748,1,0,9,9,1,No difference
group_747,1,0,9,9,1,No difference
tauA_1,1,0,9,9,1,No difference
pstS_1,1,0,9,9,1,No difference
group_746,1,0,9,9,1,No difference
btuD_11,1,0,9,9,1,No difference
group_745,1,0,9,9,1,No difference
group_744,1,0,9,9,1,No difference
ldhA,1,0,9,9,1,No difference
rbsC_2,1,0,9,9,1,No difference
fecC,1,0,9,9,1,No difference
ccp,1,0,9,9,1,No difference
paoB,1,0,9,9,1,No difference
hdfR_3,1,0,9,9,1,No difference
hisC_2,1,0,9,9,1,No difference
group_743,1,0,9,9,1,No difference
pdxA,1,0,9,9,1,No difference
rbsR_1,1,0,9,9,1,No difference
group_738,1,0,9,9,1,No difference
rbsC_1,1,0,9,9,1,No difference
group_737,1,0,9,9,1,No difference
lpxD_1,1,0,9,9,1,No difference
group_736,1,0,9,9,1,No difference
cdhR_5,1,0,9,9,1,No difference
cra,1,0,9,9,1,No difference
iolS,1,0,9,9,1,No difference
group_733,1,0,9,9,1,No difference
group_732,1,0,9,9,1,No difference
group_731,1,0,9,9,1,No difference
pstC,1,0,9,9,1,No difference
alc,1,0,9,9,1,No difference
zntB_1,1,0,9,9,1,No difference
COQ3_1,1,0,9,9,1,No difference
group_729,1,0,9,9,1,No difference
group_728,1,0,9,9,1,No difference
qorA_3,1,0,9,9,1,No difference
cdhR_9,1,0,9,9,1,No difference
group_727,1,0,9,9,1,No difference
rsmC,1,0,9,9,1,No difference
group_726,1,0,9,9,1,No difference
cntI,1,0,9,9,1,No difference
group_725,1,0,9,9,1,No difference
group_724,1,0,9,9,1,No difference
oleD,1,0,9,9,1,No difference
group_723,1,0,9,9,1,No difference
tri1,1,0,9,9,1,No difference
dhaK2,1,0,9,9,1,No difference
group_722,1,0,9,9,1,No difference
trpD_2,1,0,9,9,1,No difference
cheB_2,1,0,9,9,1,No difference
rpoA,1,0,9,9,1,No difference
rodZ,1,0,9,9,1,No difference
gapA,1,0,9,9,1,No difference
pld1,1,0,9,9,1,No difference
group_718,1,0,9,9,1,No difference
ltaE_2,1,0,9,9,1,No difference
astE,1,0,9,9,1,No difference
araF_2,1,0,9,9,1,No difference
cytR,1,0,9,9,1,No difference
yejK,1,0,9,9,1,No difference
rlpA_1,1,0,9,9,1,No difference
sbp_1,1,0,9,9,1,No difference
group_717,1,0,9,9,1,No difference
yfhA,1,0,9,9,1,No difference
pyrB,1,0,9,9,1,No difference
group_716,1,0,9,9,1,No difference
yfmJ,1,0,9,9,1,No difference
thpA_2,1,0,9,9,1,No difference
nuoH,1,0,9,9,1,No difference
group_714,1,0,9,9,1,No difference
group_713,1,0,9,9,1,No difference
cydB,1,0,9,9,1,No difference
antC,1,0,9,9,1,No difference
group_712,1,0,9,9,1,No difference
menH_1,1,0,9,9,1,No difference
usg,1,0,9,9,1,No difference
iolG_2,1,0,9,9,1,No difference
lpxK,1,0,9,9,1,No difference
dppB_1,1,0,9,9,1,No difference
yajO_2,1,0,9,9,1,No difference
cdhR_4,1,0,9,9,1,No difference
group_709,1,0,9,9,1,No difference
cheB_3,1,0,9,9,1,No difference
arcB,1,0,9,9,1,No difference
gnu,1,0,9,9,1,No difference
nagZ,1,0,9,9,1,No difference
group_708,1,0,9,9,1,No difference
group_706,1,0,9,9,1,No difference
fbpA_2,1,0,9,9,1,No difference
rutD_1,1,0,9,9,1,No difference
msrP,1,0,9,9,1,No difference
hemB_1,1,0,9,9,1,No difference
group_704,1,0,9,9,1,No difference
pheS,1,0,9,9,1,No difference
group_703,1,0,9,9,1,No difference
ilvC,1,0,9,9,1,No difference
rlmI_2,1,0,9,9,1,No difference
mltB,1,0,9,9,1,No difference
pstS_2,1,0,9,9,1,No difference
group_702,1,0,9,9,1,No difference
group_701,1,0,9,9,1,No difference
fliG,1,0,9,9,1,No difference
group_700,1,0,9,9,1,No difference
yejE_2,1,0,9,9,1,No difference
rbsR_2,1,0,9,9,1,No difference
murB,1,0,9,9,1,No difference
astA,1,0,9,9,1,No difference
zapE_3,1,0,9,9,1,No difference
ilvE,1,0,9,9,1,No difference
ldh,1,0,9,9,1,No difference
rlmF,1,0,9,9,1,No difference
rdmC,1,0,9,9,1,No difference
btuD_5,1,0,9,9,1,No difference
rbsC_5,1,0,9,9,1,No difference
purR,1,0,9,9,1,No difference
ilvA_2,1,0,9,9,1,No difference
group_699,1,0,9,9,1,No difference
zntB_2,1,0,9,9,1,No difference
tdh_2,1,0,9,9,1,No difference
group_698,1,0,9,9,1,No difference
group_697,1,0,9,9,1,No difference
group_696,1,0,9,9,1,No difference
group_695,1,0,9,9,1,No difference
ftsX,1,0,9,9,1,No difference
wecH,1,0,9,9,1,No difference
gpsA,1,0,9,9,1,No difference
hemH,1,0,9,9,1,No difference
bamD,1,0,9,9,1,No difference
sohB,1,0,9,9,1,No difference
aruG,1,0,9,9,1,No difference
lipA,1,0,9,9,1,No difference
pyrD,1,0,9,9,1,No difference
amgK,1,0,9,9,1,No difference
tsaD,1,0,9,9,1,No difference
group_693,1,0,9,9,1,No difference
iolW,1,0,9,9,1,No difference
rihA,1,0,9,9,1,No difference
btuD_8,1,0,9,9,1,No difference
group_691,1,0,9,9,1,No difference
potA_3,1,0,9,9,1,No difference
yrbG,1,0,9,9,1,No difference
group_689,1,0,9,9,1,No difference
group_688,1,0,9,9,1,No difference
yhdW_2,1,0,9,9,1,No difference
cmpR_3,1,0,9,9,1,No difference
sasA_20,1,0,9,9,1,No difference
group_687,1,0,9,9,1,No difference
yajO_3,1,0,9,9,1,No difference
selD,1,0,9,9,1,No difference
arnC,1,0,9,9,1,No difference
group_686,1,0,9,9,1,No difference
group_685,1,0,9,9,1,No difference
group_684,1,0,9,9,1,No difference
curA,1,0,9,9,1,No difference
argC,1,0,9,9,1,No difference
pilT,1,0,9,9,1,No difference
aphA,1,0,9,9,1,No difference
group_681,1,0,9,9,1,No difference
mreB,1,0,9,9,1,No difference
group_680,1,0,9,9,1,No difference
dpkA,1,0,9,9,1,No difference
hmuU_2,1,0,9,9,1,No difference
holA,1,0,9,9,1,No difference
group_679,1,0,9,9,1,No difference
group_675,1,0,9,9,1,No difference
tas,1,0,9,9,1,No difference
group_674,1,0,9,9,1,No difference
group_673,1,0,9,9,1,No difference
group_672,1,0,9,9,1,No difference
ltaE_1,1,0,9,9,1,No difference
strB1,1,0,9,9,1,No difference
ada,1,0,9,9,1,No difference
amiE,1,0,9,9,1,No difference
group_669,1,0,9,9,1,No difference
yscU_1,1,0,9,9,1,No difference
group_666,1,0,9,9,1,No difference
group_665,1,0,9,9,1,No difference
ocd,1,0,9,9,1,No difference
pyrC_1,1,0,9,9,1,No difference
group_664,1,0,9,9,1,No difference
group_658,1,0,9,9,1,No difference
group_657,1,0,9,9,1,No difference
group_656,1,0,9,9,1,No difference
hcf136,1,0,9,9,1,No difference
trpD_1,1,0,9,9,1,No difference
hisC_4,1,0,9,9,1,No difference
idnD,1,0,9,9,1,No difference
adhC2,1,0,9,9,1,No difference
group_653,1,0,9,9,1,No difference
cobT,1,0,9,9,1,No difference
bioB,1,0,9,9,1,No difference
epd,1,0,9,9,1,No difference
yejB_1,1,0,9,9,1,No difference
dgcC_2,1,0,9,9,1,No difference
group_651,1,0,9,9,1,No difference
dgcC_1,1,0,9,9,1,No difference
bepA_2,1,0,9,9,1,No difference
bkdA2,1,0,9,9,1,No difference
recA,1,0,9,9,1,No difference
dinB,1,0,9,9,1,No difference
ruvB_2,1,0,9,9,1,No difference
nadA,1,0,9,9,1,No difference
group_650,1,0,9,9,1,No difference
purM,1,0,9,9,1,No difference
group_649,1,0,9,9,1,No difference
ydiK_2,1,0,9,9,1,No difference
group_645,1,0,9,9,1,No difference
rcsC_25,1,0,9,9,1,No difference
group_644,1,0,9,9,1,No difference
group_643,1,0,9,9,1,No difference
nmoA,1,0,9,9,1,No difference
group_639,1,0,9,9,1,No difference
group_638,1,0,9,9,1,No difference
group_637,1,0,9,9,1,No difference
cbbA,1,0,9,9,1,No difference
cysA_1,1,0,9,9,1,No difference
group_635,1,0,9,9,1,No difference
group_634,1,0,9,9,1,No difference
group_633,1,0,9,9,1,No difference
ydiK_1,1,0,9,9,1,No difference
btuD_10,1,0,9,9,1,No difference
yahK,1,0,9,9,1,No difference
group_632,1,0,9,9,1,No difference
murG,1,0,9,9,1,No difference
mtnA,1,0,9,9,1,No difference
group_630,1,0,9,9,1,No difference
yejB_2,1,0,9,9,1,No difference
group_629,1,0,9,9,1,No difference
group_628,1,0,9,9,1,No difference
group_627,1,0,9,9,1,No difference
group_626,1,0,9,9,1,No difference
alr,1,0,9,9,1,No difference
hpd,1,0,9,9,1,No difference
yajO_1,1,0,9,9,1,No difference
aroF_1,1,0,9,9,1,No difference
rlmM,1,0,9,9,1,No difference
group_621,1,0,9,9,1,No difference
group_620,1,0,9,9,1,No difference
aroF_2,1,0,9,9,1,No difference
spuD_3,1,0,9,9,1,No difference
btuD_9,1,0,9,9,1,No difference
eltD_1,1,0,9,9,1,No difference
lptG,1,0,9,9,1,No difference
trmA,1,0,9,9,1,No difference
leuB,1,0,9,9,1,No difference
mraY,1,0,9,9,1,No difference
prfA,1,0,9,9,1,No difference
msuD_1,1,0,9,9,1,No difference
srpA,1,0,9,9,1,No difference
pat,1,0,9,9,1,No difference
nylB,1,0,9,9,1,No difference
gcvT_1,1,0,9,9,1,No difference
sfnG,1,0,9,9,1,No difference
group_618,1,0,9,9,1,No difference
purK,1,0,9,9,1,No difference
group_616,1,0,9,9,1,No difference
ansB,1,0,9,9,1,No difference
spuE_3,1,0,9,9,1,No difference
spuE_2,1,0,9,9,1,No difference
group_615,1,0,9,9,1,No difference
group_614,1,0,9,9,1,No difference
ribBA,1,0,9,9,1,No difference
aroC,1,0,9,9,1,No difference
anmK,1,0,9,9,1,No difference
spuD_1,1,0,9,9,1,No difference
ddlA,1,0,9,9,1,No difference
ugpC_2,1,0,9,9,1,No difference
apbC,1,0,9,9,1,No difference
group_608,1,0,9,9,1,No difference
pheA,1,0,9,9,1,No difference
spuE_1,1,0,9,9,1,No difference
nspC,1,0,9,9,1,No difference
yscU_2,1,0,9,9,1,No difference
sugC,1,0,9,9,1,No difference
hcnC,1,0,9,9,1,No difference
yhdY,1,0,9,9,1,No difference
group_604,1,0,9,9,1,No difference
ychF,1,0,9,9,1,No difference
yhaZ,1,0,9,9,1,No difference
group_602,1,0,9,9,1,No difference
group_601,1,0,9,9,1,No difference
gntR,1,0,9,9,1,No difference
hcr,1,0,9,9,1,No difference
sfnR_1,1,0,9,9,1,No difference
group_599,1,0,9,9,1,No difference
dnaN,1,0,9,9,1,No difference
malK,1,0,9,9,1,No difference
group_598,1,0,9,9,1,No difference
selU,1,0,9,9,1,No difference
group_597,1,0,9,9,1,No difference
nemA_2,1,0,9,9,1,No difference
group_596,1,0,9,9,1,No difference
cdhR_2,1,0,9,9,1,No difference
czcB,1,0,9,9,1,No difference
cdaR,1,0,9,9,1,No difference
zapE_2,1,0,9,9,1,No difference
namA,1,0,9,9,1,No difference
agaA,1,0,9,9,1,No difference
group_591,1,0,9,9,1,No difference
group_590,1,0,9,9,1,No difference
flgI,1,0,9,9,1,No difference
emrA_2,1,0,9,9,1,No difference
algL,1,0,9,9,1,No difference
btuD_7,1,0,9,9,1,No difference
group_588,1,0,9,9,1,No difference
ispG,1,0,9,9,1,No difference
spuD_2,1,0,9,9,1,No difference
hemX,1,0,9,9,1,No difference
asd,1,0,9,9,1,No difference
group_586,1,0,9,9,1,No difference
group_585,1,0,9,9,1,No difference
hisC_3,1,0,9,9,1,No difference
fadJ_2,1,0,9,9,1,No difference
potA_2,1,0,9,9,1,No difference
eltD_2,1,0,9,9,1,No difference
iolG_1,1,0,9,9,1,No difference
bamC,1,0,9,9,1,No difference
caiD,1,0,9,9,1,No difference
lptF,1,0,9,9,1,No difference
yhhJ,1,0,9,9,1,No difference
nemA_3,1,0,9,9,1,No difference
group_583,1,0,9,9,1,No difference
mnmA,1,0,9,9,1,No difference
group_580,1,0,9,9,1,No difference
group_579,1,0,9,9,1,No difference
group_578,1,0,9,9,1,No difference
dnaJ,1,0,9,9,1,No difference
rlmG,1,0,9,9,1,No difference
tgt,1,0,9,9,1,No difference
gcvT_2,1,0,9,9,1,No difference
group_577,1,0,9,9,1,No difference
group_574,1,0,9,9,1,No difference
glpQ,1,0,9,9,1,No difference
mmgC_3,1,0,9,9,1,No difference
phnW,1,0,9,9,1,No difference
catB,1,0,9,9,1,No difference
mdtA_1,1,0,9,9,1,No difference
prpC_2,1,0,9,9,1,No difference
group_571,1,0,9,9,1,No difference
group_570,1,0,9,9,1,No difference
fdtB,1,0,9,9,1,No difference
group_569,1,0,9,9,1,No difference
cheB1,1,0,9,9,1,No difference
sasA_17,1,0,9,9,1,No difference
dauA_1,1,0,9,9,1,No difference
group_568,1,0,9,9,1,No difference
rnd,1,0,9,9,1,No difference
mnmC_1,1,0,9,9,1,No difference
mmgC_5,1,0,9,9,1,No difference
carA,1,0,9,9,1,No difference
ribD,1,0,9,9,1,No difference
flhB_1,1,0,9,9,1,No difference
group_565,1,0,9,9,1,No difference
metXS,1,0,9,9,1,No difference
ampC,1,0,9,9,1,No difference
msuD_2,1,0,9,9,1,No difference
macA_3,1,0,9,9,1,No difference
garK,1,0,9,9,1,No difference
pdxB,1,0,9,9,1,No difference
lldD_1,1,0,9,9,1,No difference
potA_1,1,0,9,9,1,No difference
arnB_1,1,0,9,9,1,No difference
ycaD_1,1,0,9,9,1,No difference
mrdB,1,0,9,9,1,No difference
group_558,1,0,9,9,1,No difference
group_557,1,0,9,9,1,No difference
mro,1,0,9,9,1,No difference
rlmN,1,0,9,9,1,No difference
ybdL,1,0,9,9,1,No difference
sotB_1,1,0,9,9,1,No difference
adhB_1,1,0,9,9,1,No difference
mmgC_1,1,0,9,9,1,No difference
adh1,1,0,9,9,1,No difference
ssuD,1,0,9,9,1,No difference
argE_1,1,0,9,9,1,No difference
alkT,1,0,9,9,1,No difference
ybjJ,1,0,9,9,1,No difference
mmgC_4,1,0,9,9,1,No difference
group_556,1,0,9,9,1,No difference
argE_2,1,0,9,9,1,No difference
pqqE,1,0,9,9,1,No difference
mexA,1,0,9,9,1,No difference
degS,1,0,9,9,1,No difference
emrA_1,1,0,9,9,1,No difference
ttgA,1,0,9,9,1,No difference
pbuE,1,0,9,9,1,No difference
group_551,1,0,9,9,1,No difference
osmV,1,0,9,9,1,No difference
yliI,1,0,9,9,1,No difference
dacC_1,1,0,9,9,1,No difference
yjfC,1,0,9,9,1,No difference
group_549,1,0,9,9,1,No difference
acdA_1,1,0,9,9,1,No difference
iscS_2,1,0,9,9,1,No difference
lldD_2,1,0,9,9,1,No difference
acdA_2,1,0,9,9,1,No difference
group_548,1,0,9,9,1,No difference
ugpC_1,1,0,9,9,1,No difference
hcaT,1,0,9,9,1,No difference
group_547,1,0,9,9,1,No difference
group_545,1,0,9,9,1,No difference
ydbM,1,0,9,9,1,No difference
group_544,1,0,9,9,1,No difference
ldc,1,0,9,9,1,No difference
mmgC_2,1,0,9,9,1,No difference
rsxB,1,0,9,9,1,No difference
ykuI,1,0,9,9,1,No difference
pgk,1,0,9,9,1,No difference
mdtA_8,1,0,9,9,1,No difference
group_542,1,0,9,9,1,No difference
group_541,1,0,9,9,1,No difference
roxA,1,0,9,9,1,No difference
metC,1,0,9,9,1,No difference
mdtA_2,1,0,9,9,1,No difference
group_540,1,0,9,9,1,No difference
gpFI,1,0,9,9,1,No difference
ydhP_1,1,0,9,9,1,No difference
lysN,1,0,9,9,1,No difference
group_539,1,0,9,9,1,No difference
group_534,1,0,9,9,1,No difference
group_533,1,0,9,9,1,No difference
group_532,1,0,9,9,1,No difference
C2hpah,1,0,9,9,1,No difference
argD_2,1,0,9,9,1,No difference
sotB_2,1,0,9,9,1,No difference
macA_1,1,0,9,9,1,No difference
aspC_2,1,0,9,9,1,No difference
group_528,1,0,9,9,1,No difference
mdrP_2,1,0,9,9,1,No difference
yhhS_2,1,0,9,9,1,No difference
pgl_2,1,0,9,9,1,No difference
group_527,1,0,9,9,1,No difference
cefD_1,1,0,9,9,1,No difference
fadA_3,1,0,9,9,1,No difference
fadA_4,1,0,9,9,1,No difference
group_525,1,0,9,9,1,No difference
group_523,1,0,9,9,1,No difference
btuD_1,1,0,9,9,1,No difference
smtB_3,1,0,9,9,1,No difference
phaA,1,0,9,9,1,No difference
group_522,1,0,9,9,1,No difference
hmp,1,0,9,9,1,No difference
purT,1,0,9,9,1,No difference
group_521,1,0,9,9,1,No difference
bioF,1,0,9,9,1,No difference
group_520,1,0,9,9,1,No difference
COQ3_2,1,0,9,9,1,No difference
sotB_3,1,0,9,9,1,No difference
thlA,1,0,9,9,1,No difference
algJ,1,0,9,9,1,No difference
group_519,1,0,9,9,1,No difference
ydhC_2,1,0,9,9,1,No difference
fadA_2,1,0,9,9,1,No difference
group_518,1,0,9,9,1,No difference
group_517,1,0,9,9,1,No difference
group_514,1,0,9,9,1,No difference
sfnC_4,1,0,9,9,1,No difference
mdtA_3,1,0,9,9,1,No difference
nepI_3,1,0,9,9,1,No difference
ydhP_2,1,0,9,9,1,No difference
group_513,1,0,9,9,1,No difference
group_512,1,0,9,9,1,No difference
mltA,1,0,9,9,1,No difference
ubiH,1,0,9,9,1,No difference
mshA_3,1,0,9,9,1,No difference
group_510,1,0,9,9,1,No difference
ydcO,1,0,9,9,1,No difference
group_509,1,0,9,9,1,No difference
mdrP_3,1,0,9,9,1,No difference
rcsC_19,1,0,9,9,1,No difference
rcsC_14,1,0,9,9,1,No difference
tufA,1,0,9,9,1,No difference
fabV,1,0,9,9,1,No difference
pobA,1,0,9,9,1,No difference
smtB_1,1,0,9,9,1,No difference
aspC_1,1,0,9,9,1,No difference
group_506,1,0,9,9,1,No difference
emrA_3,1,0,9,9,1,No difference
yhhS_1,1,0,9,9,1,No difference
tyrB,1,0,9,9,1,No difference
rlmI_1,1,0,9,9,1,No difference
group_504,1,0,9,9,1,No difference
group_503,1,0,9,9,1,No difference
smtB_2,1,0,9,9,1,No difference
tyrS,1,0,9,9,1,No difference
fdhA,1,0,9,9,1,No difference
ydhC_1,1,0,9,9,1,No difference
mltG,1,0,9,9,1,No difference
efeO_2,1,0,9,9,1,No difference
bcr_2,1,0,9,9,1,No difference
group_502,1,0,9,9,1,No difference
ydhP_3,1,0,9,9,1,No difference
hemW,1,0,9,9,1,No difference
ftsZ,1,0,9,9,1,No difference
yciC,1,0,9,9,1,No difference
mdrP_1,1,0,9,9,1,No difference
group_500,1,0,9,9,1,No difference
bamB,1,0,9,9,1,No difference
fadA_1,1,0,9,9,1,No difference
group_496,1,0,9,9,1,No difference
epsF,1,0,9,9,1,No difference
amiC_3,1,0,9,9,1,No difference
amtB_2,1,0,9,9,1,No difference
coaBC,1,0,9,9,1,No difference
metZ_2,1,0,9,9,1,No difference
petB,1,0,9,9,1,No difference
fsr,1,0,9,9,1,No difference
mgtA_1,1,0,9,9,1,No difference
alaC,1,0,9,9,1,No difference
group_494,1,0,9,9,1,No difference
alaA,1,0,9,9,1,No difference
group_493,1,0,9,9,1,No difference
sbnD,1,0,9,9,1,No difference
nasA_2,1,0,9,9,1,No difference
group_492,1,0,9,9,1,No difference
mdtD_3,1,0,9,9,1,No difference
iscS_1,1,0,9,9,1,No difference
sucC,1,0,9,9,1,No difference
atoS,1,0,9,9,1,No difference
group_489,1,0,9,9,1,No difference
dgoD_1,1,0,9,9,1,No difference
macB_2,1,0,9,9,1,No difference
group_488,1,0,9,9,1,No difference
argG,1,0,9,9,1,No difference
argJ,1,0,9,9,1,No difference
moeA,1,0,9,9,1,No difference
group_487,1,0,9,9,1,No difference
entS_1,1,0,9,9,1,No difference
group_486,1,0,9,9,1,No difference
arnB_2,1,0,9,9,1,No difference
fabB,1,0,9,9,1,No difference
czcC,1,0,9,9,1,No difference
sstT,1,0,9,9,1,No difference
aruC,1,0,9,9,1,No difference
group_484,1,0,9,9,1,No difference
group_483,1,0,9,9,1,No difference
lamB,1,0,9,9,1,No difference
group_482,1,0,9,9,1,No difference
fixB,1,0,9,9,1,No difference
sfnC_3,1,0,9,9,1,No difference
obg,1,0,9,9,1,No difference
codA_1,1,0,9,9,1,No difference
ubiI,1,0,9,9,1,No difference
sucB,1,0,9,9,1,No difference
dddP,1,0,9,9,1,No difference
nepI_2,1,0,9,9,1,No difference
nrtA,1,0,9,9,1,No difference
bcr_3,1,0,9,9,1,No difference
cpg2,1,0,9,9,1,No difference
bbsG,1,0,9,9,1,No difference
fmdA,1,0,9,9,1,No difference
cca,1,0,9,9,1,No difference
serA,1,0,9,9,1,No difference
group_476,1,0,9,9,1,No difference
group_475,1,0,9,9,1,No difference
group_474,1,0,9,9,1,No difference
group_473,1,0,9,9,1,No difference
codA_2,1,0,9,9,1,No difference
bkdA1,1,0,9,9,1,No difference
group_471,1,0,9,9,1,No difference
cusB,1,0,9,9,1,No difference
group_469,1,0,9,9,1,No difference
entS_2,1,0,9,9,1,No difference
group_468,1,0,9,9,1,No difference
sfnC_1,1,0,9,9,1,No difference
group_465,1,0,9,9,1,No difference
bepF,1,0,9,9,1,No difference
sbcD,1,0,9,9,1,No difference
dadA1_2,1,0,9,9,1,No difference
hemY,1,0,9,9,1,No difference
fabF_2,1,0,9,9,1,No difference
mdeA,1,0,9,9,1,No difference
group_464,1,0,9,9,1,No difference
lolE_2,1,0,9,9,1,No difference
group_463,1,0,9,9,1,No difference
clcB,1,0,9,9,1,No difference
group_461,1,0,9,9,1,No difference
lysA_1,1,0,9,9,1,No difference
amiC_4,1,0,9,9,1,No difference
nrdB_1,1,0,9,9,1,No difference
kynU,1,0,9,9,1,No difference
davT_1,1,0,9,9,1,No difference
lolE_1,1,0,9,9,1,No difference
group_458,1,0,9,9,1,No difference
soxB,1,0,9,9,1,No difference
sfnC_2,1,0,9,9,1,No difference
rcsC_21,1,0,9,9,1,No difference
glyA_2,1,0,9,9,1,No difference
glyA_1,1,0,9,9,1,No difference
aroA_2,1,0,9,9,1,No difference
group_456,1,0,9,9,1,No difference
icd_1,1,0,9,9,1,No difference
arcA,1,0,9,9,1,No difference
bkdB,1,0,9,9,1,No difference
wspC,1,0,9,9,1,No difference
tolB,1,0,9,9,1,No difference
yihS,1,0,9,9,1,No difference
wzxE,1,0,9,9,1,No difference
group_454,1,0,9,9,1,No difference
argD_1,1,0,9,9,1,No difference
nhaP,1,0,9,9,1,No difference
rho,1,0,9,9,1,No difference
ftsA,1,0,9,9,1,No difference
regB,1,0,9,9,1,No difference
nicP_3,1,0,9,9,1,No difference
clsB,1,0,9,9,1,No difference
dgcN,1,0,9,9,1,No difference
murA,1,0,9,9,1,No difference
oprB_2,1,0,9,9,1,No difference
proA,1,0,9,9,1,No difference
group_452,1,0,9,9,1,No difference
codB,1,0,9,9,1,No difference
group_451,1,0,9,9,1,No difference
yycB_1,1,0,9,9,1,No difference
group_450,1,0,9,9,1,No difference
group_449,1,0,9,9,1,No difference
metK,1,0,9,9,1,No difference
pyrC,1,0,9,9,1,No difference
uraA,1,0,9,9,1,No difference
preA,1,0,9,9,1,No difference
sdaC_2,1,0,9,9,1,No difference
rstB,1,0,9,9,1,No difference
group_446,1,0,9,9,1,No difference
sasA_14,1,0,9,9,1,No difference
group_445,1,0,9,9,1,No difference
alkB1,1,0,9,9,1,No difference
sctC_4,1,0,9,9,1,No difference
serS,1,0,9,9,1,No difference
group_443,1,0,9,9,1,No difference
cefD_2,1,0,9,9,1,No difference
sasA_5,1,0,9,9,1,No difference
ttuD,1,0,9,9,1,No difference
puuB_8,1,0,9,9,1,No difference
arsB,1,0,9,9,1,No difference
clpX,1,0,9,9,1,No difference
hyuC_2,1,0,9,9,1,No difference
hmgA,1,0,9,9,1,No difference
hemL,1,0,9,9,1,No difference
aam_2,1,0,9,9,1,No difference
dadA1_3,1,0,9,9,1,No difference
group_442,1,0,9,9,1,No difference
group_441,1,0,9,9,1,No difference
sdaC_1,1,0,9,9,1,No difference
group_440,1,0,9,9,1,No difference
group_437,1,0,9,9,1,No difference
hemA,1,0,9,9,1,No difference
hisS,1,0,9,9,1,No difference
gltA,1,0,9,9,1,No difference
nicP_2,1,0,9,9,1,No difference
apeB,1,0,9,9,1,No difference
group_436,1,0,9,9,1,No difference
group_435,1,0,9,9,1,No difference
abaF,1,0,9,9,1,No difference
group_434,1,0,9,9,1,No difference
citN_1,1,0,9,9,1,No difference
puuB_1,1,0,9,9,1,No difference
group_433,1,0,9,9,1,No difference
puuB_7,1,0,9,9,1,No difference
adeQ,1,0,9,9,1,No difference
group_432,1,0,9,9,1,No difference
group_431,1,0,9,9,1,No difference
fadI_2,1,0,9,9,1,No difference
ndh,1,0,9,9,1,No difference
puuB_3,1,0,9,9,1,No difference
sasA_6,1,0,9,9,1,No difference
oprD_1,1,0,9,9,1,No difference
group_430,1,0,9,9,1,No difference
proP_2,1,0,9,9,1,No difference
ybdG,1,0,9,9,1,No difference
argA,1,0,9,9,1,No difference
dctA_1,1,0,9,9,1,No difference
sasA_16,1,0,9,9,1,No difference
group_426,1,0,9,9,1,No difference
dadA1_1,1,0,9,9,1,No difference
mdtA_6,1,0,9,9,1,No difference
proP_5,1,0,9,9,1,No difference
sasA_15,1,0,9,9,1,No difference
group_424,1,0,9,9,1,No difference
nicT_2,1,0,9,9,1,No difference
proP_1,1,0,9,9,1,No difference
guaD_1,1,0,9,9,1,No difference
folC,1,0,9,9,1,No difference
efeB,1,0,9,9,1,No difference
dctA_2,1,0,9,9,1,No difference
yihN,1,0,9,9,1,No difference
flgE,1,0,9,9,1,No difference
nicT_3,1,0,9,9,1,No difference
group_422,1,0,9,9,1,No difference
tig,1,0,9,9,1,No difference
yhjE,1,0,9,9,1,No difference
rlhA_2,1,0,9,9,1,No difference
prsE_1,1,0,9,9,1,No difference
puuB_4,1,0,9,9,1,No difference
brnQ,1,0,9,9,1,No difference
group_419,1,0,9,9,1,No difference
bdlA_4,1,0,9,9,1,No difference
group_417,1,0,9,9,1,No difference
flhF,1,0,9,9,1,No difference
group_416,1,0,9,9,1,No difference
nicP_6,1,0,9,9,1,No difference
oprD_5,1,0,9,9,1,No difference
sasA_13,1,0,9,9,1,No difference
hisD,1,0,9,9,1,No difference
mntH,1,0,9,9,1,No difference
hom,1,0,9,9,1,No difference
kgtP_1,1,0,9,9,1,No difference
group_414,1,0,9,9,1,No difference
oprD_7,1,0,9,9,1,No difference
group_411,1,0,9,9,1,No difference
yscN,1,0,9,9,1,No difference
rarA,1,0,9,9,1,No difference
group_410,1,0,9,9,1,No difference
oprD_2,1,0,9,9,1,No difference
abaQ,1,0,9,9,1,No difference
group_409,1,0,9,9,1,No difference
lysA_2,1,0,9,9,1,No difference
sasA_1,1,0,9,9,1,No difference
group_408,1,0,9,9,1,No difference
group_407,1,0,9,9,1,No difference
pepP,1,0,9,9,1,No difference
phoR,1,0,9,9,1,No difference
hisC_6,1,0,9,9,1,No difference
aceA,1,0,9,9,1,No difference
group_406,1,0,9,9,1,No difference
atoC_5,1,0,9,9,1,No difference
puuP,1,0,9,9,1,No difference
group_405,1,0,9,9,1,No difference
dctD_1,1,0,9,9,1,No difference
group_404,1,0,9,9,1,No difference
group_403,1,0,9,9,1,No difference
group_401,1,0,9,9,1,No difference
group_400,1,0,9,9,1,No difference
czcS_1,1,0,9,9,1,No difference
miaB,1,0,9,9,1,No difference
secY,1,0,9,9,1,No difference
ntaA,1,0,9,9,1,No difference
fucP,1,0,9,9,1,No difference
cnbH,1,0,9,9,1,No difference
group_399,1,0,9,9,1,No difference
dgt,1,0,9,9,1,No difference
mtaD,1,0,9,9,1,No difference
nicT_1,1,0,9,9,1,No difference
dctA2,1,0,9,9,1,No difference
tolC_3,1,0,9,9,1,No difference
exuT_1,1,0,9,9,1,No difference
group_398,1,0,9,9,1,No difference
gudD,1,0,9,9,1,No difference
group_397,1,0,9,9,1,No difference
rhlE_3,1,0,9,9,1,No difference
pyrC_2,1,0,9,9,1,No difference
pvdA,1,0,9,9,1,No difference
glmM,1,0,9,9,1,No difference
gdhA,1,0,9,9,1,No difference
glpT,1,0,9,9,1,No difference
group_395,1,0,9,9,1,No difference
mhbT,1,0,9,9,1,No difference
rimO,1,0,9,9,1,No difference
surA,1,0,9,9,1,No difference
amtB_1,1,0,9,9,1,No difference
group_394,1,0,9,9,1,No difference
hcaB_3,1,0,9,9,1,No difference
pssA,1,0,9,9,1,No difference
hcnB,1,0,9,9,1,No difference
sasA_3,1,0,9,9,1,No difference
uacT_1,1,0,9,9,1,No difference
pabB,1,0,9,9,1,No difference
nicP_1,1,0,9,9,1,No difference
phoQ,1,0,9,9,1,No difference
murD,1,0,9,9,1,No difference
adhB_2,1,0,9,9,1,No difference
puuA_4,1,0,9,9,1,No difference
qseC_3,1,0,9,9,1,No difference
astB,1,0,9,9,1,No difference
pmbA,1,0,9,9,1,No difference
rssB_5,1,0,9,9,1,No difference
oprB_1,1,0,9,9,1,No difference
aroH,1,0,9,9,1,No difference
adeP,1,0,9,9,1,No difference
scmP,1,0,9,9,1,No difference
rhlE_2,1,0,9,9,1,No difference
rcsC_22,1,0,9,9,1,No difference
dctD_2,1,0,9,9,1,No difference
mpl,1,0,9,9,1,No difference
gntT_1,1,0,9,9,1,No difference
rlmD,1,0,9,9,1,No difference
frc,1,0,9,9,1,No difference
group_388,1,0,9,9,1,No difference
moxC,1,0,9,9,1,No difference
nuoF,1,0,9,9,1,No difference
group_385,1,0,9,9,1,No difference
bdlA_2,1,0,9,9,1,No difference
mepA,1,0,9,9,1,No difference
group_384,1,0,9,9,1,No difference
puuA_5,1,0,9,9,1,No difference
hrcN,1,0,9,9,1,No difference
bdlA_3,1,0,9,9,1,No difference
garB,1,0,9,9,1,No difference
group_383,1,0,9,9,1,No difference
group_382,1,0,9,9,1,No difference
fliI,1,0,9,9,1,No difference
puuA_2,1,0,9,9,1,No difference
pfeS,1,0,9,9,1,No difference
cusS,1,0,9,9,1,No difference
ttuB_1,1,0,9,9,1,No difference
group_380,1,0,9,9,1,No difference
sasA_21,1,0,9,9,1,No difference
ribZ,1,0,9,9,1,No difference
gudP,1,0,9,9,1,No difference
steT_2,1,0,9,9,1,No difference
yhdG,1,0,9,9,1,No difference
spuC,1,0,9,9,1,No difference
glmU_2,1,0,9,9,1,No difference
group_378,1,0,9,9,1,No difference
proP_3,1,0,9,9,1,No difference
group_377,1,0,9,9,1,No difference
group_376,1,0,9,9,1,No difference
murF,1,0,9,9,1,No difference
mnmE,1,0,9,9,1,No difference
gntT_3,1,0,9,9,1,No difference
purB,1,0,9,9,1,No difference
pcaK_1,1,0,9,9,1,No difference
puuA_3,1,0,9,9,1,No difference
ppnN,1,0,9,9,1,No difference
creD,1,0,9,9,1,No difference
mco,1,0,9,9,1,No difference
fumC_2,1,0,9,9,1,No difference
cbs,1,0,9,9,1,No difference
sdaA_2,1,0,9,9,1,No difference
radA,1,0,9,9,1,No difference
ffh,1,0,9,9,1,No difference
sdaB,1,0,9,9,1,No difference
sdaA_1,1,0,9,9,1,No difference
puuA_1,1,0,9,9,1,No difference
atpD,1,0,9,9,1,No difference
rkpK,1,0,9,9,1,No difference
lpdV,1,0,9,9,1,No difference
xseA,1,0,9,9,1,No difference
atoC_2,1,0,9,9,1,No difference
group_374,1,0,9,9,1,No difference
qseC_2,1,0,9,9,1,No difference
norM,1,0,9,9,1,No difference
opuE,1,0,9,9,1,No difference
hemN,1,0,9,9,1,No difference
ycaD_2,1,0,9,9,1,No difference
group_372,1,0,9,9,1,No difference
sasA_11,1,0,9,9,1,No difference
qseC_1,1,0,9,9,1,No difference
dbpA_1,1,0,9,9,1,No difference
group_371,1,0,9,9,1,No difference
cysS,1,0,9,9,1,No difference
fumC_1,1,0,9,9,1,No difference
tcyP,1,0,9,9,1,No difference
group_369,1,0,9,9,1,No difference
antA,1,0,9,9,1,No difference
sad_1,1,0,9,9,1,No difference
group_368,1,0,9,9,1,No difference
group_367,1,0,9,9,1,No difference
cysG_2,1,0,9,9,1,No difference
group_366,1,0,9,9,1,No difference
group_365,1,0,9,9,1,No difference
davT_2,1,0,9,9,1,No difference
eutB,1,0,9,9,1,No difference
yajR,1,0,9,9,1,No difference
mltF_4,1,0,9,9,1,No difference
sthA,1,0,9,9,1,No difference
group_364,1,0,9,9,1,No difference
argH_1,1,0,9,9,1,No difference
group_363,1,0,9,9,1,No difference
norR_3,1,0,9,9,1,No difference
atoC_4,1,0,9,9,1,No difference
mdtK,1,0,9,9,1,No difference
algC,1,0,9,9,1,No difference
hprS,1,0,9,9,1,No difference
aam_1,1,0,9,9,1,No difference
group_361,1,0,9,9,1,No difference
pcnB,1,0,9,9,1,No difference
aroP_2,1,0,9,9,1,No difference
gntT_2,1,0,9,9,1,No difference
puuB_5,1,0,9,9,1,No difference
norG_3,1,0,9,9,1,No difference
gabP_1,1,0,9,9,1,No difference
bioA,1,0,9,9,1,No difference
group_355,1,0,9,9,1,No difference
norG_5,1,0,9,9,1,No difference
oprD_4,1,0,9,9,1,No difference
murJ_1,1,0,9,9,1,No difference
group_354,1,0,9,9,1,No difference
thrC,1,0,9,9,1,No difference
group_353,1,0,9,9,1,No difference
ahcY,1,0,9,9,1,No difference
mltD,1,0,9,9,1,No difference
norG_6,1,0,9,9,1,No difference
hisC_5,1,0,9,9,1,No difference
proY_2,1,0,9,9,1,No difference
dat,1,0,9,9,1,No difference
fliD,1,0,9,9,1,No difference
group_352,1,0,9,9,1,No difference
imuB,1,0,9,9,1,No difference
ald,1,0,9,9,1,No difference
oprM_4,1,0,9,9,1,No difference
oprM_2,1,0,9,9,1,No difference
ttuE,1,0,9,9,1,No difference
group_349,1,0,9,9,1,No difference
cfiB,1,0,9,9,1,No difference
leuC_2,1,0,9,9,1,No difference
leuC_1,1,0,9,9,1,No difference
atoE,1,0,9,9,1,No difference
kaiC_3,1,0,9,9,1,No difference
ttgC_3,1,0,9,9,1,No difference
group_346,1,0,9,9,1,No difference
oprM_3,1,0,9,9,1,No difference
aroP_1,1,0,9,9,1,No difference
mltF_3,1,0,9,9,1,No difference
ftsY,1,0,9,9,1,No difference
aldA,1,0,9,9,1,No difference
hisC_1,1,0,9,9,1,No difference
norG_1,1,0,9,9,1,No difference
aspA,1,0,9,9,1,No difference
argH_2,1,0,9,9,1,No difference
sbcB,1,0,9,9,1,No difference
arcD_2,1,0,9,9,1,No difference
arcD_1,1,0,9,9,1,No difference
oprM_1,1,0,9,9,1,No difference
hsrA,1,0,9,9,1,No difference
calB,1,0,9,9,1,No difference
group_342,1,0,9,9,1,No difference
group_341,1,0,9,9,1,No difference
gadA,1,0,9,9,1,No difference
davD_1,1,0,9,9,1,No difference
group_340,1,0,9,9,1,No difference
aprA_1,1,0,9,9,1,No difference
arnT_1,1,0,9,9,1,No difference
potE,1,0,9,9,1,No difference
bepA_1,1,0,9,9,1,No difference
ccoN1_2,1,0,9,9,1,No difference
czcS_2,1,0,9,9,1,No difference
group_339,1,0,9,9,1,No difference
lpdG,1,0,9,9,1,No difference
clsA,1,0,9,9,1,No difference
group_338,1,0,9,9,1,No difference
group_337,1,0,9,9,1,No difference
dht,1,0,9,9,1,No difference
zraR,1,0,9,9,1,No difference
cydA,1,0,9,9,1,No difference
group_336,1,0,9,9,1,No difference
norG_2,1,0,9,9,1,No difference
creC,1,0,9,9,1,No difference
group_334,1,0,9,9,1,No difference
tldD,1,0,9,9,1,No difference
group_333,1,0,9,9,1,No difference
treP,1,0,9,9,1,No difference
gbsA,1,0,9,9,1,No difference
degP,1,0,9,9,1,No difference
pucI_2,1,0,9,9,1,No difference
ccoN1_1,1,0,9,9,1,No difference
group_331,1,0,9,9,1,No difference
murC,1,0,9,9,1,No difference
phrB_2,1,0,9,9,1,No difference
group_328,1,0,9,9,1,No difference
gatB,1,0,9,9,1,No difference
aldHT,1,0,9,9,1,No difference
group_327,1,0,9,9,1,No difference
fliC,1,0,9,9,1,No difference
cat,1,0,9,9,1,No difference
group_326,1,0,9,9,1,No difference
group_325,1,0,9,9,1,No difference
group_324,1,0,9,9,1,No difference
ttgF,1,0,9,9,1,No difference
group_323,1,0,9,9,1,No difference
pykA,1,0,9,9,1,No difference
cobQ,1,0,9,9,1,No difference
alsT,1,0,9,9,1,No difference
trkI,1,0,9,9,1,No difference
rng,1,0,9,9,1,No difference
algX,1,0,9,9,1,No difference
ttgC_1,1,0,9,9,1,No difference
algA_2,1,0,9,9,1,No difference
xylB_2,1,0,9,9,1,No difference
betB_2,1,0,9,9,1,No difference
murE,1,0,9,9,1,No difference
nuoN,1,0,9,9,1,No difference
amn,1,0,9,9,1,No difference
dan,1,0,9,9,1,No difference
gap2,1,0,9,9,1,No difference
group_318,1,0,9,9,1,No difference
astD,1,0,9,9,1,No difference
sasA_12,1,0,9,9,1,No difference
algD,1,0,9,9,1,No difference
zwf_1,1,0,9,9,1,No difference
group_317,1,0,9,9,1,No difference
ubiD,1,0,9,9,1,No difference
ttgC_2,1,0,9,9,1,No difference
rhlB_1,1,0,9,9,1,No difference
der,1,0,9,9,1,No difference
guaB,1,0,9,9,1,No difference
sasA_4,1,0,9,9,1,No difference
betB_1,1,0,9,9,1,No difference
oprM_5,1,0,9,9,1,No difference
norR_1,1,0,9,9,1,No difference
group_313,1,0,9,9,1,No difference
norG_4,1,0,9,9,1,No difference
group_311,1,0,9,9,1,No difference
sctC_1,1,0,9,9,1,No difference
nusA,1,0,9,9,1,No difference
group_309,1,0,9,9,1,No difference
gltX,1,0,9,9,1,No difference
trpE,1,0,9,9,1,No difference
prpD,1,0,9,9,1,No difference
rbsA_3,1,0,9,9,1,No difference
group_306,1,0,9,9,1,No difference
group_305,1,0,9,9,1,No difference
pucI_3,1,0,9,9,1,No difference
feaB_1,1,0,9,9,1,No difference
algE,1,0,9,9,1,No difference
group_303,1,0,9,9,1,No difference
pepA,1,0,9,9,1,No difference
group_302,1,0,9,9,1,No difference
group_301,1,0,9,9,1,No difference
group_300,1,0,9,9,1,No difference
puuC,1,0,9,9,1,No difference
malT_2,1,0,9,9,1,No difference
comM,1,0,9,9,1,No difference
group_299,1,0,9,9,1,No difference
bauC_2,1,0,9,9,1,No difference
steT_1,1,0,9,9,1,No difference
araG_1,1,0,9,9,1,No difference
kaiC_2,1,0,9,9,1,No difference
proP_4,1,0,9,9,1,No difference
lysU,1,0,9,9,1,No difference
uacT_2,1,0,9,9,1,No difference
ppx,1,0,9,9,1,No difference
purF,1,0,9,9,1,No difference
glpK,1,0,9,9,1,No difference
mqo_2,1,0,9,9,1,No difference
tyrR_2,1,0,9,9,1,No difference
ttgI,1,0,9,9,1,No difference
mdtD_1,1,0,9,9,1,No difference
group_295,1,0,9,9,1,No difference
group_294,1,0,9,9,1,No difference
ilvA_1,1,0,9,9,1,No difference
arnT_2,1,0,9,9,1,No difference
algK,1,0,9,9,1,No difference
mmsA_1,1,0,9,9,1,No difference
bmr3,1,0,9,9,1,No difference
group_293,1,0,9,9,1,No difference
dnaA,1,0,9,9,1,No difference
xylB_1,1,0,9,9,1,No difference
adh_1,1,0,9,9,1,No difference
zwf_2,1,0,9,9,1,No difference
lnt,1,0,9,9,1,No difference
fumA,1,0,9,9,1,No difference
araG_2,1,0,9,9,1,No difference
group_291,1,0,9,9,1,No difference
emrB_2,1,0,9,9,1,No difference
nuoM,1,0,9,9,1,No difference
rbsA_2,1,0,9,9,1,No difference
group_290,1,0,9,9,1,No difference
group_289,1,0,9,9,1,No difference
group_288,1,0,9,9,1,No difference
lcfB,1,0,9,9,1,No difference
group_285,1,0,9,9,1,No difference
murJ_2,1,0,9,9,1,No difference
phrB_1,1,0,9,9,1,No difference
glpD,1,0,9,9,1,No difference
phoD_1,1,0,9,9,1,No difference
katB,1,0,9,9,1,No difference
atpA,1,0,9,9,1,No difference
norR_2,1,0,9,9,1,No difference
gabR_1,1,0,9,9,1,No difference
group_280,1,0,9,9,1,No difference
rbsA_4,1,0,9,9,1,No difference
araG_3,1,0,9,9,1,No difference
garD,1,0,9,9,1,No difference
emrB_1,1,0,9,9,1,No difference
group_277,1,0,9,9,1,No difference
glgA,1,0,9,9,1,No difference
group_276,1,0,9,9,1,No difference
btuD_4,1,0,9,9,1,No difference
group_275,1,0,9,9,1,No difference
ybiT,1,0,9,9,1,No difference
tyrR_1,1,0,9,9,1,No difference
group_274,1,0,9,9,1,No difference
group_273,1,0,9,9,1,No difference
ahpF,1,0,9,9,1,No difference
aer,1,0,9,9,1,No difference
clsC,1,0,9,9,1,No difference
yejF_1,1,0,9,9,1,No difference
phoD_2,1,0,9,9,1,No difference
algG,1,0,9,9,1,No difference
group_272,1,0,9,9,1,No difference
group_271,1,0,9,9,1,No difference
guaA,1,0,9,9,1,No difference
group_270,1,0,9,9,1,No difference
group_269,1,0,9,9,1,No difference
group_267,1,0,9,9,1,No difference
glpE_3,1,0,9,9,1,No difference
prfC,1,0,9,9,1,No difference
group_266,1,0,9,9,1,No difference
group_265,1,0,9,9,1,No difference
ycbB,1,0,9,9,1,No difference
group_263,1,0,9,9,1,No difference
dppA_1,1,0,9,9,1,No difference
group_262,1,0,9,9,1,No difference
ywrD,1,0,9,9,1,No difference
group_261,1,0,9,9,1,No difference
dppA_2,1,0,9,9,1,No difference
group_259,1,0,9,9,1,No difference
dppA_5,1,0,9,9,1,No difference
dppA_3,1,0,9,9,1,No difference
aruI_2,1,0,9,9,1,No difference
group_257,1,0,9,9,1,No difference
sasA_22,1,0,9,9,1,No difference
betA_2,1,0,9,9,1,No difference
yejF_2,1,0,9,9,1,No difference
pucI_1,1,0,9,9,1,No difference
gapN,1,0,9,9,1,No difference
pitA_1,1,0,9,9,1,No difference
nadB,1,0,9,9,1,No difference
accA_1,1,0,9,9,1,No difference
group_255,1,0,9,9,1,No difference
group_254,1,0,9,9,1,No difference
group_253,1,0,9,9,1,No difference
nanT_2,1,0,9,9,1,No difference
group_252,1,0,9,9,1,No difference
group_251,1,0,9,9,1,No difference
group_250,1,0,9,9,1,No difference
yveA,1,0,9,9,1,No difference
group_247,1,0,9,9,1,No difference
mdoD,1,0,9,9,1,No difference
aruI_1,1,0,9,9,1,No difference
group_246,1,0,9,9,1,No difference
ctpH,1,0,9,9,1,No difference
dppA_4,1,0,9,9,1,No difference
fadD3,1,0,9,9,1,No difference
group_242,1,0,9,9,1,No difference
mcpP_1,1,0,9,9,1,No difference
ettA_2,1,0,9,9,1,No difference
gsiA,1,0,9,9,1,No difference
group_241,1,0,9,9,1,No difference
fan1,1,0,9,9,1,No difference
pgm,1,0,9,9,1,No difference
alkJ_2,1,0,9,9,1,No difference
group_239,1,0,9,9,1,No difference
treA,1,0,9,9,1,No difference
groL,1,0,9,9,1,No difference
pqiB,1,0,9,9,1,No difference
group_238,1,0,9,9,1,No difference
acsA_2,1,0,9,9,1,No difference
aidB,1,0,9,9,1,No difference
yojI,1,0,9,9,1,No difference
arnT_4,1,0,9,9,1,No difference
arnT_3,1,0,9,9,1,No difference
mqo_1,1,0,9,9,1,No difference
sir,1,0,9,9,1,No difference
actP,1,0,9,9,1,No difference
group_230,1,0,9,9,1,No difference
pgi,1,0,9,9,1,No difference
ettA_1,1,0,9,9,1,No difference
group_229,1,0,9,9,1,No difference
ligB,1,0,9,9,1,No difference
group_228,1,0,9,9,1,No difference
rcsC_20,1,0,9,9,1,No difference
pknD_2,1,0,9,9,1,No difference
madA,1,0,9,9,1,No difference
group_226,1,0,9,9,1,No difference
recN,1,0,9,9,1,No difference
deaD,1,0,9,9,1,No difference
yidC,1,0,9,9,1,No difference
mcpP_2,1,0,9,9,1,No difference
leuA,1,0,9,9,1,No difference
group_221,1,0,9,9,1,No difference
mrpD,1,0,9,9,1,No difference
fadD_2,1,0,9,9,1,No difference
aknOx,1,0,9,9,1,No difference
fadD_1,1,0,9,9,1,No difference
group_220,1,0,9,9,1,No difference
glcA,1,0,9,9,1,No difference
kdpA_1,1,0,9,9,1,No difference
rpsA,1,0,9,9,1,No difference
tamA,1,0,9,9,1,No difference
QRSL1,1,0,9,9,1,No difference
group_218,1,0,9,9,1,No difference
glnS,1,0,9,9,1,No difference
fadD_3,1,0,9,9,1,No difference
iaaM,1,0,9,9,1,No difference
betA_1,1,0,9,9,1,No difference
kdpA_2,1,0,9,9,1,No difference
gamP,1,0,9,9,1,No difference
recJ,1,0,9,9,1,No difference
shlB_3,1,0,9,9,1,No difference
rcsC_26,1,0,9,9,1,No difference
group_217,1,0,9,9,1,No difference
group_216,1,0,9,9,1,No difference
aceK,1,0,9,9,1,No difference
proS,1,0,9,9,1,No difference
group_215,1,0,9,9,1,No difference
fruA,1,0,9,9,1,No difference
group_214,1,0,9,9,1,No difference
kefC_1,1,0,9,9,1,No difference
rcsC_5,1,0,9,9,1,No difference
poxB,1,0,9,9,1,No difference
bepA_3,1,0,9,9,1,No difference
bacA,1,0,9,9,1,No difference
ggt_1,1,0,9,9,1,No difference
ilvI,1,0,9,9,1,No difference
group_212,1,0,9,9,1,No difference
aspT,1,0,9,9,1,No difference
araC,1,0,9,9,1,No difference
group_209,1,0,9,9,1,No difference
pepV,1,0,9,9,1,No difference
group_208,1,0,9,9,1,No difference
eptC,1,0,9,9,1,No difference
group_207,1,0,9,9,1,No difference
ftsI,1,0,9,9,1,No difference
treZ,1,0,9,9,1,No difference
dsbD,1,0,9,9,1,No difference
group_206,1,0,9,9,1,No difference
gshAB,1,0,9,9,1,No difference
prsD,1,0,9,9,1,No difference
ynbC,1,0,9,9,1,No difference
dipZ,1,0,9,9,1,No difference
kefB,1,0,9,9,1,No difference
dctB_1,1,0,9,9,1,No difference
msbA_1,1,0,9,9,1,No difference
group_202,1,0,9,9,1,No difference
sdhA,1,0,9,9,1,No difference
atzF,1,0,9,9,1,No difference
asnB,1,0,9,9,1,No difference
dmdC_2,1,0,9,9,1,No difference
aspS,1,0,9,9,1,No difference
gcl,1,0,9,9,1,No difference
fliF,1,0,9,9,1,No difference
sasA_9,1,0,9,9,1,No difference
group_201,1,0,9,9,1,No difference
dmdC_3,1,0,9,9,1,No difference
nuoC,1,0,9,9,1,No difference
group_197,1,0,9,9,1,No difference
lepA,1,0,9,9,1,No difference
dmdC_1,1,0,9,9,1,No difference
group_194,1,0,9,9,1,No difference
group_193,1,0,9,9,1,No difference
kefC_2,1,0,9,9,1,No difference
oadA,1,0,9,9,1,No difference
lpoA,1,0,9,9,1,No difference
group_192,1,0,9,9,1,No difference
ggt_2,1,0,9,9,1,No difference
sasA_10,1,0,9,9,1,No difference
bmrA,1,0,9,9,1,No difference
dap,1,0,9,9,1,No difference
uvrC,1,0,9,9,1,No difference
group_191,1,0,9,9,1,No difference
group_190,1,0,9,9,1,No difference
edd,1,0,9,9,1,No difference
group_189,1,0,9,9,1,No difference
group_188,1,0,9,9,1,No difference
glmS,1,0,9,9,1,No difference
acoR_2,1,0,9,9,1,No difference
sgrR,1,0,9,9,1,No difference
novN,1,0,9,9,1,No difference
ilvD,1,0,9,9,1,No difference
rpoD,1,0,9,9,1,No difference
nuoL,1,0,9,9,1,No difference
group_184,1,0,9,9,1,No difference
group_183,1,0,9,9,1,No difference
group_182,1,0,9,9,1,No difference
group_181,1,0,9,9,1,No difference
group_180,1,0,9,9,1,No difference
appA,1,0,9,9,1,No difference
hscA,1,0,9,9,1,No difference
glpE_2,1,0,9,9,1,No difference
group_178,1,0,9,9,1,No difference
aroB_2,1,0,9,9,1,No difference
group_177,1,0,9,9,1,No difference
secD,1,0,9,9,1,No difference
lplT,1,0,9,9,1,No difference
ppiD,1,0,9,9,1,No difference
group_175,1,0,9,9,1,No difference
cadA_2,1,0,9,9,1,No difference
mnmG,1,0,9,9,1,No difference
mrdA_2,1,0,9,9,1,No difference
pctA_1,1,0,9,9,1,No difference
btuB_6,1,0,9,9,1,No difference
group_174,1,0,9,9,1,No difference
cysNC_2,1,0,9,9,1,No difference
mrdA_1,1,0,9,9,1,No difference
dxs,1,0,9,9,1,No difference
group_172,1,0,9,9,1,No difference
rcsC_29,1,0,9,9,1,No difference
dctB_2,1,0,9,9,1,No difference
kup,1,0,9,9,1,No difference
group_171,1,0,9,9,1,No difference
rhlE_1,1,0,9,9,1,No difference
htpG,1,0,9,9,1,No difference
acoR_1,1,0,9,9,1,No difference
yheS,1,0,9,9,1,No difference
dnaK_2,1,0,9,9,1,No difference
ftsH_1,1,0,9,9,1,No difference
mcpS,1,0,9,9,1,No difference
uup,1,0,9,9,1,No difference
thrS,1,0,9,9,1,No difference
accA1_1,1,0,9,9,1,No difference
estA,1,0,9,9,1,No difference
group_169,1,0,9,9,1,No difference
group_168,1,0,9,9,1,No difference
group_166,1,0,9,9,1,No difference
accA1_2,1,0,9,9,1,No difference
group_165,1,0,9,9,1,No difference
slt,1,0,9,9,1,No difference
iolD,1,0,9,9,1,No difference
group_164,1,0,9,9,1,No difference
iolC,1,0,9,9,1,No difference
acsA_1,1,0,9,9,1,No difference
vgrG1_1,1,0,9,9,1,No difference
group_163,1,0,9,9,1,No difference
mdoB_2,1,0,9,9,1,No difference
acs_1,1,0,9,9,1,No difference
macB_3,1,0,9,9,1,No difference
topB,1,0,9,9,1,No difference
group_158,1,0,9,9,1,No difference
group_157,1,0,9,9,1,No difference
dnaG,1,0,9,9,1,No difference
group_155,1,0,9,9,1,No difference
macB_1,1,0,9,9,1,No difference
glgE2,1,0,9,9,1,No difference
ccmF,1,0,9,9,1,No difference
group_150,1,0,9,9,1,No difference
arnA,1,0,9,9,1,No difference
aaeB_1,1,0,9,9,1,No difference
caiT,1,0,9,9,1,No difference
dapL_1,1,0,9,9,1,No difference
group_149,1,0,9,9,1,No difference
mltF_2,1,0,9,9,1,No difference
pglF,1,0,9,9,1,No difference
tktA,1,0,9,9,1,No difference
mnmC_2,1,0,9,9,1,No difference
rep_1,1,0,9,9,1,No difference
uvrB,1,0,9,9,1,No difference
rlhA_1,1,0,9,9,1,No difference
group_146,1,0,9,9,1,No difference
cyoB,1,0,9,9,1,No difference
rcsC_7,1,0,9,9,1,No difference
vgrG1_3,1,0,9,9,1,No difference
rcsC_8,1,0,9,9,1,No difference
group_142,1,0,9,9,1,No difference
fadH,1,0,9,9,1,No difference
metG,1,0,9,9,1,No difference
group_139,1,0,9,9,1,No difference
group_138,1,0,9,9,1,No difference
ptrB,1,0,9,9,1,No difference
kdpB_1,1,0,9,9,1,No difference
group_137,1,0,9,9,1,No difference
tkt,1,0,9,9,1,No difference
stcD,1,0,9,9,1,No difference
group_135,1,0,9,9,1,No difference
btsT,1,0,9,9,1,No difference
recD_1,1,0,9,9,1,No difference
group_134,1,0,9,9,1,No difference
group_132,1,0,9,9,1,No difference
recG,1,0,9,9,1,No difference
ruvB_1,1,0,9,9,1,No difference
kdpB_2,1,0,9,9,1,No difference
prc,1,0,9,9,1,No difference
group_131,1,0,9,9,1,No difference
malQ,1,0,9,9,1,No difference
mdoB_1,1,0,9,9,1,No difference
ssaV,1,0,9,9,1,No difference
group_130,1,0,9,9,1,No difference
cntO_3,1,0,9,9,1,No difference
pta,1,0,9,9,1,No difference
pnp,1,0,9,9,1,No difference
fusA,1,0,9,9,1,No difference
group_129,1,0,9,9,1,No difference
spoT,1,0,9,9,1,No difference
FCS1,1,0,9,9,1,No difference
napA,1,0,9,9,1,No difference
btuB_8,1,0,9,9,1,No difference
iutA,1,0,9,9,1,No difference
cntO_5,1,0,9,9,1,No difference
recQ,1,0,9,9,1,No difference
btuB_9,1,0,9,9,1,No difference
flhA,1,0,9,9,1,No difference
mxiA,1,0,9,9,1,No difference
mcpU_1,1,0,9,9,1,No difference
sctC_5,1,0,9,9,1,No difference
mcpU_2,1,0,9,9,1,No difference
fadB,1,0,9,9,1,No difference
fadJ_1,1,0,9,9,1,No difference
glgX,1,0,9,9,1,No difference
group_123,1,0,9,9,1,No difference
group_122,1,0,9,9,1,No difference
aaeB_2,1,0,9,9,1,No difference
glcB,1,0,9,9,1,No difference
paoC,1,0,9,9,1,No difference
yccS,1,0,9,9,1,No difference
uvrD,1,0,9,9,1,No difference
bamA_1,1,0,9,9,1,No difference
group_120,1,0,9,9,1,No difference
aroA_1,1,0,9,9,1,No difference
ppk,1,0,9,9,1,No difference
icd_2,1,0,9,9,1,No difference
comEC,1,0,9,9,1,No difference
fpvA_1,1,0,9,9,1,No difference
fcuA_2,1,0,9,9,1,No difference
glgB,1,0,9,9,1,No difference
iorB,1,0,9,9,1,No difference
group_116,1,0,9,9,1,No difference
group_115,1,0,9,9,1,No difference
group_114,1,0,9,9,1,No difference
relA,1,0,9,9,1,No difference
pvdQ,1,0,9,9,1,No difference
adiA,1,0,9,9,1,No difference
dinG_2,1,0,9,9,1,No difference
group_111,1,0,9,9,1,No difference
rlmL_1,1,0,9,9,1,No difference
clpA,1,0,9,9,1,No difference
rcsC_11,1,0,9,9,1,No difference
ptsP,1,0,9,9,1,No difference
group_108,1,0,9,9,1,No difference
bfrD,1,0,9,9,1,No difference
group_107,1,0,9,9,1,No difference
metE,1,0,9,9,1,No difference
cadA_1,1,0,9,9,1,No difference
group_106,1,0,9,9,1,No difference
group_105,1,0,9,9,1,No difference
pbpC,1,0,9,9,1,No difference
yebT,1,0,9,9,1,No difference
mrcB,1,0,9,9,1,No difference
fecA_1,1,0,9,9,1,No difference
group_103,1,0,9,9,1,No difference
polB,1,0,9,9,1,No difference
quiP_1,1,0,9,9,1,No difference
group_100,1,0,9,9,1,No difference
ligA,1,0,9,9,1,No difference
ftsK,1,0,9,9,1,No difference
group_98,1,0,9,9,1,No difference
ppsA,1,0,9,9,1,No difference
pheT,1,0,9,9,1,No difference
rcsC_10,1,0,9,9,1,No difference
group_95,1,0,9,9,1,No difference
rcsC_6,1,0,9,9,1,No difference
btuB_1,1,0,9,9,1,No difference
group_92,1,0,9,9,1,No difference
btuB_7,1,0,9,9,1,No difference
lon_2,1,0,9,9,1,No difference
pucD,1,0,9,9,1,No difference
fcuA_1,1,0,9,9,1,No difference
quiA,1,0,9,9,1,No difference
gyrB,1,0,9,9,1,No difference
gcd,1,0,9,9,1,No difference
fecA_2,1,0,9,9,1,No difference
lon_1,1,0,9,9,1,No difference
cntO_2,1,0,9,9,1,No difference
group_89,1,0,9,9,1,No difference
fpvA_2,1,0,9,9,1,No difference
fadE_2,1,0,9,9,1,No difference
rep_2,1,0,9,9,1,No difference
nasD,1,0,9,9,1,No difference
yraJ_2,1,0,9,9,1,No difference
group_87,1,0,9,9,1,No difference
ligD,1,0,9,9,1,No difference
group_84,1,0,9,9,1,No difference
malT_1,1,0,9,9,1,No difference
hrpB,1,0,9,9,1,No difference
copA_1,1,0,9,9,1,No difference
fimD_1,1,0,9,9,1,No difference
group_82,1,0,9,9,1,No difference
group_81,1,0,9,9,1,No difference
uvrA_2,1,0,9,9,1,No difference
fadE_1,1,0,9,9,1,No difference
group_79,1,0,9,9,1,No difference
infB,1,0,9,9,1,No difference
rcsC_27,1,0,9,9,1,No difference
group_78,1,0,9,9,1,No difference
papC,1,0,9,9,1,No difference
tdhA,1,0,9,9,1,No difference
clpB_2,1,0,9,9,1,No difference
acnD_1,1,0,9,9,1,No difference
leuS,1,0,9,9,1,No difference
group_73,1,0,9,9,1,No difference
alaS,1,0,9,9,1,No difference
htrE_2,1,0,9,9,1,No difference
clpV1_2,1,0,9,9,1,No difference
topA,1,0,9,9,1,No difference
acnB_2,1,0,9,9,1,No difference
group_71,1,0,9,9,1,No difference
group_70,1,0,9,9,1,No difference
ppc_1,1,0,9,9,1,No difference
kdpD_2,1,0,9,9,1,No difference
kdpD_1,1,0,9,9,1,No difference
pepN,1,0,9,9,1,No difference
gyrA,1,0,9,9,1,No difference
clpV1_1,1,0,9,9,1,No difference
aceE_2,1,0,9,9,1,No difference
rcsC_23,1,0,9,9,1,No difference
group_65,1,0,9,9,1,No difference
mgtA_2,1,0,9,9,1,No difference
nasA_1,1,0,9,9,1,No difference
nuoG,1,0,9,9,1,No difference
mgtB,1,0,9,9,1,No difference
rbbA,1,0,9,9,1,No difference
secA,1,0,9,9,1,No difference
acnA,1,0,9,9,1,No difference
barA,1,0,9,9,1,No difference
malT_3,1,0,9,9,1,No difference
treY,1,0,9,9,1,No difference
rcsC_15,1,0,9,9,1,No difference
group_57,1,0,9,9,1,No difference
group_56,1,0,9,9,1,No difference
ileS,1,0,9,9,1,No difference
sucA,1,0,9,9,1,No difference
uvrA_1,1,0,9,9,1,No difference
group_54,1,0,9,9,1,No difference
gcvP,1,0,9,9,1,No difference
group_53,1,0,9,9,1,No difference
valS,1,0,9,9,1,No difference
group_52,1,0,9,9,1,No difference
group_49,1,0,9,9,1,No difference
ndhB,1,0,9,9,1,No difference
group_47,1,0,9,9,1,No difference
sasA_8,1,0,9,9,1,No difference
group_46,1,0,9,9,1,No difference
pknD_1,1,0,9,9,1,No difference
soxA_1,1,0,9,9,1,No difference
bepE,1,0,9,9,1,No difference
mdtB_1,1,0,9,9,1,No difference
dnaE2,1,0,9,9,1,No difference
mexB,1,0,9,9,1,No difference
group_40,1,0,9,9,1,No difference
mdtB_3,1,0,9,9,1,No difference
mdtB_2,1,0,9,9,1,No difference
mdtC_2,1,0,9,9,1,No difference
group_39,1,0,9,9,1,No difference
cusA,1,0,9,9,1,No difference
czcA_2,1,0,9,9,1,No difference
ttgB,1,0,9,9,1,No difference
rcsC_13,1,0,9,9,1,No difference
oqxB9,1,0,9,9,1,No difference
rne,1,0,9,9,1,No difference
group_33,1,0,9,9,1,No difference
czcA_1,1,0,9,9,1,No difference
carB_2,1,0,9,9,1,No difference
group_32,1,0,9,9,1,No difference
group_31,1,0,9,9,1,No difference
rcsC_16,1,0,9,9,1,No difference
mfd,1,0,9,9,1,No difference
recC,1,0,9,9,1,No difference
rcsC_4,1,0,9,9,1,No difference
smc_1,1,0,9,9,1,No difference
rcsC_18,1,0,9,9,1,No difference
group_26,1,0,9,9,1,No difference
group_25,1,0,9,9,1,No difference
bvgS_1,1,0,9,9,1,No difference
group_21,1,0,9,9,1,No difference
recB,1,0,9,9,1,No difference
tamB,1,0,9,9,1,No difference
carB_1,1,0,9,9,1,No difference
group_20,1,0,9,9,1,No difference
metH,1,0,9,9,1,No difference
group_19,1,0,9,9,1,No difference
mltF_1,1,0,9,9,1,No difference
cobN,1,0,9,9,1,No difference
group_17,1,0,9,9,1,No difference
group_15,1,0,9,9,1,No difference
purL,1,0,9,9,1,No difference
group_13,1,0,9,9,1,No difference
rpoB,1,0,9,9,1,No difference
rpoC,1,0,9,9,1,No difference
srmB,1,0,9,9,1,No difference
group_9,1,0,9,9,1,No difference
group_8,1,0,9,9,1,No difference
gdhB,1,0,9,9,1,No difference
shlA,1,0,9,9,1,No difference
group_7,1,0,9,9,1,No difference
group_6,1,0,9,9,1,No difference
group_5,1,0,9,9,1,No difference
rcsC_1,1,0,9,9,1,No difference
tycC_1,1,0,9,9,1,No difference
group_0,1,0,9,9,1,No difference
tycC_2,1,0,9,9,1,No difference
lgrD_2,1,0,9,9,1,No difference
lgrD_1,1,0,9,9,1,No difference
grsB,1,0,9,9,1,No difference
lgrB,1,0,9,9,1,No difference
group_3780,1,Inf,9,8,1,Enriched in Sixty Lake
group_3746,1,Inf,9,8,1,Enriched in Sixty Lake
group_3699,1,Inf,9,8,1,Enriched in Sixty Lake
group_3679,1,Inf,9,8,1,Enriched in Sixty Lake
group_3664,1,Inf,9,8,1,Enriched in Sixty Lake
group_3656,1,Inf,9,8,1,Enriched in Sixty Lake
group_3647,1,Inf,9,8,1,Enriched in Sixty Lake
group_3582,1,Inf,9,8,1,Enriched in Sixty Lake
group_3515,1,Inf,9,8,1,Enriched in Sixty Lake
mdtA_7,1,Inf,9,8,1,Enriched in Sixty Lake
group_3456,1,Inf,9,8,1,Enriched in Sixty Lake
rfbA_1~~~rfbA_2,1,Inf,9,8,1,Enriched in Sixty Lake
rfbB,1,Inf,9,8,1,Enriched in Sixty Lake
comR_1,1,0,8,9,1,Enriched in Conness Pond
group_3253,1,0,8,9,1,Enriched in Conness Pond
group_3247,1,Inf,9,8,1,Enriched in Sixty Lake
group_3222,1,Inf,9,8,1,Enriched in Sixty Lake
ynfM_1,1,Inf,9,8,1,Enriched in Sixty Lake
baiN,1,Inf,9,8,1,Enriched in Sixty Lake
group_3172,1,Inf,9,8,1,Enriched in Sixty Lake
cysNC_1,1,Inf,9,8,1,Enriched in Sixty Lake
nrdB_1~~~nrdB_2,1,0,8,9,1,Enriched in Conness Pond
group_3139,1,0,8,9,1,Enriched in Conness Pond
group_3129,1,Inf,9,8,1,Enriched in Sixty Lake
group_3109,1,Inf,9,8,1,Enriched in Sixty Lake
group_3096,1,0,8,9,1,Enriched in Conness Pond
group_3059,1,0,8,9,1,Enriched in Conness Pond
msrQ,1,Inf,9,8,1,Enriched in Sixty Lake
higB2,1,Inf,9,8,1,Enriched in Sixty Lake
ywiE,1,0,8,9,1,Enriched in Conness Pond
group_2897,1,0,8,9,1,Enriched in Conness Pond
group_2892,1,0,8,9,1,Enriched in Conness Pond
group_2761,1,Inf,9,8,1,Enriched in Sixty Lake
group_2700,1,Inf,9,8,1,Enriched in Sixty Lake
group_2455,1,Inf,9,8,1,Enriched in Sixty Lake
group_2414,1,0,8,9,1,Enriched in Conness Pond
ppiC_2,1,Inf,9,8,1,Enriched in Sixty Lake
group_2356,1,Inf,9,8,1,Enriched in Sixty Lake
group_1808,1,0,8,9,1,Enriched in Conness Pond
group_1738,1,0,8,9,1,Enriched in Conness Pond
yfcG_2,1,0,8,9,1,Enriched in Conness Pond
group_1177,1,Inf,9,8,1,Enriched in Sixty Lake
group_1062,1,Inf,9,8,1,Enriched in Sixty Lake
group_954,1,Inf,9,8,1,Enriched in Sixty Lake
benM_1,1,Inf,9,8,1,Enriched in Sixty Lake
menH_2,1,Inf,9,8,1,Enriched in Sixty Lake
yqjG,1,Inf,9,8,1,Enriched in Sixty Lake
group_646,1,0,8,9,1,Enriched in Conness Pond
group_507,1,Inf,9,8,1,Enriched in Sixty Lake
group_358,1,Inf,9,8,1,Enriched in Sixty Lake
cysD_1,1,Inf,9,8,1,Enriched in Sixty Lake
group_173,1,Inf,9,8,1,Enriched in Sixty Lake
group_45,1,0,8,9,1,Enriched in Conness Pond
group_36,1,Inf,9,8,1,Enriched in Sixty Lake
ktrA,1,1,8,8,1,No difference
group_3561,1,1,8,8,1,No difference
group_3417,0.47058823529411775,0,7,9,1,Enriched in Conness Pond
group_3416,0.47058823529411775,0,7,9,1,Enriched in Conness Pond
group_3415,0.47058823529411775,0,7,9,1,Enriched in Conness Pond
group_3400,1,1,8,8,1,No difference
rfbD_1~~~rfbD_2,1,1,8,8,1,No difference
group_3279,0.47058823529411775,0,7,9,1,Enriched in Conness Pond
group_3654,0.20588235294117646,0,6,9,1,Enriched in Conness Pond
group_3653,0.9999999999999999,2.1846490367148843,8,7,1,Enriched in Sixty Lake
group_3216,0.20588235294117646,0,6,9,1,Enriched in Conness Pond
group_3088,0.9999999999999999,2.1846490367148843,8,7,1,Enriched in Sixty Lake
yddM,0.20588235294117646,0,6,9,1,Enriched in Conness Pond
group_1792,0.20588235294117646,0,6,9,1,Enriched in Conness Pond
prpC_3,0.20588235294117646,0,6,9,1,Enriched in Conness Pond
pknD_3,0.20588235294117646,0,6,9,1,Enriched in Conness Pond
group_3594,0.08235294117647061,0,5,9,1,Enriched in Conness Pond
group_3492,0.9999999999999999,1,7,7,1,No difference
group_3459,0.576470588235294,0.26976600090905134,6,8,1,Enriched in Conness Pond
group_3331,0.576470588235294,0.26976600090905134,6,8,1,Enriched in Conness Pond
group_3313,0.576470588235294,3.706906359542,8,6,1,Enriched in Sixty Lake
group_3312,0.08235294117647061,0,5,9,1,Enriched in Conness Pond
group_3260,0.576470588235294,3.706906359542,8,6,1,Enriched in Sixty Lake
group_3236,0.08235294117647061,0,5,9,1,Enriched in Conness Pond
group_3175,0.576470588235294,3.706906359542,8,6,1,Enriched in Sixty Lake
group_2965,0.08235294117647061,0,5,9,1,Enriched in Conness Pond
group_2952,0.08235294117647061,0,5,9,1,Enriched in Conness Pond
group_2934,0.08235294117647061,0,5,9,1,Enriched in Conness Pond
group_2920,0.08235294117647061,0,5,9,1,Enriched in Conness Pond
group_2805,0.08235294117647061,0,5,9,1,Enriched in Conness Pond
group_2802,0.576470588235294,0.26976600090905134,6,8,1,Enriched in Conness Pond
group_2422,0.08235294117647061,0,5,9,1,Enriched in Conness Pond
group_1692,0.08235294117647061,0,5,9,1,Enriched in Conness Pond
group_1548,0.576470588235294,3.706906359542,8,6,1,Enriched in Sixty Lake
group_1346,0.576470588235294,3.706906359542,8,6,1,Enriched in Sixty Lake
qseB_3,0.576470588235294,3.706906359542,8,6,1,Enriched in Sixty Lake
group_1294,0.576470588235294,3.706906359542,8,6,1,Enriched in Sixty Lake
group_1287,0.576470588235294,3.706906359542,8,6,1,Enriched in Sixty Lake
lptB_2,0.576470588235294,0.26976600090905134,6,8,1,Enriched in Conness Pond
group_1139,0.576470588235294,0.26976600090905134,6,8,1,Enriched in Conness Pond
group_1136,0.08235294117647061,0,5,9,1,Enriched in Conness Pond
mcbC,0.576470588235294,0.26976600090905134,6,8,1,Enriched in Conness Pond
fabG_4,0.576470588235294,3.706906359542,8,6,1,Enriched in Sixty Lake
mcbB,0.576470588235294,0.26976600090905134,6,8,1,Enriched in Conness Pond
group_946,0.08235294117647061,0,5,9,1,Enriched in Conness Pond
group_739,0.08235294117647061,0,5,9,1,Enriched in Conness Pond
group_676,0.08235294117647061,0,5,9,1,Enriched in Conness Pond
group_529,0.08235294117647061,0,5,9,1,Enriched in Conness Pond
mcbD,0.576470588235294,0.26976600090905134,6,8,1,Enriched in Conness Pond
group_402,0.08235294117647061,0,5,9,1,Enriched in Conness Pond
rssA,0.576470588235294,3.706906359542,8,6,1,Enriched in Sixty Lake
putP_2,0.576470588235294,3.706906359542,8,6,1,Enriched in Sixty Lake
group_314,0.08235294117647061,0,5,9,1,Enriched in Conness Pond
menE,0.576470588235294,3.706906359542,8,6,1,Enriched in Sixty Lake
norR_4,0.08235294117647061,0,5,9,1,Enriched in Conness Pond
group_278,0.08235294117647061,0,5,9,1,Enriched in Conness Pond
group_199,0.08235294117647061,0,5,9,1,Enriched in Conness Pond
group_76,0.08235294117647061,0,5,9,1,Enriched in Conness Pond
group_29,0.08235294117647061,0,5,9,1,Enriched in Conness Pond
peb1A_2,0.29411764705882343,5.75909409828752,8,5,1,Enriched in Sixty Lake
group_3853,0.29411764705882343,5.75909409828752,8,5,1,Enriched in Sixty Lake
tcyC_3,0.29411764705882343,5.75909409828752,8,5,1,Enriched in Sixty Lake
fliY_6,0.29411764705882343,5.75909409828752,8,5,1,Enriched in Sixty Lake
gltC_5,0.29411764705882343,5.75909409828752,8,5,1,Enriched in Sixty Lake
yecS_4,0.29411764705882343,5.75909409828752,8,5,1,Enriched in Sixty Lake
aatB,0.29411764705882343,5.75909409828752,8,5,1,Enriched in Sixty Lake
group_3852,0.29411764705882343,5.75909409828752,8,5,1,Enriched in Sixty Lake
yfcG_5,0.29411764705882343,5.75909409828752,8,5,1,Enriched in Sixty Lake
metZ_1,0.29411764705882343,5.75909409828752,8,5,1,Enriched in Sixty Lake
glnM,0.29411764705882343,5.75909409828752,8,5,1,Enriched in Sixty Lake
gltF_4~~~gltF_3,0.29411764705882343,0.17363842002466162,5,8,1,Enriched in Conness Pond
group_3213,0.29411764705882343,0.17363842002466162,5,8,1,Enriched in Conness Pond
group_1925,0.29411764705882343,0.17363842002466162,5,8,1,Enriched in Conness Pond
group_287,0.29411764705882343,5.75909409828752,8,5,1,Enriched in Sixty Lake
group_3414,0.13122171945701358,0.11505801530174113,4,8,1,Enriched in Conness Pond
group_3356,0.13122171945701358,0.11505801530174113,4,8,1,Enriched in Conness Pond
group_3347,0.13122171945701358,0.11505801530174113,4,8,1,Enriched in Conness Pond
group_3327,0.13122171945701358,0.11505801530174113,4,8,1,Enriched in Conness Pond
group_3298,0.13122171945701358,0.11505801530174113,4,8,1,Enriched in Conness Pond
group_3256,0.6199095022624436,2.640365277453253,7,5,1,Enriched in Sixty Lake
group_3131,1,1,6,6,1,No difference
group_3114,0.13122171945701358,0.11505801530174113,4,8,1,Enriched in Conness Pond
group_2946,1,1,6,6,1,No difference
group_2785,0.13122171945701358,0.11505801530174113,4,8,1,Enriched in Conness Pond
group_2773,0.13122171945701358,0.11505801530174113,4,8,1,Enriched in Conness Pond
group_2550,0.13122171945701358,0.11505801530174113,4,8,1,Enriched in Conness Pond
cim,0.13122171945701358,0.11505801530174113,4,8,1,Enriched in Conness Pond
group_2046,0.13122171945701358,0.11505801530174113,4,8,1,Enriched in Conness Pond
group_1822,1,1,6,6,1,No difference
group_1793,1,1,6,6,1,No difference
group_1566,0.13122171945701358,0.11505801530174113,4,8,1,Enriched in Conness Pond
gltF_7,0.6199095022624436,2.640365277453253,7,5,1,Enriched in Sixty Lake
group_1001,0.13122171945701358,0.11505801530174113,4,8,1,Enriched in Conness Pond
group_990,0.13122171945701358,0.11505801530174113,4,8,1,Enriched in Conness Pond
group_659,0.13122171945701358,0.11505801530174113,4,8,1,Enriched in Conness Pond
wbiB,0.13122171945701358,0.11505801530174113,4,8,1,Enriched in Conness Pond
group_459,1,1,6,6,1,No difference
group_373,0.13122171945701358,0.11505801530174113,4,8,1,Enriched in Conness Pond
group_370,0.13122171945701358,0.11505801530174113,4,8,1,Enriched in Conness Pond
patA_1,0.13122171945701358,0.11505801530174113,4,8,1,Enriched in Conness Pond
group_322,0.13122171945701358,0.11505801530174113,4,8,1,Enriched in Conness Pond
group_187,0.13122171945701358,0.11505801530174113,4,8,1,Enriched in Conness Pond
group_143,0.13122171945701358,0.11505801530174113,4,8,1,Enriched in Conness Pond
group_3752,0.13122171945701358,8.691267595547226,8,4,1,Enriched in Sixty Lake
group_3384,1,1.558412625283201,6,5,1,Enriched in Sixty Lake
group_3382,1,1.558412625283201,6,5,1,Enriched in Sixty Lake
group_3017,1,0.6416785797139409,5,6,1,Enriched in Conness Pond
group_2628,1,0.6416785797139409,5,6,1,Enriched in Conness Pond
group_1042,0.13122171945701358,8.691267595547226,8,4,1,Enriched in Sixty Lake
group_343,1,1.558412625283201,6,5,1,Enriched in Sixty Lake
group_3422,0.6371863430686961,0.42161766694166486,4,6,1,Enriched in Conness Pond
gabD1~~~aldh,0.6371863430686961,0.42161766694166486,4,6,1,Enriched in Conness Pond
group_3391,0.6371863430686961,0.42161766694166486,4,6,1,Enriched in Conness Pond
group_3379,0.6371863430686961,0.42161766694166486,4,6,1,Enriched in Conness Pond
group_3372,0.6371863430686961,0.42161766694166486,4,6,1,Enriched in Conness Pond
group_3364,0.6371863430686961,0.42161766694166486,4,6,1,Enriched in Conness Pond
group_3348,0.6371863430686961,0.42161766694166486,4,6,1,Enriched in Conness Pond
group_3336,0.6371863430686961,0.42161766694166486,4,6,1,Enriched in Conness Pond
group_3239,0.6371863430686961,0.42161766694166486,4,6,1,Enriched in Conness Pond
group_3229,0.6371863430686961,0.42161766694166486,4,6,1,Enriched in Conness Pond
group_3221,0.6371863430686961,0.42161766694166486,4,6,1,Enriched in Conness Pond
group_3212,0.6371863430686961,0.42161766694166486,4,6,1,Enriched in Conness Pond
nnr_1~~~nnr_2,0.6371863430686961,0.42161766694166486,4,6,1,Enriched in Conness Pond
group_3177,1,1,5,5,1,No difference
group_3158,0.6371863430686961,0.42161766694166486,4,6,1,Enriched in Conness Pond
group_3134,0.3348416289592759,4.006191369807469,7,4,1,Enriched in Sixty Lake
group_3127,0.6371863430686961,0.42161766694166486,4,6,1,Enriched in Conness Pond
rcsC_4~~~rcsC_10,0.6371863430686961,0.42161766694166486,4,6,1,Enriched in Conness Pond
group_3080,0.6371863430686961,0.42161766694166486,4,6,1,Enriched in Conness Pond
group_3054,0.6371863430686961,0.42161766694166486,4,6,1,Enriched in Conness Pond
group_2996,0.6371863430686961,0.42161766694166486,4,6,1,Enriched in Conness Pond
qseC_1~~~qseC_3,0.6371863430686961,0.42161766694166486,4,6,1,Enriched in Conness Pond
group_2930,0.6371863430686961,0.42161766694166486,4,6,1,Enriched in Conness Pond
group_2929,0.6371863430686961,0.42161766694166486,4,6,1,Enriched in Conness Pond
group_2905,0.6371863430686961,0.42161766694166486,4,6,1,Enriched in Conness Pond
tpiA_1,0.6371863430686961,0.42161766694166486,4,6,1,Enriched in Conness Pond
group_2904,0.6371863430686961,0.42161766694166486,4,6,1,Enriched in Conness Pond
sasA_1~~~sasA_3,0.6371863430686961,0.42161766694166486,4,6,1,Enriched in Conness Pond
group_2262,0.6371863430686961,0.42161766694166486,4,6,1,Enriched in Conness Pond
group_2017,0.6371863430686961,0.42161766694166486,4,6,1,Enriched in Conness Pond
group_1781,0.6371863430686961,0.42161766694166486,4,6,1,Enriched in Conness Pond
yodB_2,0.6371863430686961,0.42161766694166486,4,6,1,Enriched in Conness Pond
pat_1,0.6371863430686961,0.42161766694166486,4,6,1,Enriched in Conness Pond
group_1321,0.6371863430686961,0.42161766694166486,4,6,1,Enriched in Conness Pond
group_1248,0.6371863430686961,0.42161766694166486,4,6,1,Enriched in Conness Pond
group_1116,0.6371863430686961,0.42161766694166486,4,6,1,Enriched in Conness Pond
anr_1,0.6371863430686961,0.42161766694166486,4,6,1,Enriched in Conness Pond
group_1004,0.6371863430686961,0.42161766694166486,4,6,1,Enriched in Conness Pond
uspE_2,0.6371863430686961,0.42161766694166486,4,6,1,Enriched in Conness Pond
uspE_1,0.6371863430686961,0.42161766694166486,4,6,1,Enriched in Conness Pond
apbE,0.6371863430686961,0.42161766694166486,4,6,1,Enriched in Conness Pond
adhA,0.6371863430686961,0.42161766694166486,4,6,1,Enriched in Conness Pond
czcO,0.6371863430686961,0.42161766694166486,4,6,1,Enriched in Conness Pond
ackA,0.6371863430686961,0.42161766694166486,4,6,1,Enriched in Conness Pond
group_319,0.6371863430686961,0.42161766694166486,4,6,1,Enriched in Conness Pond
ohyA,0.6371863430686961,0.42161766694166486,4,6,1,Enriched in Conness Pond
group_121,0.6371863430686961,0.42161766694166486,4,6,1,Enriched in Conness Pond
group_96,0.6371863430686961,0.42161766694166486,4,6,1,Enriched in Conness Pond
xpkA,0.6371863430686961,0.42161766694166486,4,6,1,Enriched in Conness Pond
ndvB,0.6371863430686961,0.42161766694166486,4,6,1,Enriched in Conness Pond
group_3429,0.34693541752365303,0.27177134992899976,3,6,1,Enriched in Conness Pond
group_3418,0.9999999999999998,0.6562199771510828,4,5,1,Enriched in Conness Pond
group_3395,0.34693541752365303,0.27177134992899976,3,6,1,Enriched in Conness Pond
group_3394,0.9999999999999998,0.6562199771510828,4,5,1,Enriched in Conness Pond
group_3390,0.34693541752365303,0.27177134992899976,3,6,1,Enriched in Conness Pond
sir2~~~sir2_1,0.9999999999999998,0.6562199771510828,4,5,1,Enriched in Conness Pond
group_3296,0.34693541752365303,0.27177134992899976,3,6,1,Enriched in Conness Pond
group_3282,0.9999999999999998,0.6562199771510828,4,5,1,Enriched in Conness Pond
group_3246,0.34693541752365303,0.27177134992899976,3,6,1,Enriched in Conness Pond
group_3115,0.34693541752365303,0.27177134992899976,3,6,1,Enriched in Conness Pond
baiA~~~lvr_2~~~fabG_4,0.9999999999999998,0.6562199771510828,4,5,1,Enriched in Conness Pond
group_2894,0.9999999999999998,0.6562199771510828,4,5,1,Enriched in Conness Pond
group_2565,0.34693541752365303,0.27177134992899976,3,6,1,Enriched in Conness Pond
group_2427,0.9999999999999998,0.6562199771510828,4,5,1,Enriched in Conness Pond
group_2083,0.34693541752365303,0.27177134992899976,3,6,1,Enriched in Conness Pond
group_2037,0.34693541752365303,0.27177134992899976,3,6,1,Enriched in Conness Pond
group_1973,0.34693541752365303,0.27177134992899976,3,6,1,Enriched in Conness Pond
group_1290,0.34693541752365303,0.27177134992899976,3,6,1,Enriched in Conness Pond
group_864,0.9999999999999998,0.6562199771510828,4,5,1,Enriched in Conness Pond
gltC_4,0.34693541752365303,0.27177134992899976,3,6,1,Enriched in Conness Pond
group_561,0.34693541752365303,0.27177134992899976,3,6,1,Enriched in Conness Pond
group_439,0.34693541752365303,0.27177134992899976,3,6,1,Enriched in Conness Pond
group_350,0.34693541752365303,0.27177134992899976,3,6,1,Enriched in Conness Pond
quiA_2,0.9999999999999998,0.6562199771510828,4,5,1,Enriched in Conness Pond
group_3675,0.34693541752365303,3.6795637224499576,6,3,1,Enriched in Sixty Lake
group_3581,0.9999999999999998,1.5238792399180012,5,4,1,Enriched in Sixty Lake
group_3476,0.9999999999999998,1.5238792399180012,5,4,1,Enriched in Sixty Lake
group_3421,0.6371863430686961,0.42161766694166447,3,5,1,Enriched in Conness Pond
group_3286,0.6371863430686961,0.42161766694166447,3,5,1,Enriched in Conness Pond
group_3285,0.6371863430686961,0.42161766694166447,3,5,1,Enriched in Conness Pond
group_3252,0.9999999999999998,1.5238792399180012,5,4,1,Enriched in Sixty Lake
ppc_2,0.34693541752365303,3.6795637224499576,6,3,1,Enriched in Sixty Lake
group_2874,0.6371863430686961,0.42161766694166447,3,5,1,Enriched in Conness Pond
group_2824,0.6371863430686961,0.42161766694166447,3,5,1,Enriched in Conness Pond
group_2721,0.9999999999999998,1.5238792399180012,5,4,1,Enriched in Sixty Lake
group_2667,0.6371863430686961,0.42161766694166447,3,5,1,Enriched in Conness Pond
group_2484,0.6371863430686961,0.42161766694166447,3,5,1,Enriched in Conness Pond
group_2439,0.9999999999999998,1.5238792399180012,5,4,1,Enriched in Sixty Lake
group_2310,0.6371863430686961,0.42161766694166447,3,5,1,Enriched in Conness Pond
group_2261,0.6371863430686961,0.42161766694166447,3,5,1,Enriched in Conness Pond
group_2252,0.6371863430686961,0.42161766694166447,3,5,1,Enriched in Conness Pond
group_2057,0.6371863430686961,0.42161766694166447,3,5,1,Enriched in Conness Pond
group_2040,0.9999999999999998,1.5238792399180012,5,4,1,Enriched in Sixty Lake
group_1894,0.6371863430686961,0.42161766694166447,3,5,1,Enriched in Conness Pond
ywnA,0.9999999999999998,1.5238792399180012,5,4,1,Enriched in Sixty Lake
group_1853,0.6371863430686961,0.42161766694166447,3,5,1,Enriched in Conness Pond
group_1769,0.6371863430686961,0.42161766694166447,3,5,1,Enriched in Conness Pond
group_1719,0.6371863430686961,0.42161766694166447,3,5,1,Enriched in Conness Pond
group_1654,0.6371863430686961,0.42161766694166447,3,5,1,Enriched in Conness Pond
group_1644,0.6371863430686961,0.42161766694166447,3,5,1,Enriched in Conness Pond
group_1598,0.6371863430686961,0.42161766694166447,3,5,1,Enriched in Conness Pond
group_1450,0.6371863430686961,0.42161766694166447,3,5,1,Enriched in Conness Pond
group_1327,0.6371863430686961,0.42161766694166447,3,5,1,Enriched in Conness Pond
group_1277,0.6371863430686961,0.42161766694166447,3,5,1,Enriched in Conness Pond
group_1191,0.6371863430686961,0.42161766694166447,3,5,1,Enriched in Conness Pond
group_1127,0.6371863430686961,0.42161766694166447,3,5,1,Enriched in Conness Pond
group_973,0.6371863430686961,0.42161766694166447,3,5,1,Enriched in Conness Pond
group_815,0.6371863430686961,0.42161766694166447,3,5,1,Enriched in Conness Pond
gcvA_4,0.6371863430686961,0.42161766694166447,3,5,1,Enriched in Conness Pond
group_610,0.6371863430686961,0.42161766694166447,3,5,1,Enriched in Conness Pond
group_359,0.6371863430686961,0.42161766694166447,3,5,1,Enriched in Conness Pond
group_18,0.6371863430686961,0.42161766694166447,3,5,1,Enriched in Conness Pond
group_3531,1,1,4,4,1,No difference
group_3413,0.6371863430686961,2.3718171187033303,5,3,1,Enriched in Sixty Lake
dnaC~~~dnaC_2,0.6371863430686961,2.3718171187033303,5,3,1,Enriched in Sixty Lake
group_3360,1,1,4,4,1,No difference
group_3353,0.6371863430686961,2.3718171187033303,5,3,1,Enriched in Sixty Lake
group_3344,0.6371863430686961,2.3718171187033303,5,3,1,Enriched in Sixty Lake
dnaB_2~~~dnaB_1~~~dnaC_2,0.6371863430686961,2.3718171187033303,5,3,1,Enriched in Sixty Lake
rcsC_3~~~rcsC_8,0.6371863430686961,2.3718171187033303,5,3,1,Enriched in Sixty Lake
smf1_1~~~smf1_2,0.6371863430686961,2.3718171187033303,5,3,1,Enriched in Sixty Lake
group_3320,0.6371863430686961,2.3718171187033303,5,3,1,Enriched in Sixty Lake
group_3308,0.6371863430686961,2.3718171187033303,5,3,1,Enriched in Sixty Lake
group_3292,0.6371863430686961,2.3718171187033303,5,3,1,Enriched in Sixty Lake
group_3290,0.6371863430686961,2.3718171187033303,5,3,1,Enriched in Sixty Lake
rcsC_2~~~rcsC_7,0.6371863430686961,2.3718171187033303,5,3,1,Enriched in Sixty Lake
group_3182,1,1,4,4,1,No difference
mrkD,0.6371863430686961,2.3718171187033303,5,3,1,Enriched in Sixty Lake
group_3143,0.6371863430686961,2.3718171187033303,5,3,1,Enriched in Sixty Lake
group_3132,0.6371863430686961,2.3718171187033303,5,3,1,Enriched in Sixty Lake
lexA_4,0.6371863430686961,2.3718171187033303,5,3,1,Enriched in Sixty Lake
ephA_1,0.6371863430686961,2.3718171187033303,5,3,1,Enriched in Sixty Lake
group_2961,1,1,4,4,1,No difference
group_2469,0.6371863430686961,2.3718171187033303,5,3,1,Enriched in Sixty Lake
group_2350,0.6371863430686961,2.3718171187033303,5,3,1,Enriched in Sixty Lake
group_2190,0.6371863430686961,2.3718171187033303,5,3,1,Enriched in Sixty Lake
pdeR,0.6371863430686961,2.3718171187033303,5,3,1,Enriched in Sixty Lake
group_1898,0.6371863430686961,2.3718171187033303,5,3,1,Enriched in Sixty Lake
group_1828,0.6371863430686961,2.3718171187033303,5,3,1,Enriched in Sixty Lake
group_1516,0.6371863430686961,2.3718171187033303,5,3,1,Enriched in Sixty Lake
nreC,0.6371863430686961,2.3718171187033303,5,3,1,Enriched in Sixty Lake
rcsB_1,0.6371863430686961,2.3718171187033303,5,3,1,Enriched in Sixty Lake
group_412,1,1,4,4,1,No difference
group_393,0.6371863430686961,2.3718171187033303,5,3,1,Enriched in Sixty Lake
htrE_1,0.6371863430686961,2.3718171187033303,5,3,1,Enriched in Sixty Lake
group_3937,1,1.5584126252832031,4,3,1,Enriched in Sixty Lake
bin3,1,1.5584126252832031,4,3,1,Enriched in Sixty Lake
group_3936,1,1.5584126252832031,4,3,1,Enriched in Sixty Lake
group_3935,1,1.5584126252832031,4,3,1,Enriched in Sixty Lake
group_3934,1,1.5584126252832031,4,3,1,Enriched in Sixty Lake
group_3933,1,1.5584126252832031,4,3,1,Enriched in Sixty Lake
group_3931,1,1.5584126252832031,4,3,1,Enriched in Sixty Lake
group_3930,1,1.5584126252832031,4,3,1,Enriched in Sixty Lake
group_3929,1,1.5584126252832031,4,3,1,Enriched in Sixty Lake
group_3928,1,1.5584126252832031,4,3,1,Enriched in Sixty Lake
recD_2,1,1.5584126252832031,4,3,1,Enriched in Sixty Lake
group_3926,1,1.5584126252832031,4,3,1,Enriched in Sixty Lake
group_3925,1,1.5584126252832031,4,3,1,Enriched in Sixty Lake
group_3924,1,1.5584126252832031,4,3,1,Enriched in Sixty Lake
group_3922,1,1.5584126252832031,4,3,1,Enriched in Sixty Lake
group_3921,1,1.5584126252832031,4,3,1,Enriched in Sixty Lake
group_3920,1,1.5584126252832031,4,3,1,Enriched in Sixty Lake
group_3919,1,1.5584126252832031,4,3,1,Enriched in Sixty Lake
group_3918,1,1.5584126252832031,4,3,1,Enriched in Sixty Lake
group_3916,1,1.5584126252832031,4,3,1,Enriched in Sixty Lake
group_3915,1,1.5584126252832031,4,3,1,Enriched in Sixty Lake
group_3913,1,1.5584126252832031,4,3,1,Enriched in Sixty Lake
soj_3,1,1.5584126252832031,4,3,1,Enriched in Sixty Lake
group_3912,1,1.5584126252832031,4,3,1,Enriched in Sixty Lake
umuC,1,1.5584126252832031,4,3,1,Enriched in Sixty Lake
group_3910,1,1.5584126252832031,4,3,1,Enriched in Sixty Lake
group_3909,1,1.5584126252832031,4,3,1,Enriched in Sixty Lake
group_3908,1,1.5584126252832031,4,3,1,Enriched in Sixty Lake
group_3906,1,1.5584126252832031,4,3,1,Enriched in Sixty Lake
group_3905,1,1.5584126252832031,4,3,1,Enriched in Sixty Lake
group_3904,1,1.5584126252832031,4,3,1,Enriched in Sixty Lake
group_3903,1,1.5584126252832031,4,3,1,Enriched in Sixty Lake
virB9,1,1.5584126252832031,4,3,1,Enriched in Sixty Lake
noc~~~noc_3,1,1.5584126252832031,4,3,1,Enriched in Sixty Lake
virB4,1,1.5584126252832031,4,3,1,Enriched in Sixty Lake
group_3901,1,1.5584126252832031,4,3,1,Enriched in Sixty Lake
group_3900,1,1.5584126252832031,4,3,1,Enriched in Sixty Lake
umuD_2,1,1.5584126252832031,4,3,1,Enriched in Sixty Lake
group_3897,1,1.5584126252832031,4,3,1,Enriched in Sixty Lake
group_3896,1,1.5584126252832031,4,3,1,Enriched in Sixty Lake
group_3895,1,1.5584126252832031,4,3,1,Enriched in Sixty Lake
group_3894,1,1.5584126252832031,4,3,1,Enriched in Sixty Lake
group_3893,1,1.5584126252832031,4,3,1,Enriched in Sixty Lake
group_3891,1,1.5584126252832031,4,3,1,Enriched in Sixty Lake
group_3890,1,1.5584126252832031,4,3,1,Enriched in Sixty Lake
group_3889,1,1.5584126252832031,4,3,1,Enriched in Sixty Lake
ssb_2,1,1.5584126252832031,4,3,1,Enriched in Sixty Lake
group_3643,0.13122171945701358,0.11505801530174112,1,5,1,Enriched in Conness Pond
group_3434,1,1.5584126252832031,4,3,1,Enriched in Sixty Lake
group_3433,1,1.5584126252832031,4,3,1,Enriched in Sixty Lake
group_3409,0.13122171945701358,0.11505801530174112,1,5,1,Enriched in Conness Pond
group_3408,0.13122171945701358,0.11505801530174112,1,5,1,Enriched in Conness Pond
group_3407,0.13122171945701358,0.11505801530174112,1,5,1,Enriched in Conness Pond
group_3406,0.13122171945701358,0.11505801530174112,1,5,1,Enriched in Conness Pond
group_3405,0.13122171945701358,0.11505801530174112,1,5,1,Enriched in Conness Pond
group_3399,0.13122171945701358,0.11505801530174112,1,5,1,Enriched in Conness Pond
group_3386,1,1.5584126252832031,4,3,1,Enriched in Sixty Lake
group_3385,1,1.5584126252832031,4,3,1,Enriched in Sixty Lake
group_3383,1,1.5584126252832031,4,3,1,Enriched in Sixty Lake
group_3381,1,1.5584126252832031,4,3,1,Enriched in Sixty Lake
group_3376,1,1.5584126252832031,4,3,1,Enriched in Sixty Lake
group_3369,1,1.5584126252832031,4,3,1,Enriched in Sixty Lake
group_3361,0.13122171945701358,0.11505801530174112,1,5,1,Enriched in Conness Pond
group_3358,1,1.5584126252832031,4,3,1,Enriched in Sixty Lake
group_3349,1,1.5584126252832031,4,3,1,Enriched in Sixty Lake
group_3346,1,1.5584126252832031,4,3,1,Enriched in Sixty Lake
group_3343,1,1.5584126252832031,4,3,1,Enriched in Sixty Lake
group_3339,0.13122171945701358,0.11505801530174112,1,5,1,Enriched in Conness Pond
group_3333,1,1.5584126252832031,4,3,1,Enriched in Sixty Lake
intA~~~intA_3,0.13122171945701358,0.11505801530174112,1,5,1,Enriched in Conness Pond
group_3310,1,1.5584126252832031,4,3,1,Enriched in Sixty Lake
group_3309,1,1.5584126252832031,4,3,1,Enriched in Sixty Lake
group_3304,1,1.5584126252832031,4,3,1,Enriched in Sixty Lake
group_3295,1,1.5584126252832031,4,3,1,Enriched in Sixty Lake
group_3287,1,1.5584126252832031,4,3,1,Enriched in Sixty Lake
group_3284,1,1.5584126252832031,4,3,1,Enriched in Sixty Lake
group_3283,1,1.5584126252832031,4,3,1,Enriched in Sixty Lake
group_3271,1,1.5584126252832031,4,3,1,Enriched in Sixty Lake
group_3255,0.13122171945701358,0.11505801530174112,1,5,1,Enriched in Conness Pond
group_3254,0.13122171945701358,0.11505801530174112,1,5,1,Enriched in Conness Pond
group_3201,1,1.5584126252832031,4,3,1,Enriched in Sixty Lake
group_3181,1,1.5584126252832031,4,3,1,Enriched in Sixty Lake
group_3171,0.13122171945701358,0.11505801530174112,1,5,1,Enriched in Conness Pond
group_3138,1,1.5584126252832031,4,3,1,Enriched in Sixty Lake
group_3136,1,1.5584126252832031,4,3,1,Enriched in Sixty Lake
group_3121,1,1.5584126252832031,4,3,1,Enriched in Sixty Lake
group_3105,1,1.5584126252832031,4,3,1,Enriched in Sixty Lake
group_3097,1,1.5584126252832031,4,3,1,Enriched in Sixty Lake
group_3082,1,1.5584126252832031,4,3,1,Enriched in Sixty Lake
group_3065,0.13122171945701358,0.11505801530174112,1,5,1,Enriched in Conness Pond
group_3039,1,1.5584126252832031,4,3,1,Enriched in Sixty Lake
group_3038,1,1.5584126252832031,4,3,1,Enriched in Sixty Lake
group_3013,0.13122171945701358,0.11505801530174112,1,5,1,Enriched in Conness Pond
group_2966,1,1.5584126252832031,4,3,1,Enriched in Sixty Lake
group_2919,1,0.6416785797139412,3,4,1,Enriched in Conness Pond
group_2893,0.13122171945701358,0.11505801530174112,1,5,1,Enriched in Conness Pond
group_2848,0.13122171945701358,0.11505801530174112,1,5,1,Enriched in Conness Pond
group_2774,1,1.5584126252832031,4,3,1,Enriched in Sixty Lake
group_2639,1,1.5584126252832031,4,3,1,Enriched in Sixty Lake
group_2627,1,1.5584126252832031,4,3,1,Enriched in Sixty Lake
group_2593,1,1.5584126252832031,4,3,1,Enriched in Sixty Lake
group_2321,0.13122171945701358,0.11505801530174112,1,5,1,Enriched in Conness Pond
group_2283,1,1.5584126252832031,4,3,1,Enriched in Sixty Lake
group_2282,1,1.5584126252832031,4,3,1,Enriched in Sixty Lake
group_2281,1,1.5584126252832031,4,3,1,Enriched in Sixty Lake
group_2064,1,1.5584126252832031,4,3,1,Enriched in Sixty Lake
group_1936,1,1.5584126252832031,4,3,1,Enriched in Sixty Lake
group_1855,1,1.5584126252832031,4,3,1,Enriched in Sixty Lake
group_1845,1,1.5584126252832031,4,3,1,Enriched in Sixty Lake
group_1763,1,1.5584126252832031,4,3,1,Enriched in Sixty Lake
group_1619,1,1.5584126252832031,4,3,1,Enriched in Sixty Lake
group_1569,1,1.5584126252832031,4,3,1,Enriched in Sixty Lake
group_1325,0.13122171945701358,0.11505801530174112,1,5,1,Enriched in Conness Pond
group_1162,1,1.5584126252832031,4,3,1,Enriched in Sixty Lake
group_1141,1,1.5584126252832031,4,3,1,Enriched in Sixty Lake
prtR_1,1,1.5584126252832031,4,3,1,Enriched in Sixty Lake
group_575,1,1.5584126252832031,4,3,1,Enriched in Sixty Lake
group_531,1,1.5584126252832031,4,3,1,Enriched in Sixty Lake
group_227,0.13122171945701358,0.11505801530174112,1,5,1,Enriched in Conness Pond
group_3281,0.13122171945701358,8.691267595547236,5,1,1,Enriched in Sixty Lake
group_3125,0.13122171945701358,8.691267595547236,5,1,1,Enriched in Sixty Lake
group_2928,0.13122171945701358,8.691267595547236,5,1,1,Enriched in Sixty Lake
group_2900,0.13122171945701358,8.691267595547236,5,1,1,Enriched in Sixty Lake
group_2623,0.13122171945701358,8.691267595547236,5,1,1,Enriched in Sixty Lake
group_1597,0.13122171945701358,8.691267595547236,5,1,1,Enriched in Sixty Lake
kduD,0.13122171945701358,8.691267595547236,5,1,1,Enriched in Sixty Lake
nphR,0.13122171945701358,8.691267595547236,5,1,1,Enriched in Sixty Lake
gutB,0.13122171945701358,8.691267595547236,5,1,1,Enriched in Sixty Lake
exuT_3,0.13122171945701358,8.691267595547236,5,1,1,Enriched in Sixty Lake
group_447,0.13122171945701358,8.691267595547236,5,1,1,Enriched in Sixty Lake
alkJ_1,0.13122171945701358,8.691267595547236,5,1,1,Enriched in Sixty Lake
group_4337,0.08235294117647061,0,0,4,1,Enriched in Conness Pond
group_4257,1.0000000000000002,0.5895612268763046,2,3,1,Enriched in Conness Pond
group_4256,1.0000000000000002,0.5895612268763046,2,3,1,Enriched in Conness Pond
group_4255,1.0000000000000002,0.5895612268763046,2,3,1,Enriched in Conness Pond
group_4253,1.0000000000000002,0.5895612268763046,2,3,1,Enriched in Conness Pond
group_4251,1.0000000000000002,0.5895612268763046,2,3,1,Enriched in Conness Pond
group_4248,1.0000000000000002,0.5895612268763046,2,3,1,Enriched in Conness Pond
group_4247,1.0000000000000002,0.5895612268763046,2,3,1,Enriched in Conness Pond
group_3536,0.29411764705882343,0.1736384200246622,1,4,1,Enriched in Conness Pond
group_3404,0.29411764705882343,0.1736384200246622,1,4,1,Enriched in Conness Pond
group_3398,0.29411764705882343,0.1736384200246622,1,4,1,Enriched in Conness Pond
group_3380,1.0000000000000002,0.5895612268763046,2,3,1,Enriched in Conness Pond
group_3375,1.0000000000000002,0.5895612268763046,2,3,1,Enriched in Conness Pond
group_3367,1.0000000000000002,0.5895612268763046,2,3,1,Enriched in Conness Pond
group_3355,1.0000000000000002,0.5895612268763046,2,3,1,Enriched in Conness Pond
group_3354,0.29411764705882343,0.1736384200246622,1,4,1,Enriched in Conness Pond
group_3341,0.29411764705882343,0.1736384200246622,1,4,1,Enriched in Conness Pond
group_3340,0.29411764705882343,0.1736384200246622,1,4,1,Enriched in Conness Pond
group_3326,1.0000000000000002,0.5895612268763046,2,3,1,Enriched in Conness Pond
group_3325,1.0000000000000002,0.5895612268763046,2,3,1,Enriched in Conness Pond
group_3321,0.29411764705882343,0.1736384200246622,1,4,1,Enriched in Conness Pond
group_3280,0.29411764705882343,0.1736384200246622,1,4,1,Enriched in Conness Pond
group_3257,0.29411764705882343,0.1736384200246622,1,4,1,Enriched in Conness Pond
group_3251,1.0000000000000002,0.5895612268763046,2,3,1,Enriched in Conness Pond
xerC_7~~~xerC_4,0.29411764705882343,0.1736384200246622,1,4,1,Enriched in Conness Pond
group_3137,1.0000000000000002,0.5895612268763046,2,3,1,Enriched in Conness Pond
group_3103,0.29411764705882343,0.1736384200246622,1,4,1,Enriched in Conness Pond
group_3076,0.29411764705882343,0.1736384200246622,1,4,1,Enriched in Conness Pond
group_2833,1.0000000000000002,0.5895612268763046,2,3,1,Enriched in Conness Pond
group_2396,0.08235294117647061,0,0,4,1,Enriched in Conness Pond
group_2227,1.0000000000000002,0.5895612268763046,2,3,1,Enriched in Conness Pond
group_2213,0.29411764705882343,0.1736384200246622,1,4,1,Enriched in Conness Pond
group_2180,0.29411764705882343,5.759094098287512,4,1,1,Enriched in Sixty Lake
group_2141,0.29411764705882343,0.1736384200246622,1,4,1,Enriched in Conness Pond
group_2140,0.29411764705882343,0.1736384200246622,1,4,1,Enriched in Conness Pond
group_1963,1.0000000000000002,0.5895612268763046,2,3,1,Enriched in Conness Pond
group_1771,0.29411764705882343,0.1736384200246622,1,4,1,Enriched in Conness Pond
group_1770,0.29411764705882343,0.1736384200246622,1,4,1,Enriched in Conness Pond
group_1762,0.29411764705882343,0.1736384200246622,1,4,1,Enriched in Conness Pond
group_1568,0.29411764705882343,0.1736384200246622,1,4,1,Enriched in Conness Pond
group_1487,0.29411764705882343,0.1736384200246622,1,4,1,Enriched in Conness Pond
gltF_4,0.29411764705882343,5.759094098287512,4,1,1,Enriched in Sixty Lake
group_1377,0.29411764705882343,0.1736384200246622,1,4,1,Enriched in Conness Pond
group_1328,0.29411764705882343,0.1736384200246622,1,4,1,Enriched in Conness Pond
pgrR_2,0.29411764705882343,0.1736384200246622,1,4,1,Enriched in Conness Pond
dadA,0.29411764705882343,0.1736384200246622,1,4,1,Enriched in Conness Pond
group_603,1.0000000000000002,0.5895612268763046,2,3,1,Enriched in Conness Pond
mtaD_1,0.29411764705882343,0.1736384200246622,1,4,1,Enriched in Conness Pond
group_97,0.29411764705882343,0.1736384200246622,1,4,1,Enriched in Conness Pond
group_4274,0.576470588235294,3.7069063595419935,3,1,1,Enriched in Sixty Lake
group_4266,0.576470588235294,0.26976600090905156,1,3,1,Enriched in Conness Pond
group_4263,0.576470588235294,0.26976600090905156,1,3,1,Enriched in Conness Pond
group_4261,0.576470588235294,0.26976600090905156,1,3,1,Enriched in Conness Pond
group_4259,0.576470588235294,0.26976600090905156,1,3,1,Enriched in Conness Pond
group_4258,0.576470588235294,0.26976600090905156,1,3,1,Enriched in Conness Pond
group_4254,0.576470588235294,0.26976600090905156,1,3,1,Enriched in Conness Pond
group_4250,0.576470588235294,0.26976600090905156,1,3,1,Enriched in Conness Pond
group_4249,0.576470588235294,0.26976600090905156,1,3,1,Enriched in Conness Pond
group_4246,0.576470588235294,0.26976600090905156,1,3,1,Enriched in Conness Pond
group_4244,0.576470588235294,0.26976600090905156,1,3,1,Enriched in Conness Pond
hin_3,0.576470588235294,0.26976600090905156,1,3,1,Enriched in Conness Pond
group_4243,0.576470588235294,0.26976600090905156,1,3,1,Enriched in Conness Pond
group_4242,0.576470588235294,0.26976600090905156,1,3,1,Enriched in Conness Pond
group_4241,0.576470588235294,0.26976600090905156,1,3,1,Enriched in Conness Pond
group_4240,0.576470588235294,0.26976600090905156,1,3,1,Enriched in Conness Pond
group_4239,0.576470588235294,0.26976600090905156,1,3,1,Enriched in Conness Pond
group_4238,0.576470588235294,0.26976600090905156,1,3,1,Enriched in Conness Pond
group_4237,0.576470588235294,0.26976600090905156,1,3,1,Enriched in Conness Pond
group_4236,0.576470588235294,0.26976600090905156,1,3,1,Enriched in Conness Pond
group_4235,0.576470588235294,0.26976600090905156,1,3,1,Enriched in Conness Pond
group_4234,0.576470588235294,0.26976600090905156,1,3,1,Enriched in Conness Pond
group_4233,0.576470588235294,0.26976600090905156,1,3,1,Enriched in Conness Pond
group_4232,0.576470588235294,0.26976600090905156,1,3,1,Enriched in Conness Pond
group_4231,0.576470588235294,0.26976600090905156,1,3,1,Enriched in Conness Pond
group_4230,0.576470588235294,0.26976600090905156,1,3,1,Enriched in Conness Pond
group_4229,0.576470588235294,0.26976600090905156,1,3,1,Enriched in Conness Pond
group_4228,0.576470588235294,0.26976600090905156,1,3,1,Enriched in Conness Pond
group_4227,0.576470588235294,0.26976600090905156,1,3,1,Enriched in Conness Pond
group_4226,0.576470588235294,0.26976600090905156,1,3,1,Enriched in Conness Pond
group_4225,0.576470588235294,0.26976600090905156,1,3,1,Enriched in Conness Pond
group_4224,0.576470588235294,0.26976600090905156,1,3,1,Enriched in Conness Pond
group_4223,0.576470588235294,0.26976600090905156,1,3,1,Enriched in Conness Pond
group_4222,0.576470588235294,0.26976600090905156,1,3,1,Enriched in Conness Pond
group_4221,0.576470588235294,0.26976600090905156,1,3,1,Enriched in Conness Pond
group_4220,0.576470588235294,0.26976600090905156,1,3,1,Enriched in Conness Pond
group_4219,0.576470588235294,0.26976600090905156,1,3,1,Enriched in Conness Pond
group_4218,0.576470588235294,0.26976600090905156,1,3,1,Enriched in Conness Pond
group_4217,0.576470588235294,0.26976600090905156,1,3,1,Enriched in Conness Pond
group_4216,0.576470588235294,0.26976600090905156,1,3,1,Enriched in Conness Pond
group_4215,0.576470588235294,0.26976600090905156,1,3,1,Enriched in Conness Pond
group_4214,0.576470588235294,0.26976600090905156,1,3,1,Enriched in Conness Pond
group_4213,0.576470588235294,0.26976600090905156,1,3,1,Enriched in Conness Pond
group_4212,0.576470588235294,0.26976600090905156,1,3,1,Enriched in Conness Pond
group_4211,0.576470588235294,0.26976600090905156,1,3,1,Enriched in Conness Pond
group_4210,0.576470588235294,0.26976600090905156,1,3,1,Enriched in Conness Pond
group_4209,0.576470588235294,0.26976600090905156,1,3,1,Enriched in Conness Pond
group_4208,0.576470588235294,0.26976600090905156,1,3,1,Enriched in Conness Pond
group_4207,0.576470588235294,0.26976600090905156,1,3,1,Enriched in Conness Pond
group_4206,0.576470588235294,0.26976600090905156,1,3,1,Enriched in Conness Pond
group_4205,0.576470588235294,0.26976600090905156,1,3,1,Enriched in Conness Pond
higB_2,0.576470588235294,0.26976600090905156,1,3,1,Enriched in Conness Pond
group_4204,0.576470588235294,0.26976600090905156,1,3,1,Enriched in Conness Pond
group_4203,0.576470588235294,0.26976600090905156,1,3,1,Enriched in Conness Pond
group_4202,0.576470588235294,0.26976600090905156,1,3,1,Enriched in Conness Pond
group_4201,0.576470588235294,0.26976600090905156,1,3,1,Enriched in Conness Pond
group_4200,0.576470588235294,0.26976600090905156,1,3,1,Enriched in Conness Pond
group_4199,0.576470588235294,0.26976600090905156,1,3,1,Enriched in Conness Pond
higA_2,0.576470588235294,0.26976600090905156,1,3,1,Enriched in Conness Pond
group_4198,0.576470588235294,0.26976600090905156,1,3,1,Enriched in Conness Pond
group_4197,0.576470588235294,0.26976600090905156,1,3,1,Enriched in Conness Pond
group_4196,0.576470588235294,0.26976600090905156,1,3,1,Enriched in Conness Pond
group_4195,0.576470588235294,0.26976600090905156,1,3,1,Enriched in Conness Pond
group_4194,0.576470588235294,0.26976600090905156,1,3,1,Enriched in Conness Pond
group_4193,0.576470588235294,0.26976600090905156,1,3,1,Enriched in Conness Pond
group_4192,0.576470588235294,0.26976600090905156,1,3,1,Enriched in Conness Pond
group_4191,0.576470588235294,0.26976600090905156,1,3,1,Enriched in Conness Pond
group_4190,0.576470588235294,0.26976600090905156,1,3,1,Enriched in Conness Pond
group_4189,0.576470588235294,0.26976600090905156,1,3,1,Enriched in Conness Pond
group_4188,0.576470588235294,0.26976600090905156,1,3,1,Enriched in Conness Pond
group_4187,0.576470588235294,0.26976600090905156,1,3,1,Enriched in Conness Pond
group_4186,0.576470588235294,0.26976600090905156,1,3,1,Enriched in Conness Pond
group_4185,0.576470588235294,0.26976600090905156,1,3,1,Enriched in Conness Pond
group_4184,0.576470588235294,0.26976600090905156,1,3,1,Enriched in Conness Pond
group_4183,0.576470588235294,0.26976600090905156,1,3,1,Enriched in Conness Pond
group_4182,0.576470588235294,0.26976600090905156,1,3,1,Enriched in Conness Pond
group_4181,0.576470588235294,0.26976600090905156,1,3,1,Enriched in Conness Pond
fadD_5,0.576470588235294,0.26976600090905156,1,3,1,Enriched in Conness Pond
group_4180,0.576470588235294,0.26976600090905156,1,3,1,Enriched in Conness Pond
group_4179,0.576470588235294,0.26976600090905156,1,3,1,Enriched in Conness Pond
resA_3,0.576470588235294,0.26976600090905156,1,3,1,Enriched in Conness Pond
group_4178,0.576470588235294,0.26976600090905156,1,3,1,Enriched in Conness Pond
group_4177,0.576470588235294,0.26976600090905156,1,3,1,Enriched in Conness Pond
group_4176,0.576470588235294,0.26976600090905156,1,3,1,Enriched in Conness Pond
group_4175,0.576470588235294,0.26976600090905156,1,3,1,Enriched in Conness Pond
group_4174,0.576470588235294,0.26976600090905156,1,3,1,Enriched in Conness Pond
group_4173,0.576470588235294,0.26976600090905156,1,3,1,Enriched in Conness Pond
hin_2,0.576470588235294,0.26976600090905156,1,3,1,Enriched in Conness Pond
group_4172,0.576470588235294,0.26976600090905156,1,3,1,Enriched in Conness Pond
group_4171,0.576470588235294,0.26976600090905156,1,3,1,Enriched in Conness Pond
group_4170,0.576470588235294,0.26976600090905156,1,3,1,Enriched in Conness Pond
group_4169,0.576470588235294,0.26976600090905156,1,3,1,Enriched in Conness Pond
group_4168,0.576470588235294,0.26976600090905156,1,3,1,Enriched in Conness Pond
group_4167,0.576470588235294,0.26976600090905156,1,3,1,Enriched in Conness Pond
group_4166,0.576470588235294,0.26976600090905156,1,3,1,Enriched in Conness Pond
group_4165,0.576470588235294,0.26976600090905156,1,3,1,Enriched in Conness Pond
group_4164,0.576470588235294,0.26976600090905156,1,3,1,Enriched in Conness Pond
group_4163,0.576470588235294,0.26976600090905156,1,3,1,Enriched in Conness Pond
group_4162,0.576470588235294,0.26976600090905156,1,3,1,Enriched in Conness Pond
group_4161,0.576470588235294,0.26976600090905156,1,3,1,Enriched in Conness Pond
group_4160,0.576470588235294,0.26976600090905156,1,3,1,Enriched in Conness Pond
group_4159,0.576470588235294,0.26976600090905156,1,3,1,Enriched in Conness Pond
group_4158,0.576470588235294,0.26976600090905156,1,3,1,Enriched in Conness Pond
group_4157,0.576470588235294,0.26976600090905156,1,3,1,Enriched in Conness Pond
arsH_2,0.576470588235294,0.26976600090905156,1,3,1,Enriched in Conness Pond
group_4156,0.576470588235294,0.26976600090905156,1,3,1,Enriched in Conness Pond
group_4155,0.576470588235294,0.26976600090905156,1,3,1,Enriched in Conness Pond
group_4154,0.576470588235294,0.26976600090905156,1,3,1,Enriched in Conness Pond
group_4153,0.576470588235294,0.26976600090905156,1,3,1,Enriched in Conness Pond
group_4152,0.576470588235294,0.26976600090905156,1,3,1,Enriched in Conness Pond
group_4151,0.576470588235294,0.26976600090905156,1,3,1,Enriched in Conness Pond
ompP1,0.576470588235294,0.26976600090905156,1,3,1,Enriched in Conness Pond
group_4150,0.576470588235294,0.26976600090905156,1,3,1,Enriched in Conness Pond
fadD_6,0.576470588235294,0.26976600090905156,1,3,1,Enriched in Conness Pond
group_4149,0.576470588235294,0.26976600090905156,1,3,1,Enriched in Conness Pond
group_4148,0.576470588235294,0.26976600090905156,1,3,1,Enriched in Conness Pond
group_4147,0.576470588235294,0.26976600090905156,1,3,1,Enriched in Conness Pond
group_4146,0.576470588235294,0.26976600090905156,1,3,1,Enriched in Conness Pond
group_4145,0.576470588235294,0.26976600090905156,1,3,1,Enriched in Conness Pond
noc_2,0.576470588235294,0.26976600090905156,1,3,1,Enriched in Conness Pond
group_4144,0.576470588235294,0.26976600090905156,1,3,1,Enriched in Conness Pond
group_4143,0.576470588235294,0.26976600090905156,1,3,1,Enriched in Conness Pond
group_4142,0.576470588235294,0.26976600090905156,1,3,1,Enriched in Conness Pond
group_4141,0.576470588235294,0.26976600090905156,1,3,1,Enriched in Conness Pond
intA,0.576470588235294,0.26976600090905156,1,3,1,Enriched in Conness Pond
group_4140,0.576470588235294,0.26976600090905156,1,3,1,Enriched in Conness Pond
group_4139,0.576470588235294,0.26976600090905156,1,3,1,Enriched in Conness Pond
group_4138,0.576470588235294,0.26976600090905156,1,3,1,Enriched in Conness Pond
tcpE,0.576470588235294,0.26976600090905156,1,3,1,Enriched in Conness Pond
group_4137,0.576470588235294,0.26976600090905156,1,3,1,Enriched in Conness Pond
group_4136,0.576470588235294,0.26976600090905156,1,3,1,Enriched in Conness Pond
virB8,0.576470588235294,0.26976600090905156,1,3,1,Enriched in Conness Pond
group_4135,0.576470588235294,0.26976600090905156,1,3,1,Enriched in Conness Pond
group_4134,0.576470588235294,0.26976600090905156,1,3,1,Enriched in Conness Pond
group_4133,0.576470588235294,0.26976600090905156,1,3,1,Enriched in Conness Pond
group_4132,0.576470588235294,0.26976600090905156,1,3,1,Enriched in Conness Pond
group_4131,0.576470588235294,0.26976600090905156,1,3,1,Enriched in Conness Pond
group_4130,0.576470588235294,0.26976600090905156,1,3,1,Enriched in Conness Pond
group_4129,0.576470588235294,0.26976600090905156,1,3,1,Enriched in Conness Pond
outO_2,0.576470588235294,0.26976600090905156,1,3,1,Enriched in Conness Pond
group_4128,0.576470588235294,0.26976600090905156,1,3,1,Enriched in Conness Pond
group_4127,0.576470588235294,0.26976600090905156,1,3,1,Enriched in Conness Pond
group_4126,0.576470588235294,0.26976600090905156,1,3,1,Enriched in Conness Pond
rfaH,0.576470588235294,0.26976600090905156,1,3,1,Enriched in Conness Pond
group_4125,0.576470588235294,0.26976600090905156,1,3,1,Enriched in Conness Pond
virB4_1,0.576470588235294,0.26976600090905156,1,3,1,Enriched in Conness Pond
group_4124,0.576470588235294,0.26976600090905156,1,3,1,Enriched in Conness Pond
group_4123,0.576470588235294,0.26976600090905156,1,3,1,Enriched in Conness Pond
group_4122,0.576470588235294,0.26976600090905156,1,3,1,Enriched in Conness Pond
group_4121,0.576470588235294,0.26976600090905156,1,3,1,Enriched in Conness Pond
group_4120,0.576470588235294,0.26976600090905156,1,3,1,Enriched in Conness Pond
group_4119,0.576470588235294,0.26976600090905156,1,3,1,Enriched in Conness Pond
group_4118,0.576470588235294,0.26976600090905156,1,3,1,Enriched in Conness Pond
group_4117,0.576470588235294,0.26976600090905156,1,3,1,Enriched in Conness Pond
group_4116,0.576470588235294,0.26976600090905156,1,3,1,Enriched in Conness Pond
group_4115,0.576470588235294,0.26976600090905156,1,3,1,Enriched in Conness Pond
group_4114,0.576470588235294,0.26976600090905156,1,3,1,Enriched in Conness Pond
group_4113,0.576470588235294,0.26976600090905156,1,3,1,Enriched in Conness Pond
group_4112,0.576470588235294,0.26976600090905156,1,3,1,Enriched in Conness Pond
virD4,0.576470588235294,0.26976600090905156,1,3,1,Enriched in Conness Pond
group_4111,0.576470588235294,0.26976600090905156,1,3,1,Enriched in Conness Pond
chpB,0.576470588235294,0.26976600090905156,1,3,1,Enriched in Conness Pond
group_4110,0.576470588235294,0.26976600090905156,1,3,1,Enriched in Conness Pond
group_4109,0.576470588235294,0.26976600090905156,1,3,1,Enriched in Conness Pond
group_4108,0.576470588235294,0.26976600090905156,1,3,1,Enriched in Conness Pond
ssb_3,0.576470588235294,0.26976600090905156,1,3,1,Enriched in Conness Pond
topB_2,0.576470588235294,0.26976600090905156,1,3,1,Enriched in Conness Pond
group_4107,0.576470588235294,0.26976600090905156,1,3,1,Enriched in Conness Pond
yhcR,0.576470588235294,0.26976600090905156,1,3,1,Enriched in Conness Pond
group_4106,0.576470588235294,0.26976600090905156,1,3,1,Enriched in Conness Pond
group_4105,0.576470588235294,0.26976600090905156,1,3,1,Enriched in Conness Pond
group_4104,0.576470588235294,0.26976600090905156,1,3,1,Enriched in Conness Pond
group_4103,0.576470588235294,0.26976600090905156,1,3,1,Enriched in Conness Pond
chpS,0.576470588235294,0.26976600090905156,1,3,1,Enriched in Conness Pond
group_4102,0.576470588235294,0.26976600090905156,1,3,1,Enriched in Conness Pond
nadE_3,0.576470588235294,0.26976600090905156,1,3,1,Enriched in Conness Pond
group_4101,0.576470588235294,0.26976600090905156,1,3,1,Enriched in Conness Pond
group_4100,0.576470588235294,0.26976600090905156,1,3,1,Enriched in Conness Pond
group_4099,0.576470588235294,0.26976600090905156,1,3,1,Enriched in Conness Pond
group_4098,0.576470588235294,0.26976600090905156,1,3,1,Enriched in Conness Pond
group_4097,0.576470588235294,0.26976600090905156,1,3,1,Enriched in Conness Pond
group_4096,0.576470588235294,0.26976600090905156,1,3,1,Enriched in Conness Pond
group_4095,0.576470588235294,0.26976600090905156,1,3,1,Enriched in Conness Pond
group_4094,0.576470588235294,0.26976600090905156,1,3,1,Enriched in Conness Pond
xerC_7,0.576470588235294,0.26976600090905156,1,3,1,Enriched in Conness Pond
group_4093,0.576470588235294,0.26976600090905156,1,3,1,Enriched in Conness Pond
group_4092,0.576470588235294,0.26976600090905156,1,3,1,Enriched in Conness Pond
group_4091,0.576470588235294,0.26976600090905156,1,3,1,Enriched in Conness Pond
group_4090,0.576470588235294,0.26976600090905156,1,3,1,Enriched in Conness Pond
mexA_2,0.576470588235294,0.26976600090905156,1,3,1,Enriched in Conness Pond
group_4089,0.576470588235294,0.26976600090905156,1,3,1,Enriched in Conness Pond
group_4088,0.576470588235294,0.26976600090905156,1,3,1,Enriched in Conness Pond
group_4087,0.576470588235294,0.26976600090905156,1,3,1,Enriched in Conness Pond
group_4086,0.576470588235294,0.26976600090905156,1,3,1,Enriched in Conness Pond
group_4085,0.576470588235294,0.26976600090905156,1,3,1,Enriched in Conness Pond
pdeB,0.576470588235294,0.26976600090905156,1,3,1,Enriched in Conness Pond
group_4084,0.576470588235294,0.26976600090905156,1,3,1,Enriched in Conness Pond
mdtL_2,0.576470588235294,0.26976600090905156,1,3,1,Enriched in Conness Pond
yhhW_3,0.576470588235294,0.26976600090905156,1,3,1,Enriched in Conness Pond
group_4083,0.576470588235294,0.26976600090905156,1,3,1,Enriched in Conness Pond
group_4082,0.576470588235294,0.26976600090905156,1,3,1,Enriched in Conness Pond
group_4081,0.576470588235294,0.26976600090905156,1,3,1,Enriched in Conness Pond
gdx_2,0.576470588235294,0.26976600090905156,1,3,1,Enriched in Conness Pond
group_4080,0.576470588235294,0.26976600090905156,1,3,1,Enriched in Conness Pond
group_4079,0.576470588235294,0.26976600090905156,1,3,1,Enriched in Conness Pond
group_4078,0.576470588235294,0.26976600090905156,1,3,1,Enriched in Conness Pond
group_4077,0.576470588235294,0.26976600090905156,1,3,1,Enriched in Conness Pond
oprJ_2,0.576470588235294,0.26976600090905156,1,3,1,Enriched in Conness Pond
group_4076,0.576470588235294,0.26976600090905156,1,3,1,Enriched in Conness Pond
group_4075,0.576470588235294,0.26976600090905156,1,3,1,Enriched in Conness Pond
group_4074,0.576470588235294,0.26976600090905156,1,3,1,Enriched in Conness Pond
mexB_2,0.576470588235294,0.26976600090905156,1,3,1,Enriched in Conness Pond
group_4073,0.576470588235294,0.26976600090905156,1,3,1,Enriched in Conness Pond
prsE_3,0.576470588235294,0.26976600090905156,1,3,1,Enriched in Conness Pond
group_4072,0.576470588235294,0.26976600090905156,1,3,1,Enriched in Conness Pond
group_4071,0.576470588235294,0.26976600090905156,1,3,1,Enriched in Conness Pond
group_4070,0.576470588235294,0.26976600090905156,1,3,1,Enriched in Conness Pond
hin_1,0.576470588235294,0.26976600090905156,1,3,1,Enriched in Conness Pond
group_4069,0.576470588235294,0.26976600090905156,1,3,1,Enriched in Conness Pond
group_4068,0.576470588235294,0.26976600090905156,1,3,1,Enriched in Conness Pond
group_4067,0.576470588235294,0.26976600090905156,1,3,1,Enriched in Conness Pond
apxIB_1,0.576470588235294,0.26976600090905156,1,3,1,Enriched in Conness Pond
oprJ_3,0.576470588235294,0.26976600090905156,1,3,1,Enriched in Conness Pond
group_4066,0.576470588235294,0.26976600090905156,1,3,1,Enriched in Conness Pond
group_4065,0.576470588235294,0.26976600090905156,1,3,1,Enriched in Conness Pond
group_4064,0.576470588235294,0.26976600090905156,1,3,1,Enriched in Conness Pond
group_4063,0.576470588235294,0.26976600090905156,1,3,1,Enriched in Conness Pond
group_4062,0.576470588235294,0.26976600090905156,1,3,1,Enriched in Conness Pond
group_4061,0.576470588235294,0.26976600090905156,1,3,1,Enriched in Conness Pond
group_4060,0.576470588235294,0.26976600090905156,1,3,1,Enriched in Conness Pond
group_4059,0.576470588235294,0.26976600090905156,1,3,1,Enriched in Conness Pond
group_4058,0.576470588235294,0.26976600090905156,1,3,1,Enriched in Conness Pond
group_4057,0.576470588235294,0.26976600090905156,1,3,1,Enriched in Conness Pond
group_4056,0.576470588235294,0.26976600090905156,1,3,1,Enriched in Conness Pond
group_4055,0.576470588235294,0.26976600090905156,1,3,1,Enriched in Conness Pond
group_4054,0.576470588235294,0.26976600090905156,1,3,1,Enriched in Conness Pond
group_4053,0.576470588235294,0.26976600090905156,1,3,1,Enriched in Conness Pond
csrA1_2,0.576470588235294,0.26976600090905156,1,3,1,Enriched in Conness Pond
group_4052,0.576470588235294,0.26976600090905156,1,3,1,Enriched in Conness Pond
group_4051,0.576470588235294,0.26976600090905156,1,3,1,Enriched in Conness Pond
group_4050,0.576470588235294,0.26976600090905156,1,3,1,Enriched in Conness Pond
group_4049,0.576470588235294,0.26976600090905156,1,3,1,Enriched in Conness Pond
group_4048,0.576470588235294,0.26976600090905156,1,3,1,Enriched in Conness Pond
group_4047,0.576470588235294,0.26976600090905156,1,3,1,Enriched in Conness Pond
group_4046,0.576470588235294,0.26976600090905156,1,3,1,Enriched in Conness Pond
group_4045,0.576470588235294,0.26976600090905156,1,3,1,Enriched in Conness Pond
group_4044,0.576470588235294,0.26976600090905156,1,3,1,Enriched in Conness Pond
group_4043,0.576470588235294,0.26976600090905156,1,3,1,Enriched in Conness Pond
group_4042,0.576470588235294,0.26976600090905156,1,3,1,Enriched in Conness Pond
group_4041,0.576470588235294,0.26976600090905156,1,3,1,Enriched in Conness Pond
group_4040,0.576470588235294,0.26976600090905156,1,3,1,Enriched in Conness Pond
group_4039,0.576470588235294,0.26976600090905156,1,3,1,Enriched in Conness Pond
group_4038,0.576470588235294,0.26976600090905156,1,3,1,Enriched in Conness Pond
group_4037,0.576470588235294,0.26976600090905156,1,3,1,Enriched in Conness Pond
group_4036,0.576470588235294,0.26976600090905156,1,3,1,Enriched in Conness Pond
group_4035,0.576470588235294,0.26976600090905156,1,3,1,Enriched in Conness Pond
group_4034,0.576470588235294,0.26976600090905156,1,3,1,Enriched in Conness Pond
group_4033,0.576470588235294,0.26976600090905156,1,3,1,Enriched in Conness Pond
gst,0.576470588235294,0.26976600090905156,1,3,1,Enriched in Conness Pond
fadD_4,0.576470588235294,0.26976600090905156,1,3,1,Enriched in Conness Pond
group_4032,0.576470588235294,0.26976600090905156,1,3,1,Enriched in Conness Pond
traC_1,0.576470588235294,0.26976600090905156,1,3,1,Enriched in Conness Pond
group_4031,0.576470588235294,0.26976600090905156,1,3,1,Enriched in Conness Pond
group_4030,0.576470588235294,0.26976600090905156,1,3,1,Enriched in Conness Pond
group_4029,0.576470588235294,0.26976600090905156,1,3,1,Enriched in Conness Pond
group_4028,0.576470588235294,0.26976600090905156,1,3,1,Enriched in Conness Pond
group_4027,0.576470588235294,0.26976600090905156,1,3,1,Enriched in Conness Pond
group_4026,0.576470588235294,0.26976600090905156,1,3,1,Enriched in Conness Pond
group_4025,0.576470588235294,0.26976600090905156,1,3,1,Enriched in Conness Pond
oprJ_1,0.576470588235294,0.26976600090905156,1,3,1,Enriched in Conness Pond
group_4024,0.576470588235294,0.26976600090905156,1,3,1,Enriched in Conness Pond
group_4023,0.576470588235294,0.26976600090905156,1,3,1,Enriched in Conness Pond
group_4022,0.576470588235294,0.26976600090905156,1,3,1,Enriched in Conness Pond
group_4021,0.576470588235294,0.26976600090905156,1,3,1,Enriched in Conness Pond
group_4020,0.576470588235294,0.26976600090905156,1,3,1,Enriched in Conness Pond
group_4019,0.576470588235294,0.26976600090905156,1,3,1,Enriched in Conness Pond
group_4018,0.576470588235294,0.26976600090905156,1,3,1,Enriched in Conness Pond
group_4017,0.576470588235294,0.26976600090905156,1,3,1,Enriched in Conness Pond
group_4016,0.576470588235294,0.26976600090905156,1,3,1,Enriched in Conness Pond
group_4015,0.576470588235294,0.26976600090905156,1,3,1,Enriched in Conness Pond
group_4014,0.576470588235294,0.26976600090905156,1,3,1,Enriched in Conness Pond
group_4013,0.576470588235294,0.26976600090905156,1,3,1,Enriched in Conness Pond
group_4012,0.576470588235294,0.26976600090905156,1,3,1,Enriched in Conness Pond
group_4011,0.576470588235294,0.26976600090905156,1,3,1,Enriched in Conness Pond
group_4010,0.576470588235294,0.26976600090905156,1,3,1,Enriched in Conness Pond
noc_1,0.576470588235294,0.26976600090905156,1,3,1,Enriched in Conness Pond
group_4009,0.576470588235294,0.26976600090905156,1,3,1,Enriched in Conness Pond
group_4008,0.576470588235294,0.26976600090905156,1,3,1,Enriched in Conness Pond
umuD_1,0.576470588235294,0.26976600090905156,1,3,1,Enriched in Conness Pond
group_4007,0.576470588235294,0.26976600090905156,1,3,1,Enriched in Conness Pond
group_4006,0.576470588235294,0.26976600090905156,1,3,1,Enriched in Conness Pond
group_4005,0.576470588235294,0.26976600090905156,1,3,1,Enriched in Conness Pond
group_4004,0.576470588235294,0.26976600090905156,1,3,1,Enriched in Conness Pond
group_4003,0.576470588235294,0.26976600090905156,1,3,1,Enriched in Conness Pond
group_4002,0.576470588235294,0.26976600090905156,1,3,1,Enriched in Conness Pond
acrA,0.576470588235294,0.26976600090905156,1,3,1,Enriched in Conness Pond
group_4001,0.576470588235294,0.26976600090905156,1,3,1,Enriched in Conness Pond
group_4000,0.576470588235294,0.26976600090905156,1,3,1,Enriched in Conness Pond
group_3999,0.576470588235294,0.26976600090905156,1,3,1,Enriched in Conness Pond
group_3998,0.576470588235294,0.26976600090905156,1,3,1,Enriched in Conness Pond
group_3997,0.576470588235294,0.26976600090905156,1,3,1,Enriched in Conness Pond
group_3996,0.576470588235294,0.26976600090905156,1,3,1,Enriched in Conness Pond
acrB,0.576470588235294,0.26976600090905156,1,3,1,Enriched in Conness Pond
group_3995,0.576470588235294,0.26976600090905156,1,3,1,Enriched in Conness Pond
dsbC_2,0.576470588235294,0.26976600090905156,1,3,1,Enriched in Conness Pond
group_3994,0.576470588235294,0.26976600090905156,1,3,1,Enriched in Conness Pond
group_3993,0.576470588235294,0.26976600090905156,1,3,1,Enriched in Conness Pond
group_3992,0.576470588235294,0.26976600090905156,1,3,1,Enriched in Conness Pond
group_3991,0.576470588235294,0.26976600090905156,1,3,1,Enriched in Conness Pond
group_3990,0.576470588235294,0.26976600090905156,1,3,1,Enriched in Conness Pond
group_3989,0.576470588235294,0.26976600090905156,1,3,1,Enriched in Conness Pond
group_3988,0.576470588235294,0.26976600090905156,1,3,1,Enriched in Conness Pond
group_3987,0.576470588235294,0.26976600090905156,1,3,1,Enriched in Conness Pond
group_3986,0.576470588235294,0.26976600090905156,1,3,1,Enriched in Conness Pond
group_3985,0.576470588235294,0.26976600090905156,1,3,1,Enriched in Conness Pond
group_3984,0.576470588235294,0.26976600090905156,1,3,1,Enriched in Conness Pond
group_3983,0.576470588235294,0.26976600090905156,1,3,1,Enriched in Conness Pond
group_3982,0.576470588235294,0.26976600090905156,1,3,1,Enriched in Conness Pond
group_3981,0.576470588235294,0.26976600090905156,1,3,1,Enriched in Conness Pond
group_3980,0.576470588235294,0.26976600090905156,1,3,1,Enriched in Conness Pond
radD,0.576470588235294,0.26976600090905156,1,3,1,Enriched in Conness Pond
group_3979,0.576470588235294,0.26976600090905156,1,3,1,Enriched in Conness Pond
group_3978,0.576470588235294,0.26976600090905156,1,3,1,Enriched in Conness Pond
group_3977,0.576470588235294,0.26976600090905156,1,3,1,Enriched in Conness Pond
group_3976,0.576470588235294,0.26976600090905156,1,3,1,Enriched in Conness Pond
group_3975,0.576470588235294,0.26976600090905156,1,3,1,Enriched in Conness Pond
group_3974,0.576470588235294,0.26976600090905156,1,3,1,Enriched in Conness Pond
group_3973,0.576470588235294,0.26976600090905156,1,3,1,Enriched in Conness Pond
group_3972,0.576470588235294,0.26976600090905156,1,3,1,Enriched in Conness Pond
group_3971,0.576470588235294,0.26976600090905156,1,3,1,Enriched in Conness Pond
umuC_1,0.576470588235294,0.26976600090905156,1,3,1,Enriched in Conness Pond
group_3970,0.576470588235294,0.26976600090905156,1,3,1,Enriched in Conness Pond
group_3969,0.576470588235294,0.26976600090905156,1,3,1,Enriched in Conness Pond
group_3968,0.576470588235294,0.26976600090905156,1,3,1,Enriched in Conness Pond
group_3967,0.576470588235294,0.26976600090905156,1,3,1,Enriched in Conness Pond
group_3966,0.576470588235294,0.26976600090905156,1,3,1,Enriched in Conness Pond
group_3965,0.576470588235294,0.26976600090905156,1,3,1,Enriched in Conness Pond
group_3964,0.576470588235294,0.26976600090905156,1,3,1,Enriched in Conness Pond
group_3963,0.576470588235294,0.26976600090905156,1,3,1,Enriched in Conness Pond
group_3962,0.576470588235294,0.26976600090905156,1,3,1,Enriched in Conness Pond
ssb_1,0.576470588235294,0.26976600090905156,1,3,1,Enriched in Conness Pond
group_3961,0.576470588235294,0.26976600090905156,1,3,1,Enriched in Conness Pond
group_3960,0.576470588235294,0.26976600090905156,1,3,1,Enriched in Conness Pond
group_3959,0.576470588235294,0.26976600090905156,1,3,1,Enriched in Conness Pond
group_3958,0.576470588235294,0.26976600090905156,1,3,1,Enriched in Conness Pond
group_3957,0.576470588235294,0.26976600090905156,1,3,1,Enriched in Conness Pond
group_3956,0.576470588235294,0.26976600090905156,1,3,1,Enriched in Conness Pond
group_3955,0.576470588235294,0.26976600090905156,1,3,1,Enriched in Conness Pond
group_3954,0.576470588235294,0.26976600090905156,1,3,1,Enriched in Conness Pond
group_3953,0.576470588235294,0.26976600090905156,1,3,1,Enriched in Conness Pond
group_3952,0.576470588235294,0.26976600090905156,1,3,1,Enriched in Conness Pond
group_3951,0.576470588235294,0.26976600090905156,1,3,1,Enriched in Conness Pond
group_3950,0.576470588235294,0.26976600090905156,1,3,1,Enriched in Conness Pond
group_3949,0.576470588235294,0.26976600090905156,1,3,1,Enriched in Conness Pond
cobS_2,0.576470588235294,0.26976600090905156,1,3,1,Enriched in Conness Pond
group_3948,0.576470588235294,0.26976600090905156,1,3,1,Enriched in Conness Pond
group_3947,0.576470588235294,0.26976600090905156,1,3,1,Enriched in Conness Pond
group_3946,0.576470588235294,0.26976600090905156,1,3,1,Enriched in Conness Pond
group_3945,0.576470588235294,0.26976600090905156,1,3,1,Enriched in Conness Pond
group_3944,0.576470588235294,0.26976600090905156,1,3,1,Enriched in Conness Pond
group_3943,0.576470588235294,0.26976600090905156,1,3,1,Enriched in Conness Pond
group_3942,0.576470588235294,0.26976600090905156,1,3,1,Enriched in Conness Pond
group_3941,0.576470588235294,0.26976600090905156,1,3,1,Enriched in Conness Pond
cusS_2,0.576470588235294,0.26976600090905156,1,3,1,Enriched in Conness Pond
group_3932,0.576470588235294,0.26976600090905156,1,3,1,Enriched in Conness Pond
group_3927,0.576470588235294,0.26976600090905156,1,3,1,Enriched in Conness Pond
group_3923,0.576470588235294,0.26976600090905156,1,3,1,Enriched in Conness Pond
copR_3,0.576470588235294,0.26976600090905156,1,3,1,Enriched in Conness Pond
mdtH,0.576470588235294,0.26976600090905156,1,3,1,Enriched in Conness Pond
group_3917,0.576470588235294,0.26976600090905156,1,3,1,Enriched in Conness Pond
group_3911,0.576470588235294,0.26976600090905156,1,3,1,Enriched in Conness Pond
group_3899,0.576470588235294,0.26976600090905156,1,3,1,Enriched in Conness Pond
group_3892,0.576470588235294,0.26976600090905156,1,3,1,Enriched in Conness Pond
group_3888,0.576470588235294,0.26976600090905156,1,3,1,Enriched in Conness Pond
group_3658,0.576470588235294,0.26976600090905156,1,3,1,Enriched in Conness Pond
group_3578,0.576470588235294,3.7069063595419935,3,1,1,Enriched in Sixty Lake
group_3455,0.08235294117647061,Inf,4,0,1,Enriched in Sixty Lake
group_3435,0.08235294117647061,Inf,4,0,1,Enriched in Sixty Lake
group_3431,0.08235294117647061,Inf,4,0,1,Enriched in Sixty Lake
group_3430,0.08235294117647061,Inf,4,0,1,Enriched in Sixty Lake
group_3424,0.08235294117647061,Inf,4,0,1,Enriched in Sixty Lake
bin3~~~bin3_2,0.576470588235294,3.7069063595419935,3,1,1,Enriched in Sixty Lake
group_3368,0.08235294117647061,Inf,4,0,1,Enriched in Sixty Lake
group_3357,0.08235294117647061,Inf,4,0,1,Enriched in Sixty Lake
group_3328,0.08235294117647061,Inf,4,0,1,Enriched in Sixty Lake
group_3203,0.08235294117647061,Inf,4,0,1,Enriched in Sixty Lake
group_3173,0.08235294117647061,Inf,4,0,1,Enriched in Sixty Lake
intA_1~~~intA,0.08235294117647061,Inf,4,0,1,Enriched in Sixty Lake
group_3130,0.576470588235294,3.7069063595419935,3,1,1,Enriched in Sixty Lake
group_3118,0.576470588235294,0.26976600090905156,1,3,1,Enriched in Conness Pond
group_3108,0.08235294117647061,Inf,4,0,1,Enriched in Sixty Lake
group_3087,0.08235294117647061,Inf,4,0,1,Enriched in Sixty Lake
group_3044,0.576470588235294,0.26976600090905156,1,3,1,Enriched in Conness Pond
group_3031,0.576470588235294,0.26976600090905156,1,3,1,Enriched in Conness Pond
copR_1,0.576470588235294,0.26976600090905156,1,3,1,Enriched in Conness Pond
group_2950,0.576470588235294,3.7069063595419935,3,1,1,Enriched in Sixty Lake
group_2890,0.576470588235294,0.26976600090905156,1,3,1,Enriched in Conness Pond
group_2880,0.576470588235294,0.26976600090905156,1,3,1,Enriched in Conness Pond
group_2873,0.576470588235294,0.26976600090905156,1,3,1,Enriched in Conness Pond
group_2864,0.576470588235294,0.26976600090905156,1,3,1,Enriched in Conness Pond
group_2858,0.576470588235294,0.26976600090905156,1,3,1,Enriched in Conness Pond
group_2857,0.576470588235294,0.26976600090905156,1,3,1,Enriched in Conness Pond
group_2853,0.576470588235294,0.26976600090905156,1,3,1,Enriched in Conness Pond
group_2850,0.576470588235294,0.26976600090905156,1,3,1,Enriched in Conness Pond
group_2849,0.576470588235294,0.26976600090905156,1,3,1,Enriched in Conness Pond
group_2844,0.576470588235294,0.26976600090905156,1,3,1,Enriched in Conness Pond
group_2834,0.576470588235294,0.26976600090905156,1,3,1,Enriched in Conness Pond
group_2830,0.576470588235294,0.26976600090905156,1,3,1,Enriched in Conness Pond
group_2825,0.576470588235294,0.26976600090905156,1,3,1,Enriched in Conness Pond
group_2823,0.576470588235294,0.26976600090905156,1,3,1,Enriched in Conness Pond
group_2815,0.576470588235294,0.26976600090905156,1,3,1,Enriched in Conness Pond
group_2809,0.576470588235294,0.26976600090905156,1,3,1,Enriched in Conness Pond
group_2806,0.576470588235294,3.7069063595419935,3,1,1,Enriched in Sixty Lake
group_2795,0.576470588235294,0.26976600090905156,1,3,1,Enriched in Conness Pond
group_2766,0.08235294117647061,Inf,4,0,1,Enriched in Sixty Lake
group_2756,0.576470588235294,0.26976600090905156,1,3,1,Enriched in Conness Pond
group_2755,0.576470588235294,0.26976600090905156,1,3,1,Enriched in Conness Pond
group_2754,0.576470588235294,0.26976600090905156,1,3,1,Enriched in Conness Pond
group_2744,0.576470588235294,0.26976600090905156,1,3,1,Enriched in Conness Pond
group_2743,0.576470588235294,0.26976600090905156,1,3,1,Enriched in Conness Pond
group_2742,0.576470588235294,0.26976600090905156,1,3,1,Enriched in Conness Pond
group_2733,0.576470588235294,0.26976600090905156,1,3,1,Enriched in Conness Pond
group_2732,0.576470588235294,0.26976600090905156,1,3,1,Enriched in Conness Pond
group_2727,0.576470588235294,0.26976600090905156,1,3,1,Enriched in Conness Pond
group_2709,0.576470588235294,0.26976600090905156,1,3,1,Enriched in Conness Pond
group_2708,0.576470588235294,0.26976600090905156,1,3,1,Enriched in Conness Pond
group_2692,0.576470588235294,0.26976600090905156,1,3,1,Enriched in Conness Pond
group_2688,0.576470588235294,0.26976600090905156,1,3,1,Enriched in Conness Pond
group_2687,0.576470588235294,0.26976600090905156,1,3,1,Enriched in Conness Pond
group_2686,0.576470588235294,0.26976600090905156,1,3,1,Enriched in Conness Pond
group_2685,0.576470588235294,0.26976600090905156,1,3,1,Enriched in Conness Pond
group_2684,0.576470588235294,0.26976600090905156,1,3,1,Enriched in Conness Pond
group_2681,0.08235294117647061,Inf,4,0,1,Enriched in Sixty Lake
group_2677,0.576470588235294,0.26976600090905156,1,3,1,Enriched in Conness Pond
group_2676,0.576470588235294,0.26976600090905156,1,3,1,Enriched in Conness Pond
group_2675,0.576470588235294,0.26976600090905156,1,3,1,Enriched in Conness Pond
group_2674,0.08235294117647061,Inf,4,0,1,Enriched in Sixty Lake
group_2654,0.576470588235294,0.26976600090905156,1,3,1,Enriched in Conness Pond
group_2641,0.576470588235294,0.26976600090905156,1,3,1,Enriched in Conness Pond
group_2640,0.576470588235294,0.26976600090905156,1,3,1,Enriched in Conness Pond
group_2630,0.576470588235294,0.26976600090905156,1,3,1,Enriched in Conness Pond
group_2629,0.576470588235294,0.26976600090905156,1,3,1,Enriched in Conness Pond
group_2618,0.576470588235294,0.26976600090905156,1,3,1,Enriched in Conness Pond
group_2617,0.576470588235294,0.26976600090905156,1,3,1,Enriched in Conness Pond
group_2616,0.576470588235294,0.26976600090905156,1,3,1,Enriched in Conness Pond
group_2615,0.576470588235294,0.26976600090905156,1,3,1,Enriched in Conness Pond
group_2607,0.576470588235294,0.26976600090905156,1,3,1,Enriched in Conness Pond
group_2606,0.576470588235294,0.26976600090905156,1,3,1,Enriched in Conness Pond
group_2595,0.576470588235294,0.26976600090905156,1,3,1,Enriched in Conness Pond
group_2594,0.576470588235294,0.26976600090905156,1,3,1,Enriched in Conness Pond
group_2580,0.576470588235294,0.26976600090905156,1,3,1,Enriched in Conness Pond
group_2579,0.576470588235294,0.26976600090905156,1,3,1,Enriched in Conness Pond
relB,0.576470588235294,0.26976600090905156,1,3,1,Enriched in Conness Pond
group_2570,0.576470588235294,0.26976600090905156,1,3,1,Enriched in Conness Pond
group_2569,0.576470588235294,0.26976600090905156,1,3,1,Enriched in Conness Pond
group_2568,0.576470588235294,0.26976600090905156,1,3,1,Enriched in Conness Pond
group_2567,0.576470588235294,0.26976600090905156,1,3,1,Enriched in Conness Pond
group_2555,0.576470588235294,0.26976600090905156,1,3,1,Enriched in Conness Pond
group_2554,0.576470588235294,0.26976600090905156,1,3,1,Enriched in Conness Pond
group_2553,0.576470588235294,0.26976600090905156,1,3,1,Enriched in Conness Pond
group_2552,0.576470588235294,0.26976600090905156,1,3,1,Enriched in Conness Pond
group_2546,0.576470588235294,0.26976600090905156,1,3,1,Enriched in Conness Pond
group_2531,0.576470588235294,0.26976600090905156,1,3,1,Enriched in Conness Pond
group_2530,0.576470588235294,0.26976600090905156,1,3,1,Enriched in Conness Pond
group_2529,0.576470588235294,0.26976600090905156,1,3,1,Enriched in Conness Pond
group_2513,0.576470588235294,0.26976600090905156,1,3,1,Enriched in Conness Pond
group_2512,0.576470588235294,0.26976600090905156,1,3,1,Enriched in Conness Pond
group_2511,0.576470588235294,0.26976600090905156,1,3,1,Enriched in Conness Pond
group_2502,0.576470588235294,0.26976600090905156,1,3,1,Enriched in Conness Pond
group_2501,0.576470588235294,0.26976600090905156,1,3,1,Enriched in Conness Pond
group_2500,0.576470588235294,0.26976600090905156,1,3,1,Enriched in Conness Pond
group_2488,0.576470588235294,0.26976600090905156,1,3,1,Enriched in Conness Pond
group_2487,0.576470588235294,0.26976600090905156,1,3,1,Enriched in Conness Pond
group_2486,0.576470588235294,0.26976600090905156,1,3,1,Enriched in Conness Pond
group_2474,0.576470588235294,3.7069063595419935,3,1,1,Enriched in Sixty Lake
group_2471,0.576470588235294,0.26976600090905156,1,3,1,Enriched in Conness Pond
group_2470,0.576470588235294,0.26976600090905156,1,3,1,Enriched in Conness Pond
group_2461,0.576470588235294,0.26976600090905156,1,3,1,Enriched in Conness Pond
group_2460,0.576470588235294,0.26976600090905156,1,3,1,Enriched in Conness Pond
group_2459,0.576470588235294,0.26976600090905156,1,3,1,Enriched in Conness Pond
group_2458,0.576470588235294,0.26976600090905156,1,3,1,Enriched in Conness Pond
group_2457,0.576470588235294,0.26976600090905156,1,3,1,Enriched in Conness Pond
group_2456,0.576470588235294,0.26976600090905156,1,3,1,Enriched in Conness Pond
group_2449,0.576470588235294,0.26976600090905156,1,3,1,Enriched in Conness Pond
group_2448,0.576470588235294,0.26976600090905156,1,3,1,Enriched in Conness Pond
group_2447,0.576470588235294,0.26976600090905156,1,3,1,Enriched in Conness Pond
group_2433,0.576470588235294,0.26976600090905156,1,3,1,Enriched in Conness Pond
group_2424,0.576470588235294,3.7069063595419935,3,1,1,Enriched in Sixty Lake
group_2423,0.576470588235294,0.26976600090905156,1,3,1,Enriched in Conness Pond
group_2411,0.576470588235294,0.26976600090905156,1,3,1,Enriched in Conness Pond
group_2410,0.576470588235294,0.26976600090905156,1,3,1,Enriched in Conness Pond
group_2402,0.576470588235294,0.26976600090905156,1,3,1,Enriched in Conness Pond
group_2401,0.576470588235294,0.26976600090905156,1,3,1,Enriched in Conness Pond
group_2394,0.576470588235294,0.26976600090905156,1,3,1,Enriched in Conness Pond
group_2392,0.08235294117647061,Inf,4,0,1,Enriched in Sixty Lake
group_2381,0.576470588235294,0.26976600090905156,1,3,1,Enriched in Conness Pond
relE,0.576470588235294,0.26976600090905156,1,3,1,Enriched in Conness Pond
group_2373,0.576470588235294,0.26976600090905156,1,3,1,Enriched in Conness Pond
group_2372,0.576470588235294,0.26976600090905156,1,3,1,Enriched in Conness Pond
group_2359,0.576470588235294,0.26976600090905156,1,3,1,Enriched in Conness Pond
group_2358,0.576470588235294,0.26976600090905156,1,3,1,Enriched in Conness Pond
group_2352,0.576470588235294,0.26976600090905156,1,3,1,Enriched in Conness Pond
group_2351,0.576470588235294,0.26976600090905156,1,3,1,Enriched in Conness Pond
group_2343,0.576470588235294,0.26976600090905156,1,3,1,Enriched in Conness Pond
group_2342,0.576470588235294,0.26976600090905156,1,3,1,Enriched in Conness Pond
group_2341,0.576470588235294,0.26976600090905156,1,3,1,Enriched in Conness Pond
group_2335,0.576470588235294,0.26976600090905156,1,3,1,Enriched in Conness Pond
group_2312,0.576470588235294,0.26976600090905156,1,3,1,Enriched in Conness Pond
group_2296,0.576470588235294,0.26976600090905156,1,3,1,Enriched in Conness Pond
group_2273,0.576470588235294,0.26976600090905156,1,3,1,Enriched in Conness Pond
group_2272,0.576470588235294,0.26976600090905156,1,3,1,Enriched in Conness Pond
group_2264,0.576470588235294,0.26976600090905156,1,3,1,Enriched in Conness Pond
group_2254,0.576470588235294,0.26976600090905156,1,3,1,Enriched in Conness Pond
group_2253,0.576470588235294,0.26976600090905156,1,3,1,Enriched in Conness Pond
group_2242,0.576470588235294,0.26976600090905156,1,3,1,Enriched in Conness Pond
group_2236,0.08235294117647061,Inf,4,0,1,Enriched in Sixty Lake
group_2228,0.576470588235294,0.26976600090905156,1,3,1,Enriched in Conness Pond
group_2226,0.576470588235294,0.26976600090905156,1,3,1,Enriched in Conness Pond
group_2225,0.576470588235294,0.26976600090905156,1,3,1,Enriched in Conness Pond
group_2212,0.576470588235294,0.26976600090905156,1,3,1,Enriched in Conness Pond
group_2211,0.576470588235294,0.26976600090905156,1,3,1,Enriched in Conness Pond
group_2164,0.08235294117647061,Inf,4,0,1,Enriched in Sixty Lake
group_2156,0.576470588235294,0.26976600090905156,1,3,1,Enriched in Conness Pond
group_2151,0.576470588235294,0.26976600090905156,1,3,1,Enriched in Conness Pond
group_2142,0.576470588235294,0.26976600090905156,1,3,1,Enriched in Conness Pond
group_2128,0.08235294117647061,Inf,4,0,1,Enriched in Sixty Lake
spo0F,0.576470588235294,0.26976600090905156,1,3,1,Enriched in Conness Pond
group_2123,0.576470588235294,0.26976600090905156,1,3,1,Enriched in Conness Pond
group_2122,0.576470588235294,0.26976600090905156,1,3,1,Enriched in Conness Pond
group_2106,0.576470588235294,0.26976600090905156,1,3,1,Enriched in Conness Pond
group_2105,0.576470588235294,0.26976600090905156,1,3,1,Enriched in Conness Pond
group_2103,0.08235294117647061,Inf,4,0,1,Enriched in Sixty Lake
group_2094,0.576470588235294,0.26976600090905156,1,3,1,Enriched in Conness Pond
group_2085,0.576470588235294,0.26976600090905156,1,3,1,Enriched in Conness Pond
group_2059,0.576470588235294,0.26976600090905156,1,3,1,Enriched in Conness Pond
group_2055,0.08235294117647061,Inf,4,0,1,Enriched in Sixty Lake
group_2048,0.576470588235294,0.26976600090905156,1,3,1,Enriched in Conness Pond
group_2047,0.576470588235294,0.26976600090905156,1,3,1,Enriched in Conness Pond
group_2018,0.576470588235294,0.26976600090905156,1,3,1,Enriched in Conness Pond
group_2006,0.576470588235294,0.26976600090905156,1,3,1,Enriched in Conness Pond
group_2001,0.576470588235294,0.26976600090905156,1,3,1,Enriched in Conness Pond
group_1991,0.576470588235294,0.26976600090905156,1,3,1,Enriched in Conness Pond
group_1990,0.576470588235294,0.26976600090905156,1,3,1,Enriched in Conness Pond
group_1948,0.576470588235294,0.26976600090905156,1,3,1,Enriched in Conness Pond
group_1947,0.576470588235294,0.26976600090905156,1,3,1,Enriched in Conness Pond
group_1937,0.576470588235294,0.26976600090905156,1,3,1,Enriched in Conness Pond
group_1929,0.576470588235294,0.26976600090905156,1,3,1,Enriched in Conness Pond
group_1918,0.576470588235294,0.26976600090905156,1,3,1,Enriched in Conness Pond
group_1917,0.576470588235294,0.26976600090905156,1,3,1,Enriched in Conness Pond
group_1914,0.08235294117647061,Inf,4,0,1,Enriched in Sixty Lake
group_1893,0.576470588235294,0.26976600090905156,1,3,1,Enriched in Conness Pond
group_1886,0.576470588235294,0.26976600090905156,1,3,1,Enriched in Conness Pond
group_1872,0.576470588235294,0.26976600090905156,1,3,1,Enriched in Conness Pond
group_1865,0.576470588235294,0.26976600090905156,1,3,1,Enriched in Conness Pond
group_1856,0.576470588235294,0.26976600090905156,1,3,1,Enriched in Conness Pond
group_1844,0.576470588235294,0.26976600090905156,1,3,1,Enriched in Conness Pond
group_1840,0.576470588235294,0.26976600090905156,1,3,1,Enriched in Conness Pond
yciE,0.576470588235294,0.26976600090905156,1,3,1,Enriched in Conness Pond
rrrD,0.576470588235294,0.26976600090905156,1,3,1,Enriched in Conness Pond
group_1809,0.576470588235294,0.26976600090905156,1,3,1,Enriched in Conness Pond
group_1796,0.576470588235294,0.26976600090905156,1,3,1,Enriched in Conness Pond
group_1795,0.576470588235294,0.26976600090905156,1,3,1,Enriched in Conness Pond
group_1783,0.576470588235294,3.7069063595419935,3,1,1,Enriched in Sixty Lake
group_1782,0.576470588235294,0.26976600090905156,1,3,1,Enriched in Conness Pond
group_1774,0.576470588235294,3.7069063595419935,3,1,1,Enriched in Sixty Lake
group_1772,0.576470588235294,0.26976600090905156,1,3,1,Enriched in Conness Pond
group_1751,0.576470588235294,3.7069063595419935,3,1,1,Enriched in Sixty Lake
group_1750,0.576470588235294,0.26976600090905156,1,3,1,Enriched in Conness Pond
group_1739,0.576470588235294,0.26976600090905156,1,3,1,Enriched in Conness Pond
group_1730,0.576470588235294,0.26976600090905156,1,3,1,Enriched in Conness Pond
group_1720,0.576470588235294,0.26976600090905156,1,3,1,Enriched in Conness Pond
group_1691,0.08235294117647061,Inf,4,0,1,Enriched in Sixty Lake
yciF,0.576470588235294,0.26976600090905156,1,3,1,Enriched in Conness Pond
pncC_2,0.576470588235294,0.26976600090905156,1,3,1,Enriched in Conness Pond
group_1671,0.576470588235294,0.26976600090905156,1,3,1,Enriched in Conness Pond
group_1662,0.576470588235294,0.26976600090905156,1,3,1,Enriched in Conness Pond
group_1661,0.576470588235294,0.26976600090905156,1,3,1,Enriched in Conness Pond
group_1637,0.576470588235294,0.26976600090905156,1,3,1,Enriched in Conness Pond
group_1636,0.576470588235294,0.26976600090905156,1,3,1,Enriched in Conness Pond
group_1606,0.576470588235294,0.26976600090905156,1,3,1,Enriched in Conness Pond
group_1605,0.576470588235294,0.26976600090905156,1,3,1,Enriched in Conness Pond
group_1600,0.576470588235294,3.7069063595419935,3,1,1,Enriched in Sixty Lake
group_1599,0.576470588235294,0.26976600090905156,1,3,1,Enriched in Conness Pond
group_1592,0.576470588235294,0.26976600090905156,1,3,1,Enriched in Conness Pond
group_1580,0.576470588235294,3.7069063595419935,3,1,1,Enriched in Sixty Lake
group_1567,0.576470588235294,0.26976600090905156,1,3,1,Enriched in Conness Pond
group_1546,0.576470588235294,0.26976600090905156,1,3,1,Enriched in Conness Pond
group_1545,0.576470588235294,0.26976600090905156,1,3,1,Enriched in Conness Pond
group_1531,0.576470588235294,0.26976600090905156,1,3,1,Enriched in Conness Pond
group_1522,0.576470588235294,3.7069063595419935,3,1,1,Enriched in Sixty Lake
group_1521,0.576470588235294,0.26976600090905156,1,3,1,Enriched in Conness Pond
group_1517,0.576470588235294,0.26976600090905156,1,3,1,Enriched in Conness Pond
group_1499,0.576470588235294,0.26976600090905156,1,3,1,Enriched in Conness Pond
group_1489,0.576470588235294,0.26976600090905156,1,3,1,Enriched in Conness Pond
group_1488,0.576470588235294,0.26976600090905156,1,3,1,Enriched in Conness Pond
group_1453,0.576470588235294,0.26976600090905156,1,3,1,Enriched in Conness Pond
group_1452,0.576470588235294,0.26976600090905156,1,3,1,Enriched in Conness Pond
group_1448,0.576470588235294,0.26976600090905156,1,3,1,Enriched in Conness Pond
group_1432,0.576470588235294,0.26976600090905156,1,3,1,Enriched in Conness Pond
group_1419,0.576470588235294,0.26976600090905156,1,3,1,Enriched in Conness Pond
group_1395,0.576470588235294,0.26976600090905156,1,3,1,Enriched in Conness Pond
group_1390,0.576470588235294,0.26976600090905156,1,3,1,Enriched in Conness Pond
group_1378,0.576470588235294,0.26976600090905156,1,3,1,Enriched in Conness Pond
group_1365,0.576470588235294,3.7069063595419935,3,1,1,Enriched in Sixty Lake
group_1349,0.576470588235294,0.26976600090905156,1,3,1,Enriched in Conness Pond
group_1343,0.576470588235294,3.7069063595419935,3,1,1,Enriched in Sixty Lake
group_1342,0.576470588235294,0.26976600090905156,1,3,1,Enriched in Conness Pond
cpnA,0.576470588235294,0.26976600090905156,1,3,1,Enriched in Conness Pond
group_1310,0.576470588235294,0.26976600090905156,1,3,1,Enriched in Conness Pond
gph_2,0.576470588235294,0.26976600090905156,1,3,1,Enriched in Conness Pond
group_1296,0.576470588235294,0.26976600090905156,1,3,1,Enriched in Conness Pond
group_1289,0.576470588235294,0.26976600090905156,1,3,1,Enriched in Conness Pond
rcsB_4,0.576470588235294,0.26976600090905156,1,3,1,Enriched in Conness Pond
group_1265,0.576470588235294,0.26976600090905156,1,3,1,Enriched in Conness Pond
czcR_2,0.576470588235294,0.26976600090905156,1,3,1,Enriched in Conness Pond
group_1264,0.576470588235294,0.26976600090905156,1,3,1,Enriched in Conness Pond
group_1251,0.576470588235294,3.7069063595419935,3,1,1,Enriched in Sixty Lake
group_1249,0.576470588235294,0.26976600090905156,1,3,1,Enriched in Conness Pond
group_1240,0.576470588235294,0.26976600090905156,1,3,1,Enriched in Conness Pond
group_1237,0.576470588235294,0.26976600090905156,1,3,1,Enriched in Conness Pond
group_1236,0.576470588235294,0.26976600090905156,1,3,1,Enriched in Conness Pond
group_1230,0.08235294117647061,Inf,4,0,1,Enriched in Sixty Lake
group_1224,0.576470588235294,0.26976600090905156,1,3,1,Enriched in Conness Pond
group_1223,0.576470588235294,0.26976600090905156,1,3,1,Enriched in Conness Pond
group_1204,0.576470588235294,0.26976600090905156,1,3,1,Enriched in Conness Pond
group_1180,0.576470588235294,0.26976600090905156,1,3,1,Enriched in Conness Pond
mngR,0.576470588235294,0.26976600090905156,1,3,1,Enriched in Conness Pond
group_1163,0.576470588235294,0.26976600090905156,1,3,1,Enriched in Conness Pond
group_1106,0.576470588235294,0.26976600090905156,1,3,1,Enriched in Conness Pond
group_1100,0.576470588235294,0.26976600090905156,1,3,1,Enriched in Conness Pond
fabG_5,0.576470588235294,0.26976600090905156,1,3,1,Enriched in Conness Pond
group_1094,0.576470588235294,0.26976600090905156,1,3,1,Enriched in Conness Pond
group_1073,0.576470588235294,0.26976600090905156,1,3,1,Enriched in Conness Pond
dpnM,0.576470588235294,3.7069063595419935,3,1,1,Enriched in Sixty Lake
group_1050,0.576470588235294,0.26976600090905156,1,3,1,Enriched in Conness Pond
dnaC_1,0.576470588235294,0.26976600090905156,1,3,1,Enriched in Conness Pond
group_1038,0.576470588235294,0.26976600090905156,1,3,1,Enriched in Conness Pond
group_1020,0.576470588235294,0.26976600090905156,1,3,1,Enriched in Conness Pond
group_1019,0.576470588235294,0.26976600090905156,1,3,1,Enriched in Conness Pond
group_1011,0.576470588235294,0.26976600090905156,1,3,1,Enriched in Conness Pond
group_1002,0.576470588235294,0.26976600090905156,1,3,1,Enriched in Conness Pond
group_984,0.576470588235294,0.26976600090905156,1,3,1,Enriched in Conness Pond
group_983,0.576470588235294,0.26976600090905156,1,3,1,Enriched in Conness Pond
pmdD,0.576470588235294,0.26976600090905156,1,3,1,Enriched in Conness Pond
group_965,0.576470588235294,0.26976600090905156,1,3,1,Enriched in Conness Pond
group_952,0.576470588235294,0.26976600090905156,1,3,1,Enriched in Conness Pond
rutD_2,0.576470588235294,0.26976600090905156,1,3,1,Enriched in Conness Pond
sppA,0.576470588235294,0.26976600090905156,1,3,1,Enriched in Conness Pond
ydbD,0.576470588235294,0.26976600090905156,1,3,1,Enriched in Conness Pond
traC_2,0.576470588235294,0.26976600090905156,1,3,1,Enriched in Conness Pond
group_915,0.576470588235294,0.26976600090905156,1,3,1,Enriched in Conness Pond
group_888,0.576470588235294,0.26976600090905156,1,3,1,Enriched in Conness Pond
ompA_3,0.576470588235294,0.26976600090905156,1,3,1,Enriched in Conness Pond
mrr,0.576470588235294,0.26976600090905156,1,3,1,Enriched in Conness Pond
zupT_2,0.576470588235294,0.26976600090905156,1,3,1,Enriched in Conness Pond
group_821,0.576470588235294,0.26976600090905156,1,3,1,Enriched in Conness Pond
group_814,0.576470588235294,0.26976600090905156,1,3,1,Enriched in Conness Pond
group_790,0.576470588235294,3.7069063595419935,3,1,1,Enriched in Sixty Lake
group_768,0.576470588235294,0.26976600090905156,1,3,1,Enriched in Conness Pond
group_763,0.576470588235294,0.26976600090905156,1,3,1,Enriched in Conness Pond
xerC_2,0.576470588235294,0.26976600090905156,1,3,1,Enriched in Conness Pond
group_759,0.576470588235294,0.26976600090905156,1,3,1,Enriched in Conness Pond
group_741,0.576470588235294,3.7069063595419935,3,1,1,Enriched in Sixty Lake
group_740,0.576470588235294,0.26976600090905156,1,3,1,Enriched in Conness Pond
pikAII_1,0.576470588235294,0.26976600090905156,1,3,1,Enriched in Conness Pond
group_730,0.576470588235294,0.26976600090905156,1,3,1,Enriched in Conness Pond
cydB_2,0.576470588235294,0.26976600090905156,1,3,1,Enriched in Conness Pond
ompA_2,0.576470588235294,0.26976600090905156,1,3,1,Enriched in Conness Pond
xerC_6,0.576470588235294,0.26976600090905156,1,3,1,Enriched in Conness Pond
group_710,0.576470588235294,0.26976600090905156,1,3,1,Enriched in Conness Pond
group_671,0.576470588235294,0.26976600090905156,1,3,1,Enriched in Conness Pond
group_670,0.576470588235294,0.26976600090905156,1,3,1,Enriched in Conness Pond
group_662,0.576470588235294,0.26976600090905156,1,3,1,Enriched in Conness Pond
group_641,0.576470588235294,0.26976600090905156,1,3,1,Enriched in Conness Pond
group_636,0.576470588235294,0.26976600090905156,1,3,1,Enriched in Conness Pond
group_624,0.576470588235294,3.7069063595419935,3,1,1,Enriched in Sixty Lake
group_622,0.576470588235294,0.26976600090905156,1,3,1,Enriched in Conness Pond
group_612,0.576470588235294,0.26976600090905156,1,3,1,Enriched in Conness Pond
oatA,0.08235294117647061,Inf,4,0,1,Enriched in Sixty Lake
ydiO,0.576470588235294,0.26976600090905156,1,3,1,Enriched in Conness Pond
nemA_4,0.576470588235294,0.26976600090905156,1,3,1,Enriched in Conness Pond
group_594,0.576470588235294,0.26976600090905156,1,3,1,Enriched in Conness Pond
group_593,0.576470588235294,0.26976600090905156,1,3,1,Enriched in Conness Pond
group_582,0.576470588235294,0.26976600090905156,1,3,1,Enriched in Conness Pond
group_581,0.576470588235294,0.26976600090905156,1,3,1,Enriched in Conness Pond
group_573,0.576470588235294,0.26976600090905156,1,3,1,Enriched in Conness Pond
group_572,0.576470588235294,0.26976600090905156,1,3,1,Enriched in Conness Pond
group_567,0.576470588235294,0.26976600090905156,1,3,1,Enriched in Conness Pond
group_564,0.576470588235294,0.26976600090905156,1,3,1,Enriched in Conness Pond
group_563,0.08235294117647061,Inf,4,0,1,Enriched in Sixty Lake
group_560,0.576470588235294,0.26976600090905156,1,3,1,Enriched in Conness Pond
group_553,0.576470588235294,0.26976600090905156,1,3,1,Enriched in Conness Pond
group_546,0.576470588235294,0.26976600090905156,1,3,1,Enriched in Conness Pond
group_543,0.576470588235294,0.26976600090905156,1,3,1,Enriched in Conness Pond
group_536,0.576470588235294,0.26976600090905156,1,3,1,Enriched in Conness Pond
group_535,0.576470588235294,0.26976600090905156,1,3,1,Enriched in Conness Pond
group_511,0.576470588235294,0.26976600090905156,1,3,1,Enriched in Conness Pond
kaiC_4,0.576470588235294,0.26976600090905156,1,3,1,Enriched in Conness Pond
group_501,0.576470588235294,0.26976600090905156,1,3,1,Enriched in Conness Pond
group_481,0.576470588235294,0.26976600090905156,1,3,1,Enriched in Conness Pond
group_480,0.576470588235294,0.26976600090905156,1,3,1,Enriched in Conness Pond
group_467,0.576470588235294,0.26976600090905156,1,3,1,Enriched in Conness Pond
intS,0.576470588235294,0.26976600090905156,1,3,1,Enriched in Conness Pond
group_457,0.576470588235294,0.26976600090905156,1,3,1,Enriched in Conness Pond
yjhB,0.576470588235294,0.26976600090905156,1,3,1,Enriched in Conness Pond
group_438,0.576470588235294,0.26976600090905156,1,3,1,Enriched in Conness Pond
group_428,0.576470588235294,0.26976600090905156,1,3,1,Enriched in Conness Pond
yhdG_2,0.576470588235294,0.26976600090905156,1,3,1,Enriched in Conness Pond
group_392,0.576470588235294,0.26976600090905156,1,3,1,Enriched in Conness Pond
group_391,0.576470588235294,3.7069063595419935,3,1,1,Enriched in Sixty Lake
group_381,0.576470588235294,0.26976600090905156,1,3,1,Enriched in Conness Pond
group_375,0.576470588235294,3.7069063595419935,3,1,1,Enriched in Sixty Lake
appC,0.576470588235294,0.26976600090905156,1,3,1,Enriched in Conness Pond
sasA_2,0.576470588235294,0.26976600090905156,1,3,1,Enriched in Conness Pond
group_348,0.576470588235294,0.26976600090905156,1,3,1,Enriched in Conness Pond
group_347,0.576470588235294,0.26976600090905156,1,3,1,Enriched in Conness Pond
group_344,0.576470588235294,0.26976600090905156,1,3,1,Enriched in Conness Pond
group_335,0.576470588235294,0.26976600090905156,1,3,1,Enriched in Conness Pond
group_329,0.576470588235294,0.26976600090905156,1,3,1,Enriched in Conness Pond
group_320,0.576470588235294,0.26976600090905156,1,3,1,Enriched in Conness Pond
group_312,0.576470588235294,0.26976600090905156,1,3,1,Enriched in Conness Pond
group_304,0.576470588235294,0.26976600090905156,1,3,1,Enriched in Conness Pond
group_281,0.576470588235294,0.26976600090905156,1,3,1,Enriched in Conness Pond
group_279,0.576470588235294,0.26976600090905156,1,3,1,Enriched in Conness Pond
group_260,0.576470588235294,3.7069063595419935,3,1,1,Enriched in Sixty Lake
group_243,0.576470588235294,0.26976600090905156,1,3,1,Enriched in Conness Pond
group_235,0.576470588235294,0.26976600090905156,1,3,1,Enriched in Conness Pond
group_219,0.576470588235294,0.26976600090905156,1,3,1,Enriched in Conness Pond
group_200,0.576470588235294,0.26976600090905156,1,3,1,Enriched in Conness Pond
group_196,0.576470588235294,0.26976600090905156,1,3,1,Enriched in Conness Pond
rtpR,0.576470588235294,0.26976600090905156,1,3,1,Enriched in Conness Pond
group_167,0.576470588235294,0.26976600090905156,1,3,1,Enriched in Conness Pond
group_154,0.576470588235294,0.26976600090905156,1,3,1,Enriched in Conness Pond
group_151,0.576470588235294,0.26976600090905156,1,3,1,Enriched in Conness Pond
group_148,0.576470588235294,0.26976600090905156,1,3,1,Enriched in Conness Pond
group_147,0.576470588235294,0.26976600090905156,1,3,1,Enriched in Conness Pond
group_133,0.576470588235294,0.26976600090905156,1,3,1,Enriched in Conness Pond
group_126,0.576470588235294,0.26976600090905156,1,3,1,Enriched in Conness Pond
apxIB_2,0.576470588235294,0.26976600090905156,1,3,1,Enriched in Conness Pond
ydeP_1,0.576470588235294,0.26976600090905156,1,3,1,Enriched in Conness Pond
group_75,0.576470588235294,0.26976600090905156,1,3,1,Enriched in Conness Pond
group_64,0.576470588235294,0.26976600090905156,1,3,1,Enriched in Conness Pond
group_63,0.576470588235294,0.26976600090905156,1,3,1,Enriched in Conness Pond
group_62,0.576470588235294,0.26976600090905156,1,3,1,Enriched in Conness Pond
group_61,0.576470588235294,0.26976600090905156,1,3,1,Enriched in Conness Pond
mdtC_1,0.576470588235294,0.26976600090905156,1,3,1,Enriched in Conness Pond
group_35,0.576470588235294,0.26976600090905156,1,3,1,Enriched in Conness Pond
bvgS_3,0.576470588235294,0.26976600090905156,1,3,1,Enriched in Conness Pond
group_10,0.576470588235294,0.26976600090905156,1,3,1,Enriched in Conness Pond
group_2,0.576470588235294,0.26976600090905156,1,3,1,Enriched in Conness Pond
group_4348,0.20588235294117643,0,0,3,1,Enriched in Conness Pond
group_4341,0.20588235294117643,0,0,3,1,Enriched in Conness Pond
group_4273,0.20588235294117643,Inf,3,0,1,Enriched in Sixty Lake
group_4272,0.20588235294117643,Inf,3,0,1,Enriched in Sixty Lake
group_4271,0.20588235294117643,Inf,3,0,1,Enriched in Sixty Lake
group_4270,0.20588235294117643,Inf,3,0,1,Enriched in Sixty Lake
group_4269,0.20588235294117643,Inf,3,0,1,Enriched in Sixty Lake
group_4268,0.20588235294117643,Inf,3,0,1,Enriched in Sixty Lake
cph2,0.20588235294117643,Inf,3,0,1,Enriched in Sixty Lake
group_4267,0.20588235294117643,Inf,3,0,1,Enriched in Sixty Lake
group_3940,0.20588235294117643,Inf,3,0,1,Enriched in Sixty Lake
group_3939,0.20588235294117643,Inf,3,0,1,Enriched in Sixty Lake
group_3938,0.20588235294117643,Inf,3,0,1,Enriched in Sixty Lake
group_3914,0.20588235294117643,Inf,3,0,1,Enriched in Sixty Lake
group_3907,0.20588235294117643,Inf,3,0,1,Enriched in Sixty Lake
group_3902,0.20588235294117643,Inf,3,0,1,Enriched in Sixty Lake
group_3898,0.20588235294117643,Inf,3,0,1,Enriched in Sixty Lake
occM_4,0.20588235294117643,Inf,3,0,1,Enriched in Sixty Lake
glcB_2,0.20588235294117643,Inf,3,0,1,Enriched in Sixty Lake
group_3887,0.20588235294117643,Inf,3,0,1,Enriched in Sixty Lake
group_3886,0.20588235294117643,Inf,3,0,1,Enriched in Sixty Lake
iolD_2,0.20588235294117643,Inf,3,0,1,Enriched in Sixty Lake
exuR,0.20588235294117643,Inf,3,0,1,Enriched in Sixty Lake
group_3885,0.20588235294117643,Inf,3,0,1,Enriched in Sixty Lake
group_3884,0.20588235294117643,Inf,3,0,1,Enriched in Sixty Lake
group_3883,0.20588235294117643,Inf,3,0,1,Enriched in Sixty Lake
glcC_2,0.20588235294117643,Inf,3,0,1,Enriched in Sixty Lake
group_3882,0.20588235294117643,Inf,3,0,1,Enriched in Sixty Lake
group_3881,0.20588235294117643,Inf,3,0,1,Enriched in Sixty Lake
group_3880,0.20588235294117643,Inf,3,0,1,Enriched in Sixty Lake
nagZ_2,0.20588235294117643,Inf,3,0,1,Enriched in Sixty Lake
ydhF,0.20588235294117643,Inf,3,0,1,Enriched in Sixty Lake
group_3878,0.20588235294117643,Inf,3,0,1,Enriched in Sixty Lake
group_3877,0.20588235294117643,Inf,3,0,1,Enriched in Sixty Lake
group_3876,0.20588235294117643,Inf,3,0,1,Enriched in Sixty Lake
group_3875,0.20588235294117643,Inf,3,0,1,Enriched in Sixty Lake
group_3874,0.20588235294117643,Inf,3,0,1,Enriched in Sixty Lake
gltK_2,0.20588235294117643,Inf,3,0,1,Enriched in Sixty Lake
group_3873,0.20588235294117643,Inf,3,0,1,Enriched in Sixty Lake
group_3872,0.20588235294117643,Inf,3,0,1,Enriched in Sixty Lake
group_3871,0.20588235294117643,Inf,3,0,1,Enriched in Sixty Lake
nagZ_1,0.20588235294117643,Inf,3,0,1,Enriched in Sixty Lake
group_3870,0.20588235294117643,Inf,3,0,1,Enriched in Sixty Lake
ydcV_3,0.20588235294117643,Inf,3,0,1,Enriched in Sixty Lake
nadX,0.20588235294117643,Inf,3,0,1,Enriched in Sixty Lake
group_3869,0.20588235294117643,Inf,3,0,1,Enriched in Sixty Lake
group_3868,0.20588235294117643,Inf,3,0,1,Enriched in Sixty Lake
tcyA_2,0.20588235294117643,Inf,3,0,1,Enriched in Sixty Lake
group_3867,0.20588235294117643,Inf,3,0,1,Enriched in Sixty Lake
tcyL,0.20588235294117643,Inf,3,0,1,Enriched in Sixty Lake
group_3866,0.20588235294117643,Inf,3,0,1,Enriched in Sixty Lake
alkJ_3,0.20588235294117643,Inf,3,0,1,Enriched in Sixty Lake
group_3865,0.20588235294117643,Inf,3,0,1,Enriched in Sixty Lake
group_3864,0.20588235294117643,Inf,3,0,1,Enriched in Sixty Lake
iolI,0.20588235294117643,Inf,3,0,1,Enriched in Sixty Lake
lutA,0.20588235294117643,Inf,3,0,1,Enriched in Sixty Lake
group_3690,0.20588235294117643,Inf,3,0,1,Enriched in Sixty Lake
ktrB,0.20588235294117643,Inf,3,0,1,Enriched in Sixty Lake
group_3651,0.20588235294117643,Inf,3,0,1,Enriched in Sixty Lake
group_3568,0.20588235294117643,Inf,3,0,1,Enriched in Sixty Lake
group_3553,0.20588235294117643,Inf,3,0,1,Enriched in Sixty Lake
group_3546,0.20588235294117643,Inf,3,0,1,Enriched in Sixty Lake
group_3469,0.20588235294117643,Inf,3,0,1,Enriched in Sixty Lake
group_2886,0.20588235294117643,Inf,3,0,1,Enriched in Sixty Lake
group_2868,0.20588235294117643,Inf,3,0,1,Enriched in Sixty Lake
group_2863,0.20588235294117643,Inf,3,0,1,Enriched in Sixty Lake
group_2859,0.20588235294117643,Inf,3,0,1,Enriched in Sixty Lake
group_2846,0.20588235294117643,Inf,3,0,1,Enriched in Sixty Lake
group_2843,0.20588235294117643,Inf,3,0,1,Enriched in Sixty Lake
group_2807,0.20588235294117643,Inf,3,0,1,Enriched in Sixty Lake
group_2767,0.20588235294117643,Inf,3,0,1,Enriched in Sixty Lake
group_2757,0.20588235294117643,Inf,3,0,1,Enriched in Sixty Lake
group_2746,0.20588235294117643,Inf,3,0,1,Enriched in Sixty Lake
group_2745,0.20588235294117643,Inf,3,0,1,Enriched in Sixty Lake
group_2710,0.20588235294117643,Inf,3,0,1,Enriched in Sixty Lake
group_2706,0.20588235294117643,Inf,3,0,1,Enriched in Sixty Lake
group_2697,0.20588235294117643,Inf,3,0,1,Enriched in Sixty Lake
group_2696,0.20588235294117643,Inf,3,0,1,Enriched in Sixty Lake
group_2693,0.20588235294117643,Inf,3,0,1,Enriched in Sixty Lake
group_2691,0.20588235294117643,Inf,3,0,1,Enriched in Sixty Lake
group_2683,0.20588235294117643,Inf,3,0,1,Enriched in Sixty Lake
group_2669,0.20588235294117643,Inf,3,0,1,Enriched in Sixty Lake
group_2668,0.20588235294117643,Inf,3,0,1,Enriched in Sixty Lake
group_2655,0.20588235294117643,Inf,3,0,1,Enriched in Sixty Lake
group_2652,0.20588235294117643,Inf,3,0,1,Enriched in Sixty Lake
group_2642,0.20588235294117643,Inf,3,0,1,Enriched in Sixty Lake
group_2631,0.20588235294117643,Inf,3,0,1,Enriched in Sixty Lake
group_2614,0.20588235294117643,Inf,3,0,1,Enriched in Sixty Lake
group_2571,0.20588235294117643,Inf,3,0,1,Enriched in Sixty Lake
group_2566,0.20588235294117643,Inf,3,0,1,Enriched in Sixty Lake
group_2556,0.20588235294117643,Inf,3,0,1,Enriched in Sixty Lake
group_2541,0.20588235294117643,Inf,3,0,1,Enriched in Sixty Lake
group_2528,0.20588235294117643,Inf,3,0,1,Enriched in Sixty Lake
group_2527,0.20588235294117643,Inf,3,0,1,Enriched in Sixty Lake
group_2514,0.20588235294117643,Inf,3,0,1,Enriched in Sixty Lake
group_2510,0.20588235294117643,Inf,3,0,1,Enriched in Sixty Lake
group_2509,0.20588235294117643,Inf,3,0,1,Enriched in Sixty Lake
group_2504,0.20588235294117643,Inf,3,0,1,Enriched in Sixty Lake
group_2503,0.20588235294117643,Inf,3,0,1,Enriched in Sixty Lake
group_2489,0.20588235294117643,Inf,3,0,1,Enriched in Sixty Lake
group_2485,0.20588235294117643,Inf,3,0,1,Enriched in Sixty Lake
group_2473,0.20588235294117643,Inf,3,0,1,Enriched in Sixty Lake
group_2472,0.20588235294117643,Inf,3,0,1,Enriched in Sixty Lake
group_2463,0.20588235294117643,Inf,3,0,1,Enriched in Sixty Lake
group_2462,0.20588235294117643,Inf,3,0,1,Enriched in Sixty Lake
group_2454,0.20588235294117643,Inf,3,0,1,Enriched in Sixty Lake
group_2446,0.20588235294117643,Inf,3,0,1,Enriched in Sixty Lake
group_2445,0.20588235294117643,Inf,3,0,1,Enriched in Sixty Lake
group_2434,0.20588235294117643,Inf,3,0,1,Enriched in Sixty Lake
group_2432,0.20588235294117643,Inf,3,0,1,Enriched in Sixty Lake
group_2421,0.20588235294117643,Inf,3,0,1,Enriched in Sixty Lake
group_2412,0.20588235294117643,Inf,3,0,1,Enriched in Sixty Lake
group_2403,0.20588235294117643,Inf,3,0,1,Enriched in Sixty Lake
group_2400,0.20588235294117643,Inf,3,0,1,Enriched in Sixty Lake
group_2382,0.20588235294117643,Inf,3,0,1,Enriched in Sixty Lake
group_2380,0.20588235294117643,Inf,3,0,1,Enriched in Sixty Lake
group_2370,0.20588235294117643,Inf,3,0,1,Enriched in Sixty Lake
group_2360,0.20588235294117643,Inf,3,0,1,Enriched in Sixty Lake
group_2357,0.20588235294117643,Inf,3,0,1,Enriched in Sixty Lake
group_2337,0.20588235294117643,Inf,3,0,1,Enriched in Sixty Lake
group_2336,0.20588235294117643,Inf,3,0,1,Enriched in Sixty Lake
group_2326,0.20588235294117643,Inf,3,0,1,Enriched in Sixty Lake
group_2314,0.20588235294117643,Inf,3,0,1,Enriched in Sixty Lake
group_2313,0.20588235294117643,Inf,3,0,1,Enriched in Sixty Lake
group_2311,0.20588235294117643,Inf,3,0,1,Enriched in Sixty Lake
group_2280,0.20588235294117643,Inf,3,0,1,Enriched in Sixty Lake
group_2263,0.20588235294117643,Inf,3,0,1,Enriched in Sixty Lake
group_2260,0.20588235294117643,Inf,3,0,1,Enriched in Sixty Lake
group_2243,0.20588235294117643,Inf,3,0,1,Enriched in Sixty Lake
group_2229,0.20588235294117643,Inf,3,0,1,Enriched in Sixty Lake
group_2224,0.20588235294117643,Inf,3,0,1,Enriched in Sixty Lake
group_2215,0.20588235294117643,Inf,3,0,1,Enriched in Sixty Lake
group_2214,0.20588235294117643,Inf,3,0,1,Enriched in Sixty Lake
group_2201,0.20588235294117643,Inf,3,0,1,Enriched in Sixty Lake
group_2200,0.20588235294117643,Inf,3,0,1,Enriched in Sixty Lake
group_2199,0.20588235294117643,Inf,3,0,1,Enriched in Sixty Lake
group_2181,0.20588235294117643,Inf,3,0,1,Enriched in Sixty Lake
group_2121,0.20588235294117643,Inf,3,0,1,Enriched in Sixty Lake
group_2107,0.20588235294117643,Inf,3,0,1,Enriched in Sixty Lake
group_2104,0.20588235294117643,Inf,3,0,1,Enriched in Sixty Lake
group_2102,0.20588235294117643,Inf,3,0,1,Enriched in Sixty Lake
group_2095,0.20588235294117643,Inf,3,0,1,Enriched in Sixty Lake
group_2084,0.20588235294117643,Inf,3,0,1,Enriched in Sixty Lake
group_2060,0.20588235294117643,Inf,3,0,1,Enriched in Sixty Lake
group_2058,0.20588235294117643,Inf,3,0,1,Enriched in Sixty Lake
group_2050,0.20588235294117643,Inf,3,0,1,Enriched in Sixty Lake
group_2049,0.20588235294117643,Inf,3,0,1,Enriched in Sixty Lake
group_2045,0.20588235294117643,Inf,3,0,1,Enriched in Sixty Lake
group_2038,0.20588235294117643,Inf,3,0,1,Enriched in Sixty Lake
group_2024,0.20588235294117643,Inf,3,0,1,Enriched in Sixty Lake
group_2000,0.20588235294117643,Inf,3,0,1,Enriched in Sixty Lake
group_1981,0.20588235294117643,Inf,3,0,1,Enriched in Sixty Lake
group_1972,0.20588235294117643,Inf,3,0,1,Enriched in Sixty Lake
group_1970,0.20588235294117643,Inf,3,0,1,Enriched in Sixty Lake
group_1966,0.20588235294117643,Inf,3,0,1,Enriched in Sixty Lake
group_1949,0.20588235294117643,Inf,3,0,1,Enriched in Sixty Lake
group_1945,0.20588235294117643,Inf,3,0,1,Enriched in Sixty Lake
group_1883,0.20588235294117643,Inf,3,0,1,Enriched in Sixty Lake
group_1854,0.20588235294117643,Inf,3,0,1,Enriched in Sixty Lake
group_1846,0.20588235294117643,Inf,3,0,1,Enriched in Sixty Lake
group_1839,0.20588235294117643,Inf,3,0,1,Enriched in Sixty Lake
group_1815,0.20588235294117643,Inf,3,0,1,Enriched in Sixty Lake
group_1794,0.20588235294117643,Inf,3,0,1,Enriched in Sixty Lake
group_1773,0.20588235294117643,Inf,3,0,1,Enriched in Sixty Lake
group_1748,0.20588235294117643,Inf,3,0,1,Enriched in Sixty Lake
group_1740,0.20588235294117643,Inf,3,0,1,Enriched in Sixty Lake
hcpA_2,0.20588235294117643,Inf,3,0,1,Enriched in Sixty Lake
group_1681,0.20588235294117643,Inf,3,0,1,Enriched in Sixty Lake
group_1672,0.20588235294117643,Inf,3,0,1,Enriched in Sixty Lake
group_1656,0.20588235294117643,Inf,3,0,1,Enriched in Sixty Lake
group_1645,0.20588235294117643,Inf,3,0,1,Enriched in Sixty Lake
group_1643,0.20588235294117643,Inf,3,0,1,Enriched in Sixty Lake
group_1631,0.20588235294117643,Inf,3,0,1,Enriched in Sixty Lake
group_1618,0.20588235294117643,Inf,3,0,1,Enriched in Sixty Lake
group_1611,0.20588235294117643,Inf,3,0,1,Enriched in Sixty Lake
group_1610,0.20588235294117643,Inf,3,0,1,Enriched in Sixty Lake
group_1604,0.20588235294117643,Inf,3,0,1,Enriched in Sixty Lake
group_1593,0.20588235294117643,Inf,3,0,1,Enriched in Sixty Lake
group_1589,0.20588235294117643,Inf,3,0,1,Enriched in Sixty Lake
group_1588,0.20588235294117643,Inf,3,0,1,Enriched in Sixty Lake
group_1554,0.20588235294117643,Inf,3,0,1,Enriched in Sixty Lake
group_1544,0.20588235294117643,Inf,3,0,1,Enriched in Sixty Lake
group_1538,0.20588235294117643,Inf,3,0,1,Enriched in Sixty Lake
group_1507,0.20588235294117643,Inf,3,0,1,Enriched in Sixty Lake
group_1500,0.20588235294117643,Inf,3,0,1,Enriched in Sixty Lake
group_1482,0.20588235294117643,Inf,3,0,1,Enriched in Sixty Lake
group_1461,0.20588235294117643,Inf,3,0,1,Enriched in Sixty Lake
group_1456,0.20588235294117643,Inf,3,0,1,Enriched in Sixty Lake
group_1451,0.20588235294117643,Inf,3,0,1,Enriched in Sixty Lake
bin3_1,0.20588235294117643,Inf,3,0,1,Enriched in Sixty Lake
group_1413,0.20588235294117643,Inf,3,0,1,Enriched in Sixty Lake
group_1399,0.20588235294117643,Inf,3,0,1,Enriched in Sixty Lake
group_1398,0.20588235294117643,Inf,3,0,1,Enriched in Sixty Lake
group_1391,0.20588235294117643,Inf,3,0,1,Enriched in Sixty Lake
group_1371,0.20588235294117643,Inf,3,0,1,Enriched in Sixty Lake
group_1370,0.20588235294117643,Inf,3,0,1,Enriched in Sixty Lake
group_1350,0.20588235294117643,Inf,3,0,1,Enriched in Sixty Lake
group_1316,0.20588235294117643,Inf,3,0,1,Enriched in Sixty Lake
group_1315,0.20588235294117643,Inf,3,0,1,Enriched in Sixty Lake
group_1304,0.20588235294117643,Inf,3,0,1,Enriched in Sixty Lake
group_1282,0.20588235294117643,Inf,3,0,1,Enriched in Sixty Lake
group_1281,0.20588235294117643,Inf,3,0,1,Enriched in Sixty Lake
group_1270,0.20588235294117643,Inf,3,0,1,Enriched in Sixty Lake
group_1269,0.20588235294117643,Inf,3,0,1,Enriched in Sixty Lake
group_1268,0.20588235294117643,Inf,3,0,1,Enriched in Sixty Lake
group_1267,0.20588235294117643,Inf,3,0,1,Enriched in Sixty Lake
group_1258,0.20588235294117643,Inf,3,0,1,Enriched in Sixty Lake
group_1250,0.20588235294117643,Inf,3,0,1,Enriched in Sixty Lake
group_1233,1,2.1846490367148843,2,1,1,Enriched in Sixty Lake
group_1232,0.20588235294117643,Inf,3,0,1,Enriched in Sixty Lake
group_1231,0.20588235294117643,Inf,3,0,1,Enriched in Sixty Lake
group_1222,0.20588235294117643,Inf,3,0,1,Enriched in Sixty Lake
group_1205,0.20588235294117643,Inf,3,0,1,Enriched in Sixty Lake
group_1197,0.20588235294117643,Inf,3,0,1,Enriched in Sixty Lake
group_1196,0.20588235294117643,Inf,3,0,1,Enriched in Sixty Lake
group_1195,0.20588235294117643,Inf,3,0,1,Enriched in Sixty Lake
group_1192,0.20588235294117643,Inf,3,0,1,Enriched in Sixty Lake
group_1186,0.20588235294117643,Inf,3,0,1,Enriched in Sixty Lake
group_1185,0.20588235294117643,Inf,3,0,1,Enriched in Sixty Lake
group_1169,0.20588235294117643,Inf,3,0,1,Enriched in Sixty Lake
group_1161,0.20588235294117643,Inf,3,0,1,Enriched in Sixty Lake
group_1089,0.20588235294117643,Inf,3,0,1,Enriched in Sixty Lake
group_1082,0.20588235294117643,Inf,3,0,1,Enriched in Sixty Lake
group_1074,0.20588235294117643,Inf,3,0,1,Enriched in Sixty Lake
group_1072,0.20588235294117643,Inf,3,0,1,Enriched in Sixty Lake
group_1049,0.20588235294117643,Inf,3,0,1,Enriched in Sixty Lake
group_1012,0.20588235294117643,Inf,3,0,1,Enriched in Sixty Lake
group_1010,0.20588235294117643,Inf,3,0,1,Enriched in Sixty Lake
group_991,0.20588235294117643,Inf,3,0,1,Enriched in Sixty Lake
group_985,0.20588235294117643,Inf,3,0,1,Enriched in Sixty Lake
group_964,0.20588235294117643,Inf,3,0,1,Enriched in Sixty Lake
group_957,0.20588235294117643,Inf,3,0,1,Enriched in Sixty Lake
group_938,0.20588235294117643,Inf,3,0,1,Enriched in Sixty Lake
group_933,0.20588235294117643,Inf,3,0,1,Enriched in Sixty Lake
group_932,0.20588235294117643,Inf,3,0,1,Enriched in Sixty Lake
group_910,0.20588235294117643,Inf,3,0,1,Enriched in Sixty Lake
group_909,0.20588235294117643,Inf,3,0,1,Enriched in Sixty Lake
group_899,0.20588235294117643,Inf,3,0,1,Enriched in Sixty Lake
group_881,0.20588235294117643,Inf,3,0,1,Enriched in Sixty Lake
group_872,0.20588235294117643,Inf,3,0,1,Enriched in Sixty Lake
group_861,0.20588235294117643,Inf,3,0,1,Enriched in Sixty Lake
group_834,0.20588235294117643,Inf,3,0,1,Enriched in Sixty Lake
group_813,0.20588235294117643,Inf,3,0,1,Enriched in Sixty Lake
group_775,0.20588235294117643,Inf,3,0,1,Enriched in Sixty Lake
group_774,0.20588235294117643,Inf,3,0,1,Enriched in Sixty Lake
group_764,0.20588235294117643,Inf,3,0,1,Enriched in Sixty Lake
group_762,0.20588235294117643,Inf,3,0,1,Enriched in Sixty Lake
group_694,0.20588235294117643,Inf,3,0,1,Enriched in Sixty Lake
group_690,0.20588235294117643,Inf,3,0,1,Enriched in Sixty Lake
group_667,0.20588235294117643,Inf,3,0,1,Enriched in Sixty Lake
group_661,0.20588235294117643,Inf,3,0,1,Enriched in Sixty Lake
group_660,0.20588235294117643,Inf,3,0,1,Enriched in Sixty Lake
group_640,0.20588235294117643,Inf,3,0,1,Enriched in Sixty Lake
group_611,0.20588235294117643,Inf,3,0,1,Enriched in Sixty Lake
group_607,0.20588235294117643,Inf,3,0,1,Enriched in Sixty Lake
ipsA,0.20588235294117643,Inf,3,0,1,Enriched in Sixty Lake
group_600,0.20588235294117643,Inf,3,0,1,Enriched in Sixty Lake
group_595,0.20588235294117643,Inf,3,0,1,Enriched in Sixty Lake
group_584,0.20588235294117643,Inf,3,0,1,Enriched in Sixty Lake
group_576,0.20588235294117643,Inf,3,0,1,Enriched in Sixty Lake
ybjJ_3,0.20588235294117643,Inf,3,0,1,Enriched in Sixty Lake
group_554,0.20588235294117643,Inf,3,0,1,Enriched in Sixty Lake
group_552,0.20588235294117643,Inf,3,0,1,Enriched in Sixty Lake
group_530,0.20588235294117643,Inf,3,0,1,Enriched in Sixty Lake
group_497,0.20588235294117643,Inf,3,0,1,Enriched in Sixty Lake
group_491,0.20588235294117643,Inf,3,0,1,Enriched in Sixty Lake
aplIM,0.20588235294117643,Inf,3,0,1,Enriched in Sixty Lake
intQ,0.20588235294117643,Inf,3,0,1,Enriched in Sixty Lake
group_479,0.20588235294117643,Inf,3,0,1,Enriched in Sixty Lake
group_472,0.20588235294117643,Inf,3,0,1,Enriched in Sixty Lake
group_466,0.20588235294117643,Inf,3,0,1,Enriched in Sixty Lake
group_462,0.20588235294117643,Inf,3,0,1,Enriched in Sixty Lake
ybjJ_2,0.20588235294117643,Inf,3,0,1,Enriched in Sixty Lake
group_425,0.20588235294117643,Inf,3,0,1,Enriched in Sixty Lake
group_423,0.20588235294117643,Inf,3,0,1,Enriched in Sixty Lake
group_421,0.20588235294117643,Inf,3,0,1,Enriched in Sixty Lake
hpsN,0.20588235294117643,Inf,3,0,1,Enriched in Sixty Lake
group_390,0.20588235294117643,Inf,3,0,1,Enriched in Sixty Lake
group_389,0.20588235294117643,Inf,3,0,1,Enriched in Sixty Lake
group_387,0.20588235294117643,Inf,3,0,1,Enriched in Sixty Lake
group_386,0.20588235294117643,Inf,3,0,1,Enriched in Sixty Lake
group_307,0.20588235294117643,Inf,3,0,1,Enriched in Sixty Lake
group_296,0.20588235294117643,Inf,3,0,1,Enriched in Sixty Lake
group_282,0.20588235294117643,Inf,3,0,1,Enriched in Sixty Lake
group_268,0.20588235294117643,Inf,3,0,1,Enriched in Sixty Lake
group_264,0.20588235294117643,Inf,3,0,1,Enriched in Sixty Lake
livQ,0.20588235294117643,Inf,3,0,1,Enriched in Sixty Lake
group_248,0.20588235294117643,Inf,3,0,1,Enriched in Sixty Lake
group_244,0.20588235294117643,Inf,3,0,1,Enriched in Sixty Lake
group_236,0.20588235294117643,Inf,3,0,1,Enriched in Sixty Lake
group_234,0.20588235294117643,Inf,3,0,1,Enriched in Sixty Lake
group_224,0.20588235294117643,Inf,3,0,1,Enriched in Sixty Lake
group_222,0.20588235294117643,Inf,3,0,1,Enriched in Sixty Lake
pal_4,0.20588235294117643,Inf,3,0,1,Enriched in Sixty Lake
group_204,0.20588235294117643,Inf,3,0,1,Enriched in Sixty Lake
group_203,0.20588235294117643,Inf,3,0,1,Enriched in Sixty Lake
ilvI_2,0.20588235294117643,Inf,3,0,1,Enriched in Sixty Lake
group_195,0.20588235294117643,Inf,3,0,1,Enriched in Sixty Lake
group_185,0.20588235294117643,Inf,3,0,1,Enriched in Sixty Lake
group_159,0.20588235294117643,Inf,3,0,1,Enriched in Sixty Lake
group_156,0.20588235294117643,Inf,3,0,1,Enriched in Sixty Lake
group_153,0.20588235294117643,Inf,3,0,1,Enriched in Sixty Lake
group_145,0.20588235294117643,Inf,3,0,1,Enriched in Sixty Lake
group_124,0.20588235294117643,Inf,3,0,1,Enriched in Sixty Lake
group_117,0.20588235294117643,Inf,3,0,1,Enriched in Sixty Lake
group_113,0.20588235294117643,Inf,3,0,1,Enriched in Sixty Lake
group_112,0.20588235294117643,Inf,3,0,1,Enriched in Sixty Lake
group_110,0.20588235294117643,Inf,3,0,1,Enriched in Sixty Lake
group_99,0.20588235294117643,Inf,3,0,1,Enriched in Sixty Lake
group_74,0.20588235294117643,Inf,3,0,1,Enriched in Sixty Lake
clpV1_3,0.20588235294117643,Inf,3,0,1,Enriched in Sixty Lake
group_67,0.20588235294117643,Inf,3,0,1,Enriched in Sixty Lake
dnaG_1,0.20588235294117643,Inf,3,0,1,Enriched in Sixty Lake
group_44,0.20588235294117643,Inf,3,0,1,Enriched in Sixty Lake
group_41,0.20588235294117643,Inf,3,0,1,Enriched in Sixty Lake
group_34,0.20588235294117643,Inf,3,0,1,Enriched in Sixty Lake
cpdA_3,0.20588235294117643,Inf,3,0,1,Enriched in Sixty Lake
group_30,0.20588235294117643,Inf,3,0,1,Enriched in Sixty Lake
group_24,0.20588235294117643,Inf,3,0,1,Enriched in Sixty Lake
group_22,0.20588235294117643,Inf,3,0,1,Enriched in Sixty Lake
group_4346,0.47058823529411764,0,0,2,1,Enriched in Conness Pond
group_4345,0.47058823529411764,0,0,2,1,Enriched in Conness Pond
group_4344,0.47058823529411764,0,0,2,1,Enriched in Conness Pond
group_4343,0.47058823529411764,0,0,2,1,Enriched in Conness Pond
group_4342,0.47058823529411764,0,0,2,1,Enriched in Conness Pond
group_4340,0.47058823529411764,0,0,2,1,Enriched in Conness Pond
group_4339,0.47058823529411764,0,0,2,1,Enriched in Conness Pond
group_4329,1,1,1,1,1,No difference
group_4316,1,1,1,1,1,No difference
group_4313,1,1,1,1,1,No difference
group_4298,1,1,1,1,1,No difference
group_4297,1,1,1,1,1,No difference
group_4265,1,1,1,1,1,No difference
group_4264,1,1,1,1,1,No difference
group_4262,1,1,1,1,1,No difference
group_4260,1,1,1,1,1,No difference
sir2_2,0.47058823529411764,Inf,2,0,1,Enriched in Sixty Lake
group_3879,0.47058823529411764,Inf,2,0,1,Enriched in Sixty Lake
bacC_2,1,1,1,1,1,No difference
group_3444,1,1,1,1,1,No difference
group_3442,1,1,1,1,1,No difference
group_3441,1,1,1,1,1,No difference
group_3440,1,1,1,1,1,No difference
group_3439,1,1,1,1,1,No difference
group_3438,1,1,1,1,1,No difference
group_3437,1,1,1,1,1,No difference
group_3436,1,1,1,1,1,No difference
group_3432,1,1,1,1,1,No difference
group_3428,1,1,1,1,1,No difference
group_3427,1,1,1,1,1,No difference
group_3426,1,1,1,1,1,No difference
group_3420,1,1,1,1,1,No difference
group_3378,1,1,1,1,1,No difference
group_3371,1,1,1,1,1,No difference
group_3363,1,1,1,1,1,No difference
group_3342,1,1,1,1,1,No difference
rhsC,0.47058823529411764,Inf,2,0,1,Enriched in Sixty Lake
gpFI_2,1,1,1,1,1,No difference
group_3273,1,1,1,1,1,No difference
group_3240,1,1,1,1,1,No difference
group_2870,0.47058823529411764,Inf,2,0,1,Enriched in Sixty Lake
group_2852,1,1,1,1,1,No difference
group_2704,0.47058823529411764,Inf,2,0,1,Enriched in Sixty Lake
group_2325,0.47058823529411764,Inf,2,0,1,Enriched in Sixty Lake
group_2269,0.47058823529411764,Inf,2,0,1,Enriched in Sixty Lake
group_2149,0.47058823529411764,Inf,2,0,1,Enriched in Sixty Lake
crcB_1,0.47058823529411764,Inf,2,0,1,Enriched in Sixty Lake
group_1924,0.47058823529411764,Inf,2,0,1,Enriched in Sixty Lake
group_1744,1,1,1,1,1,No difference
group_1646,1,1,1,1,1,No difference
group_1384,0.47058823529411764,Inf,2,0,1,Enriched in Sixty Lake
group_1030,1,1,1,1,1,No difference
group_655,0.47058823529411764,Inf,2,0,1,Enriched in Sixty Lake
group_418,1,1,1,1,1,No difference
group_284,0.47058823529411764,Inf,2,0,1,Enriched in Sixty Lake
group_125,1,1,1,1,1,No difference
group_4351,1,0,0,1,1,Enriched in Conness Pond
group_4350,1,0,0,1,1,Enriched in Conness Pond
group_4349,1,0,0,1,1,Enriched in Conness Pond
group_4347,1,0,0,1,1,Enriched in Conness Pond
group_4328,1,Inf,1,0,1,Enriched in Sixty Lake
group_4327,1,Inf,1,0,1,Enriched in Sixty Lake
group_4326,1,Inf,1,0,1,Enriched in Sixty Lake
group_4325,1,Inf,1,0,1,Enriched in Sixty Lake
group_4324,1,Inf,1,0,1,Enriched in Sixty Lake
group_4323,1,Inf,1,0,1,Enriched in Sixty Lake
group_4322,1,Inf,1,0,1,Enriched in Sixty Lake
group_4321,1,Inf,1,0,1,Enriched in Sixty Lake
group_4320,1,Inf,1,0,1,Enriched in Sixty Lake
group_4319,1,Inf,1,0,1,Enriched in Sixty Lake
group_4318,1,Inf,1,0,1,Enriched in Sixty Lake
group_4317,1,Inf,1,0,1,Enriched in Sixty Lake
group_4315,1,Inf,1,0,1,Enriched in Sixty Lake
group_4314,1,Inf,1,0,1,Enriched in Sixty Lake
group_4312,1,Inf,1,0,1,Enriched in Sixty Lake
group_4311,1,Inf,1,0,1,Enriched in Sixty Lake
group_4310,1,Inf,1,0,1,Enriched in Sixty Lake
group_4309,1,Inf,1,0,1,Enriched in Sixty Lake
group_4308,1,Inf,1,0,1,Enriched in Sixty Lake
group_4307,1,Inf,1,0,1,Enriched in Sixty Lake
group_4306,1,Inf,1,0,1,Enriched in Sixty Lake
group_4305,1,Inf,1,0,1,Enriched in Sixty Lake
group_4304,1,Inf,1,0,1,Enriched in Sixty Lake
group_4303,1,Inf,1,0,1,Enriched in Sixty Lake
group_4302,1,Inf,1,0,1,Enriched in Sixty Lake
group_4301,1,Inf,1,0,1,Enriched in Sixty Lake
emrE,1,Inf,1,0,1,Enriched in Sixty Lake
group_4300,1,Inf,1,0,1,Enriched in Sixty Lake
group_4299,1,Inf,1,0,1,Enriched in Sixty Lake
group_4296,1,Inf,1,0,1,Enriched in Sixty Lake
group_4295,1,Inf,1,0,1,Enriched in Sixty Lake
group_4294,1,Inf,1,0,1,Enriched in Sixty Lake
yheS_1,1,Inf,1,0,1,Enriched in Sixty Lake
group_4293,1,Inf,1,0,1,Enriched in Sixty Lake
group_4292,1,Inf,1,0,1,Enriched in Sixty Lake
group_4291,1,Inf,1,0,1,Enriched in Sixty Lake
group_4290,1,Inf,1,0,1,Enriched in Sixty Lake
group_4289,1,Inf,1,0,1,Enriched in Sixty Lake
group_4288,1,Inf,1,0,1,Enriched in Sixty Lake
group_4287,1,Inf,1,0,1,Enriched in Sixty Lake
group_4286,1,Inf,1,0,1,Enriched in Sixty Lake
group_4285,1,Inf,1,0,1,Enriched in Sixty Lake
group_4284,1,Inf,1,0,1,Enriched in Sixty Lake
group_4283,1,Inf,1,0,1,Enriched in Sixty Lake
group_4282,1,Inf,1,0,1,Enriched in Sixty Lake
group_4281,1,Inf,1,0,1,Enriched in Sixty Lake
group_4280,1,Inf,1,0,1,Enriched in Sixty Lake
group_4279,1,Inf,1,0,1,Enriched in Sixty Lake
group_4278,1,Inf,1,0,1,Enriched in Sixty Lake
group_4277,1,Inf,1,0,1,Enriched in Sixty Lake
group_4276,1,Inf,1,0,1,Enriched in Sixty Lake
group_4275,1,Inf,1,0,1,Enriched in Sixty Lake
hxpA_2,1,Inf,1,0,1,Enriched in Sixty Lake
acrE,1,Inf,1,0,1,Enriched in Sixty Lake
group_4252,1,Inf,1,0,1,Enriched in Sixty Lake
group_4245,1,Inf,1,0,1,Enriched in Sixty Lake
group_3783,1,Inf,1,0,1,Enriched in Sixty Lake
group_3767,1,Inf,1,0,1,Enriched in Sixty Lake
group_3737,1,Inf,1,0,1,Enriched in Sixty Lake
group_3696,1,Inf,1,0,1,Enriched in Sixty Lake
group_3669,1,Inf,1,0,1,Enriched in Sixty Lake
group_3666,1,Inf,1,0,1,Enriched in Sixty Lake
intA_3,1,Inf,1,0,1,Enriched in Sixty Lake
group_3616,1,Inf,1,0,1,Enriched in Sixty Lake
group_3591,1,Inf,1,0,1,Enriched in Sixty Lake
group_3571,1,Inf,1,0,1,Enriched in Sixty Lake
group_3570,1,0,0,1,1,Enriched in Conness Pond
group_3556,1,0,0,1,1,Enriched in Conness Pond
group_3539,1,Inf,1,0,1,Enriched in Sixty Lake
group_3510,1,Inf,1,0,1,Enriched in Sixty Lake
group_3507,1,Inf,1,0,1,Enriched in Sixty Lake
group_3504,1,Inf,1,0,1,Enriched in Sixty Lake
group_3500,1,Inf,1,0,1,Enriched in Sixty Lake
group_3471,1,0,0,1,1,Enriched in Conness Pond
group_3468,1,Inf,1,0,1,Enriched in Sixty Lake
group_3458,1,Inf,1,0,1,Enriched in Sixty Lake
group_3453,1,0,0,1,1,Enriched in Conness Pond
group_3443,1,Inf,1,0,1,Enriched in Sixty Lake
group_2888,1,0,0,1,1,Enriched in Conness Pond
group_2887,1,Inf,1,0,1,Enriched in Sixty Lake
group_2883,1,Inf,1,0,1,Enriched in Sixty Lake
group_2882,1,Inf,1,0,1,Enriched in Sixty Lake
group_2878,1,0,0,1,1,Enriched in Conness Pond
group_2877,1,Inf,1,0,1,Enriched in Sixty Lake
group_2876,1,0,0,1,1,Enriched in Conness Pond
group_2875,1,Inf,1,0,1,Enriched in Sixty Lake
group_2871,1,Inf,1,0,1,Enriched in Sixty Lake
group_2869,1,Inf,1,0,1,Enriched in Sixty Lake
group_2865,1,Inf,1,0,1,Enriched in Sixty Lake
group_2861,1,0,0,1,1,Enriched in Conness Pond
group_2856,1,Inf,1,0,1,Enriched in Sixty Lake
group_2838,1,0,0,1,1,Enriched in Conness Pond
group_2835,1,Inf,1,0,1,Enriched in Sixty Lake
group_2832,1,0,0,1,1,Enriched in Conness Pond
group_2829,1,Inf,1,0,1,Enriched in Sixty Lake
group_2827,1,0,0,1,1,Enriched in Conness Pond
group_2826,1,0,0,1,1,Enriched in Conness Pond
group_2819,1,0,0,1,1,Enriched in Conness Pond
group_2817,1,Inf,1,0,1,Enriched in Sixty Lake
group_2816,1,Inf,1,0,1,Enriched in Sixty Lake
group_2810,1,Inf,1,0,1,Enriched in Sixty Lake
group_2798,1,0,0,1,1,Enriched in Conness Pond
group_2793,1,0,0,1,1,Enriched in Conness Pond
group_2786,1,0,0,1,1,Enriched in Conness Pond
group_2777,1,0,0,1,1,Enriched in Conness Pond
group_2776,1,0,0,1,1,Enriched in Conness Pond
group_2775,1,Inf,1,0,1,Enriched in Sixty Lake
group_2770,1,Inf,1,0,1,Enriched in Sixty Lake
group_2768,1,0,0,1,1,Enriched in Conness Pond
group_2765,1,Inf,1,0,1,Enriched in Sixty Lake
group_2764,1,Inf,1,0,1,Enriched in Sixty Lake
group_2759,1,0,0,1,1,Enriched in Conness Pond
group_2749,1,0,0,1,1,Enriched in Conness Pond
group_2748,1,0,0,1,1,Enriched in Conness Pond
group_2736,1,0,0,1,1,Enriched in Conness Pond
group_2728,1,Inf,1,0,1,Enriched in Sixty Lake
group_2726,1,Inf,1,0,1,Enriched in Sixty Lake
group_2725,1,Inf,1,0,1,Enriched in Sixty Lake
group_2719,1,0,0,1,1,Enriched in Conness Pond
group_2714,1,0,0,1,1,Enriched in Conness Pond
group_2713,1,0,0,1,1,Enriched in Conness Pond
group_2712,1,0,0,1,1,Enriched in Conness Pond
group_2699,1,0,0,1,1,Enriched in Conness Pond
group_2694,1,0,0,1,1,Enriched in Conness Pond
group_2690,1,0,0,1,1,Enriched in Conness Pond
group_2678,1,0,0,1,1,Enriched in Conness Pond
group_2661,1,Inf,1,0,1,Enriched in Sixty Lake
group_2659,1,0,0,1,1,Enriched in Conness Pond
group_2658,1,0,0,1,1,Enriched in Conness Pond
group_2657,1,0,0,1,1,Enriched in Conness Pond
group_2656,1,Inf,1,0,1,Enriched in Sixty Lake
group_2649,1,Inf,1,0,1,Enriched in Sixty Lake
group_2644,1,0,0,1,1,Enriched in Conness Pond
group_2643,1,0,0,1,1,Enriched in Conness Pond
group_2634,1,0,0,1,1,Enriched in Conness Pond
group_2633,1,0,0,1,1,Enriched in Conness Pond
group_2620,1,0,0,1,1,Enriched in Conness Pond
group_2604,1,Inf,1,0,1,Enriched in Sixty Lake
group_2603,1,0,0,1,1,Enriched in Conness Pond
group_2602,1,0,0,1,1,Enriched in Conness Pond
group_2597,1,Inf,1,0,1,Enriched in Sixty Lake
group_2596,1,Inf,1,0,1,Enriched in Sixty Lake
group_2592,1,Inf,1,0,1,Enriched in Sixty Lake
group_2585,1,0,0,1,1,Enriched in Conness Pond
group_2584,1,0,0,1,1,Enriched in Conness Pond
group_2583,1,0,0,1,1,Enriched in Conness Pond
group_2582,1,0,0,1,1,Enriched in Conness Pond
group_2577,1,Inf,1,0,1,Enriched in Sixty Lake
group_2576,1,Inf,1,0,1,Enriched in Sixty Lake
group_2561,1,Inf,1,0,1,Enriched in Sixty Lake
group_2558,1,Inf,1,0,1,Enriched in Sixty Lake
group_2557,1,Inf,1,0,1,Enriched in Sixty Lake
group_2548,1,0,0,1,1,Enriched in Conness Pond
group_2547,1,0,0,1,1,Enriched in Conness Pond
group_2543,1,0,0,1,1,Enriched in Conness Pond
group_2537,1,0,0,1,1,Enriched in Conness Pond
group_2536,1,0,0,1,1,Enriched in Conness Pond
group_2532,1,Inf,1,0,1,Enriched in Sixty Lake
group_2519,1,0,0,1,1,Enriched in Conness Pond
group_2499,1,Inf,1,0,1,Enriched in Sixty Lake
group_2494,1,0,0,1,1,Enriched in Conness Pond
group_2493,1,0,0,1,1,Enriched in Conness Pond
group_2490,1,Inf,1,0,1,Enriched in Sixty Lake
group_2479,1,Inf,1,0,1,Enriched in Sixty Lake
group_2476,1,0,0,1,1,Enriched in Conness Pond
group_2466,1,Inf,1,0,1,Enriched in Sixty Lake
group_2438,1,0,0,1,1,Enriched in Conness Pond
group_2436,1,Inf,1,0,1,Enriched in Sixty Lake
group_2435,1,Inf,1,0,1,Enriched in Sixty Lake
group_2428,1,Inf,1,0,1,Enriched in Sixty Lake
group_2425,1,0,0,1,1,Enriched in Conness Pond
group_2407,1,Inf,1,0,1,Enriched in Sixty Lake
group_2395,1,Inf,1,0,1,Enriched in Sixty Lake
group_2391,1,Inf,1,0,1,Enriched in Sixty Lake
group_2386,1,0,0,1,1,Enriched in Conness Pond
group_2383,1,Inf,1,0,1,Enriched in Sixty Lake
group_2376,1,0,0,1,1,Enriched in Conness Pond
group_2375,1,Inf,1,0,1,Enriched in Sixty Lake
group_2374,1,Inf,1,0,1,Enriched in Sixty Lake
group_2369,1,Inf,1,0,1,Enriched in Sixty Lake
group_2364,1,0,0,1,1,Enriched in Conness Pond
group_2363,1,0,0,1,1,Enriched in Conness Pond
group_2355,1,0,0,1,1,Enriched in Conness Pond
group_2353,1,Inf,1,0,1,Enriched in Sixty Lake
group_2344,1,Inf,1,0,1,Enriched in Sixty Lake
group_2333,1,Inf,1,0,1,Enriched in Sixty Lake
group_2327,1,Inf,1,0,1,Enriched in Sixty Lake
group_2302,1,0,0,1,1,Enriched in Conness Pond
group_2301,1,0,0,1,1,Enriched in Conness Pond
group_2300,1,0,0,1,1,Enriched in Conness Pond
group_2299,1,0,0,1,1,Enriched in Conness Pond
group_2297,1,Inf,1,0,1,Enriched in Sixty Lake
group_2267,1,Inf,1,0,1,Enriched in Sixty Lake
group_2244,1,Inf,1,0,1,Enriched in Sixty Lake
group_2241,1,Inf,1,0,1,Enriched in Sixty Lake
group_2233,1,0,0,1,1,Enriched in Conness Pond
group_2232,1,0,0,1,1,Enriched in Conness Pond
group_2219,1,0,0,1,1,Enriched in Conness Pond
group_2204,1,0,0,1,1,Enriched in Conness Pond
group_2202,1,Inf,1,0,1,Enriched in Sixty Lake
group_2184,1,0,0,1,1,Enriched in Conness Pond
group_2183,1,0,0,1,1,Enriched in Conness Pond
group_2182,1,Inf,1,0,1,Enriched in Sixty Lake
group_2170,1,Inf,1,0,1,Enriched in Sixty Lake
group_2169,1,Inf,1,0,1,Enriched in Sixty Lake
group_2161,1,0,0,1,1,Enriched in Conness Pond
group_2152,1,0,0,1,1,Enriched in Conness Pond
group_2144,1,0,0,1,1,Enriched in Conness Pond
group_2132,1,0,0,1,1,Enriched in Conness Pond
group_2126,1,0,0,1,1,Enriched in Conness Pond
group_2111,1,0,0,1,1,Enriched in Conness Pond
group_2110,1,0,0,1,1,Enriched in Conness Pond
group_2090,1,0,0,1,1,Enriched in Conness Pond
group_2089,1,0,0,1,1,Enriched in Conness Pond
group_2087,1,Inf,1,0,1,Enriched in Sixty Lake
group_2086,1,Inf,1,0,1,Enriched in Sixty Lake
yfdG,1,Inf,1,0,1,Enriched in Sixty Lake
group_2068,1,0,0,1,1,Enriched in Conness Pond
group_2067,1,0,0,1,1,Enriched in Conness Pond
group_2066,1,0,0,1,1,Enriched in Conness Pond
group_2053,1,0,0,1,1,Enriched in Conness Pond
group_2034,1,Inf,1,0,1,Enriched in Sixty Lake
group_2030,1,0,0,1,1,Enriched in Conness Pond
group_2029,1,0,0,1,1,Enriched in Conness Pond
group_2025,1,0,0,1,1,Enriched in Conness Pond
group_2019,1,0,0,1,1,Enriched in Conness Pond
group_2016,1,Inf,1,0,1,Enriched in Sixty Lake
group_1967,1,0,0,1,1,Enriched in Conness Pond
group_1962,1,0,0,1,1,Enriched in Conness Pond
group_1955,1,Inf,1,0,1,Enriched in Sixty Lake
group_1951,1,0,0,1,1,Enriched in Conness Pond
group_1940,1,0,0,1,1,Enriched in Conness Pond
group_1935,1,Inf,1,0,1,Enriched in Sixty Lake
group_1930,1,Inf,1,0,1,Enriched in Sixty Lake
group_1927,1,Inf,1,0,1,Enriched in Sixty Lake
group_1908,1,0,0,1,1,Enriched in Conness Pond
group_1907,1,0,0,1,1,Enriched in Conness Pond
group_1897,1,0,0,1,1,Enriched in Conness Pond
group_1896,1,0,0,1,1,Enriched in Conness Pond
group_1887,1,Inf,1,0,1,Enriched in Sixty Lake
group_1877,1,Inf,1,0,1,Enriched in Sixty Lake
group_1873,1,0,0,1,1,Enriched in Conness Pond
group_1867,1,0,0,1,1,Enriched in Conness Pond
group_1857,1,0,0,1,1,Enriched in Conness Pond
group_1848,1,0,0,1,1,Enriched in Conness Pond
group_1838,1,Inf,1,0,1,Enriched in Sixty Lake
group_1825,1,0,0,1,1,Enriched in Conness Pond
group_1824,1,Inf,1,0,1,Enriched in Sixty Lake
group_1823,1,Inf,1,0,1,Enriched in Sixty Lake
group_1817,1,0,0,1,1,Enriched in Conness Pond
group_1807,1,Inf,1,0,1,Enriched in Sixty Lake
group_1800,1,0,0,1,1,Enriched in Conness Pond
group_1799,1,0,0,1,1,Enriched in Conness Pond
group_1785,1,0,0,1,1,Enriched in Conness Pond
group_1784,1,0,0,1,1,Enriched in Conness Pond
group_1775,1,Inf,1,0,1,Enriched in Sixty Lake
group_1754,1,0,0,1,1,Enriched in Conness Pond
group_1753,1,0,0,1,1,Enriched in Conness Pond
group_1752,1,0,0,1,1,Enriched in Conness Pond
group_1746,1,Inf,1,0,1,Enriched in Sixty Lake
group_1732,1,0,0,1,1,Enriched in Conness Pond
group_1728,1,Inf,1,0,1,Enriched in Sixty Lake
group_1723,1,0,0,1,1,Enriched in Conness Pond
group_1714,1,Inf,1,0,1,Enriched in Sixty Lake
group_1702,1,0,0,1,1,Enriched in Conness Pond
group_1694,1,0,0,1,1,Enriched in Conness Pond
group_1683,1,0,0,1,1,Enriched in Conness Pond
group_1673,1,0,0,1,1,Enriched in Conness Pond
group_1668,1,Inf,1,0,1,Enriched in Sixty Lake
group_1664,1,0,0,1,1,Enriched in Conness Pond
group_1657,1,0,0,1,1,Enriched in Conness Pond
group_1650,1,0,0,1,1,Enriched in Conness Pond
group_1649,1,0,0,1,1,Enriched in Conness Pond
group_1635,1,Inf,1,0,1,Enriched in Sixty Lake
group_1622,1,0,0,1,1,Enriched in Conness Pond
group_1620,1,Inf,1,0,1,Enriched in Sixty Lake
group_1614,1,0,0,1,1,Enriched in Conness Pond
group_1570,1,0,0,1,1,Enriched in Conness Pond
group_1556,1,0,0,1,1,Enriched in Conness Pond
group_1551,1,0,0,1,1,Enriched in Conness Pond
group_1539,1,0,0,1,1,Enriched in Conness Pond
group_1532,1,0,0,1,1,Enriched in Conness Pond
group_1524,1,0,0,1,1,Enriched in Conness Pond
group_1503,1,0,0,1,1,Enriched in Conness Pond
group_1502,1,0,0,1,1,Enriched in Conness Pond
group_1497,1,Inf,1,0,1,Enriched in Sixty Lake
group_1496,1,Inf,1,0,1,Enriched in Sixty Lake
group_1495,1,0,0,1,1,Enriched in Conness Pond
hifA,1,0,0,1,1,Enriched in Conness Pond
group_1483,1,0,0,1,1,Enriched in Conness Pond
group_1475,1,0,0,1,1,Enriched in Conness Pond
group_1474,1,0,0,1,1,Enriched in Conness Pond
group_1469,1,0,0,1,1,Enriched in Conness Pond
group_1468,1,0,0,1,1,Enriched in Conness Pond
group_1467,1,0,0,1,1,Enriched in Conness Pond
group_1466,1,0,0,1,1,Enriched in Conness Pond
group_1465,1,0,0,1,1,Enriched in Conness Pond
group_1454,1,0,0,1,1,Enriched in Conness Pond
group_1449,1,0,0,1,1,Enriched in Conness Pond
group_1445,1,0,0,1,1,Enriched in Conness Pond
group_1439,1,Inf,1,0,1,Enriched in Sixty Lake
group_1436,1,0,0,1,1,Enriched in Conness Pond
group_1407,1,0,0,1,1,Enriched in Conness Pond
bvgA_3,1,0,0,1,1,Enriched in Conness Pond
bvgA_1,1,0,0,1,1,Enriched in Conness Pond
group_1392,1,0,0,1,1,Enriched in Conness Pond
group_1373,1,0,0,1,1,Enriched in Conness Pond
group_1372,1,Inf,1,0,1,Enriched in Sixty Lake
group_1366,1,0,0,1,1,Enriched in Conness Pond
group_1361,1,0,0,1,1,Enriched in Conness Pond
group_1360,1,0,0,1,1,Enriched in Conness Pond
group_1356,1,Inf,1,0,1,Enriched in Sixty Lake
group_1344,1,0,0,1,1,Enriched in Conness Pond
group_1329,1,0,0,1,1,Enriched in Conness Pond
group_1313,1,0,0,1,1,Enriched in Conness Pond
group_1311,1,0,0,1,1,Enriched in Conness Pond
uhpA,1,0,0,1,1,Enriched in Conness Pond
group_1272,1,0,0,1,1,Enriched in Conness Pond
group_1266,1,0,0,1,1,Enriched in Conness Pond
rcsB_3,1,0,0,1,1,Enriched in Conness Pond
group_1241,1,0,0,1,1,Enriched in Conness Pond
faeE,1,0,0,1,1,Enriched in Conness Pond
nucS,1,0,0,1,1,Enriched in Conness Pond
group_1218,1,Inf,1,0,1,Enriched in Sixty Lake
sdiA,1,0,0,1,1,Enriched in Conness Pond
group_1202,1,Inf,1,0,1,Enriched in Sixty Lake
group_1189,1,0,0,1,1,Enriched in Conness Pond
group_1188,1,0,0,1,1,Enriched in Conness Pond
group_1184,1,Inf,1,0,1,Enriched in Sixty Lake
group_1173,1,Inf,1,0,1,Enriched in Sixty Lake
group_1165,1,0,0,1,1,Enriched in Conness Pond
group_1152,1,0,0,1,1,Enriched in Conness Pond
group_1151,1,0,0,1,1,Enriched in Conness Pond
bdcA_1,1,0,0,1,1,Enriched in Conness Pond
group_1129,1,0,0,1,1,Enriched in Conness Pond
group_1118,1,0,0,1,1,Enriched in Conness Pond
yadV_4,1,0,0,1,1,Enriched in Conness Pond
group_1101,1,0,0,1,1,Enriched in Conness Pond
group_1098,1,0,0,1,1,Enriched in Conness Pond
group_1097,1,0,0,1,1,Enriched in Conness Pond
group_1090,1,Inf,1,0,1,Enriched in Sixty Lake
group_1075,1,0,0,1,1,Enriched in Conness Pond
group_1067,1,0,0,1,1,Enriched in Conness Pond
kpsM,1,0,0,1,1,Enriched in Conness Pond
yadV_3,1,0,0,1,1,Enriched in Conness Pond
group_1060,1,Inf,1,0,1,Enriched in Sixty Lake
group_1056,1,0,0,1,1,Enriched in Conness Pond
group_1055,1,0,0,1,1,Enriched in Conness Pond
group_1054,1,0,0,1,1,Enriched in Conness Pond
group_1044,1,Inf,1,0,1,Enriched in Sixty Lake
group_1028,1,0,0,1,1,Enriched in Conness Pond
group_1027,1,Inf,1,0,1,Enriched in Sixty Lake
group_1013,1,0,0,1,1,Enriched in Conness Pond
group_1006,1,0,0,1,1,Enriched in Conness Pond
group_1000,1,Inf,1,0,1,Enriched in Sixty Lake
group_997,1,0,0,1,1,Enriched in Conness Pond
group_981,1,Inf,1,0,1,Enriched in Sixty Lake
group_980,1,Inf,1,0,1,Enriched in Sixty Lake
group_970,1,0,0,1,1,Enriched in Conness Pond
group_961,1,0,0,1,1,Enriched in Conness Pond
group_960,1,0,0,1,1,Enriched in Conness Pond
group_927,1,0,0,1,1,Enriched in Conness Pond
group_917,1,0,0,1,1,Enriched in Conness Pond
group_916,1,Inf,1,0,1,Enriched in Sixty Lake
group_911,1,Inf,1,0,1,Enriched in Sixty Lake
group_890,1,0,0,1,1,Enriched in Conness Pond
group_887,1,Inf,1,0,1,Enriched in Sixty Lake
group_884,1,0,0,1,1,Enriched in Conness Pond
ompA_1,1,0,0,1,1,Enriched in Conness Pond
group_866,1,0,0,1,1,Enriched in Conness Pond
group_862,1,Inf,1,0,1,Enriched in Sixty Lake
group_851,1,0,0,1,1,Enriched in Conness Pond
group_847,1,0,0,1,1,Enriched in Conness Pond
group_837,1,0,0,1,1,Enriched in Conness Pond
group_836,1,0,0,1,1,Enriched in Conness Pond
group_829,1,0,0,1,1,Enriched in Conness Pond
dmlR_3,1,0,0,1,1,Enriched in Conness Pond
group_825,1,Inf,1,0,1,Enriched in Sixty Lake
group_808,1,0,0,1,1,Enriched in Conness Pond
group_807,1,0,0,1,1,Enriched in Conness Pond
rmd,1,0,0,1,1,Enriched in Conness Pond
group_791,1,0,0,1,1,Enriched in Conness Pond
yfdH,1,Inf,1,0,1,Enriched in Sixty Lake
group_769,1,0,0,1,1,Enriched in Conness Pond
group_766,1,0,0,1,1,Enriched in Conness Pond
group_765,1,0,0,1,1,Enriched in Conness Pond
group_755,1,Inf,1,0,1,Enriched in Sixty Lake
group_735,1,0,0,1,1,Enriched in Conness Pond
group_734,1,Inf,1,0,1,Enriched in Sixty Lake
group_721,1,0,0,1,1,Enriched in Conness Pond
group_720,1,0,0,1,1,Enriched in Conness Pond
group_719,1,Inf,1,0,1,Enriched in Sixty Lake
yejK_2,1,0,0,1,1,Enriched in Conness Pond
group_715,1,Inf,1,0,1,Enriched in Sixty Lake
group_692,1,Inf,1,0,1,Enriched in Sixty Lake
gmd,1,0,0,1,1,Enriched in Conness Pond
group_683,1,0,0,1,1,Enriched in Conness Pond
group_682,1,Inf,1,0,1,Enriched in Sixty Lake
group_678,1,0,0,1,1,Enriched in Conness Pond
group_668,1,0,0,1,1,Enriched in Conness Pond
group_648,1,0,0,1,1,Enriched in Conness Pond
group_631,1,Inf,1,0,1,Enriched in Sixty Lake
group_619,1,0,0,1,1,Enriched in Conness Pond
group_617,1,0,0,1,1,Enriched in Conness Pond
group_613,1,0,0,1,1,Enriched in Conness Pond
group_609,1,Inf,1,0,1,Enriched in Sixty Lake
group_605,1,Inf,1,0,1,Enriched in Sixty Lake
group_587,1,0,0,1,1,Enriched in Conness Pond
rep_3,1,Inf,1,0,1,Enriched in Sixty Lake
moeZ,1,0,0,1,1,Enriched in Conness Pond
group_516,1,0,0,1,1,Enriched in Conness Pond
group_515,1,0,0,1,1,Enriched in Conness Pond
group_505,1,Inf,1,0,1,Enriched in Sixty Lake
mshA_2,1,0,0,1,1,Enriched in Conness Pond
group_499,1,Inf,1,0,1,Enriched in Sixty Lake
group_498,1,0,0,1,1,Enriched in Conness Pond
group_495,1,Inf,1,0,1,Enriched in Sixty Lake
rssB_7,1,0,0,1,1,Enriched in Conness Pond
group_470,1,0,0,1,1,Enriched in Conness Pond
intA_2,1,Inf,1,0,1,Enriched in Sixty Lake
group_453,1,0,0,1,1,Enriched in Conness Pond
group_448,1,0,0,1,1,Enriched in Conness Pond
xerC_3,1,0,0,1,1,Enriched in Conness Pond
group_427,1,Inf,1,0,1,Enriched in Sixty Lake
cya,1,Inf,1,0,1,Enriched in Sixty Lake
group_420,1,Inf,1,0,1,Enriched in Sixty Lake
group_415,1,0,0,1,1,Enriched in Conness Pond
group_413,1,0,0,1,1,Enriched in Conness Pond
group_396,1,0,0,1,1,Enriched in Conness Pond
group_379,1,0,0,1,1,Enriched in Conness Pond
dnaB_2,1,0,0,1,1,Enriched in Conness Pond
group_357,1,0,0,1,1,Enriched in Conness Pond
group_356,1,Inf,1,0,1,Enriched in Sixty Lake
ltxD,1,Inf,1,0,1,Enriched in Sixty Lake
tolC_2,1,Inf,1,0,1,Enriched in Sixty Lake
hlyD,1,Inf,1,0,1,Enriched in Sixty Lake
group_332,1,Inf,1,0,1,Enriched in Sixty Lake
group_330,1,0,0,1,1,Enriched in Conness Pond
group_321,1,0,0,1,1,Enriched in Conness Pond
group_316,1,Inf,1,0,1,Enriched in Sixty Lake
algA_1,1,0,0,1,1,Enriched in Conness Pond
group_297,1,Inf,1,0,1,Enriched in Sixty Lake
group_292,1,Inf,1,0,1,Enriched in Sixty Lake
group_283,1,Inf,1,0,1,Enriched in Sixty Lake
group_258,1,0,0,1,1,Enriched in Conness Pond
group_256,1,Inf,1,0,1,Enriched in Sixty Lake
group_249,1,0,0,1,1,Enriched in Conness Pond
group_232,1,Inf,1,0,1,Enriched in Sixty Lake
group_231,1,Inf,1,0,1,Enriched in Sixty Lake
group_225,1,0,0,1,1,Enriched in Conness Pond
group_205,1,Inf,1,0,1,Enriched in Sixty Lake
group_198,1,0,0,1,1,Enriched in Conness Pond
group_186,1,0,0,1,1,Enriched in Conness Pond
group_176,1,0,0,1,1,Enriched in Conness Pond
group_162,1,0,0,1,1,Enriched in Conness Pond
group_152,1,Inf,1,0,1,Enriched in Sixty Lake
sasA_19,1,0,0,1,1,Enriched in Conness Pond
group_141,1,0,0,1,1,Enriched in Conness Pond
apxIB,1,Inf,1,0,1,Enriched in Sixty Lake
group_118,1,0,0,1,1,Enriched in Conness Pond
btuD_2,1,0,0,1,1,Enriched in Conness Pond
fimD_2,1,0,0,1,1,Enriched in Conness Pond
group_94,1,0,0,1,1,Enriched in Conness Pond
group_85,1,Inf,1,0,1,Enriched in Sixty Lake
xerC_5,1,0,0,1,1,Enriched in Conness Pond
group_77,1,0,0,1,1,Enriched in Conness Pond
group_66,1,Inf,1,0,1,Enriched in Sixty Lake
group_60,1,0,0,1,1,Enriched in Conness Pond
group_59,1,Inf,1,0,1,Enriched in Sixty Lake
group_50,1,Inf,1,0,1,Enriched in Sixty Lake
group_43,1,Inf,1,0,1,Enriched in Sixty Lake
group_38,1,Inf,1,0,1,Enriched in Sixty Lake
group_37,1,0,0,1,1,Enriched in Conness Pond
group_28,1,0,0,1,1,Enriched in Conness Pond
group_27,1,Inf,1,0,1,Enriched in Sixty Lake
group_23,1,0,0,1,1,Enriched in Conness Pond
group_11,1,0,0,1,1,Enriched in Conness Pond
mshA_1,1,0,0,1,1,Enriched in Conness Pond
group_4,1,0,0,1,1,Enriched in Conness Pond
group_3,1,Inf,1,0,1,Enriched in Sixty Lake
group_1,1,0,0,1,1,Enriched in Conness Pond
