Gene,Freq,Category,IsNamed,InSixtyLake,InConnessPond,PondPattern
group_3863,18,Core,FALSE,TRUE,TRUE,Both ponds
group_3862,18,Core,FALSE,TRUE,TRUE,Both ponds
group_3861,18,Core,FALSE,TRUE,TRUE,Both ponds
petE,18,Core,TRUE,TRUE,TRUE,Both ponds
group_3860,18,Core,FALSE,TRUE,TRUE,Both ponds
group_3859,18,Core,FALSE,TRUE,TRUE,Both ponds
group_3858,18,Core,FALSE,TRUE,TRUE,Both ponds
mcpA,18,Core,TRUE,TRUE,TRUE,Both ponds
group_3857,18,Core,FALSE,TRUE,TRUE,Both ponds
lgrD_3,18,Core,TRUE,TRUE,TRUE,Both ponds
group_3856,18,Core,FALSE,TRUE,TRUE,Both ponds
group_3855,18,Core,FALSE,TRUE,TRUE,Both ponds
nicD,18,Core,TRUE,TRUE,TRUE,Both ponds
nicA,18,Core,TRUE,TRUE,TRUE,Both ponds
group_3854,18,Core,FALSE,TRUE,TRUE,Both ponds
nicR,18,Core,TRUE,TRUE,TRUE,Both ponds
nicT_4,18,Core,TRUE,TRUE,TRUE,Both ponds
maiA,18,Core,TRUE,TRUE,TRUE,Both ponds
nicC,18,Core,TRUE,TRUE,TRUE,Both ponds
azoR_2,18,Core,TRUE,TRUE,TRUE,Both ponds
nicF,18,Core,TRUE,TRUE,TRUE,Both ponds
group_3851,18,Core,FALSE,TRUE,TRUE,Both ponds
rihB,18,Core,TRUE,TRUE,TRUE,Both ponds
gabR_3,18,Core,TRUE,TRUE,TRUE,Both ponds
patB,18,Core,TRUE,TRUE,TRUE,Both ponds
group_3850,18,Core,FALSE,TRUE,TRUE,Both ponds
nicB,18,Core,TRUE,TRUE,TRUE,Both ponds
nicX,18,Core,TRUE,TRUE,TRUE,Both ponds
trkA,18,Core,TRUE,TRUE,TRUE,Both ponds
group_3849,18,Core,FALSE,TRUE,TRUE,Both ponds
metP_3,18,Core,TRUE,TRUE,TRUE,Both ponds
ctaB,18,Core,TRUE,TRUE,TRUE,Both ponds
cc4,18,Core,TRUE,TRUE,TRUE,Both ponds
uctC,18,Core,TRUE,TRUE,TRUE,Both ponds
group_3848,18,Core,FALSE,TRUE,TRUE,Both ponds
group_3847,18,Core,FALSE,TRUE,TRUE,Both ponds
group_3846,18,Core,FALSE,TRUE,TRUE,Both ponds
group_3845,18,Core,FALSE,TRUE,TRUE,Both ponds
trpB,18,Core,TRUE,TRUE,TRUE,Both ponds
aroE_2,18,Core,TRUE,TRUE,TRUE,Both ponds
group_3844,18,Core,FALSE,TRUE,TRUE,Both ponds
group_3843,18,Core,FALSE,TRUE,TRUE,Both ponds
gmhB,18,Core,TRUE,TRUE,TRUE,Both ponds
group_3842,18,Core,FALSE,TRUE,TRUE,Both ponds
group_3841,18,Core,FALSE,TRUE,TRUE,Both ponds
group_3840,18,Core,FALSE,TRUE,TRUE,Both ponds
yrdA_2,18,Core,TRUE,TRUE,TRUE,Both ponds
dgoA,18,Core,TRUE,TRUE,TRUE,Both ponds
group_3839,18,Core,FALSE,TRUE,TRUE,Both ponds
group_3838,18,Core,FALSE,TRUE,TRUE,Both ponds
group_3837,18,Core,FALSE,TRUE,TRUE,Both ponds
ivy,18,Core,TRUE,TRUE,TRUE,Both ponds
pntAA,18,Core,TRUE,TRUE,TRUE,Both ponds
group_3836,18,Core,FALSE,TRUE,TRUE,Both ponds
group_3835,18,Core,FALSE,TRUE,TRUE,Both ponds
metN_3,18,Core,TRUE,TRUE,TRUE,Both ponds
group_3834,18,Core,FALSE,TRUE,TRUE,Both ponds
ctaG,18,Core,TRUE,TRUE,TRUE,Both ponds
group_3833,18,Core,FALSE,TRUE,TRUE,Both ponds
group_3832,18,Core,FALSE,TRUE,TRUE,Both ponds
group_3831,18,Core,FALSE,TRUE,TRUE,Both ponds
pntB,18,Core,TRUE,TRUE,TRUE,Both ponds
tsaC,18,Core,TRUE,TRUE,TRUE,Both ponds
tag_1,18,Core,TRUE,TRUE,TRUE,Both ponds
zur,18,Core,TRUE,TRUE,TRUE,Both ponds
group_3830,18,Core,FALSE,TRUE,TRUE,Both ponds
znuA,18,Core,TRUE,TRUE,TRUE,Both ponds
kinB,18,Core,TRUE,TRUE,TRUE,Both ponds
amiD_2,18,Core,TRUE,TRUE,TRUE,Both ponds
group_3829,18,Core,FALSE,TRUE,TRUE,Both ponds
dgoD_2,18,Core,TRUE,TRUE,TRUE,Both ponds
group_3828,18,Core,FALSE,TRUE,TRUE,Both ponds
group_3827,18,Core,FALSE,TRUE,TRUE,Both ponds
dsbA,18,Core,TRUE,TRUE,TRUE,Both ponds
group_3826,18,Core,FALSE,TRUE,TRUE,Both ponds
polA,18,Core,TRUE,TRUE,TRUE,Both ponds
hemF,18,Core,TRUE,TRUE,TRUE,Both ponds
group_3825,18,Core,FALSE,TRUE,TRUE,Both ponds
group_3824,18,Core,FALSE,TRUE,TRUE,Both ponds
metQ_3,18,Core,TRUE,TRUE,TRUE,Both ponds
osmC,18,Core,TRUE,TRUE,TRUE,Both ponds
group_3823,18,Core,FALSE,TRUE,TRUE,Both ponds
dgoT,18,Core,TRUE,TRUE,TRUE,Both ponds
group_3822,18,Core,FALSE,TRUE,TRUE,Both ponds
group_3821,18,Core,FALSE,TRUE,TRUE,Both ponds
citN_3,18,Core,TRUE,TRUE,TRUE,Both ponds
engB,18,Core,TRUE,TRUE,TRUE,Both ponds
znuC_2,18,Core,TRUE,TRUE,TRUE,Both ponds
rsmB,18,Core,TRUE,TRUE,TRUE,Both ponds
group_3820,18,Core,FALSE,TRUE,TRUE,Both ponds
group_3819,18,Core,FALSE,TRUE,TRUE,Both ponds
znuB_2,18,Core,TRUE,TRUE,TRUE,Both ponds
group_3818,18,Core,FALSE,TRUE,TRUE,Both ponds
pntA,18,Core,TRUE,TRUE,TRUE,Both ponds
cat1,18,Core,TRUE,TRUE,TRUE,Both ponds
group_3817,18,Core,FALSE,TRUE,TRUE,Both ponds
group_3816,18,Core,FALSE,TRUE,TRUE,Both ponds
group_3815,18,Core,FALSE,TRUE,TRUE,Both ponds
group_3814,18,Core,FALSE,TRUE,TRUE,Both ponds
group_3813,18,Core,FALSE,TRUE,TRUE,Both ponds
gcvA_11,18,Core,TRUE,TRUE,TRUE,Both ponds
group_3812,18,Core,FALSE,TRUE,TRUE,Both ponds
cseB,18,Core,TRUE,TRUE,TRUE,Both ponds
group_3811,18,Core,FALSE,TRUE,TRUE,Both ponds
mmgC_6,18,Core,TRUE,TRUE,TRUE,Both ponds
thrB,18,Core,TRUE,TRUE,TRUE,Both ponds
fmt,18,Core,TRUE,TRUE,TRUE,Both ponds
glyQ,18,Core,TRUE,TRUE,TRUE,Both ponds
gltP_1,18,Core,TRUE,TRUE,TRUE,Both ponds
group_3810,18,Core,FALSE,TRUE,TRUE,Both ponds
group_3809,18,Core,FALSE,TRUE,TRUE,Both ponds
group_3808,18,Core,FALSE,TRUE,TRUE,Both ponds
betC,18,Core,TRUE,TRUE,TRUE,Both ponds
def_2,18,Core,TRUE,TRUE,TRUE,Both ponds
yqjD_2,18,Core,TRUE,TRUE,TRUE,Both ponds
group_3807,18,Core,FALSE,TRUE,TRUE,Both ponds
dgoK1,18,Core,TRUE,TRUE,TRUE,Both ponds
group_3806,18,Core,FALSE,TRUE,TRUE,Both ponds
ctaE,18,Core,TRUE,TRUE,TRUE,Both ponds
lpxP,18,Core,TRUE,TRUE,TRUE,Both ponds
group_3805,18,Core,FALSE,TRUE,TRUE,Both ponds
gcvA_12,18,Core,TRUE,TRUE,TRUE,Both ponds
mkl,18,Core,TRUE,TRUE,TRUE,Both ponds
group_3804,18,Core,FALSE,TRUE,TRUE,Both ponds
algB,18,Core,TRUE,TRUE,TRUE,Both ponds
cynT_2,18,Core,TRUE,TRUE,TRUE,Both ponds
prlC,18,Core,TRUE,TRUE,TRUE,Both ponds
glyS,18,Core,TRUE,TRUE,TRUE,Both ponds
group_3803,18,Core,FALSE,TRUE,TRUE,Both ponds
group_3802,18,Core,FALSE,TRUE,TRUE,Both ponds
group_3801,18,Core,FALSE,TRUE,TRUE,Both ponds
group_3800,18,Core,FALSE,TRUE,TRUE,Both ponds
trpA,18,Core,TRUE,TRUE,TRUE,Both ponds
dauA_2,18,Core,TRUE,TRUE,TRUE,Both ponds
ctaA,18,Core,TRUE,TRUE,TRUE,Both ponds
trpI,18,Core,TRUE,TRUE,TRUE,Both ponds
katE,18,Core,TRUE,TRUE,TRUE,Both ponds
group_3799,18,Core,FALSE,TRUE,TRUE,Both ponds
ctaD,18,Core,TRUE,TRUE,TRUE,Both ponds
qorA_4,18,Core,TRUE,TRUE,TRUE,Both ponds
group_3798,18,Core,FALSE,TRUE,TRUE,Both ponds
group_3797,18,Core,FALSE,TRUE,TRUE,Both ponds
surE,18,Core,TRUE,TRUE,TRUE,Both ponds
group_3795,18,Core,FALSE,TRUE,TRUE,Both ponds
pcm,18,Core,TRUE,TRUE,TRUE,Both ponds
group_3793,18,Core,FALSE,TRUE,TRUE,Both ponds
group_3791,18,Core,FALSE,TRUE,TRUE,Both ponds
slyB,18,Core,TRUE,TRUE,TRUE,Both ponds
pyrG_2,18,Core,TRUE,TRUE,TRUE,Both ponds
lig,18,Core,TRUE,TRUE,TRUE,Both ponds
mdtA_4,18,Core,TRUE,TRUE,TRUE,Both ponds
group_3788,18,Core,FALSE,TRUE,TRUE,Both ponds
ispU,18,Core,TRUE,TRUE,TRUE,Both ponds
group_3787,18,Core,FALSE,TRUE,TRUE,Both ponds
group_3782,18,Core,FALSE,TRUE,TRUE,Both ponds
dmlR_24,18,Core,TRUE,TRUE,TRUE,Both ponds
group_3779,18,Core,FALSE,TRUE,TRUE,Both ponds
group_3778,18,Core,FALSE,TRUE,TRUE,Both ponds
group_3777,18,Core,FALSE,TRUE,TRUE,Both ponds
group_3776,18,Core,FALSE,TRUE,TRUE,Both ponds
frmA,18,Core,TRUE,TRUE,TRUE,Both ponds
bamA_2,18,Core,TRUE,TRUE,TRUE,Both ponds
group_3771,18,Core,FALSE,TRUE,TRUE,Both ponds
hisP_3,18,Core,TRUE,TRUE,TRUE,Both ponds
ispF,18,Core,TRUE,TRUE,TRUE,Both ponds
group_3770,18,Core,FALSE,TRUE,TRUE,Both ponds
quiP_2,18,Core,TRUE,TRUE,TRUE,Both ponds
pcaR,18,Core,TRUE,TRUE,TRUE,Both ponds
group_3769,18,Core,FALSE,TRUE,TRUE,Both ponds
group_3768,18,Core,FALSE,TRUE,TRUE,Both ponds
lptB_5,18,Core,TRUE,TRUE,TRUE,Both ponds
yeiG,18,Core,TRUE,TRUE,TRUE,Both ponds
kdsA,18,Core,TRUE,TRUE,TRUE,Both ponds
dbpA_2,18,Core,TRUE,TRUE,TRUE,Both ponds
plsB,18,Core,TRUE,TRUE,TRUE,Both ponds
braC_2,18,Core,TRUE,TRUE,TRUE,Both ponds
pcaK_2,18,Core,TRUE,TRUE,TRUE,Both ponds
ompA,18,Core,TRUE,TRUE,TRUE,Both ponds
rpoS,18,Core,TRUE,TRUE,TRUE,Both ponds
group_3762,18,Core,FALSE,TRUE,TRUE,Both ponds
group_3760,18,Core,FALSE,TRUE,TRUE,Both ponds
livH_5,18,Core,TRUE,TRUE,TRUE,Both ponds
group_3759,18,Core,FALSE,TRUE,TRUE,Both ponds
livF_7,18,Core,TRUE,TRUE,TRUE,Both ponds
frr,18,Core,TRUE,TRUE,TRUE,Both ponds
lpxB,18,Core,TRUE,TRUE,TRUE,Both ponds
group_3757,18,Core,FALSE,TRUE,TRUE,Both ponds
catI,18,Core,TRUE,TRUE,TRUE,Both ponds
group_3756,18,Core,FALSE,TRUE,TRUE,Both ponds
rnhB,18,Core,TRUE,TRUE,TRUE,Both ponds
pcaH,18,Core,TRUE,TRUE,TRUE,Both ponds
group_3755,18,Core,FALSE,TRUE,TRUE,Both ponds
yffB,18,Core,TRUE,TRUE,TRUE,Both ponds
yfeW,18,Core,TRUE,TRUE,TRUE,Both ponds
eno,18,Core,TRUE,TRUE,TRUE,Both ponds
lpxA,18,Core,TRUE,TRUE,TRUE,Both ponds
glnD,18,Core,TRUE,TRUE,TRUE,Both ponds
group_3753,18,Core,FALSE,TRUE,TRUE,Both ponds
group_3751,18,Core,FALSE,TRUE,TRUE,Both ponds
group_3750,18,Core,FALSE,TRUE,TRUE,Both ponds
group_3749,18,Core,FALSE,TRUE,TRUE,Both ponds
kgtP_2,18,Core,TRUE,TRUE,TRUE,Both ponds
group_3748,18,Core,FALSE,TRUE,TRUE,Both ponds
catJ,18,Core,TRUE,TRUE,TRUE,Both ponds
dapE,18,Core,TRUE,TRUE,TRUE,Both ponds
argT_3,18,Core,TRUE,TRUE,TRUE,Both ponds
group_3747,18,Core,FALSE,TRUE,TRUE,Both ponds
tsf,18,Core,TRUE,TRUE,TRUE,Both ponds
ispD,18,Core,TRUE,TRUE,TRUE,Both ponds
rapA,18,Core,TRUE,TRUE,TRUE,Both ponds
map_1,18,Core,TRUE,TRUE,TRUE,Both ponds
hisM_2,18,Core,TRUE,TRUE,TRUE,Both ponds
dcd,18,Core,TRUE,TRUE,TRUE,Both ponds
group_3740,18,Core,FALSE,TRUE,TRUE,Both ponds
group_3739,18,Core,FALSE,TRUE,TRUE,Both ponds
acrF,18,Core,TRUE,TRUE,TRUE,Both ponds
dapD,18,Core,TRUE,TRUE,TRUE,Both ponds
pitA_2,18,Core,TRUE,TRUE,TRUE,Both ponds
nhaK_2~~~nhaK,18,Core,TRUE,TRUE,TRUE,Both ponds
gcvA_7,18,Core,TRUE,TRUE,TRUE,Both ponds
yfcG_4,18,Core,TRUE,TRUE,TRUE,Both ponds
group_3734,18,Core,FALSE,TRUE,TRUE,Both ponds
capB_1,18,Core,TRUE,TRUE,TRUE,Both ponds
cspA_3,18,Core,TRUE,TRUE,TRUE,Both ponds
tilS,18,Core,TRUE,TRUE,TRUE,Both ponds
group_3733,18,Core,FALSE,TRUE,TRUE,Both ponds
accA_2,18,Core,TRUE,TRUE,TRUE,Both ponds
group_3732,18,Core,FALSE,TRUE,TRUE,Both ponds
group_3730,18,Core,FALSE,TRUE,TRUE,Both ponds
fabZ,18,Core,TRUE,TRUE,TRUE,Both ponds
pdxH,18,Core,TRUE,TRUE,TRUE,Both ponds
catD_3,18,Core,TRUE,TRUE,TRUE,Both ponds
nhaA,18,Core,TRUE,TRUE,TRUE,Both ponds
group_3728,18,Core,FALSE,TRUE,TRUE,Both ponds
group_3727,18,Core,FALSE,TRUE,TRUE,Both ponds
group_3726,18,Core,FALSE,TRUE,TRUE,Both ponds
nicP_4,18,Core,TRUE,TRUE,TRUE,Both ponds
group_3725,18,Core,FALSE,TRUE,TRUE,Both ponds
sufS_2,18,Core,TRUE,TRUE,TRUE,Both ponds
group_3724,18,Core,FALSE,TRUE,TRUE,Both ponds
dnaE,18,Core,TRUE,TRUE,TRUE,Both ponds
group_3723,18,Core,FALSE,TRUE,TRUE,Both ponds
lpxD_2,18,Core,TRUE,TRUE,TRUE,Both ponds
truD,18,Core,TRUE,TRUE,TRUE,Both ponds
dxr,18,Core,TRUE,TRUE,TRUE,Both ponds
hisQ_3,18,Core,TRUE,TRUE,TRUE,Both ponds
sotB_4,18,Core,TRUE,TRUE,TRUE,Both ponds
group_3719,18,Core,FALSE,TRUE,TRUE,Both ponds
dapL_2,18,Core,TRUE,TRUE,TRUE,Both ponds
group_3717,18,Core,FALSE,TRUE,TRUE,Both ponds
rseP,18,Core,TRUE,TRUE,TRUE,Both ponds
pcaF,18,Core,TRUE,TRUE,TRUE,Both ponds
rpsB,18,Core,TRUE,TRUE,TRUE,Both ponds
sufS_1,18,Core,TRUE,TRUE,TRUE,Both ponds
cdsA,18,Core,TRUE,TRUE,TRUE,Both ponds
rlmA,18,Core,TRUE,TRUE,TRUE,Both ponds
ftsB,18,Core,TRUE,TRUE,TRUE,Both ponds
pcaB,18,Core,TRUE,TRUE,TRUE,Both ponds
csdE,18,Core,TRUE,TRUE,TRUE,Both ponds
group_3710,18,Core,FALSE,TRUE,TRUE,Both ponds
pyrH,18,Core,TRUE,TRUE,TRUE,Both ponds
group_3709,18,Core,FALSE,TRUE,TRUE,Both ponds
dinG_3,18,Core,TRUE,TRUE,TRUE,Both ponds
dmlR_23,18,Core,TRUE,TRUE,TRUE,Both ponds
tcdA,18,Core,TRUE,TRUE,TRUE,Both ponds
pcaG,18,Core,TRUE,TRUE,TRUE,Both ponds
group_3705,18,Core,FALSE,TRUE,TRUE,Both ponds
group_3704,18,Core,FALSE,TRUE,TRUE,Both ponds
group_3703,18,Core,FALSE,TRUE,TRUE,Both ponds
group_3702,18,Core,FALSE,TRUE,TRUE,Both ponds
group_3701,18,Core,FALSE,TRUE,TRUE,Both ponds
group_3700,18,Core,FALSE,TRUE,TRUE,Both ponds
group_3698,18,Core,FALSE,TRUE,TRUE,Both ponds
group_3697,18,Core,FALSE,TRUE,TRUE,Both ponds
ves,18,Core,TRUE,TRUE,TRUE,Both ponds
group_3695,18,Core,FALSE,TRUE,TRUE,Both ponds
fabF_1,18,Core,TRUE,TRUE,TRUE,Both ponds
cdiA1~~~cdiA,18,Core,TRUE,TRUE,TRUE,Both ponds
opuAA,18,Core,TRUE,TRUE,TRUE,Both ponds
group_3694,18,Core,FALSE,TRUE,TRUE,Both ponds
group_3693,18,Core,FALSE,TRUE,TRUE,Both ponds
group_3692,18,Core,FALSE,TRUE,TRUE,Both ponds
ttr,18,Core,TRUE,TRUE,TRUE,Both ponds
group_3691,18,Core,FALSE,TRUE,TRUE,Both ponds
group_3689,18,Core,FALSE,TRUE,TRUE,Both ponds
nadE_1,18,Core,TRUE,TRUE,TRUE,Both ponds
yfcD,18,Core,TRUE,TRUE,TRUE,Both ponds
group_3688,18,Core,FALSE,TRUE,TRUE,Both ponds
group_3687,18,Core,FALSE,TRUE,TRUE,Both ponds
group_3686,18,Core,FALSE,TRUE,TRUE,Both ponds
group_3685,18,Core,FALSE,TRUE,TRUE,Both ponds
soxC_2,18,Core,TRUE,TRUE,TRUE,Both ponds
orn,18,Core,TRUE,TRUE,TRUE,Both ponds
group_3684,18,Core,FALSE,TRUE,TRUE,Both ponds
group_3683,18,Core,FALSE,TRUE,TRUE,Both ponds
group_3682,18,Core,FALSE,TRUE,TRUE,Both ponds
tauD_1,18,Core,TRUE,TRUE,TRUE,Both ponds
ssuC_2,18,Core,TRUE,TRUE,TRUE,Both ponds
rlmJ,18,Core,TRUE,TRUE,TRUE,Both ponds
fdhD,18,Core,TRUE,TRUE,TRUE,Both ponds
rmlC_2,18,Core,TRUE,TRUE,TRUE,Both ponds
ureD,18,Core,TRUE,TRUE,TRUE,Both ponds
group_3681,18,Core,FALSE,TRUE,TRUE,Both ponds
higB,18,Core,TRUE,TRUE,TRUE,Both ponds
group_3680,18,Core,FALSE,TRUE,TRUE,Both ponds
catD_2,18,Core,TRUE,TRUE,TRUE,Both ponds
amiC_2,18,Core,TRUE,TRUE,TRUE,Both ponds
psiF,18,Core,TRUE,TRUE,TRUE,Both ponds
group_3677,18,Core,FALSE,TRUE,TRUE,Both ponds
dnaK_1,18,Core,TRUE,TRUE,TRUE,Both ponds
group_3676,18,Core,FALSE,TRUE,TRUE,Both ponds
maeB,18,Core,TRUE,TRUE,TRUE,Both ponds
group_3674,18,Core,FALSE,TRUE,TRUE,Both ponds
group_3673,18,Core,FALSE,TRUE,TRUE,Both ponds
ynfM_2,18,Core,TRUE,TRUE,TRUE,Both ponds
davT_3,18,Core,TRUE,TRUE,TRUE,Both ponds
yofA_3,18,Core,TRUE,TRUE,TRUE,Both ponds
fadI_1,18,Core,TRUE,TRUE,TRUE,Both ponds
group_3672,18,Core,FALSE,TRUE,TRUE,Both ponds
motA,18,Core,TRUE,TRUE,TRUE,Both ponds
waaA,18,Core,TRUE,TRUE,TRUE,Both ponds
oah1,18,Core,TRUE,TRUE,TRUE,Both ponds
opuAB_2,18,Core,TRUE,TRUE,TRUE,Both ponds
ureA,18,Core,TRUE,TRUE,TRUE,Both ponds
nrtD,18,Core,TRUE,TRUE,TRUE,Both ponds
dinF,18,Core,TRUE,TRUE,TRUE,Both ponds
group_3671,18,Core,FALSE,TRUE,TRUE,Both ponds
group_3670,18,Core,FALSE,TRUE,TRUE,Both ponds
puuB_2,18,Core,TRUE,TRUE,TRUE,Both ponds
oprD_6,18,Core,TRUE,TRUE,TRUE,Both ponds
glnH,18,Core,TRUE,TRUE,TRUE,Both ponds
ureB,18,Core,TRUE,TRUE,TRUE,Both ponds
purA,18,Core,TRUE,TRUE,TRUE,Both ponds
group_3668,18,Core,FALSE,TRUE,TRUE,Both ponds
purD,18,Core,TRUE,TRUE,TRUE,Both ponds
lptB_1,18,Core,TRUE,TRUE,TRUE,Both ponds
nnr,18,Core,TRUE,TRUE,TRUE,Both ponds
psd,18,Core,TRUE,TRUE,TRUE,Both ponds
group_3667,18,Core,FALSE,TRUE,TRUE,Both ponds
envC,18,Core,TRUE,TRUE,TRUE,Both ponds
group_3665,18,Core,FALSE,TRUE,TRUE,Both ponds
group_3663,18,Core,FALSE,TRUE,TRUE,Both ponds
group_3662,18,Core,FALSE,TRUE,TRUE,Both ponds
group_3661,18,Core,FALSE,TRUE,TRUE,Both ponds
hflX,18,Core,TRUE,TRUE,TRUE,Both ponds
hflC,18,Core,TRUE,TRUE,TRUE,Both ponds
nudE,18,Core,TRUE,TRUE,TRUE,Both ponds
blc,18,Core,TRUE,TRUE,TRUE,Both ponds
group_3660,18,Core,FALSE,TRUE,TRUE,Both ponds
rpoE_2,18,Core,TRUE,TRUE,TRUE,Both ponds
cysW_3,18,Core,TRUE,TRUE,TRUE,Both ponds
envZ,18,Core,TRUE,TRUE,TRUE,Both ponds
group_3659,18,Core,FALSE,TRUE,TRUE,Both ponds
group_3657,18,Core,FALSE,TRUE,TRUE,Both ponds
tatB,18,Core,TRUE,TRUE,TRUE,Both ponds
group_3655,18,Core,FALSE,TRUE,TRUE,Both ponds
glnQ_3,18,Core,TRUE,TRUE,TRUE,Both ponds
prmA,18,Core,TRUE,TRUE,TRUE,Both ponds
fis,18,Core,TRUE,TRUE,TRUE,Both ponds
group_3652,18,Core,FALSE,TRUE,TRUE,Both ponds
yigZ,18,Core,TRUE,TRUE,TRUE,Both ponds
group_3650,18,Core,FALSE,TRUE,TRUE,Both ponds
group_3649,18,Core,FALSE,TRUE,TRUE,Both ponds
group_3648,18,Core,FALSE,TRUE,TRUE,Both ponds
hslU,18,Core,TRUE,TRUE,TRUE,Both ponds
group_3646,18,Core,FALSE,TRUE,TRUE,Both ponds
pgaC,18,Core,TRUE,TRUE,TRUE,Both ponds
group_3645,18,Core,FALSE,TRUE,TRUE,Both ponds
hdfR_11,18,Core,TRUE,TRUE,TRUE,Both ponds
group_3644,18,Core,FALSE,TRUE,TRUE,Both ponds
group_3642,18,Core,FALSE,TRUE,TRUE,Both ponds
group_3641,18,Core,FALSE,TRUE,TRUE,Both ponds
nicP_5,18,Core,TRUE,TRUE,TRUE,Both ponds
group_3640,18,Core,FALSE,TRUE,TRUE,Both ponds
lips,18,Core,TRUE,TRUE,TRUE,Both ponds
hisB,18,Core,TRUE,TRUE,TRUE,Both ponds
hdfR_4,18,Core,TRUE,TRUE,TRUE,Both ponds
group_3639,18,Core,FALSE,TRUE,TRUE,Both ponds
group_3638,18,Core,FALSE,TRUE,TRUE,Both ponds
hisE,18,Core,TRUE,TRUE,TRUE,Both ponds
dmoA_2,18,Core,TRUE,TRUE,TRUE,Both ponds
tauD_2,18,Core,TRUE,TRUE,TRUE,Both ponds
group_3637,18,Core,FALSE,TRUE,TRUE,Both ponds
bepC,18,Core,TRUE,TRUE,TRUE,Both ponds
group_3636,18,Core,FALSE,TRUE,TRUE,Both ponds
group_3635,18,Core,FALSE,TRUE,TRUE,Both ponds
benM_3,18,Core,TRUE,TRUE,TRUE,Both ponds
group_3634,18,Core,FALSE,TRUE,TRUE,Both ponds
group_3633,18,Core,FALSE,TRUE,TRUE,Both ponds
group_3632,18,Core,FALSE,TRUE,TRUE,Both ponds
group_3631,18,Core,FALSE,TRUE,TRUE,Both ponds
accC,18,Core,TRUE,TRUE,TRUE,Both ponds
group_3630,18,Core,FALSE,TRUE,TRUE,Both ponds
group_3629,18,Core,FALSE,TRUE,TRUE,Both ponds
group_3628,18,Core,FALSE,TRUE,TRUE,Both ponds
group_3627,18,Core,FALSE,TRUE,TRUE,Both ponds
prsE_2,18,Core,TRUE,TRUE,TRUE,Both ponds
group_3626,18,Core,FALSE,TRUE,TRUE,Both ponds
group_3625,18,Core,FALSE,TRUE,TRUE,Both ponds
hslV,18,Core,TRUE,TRUE,TRUE,Both ponds
aprA_2,18,Core,TRUE,TRUE,TRUE,Both ponds
group_3624,18,Core,FALSE,TRUE,TRUE,Both ponds
naiP,18,Core,TRUE,TRUE,TRUE,Both ponds
group_3623,18,Core,FALSE,TRUE,TRUE,Both ponds
group_3622,18,Core,FALSE,TRUE,TRUE,Both ponds
group_3621,18,Core,FALSE,TRUE,TRUE,Both ponds
group_3620,18,Core,FALSE,TRUE,TRUE,Both ponds
hslO,18,Core,TRUE,TRUE,TRUE,Both ponds
group_3619,18,Core,FALSE,TRUE,TRUE,Both ponds
group_3618,18,Core,FALSE,TRUE,TRUE,Both ponds
dctD_4,18,Core,TRUE,TRUE,TRUE,Both ponds
group_3617,18,Core,FALSE,TRUE,TRUE,Both ponds
pilQ,18,Core,TRUE,TRUE,TRUE,Both ponds
gabP_2,18,Core,TRUE,TRUE,TRUE,Both ponds
rimK,18,Core,TRUE,TRUE,TRUE,Both ponds
group_3615,18,Core,FALSE,TRUE,TRUE,Both ponds
group_3614,18,Core,FALSE,TRUE,TRUE,Both ponds
xanP_1,18,Core,TRUE,TRUE,TRUE,Both ponds
zitB,18,Core,TRUE,TRUE,TRUE,Both ponds
dnaB_1,18,Core,TRUE,TRUE,TRUE,Both ponds
ureG,18,Core,TRUE,TRUE,TRUE,Both ponds
group_3613,18,Core,FALSE,TRUE,TRUE,Both ponds
group_3612,18,Core,FALSE,TRUE,TRUE,Both ponds
aaeA_2,18,Core,TRUE,TRUE,TRUE,Both ponds
group_3611,18,Core,FALSE,TRUE,TRUE,Both ponds
group_3610,18,Core,FALSE,TRUE,TRUE,Both ponds
nudF,18,Core,TRUE,TRUE,TRUE,Both ponds
glnA,18,Core,TRUE,TRUE,TRUE,Both ponds
proY_1,18,Core,TRUE,TRUE,TRUE,Both ponds
group_3609,18,Core,FALSE,TRUE,TRUE,Both ponds
group_3608,18,Core,FALSE,TRUE,TRUE,Both ponds
livH_1,18,Core,TRUE,TRUE,TRUE,Both ponds
group_3607,18,Core,FALSE,TRUE,TRUE,Both ponds
gltD,18,Core,TRUE,TRUE,TRUE,Both ponds
ubiJ,18,Core,TRUE,TRUE,TRUE,Both ponds
amiC_1,18,Core,TRUE,TRUE,TRUE,Both ponds
group_3606,18,Core,FALSE,TRUE,TRUE,Both ponds
group_3605,18,Core,FALSE,TRUE,TRUE,Both ponds
group_3604,18,Core,FALSE,TRUE,TRUE,Both ponds
cobH,18,Core,TRUE,TRUE,TRUE,Both ponds
hldE,18,Core,TRUE,TRUE,TRUE,Both ponds
sfnR_2,18,Core,TRUE,TRUE,TRUE,Both ponds
group_3603,18,Core,FALSE,TRUE,TRUE,Both ponds
glnG,18,Core,TRUE,TRUE,TRUE,Both ponds
group_3602,18,Core,FALSE,TRUE,TRUE,Both ponds
tolC_1,18,Core,TRUE,TRUE,TRUE,Both ponds
dmlR_8,18,Core,TRUE,TRUE,TRUE,Both ponds
davD_2,18,Core,TRUE,TRUE,TRUE,Both ponds
group_3601,18,Core,FALSE,TRUE,TRUE,Both ponds
group_3600,18,Core,FALSE,TRUE,TRUE,Both ponds
group_3599,18,Core,FALSE,TRUE,TRUE,Both ponds
fabR,18,Core,TRUE,TRUE,TRUE,Both ponds
oprM_6,18,Core,TRUE,TRUE,TRUE,Both ponds
ttgC_5,18,Core,TRUE,TRUE,TRUE,Both ponds
kdkA,18,Core,TRUE,TRUE,TRUE,Both ponds
czcR_6,18,Core,TRUE,TRUE,TRUE,Both ponds
thiI,18,Core,TRUE,TRUE,TRUE,Both ponds
group_3598,18,Core,FALSE,TRUE,TRUE,Both ponds
group_3597,18,Core,FALSE,TRUE,TRUE,Both ponds
group_3596,18,Core,FALSE,TRUE,TRUE,Both ponds
selO,18,Core,TRUE,TRUE,TRUE,Both ponds
hisH,18,Core,TRUE,TRUE,TRUE,Both ponds
group_3595,18,Core,FALSE,TRUE,TRUE,Both ponds
cbpA,18,Core,TRUE,TRUE,TRUE,Both ponds
group_3592,18,Core,FALSE,TRUE,TRUE,Both ponds
yciH,18,Core,TRUE,TRUE,TRUE,Both ponds
group_3590,18,Core,FALSE,TRUE,TRUE,Both ponds
metP_1,18,Core,TRUE,TRUE,TRUE,Both ponds
putP_1,18,Core,TRUE,TRUE,TRUE,Both ponds
gabD,18,Core,TRUE,TRUE,TRUE,Both ponds
btuF_1,18,Core,TRUE,TRUE,TRUE,Both ponds
group_3589,18,Core,FALSE,TRUE,TRUE,Both ponds
bauC_1,18,Core,TRUE,TRUE,TRUE,Both ponds
ydgA,18,Core,TRUE,TRUE,TRUE,Both ponds
msrA_2,18,Core,TRUE,TRUE,TRUE,Both ponds
group_3588,18,Core,FALSE,TRUE,TRUE,Both ponds
group_3587,18,Core,FALSE,TRUE,TRUE,Both ponds
group_3586,18,Core,FALSE,TRUE,TRUE,Both ponds
group_3585,18,Core,FALSE,TRUE,TRUE,Both ponds
group_3584,18,Core,FALSE,TRUE,TRUE,Both ponds
group_3583,18,Core,FALSE,TRUE,TRUE,Both ponds
menI,18,Core,TRUE,TRUE,TRUE,Both ponds
group_3580,18,Core,FALSE,TRUE,TRUE,Both ponds
hutH_1,18,Core,TRUE,TRUE,TRUE,Both ponds
gpmI,18,Core,TRUE,TRUE,TRUE,Both ponds
group_3579,18,Core,FALSE,TRUE,TRUE,Both ponds
hutH_2,18,Core,TRUE,TRUE,TRUE,Both ponds
glnP_4,18,Core,TRUE,TRUE,TRUE,Both ponds
emrY,18,Core,TRUE,TRUE,TRUE,Both ponds
group_3577,18,Core,FALSE,TRUE,TRUE,Both ponds
group_3576,18,Core,FALSE,TRUE,TRUE,Both ponds
group_3575,18,Core,FALSE,TRUE,TRUE,Both ponds
rutR_2,18,Core,TRUE,TRUE,TRUE,Both ponds
group_3574,18,Core,FALSE,TRUE,TRUE,Both ponds
group_3573,18,Core,FALSE,TRUE,TRUE,Both ponds
pckA,18,Core,TRUE,TRUE,TRUE,Both ponds
hutH_3,18,Core,TRUE,TRUE,TRUE,Both ponds
yrfG,18,Core,TRUE,TRUE,TRUE,Both ponds
group_3572,18,Core,FALSE,TRUE,TRUE,Both ponds
glnP_3,18,Core,TRUE,TRUE,TRUE,Both ponds
yecS_3,18,Core,TRUE,TRUE,TRUE,Both ponds
damX,18,Core,TRUE,TRUE,TRUE,Both ponds
hisI_1,18,Core,TRUE,TRUE,TRUE,Both ponds
miaA,18,Core,TRUE,TRUE,TRUE,Both ponds
group_3569,18,Core,FALSE,TRUE,TRUE,Both ponds
pip_2,18,Core,TRUE,TRUE,TRUE,Both ponds
gshA,18,Core,TRUE,TRUE,TRUE,Both ponds
group_3567,18,Core,FALSE,TRUE,TRUE,Both ponds
tauA_2,18,Core,TRUE,TRUE,TRUE,Both ponds
ubiB,18,Core,TRUE,TRUE,TRUE,Both ponds
group_3566,18,Core,FALSE,TRUE,TRUE,Both ponds
purH,18,Core,TRUE,TRUE,TRUE,Both ponds
group_3565,18,Core,FALSE,TRUE,TRUE,Both ponds
group_3564,18,Core,FALSE,TRUE,TRUE,Both ponds
exbD_4,18,Core,TRUE,TRUE,TRUE,Both ponds
ureF,18,Core,TRUE,TRUE,TRUE,Both ponds
hmrR,18,Core,TRUE,TRUE,TRUE,Both ponds
cysA_3,18,Core,TRUE,TRUE,TRUE,Both ponds
higA,18,Core,TRUE,TRUE,TRUE,Both ponds
group_3563,18,Core,FALSE,TRUE,TRUE,Both ponds
group_3562,18,Core,FALSE,TRUE,TRUE,Both ponds
group_3560,18,Core,FALSE,TRUE,TRUE,Both ponds
group_3559,18,Core,FALSE,TRUE,TRUE,Both ponds
hslR,18,Core,TRUE,TRUE,TRUE,Both ponds
atoC_3,18,Core,TRUE,TRUE,TRUE,Both ponds
cysG_1,18,Core,TRUE,TRUE,TRUE,Both ponds
aceF,18,Core,TRUE,TRUE,TRUE,Both ponds
group_3558,18,Core,FALSE,TRUE,TRUE,Both ponds
dcyD_2,18,Core,TRUE,TRUE,TRUE,Both ponds
group_3557,18,Core,FALSE,TRUE,TRUE,Both ponds
group_3555,18,Core,FALSE,TRUE,TRUE,Both ponds
group_3554,18,Core,FALSE,TRUE,TRUE,Both ponds
yibN,18,Core,TRUE,TRUE,TRUE,Both ponds
rssB_3,18,Core,TRUE,TRUE,TRUE,Both ponds
dltA,18,Core,TRUE,TRUE,TRUE,Both ponds
hutU,18,Core,TRUE,TRUE,TRUE,Both ponds
group_3552,18,Core,FALSE,TRUE,TRUE,Both ponds
group_3551,18,Core,FALSE,TRUE,TRUE,Both ponds
group_3550,18,Core,FALSE,TRUE,TRUE,Both ponds
group_3549,18,Core,FALSE,TRUE,TRUE,Both ponds
phaC_2,18,Core,TRUE,TRUE,TRUE,Both ponds
hxuB_1,18,Core,TRUE,TRUE,TRUE,Both ponds
phaC_1,18,Core,TRUE,TRUE,TRUE,Both ponds
virS,18,Core,TRUE,TRUE,TRUE,Both ponds
group_3548,18,Core,FALSE,TRUE,TRUE,Both ponds
ureC,18,Core,TRUE,TRUE,TRUE,Both ponds
group_3547,18,Core,FALSE,TRUE,TRUE,Both ponds
shlB_2,18,Core,TRUE,TRUE,TRUE,Both ponds
sbp_2,18,Core,TRUE,TRUE,TRUE,Both ponds
livF_2,18,Core,TRUE,TRUE,TRUE,Both ponds
argS,18,Core,TRUE,TRUE,TRUE,Both ponds
hmuU_1,18,Core,TRUE,TRUE,TRUE,Both ponds
nhaP2,18,Core,TRUE,TRUE,TRUE,Both ponds
fbp_1,18,Core,TRUE,TRUE,TRUE,Both ponds
rpsF,18,Core,TRUE,TRUE,TRUE,Both ponds
group_3544,18,Core,FALSE,TRUE,TRUE,Both ponds
tobZ,18,Core,TRUE,TRUE,TRUE,Both ponds
group_3543,18,Core,FALSE,TRUE,TRUE,Both ponds
dusB,18,Core,TRUE,TRUE,TRUE,Both ponds
group_3542,18,Core,FALSE,TRUE,TRUE,Both ponds
group_3541,18,Core,FALSE,TRUE,TRUE,Both ponds
group_3540,18,Core,FALSE,TRUE,TRUE,Both ponds
ftsN,18,Core,TRUE,TRUE,TRUE,Both ponds
mdoG,18,Core,TRUE,TRUE,TRUE,Both ponds
dmdC_4,18,Core,TRUE,TRUE,TRUE,Both ponds
dctB_3,18,Core,TRUE,TRUE,TRUE,Both ponds
typA,18,Core,TRUE,TRUE,TRUE,Both ponds
group_3538,18,Core,FALSE,TRUE,TRUE,Both ponds
group_3537,18,Core,FALSE,TRUE,TRUE,Both ponds
group_3535,18,Core,FALSE,TRUE,TRUE,Both ponds
fbpA_1,18,Core,TRUE,TRUE,TRUE,Both ponds
group_3534,18,Core,FALSE,TRUE,TRUE,Both ponds
group_3533,18,Core,FALSE,TRUE,TRUE,Both ponds
group_3532,18,Core,FALSE,TRUE,TRUE,Both ponds
motB_2,18,Core,TRUE,TRUE,TRUE,Both ponds
thiC,18,Core,TRUE,TRUE,TRUE,Both ponds
rsgA,18,Core,TRUE,TRUE,TRUE,Both ponds
group_3530,18,Core,FALSE,TRUE,TRUE,Both ponds
rfaF,18,Core,TRUE,TRUE,TRUE,Both ponds
parE,18,Core,TRUE,TRUE,TRUE,Both ponds
msbA_2,18,Core,TRUE,TRUE,TRUE,Both ponds
speA,18,Core,TRUE,TRUE,TRUE,Both ponds
group_3528,18,Core,FALSE,TRUE,TRUE,Both ponds
gpr,18,Core,TRUE,TRUE,TRUE,Both ponds
mutL,18,Core,TRUE,TRUE,TRUE,Both ponds
mcpQ_2,18,Core,TRUE,TRUE,TRUE,Both ponds
group_3527,18,Core,FALSE,TRUE,TRUE,Both ponds
livF_1,18,Core,TRUE,TRUE,TRUE,Both ponds
group_3526,18,Core,FALSE,TRUE,TRUE,Both ponds
dtd,18,Core,TRUE,TRUE,TRUE,Both ponds
tolQ_5,18,Core,TRUE,TRUE,TRUE,Both ponds
rhlB_2,18,Core,TRUE,TRUE,TRUE,Both ponds
group_3525,18,Core,FALSE,TRUE,TRUE,Both ponds
ctpL,18,Core,TRUE,TRUE,TRUE,Both ponds
group_3524,18,Core,FALSE,TRUE,TRUE,Both ponds
group_3523,18,Core,FALSE,TRUE,TRUE,Both ponds
pgaB,18,Core,TRUE,TRUE,TRUE,Both ponds
betT2,18,Core,TRUE,TRUE,TRUE,Both ponds
group_3522,18,Core,FALSE,TRUE,TRUE,Both ponds
rplI,18,Core,TRUE,TRUE,TRUE,Both ponds
vgrG1_2,18,Core,TRUE,TRUE,TRUE,Both ponds
emrA_4,18,Core,TRUE,TRUE,TRUE,Both ponds
fabG_2,18,Core,TRUE,TRUE,TRUE,Both ponds
rfaC,18,Core,TRUE,TRUE,TRUE,Both ponds
group_3521,18,Core,FALSE,TRUE,TRUE,Both ponds
group_3520,18,Core,FALSE,TRUE,TRUE,Both ponds
cobI,18,Core,TRUE,TRUE,TRUE,Both ponds
queG,18,Core,TRUE,TRUE,TRUE,Both ponds
btuB_5,18,Core,TRUE,TRUE,TRUE,Both ponds
mutY,18,Core,TRUE,TRUE,TRUE,Both ponds
group_3519,18,Core,FALSE,TRUE,TRUE,Both ponds
group_3518,18,Core,FALSE,TRUE,TRUE,Both ponds
group_3517,18,Core,FALSE,TRUE,TRUE,Both ponds
COQ5_2,18,Core,TRUE,TRUE,TRUE,Both ponds
glnQ_2,18,Core,TRUE,TRUE,TRUE,Both ponds
group_3516,18,Core,FALSE,TRUE,TRUE,Both ponds
hemE,18,Core,TRUE,TRUE,TRUE,Both ponds
aaeB_3,18,Core,TRUE,TRUE,TRUE,Both ponds
macA_2,18,Core,TRUE,TRUE,TRUE,Both ponds
cntO_4,18,Core,TRUE,TRUE,TRUE,Both ponds
btuB_4,18,Core,TRUE,TRUE,TRUE,Both ponds
ompR_3,18,Core,TRUE,TRUE,TRUE,Both ponds
cntO_1,18,Core,TRUE,TRUE,TRUE,Both ponds
trmL,18,Core,TRUE,TRUE,TRUE,Both ponds
group_3514,18,Core,FALSE,TRUE,TRUE,Both ponds
aroQ1,18,Core,TRUE,TRUE,TRUE,Both ponds
group_3513,18,Core,FALSE,TRUE,TRUE,Both ponds
mdtA_5,18,Core,TRUE,TRUE,TRUE,Both ponds
rffG,18,Core,TRUE,TRUE,TRUE,Both ponds
rpsR,18,Core,TRUE,TRUE,TRUE,Both ponds
group_3512,18,Core,FALSE,TRUE,TRUE,Both ponds
ltxB,18,Core,TRUE,TRUE,TRUE,Both ponds
group_3511,18,Core,FALSE,TRUE,TRUE,Both ponds
tcyC_2,18,Core,TRUE,TRUE,TRUE,Both ponds
glnL,18,Core,TRUE,TRUE,TRUE,Both ponds
group_3509,18,Core,FALSE,TRUE,TRUE,Both ponds
group_3508,18,Core,FALSE,TRUE,TRUE,Both ponds
accB,18,Core,TRUE,TRUE,TRUE,Both ponds
copA_2,18,Core,TRUE,TRUE,TRUE,Both ponds
hisA,18,Core,TRUE,TRUE,TRUE,Both ponds
rpmE,18,Core,TRUE,TRUE,TRUE,Both ponds
chaA,18,Core,TRUE,TRUE,TRUE,Both ponds
group_3506,18,Core,FALSE,TRUE,TRUE,Both ponds
group_3505,18,Core,FALSE,TRUE,TRUE,Both ponds
nagR_2,18,Core,TRUE,TRUE,TRUE,Both ponds
priA,18,Core,TRUE,TRUE,TRUE,Both ponds
guaD_2,18,Core,TRUE,TRUE,TRUE,Both ponds
artJ_2,18,Core,TRUE,TRUE,TRUE,Both ponds
parC,18,Core,TRUE,TRUE,TRUE,Both ponds
group_3503,18,Core,FALSE,TRUE,TRUE,Both ponds
group_3502,18,Core,FALSE,TRUE,TRUE,Both ponds
group_3501,18,Core,FALSE,TRUE,TRUE,Both ponds
group_3499,18,Core,FALSE,TRUE,TRUE,Both ponds
yhgF,18,Core,TRUE,TRUE,TRUE,Both ponds
ydeP,18,Core,TRUE,TRUE,TRUE,Both ponds
aguA,18,Core,TRUE,TRUE,TRUE,Both ponds
group_3498,18,Core,FALSE,TRUE,TRUE,Both ponds
tsaE,18,Core,TRUE,TRUE,TRUE,Both ponds
group_3497,18,Core,FALSE,TRUE,TRUE,Both ponds
metN_2,18,Core,TRUE,TRUE,TRUE,Both ponds
isfD_2,18,Core,TRUE,TRUE,TRUE,Both ponds
rlmB,18,Core,TRUE,TRUE,TRUE,Both ponds
group_3495,18,Core,FALSE,TRUE,TRUE,Both ponds
malP,18,Core,TRUE,TRUE,TRUE,Both ponds
group_3494,18,Core,FALSE,TRUE,TRUE,Both ponds
mrcA,18,Core,TRUE,TRUE,TRUE,Both ponds
pgaA,18,Core,TRUE,TRUE,TRUE,Both ponds
group_3493,18,Core,FALSE,TRUE,TRUE,Both ponds
rfaG,18,Core,TRUE,TRUE,TRUE,Both ponds
hisF,18,Core,TRUE,TRUE,TRUE,Both ponds
group_3491,18,Core,FALSE,TRUE,TRUE,Both ponds
group_3490,18,Core,FALSE,TRUE,TRUE,Both ponds
group_3489,18,Core,FALSE,TRUE,TRUE,Both ponds
opgH,18,Core,TRUE,TRUE,TRUE,Both ponds
secB,18,Core,TRUE,TRUE,TRUE,Both ponds
soj_2,18,Core,TRUE,TRUE,TRUE,Both ponds
ubiE,18,Core,TRUE,TRUE,TRUE,Both ponds
braC_1,18,Core,TRUE,TRUE,TRUE,Both ponds
occP,18,Core,TRUE,TRUE,TRUE,Both ponds
group_3488,18,Core,FALSE,TRUE,TRUE,Both ponds
rnr,18,Core,TRUE,TRUE,TRUE,Both ponds
aceE_1,18,Core,TRUE,TRUE,TRUE,Both ponds
group_3487,18,Core,FALSE,TRUE,TRUE,Both ponds
glnQ_8,18,Core,TRUE,TRUE,TRUE,Both ponds
group_3486,18,Core,FALSE,TRUE,TRUE,Both ponds
group_3485,18,Core,FALSE,TRUE,TRUE,Both ponds
group_3484,18,Core,FALSE,TRUE,TRUE,Both ponds
group_3483,18,Core,FALSE,TRUE,TRUE,Both ponds
sasA_7,18,Core,TRUE,TRUE,TRUE,Both ponds
tauB,18,Core,TRUE,TRUE,TRUE,Both ponds
bluF,18,Core,TRUE,TRUE,TRUE,Both ponds
grxC,18,Core,TRUE,TRUE,TRUE,Both ponds
group_3482,18,Core,FALSE,TRUE,TRUE,Both ponds
acpP_1,18,Core,TRUE,TRUE,TRUE,Both ponds
group_3481,18,Core,FALSE,TRUE,TRUE,Both ponds
group_3480,18,Core,FALSE,TRUE,TRUE,Both ponds
group_3479,18,Core,FALSE,TRUE,TRUE,Both ponds
metQ_4,18,Core,TRUE,TRUE,TRUE,Both ponds
fic,18,Core,TRUE,TRUE,TRUE,Both ponds
rssB_4,18,Core,TRUE,TRUE,TRUE,Both ponds
argD_3,18,Core,TRUE,TRUE,TRUE,Both ponds
group_3478,18,Core,FALSE,TRUE,TRUE,Both ponds
glnE,18,Core,TRUE,TRUE,TRUE,Both ponds
aroK,18,Core,TRUE,TRUE,TRUE,Both ponds
trxC,18,Core,TRUE,TRUE,TRUE,Both ponds
czcA_3,18,Core,TRUE,TRUE,TRUE,Both ponds
group_3477,18,Core,FALSE,TRUE,TRUE,Both ponds
group_3475,18,Core,FALSE,TRUE,TRUE,Both ponds
hfq,18,Core,TRUE,TRUE,TRUE,Both ponds
fpuC,18,Core,TRUE,TRUE,TRUE,Both ponds
nimR_1,18,Core,TRUE,TRUE,TRUE,Both ponds
yycB_4,18,Core,TRUE,TRUE,TRUE,Both ponds
ureE,18,Core,TRUE,TRUE,TRUE,Both ponds
group_3474,18,Core,FALSE,TRUE,TRUE,Both ponds
group_3473,18,Core,FALSE,TRUE,TRUE,Both ponds
cysQ~~~cysQ_2,18,Core,TRUE,TRUE,TRUE,Both ponds
mscK,18,Core,TRUE,TRUE,TRUE,Both ponds
hflK,18,Core,TRUE,TRUE,TRUE,Both ponds
tatC,18,Core,TRUE,TRUE,TRUE,Both ponds
group_3472,18,Core,FALSE,TRUE,TRUE,Both ponds
fliY_5,18,Core,TRUE,TRUE,TRUE,Both ponds
group_3470,18,Core,FALSE,TRUE,TRUE,Both ponds
artQ,18,Core,TRUE,TRUE,TRUE,Both ponds
cmoM,18,Core,TRUE,TRUE,TRUE,Both ponds
hisZ_2,18,Core,TRUE,TRUE,TRUE,Both ponds
acpP_2,18,Core,TRUE,TRUE,TRUE,Both ponds
group_3466,18,Core,FALSE,TRUE,TRUE,Both ponds
soxC_3,18,Core,TRUE,TRUE,TRUE,Both ponds
fliY_4,18,Core,TRUE,TRUE,TRUE,Both ponds
group_3465,18,Core,FALSE,TRUE,TRUE,Both ponds
kbp,18,Core,TRUE,TRUE,TRUE,Both ponds
group_3464,18,Core,FALSE,TRUE,TRUE,Both ponds
bcr_1,18,Core,TRUE,TRUE,TRUE,Both ponds
putA,18,Core,TRUE,TRUE,TRUE,Both ponds
group_3463,18,Core,FALSE,TRUE,TRUE,Both ponds
group_3462,18,Core,FALSE,TRUE,TRUE,Both ponds
lpxT,18,Core,TRUE,TRUE,TRUE,Both ponds
group_3461,18,Core,FALSE,TRUE,TRUE,Both ponds
group_3460,18,Core,FALSE,TRUE,TRUE,Both ponds
group_3457,18,Core,FALSE,TRUE,TRUE,Both ponds
gltB,18,Core,TRUE,TRUE,TRUE,Both ponds
nlhH,18,Core,TRUE,TRUE,TRUE,Both ponds
group_3454,18,Core,FALSE,TRUE,TRUE,Both ponds
rfaP,18,Core,TRUE,TRUE,TRUE,Both ponds
group_3452,18,Core,FALSE,TRUE,TRUE,Both ponds
group_3451,18,Core,FALSE,TRUE,TRUE,Both ponds
cobL,18,Core,TRUE,TRUE,TRUE,Both ponds
hutI,18,Core,TRUE,TRUE,TRUE,Both ponds
group_3450,18,Core,FALSE,TRUE,TRUE,Both ponds
fliY_3,18,Core,TRUE,TRUE,TRUE,Both ponds
group_3449,18,Core,FALSE,TRUE,TRUE,Both ponds
rssB_6,18,Core,TRUE,TRUE,TRUE,Both ponds
occM_2~~~occM_3,18,Core,TRUE,TRUE,TRUE,Both ponds
tatA,18,Core,TRUE,TRUE,TRUE,Both ponds
group_3448,18,Core,FALSE,TRUE,TRUE,Both ponds
group_3447,18,Core,FALSE,TRUE,TRUE,Both ponds
group_3446,18,Core,FALSE,TRUE,TRUE,Both ponds
cobK,18,Core,TRUE,TRUE,TRUE,Both ponds
group_3445,18,Core,FALSE,TRUE,TRUE,Both ponds
rhdA,18,Core,TRUE,TRUE,TRUE,Both ponds
cpdA_1,18,Core,TRUE,TRUE,TRUE,Both ponds
pncB2,18,Core,TRUE,TRUE,TRUE,Both ponds
serB2,18,Core,TRUE,TRUE,TRUE,Both ponds
cysT,18,Core,TRUE,TRUE,TRUE,Both ponds
lcdH_2~~~lcdH~~~lcdH_1,18,Core,TRUE,TRUE,TRUE,Both ponds
group_3411,18,Core,FALSE,TRUE,TRUE,Both ponds
group_3392,18,Core,FALSE,TRUE,TRUE,Both ponds
group_3389,18,Core,FALSE,TRUE,TRUE,Both ponds
group_3387,18,Core,FALSE,TRUE,TRUE,Both ponds
group_3377,18,Core,FALSE,TRUE,TRUE,Both ponds
group_3370,18,Core,FALSE,TRUE,TRUE,Both ponds
group_3359,18,Core,FALSE,TRUE,TRUE,Both ponds
rfbD~~~rfbD_2,18,Core,TRUE,TRUE,TRUE,Both ponds
mamB,18,Core,TRUE,TRUE,TRUE,Both ponds
group_3338,18,Core,FALSE,TRUE,TRUE,Both ponds
nolT,18,Core,TRUE,TRUE,TRUE,Both ponds
yhhW_2,18,Core,TRUE,TRUE,TRUE,Both ponds
group_3334,18,Core,FALSE,TRUE,TRUE,Both ponds
nepI_2~~~nepI_1,18,Core,TRUE,TRUE,TRUE,Both ponds
group_3329,18,Core,FALSE,TRUE,TRUE,Both ponds
group_3323,18,Core,FALSE,TRUE,TRUE,Both ponds
group_3322,18,Core,FALSE,TRUE,TRUE,Both ponds
rfbA~~~rfbA_1,18,Core,TRUE,TRUE,TRUE,Both ponds
group_3319,18,Core,FALSE,TRUE,TRUE,Both ponds
group_3315,18,Core,FALSE,TRUE,TRUE,Both ponds
group_3314,18,Core,FALSE,TRUE,TRUE,Both ponds
patA~~~patA_2,18,Core,TRUE,TRUE,TRUE,Both ponds
group_3307,18,Core,FALSE,TRUE,TRUE,Both ponds
group_3305,18,Core,FALSE,TRUE,TRUE,Both ponds
group_3303,18,Core,FALSE,TRUE,TRUE,Both ponds
group_3302,18,Core,FALSE,TRUE,TRUE,Both ponds
group_3301,18,Core,FALSE,TRUE,TRUE,Both ponds
group_3299,18,Core,FALSE,TRUE,TRUE,Both ponds
group_3297,18,Core,FALSE,TRUE,TRUE,Both ponds
group_3294,18,Core,FALSE,TRUE,TRUE,Both ponds
liuE,18,Core,TRUE,TRUE,TRUE,Both ponds
aes_2,18,Core,TRUE,TRUE,TRUE,Both ponds
group_3291,18,Core,FALSE,TRUE,TRUE,Both ponds
group_3289,18,Core,FALSE,TRUE,TRUE,Both ponds
rhsA~~~rhsB,18,Core,TRUE,TRUE,TRUE,Both ponds
hpf,18,Core,TRUE,TRUE,TRUE,Both ponds
yedK_1,18,Core,TRUE,TRUE,TRUE,Both ponds
group_3278,18,Core,FALSE,TRUE,TRUE,Both ponds
paiA_2,18,Core,TRUE,TRUE,TRUE,Both ponds
group_3277,18,Core,FALSE,TRUE,TRUE,Both ponds
group_3275,18,Core,FALSE,TRUE,TRUE,Both ponds
group_3270,18,Core,FALSE,TRUE,TRUE,Both ponds
soxC_1,18,Core,TRUE,TRUE,TRUE,Both ponds
group_3268,18,Core,FALSE,TRUE,TRUE,Both ponds
inaZ,18,Core,TRUE,TRUE,TRUE,Both ponds
group_3264,18,Core,FALSE,TRUE,TRUE,Both ponds
group_3263,18,Core,FALSE,TRUE,TRUE,Both ponds
cbiA,18,Core,TRUE,TRUE,TRUE,Both ponds
group_3262,18,Core,FALSE,TRUE,TRUE,Both ponds
group_3261,18,Core,FALSE,TRUE,TRUE,Both ponds
group_3259,18,Core,FALSE,TRUE,TRUE,Both ponds
gltF_3~~~gltF_5~~~gltF_4,18,Core,TRUE,TRUE,TRUE,Both ponds
group_3258,18,Core,FALSE,TRUE,TRUE,Both ponds
slmA,18,Core,TRUE,TRUE,TRUE,Both ponds
group_3250,18,Core,FALSE,TRUE,TRUE,Both ponds
group_3249,18,Core,FALSE,TRUE,TRUE,Both ponds
group_3248,18,Core,FALSE,TRUE,TRUE,Both ponds
group_3245,18,Core,FALSE,TRUE,TRUE,Both ponds
madC,18,Core,TRUE,TRUE,TRUE,Both ponds
gloC,18,Core,TRUE,TRUE,TRUE,Both ponds
dacC_2~~~dacC_1,18,Core,TRUE,TRUE,TRUE,Both ponds
group_3244,18,Core,FALSE,TRUE,TRUE,Both ponds
yedZ1,18,Core,TRUE,TRUE,TRUE,Both ponds
group_3243,18,Core,FALSE,TRUE,TRUE,Both ponds
group_3242,18,Core,FALSE,TRUE,TRUE,Both ponds
scpB_2~~~scpB_1,18,Core,TRUE,TRUE,TRUE,Both ponds
group_3238,18,Core,FALSE,TRUE,TRUE,Both ponds
mug,18,Core,TRUE,TRUE,TRUE,Both ponds
group_3237,18,Core,FALSE,TRUE,TRUE,Both ponds
group_3235,18,Core,FALSE,TRUE,TRUE,Both ponds
group_3234,18,Core,FALSE,TRUE,TRUE,Both ponds
ycaC_1,18,Core,TRUE,TRUE,TRUE,Both ponds
group_3233,18,Core,FALSE,TRUE,TRUE,Both ponds
group_3232,18,Core,FALSE,TRUE,TRUE,Both ponds
group_3231,18,Core,FALSE,TRUE,TRUE,Both ponds
group_3230,18,Core,FALSE,TRUE,TRUE,Both ponds
lrpC_2~~~lrpC_1,18,Core,TRUE,TRUE,TRUE,Both ponds
bluB,18,Core,TRUE,TRUE,TRUE,Both ponds
group_3228,18,Core,FALSE,TRUE,TRUE,Both ponds
stp_2,18,Core,TRUE,TRUE,TRUE,Both ponds
group_3226,18,Core,FALSE,TRUE,TRUE,Both ponds
group_3225,18,Core,FALSE,TRUE,TRUE,Both ponds
group_3224,18,Core,FALSE,TRUE,TRUE,Both ponds
ttuB_2,18,Core,TRUE,TRUE,TRUE,Both ponds
group_3223,18,Core,FALSE,TRUE,TRUE,Both ponds
group_3220,18,Core,FALSE,TRUE,TRUE,Both ponds
btuB_3,18,Core,TRUE,TRUE,TRUE,Both ponds
group_3217,18,Core,FALSE,TRUE,TRUE,Both ponds
tmk_2~~~tmk_3,18,Core,TRUE,TRUE,TRUE,Both ponds
group_3215,18,Core,FALSE,TRUE,TRUE,Both ponds
group_3214,18,Core,FALSE,TRUE,TRUE,Both ponds
kaiC_4~~~kaiC_1,18,Core,TRUE,TRUE,TRUE,Both ponds
group_3211,18,Core,FALSE,TRUE,TRUE,Both ponds
mreC,18,Core,TRUE,TRUE,TRUE,Both ponds
group_3210,18,Core,FALSE,TRUE,TRUE,Both ponds
group_3207,18,Core,FALSE,TRUE,TRUE,Both ponds
group_3206,18,Core,FALSE,TRUE,TRUE,Both ponds
group_3205,18,Core,FALSE,TRUE,TRUE,Both ponds
ycgJ,18,Core,TRUE,TRUE,TRUE,Both ponds
group_3204,18,Core,FALSE,TRUE,TRUE,Both ponds
puuB_6~~~puuB_7,18,Core,TRUE,TRUE,TRUE,Both ponds
por,18,Core,TRUE,TRUE,TRUE,Both ponds
fhuA,18,Core,TRUE,TRUE,TRUE,Both ponds
group_3202,18,Core,FALSE,TRUE,TRUE,Both ponds
queA,18,Core,TRUE,TRUE,TRUE,Both ponds
fatA,18,Core,TRUE,TRUE,TRUE,Both ponds
group_3200,18,Core,FALSE,TRUE,TRUE,Both ponds
group_3199,18,Core,FALSE,TRUE,TRUE,Both ponds
group_3198,18,Core,FALSE,TRUE,TRUE,Both ponds
nemA_2~~~nemA_3~~~nemA_1,18,Core,TRUE,TRUE,TRUE,Both ponds
group_3197,18,Core,FALSE,TRUE,TRUE,Both ponds
pxpC_1,18,Core,TRUE,TRUE,TRUE,Both ponds
group_3196,18,Core,FALSE,TRUE,TRUE,Both ponds
group_3195,18,Core,FALSE,TRUE,TRUE,Both ponds
group_3194,18,Core,FALSE,TRUE,TRUE,Both ponds
comR~~~comR_2,18,Core,TRUE,TRUE,TRUE,Both ponds
group_3193,18,Core,FALSE,TRUE,TRUE,Both ponds
group_3191,18,Core,FALSE,TRUE,TRUE,Both ponds
group_3190,18,Core,FALSE,TRUE,TRUE,Both ponds
group_3189,18,Core,FALSE,TRUE,TRUE,Both ponds
group_3188,18,Core,FALSE,TRUE,TRUE,Both ponds
group_3187,18,Core,FALSE,TRUE,TRUE,Both ponds
group_3186,18,Core,FALSE,TRUE,TRUE,Both ponds
ypeA_2~~~ypeA_1,18,Core,TRUE,TRUE,TRUE,Both ponds
group_3185,18,Core,FALSE,TRUE,TRUE,Both ponds
dauE~~~fabG_1,18,Core,TRUE,TRUE,TRUE,Both ponds
group_3184,18,Core,FALSE,TRUE,TRUE,Both ponds
group_3180,18,Core,FALSE,TRUE,TRUE,Both ponds
group_3179,18,Core,FALSE,TRUE,TRUE,Both ponds
ssuA_4~~~ssuA_3,18,Core,TRUE,TRUE,TRUE,Both ponds
yjaB_1,18,Core,TRUE,TRUE,TRUE,Both ponds
lptD,18,Core,TRUE,TRUE,TRUE,Both ponds
group_3178,18,Core,FALSE,TRUE,TRUE,Both ponds
ftsW,18,Core,TRUE,TRUE,TRUE,Both ponds
group_3176,18,Core,FALSE,TRUE,TRUE,Both ponds
group_3174,18,Core,FALSE,TRUE,TRUE,Both ponds
group_3170,18,Core,FALSE,TRUE,TRUE,Both ponds
group_3169,18,Core,FALSE,TRUE,TRUE,Both ponds
group_3168,18,Core,FALSE,TRUE,TRUE,Both ponds
group_3167,18,Core,FALSE,TRUE,TRUE,Both ponds
group_3166,18,Core,FALSE,TRUE,TRUE,Both ponds
alg8,18,Core,TRUE,TRUE,TRUE,Both ponds
group_3165,18,Core,FALSE,TRUE,TRUE,Both ponds
amnD,18,Core,TRUE,TRUE,TRUE,Both ponds
group_3163,18,Core,FALSE,TRUE,TRUE,Both ponds
group_3162,18,Core,FALSE,TRUE,TRUE,Both ponds
group_3161,18,Core,FALSE,TRUE,TRUE,Both ponds
group_3160,18,Core,FALSE,TRUE,TRUE,Both ponds
group_3159,18,Core,FALSE,TRUE,TRUE,Both ponds
yafV,18,Core,TRUE,TRUE,TRUE,Both ponds
group_3157,18,Core,FALSE,TRUE,TRUE,Both ponds
group_3156,18,Core,FALSE,TRUE,TRUE,Both ponds
group_3154,18,Core,FALSE,TRUE,TRUE,Both ponds
msrB_1~~~msrB_2,18,Core,TRUE,TRUE,TRUE,Both ponds
group_3153,18,Core,FALSE,TRUE,TRUE,Both ponds
group_3152,18,Core,FALSE,TRUE,TRUE,Both ponds
uspA2,18,Core,TRUE,TRUE,TRUE,Both ponds
kdgR_3,18,Core,TRUE,TRUE,TRUE,Both ponds
group_3151,18,Core,FALSE,TRUE,TRUE,Both ponds
group_3150,18,Core,FALSE,TRUE,TRUE,Both ponds
alyA,18,Core,TRUE,TRUE,TRUE,Both ponds
group_3149,18,Core,FALSE,TRUE,TRUE,Both ponds
group_3148,18,Core,FALSE,TRUE,TRUE,Both ponds
group_3147,18,Core,FALSE,TRUE,TRUE,Both ponds
nudJ,18,Core,TRUE,TRUE,TRUE,Both ponds
group_3146,18,Core,FALSE,TRUE,TRUE,Both ponds
group_3145,18,Core,FALSE,TRUE,TRUE,Both ponds
group_3144,18,Core,FALSE,TRUE,TRUE,Both ponds
group_3142,18,Core,FALSE,TRUE,TRUE,Both ponds
mobA_2,18,Core,TRUE,TRUE,TRUE,Both ponds
group_3141,18,Core,FALSE,TRUE,TRUE,Both ponds
group_3140,18,Core,FALSE,TRUE,TRUE,Both ponds
eamA_1~~~eamA_3,18,Core,TRUE,TRUE,TRUE,Both ponds
hyuC_2~~~hyuC_1,18,Core,TRUE,TRUE,TRUE,Both ponds
group_3133,18,Core,FALSE,TRUE,TRUE,Both ponds
group_3128,18,Core,FALSE,TRUE,TRUE,Both ponds
group_3126,18,Core,FALSE,TRUE,TRUE,Both ponds
cspA_1,18,Core,TRUE,TRUE,TRUE,Both ponds
adh_1~~~adh_2,18,Core,TRUE,TRUE,TRUE,Both ponds
fbp_2,18,Core,TRUE,TRUE,TRUE,Both ponds
rppH_1,18,Core,TRUE,TRUE,TRUE,Both ponds
pctA_2,18,Core,TRUE,TRUE,TRUE,Both ponds
group_3123,18,Core,FALSE,TRUE,TRUE,Both ponds
group_3122,18,Core,FALSE,TRUE,TRUE,Both ponds
argD_2~~~bioA_2,18,Core,TRUE,TRUE,TRUE,Both ponds
group_3120,18,Core,FALSE,TRUE,TRUE,Both ponds
group_3117,18,Core,FALSE,TRUE,TRUE,Both ponds
group_3116,18,Core,FALSE,TRUE,TRUE,Both ponds
tmk_1,18,Core,TRUE,TRUE,TRUE,Both ponds
group_3113,18,Core,FALSE,TRUE,TRUE,Both ponds
group_3111,18,Core,FALSE,TRUE,TRUE,Both ponds
group_3110,18,Core,FALSE,TRUE,TRUE,Both ponds
group_3107,18,Core,FALSE,TRUE,TRUE,Both ponds
group_3106,18,Core,FALSE,TRUE,TRUE,Both ponds
yhdW_1~~~yhdW_2,18,Core,TRUE,TRUE,TRUE,Both ponds
mutS,18,Core,TRUE,TRUE,TRUE,Both ponds
eamA_2,18,Core,TRUE,TRUE,TRUE,Both ponds
group_3104,18,Core,FALSE,TRUE,TRUE,Both ponds
group_3101,18,Core,FALSE,TRUE,TRUE,Both ponds
group_3100,18,Core,FALSE,TRUE,TRUE,Both ponds
group_3099,18,Core,FALSE,TRUE,TRUE,Both ponds
group_3098,18,Core,FALSE,TRUE,TRUE,Both ponds
group_3095,18,Core,FALSE,TRUE,TRUE,Both ponds
thiO,18,Core,TRUE,TRUE,TRUE,Both ponds
group_3094,18,Core,FALSE,TRUE,TRUE,Both ponds
group_3093,18,Core,FALSE,TRUE,TRUE,Both ponds
ogt,18,Core,TRUE,TRUE,TRUE,Both ponds
group_3092,18,Core,FALSE,TRUE,TRUE,Both ponds
group_3091,18,Core,FALSE,TRUE,TRUE,Both ponds
chrA,18,Core,TRUE,TRUE,TRUE,Both ponds
group_3090,18,Core,FALSE,TRUE,TRUE,Both ponds
qmcA_1~~~qmcA_2~~~qmcA,18,Core,TRUE,TRUE,TRUE,Both ponds
metQ_2,18,Core,TRUE,TRUE,TRUE,Both ponds
group_3089,18,Core,FALSE,TRUE,TRUE,Both ponds
ybeZ,18,Core,TRUE,TRUE,TRUE,Both ponds
xanP_1~~~xanP_2,18,Core,TRUE,TRUE,TRUE,Both ponds
moaD,18,Core,TRUE,TRUE,TRUE,Both ponds
group_3086,18,Core,FALSE,TRUE,TRUE,Both ponds
group_3085,18,Core,FALSE,TRUE,TRUE,Both ponds
ydjE,18,Core,TRUE,TRUE,TRUE,Both ponds
group_3083,18,Core,FALSE,TRUE,TRUE,Both ponds
zapE_3~~~zapE_4~~~zapE_1,18,Core,TRUE,TRUE,TRUE,Both ponds
group_3081,18,Core,FALSE,TRUE,TRUE,Both ponds
yraJ_1,18,Core,TRUE,TRUE,TRUE,Both ponds
group_3079,18,Core,FALSE,TRUE,TRUE,Both ponds
group_3078,18,Core,FALSE,TRUE,TRUE,Both ponds
pdeG,18,Core,TRUE,TRUE,TRUE,Both ponds
mshD~~~mshD_1,18,Core,TRUE,TRUE,TRUE,Both ponds
group_3077,18,Core,FALSE,TRUE,TRUE,Both ponds
group_3075,18,Core,FALSE,TRUE,TRUE,Both ponds
group_3074,18,Core,FALSE,TRUE,TRUE,Both ponds
group_3073,18,Core,FALSE,TRUE,TRUE,Both ponds
group_3072,18,Core,FALSE,TRUE,TRUE,Both ponds
group_3071,18,Core,FALSE,TRUE,TRUE,Both ponds
group_3070,18,Core,FALSE,TRUE,TRUE,Both ponds
yfgD,18,Core,TRUE,TRUE,TRUE,Both ponds
group_3069,18,Core,FALSE,TRUE,TRUE,Both ponds
soxA_2,18,Core,TRUE,TRUE,TRUE,Both ponds
group_3068,18,Core,FALSE,TRUE,TRUE,Both ponds
group_3067,18,Core,FALSE,TRUE,TRUE,Both ponds
group_3066,18,Core,FALSE,TRUE,TRUE,Both ponds
group_3064,18,Core,FALSE,TRUE,TRUE,Both ponds
group_3062,18,Core,FALSE,TRUE,TRUE,Both ponds
group_3061,18,Core,FALSE,TRUE,TRUE,Both ponds
group_3060,18,Core,FALSE,TRUE,TRUE,Both ponds
rsd,18,Core,TRUE,TRUE,TRUE,Both ponds
rhaR_1~~~rhaR_2,18,Core,TRUE,TRUE,TRUE,Both ponds
group_3058,18,Core,FALSE,TRUE,TRUE,Both ponds
group_3057,18,Core,FALSE,TRUE,TRUE,Both ponds
group_3056,18,Core,FALSE,TRUE,TRUE,Both ponds
group_3055,18,Core,FALSE,TRUE,TRUE,Both ponds
pikC,18,Core,TRUE,TRUE,TRUE,Both ponds
group_3053,18,Core,FALSE,TRUE,TRUE,Both ponds
trmK,18,Core,TRUE,TRUE,TRUE,Both ponds
group_3052,18,Core,FALSE,TRUE,TRUE,Both ponds
thiL,18,Core,TRUE,TRUE,TRUE,Both ponds
rpoN,18,Core,TRUE,TRUE,TRUE,Both ponds
group_3051,18,Core,FALSE,TRUE,TRUE,Both ponds
group_3050,18,Core,FALSE,TRUE,TRUE,Both ponds
group_3049,18,Core,FALSE,TRUE,TRUE,Both ponds
group_3048,18,Core,FALSE,TRUE,TRUE,Both ponds
dmlR_9~~~dmlR_11~~~dmlR_5,18,Core,TRUE,TRUE,TRUE,Both ponds
vldW,18,Core,TRUE,TRUE,TRUE,Both ponds
group_3047,18,Core,FALSE,TRUE,TRUE,Both ponds
group_3046,18,Core,FALSE,TRUE,TRUE,Both ponds
group_3045,18,Core,FALSE,TRUE,TRUE,Both ponds
argP_3~~~oxyR_2,18,Core,TRUE,TRUE,TRUE,Both ponds
dhmA_1,18,Core,TRUE,TRUE,TRUE,Both ponds
group_3043,18,Core,FALSE,TRUE,TRUE,Both ponds
gltS_1~~~gltS_2~~~gltS,18,Core,TRUE,TRUE,TRUE,Both ponds
group_3042,18,Core,FALSE,TRUE,TRUE,Both ponds
group_3040,18,Core,FALSE,TRUE,TRUE,Both ponds
hss,18,Core,TRUE,TRUE,TRUE,Both ponds
group_3037,18,Core,FALSE,TRUE,TRUE,Both ponds
group_3036,18,Core,FALSE,TRUE,TRUE,Both ponds
acpH,18,Core,TRUE,TRUE,TRUE,Both ponds
group_3035,18,Core,FALSE,TRUE,TRUE,Both ponds
hpcH,18,Core,TRUE,TRUE,TRUE,Both ponds
hcpA_3~~~hcpA_2,18,Core,TRUE,TRUE,TRUE,Both ponds
group_3033,18,Core,FALSE,TRUE,TRUE,Both ponds
group_3032,18,Core,FALSE,TRUE,TRUE,Both ponds
rimJ,18,Core,TRUE,TRUE,TRUE,Both ponds
mdcC,18,Core,TRUE,TRUE,TRUE,Both ponds
group_3030,18,Core,FALSE,TRUE,TRUE,Both ponds
group_3029,18,Core,FALSE,TRUE,TRUE,Both ponds
rcsC_19~~~rcsC_28,18,Core,TRUE,TRUE,TRUE,Both ponds
mdtD_2,18,Core,TRUE,TRUE,TRUE,Both ponds
yciO,18,Core,TRUE,TRUE,TRUE,Both ponds
group_3028,18,Core,FALSE,TRUE,TRUE,Both ponds
group_3027,18,Core,FALSE,TRUE,TRUE,Both ponds
ddl,18,Core,TRUE,TRUE,TRUE,Both ponds
bdlA_1~~~bdlA_4,18,Core,TRUE,TRUE,TRUE,Both ponds
hisI_1~~~hisI_2,18,Core,TRUE,TRUE,TRUE,Both ponds
group_3026,18,Core,FALSE,TRUE,TRUE,Both ponds
group_3025,18,Core,FALSE,TRUE,TRUE,Both ponds
group_3023,18,Core,FALSE,TRUE,TRUE,Both ponds
ptsO,18,Core,TRUE,TRUE,TRUE,Both ponds
group_3022,18,Core,FALSE,TRUE,TRUE,Both ponds
group_3021,18,Core,FALSE,TRUE,TRUE,Both ponds
yofA_3~~~yofA_2,18,Core,TRUE,TRUE,TRUE,Both ponds
mdcG,18,Core,TRUE,TRUE,TRUE,Both ponds
group_3020,18,Core,FALSE,TRUE,TRUE,Both ponds
group_3019,18,Core,FALSE,TRUE,TRUE,Both ponds
group_3018,18,Core,FALSE,TRUE,TRUE,Both ponds
lpxD_2~~~dapH_1,18,Core,TRUE,TRUE,TRUE,Both ponds
dmoA_1,18,Core,TRUE,TRUE,TRUE,Both ponds
rutB_1~~~rutB_2,18,Core,TRUE,TRUE,TRUE,Both ponds
group_3016,18,Core,FALSE,TRUE,TRUE,Both ponds
exuT_2,18,Core,TRUE,TRUE,TRUE,Both ponds
group_3015,18,Core,FALSE,TRUE,TRUE,Both ponds
group_3014,18,Core,FALSE,TRUE,TRUE,Both ponds
group_3012,18,Core,FALSE,TRUE,TRUE,Both ponds
dusA,18,Core,TRUE,TRUE,TRUE,Both ponds
group_3011,18,Core,FALSE,TRUE,TRUE,Both ponds
group_3010,18,Core,FALSE,TRUE,TRUE,Both ponds
group_3009,18,Core,FALSE,TRUE,TRUE,Both ponds
group_3008,18,Core,FALSE,TRUE,TRUE,Both ponds
group_3007,18,Core,FALSE,TRUE,TRUE,Both ponds
hdfR_1,18,Core,TRUE,TRUE,TRUE,Both ponds
group_3006,18,Core,FALSE,TRUE,TRUE,Both ponds
sigW_1,18,Core,TRUE,TRUE,TRUE,Both ponds
ssuB_3~~~ssuB_2,18,Core,TRUE,TRUE,TRUE,Both ponds
group_3004,18,Core,FALSE,TRUE,TRUE,Both ponds
mglA~~~rbsA_1,18,Core,TRUE,TRUE,TRUE,Both ponds
group_3003,18,Core,FALSE,TRUE,TRUE,Both ponds
btuD_8~~~btuD_6,18,Core,TRUE,TRUE,TRUE,Both ponds
group_3002,18,Core,FALSE,TRUE,TRUE,Both ponds
group_3001,18,Core,FALSE,TRUE,TRUE,Both ponds
group_3000,18,Core,FALSE,TRUE,TRUE,Both ponds
ypeA_1,18,Core,TRUE,TRUE,TRUE,Both ponds
gsiB,18,Core,TRUE,TRUE,TRUE,Both ponds
group_2999,18,Core,FALSE,TRUE,TRUE,Both ponds
stp_2~~~stp_1,18,Core,TRUE,TRUE,TRUE,Both ponds
kipR,18,Core,TRUE,TRUE,TRUE,Both ponds
hdfR_7~~~hdfR_6,18,Core,TRUE,TRUE,TRUE,Both ponds
group_2998,18,Core,FALSE,TRUE,TRUE,Both ponds
kdgR_1~~~kdgR_2,18,Core,TRUE,TRUE,TRUE,Both ponds
kefF_1,18,Core,TRUE,TRUE,TRUE,Both ponds
group_2995,18,Core,FALSE,TRUE,TRUE,Both ponds
group_2994,18,Core,FALSE,TRUE,TRUE,Both ponds
rhtC_2,18,Core,TRUE,TRUE,TRUE,Both ponds
group_2993,18,Core,FALSE,TRUE,TRUE,Both ponds
recX,18,Core,TRUE,TRUE,TRUE,Both ponds
group_2992,18,Core,FALSE,TRUE,TRUE,Both ponds
group_2991,18,Core,FALSE,TRUE,TRUE,Both ponds
group_2990,18,Core,FALSE,TRUE,TRUE,Both ponds
group_2989,18,Core,FALSE,TRUE,TRUE,Both ponds
group_2988,18,Core,FALSE,TRUE,TRUE,Both ponds
yphB,18,Core,TRUE,TRUE,TRUE,Both ponds
group_2987,18,Core,FALSE,TRUE,TRUE,Both ponds
group_2986,18,Core,FALSE,TRUE,TRUE,Both ponds
group_2985,18,Core,FALSE,TRUE,TRUE,Both ponds
ttgC_1~~~ttgC_4,18,Core,TRUE,TRUE,TRUE,Both ponds
group_2984,18,Core,FALSE,TRUE,TRUE,Both ponds
group_2983,18,Core,FALSE,TRUE,TRUE,Both ponds
mscS_1,18,Core,TRUE,TRUE,TRUE,Both ponds
group_2982,18,Core,FALSE,TRUE,TRUE,Both ponds
group_2981,18,Core,FALSE,TRUE,TRUE,Both ponds
group_2980,18,Core,FALSE,TRUE,TRUE,Both ponds
group_2979,18,Core,FALSE,TRUE,TRUE,Both ponds
group_2978,18,Core,FALSE,TRUE,TRUE,Both ponds
proB,18,Core,TRUE,TRUE,TRUE,Both ponds
group_2977,18,Core,FALSE,TRUE,TRUE,Both ponds
group_2976,18,Core,FALSE,TRUE,TRUE,Both ponds
gabR_3~~~gabR_2,18,Core,TRUE,TRUE,TRUE,Both ponds
group_2975,18,Core,FALSE,TRUE,TRUE,Both ponds
group_2974,18,Core,FALSE,TRUE,TRUE,Both ponds
group_2973,18,Core,FALSE,TRUE,TRUE,Both ponds
group_2972,18,Core,FALSE,TRUE,TRUE,Both ponds
arsC,18,Core,TRUE,TRUE,TRUE,Both ponds
LhpG,18,Core,TRUE,TRUE,TRUE,Both ponds
gcvA_8,18,Core,TRUE,TRUE,TRUE,Both ponds
group_2971,18,Core,FALSE,TRUE,TRUE,Both ponds
group_2970,18,Core,FALSE,TRUE,TRUE,Both ponds
group_2969,18,Core,FALSE,TRUE,TRUE,Both ponds
group_2968,18,Core,FALSE,TRUE,TRUE,Both ponds
tag_2,18,Core,TRUE,TRUE,TRUE,Both ponds
group_2967,18,Core,FALSE,TRUE,TRUE,Both ponds
czcR_1~~~czcR_2,18,Core,TRUE,TRUE,TRUE,Both ponds
group_2964,18,Core,FALSE,TRUE,TRUE,Both ponds
group_2963,18,Core,FALSE,TRUE,TRUE,Both ponds
group_2962,18,Core,FALSE,TRUE,TRUE,Both ponds
group_2960,18,Core,FALSE,TRUE,TRUE,Both ponds
group_2959,18,Core,FALSE,TRUE,TRUE,Both ponds
group_2958,18,Core,FALSE,TRUE,TRUE,Both ponds
phnZ,18,Core,TRUE,TRUE,TRUE,Both ponds
yjgH,18,Core,TRUE,TRUE,TRUE,Both ponds
group_2956,18,Core,FALSE,TRUE,TRUE,Both ponds
group_2955,18,Core,FALSE,TRUE,TRUE,Both ponds
group_2954,18,Core,FALSE,TRUE,TRUE,Both ponds
dapA_4~~~dapA_3,18,Core,TRUE,TRUE,TRUE,Both ponds
group_2953,18,Core,FALSE,TRUE,TRUE,Both ponds
dthadh,18,Core,TRUE,TRUE,TRUE,Both ponds
group_2951,18,Core,FALSE,TRUE,TRUE,Both ponds
group_2949,18,Core,FALSE,TRUE,TRUE,Both ponds
group_2948,18,Core,FALSE,TRUE,TRUE,Both ponds
paiA_1,18,Core,TRUE,TRUE,TRUE,Both ponds
group_2947,18,Core,FALSE,TRUE,TRUE,Both ponds
mdtC_3~~~mdtC_4~~~mdtC_1,18,Core,TRUE,TRUE,TRUE,Both ponds
gcvA_11~~~gcvA_9,18,Core,TRUE,TRUE,TRUE,Both ponds
group_2945,18,Core,FALSE,TRUE,TRUE,Both ponds
preT,18,Core,TRUE,TRUE,TRUE,Both ponds
gatA~~~gatA_1,18,Core,TRUE,TRUE,TRUE,Both ponds
group_2944,18,Core,FALSE,TRUE,TRUE,Both ponds
group_2943,18,Core,FALSE,TRUE,TRUE,Both ponds
group_2942,18,Core,FALSE,TRUE,TRUE,Both ponds
group_2941,18,Core,FALSE,TRUE,TRUE,Both ponds
xylB_3,18,Core,TRUE,TRUE,TRUE,Both ponds
tatD,18,Core,TRUE,TRUE,TRUE,Both ponds
group_2940,18,Core,FALSE,TRUE,TRUE,Both ponds
group_2939,18,Core,FALSE,TRUE,TRUE,Both ponds
prfB,18,Core,TRUE,TRUE,TRUE,Both ponds
group_2937,18,Core,FALSE,TRUE,TRUE,Both ponds
group_2933,18,Core,FALSE,TRUE,TRUE,Both ponds
menH_2~~~dhmA2_2,18,Core,TRUE,TRUE,TRUE,Both ponds
group_2932,18,Core,FALSE,TRUE,TRUE,Both ponds
yejE_1,18,Core,TRUE,TRUE,TRUE,Both ponds
group_2931,18,Core,FALSE,TRUE,TRUE,Both ponds
oprD_3,18,Core,TRUE,TRUE,TRUE,Both ponds
gcvA_6~~~gcvA_3,18,Core,TRUE,TRUE,TRUE,Both ponds
uppP_2~~~uppP_1,18,Core,TRUE,TRUE,TRUE,Both ponds
group_2927,18,Core,FALSE,TRUE,TRUE,Both ponds
group_2926,18,Core,FALSE,TRUE,TRUE,Both ponds
group_2924,18,Core,FALSE,TRUE,TRUE,Both ponds
group_2923,18,Core,FALSE,TRUE,TRUE,Both ponds
group_2922,18,Core,FALSE,TRUE,TRUE,Both ponds
group_2921,18,Core,FALSE,TRUE,TRUE,Both ponds
ynbD,18,Core,TRUE,TRUE,TRUE,Both ponds
msrA_3~~~msrA_1,18,Core,TRUE,TRUE,TRUE,Both ponds
dhmA_2,18,Core,TRUE,TRUE,TRUE,Both ponds
glk,18,Core,TRUE,TRUE,TRUE,Both ponds
btuF_3~~~btuF_2,18,Core,TRUE,TRUE,TRUE,Both ponds
cph1,18,Core,TRUE,TRUE,TRUE,Both ponds
group_2918,18,Core,FALSE,TRUE,TRUE,Both ponds
group_2917,18,Core,FALSE,TRUE,TRUE,Both ponds
folP,18,Core,TRUE,TRUE,TRUE,Both ponds
infC,18,Core,TRUE,TRUE,TRUE,Both ponds
group_2916,18,Core,FALSE,TRUE,TRUE,Both ponds
group_2915,18,Core,FALSE,TRUE,TRUE,Both ponds
group_2914,18,Core,FALSE,TRUE,TRUE,Both ponds
rhaS_6~~~rhaS_8,18,Core,TRUE,TRUE,TRUE,Both ponds
ydjA,18,Core,TRUE,TRUE,TRUE,Both ponds
group_2913,18,Core,FALSE,TRUE,TRUE,Both ponds
group_2912,18,Core,FALSE,TRUE,TRUE,Both ponds
group_2911,18,Core,FALSE,TRUE,TRUE,Both ponds
group_2910,18,Core,FALSE,TRUE,TRUE,Both ponds
group_2909,18,Core,FALSE,TRUE,TRUE,Both ponds
ephA_2~~~ephA,18,Core,TRUE,TRUE,TRUE,Both ponds
group_2908,18,Core,FALSE,TRUE,TRUE,Both ponds
group_2907,18,Core,FALSE,TRUE,TRUE,Both ponds
eamB_2~~~eamB_4,18,Core,TRUE,TRUE,TRUE,Both ponds
group_2906,18,Core,FALSE,TRUE,TRUE,Both ponds
group_2903,18,Core,FALSE,TRUE,TRUE,Both ponds
group_2902,18,Core,FALSE,TRUE,TRUE,Both ponds
acs_3~~~acs_2,18,Core,TRUE,TRUE,TRUE,Both ponds
yfcS,18,Core,TRUE,TRUE,TRUE,Both ponds
group_2901,18,Core,FALSE,TRUE,TRUE,Both ponds
yadV_1~~~yadV_3,18,Core,TRUE,TRUE,TRUE,Both ponds
group_2899,18,Core,FALSE,TRUE,TRUE,Both ponds
kdpC_1,18,Core,TRUE,TRUE,TRUE,Both ponds
serC,18,Core,TRUE,TRUE,TRUE,Both ponds
group_2898,18,Core,FALSE,TRUE,TRUE,Both ponds
group_2896,18,Core,FALSE,TRUE,TRUE,Both ponds
cckA,18,Core,TRUE,TRUE,TRUE,Both ponds
bvgA_3~~~bvgA_1,18,Core,TRUE,TRUE,TRUE,Both ponds
yeeA,18,Core,TRUE,TRUE,TRUE,Both ponds
group_2895,18,Core,FALSE,TRUE,TRUE,Both ponds
group_2889,18,Core,FALSE,TRUE,TRUE,Both ponds
group_2885,18,Core,FALSE,TRUE,TRUE,Both ponds
group_2884,18,Core,FALSE,TRUE,TRUE,Both ponds
group_2879,18,Core,FALSE,TRUE,TRUE,Both ponds
group_2866,18,Core,FALSE,TRUE,TRUE,Both ponds
group_2862,18,Core,FALSE,TRUE,TRUE,Both ponds
group_2855,18,Core,FALSE,TRUE,TRUE,Both ponds
group_2854,18,Core,FALSE,TRUE,TRUE,Both ponds
pqqA,18,Core,TRUE,TRUE,TRUE,Both ponds
group_2851,18,Core,FALSE,TRUE,TRUE,Both ponds
group_2841,18,Core,FALSE,TRUE,TRUE,Both ponds
group_2840,18,Core,FALSE,TRUE,TRUE,Both ponds
group_2839,18,Core,FALSE,TRUE,TRUE,Both ponds
group_2836,18,Core,FALSE,TRUE,TRUE,Both ponds
group_2828,18,Core,FALSE,TRUE,TRUE,Both ponds
rpmG,18,Core,TRUE,TRUE,TRUE,Both ponds
group_2822,18,Core,FALSE,TRUE,TRUE,Both ponds
group_2821,18,Core,FALSE,TRUE,TRUE,Both ponds
group_2820,18,Core,FALSE,TRUE,TRUE,Both ponds
group_2814,18,Core,FALSE,TRUE,TRUE,Both ponds
group_2813,18,Core,FALSE,TRUE,TRUE,Both ponds
group_2812,18,Core,FALSE,TRUE,TRUE,Both ponds
rubA2,18,Core,TRUE,TRUE,TRUE,Both ponds
group_2808,18,Core,FALSE,TRUE,TRUE,Both ponds
group_2803,18,Core,FALSE,TRUE,TRUE,Both ponds
group_2801,18,Core,FALSE,TRUE,TRUE,Both ponds
group_2800,18,Core,FALSE,TRUE,TRUE,Both ponds
group_2799,18,Core,FALSE,TRUE,TRUE,Both ponds
rubA1,18,Core,TRUE,TRUE,TRUE,Both ponds
group_2794,18,Core,FALSE,TRUE,TRUE,Both ponds
group_2792,18,Core,FALSE,TRUE,TRUE,Both ponds
group_2791,18,Core,FALSE,TRUE,TRUE,Both ponds
group_2790,18,Core,FALSE,TRUE,TRUE,Both ponds
group_2789,18,Core,FALSE,TRUE,TRUE,Both ponds
group_2788,18,Core,FALSE,TRUE,TRUE,Both ponds
group_2787,18,Core,FALSE,TRUE,TRUE,Both ponds
group_2784,18,Core,FALSE,TRUE,TRUE,Both ponds
group_2783,18,Core,FALSE,TRUE,TRUE,Both ponds
group_2782,18,Core,FALSE,TRUE,TRUE,Both ponds
rpmD,18,Core,TRUE,TRUE,TRUE,Both ponds
group_2781,18,Core,FALSE,TRUE,TRUE,Both ponds
group_2780,18,Core,FALSE,TRUE,TRUE,Both ponds
group_2779,18,Core,FALSE,TRUE,TRUE,Both ponds
group_2778,18,Core,FALSE,TRUE,TRUE,Both ponds
group_2772,18,Core,FALSE,TRUE,TRUE,Both ponds
group_2771,18,Core,FALSE,TRUE,TRUE,Both ponds
group_2769,18,Core,FALSE,TRUE,TRUE,Both ponds
rpmF,18,Core,TRUE,TRUE,TRUE,Both ponds
group_2763,18,Core,FALSE,TRUE,TRUE,Both ponds
group_2762,18,Core,FALSE,TRUE,TRUE,Both ponds
group_2760,18,Core,FALSE,TRUE,TRUE,Both ponds
group_2753,18,Core,FALSE,TRUE,TRUE,Both ponds
group_2752,18,Core,FALSE,TRUE,TRUE,Both ponds
group_2751,18,Core,FALSE,TRUE,TRUE,Both ponds
group_2750,18,Core,FALSE,TRUE,TRUE,Both ponds
group_2741,18,Core,FALSE,TRUE,TRUE,Both ponds
csrA2,18,Core,TRUE,TRUE,TRUE,Both ponds
group_2739,18,Core,FALSE,TRUE,TRUE,Both ponds
group_2738,18,Core,FALSE,TRUE,TRUE,Both ponds
group_2737,18,Core,FALSE,TRUE,TRUE,Both ponds
rpmC,18,Core,TRUE,TRUE,TRUE,Both ponds
group_2731,18,Core,FALSE,TRUE,TRUE,Both ponds
group_2730,18,Core,FALSE,TRUE,TRUE,Both ponds
rpmI,18,Core,TRUE,TRUE,TRUE,Both ponds
csrA1,18,Core,TRUE,TRUE,TRUE,Both ponds
group_2724,18,Core,FALSE,TRUE,TRUE,Both ponds
group_2723,18,Core,FALSE,TRUE,TRUE,Both ponds
group_2722,18,Core,FALSE,TRUE,TRUE,Both ponds
group_2720,18,Core,FALSE,TRUE,TRUE,Both ponds
group_2718,18,Core,FALSE,TRUE,TRUE,Both ponds
group_2716,18,Core,FALSE,TRUE,TRUE,Both ponds
group_2715,18,Core,FALSE,TRUE,TRUE,Both ponds
group_2705,18,Core,FALSE,TRUE,TRUE,Both ponds
yacG,18,Core,TRUE,TRUE,TRUE,Both ponds
aaeX,18,Core,TRUE,TRUE,TRUE,Both ponds
group_2703,18,Core,FALSE,TRUE,TRUE,Both ponds
group_2702,18,Core,FALSE,TRUE,TRUE,Both ponds
group_2701,18,Core,FALSE,TRUE,TRUE,Both ponds
group_2695,18,Core,FALSE,TRUE,TRUE,Both ponds
csrA,18,Core,TRUE,TRUE,TRUE,Both ponds
slyX,18,Core,TRUE,TRUE,TRUE,Both ponds
group_2682,18,Core,FALSE,TRUE,TRUE,Both ponds
group_2680,18,Core,FALSE,TRUE,TRUE,Both ponds
group_2679,18,Core,FALSE,TRUE,TRUE,Both ponds
capB_2,18,Core,TRUE,TRUE,TRUE,Both ponds
group_2673,18,Core,FALSE,TRUE,TRUE,Both ponds
group_2672,18,Core,FALSE,TRUE,TRUE,Both ponds
cspA_2,18,Core,TRUE,TRUE,TRUE,Both ponds
group_2666,18,Core,FALSE,TRUE,TRUE,Both ponds
group_2665,18,Core,FALSE,TRUE,TRUE,Both ponds
group_2664,18,Core,FALSE,TRUE,TRUE,Both ponds
group_2663,18,Core,FALSE,TRUE,TRUE,Both ponds
iscX,18,Core,TRUE,TRUE,TRUE,Both ponds
group_2662,18,Core,FALSE,TRUE,TRUE,Both ponds
rpsU,18,Core,TRUE,TRUE,TRUE,Both ponds
group_2660,18,Core,FALSE,TRUE,TRUE,Both ponds
group_2651,18,Core,FALSE,TRUE,TRUE,Both ponds
group_2650,18,Core,FALSE,TRUE,TRUE,Both ponds
infA,18,Core,TRUE,TRUE,TRUE,Both ponds
group_2648,18,Core,FALSE,TRUE,TRUE,Both ponds
group_2647,18,Core,FALSE,TRUE,TRUE,Both ponds
group_2646,18,Core,FALSE,TRUE,TRUE,Both ponds
group_2645,18,Core,FALSE,TRUE,TRUE,Both ponds
group_2638,18,Core,FALSE,TRUE,TRUE,Both ponds
group_2637,18,Core,FALSE,TRUE,TRUE,Both ponds
group_2636,18,Core,FALSE,TRUE,TRUE,Both ponds
group_2635,18,Core,FALSE,TRUE,TRUE,Both ponds
group_2626,18,Core,FALSE,TRUE,TRUE,Both ponds
group_2625,18,Core,FALSE,TRUE,TRUE,Both ponds
group_2624,18,Core,FALSE,TRUE,TRUE,Both ponds
mbtH,18,Core,TRUE,TRUE,TRUE,Both ponds
group_2622,18,Core,FALSE,TRUE,TRUE,Both ponds
group_2621,18,Core,FALSE,TRUE,TRUE,Both ponds
group_2613,18,Core,FALSE,TRUE,TRUE,Both ponds
group_2612,18,Core,FALSE,TRUE,TRUE,Both ponds
group_2611,18,Core,FALSE,TRUE,TRUE,Both ponds
group_2610,18,Core,FALSE,TRUE,TRUE,Both ponds
group_2609,18,Core,FALSE,TRUE,TRUE,Both ponds
group_2605,18,Core,FALSE,TRUE,TRUE,Both ponds
group_2591,18,Core,FALSE,TRUE,TRUE,Both ponds
group_2589,18,Core,FALSE,TRUE,TRUE,Both ponds
group_2588,18,Core,FALSE,TRUE,TRUE,Both ponds
group_2587,18,Core,FALSE,TRUE,TRUE,Both ponds
group_2586,18,Core,FALSE,TRUE,TRUE,Both ponds
rpmB,18,Core,TRUE,TRUE,TRUE,Both ponds
acpP_3,18,Core,TRUE,TRUE,TRUE,Both ponds
group_2578,18,Core,FALSE,TRUE,TRUE,Both ponds
group_2575,18,Core,FALSE,TRUE,TRUE,Both ponds
group_2574,18,Core,FALSE,TRUE,TRUE,Both ponds
group_2564,18,Core,FALSE,TRUE,TRUE,Both ponds
group_2563,18,Core,FALSE,TRUE,TRUE,Both ponds
group_2562,18,Core,FALSE,TRUE,TRUE,Both ponds
tusA_1,18,Core,TRUE,TRUE,TRUE,Both ponds
group_2549,18,Core,FALSE,TRUE,TRUE,Both ponds
xseB,18,Core,TRUE,TRUE,TRUE,Both ponds
clpS,18,Core,TRUE,TRUE,TRUE,Both ponds
group_2545,18,Core,FALSE,TRUE,TRUE,Both ponds
group_2544,18,Core,FALSE,TRUE,TRUE,Both ponds
group_2540,18,Core,FALSE,TRUE,TRUE,Both ponds
group_2539,18,Core,FALSE,TRUE,TRUE,Both ponds
group_2538,18,Core,FALSE,TRUE,TRUE,Both ponds
group_2526,18,Core,FALSE,TRUE,TRUE,Both ponds
group_2525,18,Core,FALSE,TRUE,TRUE,Both ponds
group_2524,18,Core,FALSE,TRUE,TRUE,Both ponds
group_2523,18,Core,FALSE,TRUE,TRUE,Both ponds
group_2522,18,Core,FALSE,TRUE,TRUE,Both ponds
rpsP,18,Core,TRUE,TRUE,TRUE,Both ponds
group_2521,18,Core,FALSE,TRUE,TRUE,Both ponds
group_2520,18,Core,FALSE,TRUE,TRUE,Both ponds
tusA_2,18,Core,TRUE,TRUE,TRUE,Both ponds
fdx_1,18,Core,TRUE,TRUE,TRUE,Both ponds
group_2508,18,Core,FALSE,TRUE,TRUE,Both ponds
sdhE,18,Core,TRUE,TRUE,TRUE,Both ponds
minE,18,Core,TRUE,TRUE,TRUE,Both ponds
group_2507,18,Core,FALSE,TRUE,TRUE,Both ponds
atpH_2,18,Core,TRUE,TRUE,TRUE,Both ponds
group_2498,18,Core,FALSE,TRUE,TRUE,Both ponds
group_2497,18,Core,FALSE,TRUE,TRUE,Both ponds
group_2496,18,Core,FALSE,TRUE,TRUE,Both ponds
rpmA,18,Core,TRUE,TRUE,TRUE,Both ponds
group_2495,18,Core,FALSE,TRUE,TRUE,Both ponds
group_2483,18,Core,FALSE,TRUE,TRUE,Both ponds
group_2482,18,Core,FALSE,TRUE,TRUE,Both ponds
group_2481,18,Core,FALSE,TRUE,TRUE,Both ponds
group_2480,18,Core,FALSE,TRUE,TRUE,Both ponds
group_2478,18,Core,FALSE,TRUE,TRUE,Both ponds
group_2477,18,Core,FALSE,TRUE,TRUE,Both ponds
ubiK,18,Core,TRUE,TRUE,TRUE,Both ponds
group_2468,18,Core,FALSE,TRUE,TRUE,Both ponds
group_2467,18,Core,FALSE,TRUE,TRUE,Both ponds
group_2465,18,Core,FALSE,TRUE,TRUE,Both ponds
group_2464,18,Core,FALSE,TRUE,TRUE,Both ponds
rpoZ,18,Core,TRUE,TRUE,TRUE,Both ponds
group_2453,18,Core,FALSE,TRUE,TRUE,Both ponds
rpsQ,18,Core,TRUE,TRUE,TRUE,Both ponds
group_2452,18,Core,FALSE,TRUE,TRUE,Both ponds
group_2444,18,Core,FALSE,TRUE,TRUE,Both ponds
group_2443,18,Core,FALSE,TRUE,TRUE,Both ponds
group_2442,18,Core,FALSE,TRUE,TRUE,Both ponds
group_2441,18,Core,FALSE,TRUE,TRUE,Both ponds
group_2440,18,Core,FALSE,TRUE,TRUE,Both ponds
rpsO,18,Core,TRUE,TRUE,TRUE,Both ponds
fliQ,18,Core,TRUE,TRUE,TRUE,Both ponds
group_2431,18,Core,FALSE,TRUE,TRUE,Both ponds
group_2430,18,Core,FALSE,TRUE,TRUE,Both ponds
group_2429,18,Core,FALSE,TRUE,TRUE,Both ponds
hupB_3,18,Core,TRUE,TRUE,TRUE,Both ponds
rpmE2,18,Core,TRUE,TRUE,TRUE,Both ponds
group_2426,18,Core,FALSE,TRUE,TRUE,Both ponds
group_2420,18,Core,FALSE,TRUE,TRUE,Both ponds
ppiC_1,18,Core,TRUE,TRUE,TRUE,Both ponds
group_2419,18,Core,FALSE,TRUE,TRUE,Both ponds
group_2418,18,Core,FALSE,TRUE,TRUE,Both ponds
group_2417,18,Core,FALSE,TRUE,TRUE,Both ponds
rpsS,18,Core,TRUE,TRUE,TRUE,Both ponds
group_2416,18,Core,FALSE,TRUE,TRUE,Both ponds
frmR,18,Core,TRUE,TRUE,TRUE,Both ponds
group_2415,18,Core,FALSE,TRUE,TRUE,Both ponds
pqqD,18,Core,TRUE,TRUE,TRUE,Both ponds
hupB_1,18,Core,TRUE,TRUE,TRUE,Both ponds
rpsT,18,Core,TRUE,TRUE,TRUE,Both ponds
group_2409,18,Core,FALSE,TRUE,TRUE,Both ponds
group_2408,18,Core,FALSE,TRUE,TRUE,Both ponds
group_2406,18,Core,FALSE,TRUE,TRUE,Both ponds
group_2405,18,Core,FALSE,TRUE,TRUE,Both ponds
group_2404,18,Core,FALSE,TRUE,TRUE,Both ponds
mrpX,18,Core,TRUE,TRUE,TRUE,Both ponds
group_2399,18,Core,FALSE,TRUE,TRUE,Both ponds
hupB_2,18,Core,TRUE,TRUE,TRUE,Both ponds
group_2398,18,Core,FALSE,TRUE,TRUE,Both ponds
group_2397,18,Core,FALSE,TRUE,TRUE,Both ponds
group_2393,18,Core,FALSE,TRUE,TRUE,Both ponds
group_2390,18,Core,FALSE,TRUE,TRUE,Both ponds
group_2389,18,Core,FALSE,TRUE,TRUE,Both ponds
group_2388,18,Core,FALSE,TRUE,TRUE,Both ponds
ppnP,18,Core,TRUE,TRUE,TRUE,Both ponds
group_2387,18,Core,FALSE,TRUE,TRUE,Both ponds
group_2379,18,Core,FALSE,TRUE,TRUE,Both ponds
group_2378,18,Core,FALSE,TRUE,TRUE,Both ponds
gatC,18,Core,TRUE,TRUE,TRUE,Both ponds
group_2377,18,Core,FALSE,TRUE,TRUE,Both ponds
group_2368,18,Core,FALSE,TRUE,TRUE,Both ponds
group_2367,18,Core,FALSE,TRUE,TRUE,Both ponds
group_2366,18,Core,FALSE,TRUE,TRUE,Both ponds
catC,18,Core,TRUE,TRUE,TRUE,Both ponds
group_2365,18,Core,FALSE,TRUE,TRUE,Both ponds
bolA,18,Core,TRUE,TRUE,TRUE,Both ponds
ftsL,18,Core,TRUE,TRUE,TRUE,Both ponds
ycgL,18,Core,TRUE,TRUE,TRUE,Both ponds
group_2349,18,Core,FALSE,TRUE,TRUE,Both ponds
groS,18,Core,TRUE,TRUE,TRUE,Both ponds
ihfB,18,Core,TRUE,TRUE,TRUE,Both ponds
group_2348,18,Core,FALSE,TRUE,TRUE,Both ponds
group_2347,18,Core,FALSE,TRUE,TRUE,Both ponds
group_2346,18,Core,FALSE,TRUE,TRUE,Both ponds
inh,18,Core,TRUE,TRUE,TRUE,Both ponds
rplW,18,Core,TRUE,TRUE,TRUE,Both ponds
yciI_1,18,Core,TRUE,TRUE,TRUE,Both ponds
group_2340,18,Core,FALSE,TRUE,TRUE,Both ponds
ihfA,18,Core,TRUE,TRUE,TRUE,Both ponds
group_2334,18,Core,FALSE,TRUE,TRUE,Both ponds
group_2332,18,Core,FALSE,TRUE,TRUE,Both ponds
group_2331,18,Core,FALSE,TRUE,TRUE,Both ponds
group_2330,18,Core,FALSE,TRUE,TRUE,Both ponds
soxD,18,Core,TRUE,TRUE,TRUE,Both ponds
group_2324,18,Core,FALSE,TRUE,TRUE,Both ponds
group_2323,18,Core,FALSE,TRUE,TRUE,Both ponds
group_2322,18,Core,FALSE,TRUE,TRUE,Both ponds
pchB,18,Core,TRUE,TRUE,TRUE,Both ponds
rpsN,18,Core,TRUE,TRUE,TRUE,Both ponds
group_2320,18,Core,FALSE,TRUE,TRUE,Both ponds
group_2319,18,Core,FALSE,TRUE,TRUE,Both ponds
group_2318,18,Core,FALSE,TRUE,TRUE,Both ponds
group_2309,18,Core,FALSE,TRUE,TRUE,Both ponds
group_2308,18,Core,FALSE,TRUE,TRUE,Both ponds
group_2307,18,Core,FALSE,TRUE,TRUE,Both ponds
nuoK,18,Core,TRUE,TRUE,TRUE,Both ponds
group_2306,18,Core,FALSE,TRUE,TRUE,Both ponds
group_2305,18,Core,FALSE,TRUE,TRUE,Both ponds
yhbY,18,Core,TRUE,TRUE,TRUE,Both ponds
group_2304,18,Core,FALSE,TRUE,TRUE,Both ponds
group_2303,18,Core,FALSE,TRUE,TRUE,Both ponds
group_2295,18,Core,FALSE,TRUE,TRUE,Both ponds
group_2294,18,Core,FALSE,TRUE,TRUE,Both ponds
group_2293,18,Core,FALSE,TRUE,TRUE,Both ponds
mqsR,18,Core,TRUE,TRUE,TRUE,Both ponds
rpsJ,18,Core,TRUE,TRUE,TRUE,Both ponds
group_2292,18,Core,FALSE,TRUE,TRUE,Both ponds
yjcH,18,Core,TRUE,TRUE,TRUE,Both ponds
group_2288,18,Core,FALSE,TRUE,TRUE,Both ponds
gdx,18,Core,TRUE,TRUE,TRUE,Both ponds
group_2287,18,Core,FALSE,TRUE,TRUE,Both ponds
rplX,18,Core,TRUE,TRUE,TRUE,Both ponds
rplU,18,Core,TRUE,TRUE,TRUE,Both ponds
yqjD_1,18,Core,TRUE,TRUE,TRUE,Both ponds
group_2286,18,Core,FALSE,TRUE,TRUE,Both ponds
group_2285,18,Core,FALSE,TRUE,TRUE,Both ponds
group_2279,18,Core,FALSE,TRUE,TRUE,Both ponds
group_2278,18,Core,FALSE,TRUE,TRUE,Both ponds
group_2277,18,Core,FALSE,TRUE,TRUE,Both ponds
group_2276,18,Core,FALSE,TRUE,TRUE,Both ponds
zapA,18,Core,TRUE,TRUE,TRUE,Both ponds
group_2271,18,Core,FALSE,TRUE,TRUE,Both ponds
group_2270,18,Core,FALSE,TRUE,TRUE,Both ponds
yqjZ,18,Core,TRUE,TRUE,TRUE,Both ponds
group_2268,18,Core,FALSE,TRUE,TRUE,Both ponds
group_2266,18,Core,FALSE,TRUE,TRUE,Both ponds
group_2259,18,Core,FALSE,TRUE,TRUE,Both ponds
group_2258,18,Core,FALSE,TRUE,TRUE,Both ponds
group_2257,18,Core,FALSE,TRUE,TRUE,Both ponds
fdxA,18,Core,TRUE,TRUE,TRUE,Both ponds
iscA,18,Core,TRUE,TRUE,TRUE,Both ponds
group_2256,18,Core,FALSE,TRUE,TRUE,Both ponds
group_2255,18,Core,FALSE,TRUE,TRUE,Both ponds
group_2251,18,Core,FALSE,TRUE,TRUE,Both ponds
group_2250,18,Core,FALSE,TRUE,TRUE,Both ponds
group_2249,18,Core,FALSE,TRUE,TRUE,Both ponds
group_2248,18,Core,FALSE,TRUE,TRUE,Both ponds
group_2247,18,Core,FALSE,TRUE,TRUE,Both ponds
group_2246,18,Core,FALSE,TRUE,TRUE,Both ponds
sutA,18,Core,TRUE,TRUE,TRUE,Both ponds
group_2240,18,Core,FALSE,TRUE,TRUE,Both ponds
group_2239,18,Core,FALSE,TRUE,TRUE,Both ponds
group_2238,18,Core,FALSE,TRUE,TRUE,Both ponds
group_2237,18,Core,FALSE,TRUE,TRUE,Both ponds
yqcC,18,Core,TRUE,TRUE,TRUE,Both ponds
group_2235,18,Core,FALSE,TRUE,TRUE,Both ponds
flhB_2,18,Core,TRUE,TRUE,TRUE,Both ponds
group_2234,18,Core,FALSE,TRUE,TRUE,Both ponds
fliE,18,Core,TRUE,TRUE,TRUE,Both ponds
glpE_1,18,Core,TRUE,TRUE,TRUE,Both ponds
trxA,18,Core,TRUE,TRUE,TRUE,Both ponds
group_2223,18,Core,FALSE,TRUE,TRUE,Both ponds
rplV,18,Core,TRUE,TRUE,TRUE,Both ponds
group_2222,18,Core,FALSE,TRUE,TRUE,Both ponds
group_2221,18,Core,FALSE,TRUE,TRUE,Both ponds
group_2220,18,Core,FALSE,TRUE,TRUE,Both ponds
cyaY,18,Core,TRUE,TRUE,TRUE,Both ponds
group_2210,18,Core,FALSE,TRUE,TRUE,Both ponds
group_2209,18,Core,FALSE,TRUE,TRUE,Both ponds
tusE,18,Core,TRUE,TRUE,TRUE,Both ponds
group_2208,18,Core,FALSE,TRUE,TRUE,Both ponds
bigR,18,Core,TRUE,TRUE,TRUE,Both ponds
group_2207,18,Core,FALSE,TRUE,TRUE,Both ponds
group_2206,18,Core,FALSE,TRUE,TRUE,Both ponds
group_2205,18,Core,FALSE,TRUE,TRUE,Both ponds
group_2198,18,Core,FALSE,TRUE,TRUE,Both ponds
group_2197,18,Core,FALSE,TRUE,TRUE,Both ponds
ydgC,18,Core,TRUE,TRUE,TRUE,Both ponds
grxD,18,Core,TRUE,TRUE,TRUE,Both ponds
yajC,18,Core,TRUE,TRUE,TRUE,Both ponds
ybaB,18,Core,TRUE,TRUE,TRUE,Both ponds
group_2196,18,Core,FALSE,TRUE,TRUE,Both ponds
glnK,18,Core,TRUE,TRUE,TRUE,Both ponds
group_2192,18,Core,FALSE,TRUE,TRUE,Both ponds
group_2189,18,Core,FALSE,TRUE,TRUE,Both ponds
cyoD,18,Core,TRUE,TRUE,TRUE,Both ponds
fdx_2,18,Core,TRUE,TRUE,TRUE,Both ponds
group_2188,18,Core,FALSE,TRUE,TRUE,Both ponds
group_2187,18,Core,FALSE,TRUE,TRUE,Both ponds
group_2186,18,Core,FALSE,TRUE,TRUE,Both ponds
group_2185,18,Core,FALSE,TRUE,TRUE,Both ponds
group_2179,18,Core,FALSE,TRUE,TRUE,Both ponds
group_2178,18,Core,FALSE,TRUE,TRUE,Both ponds
group_2177,18,Core,FALSE,TRUE,TRUE,Both ponds
mnhC1,18,Core,TRUE,TRUE,TRUE,Both ponds
group_2176,18,Core,FALSE,TRUE,TRUE,Both ponds
group_2175,18,Core,FALSE,TRUE,TRUE,Both ponds
group_2174,18,Core,FALSE,TRUE,TRUE,Both ponds
group_2173,18,Core,FALSE,TRUE,TRUE,Both ponds
group_2172,18,Core,FALSE,TRUE,TRUE,Both ponds
group_2171,18,Core,FALSE,TRUE,TRUE,Both ponds
group_2168,18,Core,FALSE,TRUE,TRUE,Both ponds
group_2167,18,Core,FALSE,TRUE,TRUE,Both ponds
group_2166,18,Core,FALSE,TRUE,TRUE,Both ponds
arnE_3,18,Core,TRUE,TRUE,TRUE,Both ponds
group_2165,18,Core,FALSE,TRUE,TRUE,Both ponds
group_2163,18,Core,FALSE,TRUE,TRUE,Both ponds
group_2162,18,Core,FALSE,TRUE,TRUE,Both ponds
tusC,18,Core,TRUE,TRUE,TRUE,Both ponds
group_2155,18,Core,FALSE,TRUE,TRUE,Both ponds
rplR,18,Core,TRUE,TRUE,TRUE,Both ponds
rplS,18,Core,TRUE,TRUE,TRUE,Both ponds
group_2154,18,Core,FALSE,TRUE,TRUE,Both ponds
group_2153,18,Core,FALSE,TRUE,TRUE,Both ponds
rutC_2,18,Core,TRUE,TRUE,TRUE,Both ponds
group_2150,18,Core,FALSE,TRUE,TRUE,Both ponds
group_2148,18,Core,FALSE,TRUE,TRUE,Both ponds
group_2147,18,Core,FALSE,TRUE,TRUE,Both ponds
cidA_2,18,Core,TRUE,TRUE,TRUE,Both ponds
pucM,18,Core,TRUE,TRUE,TRUE,Both ponds
group_2146,18,Core,FALSE,TRUE,TRUE,Both ponds
folB,18,Core,TRUE,TRUE,TRUE,Both ponds
group_2145,18,Core,FALSE,TRUE,TRUE,Both ponds
rutC_1,18,Core,TRUE,TRUE,TRUE,Both ponds
group_2139,18,Core,FALSE,TRUE,TRUE,Both ponds
rplT,18,Core,TRUE,TRUE,TRUE,Both ponds
group_2138,18,Core,FALSE,TRUE,TRUE,Both ponds
group_2137,18,Core,FALSE,TRUE,TRUE,Both ponds
queD,18,Core,TRUE,TRUE,TRUE,Both ponds
group_2136,18,Core,FALSE,TRUE,TRUE,Both ponds
rpsM,18,Core,TRUE,TRUE,TRUE,Both ponds
group_2135,18,Core,FALSE,TRUE,TRUE,Both ponds
group_2134,18,Core,FALSE,TRUE,TRUE,Both ponds
arnE_2,18,Core,TRUE,TRUE,TRUE,Both ponds
group_2133,18,Core,FALSE,TRUE,TRUE,Both ponds
group_2127,18,Core,FALSE,TRUE,TRUE,Both ponds
group_2120,18,Core,FALSE,TRUE,TRUE,Both ponds
group_2119,18,Core,FALSE,TRUE,TRUE,Both ponds
group_2118,18,Core,FALSE,TRUE,TRUE,Both ponds
group_2117,18,Core,FALSE,TRUE,TRUE,Both ponds
walR_2,18,Core,TRUE,TRUE,TRUE,Both ponds
group_2116,18,Core,FALSE,TRUE,TRUE,Both ponds
dgkA,18,Core,TRUE,TRUE,TRUE,Both ponds
group_2115,18,Core,FALSE,TRUE,TRUE,Both ponds
group_2114,18,Core,FALSE,TRUE,TRUE,Both ponds
group_2113,18,Core,FALSE,TRUE,TRUE,Both ponds
group_2112,18,Core,FALSE,TRUE,TRUE,Both ponds
group_2101,18,Core,FALSE,TRUE,TRUE,Both ponds
group_2100,18,Core,FALSE,TRUE,TRUE,Both ponds
group_2099,18,Core,FALSE,TRUE,TRUE,Both ponds
pcoC,18,Core,TRUE,TRUE,TRUE,Both ponds
group_2098,18,Core,FALSE,TRUE,TRUE,Both ponds
rplL,18,Core,TRUE,TRUE,TRUE,Both ponds
pleD,18,Core,TRUE,TRUE,TRUE,Both ponds
group_2093,18,Core,FALSE,TRUE,TRUE,Both ponds
rplN,18,Core,TRUE,TRUE,TRUE,Both ponds
secE,18,Core,TRUE,TRUE,TRUE,Both ponds
sdhD,18,Core,TRUE,TRUE,TRUE,Both ponds
group_2092,18,Core,FALSE,TRUE,TRUE,Both ponds
group_2091,18,Core,FALSE,TRUE,TRUE,Both ponds
group_2082,18,Core,FALSE,TRUE,TRUE,Both ponds
group_2081,18,Core,FALSE,TRUE,TRUE,Both ponds
group_2080,18,Core,FALSE,TRUE,TRUE,Both ponds
rlpA_2,18,Core,TRUE,TRUE,TRUE,Both ponds
rpsL,18,Core,TRUE,TRUE,TRUE,Both ponds
folX,18,Core,TRUE,TRUE,TRUE,Both ponds
group_2079,18,Core,FALSE,TRUE,TRUE,Both ponds
group_2078,18,Core,FALSE,TRUE,TRUE,Both ponds
ehpR,18,Core,TRUE,TRUE,TRUE,Both ponds
group_2077,18,Core,FALSE,TRUE,TRUE,Both ponds
group_2076,18,Core,FALSE,TRUE,TRUE,Both ponds
crcB_2,18,Core,TRUE,TRUE,TRUE,Both ponds
group_2074,18,Core,FALSE,TRUE,TRUE,Both ponds
group_2073,18,Core,FALSE,TRUE,TRUE,Both ponds
group_2072,18,Core,FALSE,TRUE,TRUE,Both ponds
sdhC,18,Core,TRUE,TRUE,TRUE,Both ponds
group_2071,18,Core,FALSE,TRUE,TRUE,Both ponds
group_2070,18,Core,FALSE,TRUE,TRUE,Both ponds
group_2069,18,Core,FALSE,TRUE,TRUE,Both ponds
cheY,18,Core,TRUE,TRUE,TRUE,Both ponds
group_2065,18,Core,FALSE,TRUE,TRUE,Both ponds
cpdR,18,Core,TRUE,TRUE,TRUE,Both ponds
merR1_2,18,Core,TRUE,TRUE,TRUE,Both ponds
group_2063,18,Core,FALSE,TRUE,TRUE,Both ponds
group_2062,18,Core,FALSE,TRUE,TRUE,Both ponds
group_2056,18,Core,FALSE,TRUE,TRUE,Both ponds
yabJ_5,18,Core,TRUE,TRUE,TRUE,Both ponds
yabJ_2,18,Core,TRUE,TRUE,TRUE,Both ponds
rssB_2,18,Core,TRUE,TRUE,TRUE,Both ponds
apaG,18,Core,TRUE,TRUE,TRUE,Both ponds
yabJ_1,18,Core,TRUE,TRUE,TRUE,Both ponds
group_2054,18,Core,FALSE,TRUE,TRUE,Both ponds
group_2044,18,Core,FALSE,TRUE,TRUE,Both ponds
group_2043,18,Core,FALSE,TRUE,TRUE,Both ponds
divK,18,Core,TRUE,TRUE,TRUE,Both ponds
group_2042,18,Core,FALSE,TRUE,TRUE,Both ponds
group_2041,18,Core,FALSE,TRUE,TRUE,Both ponds
gcvH_2,18,Core,TRUE,TRUE,TRUE,Both ponds
ybaN,18,Core,TRUE,TRUE,TRUE,Both ponds
gcvH_1,18,Core,TRUE,TRUE,TRUE,Both ponds
group_2036,18,Core,FALSE,TRUE,TRUE,Both ponds
group_2035,18,Core,FALSE,TRUE,TRUE,Both ponds
rplQ,18,Core,TRUE,TRUE,TRUE,Both ponds
cidA_1,18,Core,TRUE,TRUE,TRUE,Both ponds
iscU,18,Core,TRUE,TRUE,TRUE,Both ponds
group_2033,18,Core,FALSE,TRUE,TRUE,Both ponds
group_2032,18,Core,FALSE,TRUE,TRUE,Both ponds
group_2031,18,Core,FALSE,TRUE,TRUE,Both ponds
group_2028,18,Core,FALSE,TRUE,TRUE,Both ponds
yabJ_4,18,Core,TRUE,TRUE,TRUE,Both ponds
group_2027,18,Core,FALSE,TRUE,TRUE,Both ponds
rpsK,18,Core,TRUE,TRUE,TRUE,Both ponds
fliS,18,Core,TRUE,TRUE,TRUE,Both ponds
group_2026,18,Core,FALSE,TRUE,TRUE,Both ponds
fecI_1,18,Core,TRUE,TRUE,TRUE,Both ponds
cbiG,18,Core,TRUE,TRUE,TRUE,Both ponds
yabJ_3,18,Core,TRUE,TRUE,TRUE,Both ponds
cueR_1,18,Core,TRUE,TRUE,TRUE,Both ponds
dsrE,18,Core,TRUE,TRUE,TRUE,Both ponds
rpsI,18,Core,TRUE,TRUE,TRUE,Both ponds
group_2023,18,Core,FALSE,TRUE,TRUE,Both ponds
hpcD,18,Core,TRUE,TRUE,TRUE,Both ponds
rpsH,18,Core,TRUE,TRUE,TRUE,Both ponds
group_2022,18,Core,FALSE,TRUE,TRUE,Both ponds
msrB_1,18,Core,TRUE,TRUE,TRUE,Both ponds
group_2021,18,Core,FALSE,TRUE,TRUE,Both ponds
group_2020,18,Core,FALSE,TRUE,TRUE,Both ponds
group_2015,18,Core,FALSE,TRUE,TRUE,Both ponds
group_2014,18,Core,FALSE,TRUE,TRUE,Both ponds
group_2013,18,Core,FALSE,TRUE,TRUE,Both ponds
rbfA,18,Core,TRUE,TRUE,TRUE,Both ponds
group_2012,18,Core,FALSE,TRUE,TRUE,Both ponds
group_2011,18,Core,FALSE,TRUE,TRUE,Both ponds
group_2010,18,Core,FALSE,TRUE,TRUE,Both ponds
group_2009,18,Core,FALSE,TRUE,TRUE,Both ponds
group_2008,18,Core,FALSE,TRUE,TRUE,Both ponds
yqjC,18,Core,TRUE,TRUE,TRUE,Both ponds
group_2004,18,Core,FALSE,TRUE,TRUE,Both ponds
group_2003,18,Core,FALSE,TRUE,TRUE,Both ponds
erpA,18,Core,TRUE,TRUE,TRUE,Both ponds
group_1999,18,Core,FALSE,TRUE,TRUE,Both ponds
group_1998,18,Core,FALSE,TRUE,TRUE,Both ponds
group_1997,18,Core,FALSE,TRUE,TRUE,Both ponds
group_1996,18,Core,FALSE,TRUE,TRUE,Both ponds
group_1995,18,Core,FALSE,TRUE,TRUE,Both ponds
group_1994,18,Core,FALSE,TRUE,TRUE,Both ponds
cueR_2,18,Core,TRUE,TRUE,TRUE,Both ponds
dksA_3,18,Core,TRUE,TRUE,TRUE,Both ponds
rbsD,18,Core,TRUE,TRUE,TRUE,Both ponds
dksA_2,18,Core,TRUE,TRUE,TRUE,Both ponds
group_1989,18,Core,FALSE,TRUE,TRUE,Both ponds
group_1988,18,Core,FALSE,TRUE,TRUE,Both ponds
group_1987,18,Core,FALSE,TRUE,TRUE,Both ponds
fur,18,Core,TRUE,TRUE,TRUE,Both ponds
group_1986,18,Core,FALSE,TRUE,TRUE,Both ponds
group_1985,18,Core,FALSE,TRUE,TRUE,Both ponds
group_1984,18,Core,FALSE,TRUE,TRUE,Both ponds
group_1983,18,Core,FALSE,TRUE,TRUE,Both ponds
exbD_3,18,Core,TRUE,TRUE,TRUE,Both ponds
group_1980,18,Core,FALSE,TRUE,TRUE,Both ponds
group_1979,18,Core,FALSE,TRUE,TRUE,Both ponds
flgB,18,Core,TRUE,TRUE,TRUE,Both ponds
group_1978,18,Core,FALSE,TRUE,TRUE,Both ponds
group_1977,18,Core,FALSE,TRUE,TRUE,Both ponds
group_1976,18,Core,FALSE,TRUE,TRUE,Both ponds
walR_1,18,Core,TRUE,TRUE,TRUE,Both ponds
group_1975,18,Core,FALSE,TRUE,TRUE,Both ponds
group_1974,18,Core,FALSE,TRUE,TRUE,Both ponds
hiuH,18,Core,TRUE,TRUE,TRUE,Both ponds
group_1969,18,Core,FALSE,TRUE,TRUE,Both ponds
fosA,18,Core,TRUE,TRUE,TRUE,Both ponds
rnk,18,Core,TRUE,TRUE,TRUE,Both ponds
ndhC,18,Core,TRUE,TRUE,TRUE,Both ponds
pilA,18,Core,TRUE,TRUE,TRUE,Both ponds
arnF,18,Core,TRUE,TRUE,TRUE,Both ponds
group_1965,18,Core,FALSE,TRUE,TRUE,Both ponds
rplP,18,Core,TRUE,TRUE,TRUE,Both ponds
group_1964,18,Core,FALSE,TRUE,TRUE,Both ponds
arfB,18,Core,TRUE,TRUE,TRUE,Both ponds
arnE_1,18,Core,TRUE,TRUE,TRUE,Both ponds
group_1960,18,Core,FALSE,TRUE,TRUE,Both ponds
group_1959,18,Core,FALSE,TRUE,TRUE,Both ponds
atpC,18,Core,TRUE,TRUE,TRUE,Both ponds
group_1958,18,Core,FALSE,TRUE,TRUE,Both ponds
group_1957,18,Core,FALSE,TRUE,TRUE,Both ponds
group_1956,18,Core,FALSE,TRUE,TRUE,Both ponds
mscL,18,Core,TRUE,TRUE,TRUE,Both ponds
group_1954,18,Core,FALSE,TRUE,TRUE,Both ponds
group_1953,18,Core,FALSE,TRUE,TRUE,Both ponds
group_1952,18,Core,FALSE,TRUE,TRUE,Both ponds
sspB,18,Core,TRUE,TRUE,TRUE,Both ponds
group_1944,18,Core,FALSE,TRUE,TRUE,Both ponds
group_1943,18,Core,FALSE,TRUE,TRUE,Both ponds
group_1942,18,Core,FALSE,TRUE,TRUE,Both ponds
group_1941,18,Core,FALSE,TRUE,TRUE,Both ponds
ohrB,18,Core,TRUE,TRUE,TRUE,Both ponds
group_1934,18,Core,FALSE,TRUE,TRUE,Both ponds
group_1933,18,Core,FALSE,TRUE,TRUE,Both ponds
group_1932,18,Core,FALSE,TRUE,TRUE,Both ponds
farR,18,Core,TRUE,TRUE,TRUE,Both ponds
rutC_3,18,Core,TRUE,TRUE,TRUE,Both ponds
group_1931,18,Core,FALSE,TRUE,TRUE,Both ponds
yhfA,18,Core,TRUE,TRUE,TRUE,Both ponds
group_1926,18,Core,FALSE,TRUE,TRUE,Both ponds
group_1923,18,Core,FALSE,TRUE,TRUE,Both ponds
ndk,18,Core,TRUE,TRUE,TRUE,Both ponds
group_1922,18,Core,FALSE,TRUE,TRUE,Both ponds
group_1921,18,Core,FALSE,TRUE,TRUE,Both ponds
group_1920,18,Core,FALSE,TRUE,TRUE,Both ponds
exbD_1,18,Core,TRUE,TRUE,TRUE,Both ponds
tolR,18,Core,TRUE,TRUE,TRUE,Both ponds
group_1916,18,Core,FALSE,TRUE,TRUE,Both ponds
rplM,18,Core,TRUE,TRUE,TRUE,Both ponds
group_1915,18,Core,FALSE,TRUE,TRUE,Both ponds
holC,18,Core,TRUE,TRUE,TRUE,Both ponds
group_1913,18,Core,FALSE,TRUE,TRUE,Both ponds
group_1912,18,Core,FALSE,TRUE,TRUE,Both ponds
group_1911,18,Core,FALSE,TRUE,TRUE,Both ponds
group_1910,18,Core,FALSE,TRUE,TRUE,Both ponds
group_1909,18,Core,FALSE,TRUE,TRUE,Both ponds
group_1903,18,Core,FALSE,TRUE,TRUE,Both ponds
group_1902,18,Core,FALSE,TRUE,TRUE,Both ponds
group_1901,18,Core,FALSE,TRUE,TRUE,Both ponds
rplK,18,Core,TRUE,TRUE,TRUE,Both ponds
group_1900,18,Core,FALSE,TRUE,TRUE,Both ponds
group_1899,18,Core,FALSE,TRUE,TRUE,Both ponds
group_1892,18,Core,FALSE,TRUE,TRUE,Both ponds
group_1891,18,Core,FALSE,TRUE,TRUE,Both ponds
ratA,18,Core,TRUE,TRUE,TRUE,Both ponds
group_1890,18,Core,FALSE,TRUE,TRUE,Both ponds
mhqP,18,Core,TRUE,TRUE,TRUE,Both ponds
slyA_1,18,Core,TRUE,TRUE,TRUE,Both ponds
group_1889,18,Core,FALSE,TRUE,TRUE,Both ponds
group_1888,18,Core,FALSE,TRUE,TRUE,Both ponds
group_1885,18,Core,FALSE,TRUE,TRUE,Both ponds
pfyP_2,18,Core,TRUE,TRUE,TRUE,Both ponds
rplO,18,Core,TRUE,TRUE,TRUE,Both ponds
yqgF,18,Core,TRUE,TRUE,TRUE,Both ponds
group_1882,18,Core,FALSE,TRUE,TRUE,Both ponds
hrp1,18,Core,TRUE,TRUE,TRUE,Both ponds
lrpC_2,18,Core,TRUE,TRUE,TRUE,Both ponds
yqaA,18,Core,TRUE,TRUE,TRUE,Both ponds
group_1881,18,Core,FALSE,TRUE,TRUE,Both ponds
group_1880,18,Core,FALSE,TRUE,TRUE,Both ponds
aroQ_2,18,Core,TRUE,TRUE,TRUE,Both ponds
group_1879,18,Core,FALSE,TRUE,TRUE,Both ponds
group_1878,18,Core,FALSE,TRUE,TRUE,Both ponds
tspO,18,Core,TRUE,TRUE,TRUE,Both ponds
aroQ_1,18,Core,TRUE,TRUE,TRUE,Both ponds
group_1876,18,Core,FALSE,TRUE,TRUE,Both ponds
group_1874,18,Core,FALSE,TRUE,TRUE,Both ponds
group_1871,18,Core,FALSE,TRUE,TRUE,Both ponds
group_1870,18,Core,FALSE,TRUE,TRUE,Both ponds
dksA_1,18,Core,TRUE,TRUE,TRUE,Both ponds
group_1869,18,Core,FALSE,TRUE,TRUE,Both ponds
xcpT,18,Core,TRUE,TRUE,TRUE,Both ponds
group_1864,18,Core,FALSE,TRUE,TRUE,Both ponds
group_1863,18,Core,FALSE,TRUE,TRUE,Both ponds
group_1862,18,Core,FALSE,TRUE,TRUE,Both ponds
group_1861,18,Core,FALSE,TRUE,TRUE,Both ponds
group_1860,18,Core,FALSE,TRUE,TRUE,Both ponds
group_1859,18,Core,FALSE,TRUE,TRUE,Both ponds
lrp_2,18,Core,TRUE,TRUE,TRUE,Both ponds
atoC_1,18,Core,TRUE,TRUE,TRUE,Both ponds
ybbJ,18,Core,TRUE,TRUE,TRUE,Both ponds
group_1858,18,Core,FALSE,TRUE,TRUE,Both ponds
sixA,18,Core,TRUE,TRUE,TRUE,Both ponds
soxR,18,Core,TRUE,TRUE,TRUE,Both ponds
moaE,18,Core,TRUE,TRUE,TRUE,Both ponds
sigE,18,Core,TRUE,TRUE,TRUE,Both ponds
group_1852,18,Core,FALSE,TRUE,TRUE,Both ponds
group_1851,18,Core,FALSE,TRUE,TRUE,Both ponds
fliJ,18,Core,TRUE,TRUE,TRUE,Both ponds
merR1_1,18,Core,TRUE,TRUE,TRUE,Both ponds
group_1850,18,Core,FALSE,TRUE,TRUE,Both ponds
group_1849,18,Core,FALSE,TRUE,TRUE,Both ponds
rnhA,18,Core,TRUE,TRUE,TRUE,Both ponds
rimI,18,Core,TRUE,TRUE,TRUE,Both ponds
fkpB,18,Core,TRUE,TRUE,TRUE,Both ponds
flgC,18,Core,TRUE,TRUE,TRUE,Both ponds
group_1843,18,Core,FALSE,TRUE,TRUE,Both ponds
group_1842,18,Core,FALSE,TRUE,TRUE,Both ponds
ohrR,18,Core,TRUE,TRUE,TRUE,Both ponds
elaA,18,Core,TRUE,TRUE,TRUE,Both ponds
mraZ,18,Core,TRUE,TRUE,TRUE,Both ponds
group_1837,18,Core,FALSE,TRUE,TRUE,Both ponds
group_1836,18,Core,FALSE,TRUE,TRUE,Both ponds
group_1835,18,Core,FALSE,TRUE,TRUE,Both ponds
group_1834,18,Core,FALSE,TRUE,TRUE,Both ponds
group_1833,18,Core,FALSE,TRUE,TRUE,Both ponds
group_1832,18,Core,FALSE,TRUE,TRUE,Both ponds
group_1831,18,Core,FALSE,TRUE,TRUE,Both ponds
ybgC,18,Core,TRUE,TRUE,TRUE,Both ponds
group_1830,18,Core,FALSE,TRUE,TRUE,Both ponds
group_1829,18,Core,FALSE,TRUE,TRUE,Both ponds
group_1827,18,Core,FALSE,TRUE,TRUE,Both ponds
group_1826,18,Core,FALSE,TRUE,TRUE,Both ponds
dut,18,Core,TRUE,TRUE,TRUE,Both ponds
group_1821,18,Core,FALSE,TRUE,TRUE,Both ponds
group_1820,18,Core,FALSE,TRUE,TRUE,Both ponds
ibpA_1,18,Core,TRUE,TRUE,TRUE,Both ponds
ybeY,18,Core,TRUE,TRUE,TRUE,Both ponds
group_1819,18,Core,FALSE,TRUE,TRUE,Both ponds
group_1818,18,Core,FALSE,TRUE,TRUE,Both ponds
rpiB,18,Core,TRUE,TRUE,TRUE,Both ponds
group_1814,18,Core,FALSE,TRUE,TRUE,Both ponds
resA_2,18,Core,TRUE,TRUE,TRUE,Both ponds
group_1813,18,Core,FALSE,TRUE,TRUE,Both ponds
group_1812,18,Core,FALSE,TRUE,TRUE,Both ponds
group_1811,18,Core,FALSE,TRUE,TRUE,Both ponds
exbD_2,18,Core,TRUE,TRUE,TRUE,Both ponds
group_1810,18,Core,FALSE,TRUE,TRUE,Both ponds
group_1806,18,Core,FALSE,TRUE,TRUE,Both ponds
ptsN,18,Core,TRUE,TRUE,TRUE,Both ponds
group_1805,18,Core,FALSE,TRUE,TRUE,Both ponds
group_1804,18,Core,FALSE,TRUE,TRUE,Both ponds
group_1803,18,Core,FALSE,TRUE,TRUE,Both ponds
bfr_1,18,Core,TRUE,TRUE,TRUE,Both ponds
group_1802,18,Core,FALSE,TRUE,TRUE,Both ponds
group_1801,18,Core,FALSE,TRUE,TRUE,Both ponds
group_1791,18,Core,FALSE,TRUE,TRUE,Both ponds
iorA,18,Core,TRUE,TRUE,TRUE,Both ponds
group_1790,18,Core,FALSE,TRUE,TRUE,Both ponds
group_1789,18,Core,FALSE,TRUE,TRUE,Both ponds
mlaD,18,Core,TRUE,TRUE,TRUE,Both ponds
yjaB_2,18,Core,TRUE,TRUE,TRUE,Both ponds
rlmH,18,Core,TRUE,TRUE,TRUE,Both ponds
pfyP_1,18,Core,TRUE,TRUE,TRUE,Both ponds
group_1788,18,Core,FALSE,TRUE,TRUE,Both ponds
group_1787,18,Core,FALSE,TRUE,TRUE,Both ponds
ccmE,18,Core,TRUE,TRUE,TRUE,Both ponds
group_1786,18,Core,FALSE,TRUE,TRUE,Both ponds
fliN,18,Core,TRUE,TRUE,TRUE,Both ponds
group_1780,18,Core,FALSE,TRUE,TRUE,Both ponds
group_1779,18,Core,FALSE,TRUE,TRUE,Both ponds
group_1778,18,Core,FALSE,TRUE,TRUE,Both ponds
decR_3,18,Core,TRUE,TRUE,TRUE,Both ponds
atpF,18,Core,TRUE,TRUE,TRUE,Both ponds
group_1777,18,Core,FALSE,TRUE,TRUE,Both ponds
ybaK,18,Core,TRUE,TRUE,TRUE,Both ponds
bfr_2,18,Core,TRUE,TRUE,TRUE,Both ponds
nrdR,18,Core,TRUE,TRUE,TRUE,Both ponds
rpsG,18,Core,TRUE,TRUE,TRUE,Both ponds
group_1776,18,Core,FALSE,TRUE,TRUE,Both ponds
phaJ,18,Core,TRUE,TRUE,TRUE,Both ponds
cynS,18,Core,TRUE,TRUE,TRUE,Both ponds
decR_1,18,Core,TRUE,TRUE,TRUE,Both ponds
group_1768,18,Core,FALSE,TRUE,TRUE,Both ponds
marR,18,Core,TRUE,TRUE,TRUE,Both ponds
moaC,18,Core,TRUE,TRUE,TRUE,Both ponds
lrp_3,18,Core,TRUE,TRUE,TRUE,Both ponds
group_1767,18,Core,FALSE,TRUE,TRUE,Both ponds
ccmH,18,Core,TRUE,TRUE,TRUE,Both ponds
greB,18,Core,TRUE,TRUE,TRUE,Both ponds
sulA,18,Core,TRUE,TRUE,TRUE,Both ponds
group_1766,18,Core,FALSE,TRUE,TRUE,Both ponds
bcp,18,Core,TRUE,TRUE,TRUE,Both ponds
group_1761,18,Core,FALSE,TRUE,TRUE,Both ponds
group_1760,18,Core,FALSE,TRUE,TRUE,Both ponds
rclC,18,Core,TRUE,TRUE,TRUE,Both ponds
rimP,18,Core,TRUE,TRUE,TRUE,Both ponds
greA_2,18,Core,TRUE,TRUE,TRUE,Both ponds
group_1759,18,Core,FALSE,TRUE,TRUE,Both ponds
ribH,18,Core,TRUE,TRUE,TRUE,Both ponds
group_1758,18,Core,FALSE,TRUE,TRUE,Both ponds
group_1757,18,Core,FALSE,TRUE,TRUE,Both ponds
group_1756,18,Core,FALSE,TRUE,TRUE,Both ponds
group_1755,18,Core,FALSE,TRUE,TRUE,Both ponds
group_1747,18,Core,FALSE,TRUE,TRUE,Both ponds
group_1745,18,Core,FALSE,TRUE,TRUE,Both ponds
yfcQ,18,Core,TRUE,TRUE,TRUE,Both ponds
lrp_4,18,Core,TRUE,TRUE,TRUE,Both ponds
nusG,18,Core,TRUE,TRUE,TRUE,Both ponds
coaD,18,Core,TRUE,TRUE,TRUE,Both ponds
rppH,18,Core,TRUE,TRUE,TRUE,Both ponds
lrp_5,18,Core,TRUE,TRUE,TRUE,Both ponds
group_1737,18,Core,FALSE,TRUE,TRUE,Both ponds
decR_2,18,Core,TRUE,TRUE,TRUE,Both ponds
fecI_4,18,Core,TRUE,TRUE,TRUE,Both ponds
group_1736,18,Core,FALSE,TRUE,TRUE,Both ponds
smpB,18,Core,TRUE,TRUE,TRUE,Both ponds
btuE_2,18,Core,TRUE,TRUE,TRUE,Both ponds
msrC,18,Core,TRUE,TRUE,TRUE,Both ponds
group_1735,18,Core,FALSE,TRUE,TRUE,Both ponds
group_1734,18,Core,FALSE,TRUE,TRUE,Both ponds
cheW,18,Core,TRUE,TRUE,TRUE,Both ponds
group_1733,18,Core,FALSE,TRUE,TRUE,Both ponds
slyD,18,Core,TRUE,TRUE,TRUE,Both ponds
group_1729,18,Core,FALSE,TRUE,TRUE,Both ponds
folK_2,18,Core,TRUE,TRUE,TRUE,Both ponds
group_1727,18,Core,FALSE,TRUE,TRUE,Both ponds
gpx1,18,Core,TRUE,TRUE,TRUE,Both ponds
group_1726,18,Core,FALSE,TRUE,TRUE,Both ponds
group_1725,18,Core,FALSE,TRUE,TRUE,Both ponds
group_1724,18,Core,FALSE,TRUE,TRUE,Both ponds
group_1718,18,Core,FALSE,TRUE,TRUE,Both ponds
group_1717,18,Core,FALSE,TRUE,TRUE,Both ponds
mreD,18,Core,TRUE,TRUE,TRUE,Both ponds
hcpA_1,18,Core,TRUE,TRUE,TRUE,Both ponds
group_1716,18,Core,FALSE,TRUE,TRUE,Both ponds
group_1715,18,Core,FALSE,TRUE,TRUE,Both ponds
group_1713,18,Core,FALSE,TRUE,TRUE,Both ponds
psiE,18,Core,TRUE,TRUE,TRUE,Both ponds
group_1712,18,Core,FALSE,TRUE,TRUE,Both ponds
group_1711,18,Core,FALSE,TRUE,TRUE,Both ponds
group_1710,18,Core,FALSE,TRUE,TRUE,Both ponds
group_1709,18,Core,FALSE,TRUE,TRUE,Both ponds
lrp_1,18,Core,TRUE,TRUE,TRUE,Both ponds
hcp1_1,18,Core,TRUE,TRUE,TRUE,Both ponds
group_1708,18,Core,FALSE,TRUE,TRUE,Both ponds
group_1707,18,Core,FALSE,TRUE,TRUE,Both ponds
group_1706,18,Core,FALSE,TRUE,TRUE,Both ponds
ilvH,18,Core,TRUE,TRUE,TRUE,Both ponds
pal_3,18,Core,TRUE,TRUE,TRUE,Both ponds
iscR,18,Core,TRUE,TRUE,TRUE,Both ponds
group_1705,18,Core,FALSE,TRUE,TRUE,Both ponds
group_1704,18,Core,FALSE,TRUE,TRUE,Both ponds
group_1703,18,Core,FALSE,TRUE,TRUE,Both ponds
purE,18,Core,TRUE,TRUE,TRUE,Both ponds
antB,18,Core,TRUE,TRUE,TRUE,Both ponds
fliY_1,18,Core,TRUE,TRUE,TRUE,Both ponds
group_1700,18,Core,FALSE,TRUE,TRUE,Both ponds
group_1699,18,Core,FALSE,TRUE,TRUE,Both ponds
group_1698,18,Core,FALSE,TRUE,TRUE,Both ponds
group_1697,18,Core,FALSE,TRUE,TRUE,Both ponds
group_1696,18,Core,FALSE,TRUE,TRUE,Both ponds
sprT,18,Core,TRUE,TRUE,TRUE,Both ponds
group_1695,18,Core,FALSE,TRUE,TRUE,Both ponds
yfcR,18,Core,TRUE,TRUE,TRUE,Both ponds
rsfS,18,Core,TRUE,TRUE,TRUE,Both ponds
srpB,18,Core,TRUE,TRUE,TRUE,Both ponds
group_1693,18,Core,FALSE,TRUE,TRUE,Both ponds
nuoE,18,Core,TRUE,TRUE,TRUE,Both ponds
group_1690,18,Core,FALSE,TRUE,TRUE,Both ponds
group_1689,18,Core,FALSE,TRUE,TRUE,Both ponds
tadA,18,Core,TRUE,TRUE,TRUE,Both ponds
greA_1,18,Core,TRUE,TRUE,TRUE,Both ponds
group_1687,18,Core,FALSE,TRUE,TRUE,Both ponds
tpx,18,Core,TRUE,TRUE,TRUE,Both ponds
group_1686,18,Core,FALSE,TRUE,TRUE,Both ponds
fecI_5,18,Core,TRUE,TRUE,TRUE,Both ponds
pncC,18,Core,TRUE,TRUE,TRUE,Both ponds
nusB,18,Core,TRUE,TRUE,TRUE,Both ponds
rpsE,18,Core,TRUE,TRUE,TRUE,Both ponds
rplJ,18,Core,TRUE,TRUE,TRUE,Both ponds
pal_2,18,Core,TRUE,TRUE,TRUE,Both ponds
group_1685,18,Core,FALSE,TRUE,TRUE,Both ponds
group_1684,18,Core,FALSE,TRUE,TRUE,Both ponds
ygjP,18,Core,TRUE,TRUE,TRUE,Both ponds
lspA_2,18,Core,TRUE,TRUE,TRUE,Both ponds
group_1680,18,Core,FALSE,TRUE,TRUE,Both ponds
group_1679,18,Core,FALSE,TRUE,TRUE,Both ponds
group_1678,18,Core,FALSE,TRUE,TRUE,Both ponds
nuoJ,18,Core,TRUE,TRUE,TRUE,Both ponds
group_1677,18,Core,FALSE,TRUE,TRUE,Both ponds
group_1676,18,Core,FALSE,TRUE,TRUE,Both ponds
group_1675,18,Core,FALSE,TRUE,TRUE,Both ponds
allA,18,Core,TRUE,TRUE,TRUE,Both ponds
group_1674,18,Core,FALSE,TRUE,TRUE,Both ponds
group_1670,18,Core,FALSE,TRUE,TRUE,Both ponds
group_1669,18,Core,FALSE,TRUE,TRUE,Both ponds
ecfG,18,Core,TRUE,TRUE,TRUE,Both ponds
group_1667,18,Core,FALSE,TRUE,TRUE,Both ponds
group_1666,18,Core,FALSE,TRUE,TRUE,Both ponds
dsbB_2,18,Core,TRUE,TRUE,TRUE,Both ponds
msrA_1,18,Core,TRUE,TRUE,TRUE,Both ponds
pyrR,18,Core,TRUE,TRUE,TRUE,Both ponds
group_1665,18,Core,FALSE,TRUE,TRUE,Both ponds
group_1660,18,Core,FALSE,TRUE,TRUE,Both ponds
ribH2,18,Core,TRUE,TRUE,TRUE,Both ponds
fecI_3,18,Core,TRUE,TRUE,TRUE,Both ponds
group_1659,18,Core,FALSE,TRUE,TRUE,Both ponds
group_1658,18,Core,FALSE,TRUE,TRUE,Both ponds
fae,18,Core,TRUE,TRUE,TRUE,Both ponds
lspA_1,18,Core,TRUE,TRUE,TRUE,Both ponds
aaaT,18,Core,TRUE,TRUE,TRUE,Both ponds
group_1653,18,Core,FALSE,TRUE,TRUE,Both ponds
group_1652,18,Core,FALSE,TRUE,TRUE,Both ponds
group_1651,18,Core,FALSE,TRUE,TRUE,Both ponds
fabA,18,Core,TRUE,TRUE,TRUE,Both ponds
group_1642,18,Core,FALSE,TRUE,TRUE,Both ponds
uao,18,Core,TRUE,TRUE,TRUE,Both ponds
group_1641,18,Core,FALSE,TRUE,TRUE,Both ponds
group_1640,18,Core,FALSE,TRUE,TRUE,Both ponds
fecI_6,18,Core,TRUE,TRUE,TRUE,Both ponds
pagL,18,Core,TRUE,TRUE,TRUE,Both ponds
group_1634,18,Core,FALSE,TRUE,TRUE,Both ponds
folK_1,18,Core,TRUE,TRUE,TRUE,Both ponds
group_1633,18,Core,FALSE,TRUE,TRUE,Both ponds
group_1630,18,Core,FALSE,TRUE,TRUE,Both ponds
group_1629,18,Core,FALSE,TRUE,TRUE,Both ponds
group_1628,18,Core,FALSE,TRUE,TRUE,Both ponds
group_1627,18,Core,FALSE,TRUE,TRUE,Both ponds
group_1626,18,Core,FALSE,TRUE,TRUE,Both ponds
gloA,18,Core,TRUE,TRUE,TRUE,Both ponds
group_1625,18,Core,FALSE,TRUE,TRUE,Both ponds
yqjI,18,Core,TRUE,TRUE,TRUE,Both ponds
mrpA,18,Core,TRUE,TRUE,TRUE,Both ponds
papH,18,Core,TRUE,TRUE,TRUE,Both ponds
group_1624,18,Core,FALSE,TRUE,TRUE,Both ponds
hscB,18,Core,TRUE,TRUE,TRUE,Both ponds
group_1623,18,Core,FALSE,TRUE,TRUE,Both ponds
cobP,18,Core,TRUE,TRUE,TRUE,Both ponds
dsbB_1,18,Core,TRUE,TRUE,TRUE,Both ponds
group_1617,18,Core,FALSE,TRUE,TRUE,Both ponds
kdsC,18,Core,TRUE,TRUE,TRUE,Both ponds
paoA,18,Core,TRUE,TRUE,TRUE,Both ponds
yrdA_1,18,Core,TRUE,TRUE,TRUE,Both ponds
ruvC,18,Core,TRUE,TRUE,TRUE,Both ponds
group_1616,18,Core,FALSE,TRUE,TRUE,Both ponds
group_1615,18,Core,FALSE,TRUE,TRUE,Both ponds
sttH_2,18,Core,TRUE,TRUE,TRUE,Both ponds
group_1609,18,Core,FALSE,TRUE,TRUE,Both ponds
bamE,18,Core,TRUE,TRUE,TRUE,Both ponds
ssb,18,Core,TRUE,TRUE,TRUE,Both ponds
group_1608,18,Core,FALSE,TRUE,TRUE,Both ponds
group_1607,18,Core,FALSE,TRUE,TRUE,Both ponds
yceD,18,Core,TRUE,TRUE,TRUE,Both ponds
group_1603,18,Core,FALSE,TRUE,TRUE,Both ponds
mtnD,18,Core,TRUE,TRUE,TRUE,Both ponds
group_1602,18,Core,FALSE,TRUE,TRUE,Both ponds
tpd,18,Core,TRUE,TRUE,TRUE,Both ponds
group_1596,18,Core,FALSE,TRUE,TRUE,Both ponds
group_1595,18,Core,FALSE,TRUE,TRUE,Both ponds
rplF,18,Core,TRUE,TRUE,TRUE,Both ponds
group_1594,18,Core,FALSE,TRUE,TRUE,Both ponds
atpH_1,18,Core,TRUE,TRUE,TRUE,Both ponds
rimM,18,Core,TRUE,TRUE,TRUE,Both ponds
dsbE,18,Core,TRUE,TRUE,TRUE,Both ponds
group_1591,18,Core,FALSE,TRUE,TRUE,Both ponds
group_1590,18,Core,FALSE,TRUE,TRUE,Both ponds
group_1587,18,Core,FALSE,TRUE,TRUE,Both ponds
group_1586,18,Core,FALSE,TRUE,TRUE,Both ponds
group_1585,18,Core,FALSE,TRUE,TRUE,Both ponds
yceJ_2,18,Core,TRUE,TRUE,TRUE,Both ponds
C1hpah,18,Core,TRUE,TRUE,TRUE,Both ponds
group_1584,18,Core,FALSE,TRUE,TRUE,Both ponds
rplE,18,Core,TRUE,TRUE,TRUE,Both ponds
def_1,18,Core,TRUE,TRUE,TRUE,Both ponds
moaB,18,Core,TRUE,TRUE,TRUE,Both ponds
group_1583,18,Core,FALSE,TRUE,TRUE,Both ponds
chrR_1,18,Core,TRUE,TRUE,TRUE,Both ponds
group_1582,18,Core,FALSE,TRUE,TRUE,Both ponds
group_1579,18,Core,FALSE,TRUE,TRUE,Both ponds
group_1578,18,Core,FALSE,TRUE,TRUE,Both ponds
group_1577,18,Core,FALSE,TRUE,TRUE,Both ponds
group_1576,18,Core,FALSE,TRUE,TRUE,Both ponds
group_1575,18,Core,FALSE,TRUE,TRUE,Both ponds
group_1574,18,Core,FALSE,TRUE,TRUE,Both ponds
group_1573,18,Core,FALSE,TRUE,TRUE,Both ponds
group_1572,18,Core,FALSE,TRUE,TRUE,Both ponds
group_1571,18,Core,FALSE,TRUE,TRUE,Both ponds
yaeQ,18,Core,TRUE,TRUE,TRUE,Both ponds
group_1565,18,Core,FALSE,TRUE,TRUE,Both ponds
group_1564,18,Core,FALSE,TRUE,TRUE,Both ponds
group_1563,18,Core,FALSE,TRUE,TRUE,Both ponds
group_1562,18,Core,FALSE,TRUE,TRUE,Both ponds
yodB_1,18,Core,TRUE,TRUE,TRUE,Both ponds
group_1561,18,Core,FALSE,TRUE,TRUE,Both ponds
folE_1,18,Core,TRUE,TRUE,TRUE,Both ponds
group_1560,18,Core,FALSE,TRUE,TRUE,Both ponds
group_1559,18,Core,FALSE,TRUE,TRUE,Both ponds
group_1558,18,Core,FALSE,TRUE,TRUE,Both ponds
group_1557,18,Core,FALSE,TRUE,TRUE,Both ponds
nuoI,18,Core,TRUE,TRUE,TRUE,Both ponds
group_1553,18,Core,FALSE,TRUE,TRUE,Both ponds
smfA,18,Core,TRUE,TRUE,TRUE,Both ponds
group_1552,18,Core,FALSE,TRUE,TRUE,Both ponds
nudC_1,18,Core,TRUE,TRUE,TRUE,Both ponds
btuE_1,18,Core,TRUE,TRUE,TRUE,Both ponds
apt,18,Core,TRUE,TRUE,TRUE,Both ponds
puuR,18,Core,TRUE,TRUE,TRUE,Both ponds
group_1550,18,Core,FALSE,TRUE,TRUE,Both ponds
group_1549,18,Core,FALSE,TRUE,TRUE,Both ponds
yyaP,18,Core,TRUE,TRUE,TRUE,Both ponds
group_1547,18,Core,FALSE,TRUE,TRUE,Both ponds
yceJ_1,18,Core,TRUE,TRUE,TRUE,Both ponds
group_1543,18,Core,FALSE,TRUE,TRUE,Both ponds
group_1542,18,Core,FALSE,TRUE,TRUE,Both ponds
group_1541,18,Core,FALSE,TRUE,TRUE,Both ponds
group_1540,18,Core,FALSE,TRUE,TRUE,Both ponds
chrR_2,18,Core,TRUE,TRUE,TRUE,Both ponds
group_1537,18,Core,FALSE,TRUE,TRUE,Both ponds
clpP_2,18,Core,TRUE,TRUE,TRUE,Both ponds
group_1536,18,Core,FALSE,TRUE,TRUE,Both ponds
hpt,18,Core,TRUE,TRUE,TRUE,Both ponds
group_1535,18,Core,FALSE,TRUE,TRUE,Both ponds
group_1534,18,Core,FALSE,TRUE,TRUE,Both ponds
smrA,18,Core,TRUE,TRUE,TRUE,Both ponds
group_1533,18,Core,FALSE,TRUE,TRUE,Both ponds
group_1530,18,Core,FALSE,TRUE,TRUE,Both ponds
group_1529,18,Core,FALSE,TRUE,TRUE,Both ponds
ccmM,18,Core,TRUE,TRUE,TRUE,Both ponds
yfkM,18,Core,TRUE,TRUE,TRUE,Both ponds
pgsA,18,Core,TRUE,TRUE,TRUE,Both ponds
regA,18,Core,TRUE,TRUE,TRUE,Both ponds
folE_3,18,Core,TRUE,TRUE,TRUE,Both ponds
smf1_2,18,Core,TRUE,TRUE,TRUE,Both ponds
group_1528,18,Core,FALSE,TRUE,TRUE,Both ponds
group_1527,18,Core,FALSE,TRUE,TRUE,Both ponds
group_1526,18,Core,FALSE,TRUE,TRUE,Both ponds
grpE,18,Core,TRUE,TRUE,TRUE,Both ponds
ppa,18,Core,TRUE,TRUE,TRUE,Both ponds
group_1525,18,Core,FALSE,TRUE,TRUE,Both ponds
folE_2,18,Core,TRUE,TRUE,TRUE,Both ponds
pglC,18,Core,TRUE,TRUE,TRUE,Both ponds
gcvR,18,Core,TRUE,TRUE,TRUE,Both ponds
sfnF,18,Core,TRUE,TRUE,TRUE,Both ponds
group_1520,18,Core,FALSE,TRUE,TRUE,Both ponds
sutR_1,18,Core,TRUE,TRUE,TRUE,Both ponds
ampD,18,Core,TRUE,TRUE,TRUE,Both ponds
group_1519,18,Core,FALSE,TRUE,TRUE,Both ponds
pnuC,18,Core,TRUE,TRUE,TRUE,Both ponds
ahpC_2,18,Core,TRUE,TRUE,TRUE,Both ponds
mntP,18,Core,TRUE,TRUE,TRUE,Both ponds
group_1518,18,Core,FALSE,TRUE,TRUE,Both ponds
sttH_1,18,Core,TRUE,TRUE,TRUE,Both ponds
ppiA,18,Core,TRUE,TRUE,TRUE,Both ponds
ubiC,18,Core,TRUE,TRUE,TRUE,Both ponds
yceI_2,18,Core,TRUE,TRUE,TRUE,Both ponds
sctC_3,18,Core,TRUE,TRUE,TRUE,Both ponds
group_1514,18,Core,FALSE,TRUE,TRUE,Both ponds
group_1512,18,Core,FALSE,TRUE,TRUE,Both ponds
group_1511,18,Core,FALSE,TRUE,TRUE,Both ponds
plsY,18,Core,TRUE,TRUE,TRUE,Both ponds
group_1510,18,Core,FALSE,TRUE,TRUE,Both ponds
group_1509,18,Core,FALSE,TRUE,TRUE,Both ponds
lptC,18,Core,TRUE,TRUE,TRUE,Both ponds
group_1506,18,Core,FALSE,TRUE,TRUE,Both ponds
group_1505,18,Core,FALSE,TRUE,TRUE,Both ponds
efp,18,Core,TRUE,TRUE,TRUE,Both ponds
hisZ_1,18,Core,TRUE,TRUE,TRUE,Both ponds
group_1504,18,Core,FALSE,TRUE,TRUE,Both ponds
xpt,18,Core,TRUE,TRUE,TRUE,Both ponds
group_1498,18,Core,FALSE,TRUE,TRUE,Both ponds
lptA,18,Core,TRUE,TRUE,TRUE,Both ponds
cobC,18,Core,TRUE,TRUE,TRUE,Both ponds
pdtaR,18,Core,TRUE,TRUE,TRUE,Both ponds
yceF,18,Core,TRUE,TRUE,TRUE,Both ponds
group_1494,18,Core,FALSE,TRUE,TRUE,Both ponds
group_1493,18,Core,FALSE,TRUE,TRUE,Both ponds
cobO_2,18,Core,TRUE,TRUE,TRUE,Both ponds
phnN,18,Core,TRUE,TRUE,TRUE,Both ponds
group_1492,18,Core,FALSE,TRUE,TRUE,Both ponds
group_1491,18,Core,FALSE,TRUE,TRUE,Both ponds
osmY_3,18,Core,TRUE,TRUE,TRUE,Both ponds
lemA_2,18,Core,TRUE,TRUE,TRUE,Both ponds
group_1486,18,Core,FALSE,TRUE,TRUE,Both ponds
group_1485,18,Core,FALSE,TRUE,TRUE,Both ponds
algU,18,Core,TRUE,TRUE,TRUE,Both ponds
group_1484,18,Core,FALSE,TRUE,TRUE,Both ponds
sigW_2,18,Core,TRUE,TRUE,TRUE,Both ponds
nfuA,18,Core,TRUE,TRUE,TRUE,Both ponds
pth,18,Core,TRUE,TRUE,TRUE,Both ponds
yscL,18,Core,TRUE,TRUE,TRUE,Both ponds
group_1481,18,Core,FALSE,TRUE,TRUE,Both ponds
gacA,18,Core,TRUE,TRUE,TRUE,Both ponds
group_1480,18,Core,FALSE,TRUE,TRUE,Both ponds
group_1479,18,Core,FALSE,TRUE,TRUE,Both ponds
group_1478,18,Core,FALSE,TRUE,TRUE,Both ponds
group_1477,18,Core,FALSE,TRUE,TRUE,Both ponds
betI_1,18,Core,TRUE,TRUE,TRUE,Both ponds
group_1473,18,Core,FALSE,TRUE,TRUE,Both ponds
nudK,18,Core,TRUE,TRUE,TRUE,Both ponds
eamB_3,18,Core,TRUE,TRUE,TRUE,Both ponds
mupP_2,18,Core,TRUE,TRUE,TRUE,Both ponds
mucA,18,Core,TRUE,TRUE,TRUE,Both ponds
group_1472,18,Core,FALSE,TRUE,TRUE,Both ponds
group_1471,18,Core,FALSE,TRUE,TRUE,Both ponds
group_1470,18,Core,FALSE,TRUE,TRUE,Both ponds
yebS,18,Core,TRUE,TRUE,TRUE,Both ponds
nsaD,18,Core,TRUE,TRUE,TRUE,Both ponds
group_1460,18,Core,FALSE,TRUE,TRUE,Both ponds
mdaB,18,Core,TRUE,TRUE,TRUE,Both ponds
group_1459,18,Core,FALSE,TRUE,TRUE,Both ponds
group_1458,18,Core,FALSE,TRUE,TRUE,Both ponds
gmhA,18,Core,TRUE,TRUE,TRUE,Both ponds
tetC,18,Core,TRUE,TRUE,TRUE,Both ponds
group_1455,18,Core,FALSE,TRUE,TRUE,Both ponds
rutE,18,Core,TRUE,TRUE,TRUE,Both ponds
trpG,18,Core,TRUE,TRUE,TRUE,Both ponds
betI_2,18,Core,TRUE,TRUE,TRUE,Both ponds
ssuE,18,Core,TRUE,TRUE,TRUE,Both ponds
yhdE,18,Core,TRUE,TRUE,TRUE,Both ponds
petA,18,Core,TRUE,TRUE,TRUE,Both ponds
yciB,18,Core,TRUE,TRUE,TRUE,Both ponds
sodB_1,18,Core,TRUE,TRUE,TRUE,Both ponds
yceI_1,18,Core,TRUE,TRUE,TRUE,Both ponds
rdgB,18,Core,TRUE,TRUE,TRUE,Both ponds
kefF_2,18,Core,TRUE,TRUE,TRUE,Both ponds
sigK_2,18,Core,TRUE,TRUE,TRUE,Both ponds
group_1447,18,Core,FALSE,TRUE,TRUE,Both ponds
rplY,18,Core,TRUE,TRUE,TRUE,Both ponds
cheB_4,18,Core,TRUE,TRUE,TRUE,Both ponds
group_1446,18,Core,FALSE,TRUE,TRUE,Both ponds
osmY_1,18,Core,TRUE,TRUE,TRUE,Both ponds
argO_1,18,Core,TRUE,TRUE,TRUE,Both ponds
gstB_3,18,Core,TRUE,TRUE,TRUE,Both ponds
COQ5_1,18,Core,TRUE,TRUE,TRUE,Both ponds
group_1444,18,Core,FALSE,TRUE,TRUE,Both ponds
group_1443,18,Core,FALSE,TRUE,TRUE,Both ponds
yohC,18,Core,TRUE,TRUE,TRUE,Both ponds
purN_3,18,Core,TRUE,TRUE,TRUE,Both ponds
yibF_2,18,Core,TRUE,TRUE,TRUE,Both ponds
group_1442,18,Core,FALSE,TRUE,TRUE,Both ponds
ahpC_1,18,Core,TRUE,TRUE,TRUE,Both ponds
rplD,18,Core,TRUE,TRUE,TRUE,Both ponds
nudL,18,Core,TRUE,TRUE,TRUE,Both ponds
group_1441,18,Core,FALSE,TRUE,TRUE,Both ponds
yfcG_1,18,Core,TRUE,TRUE,TRUE,Both ponds
azoR_1,18,Core,TRUE,TRUE,TRUE,Both ponds
recR,18,Core,TRUE,TRUE,TRUE,Both ponds
group_1440,18,Core,FALSE,TRUE,TRUE,Both ponds
lptE,18,Core,TRUE,TRUE,TRUE,Both ponds
group_1438,18,Core,FALSE,TRUE,TRUE,Both ponds
rutR_1,18,Core,TRUE,TRUE,TRUE,Both ponds
tesA,18,Core,TRUE,TRUE,TRUE,Both ponds
group_1437,18,Core,FALSE,TRUE,TRUE,Both ponds
group_1431,18,Core,FALSE,TRUE,TRUE,Both ponds
eamB_1,18,Core,TRUE,TRUE,TRUE,Both ponds
pigA,18,Core,TRUE,TRUE,TRUE,Both ponds
phnX_1,18,Core,TRUE,TRUE,TRUE,Both ponds
lexA_1,18,Core,TRUE,TRUE,TRUE,Both ponds
group_1430,18,Core,FALSE,TRUE,TRUE,Both ponds
group_1429,18,Core,FALSE,TRUE,TRUE,Both ponds
group_1426,18,Core,FALSE,TRUE,TRUE,Both ponds
sodB_2,18,Core,TRUE,TRUE,TRUE,Both ponds
azoR1,18,Core,TRUE,TRUE,TRUE,Both ponds
group_1425,18,Core,FALSE,TRUE,TRUE,Both ponds
rutB_1,18,Core,TRUE,TRUE,TRUE,Both ponds
dinG_1,18,Core,TRUE,TRUE,TRUE,Both ponds
group_1424,18,Core,FALSE,TRUE,TRUE,Both ponds
group_1423,18,Core,FALSE,TRUE,TRUE,Both ponds
ruvA,18,Core,TRUE,TRUE,TRUE,Both ponds
lemA_1,18,Core,TRUE,TRUE,TRUE,Both ponds
cobO_1,18,Core,TRUE,TRUE,TRUE,Both ponds
leuD1_1,18,Core,TRUE,TRUE,TRUE,Both ponds
group_1418,18,Core,FALSE,TRUE,TRUE,Both ponds
group_1417,18,Core,FALSE,TRUE,TRUE,Both ponds
rhtB_6,18,Core,TRUE,TRUE,TRUE,Both ponds
nemR_1,18,Core,TRUE,TRUE,TRUE,Both ponds
group_1416,18,Core,FALSE,TRUE,TRUE,Both ponds
group_1415,18,Core,FALSE,TRUE,TRUE,Both ponds
group_1414,18,Core,FALSE,TRUE,TRUE,Both ponds
rpoE_1,18,Core,TRUE,TRUE,TRUE,Both ponds
group_1412,18,Core,FALSE,TRUE,TRUE,Both ponds
group_1411,18,Core,FALSE,TRUE,TRUE,Both ponds
gstB_4,18,Core,TRUE,TRUE,TRUE,Both ponds
ynbA,18,Core,TRUE,TRUE,TRUE,Both ponds
glmU_1,18,Core,TRUE,TRUE,TRUE,Both ponds
lolB,18,Core,TRUE,TRUE,TRUE,Both ponds
lexA_3,18,Core,TRUE,TRUE,TRUE,Both ponds
sspA,18,Core,TRUE,TRUE,TRUE,Both ponds
ribA,18,Core,TRUE,TRUE,TRUE,Both ponds
fklB_1,18,Core,TRUE,TRUE,TRUE,Both ponds
group_1410,18,Core,FALSE,TRUE,TRUE,Both ponds
group_1409,18,Core,FALSE,TRUE,TRUE,Both ponds
group_1408,18,Core,FALSE,TRUE,TRUE,Both ponds
rsmD,18,Core,TRUE,TRUE,TRUE,Both ponds
group_1404,18,Core,FALSE,TRUE,TRUE,Both ponds
group_1403,18,Core,FALSE,TRUE,TRUE,Both ponds
group_1402,18,Core,FALSE,TRUE,TRUE,Both ponds
yedK_2,18,Core,TRUE,TRUE,TRUE,Both ponds
rhtB_5,18,Core,TRUE,TRUE,TRUE,Both ponds
leuE,18,Core,TRUE,TRUE,TRUE,Both ponds
rutR_3,18,Core,TRUE,TRUE,TRUE,Both ponds
group_1401,18,Core,FALSE,TRUE,TRUE,Both ponds
rpsD,18,Core,TRUE,TRUE,TRUE,Both ponds
group_1400,18,Core,FALSE,TRUE,TRUE,Both ponds
gmk,18,Core,TRUE,TRUE,TRUE,Both ponds
pqiA_1,18,Core,TRUE,TRUE,TRUE,Both ponds
hflD,18,Core,TRUE,TRUE,TRUE,Both ponds
lolA,18,Core,TRUE,TRUE,TRUE,Both ponds
group_1397,18,Core,FALSE,TRUE,TRUE,Both ponds
eamB_2,18,Core,TRUE,TRUE,TRUE,Both ponds
coaE,18,Core,TRUE,TRUE,TRUE,Both ponds
gltF_2,18,Core,TRUE,TRUE,TRUE,Both ponds
gltF_1,18,Core,TRUE,TRUE,TRUE,Both ponds
group_1396,18,Core,FALSE,TRUE,TRUE,Both ponds
kstR2,18,Core,TRUE,TRUE,TRUE,Both ponds
group_1394,18,Core,FALSE,TRUE,TRUE,Both ponds
sutR_2,18,Core,TRUE,TRUE,TRUE,Both ponds
bvgA_4,18,Core,TRUE,TRUE,TRUE,Both ponds
dauR_1,18,Core,TRUE,TRUE,TRUE,Both ponds
rutR_4,18,Core,TRUE,TRUE,TRUE,Both ponds
rnc,18,Core,TRUE,TRUE,TRUE,Both ponds
group_1393,18,Core,FALSE,TRUE,TRUE,Both ponds
cyoC,18,Core,TRUE,TRUE,TRUE,Both ponds
rhtB_3,18,Core,TRUE,TRUE,TRUE,Both ponds
gstB_1,18,Core,TRUE,TRUE,TRUE,Both ponds
sigK_1,18,Core,TRUE,TRUE,TRUE,Both ponds
rhtB_8,18,Core,TRUE,TRUE,TRUE,Both ponds
group_1389,18,Core,FALSE,TRUE,TRUE,Both ponds
group_1388,18,Core,FALSE,TRUE,TRUE,Both ponds
group_1387,18,Core,FALSE,TRUE,TRUE,Both ponds
group_1386,18,Core,FALSE,TRUE,TRUE,Both ponds
gltF_5,18,Core,TRUE,TRUE,TRUE,Both ponds
group_1385,18,Core,FALSE,TRUE,TRUE,Both ponds
thiE_2,18,Core,TRUE,TRUE,TRUE,Both ponds
ubiX,18,Core,TRUE,TRUE,TRUE,Both ponds
group_1383,18,Core,FALSE,TRUE,TRUE,Both ponds
group_1382,18,Core,FALSE,TRUE,TRUE,Both ponds
uvrY,18,Core,TRUE,TRUE,TRUE,Both ponds
yibF_1,18,Core,TRUE,TRUE,TRUE,Both ponds
group_1381,18,Core,FALSE,TRUE,TRUE,Both ponds
group_1380,18,Core,FALSE,TRUE,TRUE,Both ponds
dapH_1,18,Core,TRUE,TRUE,TRUE,Both ponds
trpF,18,Core,TRUE,TRUE,TRUE,Both ponds
yfcF,18,Core,TRUE,TRUE,TRUE,Both ponds
rhtB_7,18,Core,TRUE,TRUE,TRUE,Both ponds
group_1376,18,Core,FALSE,TRUE,TRUE,Both ponds
rhtC_1,18,Core,TRUE,TRUE,TRUE,Both ponds
group_1375,18,Core,FALSE,TRUE,TRUE,Both ponds
bvgA_2,18,Core,TRUE,TRUE,TRUE,Both ponds
ycaC,18,Core,TRUE,TRUE,TRUE,Both ponds
gstB_2,18,Core,TRUE,TRUE,TRUE,Both ponds
ttgR,18,Core,TRUE,TRUE,TRUE,Both ponds
soxG,18,Core,TRUE,TRUE,TRUE,Both ponds
group_1374,18,Core,FALSE,TRUE,TRUE,Both ponds
rhtB_1,18,Core,TRUE,TRUE,TRUE,Both ponds
tolQ_3,18,Core,TRUE,TRUE,TRUE,Both ponds
hisG,18,Core,TRUE,TRUE,TRUE,Both ponds
group_1369,18,Core,FALSE,TRUE,TRUE,Both ponds
betI_3,18,Core,TRUE,TRUE,TRUE,Both ponds
lexA_2,18,Core,TRUE,TRUE,TRUE,Both ponds
clpP_1,18,Core,TRUE,TRUE,TRUE,Both ponds
rcsB_2,18,Core,TRUE,TRUE,TRUE,Both ponds
rluE,18,Core,TRUE,TRUE,TRUE,Both ponds
rplC,18,Core,TRUE,TRUE,TRUE,Both ponds
rhtB_4,18,Core,TRUE,TRUE,TRUE,Both ponds
ccmA,18,Core,TRUE,TRUE,TRUE,Both ponds
group_1368,18,Core,FALSE,TRUE,TRUE,Both ponds
rluA,18,Core,TRUE,TRUE,TRUE,Both ponds
gbpA,18,Core,TRUE,TRUE,TRUE,Both ponds
group_1367,18,Core,FALSE,TRUE,TRUE,Both ponds
group_1364,18,Core,FALSE,TRUE,TRUE,Both ponds
dauR_2,18,Core,TRUE,TRUE,TRUE,Both ponds
betI_4,18,Core,TRUE,TRUE,TRUE,Both ponds
upp,18,Core,TRUE,TRUE,TRUE,Both ponds
nth,18,Core,TRUE,TRUE,TRUE,Both ponds
group_1363,18,Core,FALSE,TRUE,TRUE,Both ponds
rhtB_2,18,Core,TRUE,TRUE,TRUE,Both ponds
group_1362,18,Core,FALSE,TRUE,TRUE,Both ponds
paiB,18,Core,TRUE,TRUE,TRUE,Both ponds
group_1358,18,Core,FALSE,TRUE,TRUE,Both ponds
pcp,18,Core,TRUE,TRUE,TRUE,Both ponds
group_1357,18,Core,FALSE,TRUE,TRUE,Both ponds
group_1355,18,Core,FALSE,TRUE,TRUE,Both ponds
group_1354,18,Core,FALSE,TRUE,TRUE,Both ponds
group_1353,18,Core,FALSE,TRUE,TRUE,Both ponds
cynT_1,18,Core,TRUE,TRUE,TRUE,Both ponds
group_1352,18,Core,FALSE,TRUE,TRUE,Both ponds
group_1351,18,Core,FALSE,TRUE,TRUE,Both ponds
leuD1_2,18,Core,TRUE,TRUE,TRUE,Both ponds
pqiA_3,18,Core,TRUE,TRUE,TRUE,Both ponds
rsmG,18,Core,TRUE,TRUE,TRUE,Both ponds
group_1348,18,Core,FALSE,TRUE,TRUE,Both ponds
group_1347,18,Core,FALSE,TRUE,TRUE,Both ponds
can,18,Core,TRUE,TRUE,TRUE,Both ponds
vraR,18,Core,TRUE,TRUE,TRUE,Both ponds
nagL,18,Core,TRUE,TRUE,TRUE,Both ponds
nadD,18,Core,TRUE,TRUE,TRUE,Both ponds
group_1345,18,Core,FALSE,TRUE,TRUE,Both ponds
vfr,18,Core,TRUE,TRUE,TRUE,Both ponds
pyrE,18,Core,TRUE,TRUE,TRUE,Both ponds
tolQ_4,18,Core,TRUE,TRUE,TRUE,Both ponds
kdpC_2,18,Core,TRUE,TRUE,TRUE,Both ponds
dhaL2,18,Core,TRUE,TRUE,TRUE,Both ponds
nicS_2,18,Core,TRUE,TRUE,TRUE,Both ponds
group_1341,18,Core,FALSE,TRUE,TRUE,Both ponds
group_1340,18,Core,FALSE,TRUE,TRUE,Both ponds
adk,18,Core,TRUE,TRUE,TRUE,Both ponds
lipB,18,Core,TRUE,TRUE,TRUE,Both ponds
queE,18,Core,TRUE,TRUE,TRUE,Both ponds
mobA_1,18,Core,TRUE,TRUE,TRUE,Both ponds
coq7,18,Core,TRUE,TRUE,TRUE,Both ponds
group_1338,18,Core,FALSE,TRUE,TRUE,Both ponds
group_1337,18,Core,FALSE,TRUE,TRUE,Both ponds
group_1336,18,Core,FALSE,TRUE,TRUE,Both ponds
group_1335,18,Core,FALSE,TRUE,TRUE,Both ponds
gltF_6,18,Core,TRUE,TRUE,TRUE,Both ponds
lnrK,18,Core,TRUE,TRUE,TRUE,Both ponds
rlmE,18,Core,TRUE,TRUE,TRUE,Both ponds
kynB,18,Core,TRUE,TRUE,TRUE,Both ponds
purN_1,18,Core,TRUE,TRUE,TRUE,Both ponds
yecS_1,18,Core,TRUE,TRUE,TRUE,Both ponds
group_1333,18,Core,FALSE,TRUE,TRUE,Both ponds
fliP_2,18,Core,TRUE,TRUE,TRUE,Both ponds
spaP,18,Core,TRUE,TRUE,TRUE,Both ponds
osmW,18,Core,TRUE,TRUE,TRUE,Both ponds
group_1332,18,Core,FALSE,TRUE,TRUE,Both ponds
chaC,18,Core,TRUE,TRUE,TRUE,Both ponds
group_1331,18,Core,FALSE,TRUE,TRUE,Both ponds
group_1330,18,Core,FALSE,TRUE,TRUE,Both ponds
group_1326,18,Core,FALSE,TRUE,TRUE,Both ponds
trmR,18,Core,TRUE,TRUE,TRUE,Both ponds
algF,18,Core,TRUE,TRUE,TRUE,Both ponds
estB_1,18,Core,TRUE,TRUE,TRUE,Both ponds
group_1324,18,Core,FALSE,TRUE,TRUE,Both ponds
dedA,18,Core,TRUE,TRUE,TRUE,Both ponds
group_1323,18,Core,FALSE,TRUE,TRUE,Both ponds
tpm,18,Core,TRUE,TRUE,TRUE,Both ponds
group_1322,18,Core,FALSE,TRUE,TRUE,Both ponds
group_1320,18,Core,FALSE,TRUE,TRUE,Both ponds
pqiA_2,18,Core,TRUE,TRUE,TRUE,Both ponds
scoB,18,Core,TRUE,TRUE,TRUE,Both ponds
group_1319,18,Core,FALSE,TRUE,TRUE,Both ponds
nanR_2,18,Core,TRUE,TRUE,TRUE,Both ponds
degU,18,Core,TRUE,TRUE,TRUE,Both ponds
mcbR,18,Core,TRUE,TRUE,TRUE,Both ponds
group_1318,18,Core,FALSE,TRUE,TRUE,Both ponds
group_1317,18,Core,FALSE,TRUE,TRUE,Both ponds
dedD,18,Core,TRUE,TRUE,TRUE,Both ponds
ppaX,18,Core,TRUE,TRUE,TRUE,Both ponds
glnP_2,18,Core,TRUE,TRUE,TRUE,Both ponds
glnP_1,18,Core,TRUE,TRUE,TRUE,Both ponds
group_1314,18,Core,FALSE,TRUE,TRUE,Both ponds
qseB_2,18,Core,TRUE,TRUE,TRUE,Both ponds
metP_2,18,Core,TRUE,TRUE,TRUE,Both ponds
metI,18,Core,TRUE,TRUE,TRUE,Both ponds
qseB_4,18,Core,TRUE,TRUE,TRUE,Both ponds
alkB,18,Core,TRUE,TRUE,TRUE,Both ponds
rcsC_17,18,Core,TRUE,TRUE,TRUE,Both ponds
hpcE_2,18,Core,TRUE,TRUE,TRUE,Both ponds
nicS_1,18,Core,TRUE,TRUE,TRUE,Both ponds
eda,18,Core,TRUE,TRUE,TRUE,Both ponds
group_1312,18,Core,FALSE,TRUE,TRUE,Both ponds
ycgM_1,18,Core,TRUE,TRUE,TRUE,Both ponds
elbB,18,Core,TRUE,TRUE,TRUE,Both ponds
group_1309,18,Core,FALSE,TRUE,TRUE,Both ponds
scaC,18,Core,TRUE,TRUE,TRUE,Both ponds
qseB_5,18,Core,TRUE,TRUE,TRUE,Both ponds
group_1308,18,Core,FALSE,TRUE,TRUE,Both ponds
group_1307,18,Core,FALSE,TRUE,TRUE,Both ponds
group_1306,18,Core,FALSE,TRUE,TRUE,Both ponds
ccmB,18,Core,TRUE,TRUE,TRUE,Both ponds
creB,18,Core,TRUE,TRUE,TRUE,Both ponds
yecS_2,18,Core,TRUE,TRUE,TRUE,Both ponds
czcR_4,18,Core,TRUE,TRUE,TRUE,Both ponds
group_1303,18,Core,FALSE,TRUE,TRUE,Both ponds
group_1302,18,Core,FALSE,TRUE,TRUE,Both ponds
yccA,18,Core,TRUE,TRUE,TRUE,Both ponds
group_1301,18,Core,FALSE,TRUE,TRUE,Both ponds
group_1300,18,Core,FALSE,TRUE,TRUE,Both ponds
gltK,18,Core,TRUE,TRUE,TRUE,Both ponds
rnt,18,Core,TRUE,TRUE,TRUE,Both ponds
mupP_1,18,Core,TRUE,TRUE,TRUE,Both ponds
tctD,18,Core,TRUE,TRUE,TRUE,Both ponds
ftsE,18,Core,TRUE,TRUE,TRUE,Both ponds
group_1299,18,Core,FALSE,TRUE,TRUE,Both ponds
rpiA,18,Core,TRUE,TRUE,TRUE,Both ponds
group_1298,18,Core,FALSE,TRUE,TRUE,Both ponds
group_1295,18,Core,FALSE,TRUE,TRUE,Both ponds
czcR_3,18,Core,TRUE,TRUE,TRUE,Both ponds
nuoB,18,Core,TRUE,TRUE,TRUE,Both ponds
ais_2,18,Core,TRUE,TRUE,TRUE,Both ponds
group_1293,18,Core,FALSE,TRUE,TRUE,Both ponds
group_1292,18,Core,FALSE,TRUE,TRUE,Both ponds
rpe,18,Core,TRUE,TRUE,TRUE,Both ponds
group_1291,18,Core,FALSE,TRUE,TRUE,Both ponds
phoP_2,18,Core,TRUE,TRUE,TRUE,Both ponds
czcR_5,18,Core,TRUE,TRUE,TRUE,Both ponds
hxpA,18,Core,TRUE,TRUE,TRUE,Both ponds
group_1288,18,Core,FALSE,TRUE,TRUE,Both ponds
group_1286,18,Core,FALSE,TRUE,TRUE,Both ponds
group_1285,18,Core,FALSE,TRUE,TRUE,Both ponds
fetA,18,Core,TRUE,TRUE,TRUE,Both ponds
ribE,18,Core,TRUE,TRUE,TRUE,Both ponds
queC_1,18,Core,TRUE,TRUE,TRUE,Both ponds
cpxR,18,Core,TRUE,TRUE,TRUE,Both ponds
group_1284,18,Core,FALSE,TRUE,TRUE,Both ponds
murU,18,Core,TRUE,TRUE,TRUE,Both ponds
group_1283,18,Core,FALSE,TRUE,TRUE,Both ponds
mip,18,Core,TRUE,TRUE,TRUE,Both ponds
aat,18,Core,TRUE,TRUE,TRUE,Both ponds
inhA,18,Core,TRUE,TRUE,TRUE,Both ponds
group_1280,18,Core,FALSE,TRUE,TRUE,Both ponds
modB,18,Core,TRUE,TRUE,TRUE,Both ponds
group_1279,18,Core,FALSE,TRUE,TRUE,Both ponds
copR,18,Core,TRUE,TRUE,TRUE,Both ponds
bioD1,18,Core,TRUE,TRUE,TRUE,Both ponds
cusR,18,Core,TRUE,TRUE,TRUE,Both ponds
deoC1,18,Core,TRUE,TRUE,TRUE,Both ponds
group_1276,18,Core,FALSE,TRUE,TRUE,Both ponds
group_1275,18,Core,FALSE,TRUE,TRUE,Both ponds
czcR_1,18,Core,TRUE,TRUE,TRUE,Both ponds
group_1274,18,Core,FALSE,TRUE,TRUE,Both ponds
lolD_2,18,Core,TRUE,TRUE,TRUE,Both ponds
group_1273,18,Core,FALSE,TRUE,TRUE,Both ponds
arsH,18,Core,TRUE,TRUE,TRUE,Both ponds
lpfB_2,18,Core,TRUE,TRUE,TRUE,Both ponds
tsaB,18,Core,TRUE,TRUE,TRUE,Both ponds
rpsC,18,Core,TRUE,TRUE,TRUE,Both ponds
yohK_1,18,Core,TRUE,TRUE,TRUE,Both ponds
speE_1,18,Core,TRUE,TRUE,TRUE,Both ponds
dns,18,Core,TRUE,TRUE,TRUE,Both ponds
hisQ_2,18,Core,TRUE,TRUE,TRUE,Both ponds
group_1263,18,Core,FALSE,TRUE,TRUE,Both ponds
livF_4,18,Core,TRUE,TRUE,TRUE,Both ponds
recO,18,Core,TRUE,TRUE,TRUE,Both ponds
group_1262,18,Core,FALSE,TRUE,TRUE,Both ponds
kdpE_1,18,Core,TRUE,TRUE,TRUE,Both ponds
group_1261,18,Core,FALSE,TRUE,TRUE,Both ponds
cmk,18,Core,TRUE,TRUE,TRUE,Both ponds
mlaA,18,Core,TRUE,TRUE,TRUE,Both ponds
group_1260,18,Core,FALSE,TRUE,TRUE,Both ponds
group_1259,18,Core,FALSE,TRUE,TRUE,Both ponds
phoB,18,Core,TRUE,TRUE,TRUE,Both ponds
kdpE_2,18,Core,TRUE,TRUE,TRUE,Both ponds
ygeA,18,Core,TRUE,TRUE,TRUE,Both ponds
group_1257,18,Core,FALSE,TRUE,TRUE,Both ponds
group_1255,18,Core,FALSE,TRUE,TRUE,Both ponds
ung,18,Core,TRUE,TRUE,TRUE,Both ponds
rsuA,18,Core,TRUE,TRUE,TRUE,Both ponds
group_1254,18,Core,FALSE,TRUE,TRUE,Both ponds
group_1253,18,Core,FALSE,TRUE,TRUE,Both ponds
ycgM_2,18,Core,TRUE,TRUE,TRUE,Both ponds
group_1247,18,Core,FALSE,TRUE,TRUE,Both ponds
yhhW_1,18,Core,TRUE,TRUE,TRUE,Both ponds
group_1246,18,Core,FALSE,TRUE,TRUE,Both ponds
group_1245,18,Core,FALSE,TRUE,TRUE,Both ponds
livF_3,18,Core,TRUE,TRUE,TRUE,Both ponds
trmO,18,Core,TRUE,TRUE,TRUE,Both ponds
rplA,18,Core,TRUE,TRUE,TRUE,Both ponds
tolQ_2,18,Core,TRUE,TRUE,TRUE,Both ponds
group_1244,18,Core,FALSE,TRUE,TRUE,Both ponds
qseB_1,18,Core,TRUE,TRUE,TRUE,Both ponds
flgH,18,Core,TRUE,TRUE,TRUE,Both ponds
group_1243,18,Core,FALSE,TRUE,TRUE,Both ponds
group_1242,18,Core,FALSE,TRUE,TRUE,Both ponds
yggS,18,Core,TRUE,TRUE,TRUE,Both ponds
glcC,18,Core,TRUE,TRUE,TRUE,Both ponds
yigB,18,Core,TRUE,TRUE,TRUE,Both ponds
pyrF,18,Core,TRUE,TRUE,TRUE,Both ponds
hcaB_2,18,Core,TRUE,TRUE,TRUE,Both ponds
yfcG_3,18,Core,TRUE,TRUE,TRUE,Both ponds
scoA,18,Core,TRUE,TRUE,TRUE,Both ponds
occM_2,18,Core,TRUE,TRUE,TRUE,Both ponds
occM_1,18,Core,TRUE,TRUE,TRUE,Both ponds
group_1239,18,Core,FALSE,TRUE,TRUE,Both ponds
group_1238,18,Core,FALSE,TRUE,TRUE,Both ponds
ompW,18,Core,TRUE,TRUE,TRUE,Both ponds
queC_2,18,Core,TRUE,TRUE,TRUE,Both ponds
rstA_1,18,Core,TRUE,TRUE,TRUE,Both ponds
ubiG,18,Core,TRUE,TRUE,TRUE,Both ponds
lolD_1,18,Core,TRUE,TRUE,TRUE,Both ponds
hisQ_1,18,Core,TRUE,TRUE,TRUE,Both ponds
nanR_3,18,Core,TRUE,TRUE,TRUE,Both ponds
phoP_1,18,Core,TRUE,TRUE,TRUE,Both ponds
group_1235,18,Core,FALSE,TRUE,TRUE,Both ponds
mtnX,18,Core,TRUE,TRUE,TRUE,Both ponds
group_1234,18,Core,FALSE,TRUE,TRUE,Both ponds
group_1229,18,Core,FALSE,TRUE,TRUE,Both ponds
occQ,18,Core,TRUE,TRUE,TRUE,Both ponds
group_1228,18,Core,FALSE,TRUE,TRUE,Both ponds
treR,18,Core,TRUE,TRUE,TRUE,Both ponds
sdhB,18,Core,TRUE,TRUE,TRUE,Both ponds
pxpB,18,Core,TRUE,TRUE,TRUE,Both ponds
hda,18,Core,TRUE,TRUE,TRUE,Both ponds
ytrE,18,Core,TRUE,TRUE,TRUE,Both ponds
rstA_2,18,Core,TRUE,TRUE,TRUE,Both ponds
group_1221,18,Core,FALSE,TRUE,TRUE,Both ponds
yknY,18,Core,TRUE,TRUE,TRUE,Both ponds
bpt,18,Core,TRUE,TRUE,TRUE,Both ponds
pyrG_1,18,Core,TRUE,TRUE,TRUE,Both ponds
group_1220,18,Core,FALSE,TRUE,TRUE,Both ponds
group_1219,18,Core,FALSE,TRUE,TRUE,Both ponds
polC,18,Core,TRUE,TRUE,TRUE,Both ponds
ssuB_3,18,Core,TRUE,TRUE,TRUE,Both ponds
group_1216,18,Core,FALSE,TRUE,TRUE,Both ponds
regX3,18,Core,TRUE,TRUE,TRUE,Both ponds
group_1215,18,Core,FALSE,TRUE,TRUE,Both ponds
rluF,18,Core,TRUE,TRUE,TRUE,Both ponds
group_1214,18,Core,FALSE,TRUE,TRUE,Both ponds
anoR_2,18,Core,TRUE,TRUE,TRUE,Both ponds
group_1213,18,Core,FALSE,TRUE,TRUE,Both ponds
folM,18,Core,TRUE,TRUE,TRUE,Both ponds
phnR,18,Core,TRUE,TRUE,TRUE,Both ponds
group_1210,18,Core,FALSE,TRUE,TRUE,Both ponds
group_1209,18,Core,FALSE,TRUE,TRUE,Both ponds
hisM_1,18,Core,TRUE,TRUE,TRUE,Both ponds
sfsA,18,Core,TRUE,TRUE,TRUE,Both ponds
group_1208,18,Core,FALSE,TRUE,TRUE,Both ponds
pgl_1,18,Core,TRUE,TRUE,TRUE,Both ponds
purC,18,Core,TRUE,TRUE,TRUE,Both ponds
lutR_1,18,Core,TRUE,TRUE,TRUE,Both ponds
group_1207,18,Core,FALSE,TRUE,TRUE,Both ponds
group_1206,18,Core,FALSE,TRUE,TRUE,Both ponds
entD,18,Core,TRUE,TRUE,TRUE,Both ponds
group_1203,18,Core,FALSE,TRUE,TRUE,Both ponds
pcs,18,Core,TRUE,TRUE,TRUE,Both ponds
mgtC,18,Core,TRUE,TRUE,TRUE,Both ponds
mneA,18,Core,TRUE,TRUE,TRUE,Both ponds
osmY_2,18,Core,TRUE,TRUE,TRUE,Both ponds
group_1201,18,Core,FALSE,TRUE,TRUE,Both ponds
group_1200,18,Core,FALSE,TRUE,TRUE,Both ponds
yohK_2,18,Core,TRUE,TRUE,TRUE,Both ponds
group_1199,18,Core,FALSE,TRUE,TRUE,Both ponds
group_1198,18,Core,FALSE,TRUE,TRUE,Both ponds
group_1194,18,Core,FALSE,TRUE,TRUE,Both ponds
cecR,18,Core,TRUE,TRUE,TRUE,Both ponds
estB_2,18,Core,TRUE,TRUE,TRUE,Both ponds
inaA,18,Core,TRUE,TRUE,TRUE,Both ponds
rsmE,18,Core,TRUE,TRUE,TRUE,Both ponds
prpC_1,18,Core,TRUE,TRUE,TRUE,Both ponds
srlR,18,Core,TRUE,TRUE,TRUE,Both ponds
rl5,18,Core,TRUE,TRUE,TRUE,Both ponds
lutR_3,18,Core,TRUE,TRUE,TRUE,Both ponds
group_1190,18,Core,FALSE,TRUE,TRUE,Both ponds
ugpQ,18,Core,TRUE,TRUE,TRUE,Both ponds
glaR,18,Core,TRUE,TRUE,TRUE,Both ponds
mtgA,18,Core,TRUE,TRUE,TRUE,Both ponds
rph,18,Core,TRUE,TRUE,TRUE,Both ponds
rstA_3,18,Core,TRUE,TRUE,TRUE,Both ponds
yfiH,18,Core,TRUE,TRUE,TRUE,Both ponds
lptB_4,18,Core,TRUE,TRUE,TRUE,Both ponds
golD_1,18,Core,TRUE,TRUE,TRUE,Both ponds
group_1183,18,Core,FALSE,TRUE,TRUE,Both ponds
group_1182,18,Core,FALSE,TRUE,TRUE,Both ponds
group_1181,18,Core,FALSE,TRUE,TRUE,Both ponds
trmB,18,Core,TRUE,TRUE,TRUE,Both ponds
tam_2,18,Core,TRUE,TRUE,TRUE,Both ponds
group_1179,18,Core,FALSE,TRUE,TRUE,Both ponds
baeR_2,18,Core,TRUE,TRUE,TRUE,Both ponds
group_1178,18,Core,FALSE,TRUE,TRUE,Both ponds
cobS,18,Core,TRUE,TRUE,TRUE,Both ponds
group_1176,18,Core,FALSE,TRUE,TRUE,Both ponds
hyuE,18,Core,TRUE,TRUE,TRUE,Both ponds
group_1175,18,Core,FALSE,TRUE,TRUE,Both ponds
group_1172,18,Core,FALSE,TRUE,TRUE,Both ponds
flgD,18,Core,TRUE,TRUE,TRUE,Both ponds
lpfB_1,18,Core,TRUE,TRUE,TRUE,Both ponds
dsbC,18,Core,TRUE,TRUE,TRUE,Both ponds
group_1171,18,Core,FALSE,TRUE,TRUE,Both ponds
novR,18,Core,TRUE,TRUE,TRUE,Both ponds
bioH,18,Core,TRUE,TRUE,TRUE,Both ponds
group_1168,18,Core,FALSE,TRUE,TRUE,Both ponds
rcsC_12,18,Core,TRUE,TRUE,TRUE,Both ponds
glnQ_4,18,Core,TRUE,TRUE,TRUE,Both ponds
prtR_2,18,Core,TRUE,TRUE,TRUE,Both ponds
group_1167,18,Core,FALSE,TRUE,TRUE,Both ponds
ompR_1,18,Core,TRUE,TRUE,TRUE,Both ponds
group_1166,18,Core,FALSE,TRUE,TRUE,Both ponds
anr,18,Core,TRUE,TRUE,TRUE,Both ponds
cysH,18,Core,TRUE,TRUE,TRUE,Both ponds
group_1160,18,Core,FALSE,TRUE,TRUE,Both ponds
group_1159,18,Core,FALSE,TRUE,TRUE,Both ponds
group_1158,18,Core,FALSE,TRUE,TRUE,Both ponds
udh_1,18,Core,TRUE,TRUE,TRUE,Both ponds
minC,18,Core,TRUE,TRUE,TRUE,Both ponds
group_1157,18,Core,FALSE,TRUE,TRUE,Both ponds
glnQ_1,18,Core,TRUE,TRUE,TRUE,Both ponds
fklB_2,18,Core,TRUE,TRUE,TRUE,Both ponds
ompR_2,18,Core,TRUE,TRUE,TRUE,Both ponds
group_1156,18,Core,FALSE,TRUE,TRUE,Both ponds
group_1155,18,Core,FALSE,TRUE,TRUE,Both ponds
yciK,18,Core,TRUE,TRUE,TRUE,Both ponds
pxpA3,18,Core,TRUE,TRUE,TRUE,Both ponds
pomA,18,Core,TRUE,TRUE,TRUE,Both ponds
fliA,18,Core,TRUE,TRUE,TRUE,Both ponds
flgF,18,Core,TRUE,TRUE,TRUE,Both ponds
group_1154,18,Core,FALSE,TRUE,TRUE,Both ponds
group_1153,18,Core,FALSE,TRUE,TRUE,Both ponds
fabG_6,18,Core,TRUE,TRUE,TRUE,Both ponds
group_1149,18,Core,FALSE,TRUE,TRUE,Both ponds
group_1148,18,Core,FALSE,TRUE,TRUE,Both ponds
pdxJ,18,Core,TRUE,TRUE,TRUE,Both ponds
cmoA,18,Core,TRUE,TRUE,TRUE,Both ponds
fliP_1,18,Core,TRUE,TRUE,TRUE,Both ponds
sumT,18,Core,TRUE,TRUE,TRUE,Both ponds
dnaQ,18,Core,TRUE,TRUE,TRUE,Both ponds
znuC_1,18,Core,TRUE,TRUE,TRUE,Both ponds
cobM,18,Core,TRUE,TRUE,TRUE,Both ponds
ygfF,18,Core,TRUE,TRUE,TRUE,Both ponds
crnA,18,Core,TRUE,TRUE,TRUE,Both ponds
metN_1,18,Core,TRUE,TRUE,TRUE,Both ponds
gltJ,18,Core,TRUE,TRUE,TRUE,Both ponds
pmpR,18,Core,TRUE,TRUE,TRUE,Both ponds
bdcA,18,Core,TRUE,TRUE,TRUE,Both ponds
plsC,18,Core,TRUE,TRUE,TRUE,Both ponds
group_1146,18,Core,FALSE,TRUE,TRUE,Both ponds
lytR,18,Core,TRUE,TRUE,TRUE,Both ponds
lpxH_2,18,Core,TRUE,TRUE,TRUE,Both ponds
group_1145,18,Core,FALSE,TRUE,TRUE,Both ponds
nadE_2,18,Core,TRUE,TRUE,TRUE,Both ponds
baeR_1,18,Core,TRUE,TRUE,TRUE,Both ponds
ycgR,18,Core,TRUE,TRUE,TRUE,Both ponds
lutR_4,18,Core,TRUE,TRUE,TRUE,Both ponds
esiB,18,Core,TRUE,TRUE,TRUE,Both ponds
group_1144,18,Core,FALSE,TRUE,TRUE,Both ponds
lptB_3,18,Core,TRUE,TRUE,TRUE,Both ponds
fabG_3,18,Core,TRUE,TRUE,TRUE,Both ponds
coaX,18,Core,TRUE,TRUE,TRUE,Both ponds
paaF_2,18,Core,TRUE,TRUE,TRUE,Both ponds
rhaR_1,18,Core,TRUE,TRUE,TRUE,Both ponds
etfB,18,Core,TRUE,TRUE,TRUE,Both ponds
hemD,18,Core,TRUE,TRUE,TRUE,Both ponds
group_1143,18,Core,FALSE,TRUE,TRUE,Both ponds
group_1140,18,Core,FALSE,TRUE,TRUE,Both ponds
trmD,18,Core,TRUE,TRUE,TRUE,Both ponds
lgrE,18,Core,TRUE,TRUE,TRUE,Both ponds
pqqC,18,Core,TRUE,TRUE,TRUE,Both ponds
group_1138,18,Core,FALSE,TRUE,TRUE,Both ponds
group_1135,18,Core,FALSE,TRUE,TRUE,Both ponds
map_2,18,Core,TRUE,TRUE,TRUE,Both ponds
moeB,18,Core,TRUE,TRUE,TRUE,Both ponds
golD_2,18,Core,TRUE,TRUE,TRUE,Both ponds
cdh,18,Core,TRUE,TRUE,TRUE,Both ponds
group_1134,18,Core,FALSE,TRUE,TRUE,Both ponds
group_1133,18,Core,FALSE,TRUE,TRUE,Both ponds
budC,18,Core,TRUE,TRUE,TRUE,Both ponds
glpR,18,Core,TRUE,TRUE,TRUE,Both ponds
tpiA,18,Core,TRUE,TRUE,TRUE,Both ponds
group_1132,18,Core,FALSE,TRUE,TRUE,Both ponds
group_1131,18,Core,FALSE,TRUE,TRUE,Both ponds
ccmC,18,Core,TRUE,TRUE,TRUE,Both ponds
speE_2,18,Core,TRUE,TRUE,TRUE,Both ponds
group_1130,18,Core,FALSE,TRUE,TRUE,Both ponds
group_1126,18,Core,FALSE,TRUE,TRUE,Both ponds
group_1125,18,Core,FALSE,TRUE,TRUE,Both ponds
deoR,18,Core,TRUE,TRUE,TRUE,Both ponds
group_1124,18,Core,FALSE,TRUE,TRUE,Both ponds
livF_5,18,Core,TRUE,TRUE,TRUE,Both ponds
group_1123,18,Core,FALSE,TRUE,TRUE,Both ponds
nagR_1,18,Core,TRUE,TRUE,TRUE,Both ponds
fabG_1,18,Core,TRUE,TRUE,TRUE,Both ponds
pxpA,18,Core,TRUE,TRUE,TRUE,Both ponds
ais_1,18,Core,TRUE,TRUE,TRUE,Both ponds
yycJ,18,Core,TRUE,TRUE,TRUE,Both ponds
linC,18,Core,TRUE,TRUE,TRUE,Both ponds
group_1121,18,Core,FALSE,TRUE,TRUE,Both ponds
gdh,18,Core,TRUE,TRUE,TRUE,Both ponds
group_1120,18,Core,FALSE,TRUE,TRUE,Both ponds
tam_1,18,Core,TRUE,TRUE,TRUE,Both ponds
group_1119,18,Core,FALSE,TRUE,TRUE,Both ponds
dsbG,18,Core,TRUE,TRUE,TRUE,Both ponds
phoU,18,Core,TRUE,TRUE,TRUE,Both ponds
gdhI_2,18,Core,TRUE,TRUE,TRUE,Both ponds
xynR,18,Core,TRUE,TRUE,TRUE,Both ponds
group_1115,18,Core,FALSE,TRUE,TRUE,Both ponds
kdsB,18,Core,TRUE,TRUE,TRUE,Both ponds
hisP_2,18,Core,TRUE,TRUE,TRUE,Both ponds
glnQ_6,18,Core,TRUE,TRUE,TRUE,Both ponds
nimR_2,18,Core,TRUE,TRUE,TRUE,Both ponds
glnQ_5,18,Core,TRUE,TRUE,TRUE,Both ponds
group_1114,18,Core,FALSE,TRUE,TRUE,Both ponds
group_1113,18,Core,FALSE,TRUE,TRUE,Both ponds
cysZ,18,Core,TRUE,TRUE,TRUE,Both ponds
anoR_1,18,Core,TRUE,TRUE,TRUE,Both ponds
cmpD,18,Core,TRUE,TRUE,TRUE,Both ponds
fecE_1,18,Core,TRUE,TRUE,TRUE,Both ponds
group_1112,18,Core,FALSE,TRUE,TRUE,Both ponds
nanR_1,18,Core,TRUE,TRUE,TRUE,Both ponds
modE,18,Core,TRUE,TRUE,TRUE,Both ponds
group_1111,18,Core,FALSE,TRUE,TRUE,Both ponds
gloB,18,Core,TRUE,TRUE,TRUE,Both ponds
fabG_7,18,Core,TRUE,TRUE,TRUE,Both ponds
livF_6,18,Core,TRUE,TRUE,TRUE,Both ponds
group_1110,18,Core,FALSE,TRUE,TRUE,Both ponds
group_1109,18,Core,FALSE,TRUE,TRUE,Both ponds
yqjH,18,Core,TRUE,TRUE,TRUE,Both ponds
hmuV,18,Core,TRUE,TRUE,TRUE,Both ponds
pdhR,18,Core,TRUE,TRUE,TRUE,Both ponds
ygiD,18,Core,TRUE,TRUE,TRUE,Both ponds
group_1108,18,Core,FALSE,TRUE,TRUE,Both ponds
amiD_1,18,Core,TRUE,TRUE,TRUE,Both ponds
crt_1,18,Core,TRUE,TRUE,TRUE,Both ponds
group_1107,18,Core,FALSE,TRUE,TRUE,Both ponds
djlA,18,Core,TRUE,TRUE,TRUE,Both ponds
group_1105,18,Core,FALSE,TRUE,TRUE,Both ponds
cysA_2,18,Core,TRUE,TRUE,TRUE,Both ponds
cmpB,18,Core,TRUE,TRUE,TRUE,Both ponds
lutR_2,18,Core,TRUE,TRUE,TRUE,Both ponds
hpcE_1,18,Core,TRUE,TRUE,TRUE,Both ponds
hisJ_1,18,Core,TRUE,TRUE,TRUE,Both ponds
group_1104,18,Core,FALSE,TRUE,TRUE,Both ponds
group_1103,18,Core,FALSE,TRUE,TRUE,Both ponds
trmJ,18,Core,TRUE,TRUE,TRUE,Both ponds
group_1102,18,Core,FALSE,TRUE,TRUE,Both ponds
madD,18,Core,TRUE,TRUE,TRUE,Both ponds
bdhA,18,Core,TRUE,TRUE,TRUE,Both ponds
echA8,18,Core,TRUE,TRUE,TRUE,Both ponds
modA,18,Core,TRUE,TRUE,TRUE,Both ponds
nimR_4,18,Core,TRUE,TRUE,TRUE,Both ponds
polS,18,Core,TRUE,TRUE,TRUE,Both ponds
gno,18,Core,TRUE,TRUE,TRUE,Both ponds
tcyC_1,18,Core,TRUE,TRUE,TRUE,Both ponds
group_1099,18,Core,FALSE,TRUE,TRUE,Both ponds
pheC,18,Core,TRUE,TRUE,TRUE,Both ponds
yiaD,18,Core,TRUE,TRUE,TRUE,Both ponds
argT_2,18,Core,TRUE,TRUE,TRUE,Both ponds
yjjV,18,Core,TRUE,TRUE,TRUE,Both ponds
fpr_1,18,Core,TRUE,TRUE,TRUE,Both ponds
yafJ,18,Core,TRUE,TRUE,TRUE,Both ponds
group_1093,18,Core,FALSE,TRUE,TRUE,Both ponds
yadH,18,Core,TRUE,TRUE,TRUE,Both ponds
yfcA,18,Core,TRUE,TRUE,TRUE,Both ponds
group_1092,18,Core,FALSE,TRUE,TRUE,Both ponds
yddE,18,Core,TRUE,TRUE,TRUE,Both ponds
petC,18,Core,TRUE,TRUE,TRUE,Both ponds
hisJ_2,18,Core,TRUE,TRUE,TRUE,Both ponds
yaaA,18,Core,TRUE,TRUE,TRUE,Both ponds
kdgR_2,18,Core,TRUE,TRUE,TRUE,Both ponds
fpr_2,18,Core,TRUE,TRUE,TRUE,Both ponds
group_1091,18,Core,FALSE,TRUE,TRUE,Both ponds
pstB_2,18,Core,TRUE,TRUE,TRUE,Both ponds
puuD,18,Core,TRUE,TRUE,TRUE,Both ponds
exoA,18,Core,TRUE,TRUE,TRUE,Both ponds
group_1088,18,Core,FALSE,TRUE,TRUE,Both ponds
group_1087,18,Core,FALSE,TRUE,TRUE,Both ponds
glnQ_7,18,Core,TRUE,TRUE,TRUE,Both ponds
group_1086,18,Core,FALSE,TRUE,TRUE,Both ponds
scpB_2,18,Core,TRUE,TRUE,TRUE,Both ponds
nimR_3,18,Core,TRUE,TRUE,TRUE,Both ponds
rsmJ,18,Core,TRUE,TRUE,TRUE,Both ponds
fucA_2,18,Core,TRUE,TRUE,TRUE,Both ponds
hyi,18,Core,TRUE,TRUE,TRUE,Both ponds
group_1085,18,Core,FALSE,TRUE,TRUE,Both ponds
fucA_1,18,Core,TRUE,TRUE,TRUE,Both ponds
ycfH,18,Core,TRUE,TRUE,TRUE,Both ponds
group_1081,18,Core,FALSE,TRUE,TRUE,Both ponds
ulaR,18,Core,TRUE,TRUE,TRUE,Both ponds
group_1080,18,Core,FALSE,TRUE,TRUE,Both ponds
argT_1,18,Core,TRUE,TRUE,TRUE,Both ponds
yedY1,18,Core,TRUE,TRUE,TRUE,Both ponds
group_1079,18,Core,FALSE,TRUE,TRUE,Both ponds
group_1078,18,Core,FALSE,TRUE,TRUE,Both ponds
group_1077,18,Core,FALSE,TRUE,TRUE,Both ponds
cysE,18,Core,TRUE,TRUE,TRUE,Both ponds
group_1076,18,Core,FALSE,TRUE,TRUE,Both ponds
fliR,18,Core,TRUE,TRUE,TRUE,Both ponds
flgG,18,Core,TRUE,TRUE,TRUE,Both ponds
artJ_1,18,Core,TRUE,TRUE,TRUE,Both ponds
iolB,18,Core,TRUE,TRUE,TRUE,Both ponds
group_1071,18,Core,FALSE,TRUE,TRUE,Both ponds
spaR_2,18,Core,TRUE,TRUE,TRUE,Both ponds
nimR_5,18,Core,TRUE,TRUE,TRUE,Both ponds
group_1070,18,Core,FALSE,TRUE,TRUE,Both ponds
group_1069,18,Core,FALSE,TRUE,TRUE,Both ponds
group_1068,18,Core,FALSE,TRUE,TRUE,Both ponds
soj_1,18,Core,TRUE,TRUE,TRUE,Both ponds
cheZ,18,Core,TRUE,TRUE,TRUE,Both ponds
isfD_1,18,Core,TRUE,TRUE,TRUE,Both ponds
ssuC_1,18,Core,TRUE,TRUE,TRUE,Both ponds
group_1064,18,Core,FALSE,TRUE,TRUE,Both ponds
metQ_1,18,Core,TRUE,TRUE,TRUE,Both ponds
crt_2,18,Core,TRUE,TRUE,TRUE,Both ponds
fetB,18,Core,TRUE,TRUE,TRUE,Both ponds
fecE_2,18,Core,TRUE,TRUE,TRUE,Both ponds
paaF_1,18,Core,TRUE,TRUE,TRUE,Both ponds
group_1063,18,Core,FALSE,TRUE,TRUE,Both ponds
phhA,18,Core,TRUE,TRUE,TRUE,Both ponds
group_1061,18,Core,FALSE,TRUE,TRUE,Both ponds
yadV_1,18,Core,TRUE,TRUE,TRUE,Both ponds
group_1059,18,Core,FALSE,TRUE,TRUE,Both ponds
murI,18,Core,TRUE,TRUE,TRUE,Both ponds
mtnB,18,Core,TRUE,TRUE,TRUE,Both ponds
phnV,18,Core,TRUE,TRUE,TRUE,Both ponds
group_1058,18,Core,FALSE,TRUE,TRUE,Both ponds
group_1057,18,Core,FALSE,TRUE,TRUE,Both ponds
ramA_1,18,Core,TRUE,TRUE,TRUE,Both ponds
thiG,18,Core,TRUE,TRUE,TRUE,Both ponds
parA,18,Core,TRUE,TRUE,TRUE,Both ponds
mlaE,18,Core,TRUE,TRUE,TRUE,Both ponds
thiD,18,Core,TRUE,TRUE,TRUE,Both ponds
group_1053,18,Core,FALSE,TRUE,TRUE,Both ponds
ompR_4,18,Core,TRUE,TRUE,TRUE,Both ponds
cysW_1,18,Core,TRUE,TRUE,TRUE,Both ponds
group_1051,18,Core,FALSE,TRUE,TRUE,Both ponds
dasC,18,Core,TRUE,TRUE,TRUE,Both ponds
gdhI_1,18,Core,TRUE,TRUE,TRUE,Both ponds
panB,18,Core,TRUE,TRUE,TRUE,Both ponds
group_1048,18,Core,FALSE,TRUE,TRUE,Both ponds
dapF_3,18,Core,TRUE,TRUE,TRUE,Both ponds
ispE,18,Core,TRUE,TRUE,TRUE,Both ponds
group_1047,18,Core,FALSE,TRUE,TRUE,Both ponds
cmpC,18,Core,TRUE,TRUE,TRUE,Both ponds
hpcG,18,Core,TRUE,TRUE,TRUE,Both ponds
bacC,18,Core,TRUE,TRUE,TRUE,Both ponds
group_1046,18,Core,FALSE,TRUE,TRUE,Both ponds
catD_1,18,Core,TRUE,TRUE,TRUE,Both ponds
group_1045,18,Core,FALSE,TRUE,TRUE,Both ponds
group_1043,18,Core,FALSE,TRUE,TRUE,Both ponds
menB,18,Core,TRUE,TRUE,TRUE,Both ponds
group_1041,18,Core,FALSE,TRUE,TRUE,Both ponds
dapB,18,Core,TRUE,TRUE,TRUE,Both ponds
group_1040,18,Core,FALSE,TRUE,TRUE,Both ponds
group_1039,18,Core,FALSE,TRUE,TRUE,Both ponds
ycbX,18,Core,TRUE,TRUE,TRUE,Both ponds
ssuB_1,18,Core,TRUE,TRUE,TRUE,Both ponds
group_1036,18,Core,FALSE,TRUE,TRUE,Both ponds
group_1035,18,Core,FALSE,TRUE,TRUE,Both ponds
mlaF,18,Core,TRUE,TRUE,TRUE,Both ponds
lpxH_1,18,Core,TRUE,TRUE,TRUE,Both ponds
group_1034,18,Core,FALSE,TRUE,TRUE,Both ponds
spaR_1,18,Core,TRUE,TRUE,TRUE,Both ponds
catD_4,18,Core,TRUE,TRUE,TRUE,Both ponds
crt_3,18,Core,TRUE,TRUE,TRUE,Both ponds
rsbQ,18,Core,TRUE,TRUE,TRUE,Both ponds
xthA,18,Core,TRUE,TRUE,TRUE,Both ponds
group_1032,18,Core,FALSE,TRUE,TRUE,Both ponds
group_1031,18,Core,FALSE,TRUE,TRUE,Both ponds
group_1029,18,Core,FALSE,TRUE,TRUE,Both ponds
ypjD,18,Core,TRUE,TRUE,TRUE,Both ponds
minD,18,Core,TRUE,TRUE,TRUE,Both ponds
rsmA,18,Core,TRUE,TRUE,TRUE,Both ponds
bioC,18,Core,TRUE,TRUE,TRUE,Both ponds
mutM,18,Core,TRUE,TRUE,TRUE,Both ponds
lgt,18,Core,TRUE,TRUE,TRUE,Both ponds
pabC,18,Core,TRUE,TRUE,TRUE,Both ponds
cheR,18,Core,TRUE,TRUE,TRUE,Both ponds
glpF,18,Core,TRUE,TRUE,TRUE,Both ponds
suhB,18,Core,TRUE,TRUE,TRUE,Both ponds
group_1026,18,Core,FALSE,TRUE,TRUE,Both ponds
hcaB_1,18,Core,TRUE,TRUE,TRUE,Both ponds
pal_1,18,Core,TRUE,TRUE,TRUE,Both ponds
group_1024,18,Core,FALSE,TRUE,TRUE,Both ponds
group_1023,18,Core,FALSE,TRUE,TRUE,Both ponds
sdhL,18,Core,TRUE,TRUE,TRUE,Both ponds
dkgB,18,Core,TRUE,TRUE,TRUE,Both ponds
loiP,18,Core,TRUE,TRUE,TRUE,Both ponds
efeO_1,18,Core,TRUE,TRUE,TRUE,Both ponds
group_1022,18,Core,FALSE,TRUE,TRUE,Both ponds
group_1021,18,Core,FALSE,TRUE,TRUE,Both ponds
scpA,18,Core,TRUE,TRUE,TRUE,Both ponds
ppsR,18,Core,TRUE,TRUE,TRUE,Both ponds
gph,18,Core,TRUE,TRUE,TRUE,Both ponds
proC,18,Core,TRUE,TRUE,TRUE,Both ponds
group_1018,18,Core,FALSE,TRUE,TRUE,Both ponds
group_1017,18,Core,FALSE,TRUE,TRUE,Both ponds
tcyA,18,Core,TRUE,TRUE,TRUE,Both ponds
group_1016,18,Core,FALSE,TRUE,TRUE,Both ponds
moaF,18,Core,TRUE,TRUE,TRUE,Both ponds
ramA_2,18,Core,TRUE,TRUE,TRUE,Both ponds
eutC,18,Core,TRUE,TRUE,TRUE,Both ponds
group_1015,18,Core,FALSE,TRUE,TRUE,Both ponds
group_1014,18,Core,FALSE,TRUE,TRUE,Both ponds
lvr,18,Core,TRUE,TRUE,TRUE,Both ponds
truA,18,Core,TRUE,TRUE,TRUE,Both ponds
ttcA,18,Core,TRUE,TRUE,TRUE,Both ponds
yigL,18,Core,TRUE,TRUE,TRUE,Both ponds
udh_2,18,Core,TRUE,TRUE,TRUE,Both ponds
rplB,18,Core,TRUE,TRUE,TRUE,Both ponds
group_1009,18,Core,FALSE,TRUE,TRUE,Both ponds
group_1008,18,Core,FALSE,TRUE,TRUE,Both ponds
group_1007,18,Core,FALSE,TRUE,TRUE,Both ponds
ydcV_2,18,Core,TRUE,TRUE,TRUE,Both ponds
ssuC_3,18,Core,TRUE,TRUE,TRUE,Both ponds
cheR2,18,Core,TRUE,TRUE,TRUE,Both ponds
purN_2,18,Core,TRUE,TRUE,TRUE,Both ponds
phnX_2,18,Core,TRUE,TRUE,TRUE,Both ponds
group_1003,18,Core,FALSE,TRUE,TRUE,Both ponds
efeU_1,18,Core,TRUE,TRUE,TRUE,Both ponds
group_999,18,Core,FALSE,TRUE,TRUE,Both ponds
prmC,18,Core,TRUE,TRUE,TRUE,Both ponds
group_998,18,Core,FALSE,TRUE,TRUE,Both ponds
mtfA,18,Core,TRUE,TRUE,TRUE,Both ponds
queF,18,Core,TRUE,TRUE,TRUE,Both ponds
fliY_2,18,Core,TRUE,TRUE,TRUE,Both ponds
dapF_1,18,Core,TRUE,TRUE,TRUE,Both ponds
group_995,18,Core,FALSE,TRUE,TRUE,Both ponds
nudC_2,18,Core,TRUE,TRUE,TRUE,Both ponds
cpdA_2,18,Core,TRUE,TRUE,TRUE,Both ponds
group_994,18,Core,FALSE,TRUE,TRUE,Both ponds
nhoA,18,Core,TRUE,TRUE,TRUE,Both ponds
yghU,18,Core,TRUE,TRUE,TRUE,Both ponds
group_993,18,Core,FALSE,TRUE,TRUE,Both ponds
ylxH,18,Core,TRUE,TRUE,TRUE,Both ponds
mazG,18,Core,TRUE,TRUE,TRUE,Both ponds
citG,18,Core,TRUE,TRUE,TRUE,Both ponds
pstB_1,18,Core,TRUE,TRUE,TRUE,Both ponds
gsiD,18,Core,TRUE,TRUE,TRUE,Both ponds
group_989,18,Core,FALSE,TRUE,TRUE,Both ponds
group_988,18,Core,FALSE,TRUE,TRUE,Both ponds
group_987,18,Core,FALSE,TRUE,TRUE,Both ponds
cpoB,18,Core,TRUE,TRUE,TRUE,Both ponds
group_986,18,Core,FALSE,TRUE,TRUE,Both ponds
cvfB,18,Core,TRUE,TRUE,TRUE,Both ponds
trpC,18,Core,TRUE,TRUE,TRUE,Both ponds
nucA,18,Core,TRUE,TRUE,TRUE,Both ponds
gtaB,18,Core,TRUE,TRUE,TRUE,Both ponds
hisP_1,18,Core,TRUE,TRUE,TRUE,Both ponds
corC,18,Core,TRUE,TRUE,TRUE,Both ponds
phzF,18,Core,TRUE,TRUE,TRUE,Both ponds
mscS,18,Core,TRUE,TRUE,TRUE,Both ponds
group_979,18,Core,FALSE,TRUE,TRUE,Both ponds
cysW_2,18,Core,TRUE,TRUE,TRUE,Both ponds
group_976,18,Core,FALSE,TRUE,TRUE,Both ponds
efeU_2,18,Core,TRUE,TRUE,TRUE,Both ponds
potB,18,Core,TRUE,TRUE,TRUE,Both ponds
ngcG,18,Core,TRUE,TRUE,TRUE,Both ponds
yeaD_2,18,Core,TRUE,TRUE,TRUE,Both ponds
group_975,18,Core,FALSE,TRUE,TRUE,Both ponds
opuAB_1,18,Core,TRUE,TRUE,TRUE,Both ponds
metF,18,Core,TRUE,TRUE,TRUE,Both ponds
group_972,18,Core,FALSE,TRUE,TRUE,Both ponds
peb1A_1,18,Core,TRUE,TRUE,TRUE,Both ponds
cobB,18,Core,TRUE,TRUE,TRUE,Both ponds
nit1,18,Core,TRUE,TRUE,TRUE,Both ponds
nadC,18,Core,TRUE,TRUE,TRUE,Both ponds
purU_2,18,Core,TRUE,TRUE,TRUE,Both ponds
group_971,18,Core,FALSE,TRUE,TRUE,Both ponds
apaH_1,18,Core,TRUE,TRUE,TRUE,Both ponds
nimR_7,18,Core,TRUE,TRUE,TRUE,Both ponds
group_969,18,Core,FALSE,TRUE,TRUE,Both ponds
panC,18,Core,TRUE,TRUE,TRUE,Both ponds
group_968,18,Core,FALSE,TRUE,TRUE,Both ponds
resA_1,18,Core,TRUE,TRUE,TRUE,Both ponds
group_967,18,Core,FALSE,TRUE,TRUE,Both ponds
occT,18,Core,TRUE,TRUE,TRUE,Both ponds
menH_4,18,Core,TRUE,TRUE,TRUE,Both ponds
folD,18,Core,TRUE,TRUE,TRUE,Both ponds
lepB,18,Core,TRUE,TRUE,TRUE,Both ponds
aroE_1,18,Core,TRUE,TRUE,TRUE,Both ponds
metR_1,18,Core,TRUE,TRUE,TRUE,Both ponds
rpoH,18,Core,TRUE,TRUE,TRUE,Both ponds
sseB,18,Core,TRUE,TRUE,TRUE,Both ponds
rapZ,18,Core,TRUE,TRUE,TRUE,Both ponds
cysL_2,18,Core,TRUE,TRUE,TRUE,Both ponds
yebZ,18,Core,TRUE,TRUE,TRUE,Both ponds
hpcB,18,Core,TRUE,TRUE,TRUE,Both ponds
group_963,18,Core,FALSE,TRUE,TRUE,Both ponds
group_962,18,Core,FALSE,TRUE,TRUE,Both ponds
kynA,18,Core,TRUE,TRUE,TRUE,Both ponds
ddpC,18,Core,TRUE,TRUE,TRUE,Both ponds
purU_1,18,Core,TRUE,TRUE,TRUE,Both ponds
atpG,18,Core,TRUE,TRUE,TRUE,Both ponds
livH_2,18,Core,TRUE,TRUE,TRUE,Both ponds
group_956,18,Core,FALSE,TRUE,TRUE,Both ponds
aaeA_1,18,Core,TRUE,TRUE,TRUE,Both ponds
group_955,18,Core,FALSE,TRUE,TRUE,Both ponds
hexR_3,18,Core,TRUE,TRUE,TRUE,Both ponds
uspE_4,18,Core,TRUE,TRUE,TRUE,Both ponds
hdfR_10,18,Core,TRUE,TRUE,TRUE,Both ponds
group_951,18,Core,FALSE,TRUE,TRUE,Both ponds
group_950,18,Core,FALSE,TRUE,TRUE,Both ponds
group_949,18,Core,FALSE,TRUE,TRUE,Both ponds
alkA,18,Core,TRUE,TRUE,TRUE,Both ponds
yciV,18,Core,TRUE,TRUE,TRUE,Both ponds
gltR_1,18,Core,TRUE,TRUE,TRUE,Both ponds
zipA,18,Core,TRUE,TRUE,TRUE,Both ponds
group_948,18,Core,FALSE,TRUE,TRUE,Both ponds
cmpR_2,18,Core,TRUE,TRUE,TRUE,Both ponds
group_947,18,Core,FALSE,TRUE,TRUE,Both ponds
mntC,18,Core,TRUE,TRUE,TRUE,Both ponds
group_945,18,Core,FALSE,TRUE,TRUE,Both ponds
melD_2,18,Core,TRUE,TRUE,TRUE,Both ponds
outO,18,Core,TRUE,TRUE,TRUE,Both ponds
hdfR_7,18,Core,TRUE,TRUE,TRUE,Both ponds
group_944,18,Core,FALSE,TRUE,TRUE,Both ponds
group_943,18,Core,FALSE,TRUE,TRUE,Both ponds
group_942,18,Core,FALSE,TRUE,TRUE,Both ponds
group_941,18,Core,FALSE,TRUE,TRUE,Both ponds
bioP,18,Core,TRUE,TRUE,TRUE,Both ponds
group_940,18,Core,FALSE,TRUE,TRUE,Both ponds
hexR_1,18,Core,TRUE,TRUE,TRUE,Both ponds
ftsQ,18,Core,TRUE,TRUE,TRUE,Both ponds
atpB,18,Core,TRUE,TRUE,TRUE,Both ponds
group_937,18,Core,FALSE,TRUE,TRUE,Both ponds
group_936,18,Core,FALSE,TRUE,TRUE,Both ponds
glpG,18,Core,TRUE,TRUE,TRUE,Both ponds
group_935,18,Core,FALSE,TRUE,TRUE,Both ponds
tesB,18,Core,TRUE,TRUE,TRUE,Both ponds
rmlD,18,Core,TRUE,TRUE,TRUE,Both ponds
hexR_2,18,Core,TRUE,TRUE,TRUE,Both ponds
cynR_4,18,Core,TRUE,TRUE,TRUE,Both ponds
thyA,18,Core,TRUE,TRUE,TRUE,Both ponds
rsmI,18,Core,TRUE,TRUE,TRUE,Both ponds
parB,18,Core,TRUE,TRUE,TRUE,Both ponds
pdxY,18,Core,TRUE,TRUE,TRUE,Both ponds
uppP_1,18,Core,TRUE,TRUE,TRUE,Both ponds
egtB,18,Core,TRUE,TRUE,TRUE,Both ponds
dmlR_9,18,Core,TRUE,TRUE,TRUE,Both ponds
cnoX,18,Core,TRUE,TRUE,TRUE,Both ponds
pstA,18,Core,TRUE,TRUE,TRUE,Both ponds
dapA_1,18,Core,TRUE,TRUE,TRUE,Both ponds
gltR_3,18,Core,TRUE,TRUE,TRUE,Both ponds
group_931,18,Core,FALSE,TRUE,TRUE,Both ponds
group_930,18,Core,FALSE,TRUE,TRUE,Both ponds
dehH1,18,Core,TRUE,TRUE,TRUE,Both ponds
yfeX,18,Core,TRUE,TRUE,TRUE,Both ponds
ku,18,Core,TRUE,TRUE,TRUE,Both ponds
group_929,18,Core,FALSE,TRUE,TRUE,Both ponds
group_928,18,Core,FALSE,TRUE,TRUE,Both ponds
benM_2,18,Core,TRUE,TRUE,TRUE,Both ponds
rhaS_2,18,Core,TRUE,TRUE,TRUE,Both ponds
yofA_1,18,Core,TRUE,TRUE,TRUE,Both ponds
ampR,18,Core,TRUE,TRUE,TRUE,Both ponds
group_926,18,Core,FALSE,TRUE,TRUE,Both ponds
group_925,18,Core,FALSE,TRUE,TRUE,Both ponds
cmpR_4,18,Core,TRUE,TRUE,TRUE,Both ponds
dhmA2_1,18,Core,TRUE,TRUE,TRUE,Both ponds
group_924,18,Core,FALSE,TRUE,TRUE,Both ponds
pgdA,18,Core,TRUE,TRUE,TRUE,Both ponds
hmuT,18,Core,TRUE,TRUE,TRUE,Both ponds
ribN,18,Core,TRUE,TRUE,TRUE,Both ponds
rhaS_4,18,Core,TRUE,TRUE,TRUE,Both ponds
group_923,18,Core,FALSE,TRUE,TRUE,Both ponds
group_922,18,Core,FALSE,TRUE,TRUE,Both ponds
dapA_2,18,Core,TRUE,TRUE,TRUE,Both ponds
group_921,18,Core,FALSE,TRUE,TRUE,Both ponds
group_918,18,Core,FALSE,TRUE,TRUE,Both ponds
livH_4,18,Core,TRUE,TRUE,TRUE,Both ponds
rarD_2,18,Core,TRUE,TRUE,TRUE,Both ponds
sucD,18,Core,TRUE,TRUE,TRUE,Both ponds
hdfR_2,18,Core,TRUE,TRUE,TRUE,Both ponds
pcpR_4,18,Core,TRUE,TRUE,TRUE,Both ponds
argP_4,18,Core,TRUE,TRUE,TRUE,Both ponds
arnD,18,Core,TRUE,TRUE,TRUE,Both ponds
group_914,18,Core,FALSE,TRUE,TRUE,Both ponds
dmlR_12,18,Core,TRUE,TRUE,TRUE,Both ponds
group_913,18,Core,FALSE,TRUE,TRUE,Both ponds
rhlA_2,18,Core,TRUE,TRUE,TRUE,Both ponds
group_912,18,Core,FALSE,TRUE,TRUE,Both ponds
rarD_1,18,Core,TRUE,TRUE,TRUE,Both ponds
yfdC,18,Core,TRUE,TRUE,TRUE,Both ponds
gcvA_2,18,Core,TRUE,TRUE,TRUE,Both ponds
ydcV_1,18,Core,TRUE,TRUE,TRUE,Both ponds
group_908,18,Core,FALSE,TRUE,TRUE,Both ponds
rhtA,18,Core,TRUE,TRUE,TRUE,Both ponds
dmlR_22,18,Core,TRUE,TRUE,TRUE,Both ponds
group_907,18,Core,FALSE,TRUE,TRUE,Both ponds
gluQ,18,Core,TRUE,TRUE,TRUE,Both ponds
group_906,18,Core,FALSE,TRUE,TRUE,Both ponds
ispA,18,Core,TRUE,TRUE,TRUE,Both ponds
mmsB_1,18,Core,TRUE,TRUE,TRUE,Both ponds
cyoE,18,Core,TRUE,TRUE,TRUE,Both ponds
htpX,18,Core,TRUE,TRUE,TRUE,Both ponds
pip_1,18,Core,TRUE,TRUE,TRUE,Both ponds
dmlR_2,18,Core,TRUE,TRUE,TRUE,Both ponds
cynR_3,18,Core,TRUE,TRUE,TRUE,Both ponds
gltC_2,18,Core,TRUE,TRUE,TRUE,Both ponds
motB_1,18,Core,TRUE,TRUE,TRUE,Both ponds
kce,18,Core,TRUE,TRUE,TRUE,Both ponds
cmpR_5,18,Core,TRUE,TRUE,TRUE,Both ponds
group_904,18,Core,FALSE,TRUE,TRUE,Both ponds
iolE,18,Core,TRUE,TRUE,TRUE,Both ponds
sadH,18,Core,TRUE,TRUE,TRUE,Both ponds
pgrR_7,18,Core,TRUE,TRUE,TRUE,Both ponds
group_903,18,Core,FALSE,TRUE,TRUE,Both ponds
nadK,18,Core,TRUE,TRUE,TRUE,Both ponds
dcyD_1,18,Core,TRUE,TRUE,TRUE,Both ponds
catM,18,Core,TRUE,TRUE,TRUE,Both ponds
glxR,18,Core,TRUE,TRUE,TRUE,Both ponds
group_902,18,Core,FALSE,TRUE,TRUE,Both ponds
group_901,18,Core,FALSE,TRUE,TRUE,Both ponds
rhaS_1,18,Core,TRUE,TRUE,TRUE,Both ponds
yihG_1,18,Core,TRUE,TRUE,TRUE,Both ponds
rhlA_1,18,Core,TRUE,TRUE,TRUE,Both ponds
ubiA,18,Core,TRUE,TRUE,TRUE,Both ponds
group_898,18,Core,FALSE,TRUE,TRUE,Both ponds
hcaR_3,18,Core,TRUE,TRUE,TRUE,Both ponds
rhaR_3,18,Core,TRUE,TRUE,TRUE,Both ponds
pgrR_8,18,Core,TRUE,TRUE,TRUE,Both ponds
gltR_5,18,Core,TRUE,TRUE,TRUE,Both ponds
zupT,18,Core,TRUE,TRUE,TRUE,Both ponds
group_897,18,Core,FALSE,TRUE,TRUE,Both ponds
fieF,18,Core,TRUE,TRUE,TRUE,Both ponds
group_896,18,Core,FALSE,TRUE,TRUE,Both ponds
group_895,18,Core,FALSE,TRUE,TRUE,Both ponds
group_894,18,Core,FALSE,TRUE,TRUE,Both ponds
group_893,18,Core,FALSE,TRUE,TRUE,Both ponds
group_892,18,Core,FALSE,TRUE,TRUE,Both ponds
group_891,18,Core,FALSE,TRUE,TRUE,Both ponds
gltR_2,18,Core,TRUE,TRUE,TRUE,Both ponds
prpB_1,18,Core,TRUE,TRUE,TRUE,Both ponds
rhaS_10,18,Core,TRUE,TRUE,TRUE,Both ponds
folE2,18,Core,TRUE,TRUE,TRUE,Both ponds
hcaR_1,18,Core,TRUE,TRUE,TRUE,Both ponds
dmlR_21,18,Core,TRUE,TRUE,TRUE,Both ponds
osmX,18,Core,TRUE,TRUE,TRUE,Both ponds
yedA_2,18,Core,TRUE,TRUE,TRUE,Both ponds
cysL_1,18,Core,TRUE,TRUE,TRUE,Both ponds
dmlR_7,18,Core,TRUE,TRUE,TRUE,Both ponds
gltC_3,18,Core,TRUE,TRUE,TRUE,Both ponds
xerD,18,Core,TRUE,TRUE,TRUE,Both ponds
argP_2,18,Core,TRUE,TRUE,TRUE,Both ponds
pgrR_1,18,Core,TRUE,TRUE,TRUE,Both ponds
cynR_2,18,Core,TRUE,TRUE,TRUE,Both ponds
znuB_1,18,Core,TRUE,TRUE,TRUE,Both ponds
group_886,18,Core,FALSE,TRUE,TRUE,Both ponds
yihG_2,18,Core,TRUE,TRUE,TRUE,Both ponds
group_885,18,Core,FALSE,TRUE,TRUE,Both ponds
cynR_1,18,Core,TRUE,TRUE,TRUE,Both ponds
fabD_1,18,Core,TRUE,TRUE,TRUE,Both ponds
xerC_1,18,Core,TRUE,TRUE,TRUE,Both ponds
cheB_1,18,Core,TRUE,TRUE,TRUE,Both ponds
yeaD_1,18,Core,TRUE,TRUE,TRUE,Both ponds
group_880,18,Core,FALSE,TRUE,TRUE,Both ponds
group_879,18,Core,FALSE,TRUE,TRUE,Both ponds
nhaR,18,Core,TRUE,TRUE,TRUE,Both ponds
dmlR_19,18,Core,TRUE,TRUE,TRUE,Both ponds
group_878,18,Core,FALSE,TRUE,TRUE,Both ponds
dmlR_15,18,Core,TRUE,TRUE,TRUE,Both ponds
cheV_2,18,Core,TRUE,TRUE,TRUE,Both ponds
era,18,Core,TRUE,TRUE,TRUE,Both ponds
oleB,18,Core,TRUE,TRUE,TRUE,Both ponds
group_877,18,Core,FALSE,TRUE,TRUE,Both ponds
cysM,18,Core,TRUE,TRUE,TRUE,Both ponds
group_876,18,Core,FALSE,TRUE,TRUE,Both ponds
group_875,18,Core,FALSE,TRUE,TRUE,Both ponds
gltI_1,18,Core,TRUE,TRUE,TRUE,Both ponds
group_874,18,Core,FALSE,TRUE,TRUE,Both ponds
mtrA_1,18,Core,TRUE,TRUE,TRUE,Both ponds
group_871,18,Core,FALSE,TRUE,TRUE,Both ponds
rhaS_9,18,Core,TRUE,TRUE,TRUE,Both ponds
czcD_2,18,Core,TRUE,TRUE,TRUE,Both ponds
kdgK_1,18,Core,TRUE,TRUE,TRUE,Both ponds
gltR_6,18,Core,TRUE,TRUE,TRUE,Both ponds
cynR_5,18,Core,TRUE,TRUE,TRUE,Both ponds
group_870,18,Core,FALSE,TRUE,TRUE,Both ponds
pgrR_4,18,Core,TRUE,TRUE,TRUE,Both ponds
mtrA_2,18,Core,TRUE,TRUE,TRUE,Both ponds
group_869,18,Core,FALSE,TRUE,TRUE,Both ponds
group_868,18,Core,FALSE,TRUE,TRUE,Both ponds
dmlR_6,18,Core,TRUE,TRUE,TRUE,Both ponds
dmlR_4,18,Core,TRUE,TRUE,TRUE,Both ponds
group_867,18,Core,FALSE,TRUE,TRUE,Both ponds
argB,18,Core,TRUE,TRUE,TRUE,Both ponds
rhaR_4,18,Core,TRUE,TRUE,TRUE,Both ponds
glsA2,18,Core,TRUE,TRUE,TRUE,Both ponds
group_863,18,Core,FALSE,TRUE,TRUE,Both ponds
dmlR_18,18,Core,TRUE,TRUE,TRUE,Both ponds
dmlR_16,18,Core,TRUE,TRUE,TRUE,Both ponds
dmlR_14,18,Core,TRUE,TRUE,TRUE,Both ponds
nodD2_2,18,Core,TRUE,TRUE,TRUE,Both ponds
pal_5,18,Core,TRUE,TRUE,TRUE,Both ponds
benM_4,18,Core,TRUE,TRUE,TRUE,Both ponds
melD_1,18,Core,TRUE,TRUE,TRUE,Both ponds
pcpR_1,18,Core,TRUE,TRUE,TRUE,Both ponds
prmB,18,Core,TRUE,TRUE,TRUE,Both ponds
cobD,18,Core,TRUE,TRUE,TRUE,Both ponds
yjiK_2,18,Core,TRUE,TRUE,TRUE,Both ponds
yjiE,18,Core,TRUE,TRUE,TRUE,Both ponds
lpxC,18,Core,TRUE,TRUE,TRUE,Both ponds
group_860,18,Core,FALSE,TRUE,TRUE,Both ponds
group_859,18,Core,FALSE,TRUE,TRUE,Both ponds
dppC,18,Core,TRUE,TRUE,TRUE,Both ponds
dmlR_17,18,Core,TRUE,TRUE,TRUE,Both ponds
group_858,18,Core,FALSE,TRUE,TRUE,Both ponds
group_857,18,Core,FALSE,TRUE,TRUE,Both ponds
occR,18,Core,TRUE,TRUE,TRUE,Both ponds
pqqB,18,Core,TRUE,TRUE,TRUE,Both ponds
dmlR_25,18,Core,TRUE,TRUE,TRUE,Both ponds
hcaR_2,18,Core,TRUE,TRUE,TRUE,Both ponds
nodD2_3,18,Core,TRUE,TRUE,TRUE,Both ponds
group_856,18,Core,FALSE,TRUE,TRUE,Both ponds
secF,18,Core,TRUE,TRUE,TRUE,Both ponds
yahB,18,Core,TRUE,TRUE,TRUE,Both ponds
ccoP1,18,Core,TRUE,TRUE,TRUE,Both ponds
cysK_1,18,Core,TRUE,TRUE,TRUE,Both ponds
gltC_1,18,Core,TRUE,TRUE,TRUE,Both ponds
group_854,18,Core,FALSE,TRUE,TRUE,Both ponds
rbsK_3,18,Core,TRUE,TRUE,TRUE,Both ponds
rbsK_2,18,Core,TRUE,TRUE,TRUE,Both ponds
cysD_2,18,Core,TRUE,TRUE,TRUE,Both ponds
group_853,18,Core,FALSE,TRUE,TRUE,Both ponds
rhaS_7,18,Core,TRUE,TRUE,TRUE,Both ponds
livH_3,18,Core,TRUE,TRUE,TRUE,Both ponds
metR_2,18,Core,TRUE,TRUE,TRUE,Both ponds
truB,18,Core,TRUE,TRUE,TRUE,Both ponds
panE_2,18,Core,TRUE,TRUE,TRUE,Both ponds
gltR_4,18,Core,TRUE,TRUE,TRUE,Both ponds
group_852,18,Core,FALSE,TRUE,TRUE,Both ponds
czcD_1,18,Core,TRUE,TRUE,TRUE,Both ponds
group_850,18,Core,FALSE,TRUE,TRUE,Both ponds
accD,18,Core,TRUE,TRUE,TRUE,Both ponds
murR,18,Core,TRUE,TRUE,TRUE,Both ponds
rdgC,18,Core,TRUE,TRUE,TRUE,Both ponds
psaA,18,Core,TRUE,TRUE,TRUE,Both ponds
rlmL_2,18,Core,TRUE,TRUE,TRUE,Both ponds
rbsK_1,18,Core,TRUE,TRUE,TRUE,Both ponds
dmlR_11,18,Core,TRUE,TRUE,TRUE,Both ponds
fecB,18,Core,TRUE,TRUE,TRUE,Both ponds
group_849,18,Core,FALSE,TRUE,TRUE,Both ponds
oxyR_3,18,Core,TRUE,TRUE,TRUE,Both ponds
group_848,18,Core,FALSE,TRUE,TRUE,Both ponds
yegS,18,Core,TRUE,TRUE,TRUE,Both ponds
potH,18,Core,TRUE,TRUE,TRUE,Both ponds
gcvA_1,18,Core,TRUE,TRUE,TRUE,Both ponds
oxyR_1,18,Core,TRUE,TRUE,TRUE,Both ponds
pgrR_9,18,Core,TRUE,TRUE,TRUE,Both ponds
fecR_4,18,Core,TRUE,TRUE,TRUE,Both ponds
dctD_3,18,Core,TRUE,TRUE,TRUE,Both ponds
tal_2,18,Core,TRUE,TRUE,TRUE,Both ponds
eamA_4,18,Core,TRUE,TRUE,TRUE,Both ponds
group_844,18,Core,FALSE,TRUE,TRUE,Both ponds
pbpG,18,Core,TRUE,TRUE,TRUE,Both ponds
rbsB_1,18,Core,TRUE,TRUE,TRUE,Both ponds
hdfR_5,18,Core,TRUE,TRUE,TRUE,Both ponds
argF,18,Core,TRUE,TRUE,TRUE,Both ponds
ssuA_2,18,Core,TRUE,TRUE,TRUE,Both ponds
yhaJ,18,Core,TRUE,TRUE,TRUE,Both ponds
dmlR_1,18,Core,TRUE,TRUE,TRUE,Both ponds
yjiK_1,18,Core,TRUE,TRUE,TRUE,Both ponds
lacF,18,Core,TRUE,TRUE,TRUE,Both ponds
menH_3,18,Core,TRUE,TRUE,TRUE,Both ponds
pgrR_5,18,Core,TRUE,TRUE,TRUE,Both ponds
proR,18,Core,TRUE,TRUE,TRUE,Both ponds
group_843,18,Core,FALSE,TRUE,TRUE,Both ponds
group_842,18,Core,FALSE,TRUE,TRUE,Both ponds
group_841,18,Core,FALSE,TRUE,TRUE,Both ponds
gltI_2,18,Core,TRUE,TRUE,TRUE,Both ponds
ssuA_3,18,Core,TRUE,TRUE,TRUE,Both ponds
tal_1,18,Core,TRUE,TRUE,TRUE,Both ponds
group_840,18,Core,FALSE,TRUE,TRUE,Both ponds
group_839,18,Core,FALSE,TRUE,TRUE,Both ponds
group_838,18,Core,FALSE,TRUE,TRUE,Both ponds
group_833,18,Core,FALSE,TRUE,TRUE,Both ponds
group_832,18,Core,FALSE,TRUE,TRUE,Both ponds
group_831,18,Core,FALSE,TRUE,TRUE,Both ponds
argP_3,18,Core,TRUE,TRUE,TRUE,Both ponds
catA,18,Core,TRUE,TRUE,TRUE,Both ponds
rhaS_3,18,Core,TRUE,TRUE,TRUE,Both ponds
arcC1,18,Core,TRUE,TRUE,TRUE,Both ponds
group_830,18,Core,FALSE,TRUE,TRUE,Both ponds
argP_1,18,Core,TRUE,TRUE,TRUE,Both ponds
fabH,18,Core,TRUE,TRUE,TRUE,Both ponds
etfA,18,Core,TRUE,TRUE,TRUE,Both ponds
group_828,18,Core,FALSE,TRUE,TRUE,Both ponds
dmlR_26,18,Core,TRUE,TRUE,TRUE,Both ponds
yadG,18,Core,TRUE,TRUE,TRUE,Both ponds
group_827,18,Core,FALSE,TRUE,TRUE,Both ponds
gcvA_10,18,Core,TRUE,TRUE,TRUE,Both ponds
prs,18,Core,TRUE,TRUE,TRUE,Both ponds
cheV_3,18,Core,TRUE,TRUE,TRUE,Both ponds
thpA_1,18,Core,TRUE,TRUE,TRUE,Both ponds
dmlR_13,18,Core,TRUE,TRUE,TRUE,Both ponds
ykfA,18,Core,TRUE,TRUE,TRUE,Both ponds
nagAa,18,Core,TRUE,TRUE,TRUE,Both ponds
laaA,18,Core,TRUE,TRUE,TRUE,Both ponds
ghrA_1,18,Core,TRUE,TRUE,TRUE,Both ponds
thpA_3,18,Core,TRUE,TRUE,TRUE,Both ponds
pcpR_3,18,Core,TRUE,TRUE,TRUE,Both ponds
group_826,18,Core,FALSE,TRUE,TRUE,Both ponds
pcpR_2,18,Core,TRUE,TRUE,TRUE,Both ponds
nodD2_1,18,Core,TRUE,TRUE,TRUE,Both ponds
lpxL,18,Core,TRUE,TRUE,TRUE,Both ponds
cheV_1,18,Core,TRUE,TRUE,TRUE,Both ponds
fabD_2,18,Core,TRUE,TRUE,TRUE,Both ponds
pfkB,18,Core,TRUE,TRUE,TRUE,Both ponds
group_824,18,Core,FALSE,TRUE,TRUE,Both ponds
ribF,18,Core,TRUE,TRUE,TRUE,Both ponds
pgrR_3,18,Core,TRUE,TRUE,TRUE,Both ponds
group_823,18,Core,FALSE,TRUE,TRUE,Both ponds
aes_1,18,Core,TRUE,TRUE,TRUE,Both ponds
kdgK_2,18,Core,TRUE,TRUE,TRUE,Both ponds
lacC,18,Core,TRUE,TRUE,TRUE,Both ponds
group_820,18,Core,FALSE,TRUE,TRUE,Both ponds
feaR,18,Core,TRUE,TRUE,TRUE,Both ponds
fecR_2,18,Core,TRUE,TRUE,TRUE,Both ponds
cyoA,18,Core,TRUE,TRUE,TRUE,Both ponds
ygfZ,18,Core,TRUE,TRUE,TRUE,Both ponds
yngG,18,Core,TRUE,TRUE,TRUE,Both ponds
group_819,18,Core,FALSE,TRUE,TRUE,Both ponds
hemC,18,Core,TRUE,TRUE,TRUE,Both ponds
group_818,18,Core,FALSE,TRUE,TRUE,Both ponds
rhaS_6,18,Core,TRUE,TRUE,TRUE,Both ponds
thiE_1,18,Core,TRUE,TRUE,TRUE,Both ponds
group_817,18,Core,FALSE,TRUE,TRUE,Both ponds
cdhR_3,18,Core,TRUE,TRUE,TRUE,Both ponds
group_816,18,Core,FALSE,TRUE,TRUE,Both ponds
rsmH,18,Core,TRUE,TRUE,TRUE,Both ponds
ispH,18,Core,TRUE,TRUE,TRUE,Both ponds
ghrA_2,18,Core,TRUE,TRUE,TRUE,Both ponds
dauB,18,Core,TRUE,TRUE,TRUE,Both ponds
group_812,18,Core,FALSE,TRUE,TRUE,Both ponds
group_811,18,Core,FALSE,TRUE,TRUE,Both ponds
dapA_4,18,Core,TRUE,TRUE,TRUE,Both ponds
rhaS_5,18,Core,TRUE,TRUE,TRUE,Both ponds
group_810,18,Core,FALSE,TRUE,TRUE,Both ponds
gcvA_6,18,Core,TRUE,TRUE,TRUE,Both ponds
gsiC,18,Core,TRUE,TRUE,TRUE,Both ponds
group_809,18,Core,FALSE,TRUE,TRUE,Both ponds
group_804,18,Core,FALSE,TRUE,TRUE,Both ponds
group_803,18,Core,FALSE,TRUE,TRUE,Both ponds
group_802,18,Core,FALSE,TRUE,TRUE,Both ponds
group_801,18,Core,FALSE,TRUE,TRUE,Both ponds
ppaC,18,Core,TRUE,TRUE,TRUE,Both ponds
gbuA,18,Core,TRUE,TRUE,TRUE,Both ponds
yedA_1,18,Core,TRUE,TRUE,TRUE,Both ponds
group_800,18,Core,FALSE,TRUE,TRUE,Both ponds
group_799,18,Core,FALSE,TRUE,TRUE,Both ponds
dppB_2,18,Core,TRUE,TRUE,TRUE,Both ponds
fecR_3,18,Core,TRUE,TRUE,TRUE,Both ponds
hprA,18,Core,TRUE,TRUE,TRUE,Both ponds
group_798,18,Core,FALSE,TRUE,TRUE,Both ponds
gshB,18,Core,TRUE,TRUE,TRUE,Both ponds
clpB_1,18,Core,TRUE,TRUE,TRUE,Both ponds
cmoB,18,Core,TRUE,TRUE,TRUE,Both ponds
ybhN,18,Core,TRUE,TRUE,TRUE,Both ponds
oppD,18,Core,TRUE,TRUE,TRUE,Both ponds
group_796,18,Core,FALSE,TRUE,TRUE,Both ponds
rluC,18,Core,TRUE,TRUE,TRUE,Both ponds
rbsB_2,18,Core,TRUE,TRUE,TRUE,Both ponds
group_795,18,Core,FALSE,TRUE,TRUE,Both ponds
group_794,18,Core,FALSE,TRUE,TRUE,Both ponds
tdh_1,18,Core,TRUE,TRUE,TRUE,Both ponds
yjiA_1,18,Core,TRUE,TRUE,TRUE,Both ponds
birA,18,Core,TRUE,TRUE,TRUE,Both ponds
group_793,18,Core,FALSE,TRUE,TRUE,Both ponds
group_792,18,Core,FALSE,TRUE,TRUE,Both ponds
mucB,18,Core,TRUE,TRUE,TRUE,Both ponds
eamA_1,18,Core,TRUE,TRUE,TRUE,Both ponds
dusC,18,Core,TRUE,TRUE,TRUE,Both ponds
ppsC,18,Core,TRUE,TRUE,TRUE,Both ponds
rluD,18,Core,TRUE,TRUE,TRUE,Both ponds
tsx,18,Core,TRUE,TRUE,TRUE,Both ponds
group_789,18,Core,FALSE,TRUE,TRUE,Both ponds
yhbE,18,Core,TRUE,TRUE,TRUE,Both ponds
group_788,18,Core,FALSE,TRUE,TRUE,Both ponds
group_787,18,Core,FALSE,TRUE,TRUE,Both ponds
panS,18,Core,TRUE,TRUE,TRUE,Both ponds
thadh,18,Core,TRUE,TRUE,TRUE,Both ponds
group_785,18,Core,FALSE,TRUE,TRUE,Both ponds
panE_1,18,Core,TRUE,TRUE,TRUE,Both ponds
araH_1,18,Core,TRUE,TRUE,TRUE,Both ponds
group_784,18,Core,FALSE,TRUE,TRUE,Both ponds
cdhR_1,18,Core,TRUE,TRUE,TRUE,Both ponds
group_783,18,Core,FALSE,TRUE,TRUE,Both ponds
moaA,18,Core,TRUE,TRUE,TRUE,Both ponds
cdhR_8,18,Core,TRUE,TRUE,TRUE,Both ponds
group_781,18,Core,FALSE,TRUE,TRUE,Both ponds
dppD,18,Core,TRUE,TRUE,TRUE,Both ponds
fecD,18,Core,TRUE,TRUE,TRUE,Both ponds
dmlR_10,18,Core,TRUE,TRUE,TRUE,Both ponds
ispB,18,Core,TRUE,TRUE,TRUE,Both ponds
group_780,18,Core,FALSE,TRUE,TRUE,Both ponds
group_779,18,Core,FALSE,TRUE,TRUE,Both ponds
fliM,18,Core,TRUE,TRUE,TRUE,Both ponds
group_778,18,Core,FALSE,TRUE,TRUE,Both ponds
group_777,18,Core,FALSE,TRUE,TRUE,Both ponds
ssuA_1,18,Core,TRUE,TRUE,TRUE,Both ponds
ascD,18,Core,TRUE,TRUE,TRUE,Both ponds
yeiR,18,Core,TRUE,TRUE,TRUE,Both ponds
group_773,18,Core,FALSE,TRUE,TRUE,Both ponds
ddpF,18,Core,TRUE,TRUE,TRUE,Both ponds
group_772,18,Core,FALSE,TRUE,TRUE,Both ponds
araH_2,18,Core,TRUE,TRUE,TRUE,Both ponds
apaH_2,18,Core,TRUE,TRUE,TRUE,Both ponds
group_771,18,Core,FALSE,TRUE,TRUE,Both ponds
group_770,18,Core,FALSE,TRUE,TRUE,Both ponds
corA,18,Core,TRUE,TRUE,TRUE,Both ponds
ssuA_5,18,Core,TRUE,TRUE,TRUE,Both ponds
hemB_2,18,Core,TRUE,TRUE,TRUE,Both ponds
kdsD_1,18,Core,TRUE,TRUE,TRUE,Both ponds
ghrB_1,18,Core,TRUE,TRUE,TRUE,Both ponds
yjiA_2,18,Core,TRUE,TRUE,TRUE,Both ponds
pxpC_2,18,Core,TRUE,TRUE,TRUE,Both ponds
cysB,18,Core,TRUE,TRUE,TRUE,Both ponds
cysK_2,18,Core,TRUE,TRUE,TRUE,Both ponds
group_767,18,Core,FALSE,TRUE,TRUE,Both ponds
rdoA,18,Core,TRUE,TRUE,TRUE,Both ponds
cmpR_1,18,Core,TRUE,TRUE,TRUE,Both ponds
rbsC_4,18,Core,TRUE,TRUE,TRUE,Both ponds
ghrB_2,18,Core,TRUE,TRUE,TRUE,Both ponds
rbsC_3,18,Core,TRUE,TRUE,TRUE,Both ponds
group_761,18,Core,FALSE,TRUE,TRUE,Both ponds
ccoP2,18,Core,TRUE,TRUE,TRUE,Both ponds
group_760,18,Core,FALSE,TRUE,TRUE,Both ponds
qorA_1,18,Core,TRUE,TRUE,TRUE,Both ponds
ansA,18,Core,TRUE,TRUE,TRUE,Both ponds
plsX,18,Core,TRUE,TRUE,TRUE,Both ponds
group_758,18,Core,FALSE,TRUE,TRUE,Both ponds
lsrR,18,Core,TRUE,TRUE,TRUE,Both ponds
cdhR_6,18,Core,TRUE,TRUE,TRUE,Both ponds
group_757,18,Core,FALSE,TRUE,TRUE,Both ponds
group_756,18,Core,FALSE,TRUE,TRUE,Both ponds
group_754,18,Core,FALSE,TRUE,TRUE,Both ponds
qorA_2,18,Core,TRUE,TRUE,TRUE,Both ponds
araF_1,18,Core,TRUE,TRUE,TRUE,Both ponds
tolQ_1,18,Core,TRUE,TRUE,TRUE,Both ponds
group_753,18,Core,FALSE,TRUE,TRUE,Both ponds
yhdN,18,Core,TRUE,TRUE,TRUE,Both ponds
group_752,18,Core,FALSE,TRUE,TRUE,Both ponds
group_751,18,Core,FALSE,TRUE,TRUE,Both ponds
group_750,18,Core,FALSE,TRUE,TRUE,Both ponds
oprF,18,Core,TRUE,TRUE,TRUE,Both ponds
pucA,18,Core,TRUE,TRUE,TRUE,Both ponds
group_749,18,Core,FALSE,TRUE,TRUE,Both ponds
dapF_2,18,Core,TRUE,TRUE,TRUE,Both ponds
group_748,18,Core,FALSE,TRUE,TRUE,Both ponds
group_747,18,Core,FALSE,TRUE,TRUE,Both ponds
tauA_1,18,Core,TRUE,TRUE,TRUE,Both ponds
pstS_1,18,Core,TRUE,TRUE,TRUE,Both ponds
group_746,18,Core,FALSE,TRUE,TRUE,Both ponds
btuD_11,18,Core,TRUE,TRUE,TRUE,Both ponds
group_745,18,Core,FALSE,TRUE,TRUE,Both ponds
group_744,18,Core,FALSE,TRUE,TRUE,Both ponds
ldhA,18,Core,TRUE,TRUE,TRUE,Both ponds
rbsC_2,18,Core,TRUE,TRUE,TRUE,Both ponds
fecC,18,Core,TRUE,TRUE,TRUE,Both ponds
ccp,18,Core,TRUE,TRUE,TRUE,Both ponds
paoB,18,Core,TRUE,TRUE,TRUE,Both ponds
hdfR_3,18,Core,TRUE,TRUE,TRUE,Both ponds
hisC_2,18,Core,TRUE,TRUE,TRUE,Both ponds
group_743,18,Core,FALSE,TRUE,TRUE,Both ponds
pdxA,18,Core,TRUE,TRUE,TRUE,Both ponds
rbsR_1,18,Core,TRUE,TRUE,TRUE,Both ponds
group_738,18,Core,FALSE,TRUE,TRUE,Both ponds
rbsC_1,18,Core,TRUE,TRUE,TRUE,Both ponds
group_737,18,Core,FALSE,TRUE,TRUE,Both ponds
lpxD_1,18,Core,TRUE,TRUE,TRUE,Both ponds
group_736,18,Core,FALSE,TRUE,TRUE,Both ponds
cdhR_5,18,Core,TRUE,TRUE,TRUE,Both ponds
cra,18,Core,TRUE,TRUE,TRUE,Both ponds
iolS,18,Core,TRUE,TRUE,TRUE,Both ponds
group_733,18,Core,FALSE,TRUE,TRUE,Both ponds
group_732,18,Core,FALSE,TRUE,TRUE,Both ponds
group_731,18,Core,FALSE,TRUE,TRUE,Both ponds
pstC,18,Core,TRUE,TRUE,TRUE,Both ponds
alc,18,Core,TRUE,TRUE,TRUE,Both ponds
zntB_1,18,Core,TRUE,TRUE,TRUE,Both ponds
COQ3_1,18,Core,TRUE,TRUE,TRUE,Both ponds
group_729,18,Core,FALSE,TRUE,TRUE,Both ponds
group_728,18,Core,FALSE,TRUE,TRUE,Both ponds
qorA_3,18,Core,TRUE,TRUE,TRUE,Both ponds
cdhR_9,18,Core,TRUE,TRUE,TRUE,Both ponds
group_727,18,Core,FALSE,TRUE,TRUE,Both ponds
rsmC,18,Core,TRUE,TRUE,TRUE,Both ponds
group_726,18,Core,FALSE,TRUE,TRUE,Both ponds
cntI,18,Core,TRUE,TRUE,TRUE,Both ponds
group_725,18,Core,FALSE,TRUE,TRUE,Both ponds
group_724,18,Core,FALSE,TRUE,TRUE,Both ponds
oleD,18,Core,TRUE,TRUE,TRUE,Both ponds
group_723,18,Core,FALSE,TRUE,TRUE,Both ponds
tri1,18,Core,TRUE,TRUE,TRUE,Both ponds
dhaK2,18,Core,TRUE,TRUE,TRUE,Both ponds
group_722,18,Core,FALSE,TRUE,TRUE,Both ponds
trpD_2,18,Core,TRUE,TRUE,TRUE,Both ponds
cheB_2,18,Core,TRUE,TRUE,TRUE,Both ponds
rpoA,18,Core,TRUE,TRUE,TRUE,Both ponds
rodZ,18,Core,TRUE,TRUE,TRUE,Both ponds
gapA,18,Core,TRUE,TRUE,TRUE,Both ponds
pld1,18,Core,TRUE,TRUE,TRUE,Both ponds
group_718,18,Core,FALSE,TRUE,TRUE,Both ponds
ltaE_2,18,Core,TRUE,TRUE,TRUE,Both ponds
astE,18,Core,TRUE,TRUE,TRUE,Both ponds
araF_2,18,Core,TRUE,TRUE,TRUE,Both ponds
cytR,18,Core,TRUE,TRUE,TRUE,Both ponds
yejK,18,Core,TRUE,TRUE,TRUE,Both ponds
rlpA_1,18,Core,TRUE,TRUE,TRUE,Both ponds
sbp_1,18,Core,TRUE,TRUE,TRUE,Both ponds
group_717,18,Core,FALSE,TRUE,TRUE,Both ponds
yfhA,18,Core,TRUE,TRUE,TRUE,Both ponds
pyrB,18,Core,TRUE,TRUE,TRUE,Both ponds
group_716,18,Core,FALSE,TRUE,TRUE,Both ponds
yfmJ,18,Core,TRUE,TRUE,TRUE,Both ponds
thpA_2,18,Core,TRUE,TRUE,TRUE,Both ponds
nuoH,18,Core,TRUE,TRUE,TRUE,Both ponds
group_714,18,Core,FALSE,TRUE,TRUE,Both ponds
group_713,18,Core,FALSE,TRUE,TRUE,Both ponds
cydB,18,Core,TRUE,TRUE,TRUE,Both ponds
antC,18,Core,TRUE,TRUE,TRUE,Both ponds
group_712,18,Core,FALSE,TRUE,TRUE,Both ponds
menH_1,18,Core,TRUE,TRUE,TRUE,Both ponds
usg,18,Core,TRUE,TRUE,TRUE,Both ponds
iolG_2,18,Core,TRUE,TRUE,TRUE,Both ponds
lpxK,18,Core,TRUE,TRUE,TRUE,Both ponds
dppB_1,18,Core,TRUE,TRUE,TRUE,Both ponds
yajO_2,18,Core,TRUE,TRUE,TRUE,Both ponds
cdhR_4,18,Core,TRUE,TRUE,TRUE,Both ponds
group_709,18,Core,FALSE,TRUE,TRUE,Both ponds
cheB_3,18,Core,TRUE,TRUE,TRUE,Both ponds
arcB,18,Core,TRUE,TRUE,TRUE,Both ponds
gnu,18,Core,TRUE,TRUE,TRUE,Both ponds
nagZ,18,Core,TRUE,TRUE,TRUE,Both ponds
group_708,18,Core,FALSE,TRUE,TRUE,Both ponds
group_706,18,Core,FALSE,TRUE,TRUE,Both ponds
fbpA_2,18,Core,TRUE,TRUE,TRUE,Both ponds
rutD_1,18,Core,TRUE,TRUE,TRUE,Both ponds
msrP,18,Core,TRUE,TRUE,TRUE,Both ponds
hemB_1,18,Core,TRUE,TRUE,TRUE,Both ponds
group_704,18,Core,FALSE,TRUE,TRUE,Both ponds
pheS,18,Core,TRUE,TRUE,TRUE,Both ponds
group_703,18,Core,FALSE,TRUE,TRUE,Both ponds
ilvC,18,Core,TRUE,TRUE,TRUE,Both ponds
rlmI_2,18,Core,TRUE,TRUE,TRUE,Both ponds
mltB,18,Core,TRUE,TRUE,TRUE,Both ponds
pstS_2,18,Core,TRUE,TRUE,TRUE,Both ponds
group_702,18,Core,FALSE,TRUE,TRUE,Both ponds
group_701,18,Core,FALSE,TRUE,TRUE,Both ponds
fliG,18,Core,TRUE,TRUE,TRUE,Both ponds
group_700,18,Core,FALSE,TRUE,TRUE,Both ponds
yejE_2,18,Core,TRUE,TRUE,TRUE,Both ponds
rbsR_2,18,Core,TRUE,TRUE,TRUE,Both ponds
murB,18,Core,TRUE,TRUE,TRUE,Both ponds
astA,18,Core,TRUE,TRUE,TRUE,Both ponds
zapE_3,18,Core,TRUE,TRUE,TRUE,Both ponds
ilvE,18,Core,TRUE,TRUE,TRUE,Both ponds
ldh,18,Core,TRUE,TRUE,TRUE,Both ponds
rlmF,18,Core,TRUE,TRUE,TRUE,Both ponds
rdmC,18,Core,TRUE,TRUE,TRUE,Both ponds
btuD_5,18,Core,TRUE,TRUE,TRUE,Both ponds
rbsC_5,18,Core,TRUE,TRUE,TRUE,Both ponds
purR,18,Core,TRUE,TRUE,TRUE,Both ponds
ilvA_2,18,Core,TRUE,TRUE,TRUE,Both ponds
group_699,18,Core,FALSE,TRUE,TRUE,Both ponds
zntB_2,18,Core,TRUE,TRUE,TRUE,Both ponds
tdh_2,18,Core,TRUE,TRUE,TRUE,Both ponds
group_698,18,Core,FALSE,TRUE,TRUE,Both ponds
group_697,18,Core,FALSE,TRUE,TRUE,Both ponds
group_696,18,Core,FALSE,TRUE,TRUE,Both ponds
group_695,18,Core,FALSE,TRUE,TRUE,Both ponds
ftsX,18,Core,TRUE,TRUE,TRUE,Both ponds
wecH,18,Core,TRUE,TRUE,TRUE,Both ponds
gpsA,18,Core,TRUE,TRUE,TRUE,Both ponds
hemH,18,Core,TRUE,TRUE,TRUE,Both ponds
bamD,18,Core,TRUE,TRUE,TRUE,Both ponds
sohB,18,Core,TRUE,TRUE,TRUE,Both ponds
aruG,18,Core,TRUE,TRUE,TRUE,Both ponds
lipA,18,Core,TRUE,TRUE,TRUE,Both ponds
pyrD,18,Core,TRUE,TRUE,TRUE,Both ponds
amgK,18,Core,TRUE,TRUE,TRUE,Both ponds
tsaD,18,Core,TRUE,TRUE,TRUE,Both ponds
group_693,18,Core,FALSE,TRUE,TRUE,Both ponds
iolW,18,Core,TRUE,TRUE,TRUE,Both ponds
rihA,18,Core,TRUE,TRUE,TRUE,Both ponds
btuD_8,18,Core,TRUE,TRUE,TRUE,Both ponds
group_691,18,Core,FALSE,TRUE,TRUE,Both ponds
potA_3,18,Core,TRUE,TRUE,TRUE,Both ponds
yrbG,18,Core,TRUE,TRUE,TRUE,Both ponds
group_689,18,Core,FALSE,TRUE,TRUE,Both ponds
group_688,18,Core,FALSE,TRUE,TRUE,Both ponds
yhdW_2,18,Core,TRUE,TRUE,TRUE,Both ponds
cmpR_3,18,Core,TRUE,TRUE,TRUE,Both ponds
sasA_20,18,Core,TRUE,TRUE,TRUE,Both ponds
group_687,18,Core,FALSE,TRUE,TRUE,Both ponds
yajO_3,18,Core,TRUE,TRUE,TRUE,Both ponds
selD,18,Core,TRUE,TRUE,TRUE,Both ponds
arnC,18,Core,TRUE,TRUE,TRUE,Both ponds
group_686,18,Core,FALSE,TRUE,TRUE,Both ponds
group_685,18,Core,FALSE,TRUE,TRUE,Both ponds
group_684,18,Core,FALSE,TRUE,TRUE,Both ponds
curA,18,Core,TRUE,TRUE,TRUE,Both ponds
argC,18,Core,TRUE,TRUE,TRUE,Both ponds
pilT,18,Core,TRUE,TRUE,TRUE,Both ponds
aphA,18,Core,TRUE,TRUE,TRUE,Both ponds
group_681,18,Core,FALSE,TRUE,TRUE,Both ponds
mreB,18,Core,TRUE,TRUE,TRUE,Both ponds
group_680,18,Core,FALSE,TRUE,TRUE,Both ponds
dpkA,18,Core,TRUE,TRUE,TRUE,Both ponds
hmuU_2,18,Core,TRUE,TRUE,TRUE,Both ponds
holA,18,Core,TRUE,TRUE,TRUE,Both ponds
group_679,18,Core,FALSE,TRUE,TRUE,Both ponds
group_675,18,Core,FALSE,TRUE,TRUE,Both ponds
tas,18,Core,TRUE,TRUE,TRUE,Both ponds
group_674,18,Core,FALSE,TRUE,TRUE,Both ponds
group_673,18,Core,FALSE,TRUE,TRUE,Both ponds
group_672,18,Core,FALSE,TRUE,TRUE,Both ponds
ltaE_1,18,Core,TRUE,TRUE,TRUE,Both ponds
strB1,18,Core,TRUE,TRUE,TRUE,Both ponds
ada,18,Core,TRUE,TRUE,TRUE,Both ponds
amiE,18,Core,TRUE,TRUE,TRUE,Both ponds
group_669,18,Core,FALSE,TRUE,TRUE,Both ponds
yscU_1,18,Core,TRUE,TRUE,TRUE,Both ponds
group_666,18,Core,FALSE,TRUE,TRUE,Both ponds
group_665,18,Core,FALSE,TRUE,TRUE,Both ponds
ocd,18,Core,TRUE,TRUE,TRUE,Both ponds
pyrC_1,18,Core,TRUE,TRUE,TRUE,Both ponds
group_664,18,Core,FALSE,TRUE,TRUE,Both ponds
group_658,18,Core,FALSE,TRUE,TRUE,Both ponds
group_657,18,Core,FALSE,TRUE,TRUE,Both ponds
group_656,18,Core,FALSE,TRUE,TRUE,Both ponds
hcf136,18,Core,TRUE,TRUE,TRUE,Both ponds
trpD_1,18,Core,TRUE,TRUE,TRUE,Both ponds
hisC_4,18,Core,TRUE,TRUE,TRUE,Both ponds
idnD,18,Core,TRUE,TRUE,TRUE,Both ponds
adhC2,18,Core,TRUE,TRUE,TRUE,Both ponds
group_653,18,Core,FALSE,TRUE,TRUE,Both ponds
cobT,18,Core,TRUE,TRUE,TRUE,Both ponds
bioB,18,Core,TRUE,TRUE,TRUE,Both ponds
epd,18,Core,TRUE,TRUE,TRUE,Both ponds
yejB_1,18,Core,TRUE,TRUE,TRUE,Both ponds
dgcC_2,18,Core,TRUE,TRUE,TRUE,Both ponds
group_651,18,Core,FALSE,TRUE,TRUE,Both ponds
dgcC_1,18,Core,TRUE,TRUE,TRUE,Both ponds
bepA_2,18,Core,TRUE,TRUE,TRUE,Both ponds
bkdA2,18,Core,TRUE,TRUE,TRUE,Both ponds
recA,18,Core,TRUE,TRUE,TRUE,Both ponds
dinB,18,Core,TRUE,TRUE,TRUE,Both ponds
ruvB_2,18,Core,TRUE,TRUE,TRUE,Both ponds
nadA,18,Core,TRUE,TRUE,TRUE,Both ponds
group_650,18,Core,FALSE,TRUE,TRUE,Both ponds
purM,18,Core,TRUE,TRUE,TRUE,Both ponds
group_649,18,Core,FALSE,TRUE,TRUE,Both ponds
ydiK_2,18,Core,TRUE,TRUE,TRUE,Both ponds
group_645,18,Core,FALSE,TRUE,TRUE,Both ponds
rcsC_25,18,Core,TRUE,TRUE,TRUE,Both ponds
group_644,18,Core,FALSE,TRUE,TRUE,Both ponds
group_643,18,Core,FALSE,TRUE,TRUE,Both ponds
nmoA,18,Core,TRUE,TRUE,TRUE,Both ponds
group_639,18,Core,FALSE,TRUE,TRUE,Both ponds
group_638,18,Core,FALSE,TRUE,TRUE,Both ponds
group_637,18,Core,FALSE,TRUE,TRUE,Both ponds
cbbA,18,Core,TRUE,TRUE,TRUE,Both ponds
cysA_1,18,Core,TRUE,TRUE,TRUE,Both ponds
group_635,18,Core,FALSE,TRUE,TRUE,Both ponds
group_634,18,Core,FALSE,TRUE,TRUE,Both ponds
group_633,18,Core,FALSE,TRUE,TRUE,Both ponds
ydiK_1,18,Core,TRUE,TRUE,TRUE,Both ponds
btuD_10,18,Core,TRUE,TRUE,TRUE,Both ponds
yahK,18,Core,TRUE,TRUE,TRUE,Both ponds
group_632,18,Core,FALSE,TRUE,TRUE,Both ponds
murG,18,Core,TRUE,TRUE,TRUE,Both ponds
mtnA,18,Core,TRUE,TRUE,TRUE,Both ponds
group_630,18,Core,FALSE,TRUE,TRUE,Both ponds
yejB_2,18,Core,TRUE,TRUE,TRUE,Both ponds
group_629,18,Core,FALSE,TRUE,TRUE,Both ponds
group_628,18,Core,FALSE,TRUE,TRUE,Both ponds
group_627,18,Core,FALSE,TRUE,TRUE,Both ponds
group_626,18,Core,FALSE,TRUE,TRUE,Both ponds
alr,18,Core,TRUE,TRUE,TRUE,Both ponds
hpd,18,Core,TRUE,TRUE,TRUE,Both ponds
yajO_1,18,Core,TRUE,TRUE,TRUE,Both ponds
aroF_1,18,Core,TRUE,TRUE,TRUE,Both ponds
rlmM,18,Core,TRUE,TRUE,TRUE,Both ponds
group_621,18,Core,FALSE,TRUE,TRUE,Both ponds
group_620,18,Core,FALSE,TRUE,TRUE,Both ponds
aroF_2,18,Core,TRUE,TRUE,TRUE,Both ponds
spuD_3,18,Core,TRUE,TRUE,TRUE,Both ponds
btuD_9,18,Core,TRUE,TRUE,TRUE,Both ponds
eltD_1,18,Core,TRUE,TRUE,TRUE,Both ponds
lptG,18,Core,TRUE,TRUE,TRUE,Both ponds
trmA,18,Core,TRUE,TRUE,TRUE,Both ponds
leuB,18,Core,TRUE,TRUE,TRUE,Both ponds
mraY,18,Core,TRUE,TRUE,TRUE,Both ponds
prfA,18,Core,TRUE,TRUE,TRUE,Both ponds
msuD_1,18,Core,TRUE,TRUE,TRUE,Both ponds
srpA,18,Core,TRUE,TRUE,TRUE,Both ponds
pat,18,Core,TRUE,TRUE,TRUE,Both ponds
nylB,18,Core,TRUE,TRUE,TRUE,Both ponds
gcvT_1,18,Core,TRUE,TRUE,TRUE,Both ponds
sfnG,18,Core,TRUE,TRUE,TRUE,Both ponds
group_618,18,Core,FALSE,TRUE,TRUE,Both ponds
purK,18,Core,TRUE,TRUE,TRUE,Both ponds
group_616,18,Core,FALSE,TRUE,TRUE,Both ponds
ansB,18,Core,TRUE,TRUE,TRUE,Both ponds
spuE_3,18,Core,TRUE,TRUE,TRUE,Both ponds
spuE_2,18,Core,TRUE,TRUE,TRUE,Both ponds
group_615,18,Core,FALSE,TRUE,TRUE,Both ponds
group_614,18,Core,FALSE,TRUE,TRUE,Both ponds
ribBA,18,Core,TRUE,TRUE,TRUE,Both ponds
aroC,18,Core,TRUE,TRUE,TRUE,Both ponds
anmK,18,Core,TRUE,TRUE,TRUE,Both ponds
spuD_1,18,Core,TRUE,TRUE,TRUE,Both ponds
ddlA,18,Core,TRUE,TRUE,TRUE,Both ponds
ugpC_2,18,Core,TRUE,TRUE,TRUE,Both ponds
apbC,18,Core,TRUE,TRUE,TRUE,Both ponds
group_608,18,Core,FALSE,TRUE,TRUE,Both ponds
pheA,18,Core,TRUE,TRUE,TRUE,Both ponds
spuE_1,18,Core,TRUE,TRUE,TRUE,Both ponds
nspC,18,Core,TRUE,TRUE,TRUE,Both ponds
yscU_2,18,Core,TRUE,TRUE,TRUE,Both ponds
sugC,18,Core,TRUE,TRUE,TRUE,Both ponds
hcnC,18,Core,TRUE,TRUE,TRUE,Both ponds
yhdY,18,Core,TRUE,TRUE,TRUE,Both ponds
group_604,18,Core,FALSE,TRUE,TRUE,Both ponds
ychF,18,Core,TRUE,TRUE,TRUE,Both ponds
yhaZ,18,Core,TRUE,TRUE,TRUE,Both ponds
group_602,18,Core,FALSE,TRUE,TRUE,Both ponds
group_601,18,Core,FALSE,TRUE,TRUE,Both ponds
gntR,18,Core,TRUE,TRUE,TRUE,Both ponds
hcr,18,Core,TRUE,TRUE,TRUE,Both ponds
sfnR_1,18,Core,TRUE,TRUE,TRUE,Both ponds
group_599,18,Core,FALSE,TRUE,TRUE,Both ponds
dnaN,18,Core,TRUE,TRUE,TRUE,Both ponds
malK,18,Core,TRUE,TRUE,TRUE,Both ponds
group_598,18,Core,FALSE,TRUE,TRUE,Both ponds
selU,18,Core,TRUE,TRUE,TRUE,Both ponds
group_597,18,Core,FALSE,TRUE,TRUE,Both ponds
nemA_2,18,Core,TRUE,TRUE,TRUE,Both ponds
group_596,18,Core,FALSE,TRUE,TRUE,Both ponds
cdhR_2,18,Core,TRUE,TRUE,TRUE,Both ponds
czcB,18,Core,TRUE,TRUE,TRUE,Both ponds
cdaR,18,Core,TRUE,TRUE,TRUE,Both ponds
zapE_2,18,Core,TRUE,TRUE,TRUE,Both ponds
namA,18,Core,TRUE,TRUE,TRUE,Both ponds
agaA,18,Core,TRUE,TRUE,TRUE,Both ponds
group_591,18,Core,FALSE,TRUE,TRUE,Both ponds
group_590,18,Core,FALSE,TRUE,TRUE,Both ponds
flgI,18,Core,TRUE,TRUE,TRUE,Both ponds
emrA_2,18,Core,TRUE,TRUE,TRUE,Both ponds
algL,18,Core,TRUE,TRUE,TRUE,Both ponds
btuD_7,18,Core,TRUE,TRUE,TRUE,Both ponds
group_588,18,Core,FALSE,TRUE,TRUE,Both ponds
ispG,18,Core,TRUE,TRUE,TRUE,Both ponds
spuD_2,18,Core,TRUE,TRUE,TRUE,Both ponds
hemX,18,Core,TRUE,TRUE,TRUE,Both ponds
asd,18,Core,TRUE,TRUE,TRUE,Both ponds
group_586,18,Core,FALSE,TRUE,TRUE,Both ponds
group_585,18,Core,FALSE,TRUE,TRUE,Both ponds
hisC_3,18,Core,TRUE,TRUE,TRUE,Both ponds
fadJ_2,18,Core,TRUE,TRUE,TRUE,Both ponds
potA_2,18,Core,TRUE,TRUE,TRUE,Both ponds
eltD_2,18,Core,TRUE,TRUE,TRUE,Both ponds
iolG_1,18,Core,TRUE,TRUE,TRUE,Both ponds
bamC,18,Core,TRUE,TRUE,TRUE,Both ponds
caiD,18,Core,TRUE,TRUE,TRUE,Both ponds
lptF,18,Core,TRUE,TRUE,TRUE,Both ponds
yhhJ,18,Core,TRUE,TRUE,TRUE,Both ponds
nemA_3,18,Core,TRUE,TRUE,TRUE,Both ponds
group_583,18,Core,FALSE,TRUE,TRUE,Both ponds
mnmA,18,Core,TRUE,TRUE,TRUE,Both ponds
group_580,18,Core,FALSE,TRUE,TRUE,Both ponds
group_579,18,Core,FALSE,TRUE,TRUE,Both ponds
group_578,18,Core,FALSE,TRUE,TRUE,Both ponds
dnaJ,18,Core,TRUE,TRUE,TRUE,Both ponds
rlmG,18,Core,TRUE,TRUE,TRUE,Both ponds
tgt,18,Core,TRUE,TRUE,TRUE,Both ponds
gcvT_2,18,Core,TRUE,TRUE,TRUE,Both ponds
group_577,18,Core,FALSE,TRUE,TRUE,Both ponds
group_574,18,Core,FALSE,TRUE,TRUE,Both ponds
glpQ,18,Core,TRUE,TRUE,TRUE,Both ponds
mmgC_3,18,Core,TRUE,TRUE,TRUE,Both ponds
phnW,18,Core,TRUE,TRUE,TRUE,Both ponds
catB,18,Core,TRUE,TRUE,TRUE,Both ponds
mdtA_1,18,Core,TRUE,TRUE,TRUE,Both ponds
prpC_2,18,Core,TRUE,TRUE,TRUE,Both ponds
group_571,18,Core,FALSE,TRUE,TRUE,Both ponds
group_570,18,Core,FALSE,TRUE,TRUE,Both ponds
fdtB,18,Core,TRUE,TRUE,TRUE,Both ponds
group_569,18,Core,FALSE,TRUE,TRUE,Both ponds
cheB1,18,Core,TRUE,TRUE,TRUE,Both ponds
sasA_17,18,Core,TRUE,TRUE,TRUE,Both ponds
dauA_1,18,Core,TRUE,TRUE,TRUE,Both ponds
group_568,18,Core,FALSE,TRUE,TRUE,Both ponds
rnd,18,Core,TRUE,TRUE,TRUE,Both ponds
mnmC_1,18,Core,TRUE,TRUE,TRUE,Both ponds
mmgC_5,18,Core,TRUE,TRUE,TRUE,Both ponds
carA,18,Core,TRUE,TRUE,TRUE,Both ponds
ribD,18,Core,TRUE,TRUE,TRUE,Both ponds
flhB_1,18,Core,TRUE,TRUE,TRUE,Both ponds
group_565,18,Core,FALSE,TRUE,TRUE,Both ponds
metXS,18,Core,TRUE,TRUE,TRUE,Both ponds
ampC,18,Core,TRUE,TRUE,TRUE,Both ponds
msuD_2,18,Core,TRUE,TRUE,TRUE,Both ponds
macA_3,18,Core,TRUE,TRUE,TRUE,Both ponds
garK,18,Core,TRUE,TRUE,TRUE,Both ponds
pdxB,18,Core,TRUE,TRUE,TRUE,Both ponds
lldD_1,18,Core,TRUE,TRUE,TRUE,Both ponds
potA_1,18,Core,TRUE,TRUE,TRUE,Both ponds
arnB_1,18,Core,TRUE,TRUE,TRUE,Both ponds
ycaD_1,18,Core,TRUE,TRUE,TRUE,Both ponds
mrdB,18,Core,TRUE,TRUE,TRUE,Both ponds
group_558,18,Core,FALSE,TRUE,TRUE,Both ponds
group_557,18,Core,FALSE,TRUE,TRUE,Both ponds
mro,18,Core,TRUE,TRUE,TRUE,Both ponds
rlmN,18,Core,TRUE,TRUE,TRUE,Both ponds
ybdL,18,Core,TRUE,TRUE,TRUE,Both ponds
sotB_1,18,Core,TRUE,TRUE,TRUE,Both ponds
adhB_1,18,Core,TRUE,TRUE,TRUE,Both ponds
mmgC_1,18,Core,TRUE,TRUE,TRUE,Both ponds
adh1,18,Core,TRUE,TRUE,TRUE,Both ponds
ssuD,18,Core,TRUE,TRUE,TRUE,Both ponds
argE_1,18,Core,TRUE,TRUE,TRUE,Both ponds
alkT,18,Core,TRUE,TRUE,TRUE,Both ponds
ybjJ,18,Core,TRUE,TRUE,TRUE,Both ponds
mmgC_4,18,Core,TRUE,TRUE,TRUE,Both ponds
group_556,18,Core,FALSE,TRUE,TRUE,Both ponds
argE_2,18,Core,TRUE,TRUE,TRUE,Both ponds
pqqE,18,Core,TRUE,TRUE,TRUE,Both ponds
mexA,18,Core,TRUE,TRUE,TRUE,Both ponds
degS,18,Core,TRUE,TRUE,TRUE,Both ponds
emrA_1,18,Core,TRUE,TRUE,TRUE,Both ponds
ttgA,18,Core,TRUE,TRUE,TRUE,Both ponds
pbuE,18,Core,TRUE,TRUE,TRUE,Both ponds
group_551,18,Core,FALSE,TRUE,TRUE,Both ponds
osmV,18,Core,TRUE,TRUE,TRUE,Both ponds
yliI,18,Core,TRUE,TRUE,TRUE,Both ponds
dacC_1,18,Core,TRUE,TRUE,TRUE,Both ponds
yjfC,18,Core,TRUE,TRUE,TRUE,Both ponds
group_549,18,Core,FALSE,TRUE,TRUE,Both ponds
acdA_1,18,Core,TRUE,TRUE,TRUE,Both ponds
iscS_2,18,Core,TRUE,TRUE,TRUE,Both ponds
lldD_2,18,Core,TRUE,TRUE,TRUE,Both ponds
acdA_2,18,Core,TRUE,TRUE,TRUE,Both ponds
group_548,18,Core,FALSE,TRUE,TRUE,Both ponds
ugpC_1,18,Core,TRUE,TRUE,TRUE,Both ponds
hcaT,18,Core,TRUE,TRUE,TRUE,Both ponds
group_547,18,Core,FALSE,TRUE,TRUE,Both ponds
group_545,18,Core,FALSE,TRUE,TRUE,Both ponds
ydbM,18,Core,TRUE,TRUE,TRUE,Both ponds
group_544,18,Core,FALSE,TRUE,TRUE,Both ponds
ldc,18,Core,TRUE,TRUE,TRUE,Both ponds
mmgC_2,18,Core,TRUE,TRUE,TRUE,Both ponds
rsxB,18,Core,TRUE,TRUE,TRUE,Both ponds
ykuI,18,Core,TRUE,TRUE,TRUE,Both ponds
pgk,18,Core,TRUE,TRUE,TRUE,Both ponds
mdtA_8,18,Core,TRUE,TRUE,TRUE,Both ponds
group_542,18,Core,FALSE,TRUE,TRUE,Both ponds
group_541,18,Core,FALSE,TRUE,TRUE,Both ponds
roxA,18,Core,TRUE,TRUE,TRUE,Both ponds
metC,18,Core,TRUE,TRUE,TRUE,Both ponds
mdtA_2,18,Core,TRUE,TRUE,TRUE,Both ponds
group_540,18,Core,FALSE,TRUE,TRUE,Both ponds
gpFI,18,Core,TRUE,TRUE,TRUE,Both ponds
ydhP_1,18,Core,TRUE,TRUE,TRUE,Both ponds
lysN,18,Core,TRUE,TRUE,TRUE,Both ponds
group_539,18,Core,FALSE,TRUE,TRUE,Both ponds
group_534,18,Core,FALSE,TRUE,TRUE,Both ponds
group_533,18,Core,FALSE,TRUE,TRUE,Both ponds
group_532,18,Core,FALSE,TRUE,TRUE,Both ponds
C2hpah,18,Core,TRUE,TRUE,TRUE,Both ponds
argD_2,18,Core,TRUE,TRUE,TRUE,Both ponds
sotB_2,18,Core,TRUE,TRUE,TRUE,Both ponds
macA_1,18,Core,TRUE,TRUE,TRUE,Both ponds
aspC_2,18,Core,TRUE,TRUE,TRUE,Both ponds
group_528,18,Core,FALSE,TRUE,TRUE,Both ponds
mdrP_2,18,Core,TRUE,TRUE,TRUE,Both ponds
yhhS_2,18,Core,TRUE,TRUE,TRUE,Both ponds
pgl_2,18,Core,TRUE,TRUE,TRUE,Both ponds
group_527,18,Core,FALSE,TRUE,TRUE,Both ponds
cefD_1,18,Core,TRUE,TRUE,TRUE,Both ponds
fadA_3,18,Core,TRUE,TRUE,TRUE,Both ponds
fadA_4,18,Core,TRUE,TRUE,TRUE,Both ponds
group_525,18,Core,FALSE,TRUE,TRUE,Both ponds
group_523,18,Core,FALSE,TRUE,TRUE,Both ponds
btuD_1,18,Core,TRUE,TRUE,TRUE,Both ponds
smtB_3,18,Core,TRUE,TRUE,TRUE,Both ponds
phaA,18,Core,TRUE,TRUE,TRUE,Both ponds
group_522,18,Core,FALSE,TRUE,TRUE,Both ponds
hmp,18,Core,TRUE,TRUE,TRUE,Both ponds
purT,18,Core,TRUE,TRUE,TRUE,Both ponds
group_521,18,Core,FALSE,TRUE,TRUE,Both ponds
bioF,18,Core,TRUE,TRUE,TRUE,Both ponds
group_520,18,Core,FALSE,TRUE,TRUE,Both ponds
COQ3_2,18,Core,TRUE,TRUE,TRUE,Both ponds
sotB_3,18,Core,TRUE,TRUE,TRUE,Both ponds
thlA,18,Core,TRUE,TRUE,TRUE,Both ponds
algJ,18,Core,TRUE,TRUE,TRUE,Both ponds
group_519,18,Core,FALSE,TRUE,TRUE,Both ponds
ydhC_2,18,Core,TRUE,TRUE,TRUE,Both ponds
fadA_2,18,Core,TRUE,TRUE,TRUE,Both ponds
group_518,18,Core,FALSE,TRUE,TRUE,Both ponds
group_517,18,Core,FALSE,TRUE,TRUE,Both ponds
group_514,18,Core,FALSE,TRUE,TRUE,Both ponds
sfnC_4,18,Core,TRUE,TRUE,TRUE,Both ponds
mdtA_3,18,Core,TRUE,TRUE,TRUE,Both ponds
nepI_3,18,Core,TRUE,TRUE,TRUE,Both ponds
ydhP_2,18,Core,TRUE,TRUE,TRUE,Both ponds
group_513,18,Core,FALSE,TRUE,TRUE,Both ponds
group_512,18,Core,FALSE,TRUE,TRUE,Both ponds
mltA,18,Core,TRUE,TRUE,TRUE,Both ponds
ubiH,18,Core,TRUE,TRUE,TRUE,Both ponds
mshA_3,18,Core,TRUE,TRUE,TRUE,Both ponds
group_510,18,Core,FALSE,TRUE,TRUE,Both ponds
ydcO,18,Core,TRUE,TRUE,TRUE,Both ponds
group_509,18,Core,FALSE,TRUE,TRUE,Both ponds
mdrP_3,18,Core,TRUE,TRUE,TRUE,Both ponds
rcsC_19,18,Core,TRUE,TRUE,TRUE,Both ponds
rcsC_14,18,Core,TRUE,TRUE,TRUE,Both ponds
tufA,18,Core,TRUE,TRUE,TRUE,Both ponds
fabV,18,Core,TRUE,TRUE,TRUE,Both ponds
pobA,18,Core,TRUE,TRUE,TRUE,Both ponds
smtB_1,18,Core,TRUE,TRUE,TRUE,Both ponds
aspC_1,18,Core,TRUE,TRUE,TRUE,Both ponds
group_506,18,Core,FALSE,TRUE,TRUE,Both ponds
emrA_3,18,Core,TRUE,TRUE,TRUE,Both ponds
yhhS_1,18,Core,TRUE,TRUE,TRUE,Both ponds
tyrB,18,Core,TRUE,TRUE,TRUE,Both ponds
rlmI_1,18,Core,TRUE,TRUE,TRUE,Both ponds
group_504,18,Core,FALSE,TRUE,TRUE,Both ponds
group_503,18,Core,FALSE,TRUE,TRUE,Both ponds
smtB_2,18,Core,TRUE,TRUE,TRUE,Both ponds
tyrS,18,Core,TRUE,TRUE,TRUE,Both ponds
fdhA,18,Core,TRUE,TRUE,TRUE,Both ponds
ydhC_1,18,Core,TRUE,TRUE,TRUE,Both ponds
mltG,18,Core,TRUE,TRUE,TRUE,Both ponds
efeO_2,18,Core,TRUE,TRUE,TRUE,Both ponds
bcr_2,18,Core,TRUE,TRUE,TRUE,Both ponds
group_502,18,Core,FALSE,TRUE,TRUE,Both ponds
ydhP_3,18,Core,TRUE,TRUE,TRUE,Both ponds
hemW,18,Core,TRUE,TRUE,TRUE,Both ponds
ftsZ,18,Core,TRUE,TRUE,TRUE,Both ponds
yciC,18,Core,TRUE,TRUE,TRUE,Both ponds
mdrP_1,18,Core,TRUE,TRUE,TRUE,Both ponds
group_500,18,Core,FALSE,TRUE,TRUE,Both ponds
bamB,18,Core,TRUE,TRUE,TRUE,Both ponds
fadA_1,18,Core,TRUE,TRUE,TRUE,Both ponds
group_496,18,Core,FALSE,TRUE,TRUE,Both ponds
epsF,18,Core,TRUE,TRUE,TRUE,Both ponds
amiC_3,18,Core,TRUE,TRUE,TRUE,Both ponds
amtB_2,18,Core,TRUE,TRUE,TRUE,Both ponds
coaBC,18,Core,TRUE,TRUE,TRUE,Both ponds
metZ_2,18,Core,TRUE,TRUE,TRUE,Both ponds
petB,18,Core,TRUE,TRUE,TRUE,Both ponds
fsr,18,Core,TRUE,TRUE,TRUE,Both ponds
mgtA_1,18,Core,TRUE,TRUE,TRUE,Both ponds
alaC,18,Core,TRUE,TRUE,TRUE,Both ponds
group_494,18,Core,FALSE,TRUE,TRUE,Both ponds
alaA,18,Core,TRUE,TRUE,TRUE,Both ponds
group_493,18,Core,FALSE,TRUE,TRUE,Both ponds
sbnD,18,Core,TRUE,TRUE,TRUE,Both ponds
nasA_2,18,Core,TRUE,TRUE,TRUE,Both ponds
group_492,18,Core,FALSE,TRUE,TRUE,Both ponds
mdtD_3,18,Core,TRUE,TRUE,TRUE,Both ponds
iscS_1,18,Core,TRUE,TRUE,TRUE,Both ponds
sucC,18,Core,TRUE,TRUE,TRUE,Both ponds
atoS,18,Core,TRUE,TRUE,TRUE,Both ponds
group_489,18,Core,FALSE,TRUE,TRUE,Both ponds
dgoD_1,18,Core,TRUE,TRUE,TRUE,Both ponds
macB_2,18,Core,TRUE,TRUE,TRUE,Both ponds
group_488,18,Core,FALSE,TRUE,TRUE,Both ponds
argG,18,Core,TRUE,TRUE,TRUE,Both ponds
argJ,18,Core,TRUE,TRUE,TRUE,Both ponds
moeA,18,Core,TRUE,TRUE,TRUE,Both ponds
group_487,18,Core,FALSE,TRUE,TRUE,Both ponds
entS_1,18,Core,TRUE,TRUE,TRUE,Both ponds
group_486,18,Core,FALSE,TRUE,TRUE,Both ponds
arnB_2,18,Core,TRUE,TRUE,TRUE,Both ponds
fabB,18,Core,TRUE,TRUE,TRUE,Both ponds
czcC,18,Core,TRUE,TRUE,TRUE,Both ponds
sstT,18,Core,TRUE,TRUE,TRUE,Both ponds
aruC,18,Core,TRUE,TRUE,TRUE,Both ponds
group_484,18,Core,FALSE,TRUE,TRUE,Both ponds
group_483,18,Core,FALSE,TRUE,TRUE,Both ponds
lamB,18,Core,TRUE,TRUE,TRUE,Both ponds
group_482,18,Core,FALSE,TRUE,TRUE,Both ponds
fixB,18,Core,TRUE,TRUE,TRUE,Both ponds
sfnC_3,18,Core,TRUE,TRUE,TRUE,Both ponds
obg,18,Core,TRUE,TRUE,TRUE,Both ponds
codA_1,18,Core,TRUE,TRUE,TRUE,Both ponds
ubiI,18,Core,TRUE,TRUE,TRUE,Both ponds
sucB,18,Core,TRUE,TRUE,TRUE,Both ponds
dddP,18,Core,TRUE,TRUE,TRUE,Both ponds
nepI_2,18,Core,TRUE,TRUE,TRUE,Both ponds
nrtA,18,Core,TRUE,TRUE,TRUE,Both ponds
bcr_3,18,Core,TRUE,TRUE,TRUE,Both ponds
cpg2,18,Core,TRUE,TRUE,TRUE,Both ponds
bbsG,18,Core,TRUE,TRUE,TRUE,Both ponds
fmdA,18,Core,TRUE,TRUE,TRUE,Both ponds
cca,18,Core,TRUE,TRUE,TRUE,Both ponds
serA,18,Core,TRUE,TRUE,TRUE,Both ponds
group_476,18,Core,FALSE,TRUE,TRUE,Both ponds
group_475,18,Core,FALSE,TRUE,TRUE,Both ponds
group_474,18,Core,FALSE,TRUE,TRUE,Both ponds
group_473,18,Core,FALSE,TRUE,TRUE,Both ponds
codA_2,18,Core,TRUE,TRUE,TRUE,Both ponds
bkdA1,18,Core,TRUE,TRUE,TRUE,Both ponds
group_471,18,Core,FALSE,TRUE,TRUE,Both ponds
cusB,18,Core,TRUE,TRUE,TRUE,Both ponds
group_469,18,Core,FALSE,TRUE,TRUE,Both ponds
entS_2,18,Core,TRUE,TRUE,TRUE,Both ponds
group_468,18,Core,FALSE,TRUE,TRUE,Both ponds
sfnC_1,18,Core,TRUE,TRUE,TRUE,Both ponds
group_465,18,Core,FALSE,TRUE,TRUE,Both ponds
bepF,18,Core,TRUE,TRUE,TRUE,Both ponds
sbcD,18,Core,TRUE,TRUE,TRUE,Both ponds
dadA1_2,18,Core,TRUE,TRUE,TRUE,Both ponds
hemY,18,Core,TRUE,TRUE,TRUE,Both ponds
fabF_2,18,Core,TRUE,TRUE,TRUE,Both ponds
mdeA,18,Core,TRUE,TRUE,TRUE,Both ponds
group_464,18,Core,FALSE,TRUE,TRUE,Both ponds
lolE_2,18,Core,TRUE,TRUE,TRUE,Both ponds
group_463,18,Core,FALSE,TRUE,TRUE,Both ponds
clcB,18,Core,TRUE,TRUE,TRUE,Both ponds
group_461,18,Core,FALSE,TRUE,TRUE,Both ponds
lysA_1,18,Core,TRUE,TRUE,TRUE,Both ponds
amiC_4,18,Core,TRUE,TRUE,TRUE,Both ponds
nrdB_1,18,Core,TRUE,TRUE,TRUE,Both ponds
kynU,18,Core,TRUE,TRUE,TRUE,Both ponds
davT_1,18,Core,TRUE,TRUE,TRUE,Both ponds
lolE_1,18,Core,TRUE,TRUE,TRUE,Both ponds
group_458,18,Core,FALSE,TRUE,TRUE,Both ponds
soxB,18,Core,TRUE,TRUE,TRUE,Both ponds
sfnC_2,18,Core,TRUE,TRUE,TRUE,Both ponds
rcsC_21,18,Core,TRUE,TRUE,TRUE,Both ponds
glyA_2,18,Core,TRUE,TRUE,TRUE,Both ponds
glyA_1,18,Core,TRUE,TRUE,TRUE,Both ponds
aroA_2,18,Core,TRUE,TRUE,TRUE,Both ponds
group_456,18,Core,FALSE,TRUE,TRUE,Both ponds
icd_1,18,Core,TRUE,TRUE,TRUE,Both ponds
arcA,18,Core,TRUE,TRUE,TRUE,Both ponds
bkdB,18,Core,TRUE,TRUE,TRUE,Both ponds
wspC,18,Core,TRUE,TRUE,TRUE,Both ponds
tolB,18,Core,TRUE,TRUE,TRUE,Both ponds
yihS,18,Core,TRUE,TRUE,TRUE,Both ponds
wzxE,18,Core,TRUE,TRUE,TRUE,Both ponds
group_454,18,Core,FALSE,TRUE,TRUE,Both ponds
argD_1,18,Core,TRUE,TRUE,TRUE,Both ponds
nhaP,18,Core,TRUE,TRUE,TRUE,Both ponds
rho,18,Core,TRUE,TRUE,TRUE,Both ponds
ftsA,18,Core,TRUE,TRUE,TRUE,Both ponds
regB,18,Core,TRUE,TRUE,TRUE,Both ponds
nicP_3,18,Core,TRUE,TRUE,TRUE,Both ponds
clsB,18,Core,TRUE,TRUE,TRUE,Both ponds
dgcN,18,Core,TRUE,TRUE,TRUE,Both ponds
murA,18,Core,TRUE,TRUE,TRUE,Both ponds
oprB_2,18,Core,TRUE,TRUE,TRUE,Both ponds
proA,18,Core,TRUE,TRUE,TRUE,Both ponds
group_452,18,Core,FALSE,TRUE,TRUE,Both ponds
codB,18,Core,TRUE,TRUE,TRUE,Both ponds
group_451,18,Core,FALSE,TRUE,TRUE,Both ponds
yycB_1,18,Core,TRUE,TRUE,TRUE,Both ponds
group_450,18,Core,FALSE,TRUE,TRUE,Both ponds
group_449,18,Core,FALSE,TRUE,TRUE,Both ponds
metK,18,Core,TRUE,TRUE,TRUE,Both ponds
pyrC,18,Core,TRUE,TRUE,TRUE,Both ponds
uraA,18,Core,TRUE,TRUE,TRUE,Both ponds
preA,18,Core,TRUE,TRUE,TRUE,Both ponds
sdaC_2,18,Core,TRUE,TRUE,TRUE,Both ponds
rstB,18,Core,TRUE,TRUE,TRUE,Both ponds
group_446,18,Core,FALSE,TRUE,TRUE,Both ponds
sasA_14,18,Core,TRUE,TRUE,TRUE,Both ponds
group_445,18,Core,FALSE,TRUE,TRUE,Both ponds
alkB1,18,Core,TRUE,TRUE,TRUE,Both ponds
sctC_4,18,Core,TRUE,TRUE,TRUE,Both ponds
serS,18,Core,TRUE,TRUE,TRUE,Both ponds
group_443,18,Core,FALSE,TRUE,TRUE,Both ponds
cefD_2,18,Core,TRUE,TRUE,TRUE,Both ponds
sasA_5,18,Core,TRUE,TRUE,TRUE,Both ponds
ttuD,18,Core,TRUE,TRUE,TRUE,Both ponds
puuB_8,18,Core,TRUE,TRUE,TRUE,Both ponds
arsB,18,Core,TRUE,TRUE,TRUE,Both ponds
clpX,18,Core,TRUE,TRUE,TRUE,Both ponds
hyuC_2,18,Core,TRUE,TRUE,TRUE,Both ponds
hmgA,18,Core,TRUE,TRUE,TRUE,Both ponds
hemL,18,Core,TRUE,TRUE,TRUE,Both ponds
aam_2,18,Core,TRUE,TRUE,TRUE,Both ponds
dadA1_3,18,Core,TRUE,TRUE,TRUE,Both ponds
group_442,18,Core,FALSE,TRUE,TRUE,Both ponds
group_441,18,Core,FALSE,TRUE,TRUE,Both ponds
sdaC_1,18,Core,TRUE,TRUE,TRUE,Both ponds
group_440,18,Core,FALSE,TRUE,TRUE,Both ponds
group_437,18,Core,FALSE,TRUE,TRUE,Both ponds
hemA,18,Core,TRUE,TRUE,TRUE,Both ponds
hisS,18,Core,TRUE,TRUE,TRUE,Both ponds
gltA,18,Core,TRUE,TRUE,TRUE,Both ponds
nicP_2,18,Core,TRUE,TRUE,TRUE,Both ponds
apeB,18,Core,TRUE,TRUE,TRUE,Both ponds
group_436,18,Core,FALSE,TRUE,TRUE,Both ponds
group_435,18,Core,FALSE,TRUE,TRUE,Both ponds
abaF,18,Core,TRUE,TRUE,TRUE,Both ponds
group_434,18,Core,FALSE,TRUE,TRUE,Both ponds
citN_1,18,Core,TRUE,TRUE,TRUE,Both ponds
puuB_1,18,Core,TRUE,TRUE,TRUE,Both ponds
group_433,18,Core,FALSE,TRUE,TRUE,Both ponds
puuB_7,18,Core,TRUE,TRUE,TRUE,Both ponds
adeQ,18,Core,TRUE,TRUE,TRUE,Both ponds
group_432,18,Core,FALSE,TRUE,TRUE,Both ponds
group_431,18,Core,FALSE,TRUE,TRUE,Both ponds
fadI_2,18,Core,TRUE,TRUE,TRUE,Both ponds
ndh,18,Core,TRUE,TRUE,TRUE,Both ponds
puuB_3,18,Core,TRUE,TRUE,TRUE,Both ponds
sasA_6,18,Core,TRUE,TRUE,TRUE,Both ponds
oprD_1,18,Core,TRUE,TRUE,TRUE,Both ponds
group_430,18,Core,FALSE,TRUE,TRUE,Both ponds
proP_2,18,Core,TRUE,TRUE,TRUE,Both ponds
ybdG,18,Core,TRUE,TRUE,TRUE,Both ponds
argA,18,Core,TRUE,TRUE,TRUE,Both ponds
dctA_1,18,Core,TRUE,TRUE,TRUE,Both ponds
sasA_16,18,Core,TRUE,TRUE,TRUE,Both ponds
group_426,18,Core,FALSE,TRUE,TRUE,Both ponds
dadA1_1,18,Core,TRUE,TRUE,TRUE,Both ponds
mdtA_6,18,Core,TRUE,TRUE,TRUE,Both ponds
proP_5,18,Core,TRUE,TRUE,TRUE,Both ponds
sasA_15,18,Core,TRUE,TRUE,TRUE,Both ponds
group_424,18,Core,FALSE,TRUE,TRUE,Both ponds
nicT_2,18,Core,TRUE,TRUE,TRUE,Both ponds
proP_1,18,Core,TRUE,TRUE,TRUE,Both ponds
guaD_1,18,Core,TRUE,TRUE,TRUE,Both ponds
folC,18,Core,TRUE,TRUE,TRUE,Both ponds
efeB,18,Core,TRUE,TRUE,TRUE,Both ponds
dctA_2,18,Core,TRUE,TRUE,TRUE,Both ponds
yihN,18,Core,TRUE,TRUE,TRUE,Both ponds
flgE,18,Core,TRUE,TRUE,TRUE,Both ponds
nicT_3,18,Core,TRUE,TRUE,TRUE,Both ponds
group_422,18,Core,FALSE,TRUE,TRUE,Both ponds
tig,18,Core,TRUE,TRUE,TRUE,Both ponds
yhjE,18,Core,TRUE,TRUE,TRUE,Both ponds
rlhA_2,18,Core,TRUE,TRUE,TRUE,Both ponds
prsE_1,18,Core,TRUE,TRUE,TRUE,Both ponds
puuB_4,18,Core,TRUE,TRUE,TRUE,Both ponds
brnQ,18,Core,TRUE,TRUE,TRUE,Both ponds
group_419,18,Core,FALSE,TRUE,TRUE,Both ponds
bdlA_4,18,Core,TRUE,TRUE,TRUE,Both ponds
group_417,18,Core,FALSE,TRUE,TRUE,Both ponds
flhF,18,Core,TRUE,TRUE,TRUE,Both ponds
group_416,18,Core,FALSE,TRUE,TRUE,Both ponds
nicP_6,18,Core,TRUE,TRUE,TRUE,Both ponds
oprD_5,18,Core,TRUE,TRUE,TRUE,Both ponds
sasA_13,18,Core,TRUE,TRUE,TRUE,Both ponds
hisD,18,Core,TRUE,TRUE,TRUE,Both ponds
mntH,18,Core,TRUE,TRUE,TRUE,Both ponds
hom,18,Core,TRUE,TRUE,TRUE,Both ponds
kgtP_1,18,Core,TRUE,TRUE,TRUE,Both ponds
group_414,18,Core,FALSE,TRUE,TRUE,Both ponds
oprD_7,18,Core,TRUE,TRUE,TRUE,Both ponds
group_411,18,Core,FALSE,TRUE,TRUE,Both ponds
yscN,18,Core,TRUE,TRUE,TRUE,Both ponds
rarA,18,Core,TRUE,TRUE,TRUE,Both ponds
group_410,18,Core,FALSE,TRUE,TRUE,Both ponds
oprD_2,18,Core,TRUE,TRUE,TRUE,Both ponds
abaQ,18,Core,TRUE,TRUE,TRUE,Both ponds
group_409,18,Core,FALSE,TRUE,TRUE,Both ponds
lysA_2,18,Core,TRUE,TRUE,TRUE,Both ponds
sasA_1,18,Core,TRUE,TRUE,TRUE,Both ponds
group_408,18,Core,FALSE,TRUE,TRUE,Both ponds
group_407,18,Core,FALSE,TRUE,TRUE,Both ponds
pepP,18,Core,TRUE,TRUE,TRUE,Both ponds
phoR,18,Core,TRUE,TRUE,TRUE,Both ponds
hisC_6,18,Core,TRUE,TRUE,TRUE,Both ponds
aceA,18,Core,TRUE,TRUE,TRUE,Both ponds
group_406,18,Core,FALSE,TRUE,TRUE,Both ponds
atoC_5,18,Core,TRUE,TRUE,TRUE,Both ponds
puuP,18,Core,TRUE,TRUE,TRUE,Both ponds
group_405,18,Core,FALSE,TRUE,TRUE,Both ponds
dctD_1,18,Core,TRUE,TRUE,TRUE,Both ponds
group_404,18,Core,FALSE,TRUE,TRUE,Both ponds
group_403,18,Core,FALSE,TRUE,TRUE,Both ponds
group_401,18,Core,FALSE,TRUE,TRUE,Both ponds
group_400,18,Core,FALSE,TRUE,TRUE,Both ponds
czcS_1,18,Core,TRUE,TRUE,TRUE,Both ponds
miaB,18,Core,TRUE,TRUE,TRUE,Both ponds
secY,18,Core,TRUE,TRUE,TRUE,Both ponds
ntaA,18,Core,TRUE,TRUE,TRUE,Both ponds
fucP,18,Core,TRUE,TRUE,TRUE,Both ponds
cnbH,18,Core,TRUE,TRUE,TRUE,Both ponds
group_399,18,Core,FALSE,TRUE,TRUE,Both ponds
dgt,18,Core,TRUE,TRUE,TRUE,Both ponds
mtaD,18,Core,TRUE,TRUE,TRUE,Both ponds
nicT_1,18,Core,TRUE,TRUE,TRUE,Both ponds
dctA2,18,Core,TRUE,TRUE,TRUE,Both ponds
tolC_3,18,Core,TRUE,TRUE,TRUE,Both ponds
exuT_1,18,Core,TRUE,TRUE,TRUE,Both ponds
group_398,18,Core,FALSE,TRUE,TRUE,Both ponds
gudD,18,Core,TRUE,TRUE,TRUE,Both ponds
group_397,18,Core,FALSE,TRUE,TRUE,Both ponds
rhlE_3,18,Core,TRUE,TRUE,TRUE,Both ponds
pyrC_2,18,Core,TRUE,TRUE,TRUE,Both ponds
pvdA,18,Core,TRUE,TRUE,TRUE,Both ponds
glmM,18,Core,TRUE,TRUE,TRUE,Both ponds
gdhA,18,Core,TRUE,TRUE,TRUE,Both ponds
glpT,18,Core,TRUE,TRUE,TRUE,Both ponds
group_395,18,Core,FALSE,TRUE,TRUE,Both ponds
mhbT,18,Core,TRUE,TRUE,TRUE,Both ponds
rimO,18,Core,TRUE,TRUE,TRUE,Both ponds
surA,18,Core,TRUE,TRUE,TRUE,Both ponds
amtB_1,18,Core,TRUE,TRUE,TRUE,Both ponds
group_394,18,Core,FALSE,TRUE,TRUE,Both ponds
hcaB_3,18,Core,TRUE,TRUE,TRUE,Both ponds
pssA,18,Core,TRUE,TRUE,TRUE,Both ponds
hcnB,18,Core,TRUE,TRUE,TRUE,Both ponds
sasA_3,18,Core,TRUE,TRUE,TRUE,Both ponds
uacT_1,18,Core,TRUE,TRUE,TRUE,Both ponds
pabB,18,Core,TRUE,TRUE,TRUE,Both ponds
nicP_1,18,Core,TRUE,TRUE,TRUE,Both ponds
phoQ,18,Core,TRUE,TRUE,TRUE,Both ponds
murD,18,Core,TRUE,TRUE,TRUE,Both ponds
adhB_2,18,Core,TRUE,TRUE,TRUE,Both ponds
puuA_4,18,Core,TRUE,TRUE,TRUE,Both ponds
qseC_3,18,Core,TRUE,TRUE,TRUE,Both ponds
astB,18,Core,TRUE,TRUE,TRUE,Both ponds
pmbA,18,Core,TRUE,TRUE,TRUE,Both ponds
rssB_5,18,Core,TRUE,TRUE,TRUE,Both ponds
oprB_1,18,Core,TRUE,TRUE,TRUE,Both ponds
aroH,18,Core,TRUE,TRUE,TRUE,Both ponds
adeP,18,Core,TRUE,TRUE,TRUE,Both ponds
scmP,18,Core,TRUE,TRUE,TRUE,Both ponds
rhlE_2,18,Core,TRUE,TRUE,TRUE,Both ponds
rcsC_22,18,Core,TRUE,TRUE,TRUE,Both ponds
dctD_2,18,Core,TRUE,TRUE,TRUE,Both ponds
mpl,18,Core,TRUE,TRUE,TRUE,Both ponds
gntT_1,18,Core,TRUE,TRUE,TRUE,Both ponds
rlmD,18,Core,TRUE,TRUE,TRUE,Both ponds
frc,18,Core,TRUE,TRUE,TRUE,Both ponds
group_388,18,Core,FALSE,TRUE,TRUE,Both ponds
moxC,18,Core,TRUE,TRUE,TRUE,Both ponds
nuoF,18,Core,TRUE,TRUE,TRUE,Both ponds
group_385,18,Core,FALSE,TRUE,TRUE,Both ponds
bdlA_2,18,Core,TRUE,TRUE,TRUE,Both ponds
mepA,18,Core,TRUE,TRUE,TRUE,Both ponds
group_384,18,Core,FALSE,TRUE,TRUE,Both ponds
puuA_5,18,Core,TRUE,TRUE,TRUE,Both ponds
hrcN,18,Core,TRUE,TRUE,TRUE,Both ponds
bdlA_3,18,Core,TRUE,TRUE,TRUE,Both ponds
garB,18,Core,TRUE,TRUE,TRUE,Both ponds
group_383,18,Core,FALSE,TRUE,TRUE,Both ponds
group_382,18,Core,FALSE,TRUE,TRUE,Both ponds
fliI,18,Core,TRUE,TRUE,TRUE,Both ponds
puuA_2,18,Core,TRUE,TRUE,TRUE,Both ponds
pfeS,18,Core,TRUE,TRUE,TRUE,Both ponds
cusS,18,Core,TRUE,TRUE,TRUE,Both ponds
ttuB_1,18,Core,TRUE,TRUE,TRUE,Both ponds
group_380,18,Core,FALSE,TRUE,TRUE,Both ponds
sasA_21,18,Core,TRUE,TRUE,TRUE,Both ponds
ribZ,18,Core,TRUE,TRUE,TRUE,Both ponds
gudP,18,Core,TRUE,TRUE,TRUE,Both ponds
steT_2,18,Core,TRUE,TRUE,TRUE,Both ponds
yhdG,18,Core,TRUE,TRUE,TRUE,Both ponds
spuC,18,Core,TRUE,TRUE,TRUE,Both ponds
glmU_2,18,Core,TRUE,TRUE,TRUE,Both ponds
group_378,18,Core,FALSE,TRUE,TRUE,Both ponds
proP_3,18,Core,TRUE,TRUE,TRUE,Both ponds
group_377,18,Core,FALSE,TRUE,TRUE,Both ponds
group_376,18,Core,FALSE,TRUE,TRUE,Both ponds
murF,18,Core,TRUE,TRUE,TRUE,Both ponds
mnmE,18,Core,TRUE,TRUE,TRUE,Both ponds
gntT_3,18,Core,TRUE,TRUE,TRUE,Both ponds
purB,18,Core,TRUE,TRUE,TRUE,Both ponds
pcaK_1,18,Core,TRUE,TRUE,TRUE,Both ponds
puuA_3,18,Core,TRUE,TRUE,TRUE,Both ponds
ppnN,18,Core,TRUE,TRUE,TRUE,Both ponds
creD,18,Core,TRUE,TRUE,TRUE,Both ponds
mco,18,Core,TRUE,TRUE,TRUE,Both ponds
fumC_2,18,Core,TRUE,TRUE,TRUE,Both ponds
cbs,18,Core,TRUE,TRUE,TRUE,Both ponds
sdaA_2,18,Core,TRUE,TRUE,TRUE,Both ponds
radA,18,Core,TRUE,TRUE,TRUE,Both ponds
ffh,18,Core,TRUE,TRUE,TRUE,Both ponds
sdaB,18,Core,TRUE,TRUE,TRUE,Both ponds
sdaA_1,18,Core,TRUE,TRUE,TRUE,Both ponds
puuA_1,18,Core,TRUE,TRUE,TRUE,Both ponds
atpD,18,Core,TRUE,TRUE,TRUE,Both ponds
rkpK,18,Core,TRUE,TRUE,TRUE,Both ponds
lpdV,18,Core,TRUE,TRUE,TRUE,Both ponds
xseA,18,Core,TRUE,TRUE,TRUE,Both ponds
atoC_2,18,Core,TRUE,TRUE,TRUE,Both ponds
group_374,18,Core,FALSE,TRUE,TRUE,Both ponds
qseC_2,18,Core,TRUE,TRUE,TRUE,Both ponds
norM,18,Core,TRUE,TRUE,TRUE,Both ponds
opuE,18,Core,TRUE,TRUE,TRUE,Both ponds
hemN,18,Core,TRUE,TRUE,TRUE,Both ponds
ycaD_2,18,Core,TRUE,TRUE,TRUE,Both ponds
group_372,18,Core,FALSE,TRUE,TRUE,Both ponds
sasA_11,18,Core,TRUE,TRUE,TRUE,Both ponds
qseC_1,18,Core,TRUE,TRUE,TRUE,Both ponds
dbpA_1,18,Core,TRUE,TRUE,TRUE,Both ponds
group_371,18,Core,FALSE,TRUE,TRUE,Both ponds
cysS,18,Core,TRUE,TRUE,TRUE,Both ponds
fumC_1,18,Core,TRUE,TRUE,TRUE,Both ponds
tcyP,18,Core,TRUE,TRUE,TRUE,Both ponds
group_369,18,Core,FALSE,TRUE,TRUE,Both ponds
antA,18,Core,TRUE,TRUE,TRUE,Both ponds
sad_1,18,Core,TRUE,TRUE,TRUE,Both ponds
group_368,18,Core,FALSE,TRUE,TRUE,Both ponds
group_367,18,Core,FALSE,TRUE,TRUE,Both ponds
cysG_2,18,Core,TRUE,TRUE,TRUE,Both ponds
group_366,18,Core,FALSE,TRUE,TRUE,Both ponds
group_365,18,Core,FALSE,TRUE,TRUE,Both ponds
davT_2,18,Core,TRUE,TRUE,TRUE,Both ponds
eutB,18,Core,TRUE,TRUE,TRUE,Both ponds
yajR,18,Core,TRUE,TRUE,TRUE,Both ponds
mltF_4,18,Core,TRUE,TRUE,TRUE,Both ponds
sthA,18,Core,TRUE,TRUE,TRUE,Both ponds
group_364,18,Core,FALSE,TRUE,TRUE,Both ponds
argH_1,18,Core,TRUE,TRUE,TRUE,Both ponds
group_363,18,Core,FALSE,TRUE,TRUE,Both ponds
norR_3,18,Core,TRUE,TRUE,TRUE,Both ponds
atoC_4,18,Core,TRUE,TRUE,TRUE,Both ponds
mdtK,18,Core,TRUE,TRUE,TRUE,Both ponds
algC,18,Core,TRUE,TRUE,TRUE,Both ponds
hprS,18,Core,TRUE,TRUE,TRUE,Both ponds
aam_1,18,Core,TRUE,TRUE,TRUE,Both ponds
group_361,18,Core,FALSE,TRUE,TRUE,Both ponds
pcnB,18,Core,TRUE,TRUE,TRUE,Both ponds
aroP_2,18,Core,TRUE,TRUE,TRUE,Both ponds
gntT_2,18,Core,TRUE,TRUE,TRUE,Both ponds
puuB_5,18,Core,TRUE,TRUE,TRUE,Both ponds
norG_3,18,Core,TRUE,TRUE,TRUE,Both ponds
gabP_1,18,Core,TRUE,TRUE,TRUE,Both ponds
bioA,18,Core,TRUE,TRUE,TRUE,Both ponds
group_355,18,Core,FALSE,TRUE,TRUE,Both ponds
norG_5,18,Core,TRUE,TRUE,TRUE,Both ponds
oprD_4,18,Core,TRUE,TRUE,TRUE,Both ponds
murJ_1,18,Core,TRUE,TRUE,TRUE,Both ponds
group_354,18,Core,FALSE,TRUE,TRUE,Both ponds
thrC,18,Core,TRUE,TRUE,TRUE,Both ponds
group_353,18,Core,FALSE,TRUE,TRUE,Both ponds
ahcY,18,Core,TRUE,TRUE,TRUE,Both ponds
mltD,18,Core,TRUE,TRUE,TRUE,Both ponds
norG_6,18,Core,TRUE,TRUE,TRUE,Both ponds
hisC_5,18,Core,TRUE,TRUE,TRUE,Both ponds
proY_2,18,Core,TRUE,TRUE,TRUE,Both ponds
dat,18,Core,TRUE,TRUE,TRUE,Both ponds
fliD,18,Core,TRUE,TRUE,TRUE,Both ponds
group_352,18,Core,FALSE,TRUE,TRUE,Both ponds
imuB,18,Core,TRUE,TRUE,TRUE,Both ponds
ald,18,Core,TRUE,TRUE,TRUE,Both ponds
oprM_4,18,Core,TRUE,TRUE,TRUE,Both ponds
oprM_2,18,Core,TRUE,TRUE,TRUE,Both ponds
ttuE,18,Core,TRUE,TRUE,TRUE,Both ponds
group_349,18,Core,FALSE,TRUE,TRUE,Both ponds
cfiB,18,Core,TRUE,TRUE,TRUE,Both ponds
leuC_2,18,Core,TRUE,TRUE,TRUE,Both ponds
leuC_1,18,Core,TRUE,TRUE,TRUE,Both ponds
atoE,18,Core,TRUE,TRUE,TRUE,Both ponds
kaiC_3,18,Core,TRUE,TRUE,TRUE,Both ponds
ttgC_3,18,Core,TRUE,TRUE,TRUE,Both ponds
group_346,18,Core,FALSE,TRUE,TRUE,Both ponds
oprM_3,18,Core,TRUE,TRUE,TRUE,Both ponds
aroP_1,18,Core,TRUE,TRUE,TRUE,Both ponds
mltF_3,18,Core,TRUE,TRUE,TRUE,Both ponds
ftsY,18,Core,TRUE,TRUE,TRUE,Both ponds
aldA,18,Core,TRUE,TRUE,TRUE,Both ponds
hisC_1,18,Core,TRUE,TRUE,TRUE,Both ponds
norG_1,18,Core,TRUE,TRUE,TRUE,Both ponds
aspA,18,Core,TRUE,TRUE,TRUE,Both ponds
argH_2,18,Core,TRUE,TRUE,TRUE,Both ponds
sbcB,18,Core,TRUE,TRUE,TRUE,Both ponds
arcD_2,18,Core,TRUE,TRUE,TRUE,Both ponds
arcD_1,18,Core,TRUE,TRUE,TRUE,Both ponds
oprM_1,18,Core,TRUE,TRUE,TRUE,Both ponds
hsrA,18,Core,TRUE,TRUE,TRUE,Both ponds
calB,18,Core,TRUE,TRUE,TRUE,Both ponds
group_342,18,Core,FALSE,TRUE,TRUE,Both ponds
group_341,18,Core,FALSE,TRUE,TRUE,Both ponds
gadA,18,Core,TRUE,TRUE,TRUE,Both ponds
davD_1,18,Core,TRUE,TRUE,TRUE,Both ponds
group_340,18,Core,FALSE,TRUE,TRUE,Both ponds
aprA_1,18,Core,TRUE,TRUE,TRUE,Both ponds
arnT_1,18,Core,TRUE,TRUE,TRUE,Both ponds
potE,18,Core,TRUE,TRUE,TRUE,Both ponds
bepA_1,18,Core,TRUE,TRUE,TRUE,Both ponds
ccoN1_2,18,Core,TRUE,TRUE,TRUE,Both ponds
czcS_2,18,Core,TRUE,TRUE,TRUE,Both ponds
group_339,18,Core,FALSE,TRUE,TRUE,Both ponds
lpdG,18,Core,TRUE,TRUE,TRUE,Both ponds
clsA,18,Core,TRUE,TRUE,TRUE,Both ponds
group_338,18,Core,FALSE,TRUE,TRUE,Both ponds
group_337,18,Core,FALSE,TRUE,TRUE,Both ponds
dht,18,Core,TRUE,TRUE,TRUE,Both ponds
zraR,18,Core,TRUE,TRUE,TRUE,Both ponds
cydA,18,Core,TRUE,TRUE,TRUE,Both ponds
group_336,18,Core,FALSE,TRUE,TRUE,Both ponds
norG_2,18,Core,TRUE,TRUE,TRUE,Both ponds
creC,18,Core,TRUE,TRUE,TRUE,Both ponds
group_334,18,Core,FALSE,TRUE,TRUE,Both ponds
tldD,18,Core,TRUE,TRUE,TRUE,Both ponds
group_333,18,Core,FALSE,TRUE,TRUE,Both ponds
treP,18,Core,TRUE,TRUE,TRUE,Both ponds
gbsA,18,Core,TRUE,TRUE,TRUE,Both ponds
degP,18,Core,TRUE,TRUE,TRUE,Both ponds
pucI_2,18,Core,TRUE,TRUE,TRUE,Both ponds
ccoN1_1,18,Core,TRUE,TRUE,TRUE,Both ponds
group_331,18,Core,FALSE,TRUE,TRUE,Both ponds
murC,18,Core,TRUE,TRUE,TRUE,Both ponds
phrB_2,18,Core,TRUE,TRUE,TRUE,Both ponds
group_328,18,Core,FALSE,TRUE,TRUE,Both ponds
gatB,18,Core,TRUE,TRUE,TRUE,Both ponds
aldHT,18,Core,TRUE,TRUE,TRUE,Both ponds
group_327,18,Core,FALSE,TRUE,TRUE,Both ponds
fliC,18,Core,TRUE,TRUE,TRUE,Both ponds
cat,18,Core,TRUE,TRUE,TRUE,Both ponds
group_326,18,Core,FALSE,TRUE,TRUE,Both ponds
group_325,18,Core,FALSE,TRUE,TRUE,Both ponds
group_324,18,Core,FALSE,TRUE,TRUE,Both ponds
ttgF,18,Core,TRUE,TRUE,TRUE,Both ponds
group_323,18,Core,FALSE,TRUE,TRUE,Both ponds
pykA,18,Core,TRUE,TRUE,TRUE,Both ponds
cobQ,18,Core,TRUE,TRUE,TRUE,Both ponds
alsT,18,Core,TRUE,TRUE,TRUE,Both ponds
trkI,18,Core,TRUE,TRUE,TRUE,Both ponds
rng,18,Core,TRUE,TRUE,TRUE,Both ponds
algX,18,Core,TRUE,TRUE,TRUE,Both ponds
ttgC_1,18,Core,TRUE,TRUE,TRUE,Both ponds
algA_2,18,Core,TRUE,TRUE,TRUE,Both ponds
xylB_2,18,Core,TRUE,TRUE,TRUE,Both ponds
betB_2,18,Core,TRUE,TRUE,TRUE,Both ponds
murE,18,Core,TRUE,TRUE,TRUE,Both ponds
nuoN,18,Core,TRUE,TRUE,TRUE,Both ponds
amn,18,Core,TRUE,TRUE,TRUE,Both ponds
dan,18,Core,TRUE,TRUE,TRUE,Both ponds
gap2,18,Core,TRUE,TRUE,TRUE,Both ponds
group_318,18,Core,FALSE,TRUE,TRUE,Both ponds
astD,18,Core,TRUE,TRUE,TRUE,Both ponds
sasA_12,18,Core,TRUE,TRUE,TRUE,Both ponds
algD,18,Core,TRUE,TRUE,TRUE,Both ponds
zwf_1,18,Core,TRUE,TRUE,TRUE,Both ponds
group_317,18,Core,FALSE,TRUE,TRUE,Both ponds
ubiD,18,Core,TRUE,TRUE,TRUE,Both ponds
ttgC_2,18,Core,TRUE,TRUE,TRUE,Both ponds
rhlB_1,18,Core,TRUE,TRUE,TRUE,Both ponds
der,18,Core,TRUE,TRUE,TRUE,Both ponds
guaB,18,Core,TRUE,TRUE,TRUE,Both ponds
sasA_4,18,Core,TRUE,TRUE,TRUE,Both ponds
betB_1,18,Core,TRUE,TRUE,TRUE,Both ponds
oprM_5,18,Core,TRUE,TRUE,TRUE,Both ponds
norR_1,18,Core,TRUE,TRUE,TRUE,Both ponds
group_313,18,Core,FALSE,TRUE,TRUE,Both ponds
norG_4,18,Core,TRUE,TRUE,TRUE,Both ponds
group_311,18,Core,FALSE,TRUE,TRUE,Both ponds
sctC_1,18,Core,TRUE,TRUE,TRUE,Both ponds
nusA,18,Core,TRUE,TRUE,TRUE,Both ponds
group_309,18,Core,FALSE,TRUE,TRUE,Both ponds
gltX,18,Core,TRUE,TRUE,TRUE,Both ponds
trpE,18,Core,TRUE,TRUE,TRUE,Both ponds
prpD,18,Core,TRUE,TRUE,TRUE,Both ponds
rbsA_3,18,Core,TRUE,TRUE,TRUE,Both ponds
group_306,18,Core,FALSE,TRUE,TRUE,Both ponds
group_305,18,Core,FALSE,TRUE,TRUE,Both ponds
pucI_3,18,Core,TRUE,TRUE,TRUE,Both ponds
feaB_1,18,Core,TRUE,TRUE,TRUE,Both ponds
algE,18,Core,TRUE,TRUE,TRUE,Both ponds
group_303,18,Core,FALSE,TRUE,TRUE,Both ponds
pepA,18,Core,TRUE,TRUE,TRUE,Both ponds
group_302,18,Core,FALSE,TRUE,TRUE,Both ponds
group_301,18,Core,FALSE,TRUE,TRUE,Both ponds
group_300,18,Core,FALSE,TRUE,TRUE,Both ponds
puuC,18,Core,TRUE,TRUE,TRUE,Both ponds
malT_2,18,Core,TRUE,TRUE,TRUE,Both ponds
comM,18,Core,TRUE,TRUE,TRUE,Both ponds
group_299,18,Core,FALSE,TRUE,TRUE,Both ponds
bauC_2,18,Core,TRUE,TRUE,TRUE,Both ponds
steT_1,18,Core,TRUE,TRUE,TRUE,Both ponds
araG_1,18,Core,TRUE,TRUE,TRUE,Both ponds
kaiC_2,18,Core,TRUE,TRUE,TRUE,Both ponds
proP_4,18,Core,TRUE,TRUE,TRUE,Both ponds
lysU,18,Core,TRUE,TRUE,TRUE,Both ponds
uacT_2,18,Core,TRUE,TRUE,TRUE,Both ponds
ppx,18,Core,TRUE,TRUE,TRUE,Both ponds
purF,18,Core,TRUE,TRUE,TRUE,Both ponds
glpK,18,Core,TRUE,TRUE,TRUE,Both ponds
mqo_2,18,Core,TRUE,TRUE,TRUE,Both ponds
tyrR_2,18,Core,TRUE,TRUE,TRUE,Both ponds
ttgI,18,Core,TRUE,TRUE,TRUE,Both ponds
mdtD_1,18,Core,TRUE,TRUE,TRUE,Both ponds
group_295,18,Core,FALSE,TRUE,TRUE,Both ponds
group_294,18,Core,FALSE,TRUE,TRUE,Both ponds
ilvA_1,18,Core,TRUE,TRUE,TRUE,Both ponds
arnT_2,18,Core,TRUE,TRUE,TRUE,Both ponds
algK,18,Core,TRUE,TRUE,TRUE,Both ponds
mmsA_1,18,Core,TRUE,TRUE,TRUE,Both ponds
bmr3,18,Core,TRUE,TRUE,TRUE,Both ponds
group_293,18,Core,FALSE,TRUE,TRUE,Both ponds
dnaA,18,Core,TRUE,TRUE,TRUE,Both ponds
xylB_1,18,Core,TRUE,TRUE,TRUE,Both ponds
adh_1,18,Core,TRUE,TRUE,TRUE,Both ponds
zwf_2,18,Core,TRUE,TRUE,TRUE,Both ponds
lnt,18,Core,TRUE,TRUE,TRUE,Both ponds
fumA,18,Core,TRUE,TRUE,TRUE,Both ponds
araG_2,18,Core,TRUE,TRUE,TRUE,Both ponds
group_291,18,Core,FALSE,TRUE,TRUE,Both ponds
emrB_2,18,Core,TRUE,TRUE,TRUE,Both ponds
nuoM,18,Core,TRUE,TRUE,TRUE,Both ponds
rbsA_2,18,Core,TRUE,TRUE,TRUE,Both ponds
group_290,18,Core,FALSE,TRUE,TRUE,Both ponds
group_289,18,Core,FALSE,TRUE,TRUE,Both ponds
group_288,18,Core,FALSE,TRUE,TRUE,Both ponds
lcfB,18,Core,TRUE,TRUE,TRUE,Both ponds
group_285,18,Core,FALSE,TRUE,TRUE,Both ponds
murJ_2,18,Core,TRUE,TRUE,TRUE,Both ponds
phrB_1,18,Core,TRUE,TRUE,TRUE,Both ponds
glpD,18,Core,TRUE,TRUE,TRUE,Both ponds
phoD_1,18,Core,TRUE,TRUE,TRUE,Both ponds
katB,18,Core,TRUE,TRUE,TRUE,Both ponds
atpA,18,Core,TRUE,TRUE,TRUE,Both ponds
norR_2,18,Core,TRUE,TRUE,TRUE,Both ponds
gabR_1,18,Core,TRUE,TRUE,TRUE,Both ponds
group_280,18,Core,FALSE,TRUE,TRUE,Both ponds
rbsA_4,18,Core,TRUE,TRUE,TRUE,Both ponds
araG_3,18,Core,TRUE,TRUE,TRUE,Both ponds
garD,18,Core,TRUE,TRUE,TRUE,Both ponds
emrB_1,18,Core,TRUE,TRUE,TRUE,Both ponds
group_277,18,Core,FALSE,TRUE,TRUE,Both ponds
glgA,18,Core,TRUE,TRUE,TRUE,Both ponds
group_276,18,Core,FALSE,TRUE,TRUE,Both ponds
btuD_4,18,Core,TRUE,TRUE,TRUE,Both ponds
group_275,18,Core,FALSE,TRUE,TRUE,Both ponds
ybiT,18,Core,TRUE,TRUE,TRUE,Both ponds
tyrR_1,18,Core,TRUE,TRUE,TRUE,Both ponds
group_274,18,Core,FALSE,TRUE,TRUE,Both ponds
group_273,18,Core,FALSE,TRUE,TRUE,Both ponds
ahpF,18,Core,TRUE,TRUE,TRUE,Both ponds
aer,18,Core,TRUE,TRUE,TRUE,Both ponds
clsC,18,Core,TRUE,TRUE,TRUE,Both ponds
yejF_1,18,Core,TRUE,TRUE,TRUE,Both ponds
phoD_2,18,Core,TRUE,TRUE,TRUE,Both ponds
algG,18,Core,TRUE,TRUE,TRUE,Both ponds
group_272,18,Core,FALSE,TRUE,TRUE,Both ponds
group_271,18,Core,FALSE,TRUE,TRUE,Both ponds
guaA,18,Core,TRUE,TRUE,TRUE,Both ponds
group_270,18,Core,FALSE,TRUE,TRUE,Both ponds
group_269,18,Core,FALSE,TRUE,TRUE,Both ponds
group_267,18,Core,FALSE,TRUE,TRUE,Both ponds
glpE_3,18,Core,TRUE,TRUE,TRUE,Both ponds
prfC,18,Core,TRUE,TRUE,TRUE,Both ponds
group_266,18,Core,FALSE,TRUE,TRUE,Both ponds
group_265,18,Core,FALSE,TRUE,TRUE,Both ponds
ycbB,18,Core,TRUE,TRUE,TRUE,Both ponds
group_263,18,Core,FALSE,TRUE,TRUE,Both ponds
dppA_1,18,Core,TRUE,TRUE,TRUE,Both ponds
group_262,18,Core,FALSE,TRUE,TRUE,Both ponds
ywrD,18,Core,TRUE,TRUE,TRUE,Both ponds
group_261,18,Core,FALSE,TRUE,TRUE,Both ponds
dppA_2,18,Core,TRUE,TRUE,TRUE,Both ponds
group_259,18,Core,FALSE,TRUE,TRUE,Both ponds
dppA_5,18,Core,TRUE,TRUE,TRUE,Both ponds
dppA_3,18,Core,TRUE,TRUE,TRUE,Both ponds
aruI_2,18,Core,TRUE,TRUE,TRUE,Both ponds
group_257,18,Core,FALSE,TRUE,TRUE,Both ponds
sasA_22,18,Core,TRUE,TRUE,TRUE,Both ponds
betA_2,18,Core,TRUE,TRUE,TRUE,Both ponds
yejF_2,18,Core,TRUE,TRUE,TRUE,Both ponds
pucI_1,18,Core,TRUE,TRUE,TRUE,Both ponds
gapN,18,Core,TRUE,TRUE,TRUE,Both ponds
pitA_1,18,Core,TRUE,TRUE,TRUE,Both ponds
nadB,18,Core,TRUE,TRUE,TRUE,Both ponds
accA_1,18,Core,TRUE,TRUE,TRUE,Both ponds
group_255,18,Core,FALSE,TRUE,TRUE,Both ponds
group_254,18,Core,FALSE,TRUE,TRUE,Both ponds
group_253,18,Core,FALSE,TRUE,TRUE,Both ponds
nanT_2,18,Core,TRUE,TRUE,TRUE,Both ponds
group_252,18,Core,FALSE,TRUE,TRUE,Both ponds
group_251,18,Core,FALSE,TRUE,TRUE,Both ponds
group_250,18,Core,FALSE,TRUE,TRUE,Both ponds
yveA,18,Core,TRUE,TRUE,TRUE,Both ponds
group_247,18,Core,FALSE,TRUE,TRUE,Both ponds
mdoD,18,Core,TRUE,TRUE,TRUE,Both ponds
aruI_1,18,Core,TRUE,TRUE,TRUE,Both ponds
group_246,18,Core,FALSE,TRUE,TRUE,Both ponds
ctpH,18,Core,TRUE,TRUE,TRUE,Both ponds
dppA_4,18,Core,TRUE,TRUE,TRUE,Both ponds
fadD3,18,Core,TRUE,TRUE,TRUE,Both ponds
group_242,18,Core,FALSE,TRUE,TRUE,Both ponds
mcpP_1,18,Core,TRUE,TRUE,TRUE,Both ponds
ettA_2,18,Core,TRUE,TRUE,TRUE,Both ponds
gsiA,18,Core,TRUE,TRUE,TRUE,Both ponds
group_241,18,Core,FALSE,TRUE,TRUE,Both ponds
fan1,18,Core,TRUE,TRUE,TRUE,Both ponds
pgm,18,Core,TRUE,TRUE,TRUE,Both ponds
alkJ_2,18,Core,TRUE,TRUE,TRUE,Both ponds
group_239,18,Core,FALSE,TRUE,TRUE,Both ponds
treA,18,Core,TRUE,TRUE,TRUE,Both ponds
groL,18,Core,TRUE,TRUE,TRUE,Both ponds
pqiB,18,Core,TRUE,TRUE,TRUE,Both ponds
group_238,18,Core,FALSE,TRUE,TRUE,Both ponds
acsA_2,18,Core,TRUE,TRUE,TRUE,Both ponds
aidB,18,Core,TRUE,TRUE,TRUE,Both ponds
yojI,18,Core,TRUE,TRUE,TRUE,Both ponds
arnT_4,18,Core,TRUE,TRUE,TRUE,Both ponds
arnT_3,18,Core,TRUE,TRUE,TRUE,Both ponds
mqo_1,18,Core,TRUE,TRUE,TRUE,Both ponds
sir,18,Core,TRUE,TRUE,TRUE,Both ponds
actP,18,Core,TRUE,TRUE,TRUE,Both ponds
group_230,18,Core,FALSE,TRUE,TRUE,Both ponds
pgi,18,Core,TRUE,TRUE,TRUE,Both ponds
ettA_1,18,Core,TRUE,TRUE,TRUE,Both ponds
group_229,18,Core,FALSE,TRUE,TRUE,Both ponds
ligB,18,Core,TRUE,TRUE,TRUE,Both ponds
group_228,18,Core,FALSE,TRUE,TRUE,Both ponds
rcsC_20,18,Core,TRUE,TRUE,TRUE,Both ponds
pknD_2,18,Core,TRUE,TRUE,TRUE,Both ponds
madA,18,Core,TRUE,TRUE,TRUE,Both ponds
group_226,18,Core,FALSE,TRUE,TRUE,Both ponds
recN,18,Core,TRUE,TRUE,TRUE,Both ponds
deaD,18,Core,TRUE,TRUE,TRUE,Both ponds
yidC,18,Core,TRUE,TRUE,TRUE,Both ponds
mcpP_2,18,Core,TRUE,TRUE,TRUE,Both ponds
leuA,18,Core,TRUE,TRUE,TRUE,Both ponds
group_221,18,Core,FALSE,TRUE,TRUE,Both ponds
mrpD,18,Core,TRUE,TRUE,TRUE,Both ponds
fadD_2,18,Core,TRUE,TRUE,TRUE,Both ponds
aknOx,18,Core,TRUE,TRUE,TRUE,Both ponds
fadD_1,18,Core,TRUE,TRUE,TRUE,Both ponds
group_220,18,Core,FALSE,TRUE,TRUE,Both ponds
glcA,18,Core,TRUE,TRUE,TRUE,Both ponds
kdpA_1,18,Core,TRUE,TRUE,TRUE,Both ponds
rpsA,18,Core,TRUE,TRUE,TRUE,Both ponds
tamA,18,Core,TRUE,TRUE,TRUE,Both ponds
QRSL1,18,Core,TRUE,TRUE,TRUE,Both ponds
group_218,18,Core,FALSE,TRUE,TRUE,Both ponds
glnS,18,Core,TRUE,TRUE,TRUE,Both ponds
fadD_3,18,Core,TRUE,TRUE,TRUE,Both ponds
iaaM,18,Core,TRUE,TRUE,TRUE,Both ponds
betA_1,18,Core,TRUE,TRUE,TRUE,Both ponds
kdpA_2,18,Core,TRUE,TRUE,TRUE,Both ponds
gamP,18,Core,TRUE,TRUE,TRUE,Both ponds
recJ,18,Core,TRUE,TRUE,TRUE,Both ponds
shlB_3,18,Core,TRUE,TRUE,TRUE,Both ponds
rcsC_26,18,Core,TRUE,TRUE,TRUE,Both ponds
group_217,18,Core,FALSE,TRUE,TRUE,Both ponds
group_216,18,Core,FALSE,TRUE,TRUE,Both ponds
aceK,18,Core,TRUE,TRUE,TRUE,Both ponds
proS,18,Core,TRUE,TRUE,TRUE,Both ponds
group_215,18,Core,FALSE,TRUE,TRUE,Both ponds
fruA,18,Core,TRUE,TRUE,TRUE,Both ponds
group_214,18,Core,FALSE,TRUE,TRUE,Both ponds
kefC_1,18,Core,TRUE,TRUE,TRUE,Both ponds
rcsC_5,18,Core,TRUE,TRUE,TRUE,Both ponds
poxB,18,Core,TRUE,TRUE,TRUE,Both ponds
bepA_3,18,Core,TRUE,TRUE,TRUE,Both ponds
bacA,18,Core,TRUE,TRUE,TRUE,Both ponds
ggt_1,18,Core,TRUE,TRUE,TRUE,Both ponds
ilvI,18,Core,TRUE,TRUE,TRUE,Both ponds
group_212,18,Core,FALSE,TRUE,TRUE,Both ponds
aspT,18,Core,TRUE,TRUE,TRUE,Both ponds
araC,18,Core,TRUE,TRUE,TRUE,Both ponds
group_209,18,Core,FALSE,TRUE,TRUE,Both ponds
pepV,18,Core,TRUE,TRUE,TRUE,Both ponds
group_208,18,Core,FALSE,TRUE,TRUE,Both ponds
eptC,18,Core,TRUE,TRUE,TRUE,Both ponds
group_207,18,Core,FALSE,TRUE,TRUE,Both ponds
ftsI,18,Core,TRUE,TRUE,TRUE,Both ponds
treZ,18,Core,TRUE,TRUE,TRUE,Both ponds
dsbD,18,Core,TRUE,TRUE,TRUE,Both ponds
group_206,18,Core,FALSE,TRUE,TRUE,Both ponds
gshAB,18,Core,TRUE,TRUE,TRUE,Both ponds
prsD,18,Core,TRUE,TRUE,TRUE,Both ponds
ynbC,18,Core,TRUE,TRUE,TRUE,Both ponds
dipZ,18,Core,TRUE,TRUE,TRUE,Both ponds
kefB,18,Core,TRUE,TRUE,TRUE,Both ponds
dctB_1,18,Core,TRUE,TRUE,TRUE,Both ponds
msbA_1,18,Core,TRUE,TRUE,TRUE,Both ponds
group_202,18,Core,FALSE,TRUE,TRUE,Both ponds
sdhA,18,Core,TRUE,TRUE,TRUE,Both ponds
atzF,18,Core,TRUE,TRUE,TRUE,Both ponds
asnB,18,Core,TRUE,TRUE,TRUE,Both ponds
dmdC_2,18,Core,TRUE,TRUE,TRUE,Both ponds
aspS,18,Core,TRUE,TRUE,TRUE,Both ponds
gcl,18,Core,TRUE,TRUE,TRUE,Both ponds
fliF,18,Core,TRUE,TRUE,TRUE,Both ponds
sasA_9,18,Core,TRUE,TRUE,TRUE,Both ponds
group_201,18,Core,FALSE,TRUE,TRUE,Both ponds
dmdC_3,18,Core,TRUE,TRUE,TRUE,Both ponds
nuoC,18,Core,TRUE,TRUE,TRUE,Both ponds
group_197,18,Core,FALSE,TRUE,TRUE,Both ponds
lepA,18,Core,TRUE,TRUE,TRUE,Both ponds
dmdC_1,18,Core,TRUE,TRUE,TRUE,Both ponds
group_194,18,Core,FALSE,TRUE,TRUE,Both ponds
group_193,18,Core,FALSE,TRUE,TRUE,Both ponds
kefC_2,18,Core,TRUE,TRUE,TRUE,Both ponds
oadA,18,Core,TRUE,TRUE,TRUE,Both ponds
lpoA,18,Core,TRUE,TRUE,TRUE,Both ponds
group_192,18,Core,FALSE,TRUE,TRUE,Both ponds
ggt_2,18,Core,TRUE,TRUE,TRUE,Both ponds
sasA_10,18,Core,TRUE,TRUE,TRUE,Both ponds
bmrA,18,Core,TRUE,TRUE,TRUE,Both ponds
dap,18,Core,TRUE,TRUE,TRUE,Both ponds
uvrC,18,Core,TRUE,TRUE,TRUE,Both ponds
group_191,18,Core,FALSE,TRUE,TRUE,Both ponds
group_190,18,Core,FALSE,TRUE,TRUE,Both ponds
edd,18,Core,TRUE,TRUE,TRUE,Both ponds
group_189,18,Core,FALSE,TRUE,TRUE,Both ponds
group_188,18,Core,FALSE,TRUE,TRUE,Both ponds
glmS,18,Core,TRUE,TRUE,TRUE,Both ponds
acoR_2,18,Core,TRUE,TRUE,TRUE,Both ponds
sgrR,18,Core,TRUE,TRUE,TRUE,Both ponds
novN,18,Core,TRUE,TRUE,TRUE,Both ponds
ilvD,18,Core,TRUE,TRUE,TRUE,Both ponds
rpoD,18,Core,TRUE,TRUE,TRUE,Both ponds
nuoL,18,Core,TRUE,TRUE,TRUE,Both ponds
group_184,18,Core,FALSE,TRUE,TRUE,Both ponds
group_183,18,Core,FALSE,TRUE,TRUE,Both ponds
group_182,18,Core,FALSE,TRUE,TRUE,Both ponds
group_181,18,Core,FALSE,TRUE,TRUE,Both ponds
group_180,18,Core,FALSE,TRUE,TRUE,Both ponds
appA,18,Core,TRUE,TRUE,TRUE,Both ponds
hscA,18,Core,TRUE,TRUE,TRUE,Both ponds
glpE_2,18,Core,TRUE,TRUE,TRUE,Both ponds
group_178,18,Core,FALSE,TRUE,TRUE,Both ponds
aroB_2,18,Core,TRUE,TRUE,TRUE,Both ponds
group_177,18,Core,FALSE,TRUE,TRUE,Both ponds
secD,18,Core,TRUE,TRUE,TRUE,Both ponds
lplT,18,Core,TRUE,TRUE,TRUE,Both ponds
ppiD,18,Core,TRUE,TRUE,TRUE,Both ponds
group_175,18,Core,FALSE,TRUE,TRUE,Both ponds
cadA_2,18,Core,TRUE,TRUE,TRUE,Both ponds
mnmG,18,Core,TRUE,TRUE,TRUE,Both ponds
mrdA_2,18,Core,TRUE,TRUE,TRUE,Both ponds
pctA_1,18,Core,TRUE,TRUE,TRUE,Both ponds
btuB_6,18,Core,TRUE,TRUE,TRUE,Both ponds
group_174,18,Core,FALSE,TRUE,TRUE,Both ponds
cysNC_2,18,Core,TRUE,TRUE,TRUE,Both ponds
mrdA_1,18,Core,TRUE,TRUE,TRUE,Both ponds
dxs,18,Core,TRUE,TRUE,TRUE,Both ponds
group_172,18,Core,FALSE,TRUE,TRUE,Both ponds
rcsC_29,18,Core,TRUE,TRUE,TRUE,Both ponds
dctB_2,18,Core,TRUE,TRUE,TRUE,Both ponds
kup,18,Core,TRUE,TRUE,TRUE,Both ponds
group_171,18,Core,FALSE,TRUE,TRUE,Both ponds
rhlE_1,18,Core,TRUE,TRUE,TRUE,Both ponds
htpG,18,Core,TRUE,TRUE,TRUE,Both ponds
acoR_1,18,Core,TRUE,TRUE,TRUE,Both ponds
yheS,18,Core,TRUE,TRUE,TRUE,Both ponds
dnaK_2,18,Core,TRUE,TRUE,TRUE,Both ponds
ftsH_1,18,Core,TRUE,TRUE,TRUE,Both ponds
mcpS,18,Core,TRUE,TRUE,TRUE,Both ponds
uup,18,Core,TRUE,TRUE,TRUE,Both ponds
thrS,18,Core,TRUE,TRUE,TRUE,Both ponds
accA1_1,18,Core,TRUE,TRUE,TRUE,Both ponds
estA,18,Core,TRUE,TRUE,TRUE,Both ponds
group_169,18,Core,FALSE,TRUE,TRUE,Both ponds
group_168,18,Core,FALSE,TRUE,TRUE,Both ponds
group_166,18,Core,FALSE,TRUE,TRUE,Both ponds
accA1_2,18,Core,TRUE,TRUE,TRUE,Both ponds
group_165,18,Core,FALSE,TRUE,TRUE,Both ponds
slt,18,Core,TRUE,TRUE,TRUE,Both ponds
iolD,18,Core,TRUE,TRUE,TRUE,Both ponds
group_164,18,Core,FALSE,TRUE,TRUE,Both ponds
iolC,18,Core,TRUE,TRUE,TRUE,Both ponds
acsA_1,18,Core,TRUE,TRUE,TRUE,Both ponds
vgrG1_1,18,Core,TRUE,TRUE,TRUE,Both ponds
group_163,18,Core,FALSE,TRUE,TRUE,Both ponds
mdoB_2,18,Core,TRUE,TRUE,TRUE,Both ponds
acs_1,18,Core,TRUE,TRUE,TRUE,Both ponds
macB_3,18,Core,TRUE,TRUE,TRUE,Both ponds
topB,18,Core,TRUE,TRUE,TRUE,Both ponds
group_158,18,Core,FALSE,TRUE,TRUE,Both ponds
group_157,18,Core,FALSE,TRUE,TRUE,Both ponds
dnaG,18,Core,TRUE,TRUE,TRUE,Both ponds
group_155,18,Core,FALSE,TRUE,TRUE,Both ponds
macB_1,18,Core,TRUE,TRUE,TRUE,Both ponds
glgE2,18,Core,TRUE,TRUE,TRUE,Both ponds
ccmF,18,Core,TRUE,TRUE,TRUE,Both ponds
group_150,18,Core,FALSE,TRUE,TRUE,Both ponds
arnA,18,Core,TRUE,TRUE,TRUE,Both ponds
aaeB_1,18,Core,TRUE,TRUE,TRUE,Both ponds
caiT,18,Core,TRUE,TRUE,TRUE,Both ponds
dapL_1,18,Core,TRUE,TRUE,TRUE,Both ponds
group_149,18,Core,FALSE,TRUE,TRUE,Both ponds
mltF_2,18,Core,TRUE,TRUE,TRUE,Both ponds
pglF,18,Core,TRUE,TRUE,TRUE,Both ponds
tktA,18,Core,TRUE,TRUE,TRUE,Both ponds
mnmC_2,18,Core,TRUE,TRUE,TRUE,Both ponds
rep_1,18,Core,TRUE,TRUE,TRUE,Both ponds
uvrB,18,Core,TRUE,TRUE,TRUE,Both ponds
rlhA_1,18,Core,TRUE,TRUE,TRUE,Both ponds
group_146,18,Core,FALSE,TRUE,TRUE,Both ponds
cyoB,18,Core,TRUE,TRUE,TRUE,Both ponds
rcsC_7,18,Core,TRUE,TRUE,TRUE,Both ponds
vgrG1_3,18,Core,TRUE,TRUE,TRUE,Both ponds
rcsC_8,18,Core,TRUE,TRUE,TRUE,Both ponds
group_142,18,Core,FALSE,TRUE,TRUE,Both ponds
fadH,18,Core,TRUE,TRUE,TRUE,Both ponds
metG,18,Core,TRUE,TRUE,TRUE,Both ponds
group_139,18,Core,FALSE,TRUE,TRUE,Both ponds
group_138,18,Core,FALSE,TRUE,TRUE,Both ponds
ptrB,18,Core,TRUE,TRUE,TRUE,Both ponds
kdpB_1,18,Core,TRUE,TRUE,TRUE,Both ponds
group_137,18,Core,FALSE,TRUE,TRUE,Both ponds
tkt,18,Core,TRUE,TRUE,TRUE,Both ponds
stcD,18,Core,TRUE,TRUE,TRUE,Both ponds
group_135,18,Core,FALSE,TRUE,TRUE,Both ponds
btsT,18,Core,TRUE,TRUE,TRUE,Both ponds
recD_1,18,Core,TRUE,TRUE,TRUE,Both ponds
group_134,18,Core,FALSE,TRUE,TRUE,Both ponds
group_132,18,Core,FALSE,TRUE,TRUE,Both ponds
recG,18,Core,TRUE,TRUE,TRUE,Both ponds
ruvB_1,18,Core,TRUE,TRUE,TRUE,Both ponds
kdpB_2,18,Core,TRUE,TRUE,TRUE,Both ponds
prc,18,Core,TRUE,TRUE,TRUE,Both ponds
group_131,18,Core,FALSE,TRUE,TRUE,Both ponds
malQ,18,Core,TRUE,TRUE,TRUE,Both ponds
mdoB_1,18,Core,TRUE,TRUE,TRUE,Both ponds
ssaV,18,Core,TRUE,TRUE,TRUE,Both ponds
group_130,18,Core,FALSE,TRUE,TRUE,Both ponds
cntO_3,18,Core,TRUE,TRUE,TRUE,Both ponds
pta,18,Core,TRUE,TRUE,TRUE,Both ponds
pnp,18,Core,TRUE,TRUE,TRUE,Both ponds
fusA,18,Core,TRUE,TRUE,TRUE,Both ponds
group_129,18,Core,FALSE,TRUE,TRUE,Both ponds
spoT,18,Core,TRUE,TRUE,TRUE,Both ponds
FCS1,18,Core,TRUE,TRUE,TRUE,Both ponds
napA,18,Core,TRUE,TRUE,TRUE,Both ponds
btuB_8,18,Core,TRUE,TRUE,TRUE,Both ponds
iutA,18,Core,TRUE,TRUE,TRUE,Both ponds
cntO_5,18,Core,TRUE,TRUE,TRUE,Both ponds
recQ,18,Core,TRUE,TRUE,TRUE,Both ponds
btuB_9,18,Core,TRUE,TRUE,TRUE,Both ponds
flhA,18,Core,TRUE,TRUE,TRUE,Both ponds
mxiA,18,Core,TRUE,TRUE,TRUE,Both ponds
mcpU_1,18,Core,TRUE,TRUE,TRUE,Both ponds
sctC_5,18,Core,TRUE,TRUE,TRUE,Both ponds
mcpU_2,18,Core,TRUE,TRUE,TRUE,Both ponds
fadB,18,Core,TRUE,TRUE,TRUE,Both ponds
fadJ_1,18,Core,TRUE,TRUE,TRUE,Both ponds
glgX,18,Core,TRUE,TRUE,TRUE,Both ponds
group_123,18,Core,FALSE,TRUE,TRUE,Both ponds
group_122,18,Core,FALSE,TRUE,TRUE,Both ponds
aaeB_2,18,Core,TRUE,TRUE,TRUE,Both ponds
glcB,18,Core,TRUE,TRUE,TRUE,Both ponds
paoC,18,Core,TRUE,TRUE,TRUE,Both ponds
yccS,18,Core,TRUE,TRUE,TRUE,Both ponds
uvrD,18,Core,TRUE,TRUE,TRUE,Both ponds
bamA_1,18,Core,TRUE,TRUE,TRUE,Both ponds
group_120,18,Core,FALSE,TRUE,TRUE,Both ponds
aroA_1,18,Core,TRUE,TRUE,TRUE,Both ponds
ppk,18,Core,TRUE,TRUE,TRUE,Both ponds
icd_2,18,Core,TRUE,TRUE,TRUE,Both ponds
comEC,18,Core,TRUE,TRUE,TRUE,Both ponds
fpvA_1,18,Core,TRUE,TRUE,TRUE,Both ponds
fcuA_2,18,Core,TRUE,TRUE,TRUE,Both ponds
glgB,18,Core,TRUE,TRUE,TRUE,Both ponds
iorB,18,Core,TRUE,TRUE,TRUE,Both ponds
group_116,18,Core,FALSE,TRUE,TRUE,Both ponds
group_115,18,Core,FALSE,TRUE,TRUE,Both ponds
group_114,18,Core,FALSE,TRUE,TRUE,Both ponds
relA,18,Core,TRUE,TRUE,TRUE,Both ponds
pvdQ,18,Core,TRUE,TRUE,TRUE,Both ponds
adiA,18,Core,TRUE,TRUE,TRUE,Both ponds
dinG_2,18,Core,TRUE,TRUE,TRUE,Both ponds
group_111,18,Core,FALSE,TRUE,TRUE,Both ponds
rlmL_1,18,Core,TRUE,TRUE,TRUE,Both ponds
clpA,18,Core,TRUE,TRUE,TRUE,Both ponds
rcsC_11,18,Core,TRUE,TRUE,TRUE,Both ponds
ptsP,18,Core,TRUE,TRUE,TRUE,Both ponds
group_108,18,Core,FALSE,TRUE,TRUE,Both ponds
bfrD,18,Core,TRUE,TRUE,TRUE,Both ponds
group_107,18,Core,FALSE,TRUE,TRUE,Both ponds
metE,18,Core,TRUE,TRUE,TRUE,Both ponds
cadA_1,18,Core,TRUE,TRUE,TRUE,Both ponds
group_106,18,Core,FALSE,TRUE,TRUE,Both ponds
group_105,18,Core,FALSE,TRUE,TRUE,Both ponds
pbpC,18,Core,TRUE,TRUE,TRUE,Both ponds
yebT,18,Core,TRUE,TRUE,TRUE,Both ponds
mrcB,18,Core,TRUE,TRUE,TRUE,Both ponds
fecA_1,18,Core,TRUE,TRUE,TRUE,Both ponds
group_103,18,Core,FALSE,TRUE,TRUE,Both ponds
polB,18,Core,TRUE,TRUE,TRUE,Both ponds
quiP_1,18,Core,TRUE,TRUE,TRUE,Both ponds
group_100,18,Core,FALSE,TRUE,TRUE,Both ponds
ligA,18,Core,TRUE,TRUE,TRUE,Both ponds
ftsK,18,Core,TRUE,TRUE,TRUE,Both ponds
group_98,18,Core,FALSE,TRUE,TRUE,Both ponds
ppsA,18,Core,TRUE,TRUE,TRUE,Both ponds
pheT,18,Core,TRUE,TRUE,TRUE,Both ponds
rcsC_10,18,Core,TRUE,TRUE,TRUE,Both ponds
group_95,18,Core,FALSE,TRUE,TRUE,Both ponds
rcsC_6,18,Core,TRUE,TRUE,TRUE,Both ponds
btuB_1,18,Core,TRUE,TRUE,TRUE,Both ponds
group_92,18,Core,FALSE,TRUE,TRUE,Both ponds
btuB_7,18,Core,TRUE,TRUE,TRUE,Both ponds
lon_2,18,Core,TRUE,TRUE,TRUE,Both ponds
pucD,18,Core,TRUE,TRUE,TRUE,Both ponds
fcuA_1,18,Core,TRUE,TRUE,TRUE,Both ponds
quiA,18,Core,TRUE,TRUE,TRUE,Both ponds
gyrB,18,Core,TRUE,TRUE,TRUE,Both ponds
gcd,18,Core,TRUE,TRUE,TRUE,Both ponds
fecA_2,18,Core,TRUE,TRUE,TRUE,Both ponds
lon_1,18,Core,TRUE,TRUE,TRUE,Both ponds
cntO_2,18,Core,TRUE,TRUE,TRUE,Both ponds
group_89,18,Core,FALSE,TRUE,TRUE,Both ponds
fpvA_2,18,Core,TRUE,TRUE,TRUE,Both ponds
fadE_2,18,Core,TRUE,TRUE,TRUE,Both ponds
rep_2,18,Core,TRUE,TRUE,TRUE,Both ponds
nasD,18,Core,TRUE,TRUE,TRUE,Both ponds
yraJ_2,18,Core,TRUE,TRUE,TRUE,Both ponds
group_87,18,Core,FALSE,TRUE,TRUE,Both ponds
ligD,18,Core,TRUE,TRUE,TRUE,Both ponds
group_84,18,Core,FALSE,TRUE,TRUE,Both ponds
malT_1,18,Core,TRUE,TRUE,TRUE,Both ponds
hrpB,18,Core,TRUE,TRUE,TRUE,Both ponds
copA_1,18,Core,TRUE,TRUE,TRUE,Both ponds
fimD_1,18,Core,TRUE,TRUE,TRUE,Both ponds
group_82,18,Core,FALSE,TRUE,TRUE,Both ponds
group_81,18,Core,FALSE,TRUE,TRUE,Both ponds
uvrA_2,18,Core,TRUE,TRUE,TRUE,Both ponds
fadE_1,18,Core,TRUE,TRUE,TRUE,Both ponds
group_79,18,Core,FALSE,TRUE,TRUE,Both ponds
infB,18,Core,TRUE,TRUE,TRUE,Both ponds
rcsC_27,18,Core,TRUE,TRUE,TRUE,Both ponds
group_78,18,Core,FALSE,TRUE,TRUE,Both ponds
papC,18,Core,TRUE,TRUE,TRUE,Both ponds
tdhA,18,Core,TRUE,TRUE,TRUE,Both ponds
clpB_2,18,Core,TRUE,TRUE,TRUE,Both ponds
acnD_1,18,Core,TRUE,TRUE,TRUE,Both ponds
leuS,18,Core,TRUE,TRUE,TRUE,Both ponds
group_73,18,Core,FALSE,TRUE,TRUE,Both ponds
alaS,18,Core,TRUE,TRUE,TRUE,Both ponds
htrE_2,18,Core,TRUE,TRUE,TRUE,Both ponds
clpV1_2,18,Core,TRUE,TRUE,TRUE,Both ponds
topA,18,Core,TRUE,TRUE,TRUE,Both ponds
acnB_2,18,Core,TRUE,TRUE,TRUE,Both ponds
group_71,18,Core,FALSE,TRUE,TRUE,Both ponds
group_70,18,Core,FALSE,TRUE,TRUE,Both ponds
ppc_1,18,Core,TRUE,TRUE,TRUE,Both ponds
kdpD_2,18,Core,TRUE,TRUE,TRUE,Both ponds
kdpD_1,18,Core,TRUE,TRUE,TRUE,Both ponds
pepN,18,Core,TRUE,TRUE,TRUE,Both ponds
gyrA,18,Core,TRUE,TRUE,TRUE,Both ponds
clpV1_1,18,Core,TRUE,TRUE,TRUE,Both ponds
aceE_2,18,Core,TRUE,TRUE,TRUE,Both ponds
rcsC_23,18,Core,TRUE,TRUE,TRUE,Both ponds
group_65,18,Core,FALSE,TRUE,TRUE,Both ponds
mgtA_2,18,Core,TRUE,TRUE,TRUE,Both ponds
nasA_1,18,Core,TRUE,TRUE,TRUE,Both ponds
nuoG,18,Core,TRUE,TRUE,TRUE,Both ponds
mgtB,18,Core,TRUE,TRUE,TRUE,Both ponds
rbbA,18,Core,TRUE,TRUE,TRUE,Both ponds
secA,18,Core,TRUE,TRUE,TRUE,Both ponds
acnA,18,Core,TRUE,TRUE,TRUE,Both ponds
barA,18,Core,TRUE,TRUE,TRUE,Both ponds
malT_3,18,Core,TRUE,TRUE,TRUE,Both ponds
treY,18,Core,TRUE,TRUE,TRUE,Both ponds
rcsC_15,18,Core,TRUE,TRUE,TRUE,Both ponds
group_57,18,Core,FALSE,TRUE,TRUE,Both ponds
group_56,18,Core,FALSE,TRUE,TRUE,Both ponds
ileS,18,Core,TRUE,TRUE,TRUE,Both ponds
sucA,18,Core,TRUE,TRUE,TRUE,Both ponds
uvrA_1,18,Core,TRUE,TRUE,TRUE,Both ponds
group_54,18,Core,FALSE,TRUE,TRUE,Both ponds
gcvP,18,Core,TRUE,TRUE,TRUE,Both ponds
group_53,18,Core,FALSE,TRUE,TRUE,Both ponds
valS,18,Core,TRUE,TRUE,TRUE,Both ponds
group_52,18,Core,FALSE,TRUE,TRUE,Both ponds
group_49,18,Core,FALSE,TRUE,TRUE,Both ponds
ndhB,18,Core,TRUE,TRUE,TRUE,Both ponds
group_47,18,Core,FALSE,TRUE,TRUE,Both ponds
sasA_8,18,Core,TRUE,TRUE,TRUE,Both ponds
group_46,18,Core,FALSE,TRUE,TRUE,Both ponds
pknD_1,18,Core,TRUE,TRUE,TRUE,Both ponds
soxA_1,18,Core,TRUE,TRUE,TRUE,Both ponds
bepE,18,Core,TRUE,TRUE,TRUE,Both ponds
mdtB_1,18,Core,TRUE,TRUE,TRUE,Both ponds
dnaE2,18,Core,TRUE,TRUE,TRUE,Both ponds
mexB,18,Core,TRUE,TRUE,TRUE,Both ponds
group_40,18,Core,FALSE,TRUE,TRUE,Both ponds
mdtB_3,18,Core,TRUE,TRUE,TRUE,Both ponds
mdtB_2,18,Core,TRUE,TRUE,TRUE,Both ponds
mdtC_2,18,Core,TRUE,TRUE,TRUE,Both ponds
group_39,18,Core,FALSE,TRUE,TRUE,Both ponds
cusA,18,Core,TRUE,TRUE,TRUE,Both ponds
czcA_2,18,Core,TRUE,TRUE,TRUE,Both ponds
ttgB,18,Core,TRUE,TRUE,TRUE,Both ponds
rcsC_13,18,Core,TRUE,TRUE,TRUE,Both ponds
oqxB9,18,Core,TRUE,TRUE,TRUE,Both ponds
rne,18,Core,TRUE,TRUE,TRUE,Both ponds
group_33,18,Core,FALSE,TRUE,TRUE,Both ponds
czcA_1,18,Core,TRUE,TRUE,TRUE,Both ponds
carB_2,18,Core,TRUE,TRUE,TRUE,Both ponds
group_32,18,Core,FALSE,TRUE,TRUE,Both ponds
group_31,18,Core,FALSE,TRUE,TRUE,Both ponds
rcsC_16,18,Core,TRUE,TRUE,TRUE,Both ponds
mfd,18,Core,TRUE,TRUE,TRUE,Both ponds
recC,18,Core,TRUE,TRUE,TRUE,Both ponds
rcsC_4,18,Core,TRUE,TRUE,TRUE,Both ponds
smc_1,18,Core,TRUE,TRUE,TRUE,Both ponds
rcsC_18,18,Core,TRUE,TRUE,TRUE,Both ponds
group_26,18,Core,FALSE,TRUE,TRUE,Both ponds
group_25,18,Core,FALSE,TRUE,TRUE,Both ponds
bvgS_1,18,Core,TRUE,TRUE,TRUE,Both ponds
group_21,18,Core,FALSE,TRUE,TRUE,Both ponds
recB,18,Core,TRUE,TRUE,TRUE,Both ponds
tamB,18,Core,TRUE,TRUE,TRUE,Both ponds
carB_1,18,Core,TRUE,TRUE,TRUE,Both ponds
group_20,18,Core,FALSE,TRUE,TRUE,Both ponds
metH,18,Core,TRUE,TRUE,TRUE,Both ponds
group_19,18,Core,FALSE,TRUE,TRUE,Both ponds
mltF_1,18,Core,TRUE,TRUE,TRUE,Both ponds
cobN,18,Core,TRUE,TRUE,TRUE,Both ponds
group_17,18,Core,FALSE,TRUE,TRUE,Both ponds
group_15,18,Core,FALSE,TRUE,TRUE,Both ponds
purL,18,Core,TRUE,TRUE,TRUE,Both ponds
group_13,18,Core,FALSE,TRUE,TRUE,Both ponds
rpoB,18,Core,TRUE,TRUE,TRUE,Both ponds
rpoC,18,Core,TRUE,TRUE,TRUE,Both ponds
srmB,18,Core,TRUE,TRUE,TRUE,Both ponds
group_9,18,Core,FALSE,TRUE,TRUE,Both ponds
group_8,18,Core,FALSE,TRUE,TRUE,Both ponds
gdhB,18,Core,TRUE,TRUE,TRUE,Both ponds
shlA,18,Core,TRUE,TRUE,TRUE,Both ponds
group_7,18,Core,FALSE,TRUE,TRUE,Both ponds
group_6,18,Core,FALSE,TRUE,TRUE,Both ponds
group_5,18,Core,FALSE,TRUE,TRUE,Both ponds
rcsC_1,18,Core,TRUE,TRUE,TRUE,Both ponds
tycC_1,18,Core,TRUE,TRUE,TRUE,Both ponds
group_0,18,Core,FALSE,TRUE,TRUE,Both ponds
tycC_2,18,Core,TRUE,TRUE,TRUE,Both ponds
lgrD_2,18,Core,TRUE,TRUE,TRUE,Both ponds
lgrD_1,18,Core,TRUE,TRUE,TRUE,Both ponds
grsB,18,Core,TRUE,TRUE,TRUE,Both ponds
lgrB,18,Core,TRUE,TRUE,TRUE,Both ponds
group_3780,17,Accessory,FALSE,TRUE,TRUE,Both ponds
group_3746,17,Accessory,FALSE,TRUE,TRUE,Both ponds
group_3699,17,Accessory,FALSE,TRUE,TRUE,Both ponds
group_3679,17,Accessory,FALSE,TRUE,TRUE,Both ponds
group_3664,17,Accessory,FALSE,TRUE,TRUE,Both ponds
group_3656,17,Accessory,FALSE,TRUE,TRUE,Both ponds
group_3647,17,Accessory,FALSE,TRUE,TRUE,Both ponds
group_3582,17,Accessory,FALSE,TRUE,TRUE,Both ponds
group_3515,17,Accessory,FALSE,TRUE,TRUE,Both ponds
mdtA_7,17,Accessory,TRUE,TRUE,TRUE,Both ponds
group_3456,17,Accessory,FALSE,TRUE,TRUE,Both ponds
rfbA_1~~~rfbA_2,17,Accessory,TRUE,TRUE,TRUE,Both ponds
rfbB,17,Accessory,TRUE,TRUE,TRUE,Both ponds
comR_1,17,Accessory,TRUE,TRUE,TRUE,Both ponds
group_3253,17,Accessory,FALSE,TRUE,TRUE,Both ponds
group_3247,17,Accessory,FALSE,TRUE,TRUE,Both ponds
group_3222,17,Accessory,FALSE,TRUE,TRUE,Both ponds
ynfM_1,17,Accessory,TRUE,TRUE,TRUE,Both ponds
baiN,17,Accessory,TRUE,TRUE,TRUE,Both ponds
group_3172,17,Accessory,FALSE,TRUE,TRUE,Both ponds
cysNC_1,17,Accessory,TRUE,TRUE,TRUE,Both ponds
nrdB_1~~~nrdB_2,17,Accessory,TRUE,TRUE,TRUE,Both ponds
group_3139,17,Accessory,FALSE,TRUE,TRUE,Both ponds
group_3129,17,Accessory,FALSE,TRUE,TRUE,Both ponds
group_3109,17,Accessory,FALSE,TRUE,TRUE,Both ponds
group_3096,17,Accessory,FALSE,TRUE,TRUE,Both ponds
group_3059,17,Accessory,FALSE,TRUE,TRUE,Both ponds
msrQ,17,Accessory,TRUE,TRUE,TRUE,Both ponds
higB2,17,Accessory,TRUE,TRUE,TRUE,Both ponds
ywiE,17,Accessory,TRUE,TRUE,TRUE,Both ponds
group_2897,17,Accessory,FALSE,TRUE,TRUE,Both ponds
group_2892,17,Accessory,FALSE,TRUE,TRUE,Both ponds
group_2761,17,Accessory,FALSE,TRUE,TRUE,Both ponds
group_2700,17,Accessory,FALSE,TRUE,TRUE,Both ponds
group_2455,17,Accessory,FALSE,TRUE,TRUE,Both ponds
group_2414,17,Accessory,FALSE,TRUE,TRUE,Both ponds
ppiC_2,17,Accessory,TRUE,TRUE,TRUE,Both ponds
group_2356,17,Accessory,FALSE,TRUE,TRUE,Both ponds
group_1808,17,Accessory,FALSE,TRUE,TRUE,Both ponds
group_1738,17,Accessory,FALSE,TRUE,TRUE,Both ponds
yfcG_2,17,Accessory,TRUE,TRUE,TRUE,Both ponds
group_1177,17,Accessory,FALSE,TRUE,TRUE,Both ponds
group_1062,17,Accessory,FALSE,TRUE,TRUE,Both ponds
group_954,17,Accessory,FALSE,TRUE,TRUE,Both ponds
benM_1,17,Accessory,TRUE,TRUE,TRUE,Both ponds
menH_2,17,Accessory,TRUE,TRUE,TRUE,Both ponds
yqjG,17,Accessory,TRUE,TRUE,TRUE,Both ponds
group_646,17,Accessory,FALSE,TRUE,TRUE,Both ponds
group_507,17,Accessory,FALSE,TRUE,TRUE,Both ponds
group_358,17,Accessory,FALSE,TRUE,TRUE,Both ponds
cysD_1,17,Accessory,TRUE,TRUE,TRUE,Both ponds
group_173,17,Accessory,FALSE,TRUE,TRUE,Both ponds
group_45,17,Accessory,FALSE,TRUE,TRUE,Both ponds
group_36,17,Accessory,FALSE,TRUE,TRUE,Both ponds
ktrA,16,Accessory,TRUE,TRUE,TRUE,Both ponds
group_3561,16,Accessory,FALSE,TRUE,TRUE,Both ponds
group_3417,16,Accessory,FALSE,TRUE,TRUE,Both ponds
group_3416,16,Accessory,FALSE,TRUE,TRUE,Both ponds
group_3415,16,Accessory,FALSE,TRUE,TRUE,Both ponds
group_3400,16,Accessory,FALSE,TRUE,TRUE,Both ponds
rfbD_1~~~rfbD_2,16,Accessory,TRUE,TRUE,TRUE,Both ponds
group_3279,16,Accessory,FALSE,TRUE,TRUE,Both ponds
group_3654,15,Accessory,FALSE,TRUE,TRUE,Both ponds
group_3653,15,Accessory,FALSE,TRUE,TRUE,Both ponds
group_3216,15,Accessory,FALSE,TRUE,TRUE,Both ponds
group_3088,15,Accessory,FALSE,TRUE,TRUE,Both ponds
yddM,15,Accessory,TRUE,TRUE,TRUE,Both ponds
group_1792,15,Accessory,FALSE,TRUE,TRUE,Both ponds
prpC_3,15,Accessory,TRUE,TRUE,TRUE,Both ponds
pknD_3,15,Accessory,TRUE,TRUE,TRUE,Both ponds
group_3594,14,Accessory,FALSE,TRUE,TRUE,Both ponds
group_3492,14,Accessory,FALSE,TRUE,TRUE,Both ponds
group_3459,14,Accessory,FALSE,TRUE,TRUE,Both ponds
group_3331,14,Accessory,FALSE,TRUE,TRUE,Both ponds
group_3313,14,Accessory,FALSE,TRUE,TRUE,Both ponds
group_3312,14,Accessory,FALSE,TRUE,TRUE,Both ponds
group_3260,14,Accessory,FALSE,TRUE,TRUE,Both ponds
group_3236,14,Accessory,FALSE,TRUE,TRUE,Both ponds
group_3175,14,Accessory,FALSE,TRUE,TRUE,Both ponds
group_2965,14,Accessory,FALSE,TRUE,TRUE,Both ponds
group_2952,14,Accessory,FALSE,TRUE,TRUE,Both ponds
group_2934,14,Accessory,FALSE,TRUE,TRUE,Both ponds
group_2920,14,Accessory,FALSE,TRUE,TRUE,Both ponds
group_2805,14,Accessory,FALSE,TRUE,TRUE,Both ponds
group_2802,14,Accessory,FALSE,TRUE,TRUE,Both ponds
group_2422,14,Accessory,FALSE,TRUE,TRUE,Both ponds
group_1692,14,Accessory,FALSE,TRUE,TRUE,Both ponds
group_1548,14,Accessory,FALSE,TRUE,TRUE,Both ponds
group_1346,14,Accessory,FALSE,TRUE,TRUE,Both ponds
qseB_3,14,Accessory,TRUE,TRUE,TRUE,Both ponds
group_1294,14,Accessory,FALSE,TRUE,TRUE,Both ponds
group_1287,14,Accessory,FALSE,TRUE,TRUE,Both ponds
lptB_2,14,Accessory,TRUE,TRUE,TRUE,Both ponds
group_1139,14,Accessory,FALSE,TRUE,TRUE,Both ponds
group_1136,14,Accessory,FALSE,TRUE,TRUE,Both ponds
mcbC,14,Accessory,TRUE,TRUE,TRUE,Both ponds
fabG_4,14,Accessory,TRUE,TRUE,TRUE,Both ponds
mcbB,14,Accessory,TRUE,TRUE,TRUE,Both ponds
group_946,14,Accessory,FALSE,TRUE,TRUE,Both ponds
group_739,14,Accessory,FALSE,TRUE,TRUE,Both ponds
group_676,14,Accessory,FALSE,TRUE,TRUE,Both ponds
group_529,14,Accessory,FALSE,TRUE,TRUE,Both ponds
mcbD,14,Accessory,TRUE,TRUE,TRUE,Both ponds
group_402,14,Accessory,FALSE,TRUE,TRUE,Both ponds
rssA,14,Accessory,TRUE,TRUE,TRUE,Both ponds
putP_2,14,Accessory,TRUE,TRUE,TRUE,Both ponds
group_314,14,Accessory,FALSE,TRUE,TRUE,Both ponds
menE,14,Accessory,TRUE,TRUE,TRUE,Both ponds
norR_4,14,Accessory,TRUE,TRUE,TRUE,Both ponds
group_278,14,Accessory,FALSE,TRUE,TRUE,Both ponds
group_199,14,Accessory,FALSE,TRUE,TRUE,Both ponds
group_76,14,Accessory,FALSE,TRUE,TRUE,Both ponds
group_29,14,Accessory,FALSE,TRUE,TRUE,Both ponds
peb1A_2,13,Accessory,TRUE,TRUE,TRUE,Both ponds
group_3853,13,Accessory,FALSE,TRUE,TRUE,Both ponds
tcyC_3,13,Accessory,TRUE,TRUE,TRUE,Both ponds
fliY_6,13,Accessory,TRUE,TRUE,TRUE,Both ponds
gltC_5,13,Accessory,TRUE,TRUE,TRUE,Both ponds
yecS_4,13,Accessory,TRUE,TRUE,TRUE,Both ponds
aatB,13,Accessory,TRUE,TRUE,TRUE,Both ponds
group_3852,13,Accessory,FALSE,TRUE,TRUE,Both ponds
yfcG_5,13,Accessory,TRUE,TRUE,TRUE,Both ponds
metZ_1,13,Accessory,TRUE,TRUE,TRUE,Both ponds
glnM,13,Accessory,TRUE,TRUE,TRUE,Both ponds
group_3419,13,Accessory,FALSE,TRUE,TRUE,Both ponds
group_3412,13,Accessory,FALSE,TRUE,TRUE,Both ponds
group_3403,13,Accessory,FALSE,TRUE,TRUE,Both ponds
group_3397,13,Accessory,FALSE,TRUE,TRUE,Both ponds
group_3351,13,Accessory,FALSE,TRUE,TRUE,Both ponds
group_3337,13,Accessory,FALSE,TRUE,TRUE,Both ponds
group_3330,13,Accessory,FALSE,TRUE,TRUE,Both ponds
lexA_3~~~lexA_4~~~lexA_2,13,Accessory,TRUE,TRUE,TRUE,Both ponds
group_3269,13,Accessory,FALSE,TRUE,TRUE,Both ponds
gltF_4~~~gltF_3,13,Accessory,TRUE,TRUE,TRUE,Both ponds
group_3219,13,Accessory,FALSE,TRUE,TRUE,Both ponds
group_3218,13,Accessory,FALSE,TRUE,TRUE,Both ponds
group_3213,13,Accessory,FALSE,TRUE,TRUE,Both ponds
group_3183,13,Accessory,FALSE,TRUE,TRUE,Both ponds
group_1925,13,Accessory,FALSE,TRUE,TRUE,Both ponds
group_786,13,Accessory,FALSE,TRUE,TRUE,Both ponds
group_287,13,Accessory,FALSE,TRUE,TRUE,Both ponds
group_3414,12,Accessory,FALSE,TRUE,TRUE,Both ponds
group_3356,12,Accessory,FALSE,TRUE,TRUE,Both ponds
group_3347,12,Accessory,FALSE,TRUE,TRUE,Both ponds
group_3335,13,Accessory,FALSE,TRUE,TRUE,Both ponds
group_3327,12,Accessory,FALSE,TRUE,TRUE,Both ponds
group_3298,12,Accessory,FALSE,TRUE,TRUE,Both ponds
group_3288,13,Accessory,FALSE,TRUE,TRUE,Both ponds
group_3256,12,Accessory,FALSE,TRUE,TRUE,Both ponds
iaaM_1~~~iaaM_2,13,Accessory,TRUE,TRUE,TRUE,Both ponds
group_3208,13,Accessory,FALSE,TRUE,TRUE,Both ponds
group_3192,12,Accessory,FALSE,TRUE,TRUE,Both ponds
group_3131,12,Accessory,FALSE,TRUE,TRUE,Both ponds
group_3114,12,Accessory,FALSE,TRUE,TRUE,Both ponds
group_3112,13,Accessory,FALSE,TRUE,TRUE,Both ponds
group_3102,13,Accessory,FALSE,TRUE,TRUE,Both ponds
group_3024,13,Accessory,FALSE,TRUE,TRUE,Both ponds
group_2946,12,Accessory,FALSE,TRUE,TRUE,Both ponds
group_2785,12,Accessory,FALSE,TRUE,TRUE,Both ponds
group_2773,12,Accessory,FALSE,TRUE,TRUE,Both ponds
group_2740,13,Accessory,FALSE,TRUE,TRUE,Both ponds
group_2550,12,Accessory,FALSE,TRUE,TRUE,Both ponds
cim,12,Accessory,TRUE,TRUE,TRUE,Both ponds
group_2046,12,Accessory,FALSE,TRUE,TRUE,Both ponds
group_1968,13,Accessory,FALSE,TRUE,TRUE,Both ponds
group_1822,12,Accessory,FALSE,TRUE,TRUE,Both ponds
group_1793,12,Accessory,FALSE,TRUE,TRUE,Both ponds
fecI_2,12,Accessory,TRUE,TRUE,TRUE,Both ponds
group_1566,12,Accessory,FALSE,TRUE,TRUE,Both ponds
gltF_7,12,Accessory,TRUE,TRUE,TRUE,Both ponds
group_1170,13,Accessory,FALSE,TRUE,TRUE,Both ponds
nimR_6,13,Accessory,TRUE,TRUE,TRUE,Both ponds
group_1001,12,Accessory,FALSE,TRUE,TRUE,Both ponds
group_990,12,Accessory,FALSE,TRUE,TRUE,Both ponds
fecR_1,12,Accessory,TRUE,TRUE,TRUE,Both ponds
group_659,12,Accessory,FALSE,TRUE,TRUE,Both ponds
wbiB,12,Accessory,TRUE,TRUE,TRUE,Both ponds
group_654,13,Accessory,FALSE,TRUE,TRUE,Both ponds
mdtL,13,Accessory,TRUE,TRUE,TRUE,Both ponds
group_459,12,Accessory,FALSE,TRUE,TRUE,Both ponds
group_373,12,Accessory,FALSE,TRUE,TRUE,Both ponds
group_370,12,Accessory,FALSE,TRUE,TRUE,Both ponds
patA_1,12,Accessory,TRUE,TRUE,TRUE,Both ponds
group_322,12,Accessory,FALSE,TRUE,TRUE,Both ponds
group_233,13,Accessory,FALSE,TRUE,TRUE,Both ponds
group_187,12,Accessory,FALSE,TRUE,TRUE,Both ponds
group_179,12,Accessory,FALSE,TRUE,TRUE,Both ponds
group_143,12,Accessory,FALSE,TRUE,TRUE,Both ponds
btuB_2,12,Accessory,TRUE,TRUE,TRUE,Both ponds
group_3752,12,Accessory,FALSE,TRUE,TRUE,Both ponds
mcpQ_1,12,Accessory,TRUE,TRUE,TRUE,Both ponds
group_3384,11,Accessory,FALSE,TRUE,TRUE,Both ponds
group_3382,11,Accessory,FALSE,TRUE,TRUE,Both ponds
group_3017,11,Accessory,FALSE,TRUE,TRUE,Both ponds
group_2628,11,Accessory,FALSE,TRUE,TRUE,Both ponds
group_2191,12,Accessory,FALSE,TRUE,TRUE,Both ponds
group_1928,11,Accessory,FALSE,TRUE,TRUE,Both ponds
hcp1_2,12,Accessory,TRUE,TRUE,TRUE,Both ponds
group_1612,11,Accessory,FALSE,TRUE,TRUE,Both ponds
group_1515,12,Accessory,FALSE,TRUE,TRUE,Both ponds
group_1042,12,Accessory,FALSE,TRUE,TRUE,Both ponds
group_855,12,Accessory,FALSE,TRUE,TRUE,Both ponds
group_589,11,Accessory,FALSE,TRUE,TRUE,Both ponds
group_550,12,Accessory,FALSE,TRUE,TRUE,Both ponds
group_508,12,Accessory,FALSE,TRUE,TRUE,Both ponds
group_343,11,Accessory,FALSE,TRUE,TRUE,Both ponds
group_3422,10,Accessory,FALSE,TRUE,TRUE,Both ponds
gabD1~~~aldh,10,Accessory,TRUE,TRUE,TRUE,Both ponds
group_3391,10,Accessory,FALSE,TRUE,TRUE,Both ponds
group_3379,10,Accessory,FALSE,TRUE,TRUE,Both ponds
group_3372,10,Accessory,FALSE,TRUE,TRUE,Both ponds
group_3364,10,Accessory,FALSE,TRUE,TRUE,Both ponds
group_3348,10,Accessory,FALSE,TRUE,TRUE,Both ponds
group_3336,10,Accessory,FALSE,TRUE,TRUE,Both ponds
group_3300,10,Accessory,FALSE,TRUE,TRUE,Both ponds
group_3267,10,Accessory,FALSE,TRUE,TRUE,Both ponds
group_3266,10,Accessory,FALSE,TRUE,TRUE,Both ponds
group_3239,10,Accessory,FALSE,TRUE,TRUE,Both ponds
group_3229,10,Accessory,FALSE,TRUE,TRUE,Both ponds
group_3221,10,Accessory,FALSE,TRUE,TRUE,Both ponds
group_3212,10,Accessory,FALSE,TRUE,TRUE,Both ponds
nnr_1~~~nnr_2,10,Accessory,TRUE,TRUE,TRUE,Both ponds
group_3177,10,Accessory,FALSE,TRUE,TRUE,Both ponds
group_3158,10,Accessory,FALSE,TRUE,TRUE,Both ponds
group_3134,11,Accessory,FALSE,TRUE,TRUE,Both ponds
group_3127,10,Accessory,FALSE,TRUE,TRUE,Both ponds
rcsC_4~~~rcsC_10,10,Accessory,TRUE,TRUE,TRUE,Both ponds
group_3080,10,Accessory,FALSE,TRUE,TRUE,Both ponds
group_3054,10,Accessory,FALSE,TRUE,TRUE,Both ponds
group_2997,11,Accessory,FALSE,TRUE,TRUE,Both ponds
group_2996,10,Accessory,FALSE,TRUE,TRUE,Both ponds
qseC_1~~~qseC_3,10,Accessory,TRUE,TRUE,TRUE,Both ponds
group_2930,10,Accessory,FALSE,TRUE,TRUE,Both ponds
group_2929,10,Accessory,FALSE,TRUE,TRUE,Both ponds
group_2905,10,Accessory,FALSE,TRUE,TRUE,Both ponds
tpiA_1,10,Accessory,TRUE,TRUE,TRUE,Both ponds
group_2904,10,Accessory,FALSE,TRUE,TRUE,Both ponds
sasA_1~~~sasA_3,10,Accessory,TRUE,TRUE,TRUE,Both ponds
fda,11,Accessory,TRUE,TRUE,TRUE,Both ponds
group_2804,11,Accessory,FALSE,TRUE,TRUE,Both ponds
group_2717,11,Accessory,FALSE,TRUE,TRUE,Both ponds
group_2590,11,Accessory,FALSE,TRUE,TRUE,Both ponds
group_2262,10,Accessory,FALSE,TRUE,TRUE,Both ponds
group_2203,10,Accessory,FALSE,TRUE,TRUE,Both ponds
group_2017,10,Accessory,FALSE,TRUE,TRUE,Both ponds
group_2005,11,Accessory,FALSE,TRUE,TRUE,Both ponds
group_1781,10,Accessory,FALSE,TRUE,TRUE,Both ponds
yodB_2,10,Accessory,TRUE,TRUE,TRUE,Both ponds
pat_1,10,Accessory,TRUE,TRUE,TRUE,Both ponds
group_1321,10,Accessory,FALSE,TRUE,TRUE,Both ponds
group_1248,10,Accessory,FALSE,TRUE,TRUE,Both ponds
group_1116,10,Accessory,FALSE,TRUE,TRUE,Both ponds
anr_1,10,Accessory,TRUE,TRUE,TRUE,Both ponds
group_1004,10,Accessory,FALSE,TRUE,TRUE,Both ponds
uspE_2,10,Accessory,TRUE,TRUE,TRUE,Both ponds
uspE_1,10,Accessory,TRUE,TRUE,TRUE,Both ponds
apbE,10,Accessory,TRUE,TRUE,TRUE,Both ponds
adhA,10,Accessory,TRUE,TRUE,TRUE,Both ponds
group_677,10,Accessory,FALSE,TRUE,TRUE,Both ponds
group_623,11,Accessory,FALSE,TRUE,TRUE,Both ponds
czcO,10,Accessory,TRUE,TRUE,TRUE,Both ponds
ackA,10,Accessory,TRUE,TRUE,TRUE,Both ponds
group_490,11,Accessory,FALSE,TRUE,TRUE,Both ponds
group_319,10,Accessory,FALSE,TRUE,TRUE,Both ponds
ohyA,10,Accessory,TRUE,TRUE,TRUE,Both ponds
group_121,10,Accessory,FALSE,TRUE,TRUE,Both ponds
group_96,10,Accessory,FALSE,TRUE,TRUE,Both ponds
xpkA,10,Accessory,TRUE,TRUE,TRUE,Both ponds
ndvB,10,Accessory,TRUE,TRUE,TRUE,Both ponds
group_3429,9,Accessory,FALSE,TRUE,TRUE,Both ponds
group_3418,9,Accessory,FALSE,TRUE,TRUE,Both ponds
group_3395,9,Accessory,FALSE,TRUE,TRUE,Both ponds
group_3394,9,Accessory,FALSE,TRUE,TRUE,Both ponds
group_3390,9,Accessory,FALSE,TRUE,TRUE,Both ponds
sir2~~~sir2_1,9,Accessory,TRUE,TRUE,TRUE,Both ponds
group_3296,9,Accessory,FALSE,TRUE,TRUE,Both ponds
group_3282,9,Accessory,FALSE,TRUE,TRUE,Both ponds
group_3274,9,Accessory,FALSE,TRUE,TRUE,Both ponds
group_3246,9,Accessory,FALSE,TRUE,TRUE,Both ponds
group_3241,9,Accessory,FALSE,TRUE,TRUE,Both ponds
group_3115,9,Accessory,FALSE,TRUE,TRUE,Both ponds
group_3084,9,Accessory,FALSE,TRUE,TRUE,Both ponds
baiA~~~lvr_2~~~fabG_4,9,Accessory,TRUE,TRUE,TRUE,Both ponds
group_2894,9,Accessory,FALSE,TRUE,TRUE,Both ponds
group_2707,9,Accessory,FALSE,TRUE,TRUE,Both ponds
group_2565,9,Accessory,FALSE,TRUE,TRUE,Both ponds
group_2427,9,Accessory,FALSE,TRUE,TRUE,Both ponds
group_2371,9,Accessory,FALSE,TRUE,TRUE,Both ponds
group_2083,9,Accessory,FALSE,TRUE,TRUE,Both ponds
group_2037,9,Accessory,FALSE,TRUE,TRUE,Both ponds
group_1973,9,Accessory,FALSE,TRUE,TRUE,Both ponds
group_1904,9,Accessory,FALSE,TRUE,TRUE,Both ponds
group_1749,9,Accessory,FALSE,TRUE,TRUE,Both ponds
group_1721,9,Accessory,FALSE,TRUE,TRUE,Both ponds
group_1655,9,Accessory,FALSE,TRUE,TRUE,Both ponds
group_1290,9,Accessory,FALSE,TRUE,TRUE,Both ponds
group_1217,9,Accessory,FALSE,TRUE,TRUE,Both ponds
group_1065,9,Accessory,FALSE,TRUE,TRUE,Both ponds
group_1033,9,Accessory,FALSE,TRUE,TRUE,Both ponds
group_864,9,Accessory,FALSE,TRUE,TRUE,Both ponds
gltC_4,9,Accessory,TRUE,TRUE,TRUE,Both ponds
group_561,9,Accessory,FALSE,TRUE,TRUE,Both ponds
group_477,9,Accessory,FALSE,TRUE,TRUE,Both ponds
group_439,9,Accessory,FALSE,TRUE,TRUE,Both ponds
group_350,9,Accessory,FALSE,TRUE,TRUE,Both ponds
group_144,9,Accessory,FALSE,TRUE,TRUE,Both ponds
group_136,9,Accessory,FALSE,TRUE,TRUE,Both ponds
quiA_2,9,Accessory,TRUE,TRUE,TRUE,Both ponds
group_3675,9,Accessory,FALSE,TRUE,TRUE,Both ponds
group_3581,9,Accessory,FALSE,TRUE,TRUE,Both ponds
group_3476,9,Accessory,FALSE,TRUE,TRUE,Both ponds
group_3421,8,Accessory,FALSE,TRUE,TRUE,Both ponds
argO_1~~~argO_2,9,Accessory,TRUE,TRUE,TRUE,Both ponds
group_3286,8,Accessory,FALSE,TRUE,TRUE,Both ponds
group_3285,8,Accessory,FALSE,TRUE,TRUE,Both ponds
group_3252,9,Accessory,FALSE,TRUE,TRUE,Both ponds
ppc_2,9,Accessory,TRUE,TRUE,TRUE,Both ponds
group_2874,8,Accessory,FALSE,TRUE,TRUE,Both ponds
group_2824,8,Accessory,FALSE,TRUE,TRUE,Both ponds
group_2721,9,Accessory,FALSE,TRUE,TRUE,Both ponds
group_2667,8,Accessory,FALSE,TRUE,TRUE,Both ponds
group_2484,8,Accessory,FALSE,TRUE,TRUE,Both ponds
group_2439,9,Accessory,FALSE,TRUE,TRUE,Both ponds
group_2310,8,Accessory,FALSE,TRUE,TRUE,Both ponds
group_2261,8,Accessory,FALSE,TRUE,TRUE,Both ponds
group_2252,8,Accessory,FALSE,TRUE,TRUE,Both ponds
group_2057,8,Accessory,FALSE,TRUE,TRUE,Both ponds
group_2040,9,Accessory,FALSE,TRUE,TRUE,Both ponds
group_1894,8,Accessory,FALSE,TRUE,TRUE,Both ponds
ywnA,9,Accessory,TRUE,TRUE,TRUE,Both ponds
group_1853,8,Accessory,FALSE,TRUE,TRUE,Both ponds
group_1769,8,Accessory,FALSE,TRUE,TRUE,Both ponds
group_1719,8,Accessory,FALSE,TRUE,TRUE,Both ponds
group_1654,8,Accessory,FALSE,TRUE,TRUE,Both ponds
group_1644,8,Accessory,FALSE,TRUE,TRUE,Both ponds
group_1598,8,Accessory,FALSE,TRUE,TRUE,Both ponds
group_1450,8,Accessory,FALSE,TRUE,TRUE,Both ponds
group_1327,8,Accessory,FALSE,TRUE,TRUE,Both ponds
group_1277,8,Accessory,FALSE,TRUE,TRUE,Both ponds
group_1256,9,Accessory,FALSE,TRUE,TRUE,Both ponds
group_1191,8,Accessory,FALSE,TRUE,TRUE,Both ponds
group_1127,8,Accessory,FALSE,TRUE,TRUE,Both ponds
group_973,8,Accessory,FALSE,TRUE,TRUE,Both ponds
group_815,8,Accessory,FALSE,TRUE,TRUE,Both ponds
gcvA_4,8,Accessory,TRUE,TRUE,TRUE,Both ponds
group_610,8,Accessory,FALSE,TRUE,TRUE,Both ponds
group_359,8,Accessory,FALSE,TRUE,TRUE,Both ponds
group_18,8,Accessory,FALSE,TRUE,TRUE,Both ponds
group_3531,8,Accessory,FALSE,TRUE,TRUE,Both ponds
group_3467,7,Accessory,FALSE,TRUE,TRUE,Both ponds
group_3413,8,Accessory,FALSE,TRUE,TRUE,Both ponds
group_3410,8,Accessory,FALSE,TRUE,FALSE,Sixty Lake only
dnaC~~~dnaC_2,8,Accessory,TRUE,TRUE,TRUE,Both ponds
group_3360,8,Accessory,FALSE,TRUE,TRUE,Both ponds
group_3353,8,Accessory,FALSE,TRUE,TRUE,Both ponds
group_3344,8,Accessory,FALSE,TRUE,TRUE,Both ponds
dnaB_2~~~dnaB_1~~~dnaC_2,8,Accessory,TRUE,TRUE,TRUE,Both ponds
rcsC_3~~~rcsC_8,8,Accessory,TRUE,TRUE,TRUE,Both ponds
smf1_1~~~smf1_2,8,Accessory,TRUE,TRUE,TRUE,Both ponds
group_3320,8,Accessory,FALSE,TRUE,TRUE,Both ponds
group_3308,8,Accessory,FALSE,TRUE,TRUE,Both ponds
group_3292,8,Accessory,FALSE,TRUE,TRUE,Both ponds
group_3290,8,Accessory,FALSE,TRUE,TRUE,Both ponds
group_3276,8,Accessory,FALSE,TRUE,TRUE,Both ponds
rcsC_2~~~rcsC_7,8,Accessory,TRUE,TRUE,TRUE,Both ponds
group_3227,8,Accessory,FALSE,TRUE,FALSE,Sixty Lake only
group_3182,8,Accessory,FALSE,TRUE,TRUE,Both ponds
mrkD,8,Accessory,TRUE,TRUE,TRUE,Both ponds
group_3143,8,Accessory,FALSE,TRUE,TRUE,Both ponds
group_3135,8,Accessory,FALSE,TRUE,FALSE,Sixty Lake only
group_3132,8,Accessory,FALSE,TRUE,TRUE,Both ponds
lexA_4,8,Accessory,TRUE,TRUE,TRUE,Both ponds
ephA_1,8,Accessory,TRUE,TRUE,TRUE,Both ponds
group_2961,8,Accessory,FALSE,TRUE,TRUE,Both ponds
group_2925,8,Accessory,FALSE,TRUE,FALSE,Sixty Lake only
group_2469,8,Accessory,FALSE,TRUE,TRUE,Both ponds
group_2350,8,Accessory,FALSE,TRUE,TRUE,Both ponds
group_2190,8,Accessory,FALSE,TRUE,TRUE,Both ponds
pdeR,8,Accessory,TRUE,TRUE,TRUE,Both ponds
group_1898,8,Accessory,FALSE,TRUE,TRUE,Both ponds
group_1828,8,Accessory,FALSE,TRUE,TRUE,Both ponds
group_1516,8,Accessory,FALSE,TRUE,TRUE,Both ponds
nreC,8,Accessory,TRUE,TRUE,TRUE,Both ponds
rcsB_1,8,Accessory,TRUE,TRUE,TRUE,Both ponds
group_412,8,Accessory,FALSE,TRUE,TRUE,Both ponds
group_393,8,Accessory,FALSE,TRUE,TRUE,Both ponds
htrE_1,8,Accessory,TRUE,TRUE,TRUE,Both ponds
group_4332,6,Accessory,FALSE,FALSE,TRUE,Conness Pond only
group_4331,6,Accessory,FALSE,FALSE,TRUE,Conness Pond only
group_4330,6,Accessory,FALSE,FALSE,TRUE,Conness Pond only
group_3937,7,Accessory,FALSE,TRUE,TRUE,Both ponds
bin3,7,Accessory,TRUE,TRUE,TRUE,Both ponds
group_3936,7,Accessory,FALSE,TRUE,TRUE,Both ponds
group_3935,7,Accessory,FALSE,TRUE,TRUE,Both ponds
group_3934,7,Accessory,FALSE,TRUE,TRUE,Both ponds
group_3933,7,Accessory,FALSE,TRUE,TRUE,Both ponds
group_3931,7,Accessory,FALSE,TRUE,TRUE,Both ponds
group_3930,7,Accessory,FALSE,TRUE,TRUE,Both ponds
group_3929,7,Accessory,FALSE,TRUE,TRUE,Both ponds
group_3928,7,Accessory,FALSE,TRUE,TRUE,Both ponds
recD_2,7,Accessory,TRUE,TRUE,TRUE,Both ponds
group_3926,7,Accessory,FALSE,TRUE,TRUE,Both ponds
group_3925,7,Accessory,FALSE,TRUE,TRUE,Both ponds
group_3924,7,Accessory,FALSE,TRUE,TRUE,Both ponds
group_3922,7,Accessory,FALSE,TRUE,TRUE,Both ponds
group_3921,7,Accessory,FALSE,TRUE,TRUE,Both ponds
group_3920,7,Accessory,FALSE,TRUE,TRUE,Both ponds
group_3919,7,Accessory,FALSE,TRUE,TRUE,Both ponds
group_3918,7,Accessory,FALSE,TRUE,TRUE,Both ponds
group_3916,7,Accessory,FALSE,TRUE,TRUE,Both ponds
group_3915,7,Accessory,FALSE,TRUE,TRUE,Both ponds
group_3913,7,Accessory,FALSE,TRUE,TRUE,Both ponds
soj_3,7,Accessory,TRUE,TRUE,TRUE,Both ponds
group_3912,7,Accessory,FALSE,TRUE,TRUE,Both ponds
umuC,7,Accessory,TRUE,TRUE,TRUE,Both ponds
group_3910,7,Accessory,FALSE,TRUE,TRUE,Both ponds
group_3909,7,Accessory,FALSE,TRUE,TRUE,Both ponds
group_3908,7,Accessory,FALSE,TRUE,TRUE,Both ponds
group_3906,7,Accessory,FALSE,TRUE,TRUE,Both ponds
group_3905,7,Accessory,FALSE,TRUE,TRUE,Both ponds
group_3904,7,Accessory,FALSE,TRUE,TRUE,Both ponds
group_3903,7,Accessory,FALSE,TRUE,TRUE,Both ponds
virB9,7,Accessory,TRUE,TRUE,TRUE,Both ponds
noc~~~noc_3,7,Accessory,TRUE,TRUE,TRUE,Both ponds
virB4,7,Accessory,TRUE,TRUE,TRUE,Both ponds
group_3901,7,Accessory,FALSE,TRUE,TRUE,Both ponds
group_3900,7,Accessory,FALSE,TRUE,TRUE,Both ponds
umuD_2,7,Accessory,TRUE,TRUE,TRUE,Both ponds
group_3897,7,Accessory,FALSE,TRUE,TRUE,Both ponds
group_3896,7,Accessory,FALSE,TRUE,TRUE,Both ponds
group_3895,7,Accessory,FALSE,TRUE,TRUE,Both ponds
group_3894,7,Accessory,FALSE,TRUE,TRUE,Both ponds
group_3893,7,Accessory,FALSE,TRUE,TRUE,Both ponds
group_3891,7,Accessory,FALSE,TRUE,TRUE,Both ponds
group_3890,7,Accessory,FALSE,TRUE,TRUE,Both ponds
group_3889,7,Accessory,FALSE,TRUE,TRUE,Both ponds
ssb_2,7,Accessory,TRUE,TRUE,TRUE,Both ponds
group_3678,7,Accessory,FALSE,TRUE,FALSE,Sixty Lake only
group_3643,6,Accessory,FALSE,TRUE,TRUE,Both ponds
group_3529,6,Accessory,FALSE,FALSE,TRUE,Conness Pond only
group_3496,7,Accessory,FALSE,TRUE,FALSE,Sixty Lake only
group_3434,7,Accessory,FALSE,TRUE,TRUE,Both ponds
group_3433,7,Accessory,FALSE,TRUE,TRUE,Both ponds
group_3425,6,Accessory,FALSE,FALSE,TRUE,Conness Pond only
group_3423,6,Accessory,FALSE,FALSE,TRUE,Conness Pond only
group_3409,6,Accessory,FALSE,TRUE,TRUE,Both ponds
group_3408,6,Accessory,FALSE,TRUE,TRUE,Both ponds
group_3407,6,Accessory,FALSE,TRUE,TRUE,Both ponds
group_3406,6,Accessory,FALSE,TRUE,TRUE,Both ponds
group_3405,6,Accessory,FALSE,TRUE,TRUE,Both ponds
group_3402,6,Accessory,FALSE,FALSE,TRUE,Conness Pond only
group_3401,6,Accessory,FALSE,FALSE,TRUE,Conness Pond only
group_3399,6,Accessory,FALSE,TRUE,TRUE,Both ponds
group_3396,6,Accessory,FALSE,FALSE,TRUE,Conness Pond only
group_3393,6,Accessory,FALSE,FALSE,TRUE,Conness Pond only
group_3388,6,Accessory,FALSE,FALSE,TRUE,Conness Pond only
group_3386,7,Accessory,FALSE,TRUE,TRUE,Both ponds
group_3385,7,Accessory,FALSE,TRUE,TRUE,Both ponds
group_3383,7,Accessory,FALSE,TRUE,TRUE,Both ponds
group_3381,7,Accessory,FALSE,TRUE,TRUE,Both ponds
group_3376,7,Accessory,FALSE,TRUE,TRUE,Both ponds
group_3374,6,Accessory,FALSE,FALSE,TRUE,Conness Pond only
group_3373,6,Accessory,FALSE,FALSE,TRUE,Conness Pond only
group_3369,7,Accessory,FALSE,TRUE,TRUE,Both ponds
group_3366,6,Accessory,FALSE,FALSE,TRUE,Conness Pond only
group_3365,6,Accessory,FALSE,FALSE,TRUE,Conness Pond only
group_3362,6,Accessory,FALSE,FALSE,TRUE,Conness Pond only
group_3361,6,Accessory,FALSE,TRUE,TRUE,Both ponds
group_3358,7,Accessory,FALSE,TRUE,TRUE,Both ponds
group_3352,6,Accessory,FALSE,FALSE,TRUE,Conness Pond only
group_3350,6,Accessory,FALSE,FALSE,TRUE,Conness Pond only
group_3349,7,Accessory,FALSE,TRUE,TRUE,Both ponds
yscU_3~~~yscU_1,6,Accessory,TRUE,FALSE,TRUE,Conness Pond only
group_3346,7,Accessory,FALSE,TRUE,TRUE,Both ponds
group_3345,6,Accessory,FALSE,FALSE,TRUE,Conness Pond only
group_3343,7,Accessory,FALSE,TRUE,TRUE,Both ponds
group_3339,6,Accessory,FALSE,TRUE,TRUE,Both ponds
group_3333,7,Accessory,FALSE,TRUE,TRUE,Both ponds
group_3318,6,Accessory,FALSE,FALSE,TRUE,Conness Pond only
group_3317,6,Accessory,FALSE,FALSE,TRUE,Conness Pond only
intA~~~intA_3,6,Accessory,TRUE,TRUE,TRUE,Both ponds
group_3311,6,Accessory,FALSE,FALSE,TRUE,Conness Pond only
group_3310,7,Accessory,FALSE,TRUE,TRUE,Both ponds
group_3309,7,Accessory,FALSE,TRUE,TRUE,Both ponds
spaP_2~~~spaP_1,6,Accessory,TRUE,FALSE,TRUE,Conness Pond only
group_3306,6,Accessory,FALSE,FALSE,TRUE,Conness Pond only
group_3304,7,Accessory,FALSE,TRUE,TRUE,Both ponds
rcsC_24~~~rcsC_1,6,Accessory,TRUE,FALSE,TRUE,Conness Pond only
group_3295,7,Accessory,FALSE,TRUE,TRUE,Both ponds
group_3293,6,Accessory,FALSE,FALSE,TRUE,Conness Pond only
group_3287,7,Accessory,FALSE,TRUE,TRUE,Both ponds
group_3284,7,Accessory,FALSE,TRUE,TRUE,Both ponds
group_3283,7,Accessory,FALSE,TRUE,TRUE,Both ponds
group_3271,7,Accessory,FALSE,TRUE,TRUE,Both ponds
group_3265,6,Accessory,FALSE,FALSE,TRUE,Conness Pond only
group_3255,6,Accessory,FALSE,TRUE,TRUE,Both ponds
group_3254,6,Accessory,FALSE,TRUE,TRUE,Both ponds
group_3209,6,Accessory,FALSE,FALSE,TRUE,Conness Pond only
rhaS_8~~~rhaS_2,6,Accessory,TRUE,FALSE,TRUE,Conness Pond only
group_3201,7,Accessory,FALSE,TRUE,TRUE,Both ponds
group_3181,7,Accessory,FALSE,TRUE,TRUE,Both ponds
group_3171,6,Accessory,FALSE,TRUE,TRUE,Both ponds
group_3164,6,Accessory,FALSE,FALSE,TRUE,Conness Pond only
group_3155,6,Accessory,FALSE,FALSE,TRUE,Conness Pond only
yscN_2~~~yscN_1,6,Accessory,TRUE,FALSE,TRUE,Conness Pond only
group_3138,7,Accessory,FALSE,TRUE,TRUE,Both ponds
group_3136,7,Accessory,FALSE,TRUE,TRUE,Both ponds
tri1_1,7,Accessory,TRUE,TRUE,FALSE,Sixty Lake only
group_3121,7,Accessory,FALSE,TRUE,TRUE,Both ponds
group_3105,7,Accessory,FALSE,TRUE,TRUE,Both ponds
group_3097,7,Accessory,FALSE,TRUE,TRUE,Both ponds
group_3082,7,Accessory,FALSE,TRUE,TRUE,Both ponds
group_3065,6,Accessory,FALSE,TRUE,TRUE,Both ponds
group_3039,7,Accessory,FALSE,TRUE,TRUE,Both ponds
group_3038,7,Accessory,FALSE,TRUE,TRUE,Both ponds
nanT_1~~~naiP_1,6,Accessory,TRUE,FALSE,TRUE,Conness Pond only
group_3013,6,Accessory,FALSE,TRUE,TRUE,Both ponds
group_2966,7,Accessory,FALSE,TRUE,TRUE,Both ponds
group_2938,6,Accessory,FALSE,FALSE,TRUE,Conness Pond only
group_2936,6,Accessory,FALSE,FALSE,TRUE,Conness Pond only
group_2935,6,Accessory,FALSE,FALSE,TRUE,Conness Pond only
group_2919,7,Accessory,FALSE,TRUE,TRUE,Both ponds
group_2893,6,Accessory,FALSE,TRUE,TRUE,Both ponds
group_2848,6,Accessory,FALSE,TRUE,TRUE,Both ponds
group_2818,6,Accessory,FALSE,FALSE,TRUE,Conness Pond only
group_2774,7,Accessory,FALSE,TRUE,TRUE,Both ponds
group_2735,6,Accessory,FALSE,FALSE,TRUE,Conness Pond only
group_2734,6,Accessory,FALSE,FALSE,TRUE,Conness Pond only
group_2671,6,Accessory,FALSE,FALSE,TRUE,Conness Pond only
group_2670,6,Accessory,FALSE,FALSE,TRUE,Conness Pond only
group_2639,7,Accessory,FALSE,TRUE,TRUE,Both ponds
group_2627,7,Accessory,FALSE,TRUE,TRUE,Both ponds
group_2593,7,Accessory,FALSE,TRUE,TRUE,Both ponds
group_2581,6,Accessory,FALSE,FALSE,TRUE,Conness Pond only
group_2551,7,Accessory,FALSE,TRUE,TRUE,Both ponds
spaQ,6,Accessory,TRUE,FALSE,TRUE,Conness Pond only
group_2321,6,Accessory,FALSE,TRUE,TRUE,Both ponds
group_2315,6,Accessory,FALSE,FALSE,TRUE,Conness Pond only
group_2283,7,Accessory,FALSE,TRUE,TRUE,Both ponds
group_2282,7,Accessory,FALSE,TRUE,TRUE,Both ponds
group_2281,7,Accessory,FALSE,TRUE,TRUE,Both ponds
group_2193,6,Accessory,FALSE,FALSE,TRUE,Conness Pond only
group_2096,6,Accessory,FALSE,FALSE,TRUE,Conness Pond only
group_2064,7,Accessory,FALSE,TRUE,TRUE,Both ponds
group_2052,6,Accessory,FALSE,FALSE,TRUE,Conness Pond only
group_1971,7,Accessory,FALSE,TRUE,TRUE,Both ponds
group_1936,7,Accessory,FALSE,TRUE,TRUE,Both ponds
group_1855,7,Accessory,FALSE,TRUE,TRUE,Both ponds
group_1845,7,Accessory,FALSE,TRUE,TRUE,Both ponds
group_1763,7,Accessory,FALSE,TRUE,TRUE,Both ponds
group_1741,6,Accessory,FALSE,FALSE,TRUE,Conness Pond only
group_1619,7,Accessory,FALSE,TRUE,TRUE,Both ponds
group_1569,7,Accessory,FALSE,TRUE,TRUE,Both ponds
group_1464,6,Accessory,FALSE,FALSE,TRUE,Conness Pond only
group_1420,6,Accessory,FALSE,FALSE,TRUE,Conness Pond only
osmW_2,6,Accessory,TRUE,FALSE,TRUE,Conness Pond only
group_1325,6,Accessory,FALSE,TRUE,TRUE,Both ponds
group_1162,7,Accessory,FALSE,TRUE,TRUE,Both ponds
group_1147,6,Accessory,FALSE,FALSE,TRUE,Conness Pond only
group_1141,7,Accessory,FALSE,TRUE,TRUE,Both ponds
group_1128,6,Accessory,FALSE,FALSE,TRUE,Conness Pond only
prtR_1,7,Accessory,TRUE,TRUE,TRUE,Both ponds
group_1083,6,Accessory,FALSE,FALSE,TRUE,Conness Pond only
group_1025,6,Accessory,FALSE,FALSE,TRUE,Conness Pond only
hyuA_2,6,Accessory,TRUE,FALSE,TRUE,Conness Pond only
osmX_2,6,Accessory,TRUE,FALSE,TRUE,Conness Pond only
group_905,6,Accessory,FALSE,FALSE,TRUE,Conness Pond only
group_900,6,Accessory,FALSE,FALSE,TRUE,Conness Pond only
group_889,6,Accessory,FALSE,FALSE,TRUE,Conness Pond only
tri1_2,6,Accessory,TRUE,FALSE,TRUE,Conness Pond only
group_846,6,Accessory,FALSE,FALSE,TRUE,Conness Pond only
leuA_2,6,Accessory,TRUE,FALSE,TRUE,Conness Pond only
group_663,6,Accessory,FALSE,FALSE,TRUE,Conness Pond only
group_642,6,Accessory,FALSE,FALSE,TRUE,Conness Pond only
group_575,7,Accessory,FALSE,TRUE,TRUE,Both ponds
osmV_2,6,Accessory,TRUE,FALSE,TRUE,Conness Pond only
group_562,6,Accessory,FALSE,FALSE,TRUE,Conness Pond only
group_559,7,Accessory,FALSE,TRUE,FALSE,Sixty Lake only
pntAA_1,6,Accessory,TRUE,FALSE,TRUE,Conness Pond only
group_531,7,Accessory,FALSE,TRUE,TRUE,Both ponds
pntB_1,6,Accessory,TRUE,FALSE,TRUE,Conness Pond only
sctC_2,6,Accessory,TRUE,FALSE,TRUE,Conness Pond only
sseC,6,Accessory,TRUE,FALSE,TRUE,Conness Pond only
apc4,6,Accessory,TRUE,FALSE,TRUE,Conness Pond only
group_227,6,Accessory,FALSE,TRUE,TRUE,Both ponds
shlB_1,6,Accessory,TRUE,FALSE,TRUE,Conness Pond only
group_161,6,Accessory,FALSE,FALSE,TRUE,Conness Pond only
ssaV_1,6,Accessory,TRUE,FALSE,TRUE,Conness Pond only
apc3,6,Accessory,TRUE,FALSE,TRUE,Conness Pond only
group_109,7,Accessory,FALSE,TRUE,TRUE,Both ponds
group_88,6,Accessory,FALSE,FALSE,TRUE,Conness Pond only
group_4338,5,Accessory,FALSE,FALSE,TRUE,Conness Pond only
group_4336,5,Accessory,FALSE,FALSE,TRUE,Conness Pond only
group_4335,5,Accessory,FALSE,FALSE,TRUE,Conness Pond only
group_4334,5,Accessory,FALSE,FALSE,TRUE,Conness Pond only
group_4333,5,Accessory,FALSE,FALSE,TRUE,Conness Pond only
group_3796,5,Accessory,FALSE,FALSE,TRUE,Conness Pond only
group_3794,5,Accessory,FALSE,FALSE,TRUE,Conness Pond only
group_3792,5,Accessory,FALSE,FALSE,TRUE,Conness Pond only
group_3790,5,Accessory,FALSE,FALSE,TRUE,Conness Pond only
group_3789,5,Accessory,FALSE,FALSE,TRUE,Conness Pond only
group_3786,5,Accessory,FALSE,FALSE,TRUE,Conness Pond only
group_3785,5,Accessory,FALSE,FALSE,TRUE,Conness Pond only
group_3784,5,Accessory,FALSE,FALSE,TRUE,Conness Pond only
group_3781,5,Accessory,FALSE,FALSE,TRUE,Conness Pond only
group_3775,5,Accessory,FALSE,FALSE,TRUE,Conness Pond only
group_3774,5,Accessory,FALSE,FALSE,TRUE,Conness Pond only
group_3773,5,Accessory,FALSE,FALSE,TRUE,Conness Pond only
group_3772,5,Accessory,FALSE,FALSE,TRUE,Conness Pond only
addA_2,5,Accessory,TRUE,FALSE,TRUE,Conness Pond only
group_3766,5,Accessory,FALSE,FALSE,TRUE,Conness Pond only
group_3765,5,Accessory,FALSE,FALSE,TRUE,Conness Pond only
group_3764,5,Accessory,FALSE,FALSE,TRUE,Conness Pond only
group_3763,5,Accessory,FALSE,FALSE,TRUE,Conness Pond only
recF_3,5,Accessory,TRUE,FALSE,TRUE,Conness Pond only
group_3761,5,Accessory,FALSE,FALSE,TRUE,Conness Pond only
group_3758,5,Accessory,FALSE,FALSE,TRUE,Conness Pond only
cusR_1,5,Accessory,TRUE,FALSE,TRUE,Conness Pond only
group_3754,5,Accessory,FALSE,FALSE,TRUE,Conness Pond only
group_3745,5,Accessory,FALSE,FALSE,TRUE,Conness Pond only
group_3744,5,Accessory,FALSE,FALSE,TRUE,Conness Pond only
group_3743,5,Accessory,FALSE,FALSE,TRUE,Conness Pond only
group_3742,5,Accessory,FALSE,FALSE,TRUE,Conness Pond only
cheB_5,5,Accessory,TRUE,FALSE,TRUE,Conness Pond only
actP_2,5,Accessory,TRUE,FALSE,TRUE,Conness Pond only
group_3741,5,Accessory,FALSE,FALSE,TRUE,Conness Pond only
group_3738,5,Accessory,FALSE,FALSE,TRUE,Conness Pond only
group_3736,5,Accessory,FALSE,FALSE,TRUE,Conness Pond only
group_3735,5,Accessory,FALSE,FALSE,TRUE,Conness Pond only
group_3731,5,Accessory,FALSE,FALSE,TRUE,Conness Pond only
nhaK_1,5,Accessory,TRUE,FALSE,TRUE,Conness Pond only
group_3729,5,Accessory,FALSE,FALSE,TRUE,Conness Pond only
group_3722,5,Accessory,FALSE,FALSE,TRUE,Conness Pond only
group_3721,5,Accessory,FALSE,FALSE,TRUE,Conness Pond only
group_3720,5,Accessory,FALSE,FALSE,TRUE,Conness Pond only
rcsC_30,5,Accessory,TRUE,FALSE,TRUE,Conness Pond only
group_3718,5,Accessory,FALSE,FALSE,TRUE,Conness Pond only
group_3716,5,Accessory,FALSE,FALSE,TRUE,Conness Pond only
group_3715,5,Accessory,FALSE,FALSE,TRUE,Conness Pond only
group_3714,5,Accessory,FALSE,FALSE,TRUE,Conness Pond only
group_3713,5,Accessory,FALSE,FALSE,TRUE,Conness Pond only
group_3712,5,Accessory,FALSE,FALSE,TRUE,Conness Pond only
group_3711,5,Accessory,FALSE,FALSE,TRUE,Conness Pond only
group_3708,5,Accessory,FALSE,FALSE,TRUE,Conness Pond only
group_3707,5,Accessory,FALSE,FALSE,TRUE,Conness Pond only
group_3706,5,Accessory,FALSE,FALSE,TRUE,Conness Pond only
group_3593,5,Accessory,FALSE,FALSE,TRUE,Conness Pond only
group_3332,6,Accessory,FALSE,TRUE,FALSE,Sixty Lake only
group_3324,6,Accessory,FALSE,TRUE,FALSE,Sixty Lake only
group_3316,6,Accessory,FALSE,TRUE,FALSE,Sixty Lake only
group_3281,6,Accessory,FALSE,TRUE,TRUE,Both ponds
group_3272,6,Accessory,FALSE,TRUE,FALSE,Sixty Lake only
group_3125,6,Accessory,FALSE,TRUE,TRUE,Both ponds
group_3124,5,Accessory,FALSE,FALSE,TRUE,Conness Pond only
group_3119,5,Accessory,FALSE,FALSE,TRUE,Conness Pond only
group_3063,5,Accessory,FALSE,FALSE,TRUE,Conness Pond only
group_3041,5,Accessory,FALSE,FALSE,TRUE,Conness Pond only
group_3034,5,Accessory,FALSE,FALSE,TRUE,Conness Pond only
dmlR_20,5,Accessory,TRUE,FALSE,TRUE,Conness Pond only
group_2957,5,Accessory,FALSE,FALSE,TRUE,Conness Pond only
group_2928,6,Accessory,FALSE,TRUE,TRUE,Both ponds
fbp_2~~~fbp_1,6,Accessory,TRUE,TRUE,FALSE,Sixty Lake only
group_2900,6,Accessory,FALSE,TRUE,TRUE,Both ponds
group_2891,5,Accessory,FALSE,FALSE,TRUE,Conness Pond only
group_2881,5,Accessory,FALSE,FALSE,TRUE,Conness Pond only
group_2872,5,Accessory,FALSE,FALSE,TRUE,Conness Pond only
group_2867,5,Accessory,FALSE,FALSE,TRUE,Conness Pond only
group_2860,5,Accessory,FALSE,FALSE,TRUE,Conness Pond only
group_2847,5,Accessory,FALSE,FALSE,TRUE,Conness Pond only
group_2845,5,Accessory,FALSE,FALSE,TRUE,Conness Pond only
group_2842,5,Accessory,FALSE,FALSE,TRUE,Conness Pond only
group_2837,5,Accessory,FALSE,FALSE,TRUE,Conness Pond only
group_2831,5,Accessory,FALSE,FALSE,TRUE,Conness Pond only
group_2811,5,Accessory,FALSE,FALSE,TRUE,Conness Pond only
group_2797,5,Accessory,FALSE,FALSE,TRUE,Conness Pond only
group_2796,5,Accessory,FALSE,FALSE,TRUE,Conness Pond only
group_2758,5,Accessory,FALSE,FALSE,TRUE,Conness Pond only
group_2747,5,Accessory,FALSE,FALSE,TRUE,Conness Pond only
group_2729,5,Accessory,FALSE,FALSE,TRUE,Conness Pond only
group_2711,5,Accessory,FALSE,FALSE,TRUE,Conness Pond only
group_2698,5,Accessory,FALSE,FALSE,TRUE,Conness Pond only
group_2689,5,Accessory,FALSE,FALSE,TRUE,Conness Pond only
group_2653,6,Accessory,FALSE,TRUE,FALSE,Sixty Lake only
group_2632,5,Accessory,FALSE,FALSE,TRUE,Conness Pond only
group_2623,6,Accessory,FALSE,TRUE,TRUE,Both ponds
group_2619,5,Accessory,FALSE,FALSE,TRUE,Conness Pond only
group_2608,5,Accessory,FALSE,FALSE,TRUE,Conness Pond only
group_2601,5,Accessory,FALSE,FALSE,TRUE,Conness Pond only
group_2600,5,Accessory,FALSE,FALSE,TRUE,Conness Pond only
group_2599,5,Accessory,FALSE,FALSE,TRUE,Conness Pond only
group_2598,5,Accessory,FALSE,FALSE,TRUE,Conness Pond only
group_2573,5,Accessory,FALSE,FALSE,TRUE,Conness Pond only
group_2572,5,Accessory,FALSE,FALSE,TRUE,Conness Pond only
group_2560,5,Accessory,FALSE,FALSE,TRUE,Conness Pond only
group_2559,5,Accessory,FALSE,FALSE,TRUE,Conness Pond only
group_2542,5,Accessory,FALSE,FALSE,TRUE,Conness Pond only
group_2535,5,Accessory,FALSE,FALSE,TRUE,Conness Pond only
group_2534,5,Accessory,FALSE,FALSE,TRUE,Conness Pond only
group_2533,5,Accessory,FALSE,FALSE,TRUE,Conness Pond only
group_2518,5,Accessory,FALSE,FALSE,TRUE,Conness Pond only
group_2517,5,Accessory,FALSE,FALSE,TRUE,Conness Pond only
group_2516,5,Accessory,FALSE,FALSE,TRUE,Conness Pond only
group_2515,5,Accessory,FALSE,FALSE,TRUE,Conness Pond only
group_2506,5,Accessory,FALSE,FALSE,TRUE,Conness Pond only
group_2505,5,Accessory,FALSE,FALSE,TRUE,Conness Pond only
group_2492,5,Accessory,FALSE,FALSE,TRUE,Conness Pond only
group_2491,5,Accessory,FALSE,FALSE,TRUE,Conness Pond only
group_2475,5,Accessory,FALSE,FALSE,TRUE,Conness Pond only
group_2451,5,Accessory,FALSE,FALSE,TRUE,Conness Pond only
group_2450,5,Accessory,FALSE,FALSE,TRUE,Conness Pond only
group_2437,5,Accessory,FALSE,FALSE,TRUE,Conness Pond only
group_2413,5,Accessory,FALSE,FALSE,TRUE,Conness Pond only
group_2385,5,Accessory,FALSE,FALSE,TRUE,Conness Pond only
group_2384,5,Accessory,FALSE,FALSE,TRUE,Conness Pond only
group_2362,5,Accessory,FALSE,FALSE,TRUE,Conness Pond only
group_2361,5,Accessory,FALSE,FALSE,TRUE,Conness Pond only
ybcO,5,Accessory,TRUE,FALSE,TRUE,Conness Pond only
group_2354,5,Accessory,FALSE,FALSE,TRUE,Conness Pond only
group_2345,5,Accessory,FALSE,FALSE,TRUE,Conness Pond only
group_2339,5,Accessory,FALSE,FALSE,TRUE,Conness Pond only
group_2338,5,Accessory,FALSE,FALSE,TRUE,Conness Pond only
group_2329,5,Accessory,FALSE,FALSE,TRUE,Conness Pond only
group_2328,5,Accessory,FALSE,FALSE,TRUE,Conness Pond only
group_2317,5,Accessory,FALSE,FALSE,TRUE,Conness Pond only
group_2316,5,Accessory,FALSE,FALSE,TRUE,Conness Pond only
group_2298,5,Accessory,FALSE,FALSE,TRUE,Conness Pond only
group_2291,5,Accessory,FALSE,FALSE,TRUE,Conness Pond only
group_2290,5,Accessory,FALSE,FALSE,TRUE,Conness Pond only
group_2289,5,Accessory,FALSE,FALSE,TRUE,Conness Pond only
group_2284,5,Accessory,FALSE,FALSE,TRUE,Conness Pond only
group_2275,5,Accessory,FALSE,FALSE,TRUE,Conness Pond only
group_2274,5,Accessory,FALSE,FALSE,TRUE,Conness Pond only
group_2265,5,Accessory,FALSE,FALSE,TRUE,Conness Pond only
group_2245,5,Accessory,FALSE,FALSE,TRUE,Conness Pond only
group_2231,5,Accessory,FALSE,FALSE,TRUE,Conness Pond only
group_2230,5,Accessory,FALSE,FALSE,TRUE,Conness Pond only
group_2218,5,Accessory,FALSE,FALSE,TRUE,Conness Pond only
group_2217,5,Accessory,FALSE,FALSE,TRUE,Conness Pond only
group_2216,5,Accessory,FALSE,FALSE,TRUE,Conness Pond only
group_2195,5,Accessory,FALSE,FALSE,TRUE,Conness Pond only
group_2194,5,Accessory,FALSE,FALSE,TRUE,Conness Pond only
group_2160,5,Accessory,FALSE,FALSE,TRUE,Conness Pond only
group_2159,5,Accessory,FALSE,FALSE,TRUE,Conness Pond only
group_2158,5,Accessory,FALSE,FALSE,TRUE,Conness Pond only
group_2157,5,Accessory,FALSE,FALSE,TRUE,Conness Pond only
group_2143,5,Accessory,FALSE,FALSE,TRUE,Conness Pond only
group_2131,5,Accessory,FALSE,FALSE,TRUE,Conness Pond only
group_2130,5,Accessory,FALSE,FALSE,TRUE,Conness Pond only
group_2129,5,Accessory,FALSE,FALSE,TRUE,Conness Pond only
group_2125,5,Accessory,FALSE,FALSE,TRUE,Conness Pond only
group_2124,5,Accessory,FALSE,FALSE,TRUE,Conness Pond only
group_2109,5,Accessory,FALSE,FALSE,TRUE,Conness Pond only
group_2108,5,Accessory,FALSE,FALSE,TRUE,Conness Pond only
group_2097,5,Accessory,FALSE,FALSE,TRUE,Conness Pond only
group_2088,5,Accessory,FALSE,FALSE,TRUE,Conness Pond only
group_2075,5,Accessory,FALSE,FALSE,TRUE,Conness Pond only
group_2061,5,Accessory,FALSE,FALSE,TRUE,Conness Pond only
group_2051,5,Accessory,FALSE,FALSE,TRUE,Conness Pond only
group_2039,5,Accessory,FALSE,FALSE,TRUE,Conness Pond only
group_2007,5,Accessory,FALSE,FALSE,TRUE,Conness Pond only
group_2002,5,Accessory,FALSE,FALSE,TRUE,Conness Pond only
group_1993,5,Accessory,FALSE,FALSE,TRUE,Conness Pond only
group_1992,5,Accessory,FALSE,FALSE,TRUE,Conness Pond only
group_1982,5,Accessory,FALSE,FALSE,TRUE,Conness Pond only
group_1961,5,Accessory,FALSE,FALSE,TRUE,Conness Pond only
group_1950,5,Accessory,FALSE,FALSE,TRUE,Conness Pond only
group_1946,6,Accessory,FALSE,TRUE,FALSE,Sixty Lake only
group_1939,5,Accessory,FALSE,FALSE,TRUE,Conness Pond only
group_1938,5,Accessory,FALSE,FALSE,TRUE,Conness Pond only
group_1919,5,Accessory,FALSE,FALSE,TRUE,Conness Pond only
group_1906,5,Accessory,FALSE,FALSE,TRUE,Conness Pond only
group_1905,5,Accessory,FALSE,FALSE,TRUE,Conness Pond only
group_1895,5,Accessory,FALSE,FALSE,TRUE,Conness Pond only
group_1884,5,Accessory,FALSE,FALSE,TRUE,Conness Pond only
group_1866,5,Accessory,FALSE,FALSE,TRUE,Conness Pond only
group_1847,5,Accessory,FALSE,FALSE,TRUE,Conness Pond only
group_1841,5,Accessory,FALSE,FALSE,TRUE,Conness Pond only
slyA_2,5,Accessory,TRUE,FALSE,TRUE,Conness Pond only
group_1816,5,Accessory,FALSE,FALSE,TRUE,Conness Pond only
group_1798,5,Accessory,FALSE,FALSE,TRUE,Conness Pond only
group_1797,5,Accessory,FALSE,FALSE,TRUE,Conness Pond only
group_1765,5,Accessory,FALSE,FALSE,TRUE,Conness Pond only
group_1764,5,Accessory,FALSE,FALSE,TRUE,Conness Pond only
group_1743,5,Accessory,FALSE,FALSE,TRUE,Conness Pond only
group_1742,5,Accessory,FALSE,FALSE,TRUE,Conness Pond only
group_1731,5,Accessory,FALSE,FALSE,TRUE,Conness Pond only
group_1722,5,Accessory,FALSE,FALSE,TRUE,Conness Pond only
group_1701,5,Accessory,FALSE,FALSE,TRUE,Conness Pond only
group_1688,5,Accessory,FALSE,FALSE,TRUE,Conness Pond only
group_1682,5,Accessory,FALSE,FALSE,TRUE,Conness Pond only
group_1663,5,Accessory,FALSE,FALSE,TRUE,Conness Pond only
group_1648,5,Accessory,FALSE,FALSE,TRUE,Conness Pond only
group_1647,5,Accessory,FALSE,FALSE,TRUE,Conness Pond only
group_1639,5,Accessory,FALSE,FALSE,TRUE,Conness Pond only
group_1638,5,Accessory,FALSE,FALSE,TRUE,Conness Pond only
group_1632,5,Accessory,FALSE,FALSE,TRUE,Conness Pond only
group_1621,5,Accessory,FALSE,FALSE,TRUE,Conness Pond only
group_1613,5,Accessory,FALSE,FALSE,TRUE,Conness Pond only
group_1601,5,Accessory,FALSE,FALSE,TRUE,Conness Pond only
group_1597,6,Accessory,FALSE,TRUE,TRUE,Both ponds
group_1581,5,Accessory,FALSE,FALSE,TRUE,Conness Pond only
group_1555,5,Accessory,FALSE,FALSE,TRUE,Conness Pond only
group_1523,5,Accessory,FALSE,FALSE,TRUE,Conness Pond only
group_1513,5,Accessory,FALSE,FALSE,TRUE,Conness Pond only
group_1508,5,Accessory,FALSE,FALSE,TRUE,Conness Pond only
group_1501,5,Accessory,FALSE,FALSE,TRUE,Conness Pond only
group_1490,5,Accessory,FALSE,FALSE,TRUE,Conness Pond only
group_1463,5,Accessory,FALSE,FALSE,TRUE,Conness Pond only
group_1462,5,Accessory,FALSE,FALSE,TRUE,Conness Pond only
group_1457,5,Accessory,FALSE,FALSE,TRUE,Conness Pond only
group_1435,5,Accessory,FALSE,FALSE,TRUE,Conness Pond only
group_1434,5,Accessory,FALSE,FALSE,TRUE,Conness Pond only
group_1433,5,Accessory,FALSE,FALSE,TRUE,Conness Pond only
group_1428,5,Accessory,FALSE,FALSE,TRUE,Conness Pond only
group_1427,5,Accessory,FALSE,FALSE,TRUE,Conness Pond only
group_1422,5,Accessory,FALSE,FALSE,TRUE,Conness Pond only
group_1421,5,Accessory,FALSE,FALSE,TRUE,Conness Pond only
group_1406,5,Accessory,FALSE,FALSE,TRUE,Conness Pond only
group_1405,5,Accessory,FALSE,FALSE,TRUE,Conness Pond only
group_1379,5,Accessory,FALSE,FALSE,TRUE,Conness Pond only
group_1359,5,Accessory,FALSE,FALSE,TRUE,Conness Pond only
group_1339,5,Accessory,FALSE,FALSE,TRUE,Conness Pond only
group_1334,5,Accessory,FALSE,FALSE,TRUE,Conness Pond only
group_1305,6,Accessory,FALSE,TRUE,FALSE,Sixty Lake only
group_1297,5,Accessory,FALSE,FALSE,TRUE,Conness Pond only
group_1278,5,Accessory,FALSE,FALSE,TRUE,Conness Pond only
group_1271,5,Accessory,FALSE,FALSE,TRUE,Conness Pond only
group_1252,5,Accessory,FALSE,FALSE,TRUE,Conness Pond only
group_1227,5,Accessory,FALSE,FALSE,TRUE,Conness Pond only
group_1226,5,Accessory,FALSE,FALSE,TRUE,Conness Pond only
group_1225,5,Accessory,FALSE,FALSE,TRUE,Conness Pond only
group_1212,5,Accessory,FALSE,FALSE,TRUE,Conness Pond only
group_1211,6,Accessory,FALSE,TRUE,FALSE,Sixty Lake only
prtR_3,5,Accessory,TRUE,FALSE,TRUE,Conness Pond only
group_1193,5,Accessory,FALSE,FALSE,TRUE,Conness Pond only
group_1187,5,Accessory,FALSE,FALSE,TRUE,Conness Pond only
kduD,6,Accessory,TRUE,TRUE,TRUE,Both ponds
group_1174,5,Accessory,FALSE,FALSE,TRUE,Conness Pond only
group_1164,5,Accessory,FALSE,FALSE,TRUE,Conness Pond only
group_1150,5,Accessory,FALSE,FALSE,TRUE,Conness Pond only
group_1142,5,Accessory,FALSE,FALSE,TRUE,Conness Pond only
group_1137,5,Accessory,FALSE,FALSE,TRUE,Conness Pond only
group_1122,5,Accessory,FALSE,FALSE,TRUE,Conness Pond only
group_1117,5,Accessory,FALSE,FALSE,TRUE,Conness Pond only
group_1096,5,Accessory,FALSE,FALSE,TRUE,Conness Pond only
group_1095,5,Accessory,FALSE,FALSE,TRUE,Conness Pond only
group_1084,5,Accessory,FALSE,FALSE,TRUE,Conness Pond only
group_1066,5,Accessory,FALSE,FALSE,TRUE,Conness Pond only
group_1052,5,Accessory,FALSE,FALSE,TRUE,Conness Pond only
group_1037,6,Accessory,FALSE,TRUE,FALSE,Sixty Lake only
group_1005,5,Accessory,FALSE,FALSE,TRUE,Conness Pond only
group_996,5,Accessory,FALSE,FALSE,TRUE,Conness Pond only
group_992,5,Accessory,FALSE,FALSE,TRUE,Conness Pond only
group_982,5,Accessory,FALSE,FALSE,TRUE,Conness Pond only
group_978,5,Accessory,FALSE,FALSE,TRUE,Conness Pond only
group_977,5,Accessory,FALSE,FALSE,TRUE,Conness Pond only
group_974,5,Accessory,FALSE,FALSE,TRUE,Conness Pond only
group_966,5,Accessory,FALSE,FALSE,TRUE,Conness Pond only
group_959,5,Accessory,FALSE,FALSE,TRUE,Conness Pond only
group_958,5,Accessory,FALSE,FALSE,TRUE,Conness Pond only
group_953,5,Accessory,FALSE,FALSE,TRUE,Conness Pond only
group_939,5,Accessory,FALSE,FALSE,TRUE,Conness Pond only
group_934,5,Accessory,FALSE,FALSE,TRUE,Conness Pond only
echA8_2,6,Accessory,TRUE,TRUE,FALSE,Sixty Lake only
group_920,5,Accessory,FALSE,FALSE,TRUE,Conness Pond only
group_919,5,Accessory,FALSE,FALSE,TRUE,Conness Pond only
group_883,5,Accessory,FALSE,FALSE,TRUE,Conness Pond only
group_882,6,Accessory,FALSE,TRUE,FALSE,Sixty Lake only
group_873,5,Accessory,FALSE,FALSE,TRUE,Conness Pond only
nodD2_4,5,Accessory,TRUE,FALSE,TRUE,Conness Pond only
group_865,5,Accessory,FALSE,FALSE,TRUE,Conness Pond only
moaA_2,5,Accessory,TRUE,FALSE,TRUE,Conness Pond only
group_845,5,Accessory,FALSE,FALSE,TRUE,Conness Pond only
group_835,5,Accessory,FALSE,FALSE,TRUE,Conness Pond only
group_822,5,Accessory,FALSE,FALSE,TRUE,Conness Pond only
group_806,5,Accessory,FALSE,FALSE,TRUE,Conness Pond only
group_805,5,Accessory,FALSE,FALSE,TRUE,Conness Pond only
nphR,6,Accessory,TRUE,TRUE,TRUE,Both ponds
group_782,5,Accessory,FALSE,FALSE,TRUE,Conness Pond only
group_776,5,Accessory,FALSE,FALSE,TRUE,Conness Pond only
group_742,5,Accessory,FALSE,FALSE,TRUE,Conness Pond only
group_711,5,Accessory,FALSE,FALSE,TRUE,Conness Pond only
group_707,5,Accessory,FALSE,FALSE,TRUE,Conness Pond only
group_705,5,Accessory,FALSE,FALSE,TRUE,Conness Pond only
ftsH_2,5,Accessory,TRUE,FALSE,TRUE,Conness Pond only
group_652,5,Accessory,FALSE,FALSE,TRUE,Conness Pond only
gutB,6,Accessory,TRUE,TRUE,TRUE,Both ponds
group_647,5,Accessory,FALSE,FALSE,TRUE,Conness Pond only
group_606,5,Accessory,FALSE,FALSE,TRUE,Conness Pond only
group_592,6,Accessory,FALSE,TRUE,FALSE,Sixty Lake only
tetX,5,Accessory,TRUE,FALSE,TRUE,Conness Pond only
group_566,5,Accessory,FALSE,FALSE,TRUE,Conness Pond only
group_555,5,Accessory,FALSE,FALSE,TRUE,Conness Pond only
group_538,5,Accessory,FALSE,FALSE,TRUE,Conness Pond only
group_537,5,Accessory,FALSE,FALSE,TRUE,Conness Pond only
group_526,5,Accessory,FALSE,FALSE,TRUE,Conness Pond only
rssB_1,5,Accessory,TRUE,FALSE,TRUE,Conness Pond only
intA_1,5,Accessory,TRUE,FALSE,TRUE,Conness Pond only
uctC_1,6,Accessory,TRUE,TRUE,FALSE,Sixty Lake only
pbuE_2,5,Accessory,TRUE,FALSE,TRUE,Conness Pond only
group_485,5,Accessory,FALSE,FALSE,TRUE,Conness Pond only
group_478,5,Accessory,FALSE,FALSE,TRUE,Conness Pond only
group_460,5,Accessory,FALSE,FALSE,TRUE,Conness Pond only
group_455,5,Accessory,FALSE,FALSE,TRUE,Conness Pond only
exuT_3,6,Accessory,TRUE,TRUE,TRUE,Both ponds
bspRIM,5,Accessory,TRUE,FALSE,TRUE,Conness Pond only
group_447,6,Accessory,FALSE,TRUE,TRUE,Both ponds
group_444,5,Accessory,FALSE,FALSE,TRUE,Conness Pond only
group_429,5,Accessory,FALSE,FALSE,TRUE,Conness Pond only
recF_2,5,Accessory,TRUE,FALSE,TRUE,Conness Pond only
group_362,5,Accessory,FALSE,FALSE,TRUE,Conness Pond only
group_360,5,Accessory,FALSE,FALSE,TRUE,Conness Pond only
group_351,5,Accessory,FALSE,FALSE,TRUE,Conness Pond only
group_345,5,Accessory,FALSE,FALSE,TRUE,Conness Pond only
group_315,5,Accessory,FALSE,FALSE,TRUE,Conness Pond only
group_310,5,Accessory,FALSE,FALSE,TRUE,Conness Pond only
group_308,5,Accessory,FALSE,FALSE,TRUE,Conness Pond only
group_298,5,Accessory,FALSE,FALSE,TRUE,Conness Pond only
group_286,5,Accessory,FALSE,FALSE,TRUE,Conness Pond only
group_245,5,Accessory,FALSE,FALSE,TRUE,Conness Pond only
alkJ_1,6,Accessory,TRUE,TRUE,TRUE,Both ponds
group_240,5,Accessory,FALSE,FALSE,TRUE,Conness Pond only
group_237,5,Accessory,FALSE,FALSE,TRUE,Conness Pond only
group_223,5,Accessory,FALSE,FALSE,TRUE,Conness Pond only
group_213,5,Accessory,FALSE,FALSE,TRUE,Conness Pond only
group_211,5,Accessory,FALSE,FALSE,TRUE,Conness Pond only
group_210,5,Accessory,FALSE,FALSE,TRUE,Conness Pond only
nfdA,5,Accessory,TRUE,FALSE,TRUE,Conness Pond only
group_170,5,Accessory,FALSE,FALSE,TRUE,Conness Pond only
recB_2,5,Accessory,TRUE,FALSE,TRUE,Conness Pond only
group_160,5,Accessory,FALSE,FALSE,TRUE,Conness Pond only
group_140,5,Accessory,FALSE,FALSE,TRUE,Conness Pond only
group_128,5,Accessory,FALSE,FALSE,TRUE,Conness Pond only
group_127,5,Accessory,FALSE,FALSE,TRUE,Conness Pond only
group_119,5,Accessory,FALSE,FALSE,TRUE,Conness Pond only
group_104,5,Accessory,FALSE,FALSE,TRUE,Conness Pond only
group_102,5,Accessory,FALSE,FALSE,TRUE,Conness Pond only
group_101,5,Accessory,FALSE,FALSE,TRUE,Conness Pond only
rcsC_2,5,Accessory,TRUE,FALSE,TRUE,Conness Pond only
group_93,5,Accessory,FALSE,FALSE,TRUE,Conness Pond only
group_91,5,Accessory,FALSE,FALSE,TRUE,Conness Pond only
group_90,5,Accessory,FALSE,FALSE,TRUE,Conness Pond only
group_86,5,Accessory,FALSE,FALSE,TRUE,Conness Pond only
group_83,5,Accessory,FALSE,FALSE,TRUE,Conness Pond only
group_80,5,Accessory,FALSE,FALSE,TRUE,Conness Pond only
group_72,5,Accessory,FALSE,FALSE,TRUE,Conness Pond only
group_69,5,Accessory,FALSE,FALSE,TRUE,Conness Pond only
group_58,5,Accessory,FALSE,FALSE,TRUE,Conness Pond only
group_55,5,Accessory,FALSE,FALSE,TRUE,Conness Pond only
group_51,5,Accessory,FALSE,FALSE,TRUE,Conness Pond only
group_48,5,Accessory,FALSE,FALSE,TRUE,Conness Pond only
group_42,5,Accessory,FALSE,FALSE,TRUE,Conness Pond only
addA_1,5,Accessory,TRUE,FALSE,TRUE,Conness Pond only
rapA_1,5,Accessory,TRUE,FALSE,TRUE,Conness Pond only
group_16,5,Accessory,FALSE,FALSE,TRUE,Conness Pond only
group_14,5,Accessory,FALSE,FALSE,TRUE,Conness Pond only
group_12,5,Accessory,FALSE,FALSE,TRUE,Conness Pond only
group_4337,4,Accessory,FALSE,FALSE,TRUE,Conness Pond only
group_4257,5,Accessory,FALSE,TRUE,TRUE,Both ponds
group_4256,5,Accessory,FALSE,TRUE,TRUE,Both ponds
group_4255,5,Accessory,FALSE,TRUE,TRUE,Both ponds
group_4253,5,Accessory,FALSE,TRUE,TRUE,Both ponds
group_4251,5,Accessory,FALSE,TRUE,TRUE,Both ponds
group_4248,5,Accessory,FALSE,TRUE,TRUE,Both ponds
group_4247,5,Accessory,FALSE,TRUE,TRUE,Both ponds
group_3536,5,Accessory,FALSE,TRUE,TRUE,Both ponds
group_3404,5,Accessory,FALSE,TRUE,TRUE,Both ponds
group_3398,5,Accessory,FALSE,TRUE,TRUE,Both ponds
group_3380,5,Accessory,FALSE,TRUE,TRUE,Both ponds
group_3375,5,Accessory,FALSE,TRUE,TRUE,Both ponds
group_3367,5,Accessory,FALSE,TRUE,TRUE,Both ponds
group_3355,5,Accessory,FALSE,TRUE,TRUE,Both ponds
group_3354,5,Accessory,FALSE,TRUE,TRUE,Both ponds
group_3341,5,Accessory,FALSE,TRUE,TRUE,Both ponds
group_3340,5,Accessory,FALSE,TRUE,TRUE,Both ponds
group_3326,5,Accessory,FALSE,TRUE,TRUE,Both ponds
group_3325,5,Accessory,FALSE,TRUE,TRUE,Both ponds
group_3321,5,Accessory,FALSE,TRUE,TRUE,Both ponds
group_3280,5,Accessory,FALSE,TRUE,TRUE,Both ponds
group_3257,5,Accessory,FALSE,TRUE,TRUE,Both ponds
group_3251,5,Accessory,FALSE,TRUE,TRUE,Both ponds
xerC_7~~~xerC_4,5,Accessory,TRUE,TRUE,TRUE,Both ponds
group_3137,5,Accessory,FALSE,TRUE,TRUE,Both ponds
group_3103,5,Accessory,FALSE,TRUE,TRUE,Both ponds
group_3076,5,Accessory,FALSE,TRUE,TRUE,Both ponds
group_3005,5,Accessory,FALSE,FALSE,TRUE,Conness Pond only
group_2833,5,Accessory,FALSE,TRUE,TRUE,Both ponds
group_2396,4,Accessory,FALSE,FALSE,TRUE,Conness Pond only
group_2227,5,Accessory,FALSE,TRUE,TRUE,Both ponds
group_2213,5,Accessory,FALSE,TRUE,TRUE,Both ponds
group_2180,5,Accessory,FALSE,TRUE,TRUE,Both ponds
group_2141,5,Accessory,FALSE,TRUE,TRUE,Both ponds
group_2140,5,Accessory,FALSE,TRUE,TRUE,Both ponds
group_1963,5,Accessory,FALSE,TRUE,TRUE,Both ponds
group_1875,5,Accessory,FALSE,TRUE,FALSE,Sixty Lake only
group_1868,5,Accessory,FALSE,TRUE,FALSE,Sixty Lake only
group_1771,5,Accessory,FALSE,TRUE,TRUE,Both ponds
group_1770,5,Accessory,FALSE,TRUE,TRUE,Both ponds
group_1762,5,Accessory,FALSE,TRUE,TRUE,Both ponds
group_1568,5,Accessory,FALSE,TRUE,TRUE,Both ponds
rmlC_1,5,Accessory,TRUE,TRUE,FALSE,Sixty Lake only
group_1487,5,Accessory,FALSE,TRUE,TRUE,Both ponds
group_1476,5,Accessory,FALSE,TRUE,FALSE,Sixty Lake only
perB,5,Accessory,TRUE,TRUE,FALSE,Sixty Lake only
gltF_4,5,Accessory,TRUE,TRUE,TRUE,Both ponds
group_1377,5,Accessory,FALSE,TRUE,TRUE,Both ponds
group_1328,5,Accessory,FALSE,TRUE,TRUE,Both ponds
tagG,5,Accessory,TRUE,TRUE,FALSE,Sixty Lake only
pgrR_2,5,Accessory,TRUE,TRUE,TRUE,Both ponds
group_797,5,Accessory,FALSE,TRUE,FALSE,Sixty Lake only
dadA,5,Accessory,TRUE,TRUE,TRUE,Both ponds
group_625,5,Accessory,FALSE,TRUE,FALSE,Sixty Lake only
vioA,5,Accessory,TRUE,TRUE,FALSE,Sixty Lake only
group_603,5,Accessory,FALSE,TRUE,TRUE,Both ponds
group_524,5,Accessory,FALSE,TRUE,FALSE,Sixty Lake only
btuD_3,5,Accessory,TRUE,TRUE,FALSE,Sixty Lake only
mtaD_1,5,Accessory,TRUE,TRUE,TRUE,Both ponds
smc_2,5,Accessory,TRUE,TRUE,FALSE,Sixty Lake only
group_97,5,Accessory,FALSE,TRUE,TRUE,Both ponds
group_68,5,Accessory,FALSE,TRUE,FALSE,Sixty Lake only
group_4274,4,Accessory,FALSE,TRUE,TRUE,Both ponds
group_4266,4,Accessory,FALSE,TRUE,TRUE,Both ponds
group_4263,4,Accessory,FALSE,TRUE,TRUE,Both ponds
group_4261,4,Accessory,FALSE,TRUE,TRUE,Both ponds
group_4259,4,Accessory,FALSE,TRUE,TRUE,Both ponds
group_4258,4,Accessory,FALSE,TRUE,TRUE,Both ponds
group_4254,4,Accessory,FALSE,TRUE,TRUE,Both ponds
group_4250,4,Accessory,FALSE,TRUE,TRUE,Both ponds
group_4249,4,Accessory,FALSE,TRUE,TRUE,Both ponds
group_4246,4,Accessory,FALSE,TRUE,TRUE,Both ponds
group_4244,4,Accessory,FALSE,TRUE,TRUE,Both ponds
hin_3,4,Accessory,TRUE,TRUE,TRUE,Both ponds
group_4243,4,Accessory,FALSE,TRUE,TRUE,Both ponds
group_4242,4,Accessory,FALSE,TRUE,TRUE,Both ponds
group_4241,4,Accessory,FALSE,TRUE,TRUE,Both ponds
group_4240,4,Accessory,FALSE,TRUE,TRUE,Both ponds
group_4239,4,Accessory,FALSE,TRUE,TRUE,Both ponds
group_4238,4,Accessory,FALSE,TRUE,TRUE,Both ponds
group_4237,4,Accessory,FALSE,TRUE,TRUE,Both ponds
group_4236,4,Accessory,FALSE,TRUE,TRUE,Both ponds
group_4235,4,Accessory,FALSE,TRUE,TRUE,Both ponds
group_4234,4,Accessory,FALSE,TRUE,TRUE,Both ponds
group_4233,4,Accessory,FALSE,TRUE,TRUE,Both ponds
group_4232,4,Accessory,FALSE,TRUE,TRUE,Both ponds
group_4231,4,Accessory,FALSE,TRUE,TRUE,Both ponds
group_4230,4,Accessory,FALSE,TRUE,TRUE,Both ponds
group_4229,4,Accessory,FALSE,TRUE,TRUE,Both ponds
group_4228,4,Accessory,FALSE,TRUE,TRUE,Both ponds
group_4227,4,Accessory,FALSE,TRUE,TRUE,Both ponds
group_4226,4,Accessory,FALSE,TRUE,TRUE,Both ponds
group_4225,4,Accessory,FALSE,TRUE,TRUE,Both ponds
group_4224,4,Accessory,FALSE,TRUE,TRUE,Both ponds
group_4223,4,Accessory,FALSE,TRUE,TRUE,Both ponds
group_4222,4,Accessory,FALSE,TRUE,TRUE,Both ponds
group_4221,4,Accessory,FALSE,TRUE,TRUE,Both ponds
group_4220,4,Accessory,FALSE,TRUE,TRUE,Both ponds
group_4219,4,Accessory,FALSE,TRUE,TRUE,Both ponds
group_4218,4,Accessory,FALSE,TRUE,TRUE,Both ponds
group_4217,4,Accessory,FALSE,TRUE,TRUE,Both ponds
group_4216,4,Accessory,FALSE,TRUE,TRUE,Both ponds
group_4215,4,Accessory,FALSE,TRUE,TRUE,Both ponds
group_4214,4,Accessory,FALSE,TRUE,TRUE,Both ponds
group_4213,4,Accessory,FALSE,TRUE,TRUE,Both ponds
group_4212,4,Accessory,FALSE,TRUE,TRUE,Both ponds
group_4211,4,Accessory,FALSE,TRUE,TRUE,Both ponds
group_4210,4,Accessory,FALSE,TRUE,TRUE,Both ponds
group_4209,4,Accessory,FALSE,TRUE,TRUE,Both ponds
group_4208,4,Accessory,FALSE,TRUE,TRUE,Both ponds
group_4207,4,Accessory,FALSE,TRUE,TRUE,Both ponds
group_4206,4,Accessory,FALSE,TRUE,TRUE,Both ponds
group_4205,4,Accessory,FALSE,TRUE,TRUE,Both ponds
higB_2,4,Accessory,TRUE,TRUE,TRUE,Both ponds
group_4204,4,Accessory,FALSE,TRUE,TRUE,Both ponds
group_4203,4,Accessory,FALSE,TRUE,TRUE,Both ponds
group_4202,4,Accessory,FALSE,TRUE,TRUE,Both ponds
group_4201,4,Accessory,FALSE,TRUE,TRUE,Both ponds
group_4200,4,Accessory,FALSE,TRUE,TRUE,Both ponds
group_4199,4,Accessory,FALSE,TRUE,TRUE,Both ponds
higA_2,4,Accessory,TRUE,TRUE,TRUE,Both ponds
group_4198,4,Accessory,FALSE,TRUE,TRUE,Both ponds
group_4197,4,Accessory,FALSE,TRUE,TRUE,Both ponds
group_4196,4,Accessory,FALSE,TRUE,TRUE,Both ponds
group_4195,4,Accessory,FALSE,TRUE,TRUE,Both ponds
group_4194,4,Accessory,FALSE,TRUE,TRUE,Both ponds
group_4193,4,Accessory,FALSE,TRUE,TRUE,Both ponds
group_4192,4,Accessory,FALSE,TRUE,TRUE,Both ponds
group_4191,4,Accessory,FALSE,TRUE,TRUE,Both ponds
group_4190,4,Accessory,FALSE,TRUE,TRUE,Both ponds
group_4189,4,Accessory,FALSE,TRUE,TRUE,Both ponds
group_4188,4,Accessory,FALSE,TRUE,TRUE,Both ponds
group_4187,4,Accessory,FALSE,TRUE,TRUE,Both ponds
group_4186,4,Accessory,FALSE,TRUE,TRUE,Both ponds
group_4185,4,Accessory,FALSE,TRUE,TRUE,Both ponds
group_4184,4,Accessory,FALSE,TRUE,TRUE,Both ponds
group_4183,4,Accessory,FALSE,TRUE,TRUE,Both ponds
group_4182,4,Accessory,FALSE,TRUE,TRUE,Both ponds
group_4181,4,Accessory,FALSE,TRUE,TRUE,Both ponds
fadD_5,4,Accessory,TRUE,TRUE,TRUE,Both ponds
group_4180,4,Accessory,FALSE,TRUE,TRUE,Both ponds
group_4179,4,Accessory,FALSE,TRUE,TRUE,Both ponds
resA_3,4,Accessory,TRUE,TRUE,TRUE,Both ponds
group_4178,4,Accessory,FALSE,TRUE,TRUE,Both ponds
group_4177,4,Accessory,FALSE,TRUE,TRUE,Both ponds
group_4176,4,Accessory,FALSE,TRUE,TRUE,Both ponds
group_4175,4,Accessory,FALSE,TRUE,TRUE,Both ponds
group_4174,4,Accessory,FALSE,TRUE,TRUE,Both ponds
group_4173,4,Accessory,FALSE,TRUE,TRUE,Both ponds
hin_2,4,Accessory,TRUE,TRUE,TRUE,Both ponds
group_4172,4,Accessory,FALSE,TRUE,TRUE,Both ponds
group_4171,4,Accessory,FALSE,TRUE,TRUE,Both ponds
group_4170,4,Accessory,FALSE,TRUE,TRUE,Both ponds
group_4169,4,Accessory,FALSE,TRUE,TRUE,Both ponds
group_4168,4,Accessory,FALSE,TRUE,TRUE,Both ponds
group_4167,4,Accessory,FALSE,TRUE,TRUE,Both ponds
group_4166,4,Accessory,FALSE,TRUE,TRUE,Both ponds
group_4165,4,Accessory,FALSE,TRUE,TRUE,Both ponds
group_4164,4,Accessory,FALSE,TRUE,TRUE,Both ponds
group_4163,4,Accessory,FALSE,TRUE,TRUE,Both ponds
group_4162,4,Accessory,FALSE,TRUE,TRUE,Both ponds
group_4161,4,Accessory,FALSE,TRUE,TRUE,Both ponds
group_4160,4,Accessory,FALSE,TRUE,TRUE,Both ponds
group_4159,4,Accessory,FALSE,TRUE,TRUE,Both ponds
group_4158,4,Accessory,FALSE,TRUE,TRUE,Both ponds
group_4157,4,Accessory,FALSE,TRUE,TRUE,Both ponds
arsH_2,4,Accessory,TRUE,TRUE,TRUE,Both ponds
group_4156,4,Accessory,FALSE,TRUE,TRUE,Both ponds
group_4155,4,Accessory,FALSE,TRUE,TRUE,Both ponds
group_4154,4,Accessory,FALSE,TRUE,TRUE,Both ponds
group_4153,4,Accessory,FALSE,TRUE,TRUE,Both ponds
group_4152,4,Accessory,FALSE,TRUE,TRUE,Both ponds
group_4151,4,Accessory,FALSE,TRUE,TRUE,Both ponds
ompP1,4,Accessory,TRUE,TRUE,TRUE,Both ponds
group_4150,4,Accessory,FALSE,TRUE,TRUE,Both ponds
fadD_6,4,Accessory,TRUE,TRUE,TRUE,Both ponds
group_4149,4,Accessory,FALSE,TRUE,TRUE,Both ponds
group_4148,4,Accessory,FALSE,TRUE,TRUE,Both ponds
group_4147,4,Accessory,FALSE,TRUE,TRUE,Both ponds
group_4146,4,Accessory,FALSE,TRUE,TRUE,Both ponds
group_4145,4,Accessory,FALSE,TRUE,TRUE,Both ponds
noc_2,4,Accessory,TRUE,TRUE,TRUE,Both ponds
group_4144,4,Accessory,FALSE,TRUE,TRUE,Both ponds
group_4143,4,Accessory,FALSE,TRUE,TRUE,Both ponds
group_4142,4,Accessory,FALSE,TRUE,TRUE,Both ponds
group_4141,4,Accessory,FALSE,TRUE,TRUE,Both ponds
intA,4,Accessory,TRUE,TRUE,TRUE,Both ponds
group_4140,4,Accessory,FALSE,TRUE,TRUE,Both ponds
group_4139,4,Accessory,FALSE,TRUE,TRUE,Both ponds
group_4138,4,Accessory,FALSE,TRUE,TRUE,Both ponds
tcpE,4,Accessory,TRUE,TRUE,TRUE,Both ponds
group_4137,4,Accessory,FALSE,TRUE,TRUE,Both ponds
group_4136,4,Accessory,FALSE,TRUE,TRUE,Both ponds
virB8,4,Accessory,TRUE,TRUE,TRUE,Both ponds
group_4135,4,Accessory,FALSE,TRUE,TRUE,Both ponds
group_4134,4,Accessory,FALSE,TRUE,TRUE,Both ponds
group_4133,4,Accessory,FALSE,TRUE,TRUE,Both ponds
group_4132,4,Accessory,FALSE,TRUE,TRUE,Both ponds
group_4131,4,Accessory,FALSE,TRUE,TRUE,Both ponds
group_4130,4,Accessory,FALSE,TRUE,TRUE,Both ponds
group_4129,4,Accessory,FALSE,TRUE,TRUE,Both ponds
outO_2,4,Accessory,TRUE,TRUE,TRUE,Both ponds
group_4128,4,Accessory,FALSE,TRUE,TRUE,Both ponds
group_4127,4,Accessory,FALSE,TRUE,TRUE,Both ponds
group_4126,4,Accessory,FALSE,TRUE,TRUE,Both ponds
rfaH,4,Accessory,TRUE,TRUE,TRUE,Both ponds
group_4125,4,Accessory,FALSE,TRUE,TRUE,Both ponds
virB4_1,4,Accessory,TRUE,TRUE,TRUE,Both ponds
group_4124,4,Accessory,FALSE,TRUE,TRUE,Both ponds
group_4123,4,Accessory,FALSE,TRUE,TRUE,Both ponds
group_4122,4,Accessory,FALSE,TRUE,TRUE,Both ponds
group_4121,4,Accessory,FALSE,TRUE,TRUE,Both ponds
group_4120,4,Accessory,FALSE,TRUE,TRUE,Both ponds
group_4119,4,Accessory,FALSE,TRUE,TRUE,Both ponds
group_4118,4,Accessory,FALSE,TRUE,TRUE,Both ponds
group_4117,4,Accessory,FALSE,TRUE,TRUE,Both ponds
group_4116,4,Accessory,FALSE,TRUE,TRUE,Both ponds
group_4115,4,Accessory,FALSE,TRUE,TRUE,Both ponds
group_4114,4,Accessory,FALSE,TRUE,TRUE,Both ponds
group_4113,4,Accessory,FALSE,TRUE,TRUE,Both ponds
group_4112,4,Accessory,FALSE,TRUE,TRUE,Both ponds
virD4,4,Accessory,TRUE,TRUE,TRUE,Both ponds
group_4111,4,Accessory,FALSE,TRUE,TRUE,Both ponds
chpB,4,Accessory,TRUE,TRUE,TRUE,Both ponds
group_4110,4,Accessory,FALSE,TRUE,TRUE,Both ponds
group_4109,4,Accessory,FALSE,TRUE,TRUE,Both ponds
group_4108,4,Accessory,FALSE,TRUE,TRUE,Both ponds
ssb_3,4,Accessory,TRUE,TRUE,TRUE,Both ponds
topB_2,4,Accessory,TRUE,TRUE,TRUE,Both ponds
group_4107,4,Accessory,FALSE,TRUE,TRUE,Both ponds
yhcR,4,Accessory,TRUE,TRUE,TRUE,Both ponds
group_4106,4,Accessory,FALSE,TRUE,TRUE,Both ponds
group_4105,4,Accessory,FALSE,TRUE,TRUE,Both ponds
group_4104,4,Accessory,FALSE,TRUE,TRUE,Both ponds
group_4103,4,Accessory,FALSE,TRUE,TRUE,Both ponds
chpS,4,Accessory,TRUE,TRUE,TRUE,Both ponds
group_4102,4,Accessory,FALSE,TRUE,TRUE,Both ponds
nadE_3,4,Accessory,TRUE,TRUE,TRUE,Both ponds
group_4101,4,Accessory,FALSE,TRUE,TRUE,Both ponds
group_4100,4,Accessory,FALSE,TRUE,TRUE,Both ponds
group_4099,4,Accessory,FALSE,TRUE,TRUE,Both ponds
group_4098,4,Accessory,FALSE,TRUE,TRUE,Both ponds
group_4097,4,Accessory,FALSE,TRUE,TRUE,Both ponds
group_4096,4,Accessory,FALSE,TRUE,TRUE,Both ponds
group_4095,4,Accessory,FALSE,TRUE,TRUE,Both ponds
group_4094,4,Accessory,FALSE,TRUE,TRUE,Both ponds
xerC_7,4,Accessory,TRUE,TRUE,TRUE,Both ponds
group_4093,4,Accessory,FALSE,TRUE,TRUE,Both ponds
group_4092,4,Accessory,FALSE,TRUE,TRUE,Both ponds
group_4091,4,Accessory,FALSE,TRUE,TRUE,Both ponds
group_4090,4,Accessory,FALSE,TRUE,TRUE,Both ponds
mexA_2,4,Accessory,TRUE,TRUE,TRUE,Both ponds
group_4089,4,Accessory,FALSE,TRUE,TRUE,Both ponds
group_4088,4,Accessory,FALSE,TRUE,TRUE,Both ponds
group_4087,4,Accessory,FALSE,TRUE,TRUE,Both ponds
group_4086,4,Accessory,FALSE,TRUE,TRUE,Both ponds
group_4085,4,Accessory,FALSE,TRUE,TRUE,Both ponds
pdeB,4,Accessory,TRUE,TRUE,TRUE,Both ponds
group_4084,4,Accessory,FALSE,TRUE,TRUE,Both ponds
mdtL_2,4,Accessory,TRUE,TRUE,TRUE,Both ponds
yhhW_3,4,Accessory,TRUE,TRUE,TRUE,Both ponds
group_4083,4,Accessory,FALSE,TRUE,TRUE,Both ponds
group_4082,4,Accessory,FALSE,TRUE,TRUE,Both ponds
group_4081,4,Accessory,FALSE,TRUE,TRUE,Both ponds
gdx_2,4,Accessory,TRUE,TRUE,TRUE,Both ponds
group_4080,4,Accessory,FALSE,TRUE,TRUE,Both ponds
group_4079,4,Accessory,FALSE,TRUE,TRUE,Both ponds
group_4078,4,Accessory,FALSE,TRUE,TRUE,Both ponds
group_4077,4,Accessory,FALSE,TRUE,TRUE,Both ponds
oprJ_2,4,Accessory,TRUE,TRUE,TRUE,Both ponds
group_4076,4,Accessory,FALSE,TRUE,TRUE,Both ponds
group_4075,4,Accessory,FALSE,TRUE,TRUE,Both ponds
group_4074,4,Accessory,FALSE,TRUE,TRUE,Both ponds
mexB_2,4,Accessory,TRUE,TRUE,TRUE,Both ponds
group_4073,4,Accessory,FALSE,TRUE,TRUE,Both ponds
prsE_3,4,Accessory,TRUE,TRUE,TRUE,Both ponds
group_4072,4,Accessory,FALSE,TRUE,TRUE,Both ponds
group_4071,4,Accessory,FALSE,TRUE,TRUE,Both ponds
group_4070,4,Accessory,FALSE,TRUE,TRUE,Both ponds
hin_1,4,Accessory,TRUE,TRUE,TRUE,Both ponds
group_4069,4,Accessory,FALSE,TRUE,TRUE,Both ponds
group_4068,4,Accessory,FALSE,TRUE,TRUE,Both ponds
group_4067,4,Accessory,FALSE,TRUE,TRUE,Both ponds
apxIB_1,4,Accessory,TRUE,TRUE,TRUE,Both ponds
oprJ_3,4,Accessory,TRUE,TRUE,TRUE,Both ponds
group_4066,4,Accessory,FALSE,TRUE,TRUE,Both ponds
group_4065,4,Accessory,FALSE,TRUE,TRUE,Both ponds
group_4064,4,Accessory,FALSE,TRUE,TRUE,Both ponds
group_4063,4,Accessory,FALSE,TRUE,TRUE,Both ponds
group_4062,4,Accessory,FALSE,TRUE,TRUE,Both ponds
group_4061,4,Accessory,FALSE,TRUE,TRUE,Both ponds
group_4060,4,Accessory,FALSE,TRUE,TRUE,Both ponds
group_4059,4,Accessory,FALSE,TRUE,TRUE,Both ponds
group_4058,4,Accessory,FALSE,TRUE,TRUE,Both ponds
group_4057,4,Accessory,FALSE,TRUE,TRUE,Both ponds
group_4056,4,Accessory,FALSE,TRUE,TRUE,Both ponds
group_4055,4,Accessory,FALSE,TRUE,TRUE,Both ponds
group_4054,4,Accessory,FALSE,TRUE,TRUE,Both ponds
group_4053,4,Accessory,FALSE,TRUE,TRUE,Both ponds
csrA1_2,4,Accessory,TRUE,TRUE,TRUE,Both ponds
group_4052,4,Accessory,FALSE,TRUE,TRUE,Both ponds
group_4051,4,Accessory,FALSE,TRUE,TRUE,Both ponds
group_4050,4,Accessory,FALSE,TRUE,TRUE,Both ponds
group_4049,4,Accessory,FALSE,TRUE,TRUE,Both ponds
group_4048,4,Accessory,FALSE,TRUE,TRUE,Both ponds
group_4047,4,Accessory,FALSE,TRUE,TRUE,Both ponds
group_4046,4,Accessory,FALSE,TRUE,TRUE,Both ponds
group_4045,4,Accessory,FALSE,TRUE,TRUE,Both ponds
group_4044,4,Accessory,FALSE,TRUE,TRUE,Both ponds
group_4043,4,Accessory,FALSE,TRUE,TRUE,Both ponds
group_4042,4,Accessory,FALSE,TRUE,TRUE,Both ponds
group_4041,4,Accessory,FALSE,TRUE,TRUE,Both ponds
group_4040,4,Accessory,FALSE,TRUE,TRUE,Both ponds
group_4039,4,Accessory,FALSE,TRUE,TRUE,Both ponds
group_4038,4,Accessory,FALSE,TRUE,TRUE,Both ponds
group_4037,4,Accessory,FALSE,TRUE,TRUE,Both ponds
group_4036,4,Accessory,FALSE,TRUE,TRUE,Both ponds
group_4035,4,Accessory,FALSE,TRUE,TRUE,Both ponds
group_4034,4,Accessory,FALSE,TRUE,TRUE,Both ponds
group_4033,4,Accessory,FALSE,TRUE,TRUE,Both ponds
gst,4,Accessory,TRUE,TRUE,TRUE,Both ponds
fadD_4,4,Accessory,TRUE,TRUE,TRUE,Both ponds
group_4032,4,Accessory,FALSE,TRUE,TRUE,Both ponds
traC_1,4,Accessory,TRUE,TRUE,TRUE,Both ponds
group_4031,4,Accessory,FALSE,TRUE,TRUE,Both ponds
group_4030,4,Accessory,FALSE,TRUE,TRUE,Both ponds
group_4029,4,Accessory,FALSE,TRUE,TRUE,Both ponds
group_4028,4,Accessory,FALSE,TRUE,TRUE,Both ponds
group_4027,4,Accessory,FALSE,TRUE,TRUE,Both ponds
group_4026,4,Accessory,FALSE,TRUE,TRUE,Both ponds
group_4025,4,Accessory,FALSE,TRUE,TRUE,Both ponds
oprJ_1,4,Accessory,TRUE,TRUE,TRUE,Both ponds
group_4024,4,Accessory,FALSE,TRUE,TRUE,Both ponds
group_4023,4,Accessory,FALSE,TRUE,TRUE,Both ponds
group_4022,4,Accessory,FALSE,TRUE,TRUE,Both ponds
group_4021,4,Accessory,FALSE,TRUE,TRUE,Both ponds
group_4020,4,Accessory,FALSE,TRUE,TRUE,Both ponds
group_4019,4,Accessory,FALSE,TRUE,TRUE,Both ponds
group_4018,4,Accessory,FALSE,TRUE,TRUE,Both ponds
group_4017,4,Accessory,FALSE,TRUE,TRUE,Both ponds
group_4016,4,Accessory,FALSE,TRUE,TRUE,Both ponds
group_4015,4,Accessory,FALSE,TRUE,TRUE,Both ponds
group_4014,4,Accessory,FALSE,TRUE,TRUE,Both ponds
group_4013,4,Accessory,FALSE,TRUE,TRUE,Both ponds
group_4012,4,Accessory,FALSE,TRUE,TRUE,Both ponds
group_4011,4,Accessory,FALSE,TRUE,TRUE,Both ponds
group_4010,4,Accessory,FALSE,TRUE,TRUE,Both ponds
noc_1,4,Accessory,TRUE,TRUE,TRUE,Both ponds
group_4009,4,Accessory,FALSE,TRUE,TRUE,Both ponds
group_4008,4,Accessory,FALSE,TRUE,TRUE,Both ponds
umuD_1,4,Accessory,TRUE,TRUE,TRUE,Both ponds
group_4007,4,Accessory,FALSE,TRUE,TRUE,Both ponds
group_4006,4,Accessory,FALSE,TRUE,TRUE,Both ponds
group_4005,4,Accessory,FALSE,TRUE,TRUE,Both ponds
group_4004,4,Accessory,FALSE,TRUE,TRUE,Both ponds
group_4003,4,Accessory,FALSE,TRUE,TRUE,Both ponds
group_4002,4,Accessory,FALSE,TRUE,TRUE,Both ponds
acrA,4,Accessory,TRUE,TRUE,TRUE,Both ponds
group_4001,4,Accessory,FALSE,TRUE,TRUE,Both ponds
group_4000,4,Accessory,FALSE,TRUE,TRUE,Both ponds
group_3999,4,Accessory,FALSE,TRUE,TRUE,Both ponds
group_3998,4,Accessory,FALSE,TRUE,TRUE,Both ponds
group_3997,4,Accessory,FALSE,TRUE,TRUE,Both ponds
group_3996,4,Accessory,FALSE,TRUE,TRUE,Both ponds
acrB,4,Accessory,TRUE,TRUE,TRUE,Both ponds
group_3995,4,Accessory,FALSE,TRUE,TRUE,Both ponds
dsbC_2,4,Accessory,TRUE,TRUE,TRUE,Both ponds
group_3994,4,Accessory,FALSE,TRUE,TRUE,Both ponds
group_3993,4,Accessory,FALSE,TRUE,TRUE,Both ponds
group_3992,4,Accessory,FALSE,TRUE,TRUE,Both ponds
group_3991,4,Accessory,FALSE,TRUE,TRUE,Both ponds
group_3990,4,Accessory,FALSE,TRUE,TRUE,Both ponds
group_3989,4,Accessory,FALSE,TRUE,TRUE,Both ponds
group_3988,4,Accessory,FALSE,TRUE,TRUE,Both ponds
group_3987,4,Accessory,FALSE,TRUE,TRUE,Both ponds
group_3986,4,Accessory,FALSE,TRUE,TRUE,Both ponds
group_3985,4,Accessory,FALSE,TRUE,TRUE,Both ponds
group_3984,4,Accessory,FALSE,TRUE,TRUE,Both ponds
group_3983,4,Accessory,FALSE,TRUE,TRUE,Both ponds
group_3982,4,Accessory,FALSE,TRUE,TRUE,Both ponds
group_3981,4,Accessory,FALSE,TRUE,TRUE,Both ponds
group_3980,4,Accessory,FALSE,TRUE,TRUE,Both ponds
radD,4,Accessory,TRUE,TRUE,TRUE,Both ponds
group_3979,4,Accessory,FALSE,TRUE,TRUE,Both ponds
group_3978,4,Accessory,FALSE,TRUE,TRUE,Both ponds
group_3977,4,Accessory,FALSE,TRUE,TRUE,Both ponds
group_3976,4,Accessory,FALSE,TRUE,TRUE,Both ponds
group_3975,4,Accessory,FALSE,TRUE,TRUE,Both ponds
group_3974,4,Accessory,FALSE,TRUE,TRUE,Both ponds
group_3973,4,Accessory,FALSE,TRUE,TRUE,Both ponds
group_3972,4,Accessory,FALSE,TRUE,TRUE,Both ponds
group_3971,4,Accessory,FALSE,TRUE,TRUE,Both ponds
umuC_1,4,Accessory,TRUE,TRUE,TRUE,Both ponds
group_3970,4,Accessory,FALSE,TRUE,TRUE,Both ponds
group_3969,4,Accessory,FALSE,TRUE,TRUE,Both ponds
group_3968,4,Accessory,FALSE,TRUE,TRUE,Both ponds
group_3967,4,Accessory,FALSE,TRUE,TRUE,Both ponds
group_3966,4,Accessory,FALSE,TRUE,TRUE,Both ponds
group_3965,4,Accessory,FALSE,TRUE,TRUE,Both ponds
group_3964,4,Accessory,FALSE,TRUE,TRUE,Both ponds
group_3963,4,Accessory,FALSE,TRUE,TRUE,Both ponds
group_3962,4,Accessory,FALSE,TRUE,TRUE,Both ponds
ssb_1,4,Accessory,TRUE,TRUE,TRUE,Both ponds
group_3961,4,Accessory,FALSE,TRUE,TRUE,Both ponds
group_3960,4,Accessory,FALSE,TRUE,TRUE,Both ponds
group_3959,4,Accessory,FALSE,TRUE,TRUE,Both ponds
group_3958,4,Accessory,FALSE,TRUE,TRUE,Both ponds
group_3957,4,Accessory,FALSE,TRUE,TRUE,Both ponds
group_3956,4,Accessory,FALSE,TRUE,TRUE,Both ponds
group_3955,4,Accessory,FALSE,TRUE,TRUE,Both ponds
group_3954,4,Accessory,FALSE,TRUE,TRUE,Both ponds
group_3953,4,Accessory,FALSE,TRUE,TRUE,Both ponds
group_3952,4,Accessory,FALSE,TRUE,TRUE,Both ponds
group_3951,4,Accessory,FALSE,TRUE,TRUE,Both ponds
group_3950,4,Accessory,FALSE,TRUE,TRUE,Both ponds
group_3949,4,Accessory,FALSE,TRUE,TRUE,Both ponds
cobS_2,4,Accessory,TRUE,TRUE,TRUE,Both ponds
group_3948,4,Accessory,FALSE,TRUE,TRUE,Both ponds
group_3947,4,Accessory,FALSE,TRUE,TRUE,Both ponds
group_3946,4,Accessory,FALSE,TRUE,TRUE,Both ponds
group_3945,4,Accessory,FALSE,TRUE,TRUE,Both ponds
group_3944,4,Accessory,FALSE,TRUE,TRUE,Both ponds
group_3943,4,Accessory,FALSE,TRUE,TRUE,Both ponds
group_3942,4,Accessory,FALSE,TRUE,TRUE,Both ponds
group_3941,4,Accessory,FALSE,TRUE,TRUE,Both ponds
cusS_2,4,Accessory,TRUE,TRUE,TRUE,Both ponds
group_3932,4,Accessory,FALSE,TRUE,TRUE,Both ponds
group_3927,4,Accessory,FALSE,TRUE,TRUE,Both ponds
group_3923,4,Accessory,FALSE,TRUE,TRUE,Both ponds
copR_3,4,Accessory,TRUE,TRUE,TRUE,Both ponds
mdtH,4,Accessory,TRUE,TRUE,TRUE,Both ponds
group_3917,4,Accessory,FALSE,TRUE,TRUE,Both ponds
group_3911,4,Accessory,FALSE,TRUE,TRUE,Both ponds
group_3899,4,Accessory,FALSE,TRUE,TRUE,Both ponds
group_3892,4,Accessory,FALSE,TRUE,TRUE,Both ponds
group_3888,4,Accessory,FALSE,TRUE,TRUE,Both ponds
group_3658,4,Accessory,FALSE,TRUE,TRUE,Both ponds
group_3578,4,Accessory,FALSE,TRUE,TRUE,Both ponds
group_3455,4,Accessory,FALSE,TRUE,FALSE,Sixty Lake only
group_3435,4,Accessory,FALSE,TRUE,FALSE,Sixty Lake only
group_3431,4,Accessory,FALSE,TRUE,FALSE,Sixty Lake only
group_3430,4,Accessory,FALSE,TRUE,FALSE,Sixty Lake only
group_3424,4,Accessory,FALSE,TRUE,FALSE,Sixty Lake only
bin3~~~bin3_2,4,Accessory,TRUE,TRUE,TRUE,Both ponds
group_3368,4,Accessory,FALSE,TRUE,FALSE,Sixty Lake only
group_3357,4,Accessory,FALSE,TRUE,FALSE,Sixty Lake only
group_3328,4,Accessory,FALSE,TRUE,FALSE,Sixty Lake only
group_3203,4,Accessory,FALSE,TRUE,FALSE,Sixty Lake only
group_3173,4,Accessory,FALSE,TRUE,FALSE,Sixty Lake only
intA_1~~~intA,4,Accessory,TRUE,TRUE,FALSE,Sixty Lake only
group_3130,4,Accessory,FALSE,TRUE,TRUE,Both ponds
group_3118,4,Accessory,FALSE,TRUE,TRUE,Both ponds
group_3108,4,Accessory,FALSE,TRUE,FALSE,Sixty Lake only
group_3087,4,Accessory,FALSE,TRUE,FALSE,Sixty Lake only
group_3044,4,Accessory,FALSE,TRUE,TRUE,Both ponds
group_3031,4,Accessory,FALSE,TRUE,TRUE,Both ponds
copR_1,4,Accessory,TRUE,TRUE,TRUE,Both ponds
group_2950,4,Accessory,FALSE,TRUE,TRUE,Both ponds
group_2890,4,Accessory,FALSE,TRUE,TRUE,Both ponds
group_2880,4,Accessory,FALSE,TRUE,TRUE,Both ponds
group_2873,4,Accessory,FALSE,TRUE,TRUE,Both ponds
group_2864,4,Accessory,FALSE,TRUE,TRUE,Both ponds
group_2858,4,Accessory,FALSE,TRUE,TRUE,Both ponds
group_2857,4,Accessory,FALSE,TRUE,TRUE,Both ponds
group_2853,4,Accessory,FALSE,TRUE,TRUE,Both ponds
group_2850,4,Accessory,FALSE,TRUE,TRUE,Both ponds
group_2849,4,Accessory,FALSE,TRUE,TRUE,Both ponds
group_2844,4,Accessory,FALSE,TRUE,TRUE,Both ponds
group_2834,4,Accessory,FALSE,TRUE,TRUE,Both ponds
group_2830,4,Accessory,FALSE,TRUE,TRUE,Both ponds
group_2825,4,Accessory,FALSE,TRUE,TRUE,Both ponds
group_2823,4,Accessory,FALSE,TRUE,TRUE,Both ponds
group_2815,4,Accessory,FALSE,TRUE,TRUE,Both ponds
group_2809,4,Accessory,FALSE,TRUE,TRUE,Both ponds
group_2806,4,Accessory,FALSE,TRUE,TRUE,Both ponds
group_2795,4,Accessory,FALSE,TRUE,TRUE,Both ponds
group_2766,4,Accessory,FALSE,TRUE,FALSE,Sixty Lake only
group_2756,4,Accessory,FALSE,TRUE,TRUE,Both ponds
group_2755,4,Accessory,FALSE,TRUE,TRUE,Both ponds
group_2754,4,Accessory,FALSE,TRUE,TRUE,Both ponds
group_2744,4,Accessory,FALSE,TRUE,TRUE,Both ponds
group_2743,4,Accessory,FALSE,TRUE,TRUE,Both ponds
group_2742,4,Accessory,FALSE,TRUE,TRUE,Both ponds
group_2733,4,Accessory,FALSE,TRUE,TRUE,Both ponds
group_2732,4,Accessory,FALSE,TRUE,TRUE,Both ponds
group_2727,4,Accessory,FALSE,TRUE,TRUE,Both ponds
group_2709,4,Accessory,FALSE,TRUE,TRUE,Both ponds
group_2708,4,Accessory,FALSE,TRUE,TRUE,Both ponds
group_2692,4,Accessory,FALSE,TRUE,TRUE,Both ponds
group_2688,4,Accessory,FALSE,TRUE,TRUE,Both ponds
group_2687,4,Accessory,FALSE,TRUE,TRUE,Both ponds
group_2686,4,Accessory,FALSE,TRUE,TRUE,Both ponds
group_2685,4,Accessory,FALSE,TRUE,TRUE,Both ponds
group_2684,4,Accessory,FALSE,TRUE,TRUE,Both ponds
group_2681,4,Accessory,FALSE,TRUE,FALSE,Sixty Lake only
group_2677,4,Accessory,FALSE,TRUE,TRUE,Both ponds
group_2676,4,Accessory,FALSE,TRUE,TRUE,Both ponds
group_2675,4,Accessory,FALSE,TRUE,TRUE,Both ponds
group_2674,4,Accessory,FALSE,TRUE,FALSE,Sixty Lake only
group_2654,4,Accessory,FALSE,TRUE,TRUE,Both ponds
group_2641,4,Accessory,FALSE,TRUE,TRUE,Both ponds
group_2640,4,Accessory,FALSE,TRUE,TRUE,Both ponds
group_2630,4,Accessory,FALSE,TRUE,TRUE,Both ponds
group_2629,4,Accessory,FALSE,TRUE,TRUE,Both ponds
group_2618,4,Accessory,FALSE,TRUE,TRUE,Both ponds
group_2617,4,Accessory,FALSE,TRUE,TRUE,Both ponds
group_2616,4,Accessory,FALSE,TRUE,TRUE,Both ponds
group_2615,4,Accessory,FALSE,TRUE,TRUE,Both ponds
group_2607,4,Accessory,FALSE,TRUE,TRUE,Both ponds
group_2606,4,Accessory,FALSE,TRUE,TRUE,Both ponds
group_2595,4,Accessory,FALSE,TRUE,TRUE,Both ponds
group_2594,4,Accessory,FALSE,TRUE,TRUE,Both ponds
group_2580,4,Accessory,FALSE,TRUE,TRUE,Both ponds
group_2579,4,Accessory,FALSE,TRUE,TRUE,Both ponds
relB,4,Accessory,TRUE,TRUE,TRUE,Both ponds
group_2570,4,Accessory,FALSE,TRUE,TRUE,Both ponds
group_2569,4,Accessory,FALSE,TRUE,TRUE,Both ponds
group_2568,4,Accessory,FALSE,TRUE,TRUE,Both ponds
group_2567,4,Accessory,FALSE,TRUE,TRUE,Both ponds
group_2555,4,Accessory,FALSE,TRUE,TRUE,Both ponds
group_2554,4,Accessory,FALSE,TRUE,TRUE,Both ponds
group_2553,4,Accessory,FALSE,TRUE,TRUE,Both ponds
group_2552,4,Accessory,FALSE,TRUE,TRUE,Both ponds
group_2546,4,Accessory,FALSE,TRUE,TRUE,Both ponds
group_2531,4,Accessory,FALSE,TRUE,TRUE,Both ponds
group_2530,4,Accessory,FALSE,TRUE,TRUE,Both ponds
group_2529,4,Accessory,FALSE,TRUE,TRUE,Both ponds
group_2513,4,Accessory,FALSE,TRUE,TRUE,Both ponds
group_2512,4,Accessory,FALSE,TRUE,TRUE,Both ponds
group_2511,4,Accessory,FALSE,TRUE,TRUE,Both ponds
group_2502,4,Accessory,FALSE,TRUE,TRUE,Both ponds
group_2501,4,Accessory,FALSE,TRUE,TRUE,Both ponds
group_2500,4,Accessory,FALSE,TRUE,TRUE,Both ponds
group_2488,4,Accessory,FALSE,TRUE,TRUE,Both ponds
group_2487,4,Accessory,FALSE,TRUE,TRUE,Both ponds
group_2486,4,Accessory,FALSE,TRUE,TRUE,Both ponds
group_2474,4,Accessory,FALSE,TRUE,TRUE,Both ponds
group_2471,4,Accessory,FALSE,TRUE,TRUE,Both ponds
group_2470,4,Accessory,FALSE,TRUE,TRUE,Both ponds
group_2461,4,Accessory,FALSE,TRUE,TRUE,Both ponds
group_2460,4,Accessory,FALSE,TRUE,TRUE,Both ponds
group_2459,4,Accessory,FALSE,TRUE,TRUE,Both ponds
group_2458,4,Accessory,FALSE,TRUE,TRUE,Both ponds
group_2457,4,Accessory,FALSE,TRUE,TRUE,Both ponds
group_2456,4,Accessory,FALSE,TRUE,TRUE,Both ponds
group_2449,4,Accessory,FALSE,TRUE,TRUE,Both ponds
group_2448,4,Accessory,FALSE,TRUE,TRUE,Both ponds
group_2447,4,Accessory,FALSE,TRUE,TRUE,Both ponds
group_2433,4,Accessory,FALSE,TRUE,TRUE,Both ponds
group_2424,4,Accessory,FALSE,TRUE,TRUE,Both ponds
group_2423,4,Accessory,FALSE,TRUE,TRUE,Both ponds
group_2411,4,Accessory,FALSE,TRUE,TRUE,Both ponds
group_2410,4,Accessory,FALSE,TRUE,TRUE,Both ponds
group_2402,4,Accessory,FALSE,TRUE,TRUE,Both ponds
group_2401,4,Accessory,FALSE,TRUE,TRUE,Both ponds
group_2394,4,Accessory,FALSE,TRUE,TRUE,Both ponds
group_2392,4,Accessory,FALSE,TRUE,FALSE,Sixty Lake only
group_2381,4,Accessory,FALSE,TRUE,TRUE,Both ponds
relE,4,Accessory,TRUE,TRUE,TRUE,Both ponds
group_2373,4,Accessory,FALSE,TRUE,TRUE,Both ponds
group_2372,4,Accessory,FALSE,TRUE,TRUE,Both ponds
group_2359,4,Accessory,FALSE,TRUE,TRUE,Both ponds
group_2358,4,Accessory,FALSE,TRUE,TRUE,Both ponds
group_2352,4,Accessory,FALSE,TRUE,TRUE,Both ponds
group_2351,4,Accessory,FALSE,TRUE,TRUE,Both ponds
group_2343,4,Accessory,FALSE,TRUE,TRUE,Both ponds
group_2342,4,Accessory,FALSE,TRUE,TRUE,Both ponds
group_2341,4,Accessory,FALSE,TRUE,TRUE,Both ponds
group_2335,4,Accessory,FALSE,TRUE,TRUE,Both ponds
group_2312,4,Accessory,FALSE,TRUE,TRUE,Both ponds
group_2296,4,Accessory,FALSE,TRUE,TRUE,Both ponds
group_2273,4,Accessory,FALSE,TRUE,TRUE,Both ponds
group_2272,4,Accessory,FALSE,TRUE,TRUE,Both ponds
group_2264,4,Accessory,FALSE,TRUE,TRUE,Both ponds
group_2254,4,Accessory,FALSE,TRUE,TRUE,Both ponds
group_2253,4,Accessory,FALSE,TRUE,TRUE,Both ponds
group_2242,4,Accessory,FALSE,TRUE,TRUE,Both ponds
group_2236,4,Accessory,FALSE,TRUE,FALSE,Sixty Lake only
group_2228,4,Accessory,FALSE,TRUE,TRUE,Both ponds
group_2226,4,Accessory,FALSE,TRUE,TRUE,Both ponds
group_2225,4,Accessory,FALSE,TRUE,TRUE,Both ponds
group_2212,4,Accessory,FALSE,TRUE,TRUE,Both ponds
group_2211,4,Accessory,FALSE,TRUE,TRUE,Both ponds
group_2164,4,Accessory,FALSE,TRUE,FALSE,Sixty Lake only
group_2156,4,Accessory,FALSE,TRUE,TRUE,Both ponds
group_2151,4,Accessory,FALSE,TRUE,TRUE,Both ponds
group_2142,4,Accessory,FALSE,TRUE,TRUE,Both ponds
group_2128,4,Accessory,FALSE,TRUE,FALSE,Sixty Lake only
spo0F,4,Accessory,TRUE,TRUE,TRUE,Both ponds
group_2123,4,Accessory,FALSE,TRUE,TRUE,Both ponds
group_2122,4,Accessory,FALSE,TRUE,TRUE,Both ponds
group_2106,4,Accessory,FALSE,TRUE,TRUE,Both ponds
group_2105,4,Accessory,FALSE,TRUE,TRUE,Both ponds
group_2103,4,Accessory,FALSE,TRUE,FALSE,Sixty Lake only
group_2094,4,Accessory,FALSE,TRUE,TRUE,Both ponds
group_2085,4,Accessory,FALSE,TRUE,TRUE,Both ponds
group_2059,4,Accessory,FALSE,TRUE,TRUE,Both ponds
group_2055,4,Accessory,FALSE,TRUE,FALSE,Sixty Lake only
group_2048,4,Accessory,FALSE,TRUE,TRUE,Both ponds
group_2047,4,Accessory,FALSE,TRUE,TRUE,Both ponds
group_2018,4,Accessory,FALSE,TRUE,TRUE,Both ponds
group_2006,4,Accessory,FALSE,TRUE,TRUE,Both ponds
group_2001,4,Accessory,FALSE,TRUE,TRUE,Both ponds
group_1991,4,Accessory,FALSE,TRUE,TRUE,Both ponds
group_1990,4,Accessory,FALSE,TRUE,TRUE,Both ponds
group_1948,4,Accessory,FALSE,TRUE,TRUE,Both ponds
group_1947,4,Accessory,FALSE,TRUE,TRUE,Both ponds
group_1937,4,Accessory,FALSE,TRUE,TRUE,Both ponds
group_1929,4,Accessory,FALSE,TRUE,TRUE,Both ponds
group_1918,4,Accessory,FALSE,TRUE,TRUE,Both ponds
group_1917,4,Accessory,FALSE,TRUE,TRUE,Both ponds
group_1914,4,Accessory,FALSE,TRUE,FALSE,Sixty Lake only
group_1893,4,Accessory,FALSE,TRUE,TRUE,Both ponds
group_1886,4,Accessory,FALSE,TRUE,TRUE,Both ponds
group_1872,4,Accessory,FALSE,TRUE,TRUE,Both ponds
group_1865,4,Accessory,FALSE,TRUE,TRUE,Both ponds
group_1856,4,Accessory,FALSE,TRUE,TRUE,Both ponds
group_1844,4,Accessory,FALSE,TRUE,TRUE,Both ponds
group_1840,4,Accessory,FALSE,TRUE,TRUE,Both ponds
yciE,4,Accessory,TRUE,TRUE,TRUE,Both ponds
rrrD,4,Accessory,TRUE,TRUE,TRUE,Both ponds
group_1809,4,Accessory,FALSE,TRUE,TRUE,Both ponds
group_1796,4,Accessory,FALSE,TRUE,TRUE,Both ponds
group_1795,4,Accessory,FALSE,TRUE,TRUE,Both ponds
group_1783,4,Accessory,FALSE,TRUE,TRUE,Both ponds
group_1782,4,Accessory,FALSE,TRUE,TRUE,Both ponds
group_1774,4,Accessory,FALSE,TRUE,TRUE,Both ponds
group_1772,4,Accessory,FALSE,TRUE,TRUE,Both ponds
group_1751,4,Accessory,FALSE,TRUE,TRUE,Both ponds
group_1750,4,Accessory,FALSE,TRUE,TRUE,Both ponds
group_1739,4,Accessory,FALSE,TRUE,TRUE,Both ponds
group_1730,4,Accessory,FALSE,TRUE,TRUE,Both ponds
group_1720,4,Accessory,FALSE,TRUE,TRUE,Both ponds
group_1691,4,Accessory,FALSE,TRUE,FALSE,Sixty Lake only
yciF,4,Accessory,TRUE,TRUE,TRUE,Both ponds
pncC_2,4,Accessory,TRUE,TRUE,TRUE,Both ponds
group_1671,4,Accessory,FALSE,TRUE,TRUE,Both ponds
group_1662,4,Accessory,FALSE,TRUE,TRUE,Both ponds
group_1661,4,Accessory,FALSE,TRUE,TRUE,Both ponds
group_1637,4,Accessory,FALSE,TRUE,TRUE,Both ponds
group_1636,4,Accessory,FALSE,TRUE,TRUE,Both ponds
group_1606,4,Accessory,FALSE,TRUE,TRUE,Both ponds
group_1605,4,Accessory,FALSE,TRUE,TRUE,Both ponds
group_1600,4,Accessory,FALSE,TRUE,TRUE,Both ponds
group_1599,4,Accessory,FALSE,TRUE,TRUE,Both ponds
group_1592,4,Accessory,FALSE,TRUE,TRUE,Both ponds
group_1580,4,Accessory,FALSE,TRUE,TRUE,Both ponds
group_1567,4,Accessory,FALSE,TRUE,TRUE,Both ponds
group_1546,4,Accessory,FALSE,TRUE,TRUE,Both ponds
group_1545,4,Accessory,FALSE,TRUE,TRUE,Both ponds
group_1531,4,Accessory,FALSE,TRUE,TRUE,Both ponds
group_1522,4,Accessory,FALSE,TRUE,TRUE,Both ponds
group_1521,4,Accessory,FALSE,TRUE,TRUE,Both ponds
group_1517,4,Accessory,FALSE,TRUE,TRUE,Both ponds
group_1499,4,Accessory,FALSE,TRUE,TRUE,Both ponds
group_1489,4,Accessory,FALSE,TRUE,TRUE,Both ponds
group_1488,4,Accessory,FALSE,TRUE,TRUE,Both ponds
group_1453,4,Accessory,FALSE,TRUE,TRUE,Both ponds
group_1452,4,Accessory,FALSE,TRUE,TRUE,Both ponds
group_1448,4,Accessory,FALSE,TRUE,TRUE,Both ponds
group_1432,4,Accessory,FALSE,TRUE,TRUE,Both ponds
group_1419,4,Accessory,FALSE,TRUE,TRUE,Both ponds
group_1395,4,Accessory,FALSE,TRUE,TRUE,Both ponds
group_1390,4,Accessory,FALSE,TRUE,TRUE,Both ponds
group_1378,4,Accessory,FALSE,TRUE,TRUE,Both ponds
group_1365,4,Accessory,FALSE,TRUE,TRUE,Both ponds
group_1349,4,Accessory,FALSE,TRUE,TRUE,Both ponds
group_1343,4,Accessory,FALSE,TRUE,TRUE,Both ponds
group_1342,4,Accessory,FALSE,TRUE,TRUE,Both ponds
cpnA,4,Accessory,TRUE,TRUE,TRUE,Both ponds
group_1310,4,Accessory,FALSE,TRUE,TRUE,Both ponds
gph_2,4,Accessory,TRUE,TRUE,TRUE,Both ponds
group_1296,4,Accessory,FALSE,TRUE,TRUE,Both ponds
group_1289,4,Accessory,FALSE,TRUE,TRUE,Both ponds
rcsB_4,4,Accessory,TRUE,TRUE,TRUE,Both ponds
group_1265,4,Accessory,FALSE,TRUE,TRUE,Both ponds
czcR_2,4,Accessory,TRUE,TRUE,TRUE,Both ponds
group_1264,4,Accessory,FALSE,TRUE,TRUE,Both ponds
group_1251,4,Accessory,FALSE,TRUE,TRUE,Both ponds
group_1249,4,Accessory,FALSE,TRUE,TRUE,Both ponds
group_1240,4,Accessory,FALSE,TRUE,TRUE,Both ponds
group_1237,4,Accessory,FALSE,TRUE,TRUE,Both ponds
group_1236,4,Accessory,FALSE,TRUE,TRUE,Both ponds
group_1230,4,Accessory,FALSE,TRUE,FALSE,Sixty Lake only
group_1224,4,Accessory,FALSE,TRUE,TRUE,Both ponds
group_1223,4,Accessory,FALSE,TRUE,TRUE,Both ponds
group_1204,4,Accessory,FALSE,TRUE,TRUE,Both ponds
group_1180,4,Accessory,FALSE,TRUE,TRUE,Both ponds
mngR,4,Accessory,TRUE,TRUE,TRUE,Both ponds
group_1163,4,Accessory,FALSE,TRUE,TRUE,Both ponds
group_1106,4,Accessory,FALSE,TRUE,TRUE,Both ponds
group_1100,4,Accessory,FALSE,TRUE,TRUE,Both ponds
fabG_5,4,Accessory,TRUE,TRUE,TRUE,Both ponds
group_1094,4,Accessory,FALSE,TRUE,TRUE,Both ponds
group_1073,4,Accessory,FALSE,TRUE,TRUE,Both ponds
dpnM,4,Accessory,TRUE,TRUE,TRUE,Both ponds
group_1050,4,Accessory,FALSE,TRUE,TRUE,Both ponds
dnaC_1,4,Accessory,TRUE,TRUE,TRUE,Both ponds
group_1038,4,Accessory,FALSE,TRUE,TRUE,Both ponds
group_1020,4,Accessory,FALSE,TRUE,TRUE,Both ponds
group_1019,4,Accessory,FALSE,TRUE,TRUE,Both ponds
group_1011,4,Accessory,FALSE,TRUE,TRUE,Both ponds
group_1002,4,Accessory,FALSE,TRUE,TRUE,Both ponds
group_984,4,Accessory,FALSE,TRUE,TRUE,Both ponds
group_983,4,Accessory,FALSE,TRUE,TRUE,Both ponds
pmdD,4,Accessory,TRUE,TRUE,TRUE,Both ponds
group_965,4,Accessory,FALSE,TRUE,TRUE,Both ponds
group_952,4,Accessory,FALSE,TRUE,TRUE,Both ponds
rutD_2,4,Accessory,TRUE,TRUE,TRUE,Both ponds
sppA,4,Accessory,TRUE,TRUE,TRUE,Both ponds
ydbD,4,Accessory,TRUE,TRUE,TRUE,Both ponds
traC_2,4,Accessory,TRUE,TRUE,TRUE,Both ponds
group_915,4,Accessory,FALSE,TRUE,TRUE,Both ponds
group_888,4,Accessory,FALSE,TRUE,TRUE,Both ponds
ompA_3,4,Accessory,TRUE,TRUE,TRUE,Both ponds
mrr,4,Accessory,TRUE,TRUE,TRUE,Both ponds
zupT_2,4,Accessory,TRUE,TRUE,TRUE,Both ponds
group_821,4,Accessory,FALSE,TRUE,TRUE,Both ponds
group_814,4,Accessory,FALSE,TRUE,TRUE,Both ponds
group_790,4,Accessory,FALSE,TRUE,TRUE,Both ponds
group_768,4,Accessory,FALSE,TRUE,TRUE,Both ponds
group_763,4,Accessory,FALSE,TRUE,TRUE,Both ponds
xerC_2,4,Accessory,TRUE,TRUE,TRUE,Both ponds
group_759,4,Accessory,FALSE,TRUE,TRUE,Both ponds
group_741,4,Accessory,FALSE,TRUE,TRUE,Both ponds
group_740,4,Accessory,FALSE,TRUE,TRUE,Both ponds
pikAII_1,4,Accessory,TRUE,TRUE,TRUE,Both ponds
group_730,4,Accessory,FALSE,TRUE,TRUE,Both ponds
cydB_2,4,Accessory,TRUE,TRUE,TRUE,Both ponds
ompA_2,4,Accessory,TRUE,TRUE,TRUE,Both ponds
xerC_6,4,Accessory,TRUE,TRUE,TRUE,Both ponds
group_710,4,Accessory,FALSE,TRUE,TRUE,Both ponds
group_671,4,Accessory,FALSE,TRUE,TRUE,Both ponds
group_670,4,Accessory,FALSE,TRUE,TRUE,Both ponds
group_662,4,Accessory,FALSE,TRUE,TRUE,Both ponds
group_641,4,Accessory,FALSE,TRUE,TRUE,Both ponds
group_636,4,Accessory,FALSE,TRUE,TRUE,Both ponds
group_624,4,Accessory,FALSE,TRUE,TRUE,Both ponds
group_622,4,Accessory,FALSE,TRUE,TRUE,Both ponds
group_612,4,Accessory,FALSE,TRUE,TRUE,Both ponds
oatA,4,Accessory,TRUE,TRUE,FALSE,Sixty Lake only
ydiO,4,Accessory,TRUE,TRUE,TRUE,Both ponds
nemA_4,4,Accessory,TRUE,TRUE,TRUE,Both ponds
group_594,4,Accessory,FALSE,TRUE,TRUE,Both ponds
group_593,4,Accessory,FALSE,TRUE,TRUE,Both ponds
group_582,4,Accessory,FALSE,TRUE,TRUE,Both ponds
group_581,4,Accessory,FALSE,TRUE,TRUE,Both ponds
group_573,4,Accessory,FALSE,TRUE,TRUE,Both ponds
group_572,4,Accessory,FALSE,TRUE,TRUE,Both ponds
group_567,4,Accessory,FALSE,TRUE,TRUE,Both ponds
group_564,4,Accessory,FALSE,TRUE,TRUE,Both ponds
group_563,4,Accessory,FALSE,TRUE,FALSE,Sixty Lake only
group_560,4,Accessory,FALSE,TRUE,TRUE,Both ponds
group_553,4,Accessory,FALSE,TRUE,TRUE,Both ponds
group_546,4,Accessory,FALSE,TRUE,TRUE,Both ponds
group_543,4,Accessory,FALSE,TRUE,TRUE,Both ponds
group_536,4,Accessory,FALSE,TRUE,TRUE,Both ponds
group_535,4,Accessory,FALSE,TRUE,TRUE,Both ponds
group_511,4,Accessory,FALSE,TRUE,TRUE,Both ponds
kaiC_4,4,Accessory,TRUE,TRUE,TRUE,Both ponds
group_501,4,Accessory,FALSE,TRUE,TRUE,Both ponds
group_481,4,Accessory,FALSE,TRUE,TRUE,Both ponds
group_480,4,Accessory,FALSE,TRUE,TRUE,Both ponds
group_467,4,Accessory,FALSE,TRUE,TRUE,Both ponds
intS,4,Accessory,TRUE,TRUE,TRUE,Both ponds
group_457,4,Accessory,FALSE,TRUE,TRUE,Both ponds
yjhB,4,Accessory,TRUE,TRUE,TRUE,Both ponds
group_438,4,Accessory,FALSE,TRUE,TRUE,Both ponds
group_428,4,Accessory,FALSE,TRUE,TRUE,Both ponds
yhdG_2,4,Accessory,TRUE,TRUE,TRUE,Both ponds
group_392,4,Accessory,FALSE,TRUE,TRUE,Both ponds
group_391,4,Accessory,FALSE,TRUE,TRUE,Both ponds
group_381,4,Accessory,FALSE,TRUE,TRUE,Both ponds
group_375,4,Accessory,FALSE,TRUE,TRUE,Both ponds
appC,4,Accessory,TRUE,TRUE,TRUE,Both ponds
sasA_2,4,Accessory,TRUE,TRUE,TRUE,Both ponds
group_348,4,Accessory,FALSE,TRUE,TRUE,Both ponds
group_347,4,Accessory,FALSE,TRUE,TRUE,Both ponds
group_344,4,Accessory,FALSE,TRUE,TRUE,Both ponds
group_335,4,Accessory,FALSE,TRUE,TRUE,Both ponds
group_329,4,Accessory,FALSE,TRUE,TRUE,Both ponds
group_320,4,Accessory,FALSE,TRUE,TRUE,Both ponds
group_312,4,Accessory,FALSE,TRUE,TRUE,Both ponds
group_304,4,Accessory,FALSE,TRUE,TRUE,Both ponds
group_281,4,Accessory,FALSE,TRUE,TRUE,Both ponds
group_279,4,Accessory,FALSE,TRUE,TRUE,Both ponds
group_260,4,Accessory,FALSE,TRUE,TRUE,Both ponds
group_243,4,Accessory,FALSE,TRUE,TRUE,Both ponds
group_235,4,Accessory,FALSE,TRUE,TRUE,Both ponds
group_219,4,Accessory,FALSE,TRUE,TRUE,Both ponds
group_200,4,Accessory,FALSE,TRUE,TRUE,Both ponds
group_196,4,Accessory,FALSE,TRUE,TRUE,Both ponds
rtpR,4,Accessory,TRUE,TRUE,TRUE,Both ponds
group_167,4,Accessory,FALSE,TRUE,TRUE,Both ponds
group_154,4,Accessory,FALSE,TRUE,TRUE,Both ponds
group_151,4,Accessory,FALSE,TRUE,TRUE,Both ponds
group_148,4,Accessory,FALSE,TRUE,TRUE,Both ponds
group_147,4,Accessory,FALSE,TRUE,TRUE,Both ponds
group_133,4,Accessory,FALSE,TRUE,TRUE,Both ponds
group_126,4,Accessory,FALSE,TRUE,TRUE,Both ponds
apxIB_2,4,Accessory,TRUE,TRUE,TRUE,Both ponds
ydeP_1,4,Accessory,TRUE,TRUE,TRUE,Both ponds
group_75,4,Accessory,FALSE,TRUE,TRUE,Both ponds
group_64,4,Accessory,FALSE,TRUE,TRUE,Both ponds
group_63,4,Accessory,FALSE,TRUE,TRUE,Both ponds
group_62,4,Accessory,FALSE,TRUE,TRUE,Both ponds
group_61,4,Accessory,FALSE,TRUE,TRUE,Both ponds
mdtC_1,4,Accessory,TRUE,TRUE,TRUE,Both ponds
group_35,4,Accessory,FALSE,TRUE,TRUE,Both ponds
bvgS_3,4,Accessory,TRUE,TRUE,TRUE,Both ponds
group_10,4,Accessory,FALSE,TRUE,TRUE,Both ponds
group_2,4,Accessory,FALSE,TRUE,TRUE,Both ponds
group_4348,3,Accessory,FALSE,FALSE,TRUE,Conness Pond only
group_4341,3,Accessory,FALSE,FALSE,TRUE,Conness Pond only
group_4273,3,Accessory,FALSE,TRUE,FALSE,Sixty Lake only
group_4272,3,Accessory,FALSE,TRUE,FALSE,Sixty Lake only
group_4271,3,Accessory,FALSE,TRUE,FALSE,Sixty Lake only
group_4270,3,Accessory,FALSE,TRUE,FALSE,Sixty Lake only
group_4269,3,Accessory,FALSE,TRUE,FALSE,Sixty Lake only
group_4268,3,Accessory,FALSE,TRUE,FALSE,Sixty Lake only
cph2,3,Accessory,TRUE,TRUE,FALSE,Sixty Lake only
group_4267,3,Accessory,FALSE,TRUE,FALSE,Sixty Lake only
group_3940,3,Accessory,FALSE,TRUE,FALSE,Sixty Lake only
group_3939,3,Accessory,FALSE,TRUE,FALSE,Sixty Lake only
group_3938,3,Accessory,FALSE,TRUE,FALSE,Sixty Lake only
group_3914,3,Accessory,FALSE,TRUE,FALSE,Sixty Lake only
group_3907,3,Accessory,FALSE,TRUE,FALSE,Sixty Lake only
group_3902,3,Accessory,FALSE,TRUE,FALSE,Sixty Lake only
group_3898,3,Accessory,FALSE,TRUE,FALSE,Sixty Lake only
occM_4,3,Accessory,TRUE,TRUE,FALSE,Sixty Lake only
glcB_2,3,Accessory,TRUE,TRUE,FALSE,Sixty Lake only
group_3887,3,Accessory,FALSE,TRUE,FALSE,Sixty Lake only
group_3886,3,Accessory,FALSE,TRUE,FALSE,Sixty Lake only
iolD_2,3,Accessory,TRUE,TRUE,FALSE,Sixty Lake only
exuR,3,Accessory,TRUE,TRUE,FALSE,Sixty Lake only
group_3885,3,Accessory,FALSE,TRUE,FALSE,Sixty Lake only
group_3884,3,Accessory,FALSE,TRUE,FALSE,Sixty Lake only
group_3883,3,Accessory,FALSE,TRUE,FALSE,Sixty Lake only
glcC_2,3,Accessory,TRUE,TRUE,FALSE,Sixty Lake only
group_3882,3,Accessory,FALSE,TRUE,FALSE,Sixty Lake only
group_3881,3,Accessory,FALSE,TRUE,FALSE,Sixty Lake only
group_3880,3,Accessory,FALSE,TRUE,FALSE,Sixty Lake only
nagZ_2,3,Accessory,TRUE,TRUE,FALSE,Sixty Lake only
ydhF,3,Accessory,TRUE,TRUE,FALSE,Sixty Lake only
group_3878,3,Accessory,FALSE,TRUE,FALSE,Sixty Lake only
group_3877,3,Accessory,FALSE,TRUE,FALSE,Sixty Lake only
group_3876,3,Accessory,FALSE,TRUE,FALSE,Sixty Lake only
group_3875,3,Accessory,FALSE,TRUE,FALSE,Sixty Lake only
group_3874,3,Accessory,FALSE,TRUE,FALSE,Sixty Lake only
gltK_2,3,Accessory,TRUE,TRUE,FALSE,Sixty Lake only
group_3873,3,Accessory,FALSE,TRUE,FALSE,Sixty Lake only
group_3872,3,Accessory,FALSE,TRUE,FALSE,Sixty Lake only
group_3871,3,Accessory,FALSE,TRUE,FALSE,Sixty Lake only
nagZ_1,3,Accessory,TRUE,TRUE,FALSE,Sixty Lake only
group_3870,3,Accessory,FALSE,TRUE,FALSE,Sixty Lake only
ydcV_3,3,Accessory,TRUE,TRUE,FALSE,Sixty Lake only
nadX,3,Accessory,TRUE,TRUE,FALSE,Sixty Lake only
group_3869,3,Accessory,FALSE,TRUE,FALSE,Sixty Lake only
group_3868,3,Accessory,FALSE,TRUE,FALSE,Sixty Lake only
tcyA_2,3,Accessory,TRUE,TRUE,FALSE,Sixty Lake only
group_3867,3,Accessory,FALSE,TRUE,FALSE,Sixty Lake only
tcyL,3,Accessory,TRUE,TRUE,FALSE,Sixty Lake only
group_3866,3,Accessory,FALSE,TRUE,FALSE,Sixty Lake only
alkJ_3,3,Accessory,TRUE,TRUE,FALSE,Sixty Lake only
group_3865,3,Accessory,FALSE,TRUE,FALSE,Sixty Lake only
group_3864,3,Accessory,FALSE,TRUE,FALSE,Sixty Lake only
iolI,3,Accessory,TRUE,TRUE,FALSE,Sixty Lake only
lutA,3,Accessory,TRUE,TRUE,FALSE,Sixty Lake only
group_3690,3,Accessory,FALSE,TRUE,FALSE,Sixty Lake only
ktrB,3,Accessory,TRUE,TRUE,FALSE,Sixty Lake only
group_3651,3,Accessory,FALSE,TRUE,FALSE,Sixty Lake only
group_3568,3,Accessory,FALSE,TRUE,FALSE,Sixty Lake only
group_3553,3,Accessory,FALSE,TRUE,FALSE,Sixty Lake only
group_3546,3,Accessory,FALSE,TRUE,FALSE,Sixty Lake only
group_3469,3,Accessory,FALSE,TRUE,FALSE,Sixty Lake only
group_2886,3,Accessory,FALSE,TRUE,FALSE,Sixty Lake only
group_2868,3,Accessory,FALSE,TRUE,FALSE,Sixty Lake only
group_2863,3,Accessory,FALSE,TRUE,FALSE,Sixty Lake only
group_2859,3,Accessory,FALSE,TRUE,FALSE,Sixty Lake only
group_2846,3,Accessory,FALSE,TRUE,FALSE,Sixty Lake only
group_2843,3,Accessory,FALSE,TRUE,FALSE,Sixty Lake only
group_2807,3,Accessory,FALSE,TRUE,FALSE,Sixty Lake only
group_2767,3,Accessory,FALSE,TRUE,FALSE,Sixty Lake only
group_2757,3,Accessory,FALSE,TRUE,FALSE,Sixty Lake only
group_2746,3,Accessory,FALSE,TRUE,FALSE,Sixty Lake only
group_2745,3,Accessory,FALSE,TRUE,FALSE,Sixty Lake only
group_2710,3,Accessory,FALSE,TRUE,FALSE,Sixty Lake only
group_2706,3,Accessory,FALSE,TRUE,FALSE,Sixty Lake only
group_2697,3,Accessory,FALSE,TRUE,FALSE,Sixty Lake only
group_2696,3,Accessory,FALSE,TRUE,FALSE,Sixty Lake only
group_2693,3,Accessory,FALSE,TRUE,FALSE,Sixty Lake only
group_2691,3,Accessory,FALSE,TRUE,FALSE,Sixty Lake only
group_2683,3,Accessory,FALSE,TRUE,FALSE,Sixty Lake only
group_2669,3,Accessory,FALSE,TRUE,FALSE,Sixty Lake only
group_2668,3,Accessory,FALSE,TRUE,FALSE,Sixty Lake only
group_2655,3,Accessory,FALSE,TRUE,FALSE,Sixty Lake only
group_2652,3,Accessory,FALSE,TRUE,FALSE,Sixty Lake only
group_2642,3,Accessory,FALSE,TRUE,FALSE,Sixty Lake only
group_2631,3,Accessory,FALSE,TRUE,FALSE,Sixty Lake only
group_2614,3,Accessory,FALSE,TRUE,FALSE,Sixty Lake only
group_2571,3,Accessory,FALSE,TRUE,FALSE,Sixty Lake only
group_2566,3,Accessory,FALSE,TRUE,FALSE,Sixty Lake only
group_2556,3,Accessory,FALSE,TRUE,FALSE,Sixty Lake only
group_2541,3,Accessory,FALSE,TRUE,FALSE,Sixty Lake only
group_2528,3,Accessory,FALSE,TRUE,FALSE,Sixty Lake only
group_2527,3,Accessory,FALSE,TRUE,FALSE,Sixty Lake only
group_2514,3,Accessory,FALSE,TRUE,FALSE,Sixty Lake only
group_2510,3,Accessory,FALSE,TRUE,FALSE,Sixty Lake only
group_2509,3,Accessory,FALSE,TRUE,FALSE,Sixty Lake only
group_2504,3,Accessory,FALSE,TRUE,FALSE,Sixty Lake only
group_2503,3,Accessory,FALSE,TRUE,FALSE,Sixty Lake only
group_2489,3,Accessory,FALSE,TRUE,FALSE,Sixty Lake only
group_2485,3,Accessory,FALSE,TRUE,FALSE,Sixty Lake only
group_2473,3,Accessory,FALSE,TRUE,FALSE,Sixty Lake only
group_2472,3,Accessory,FALSE,TRUE,FALSE,Sixty Lake only
group_2463,3,Accessory,FALSE,TRUE,FALSE,Sixty Lake only
group_2462,3,Accessory,FALSE,TRUE,FALSE,Sixty Lake only
group_2454,3,Accessory,FALSE,TRUE,FALSE,Sixty Lake only
group_2446,3,Accessory,FALSE,TRUE,FALSE,Sixty Lake only
group_2445,3,Accessory,FALSE,TRUE,FALSE,Sixty Lake only
group_2434,3,Accessory,FALSE,TRUE,FALSE,Sixty Lake only
group_2432,3,Accessory,FALSE,TRUE,FALSE,Sixty Lake only
group_2421,3,Accessory,FALSE,TRUE,FALSE,Sixty Lake only
group_2412,3,Accessory,FALSE,TRUE,FALSE,Sixty Lake only
group_2403,3,Accessory,FALSE,TRUE,FALSE,Sixty Lake only
group_2400,3,Accessory,FALSE,TRUE,FALSE,Sixty Lake only
group_2382,3,Accessory,FALSE,TRUE,FALSE,Sixty Lake only
group_2380,3,Accessory,FALSE,TRUE,FALSE,Sixty Lake only
group_2370,3,Accessory,FALSE,TRUE,FALSE,Sixty Lake only
group_2360,3,Accessory,FALSE,TRUE,FALSE,Sixty Lake only
group_2357,3,Accessory,FALSE,TRUE,FALSE,Sixty Lake only
group_2337,3,Accessory,FALSE,TRUE,FALSE,Sixty Lake only
group_2336,3,Accessory,FALSE,TRUE,FALSE,Sixty Lake only
group_2326,3,Accessory,FALSE,TRUE,FALSE,Sixty Lake only
group_2314,3,Accessory,FALSE,TRUE,FALSE,Sixty Lake only
group_2313,3,Accessory,FALSE,TRUE,FALSE,Sixty Lake only
group_2311,3,Accessory,FALSE,TRUE,FALSE,Sixty Lake only
group_2280,3,Accessory,FALSE,TRUE,FALSE,Sixty Lake only
group_2263,3,Accessory,FALSE,TRUE,FALSE,Sixty Lake only
group_2260,3,Accessory,FALSE,TRUE,FALSE,Sixty Lake only
group_2243,3,Accessory,FALSE,TRUE,FALSE,Sixty Lake only
group_2229,3,Accessory,FALSE,TRUE,FALSE,Sixty Lake only
group_2224,3,Accessory,FALSE,TRUE,FALSE,Sixty Lake only
group_2215,3,Accessory,FALSE,TRUE,FALSE,Sixty Lake only
group_2214,3,Accessory,FALSE,TRUE,FALSE,Sixty Lake only
group_2201,3,Accessory,FALSE,TRUE,FALSE,Sixty Lake only
group_2200,3,Accessory,FALSE,TRUE,FALSE,Sixty Lake only
group_2199,3,Accessory,FALSE,TRUE,FALSE,Sixty Lake only
group_2181,3,Accessory,FALSE,TRUE,FALSE,Sixty Lake only
group_2121,3,Accessory,FALSE,TRUE,FALSE,Sixty Lake only
group_2107,3,Accessory,FALSE,TRUE,FALSE,Sixty Lake only
group_2104,3,Accessory,FALSE,TRUE,FALSE,Sixty Lake only
group_2102,3,Accessory,FALSE,TRUE,FALSE,Sixty Lake only
group_2095,3,Accessory,FALSE,TRUE,FALSE,Sixty Lake only
group_2084,3,Accessory,FALSE,TRUE,FALSE,Sixty Lake only
group_2060,3,Accessory,FALSE,TRUE,FALSE,Sixty Lake only
group_2058,3,Accessory,FALSE,TRUE,FALSE,Sixty Lake only
group_2050,3,Accessory,FALSE,TRUE,FALSE,Sixty Lake only
group_2049,3,Accessory,FALSE,TRUE,FALSE,Sixty Lake only
group_2045,3,Accessory,FALSE,TRUE,FALSE,Sixty Lake only
group_2038,3,Accessory,FALSE,TRUE,FALSE,Sixty Lake only
group_2024,3,Accessory,FALSE,TRUE,FALSE,Sixty Lake only
group_2000,3,Accessory,FALSE,TRUE,FALSE,Sixty Lake only
group_1981,3,Accessory,FALSE,TRUE,FALSE,Sixty Lake only
group_1972,3,Accessory,FALSE,TRUE,FALSE,Sixty Lake only
group_1970,3,Accessory,FALSE,TRUE,FALSE,Sixty Lake only
group_1966,3,Accessory,FALSE,TRUE,FALSE,Sixty Lake only
group_1949,3,Accessory,FALSE,TRUE,FALSE,Sixty Lake only
group_1945,3,Accessory,FALSE,TRUE,FALSE,Sixty Lake only
group_1883,3,Accessory,FALSE,TRUE,FALSE,Sixty Lake only
group_1854,3,Accessory,FALSE,TRUE,FALSE,Sixty Lake only
group_1846,3,Accessory,FALSE,TRUE,FALSE,Sixty Lake only
group_1839,3,Accessory,FALSE,TRUE,FALSE,Sixty Lake only
group_1815,3,Accessory,FALSE,TRUE,FALSE,Sixty Lake only
group_1794,3,Accessory,FALSE,TRUE,FALSE,Sixty Lake only
group_1773,3,Accessory,FALSE,TRUE,FALSE,Sixty Lake only
group_1748,3,Accessory,FALSE,TRUE,FALSE,Sixty Lake only
group_1740,3,Accessory,FALSE,TRUE,FALSE,Sixty Lake only
hcpA_2,3,Accessory,TRUE,TRUE,FALSE,Sixty Lake only
group_1681,3,Accessory,FALSE,TRUE,FALSE,Sixty Lake only
group_1672,3,Accessory,FALSE,TRUE,FALSE,Sixty Lake only
group_1656,3,Accessory,FALSE,TRUE,FALSE,Sixty Lake only
group_1645,3,Accessory,FALSE,TRUE,FALSE,Sixty Lake only
group_1643,3,Accessory,FALSE,TRUE,FALSE,Sixty Lake only
group_1631,3,Accessory,FALSE,TRUE,FALSE,Sixty Lake only
group_1618,3,Accessory,FALSE,TRUE,FALSE,Sixty Lake only
group_1611,3,Accessory,FALSE,TRUE,FALSE,Sixty Lake only
group_1610,3,Accessory,FALSE,TRUE,FALSE,Sixty Lake only
group_1604,3,Accessory,FALSE,TRUE,FALSE,Sixty Lake only
group_1593,3,Accessory,FALSE,TRUE,FALSE,Sixty Lake only
group_1589,3,Accessory,FALSE,TRUE,FALSE,Sixty Lake only
group_1588,3,Accessory,FALSE,TRUE,FALSE,Sixty Lake only
group_1554,3,Accessory,FALSE,TRUE,FALSE,Sixty Lake only
group_1544,3,Accessory,FALSE,TRUE,FALSE,Sixty Lake only
group_1538,3,Accessory,FALSE,TRUE,FALSE,Sixty Lake only
group_1507,3,Accessory,FALSE,TRUE,FALSE,Sixty Lake only
group_1500,3,Accessory,FALSE,TRUE,FALSE,Sixty Lake only
group_1482,3,Accessory,FALSE,TRUE,FALSE,Sixty Lake only
group_1461,3,Accessory,FALSE,TRUE,FALSE,Sixty Lake only
group_1456,3,Accessory,FALSE,TRUE,FALSE,Sixty Lake only
group_1451,3,Accessory,FALSE,TRUE,FALSE,Sixty Lake only
bin3_1,3,Accessory,TRUE,TRUE,FALSE,Sixty Lake only
group_1413,3,Accessory,FALSE,TRUE,FALSE,Sixty Lake only
group_1399,3,Accessory,FALSE,TRUE,FALSE,Sixty Lake only
group_1398,3,Accessory,FALSE,TRUE,FALSE,Sixty Lake only
group_1391,3,Accessory,FALSE,TRUE,FALSE,Sixty Lake only
group_1371,3,Accessory,FALSE,TRUE,FALSE,Sixty Lake only
group_1370,3,Accessory,FALSE,TRUE,FALSE,Sixty Lake only
group_1350,3,Accessory,FALSE,TRUE,FALSE,Sixty Lake only
group_1316,3,Accessory,FALSE,TRUE,FALSE,Sixty Lake only
group_1315,3,Accessory,FALSE,TRUE,FALSE,Sixty Lake only
group_1304,3,Accessory,FALSE,TRUE,FALSE,Sixty Lake only
group_1282,3,Accessory,FALSE,TRUE,FALSE,Sixty Lake only
group_1281,3,Accessory,FALSE,TRUE,FALSE,Sixty Lake only
group_1270,3,Accessory,FALSE,TRUE,FALSE,Sixty Lake only
group_1269,3,Accessory,FALSE,TRUE,FALSE,Sixty Lake only
group_1268,3,Accessory,FALSE,TRUE,FALSE,Sixty Lake only
group_1267,3,Accessory,FALSE,TRUE,FALSE,Sixty Lake only
group_1258,3,Accessory,FALSE,TRUE,FALSE,Sixty Lake only
group_1250,3,Accessory,FALSE,TRUE,FALSE,Sixty Lake only
group_1233,3,Accessory,FALSE,TRUE,TRUE,Both ponds
group_1232,3,Accessory,FALSE,TRUE,FALSE,Sixty Lake only
group_1231,3,Accessory,FALSE,TRUE,FALSE,Sixty Lake only
group_1222,3,Accessory,FALSE,TRUE,FALSE,Sixty Lake only
group_1205,3,Accessory,FALSE,TRUE,FALSE,Sixty Lake only
group_1197,3,Accessory,FALSE,TRUE,FALSE,Sixty Lake only
group_1196,3,Accessory,FALSE,TRUE,FALSE,Sixty Lake only
group_1195,3,Accessory,FALSE,TRUE,FALSE,Sixty Lake only
group_1192,3,Accessory,FALSE,TRUE,FALSE,Sixty Lake only
group_1186,3,Accessory,FALSE,TRUE,FALSE,Sixty Lake only
group_1185,3,Accessory,FALSE,TRUE,FALSE,Sixty Lake only
group_1169,3,Accessory,FALSE,TRUE,FALSE,Sixty Lake only
group_1161,3,Accessory,FALSE,TRUE,FALSE,Sixty Lake only
group_1089,3,Accessory,FALSE,TRUE,FALSE,Sixty Lake only
group_1082,3,Accessory,FALSE,TRUE,FALSE,Sixty Lake only
group_1074,3,Accessory,FALSE,TRUE,FALSE,Sixty Lake only
group_1072,3,Accessory,FALSE,TRUE,FALSE,Sixty Lake only
group_1049,3,Accessory,FALSE,TRUE,FALSE,Sixty Lake only
group_1012,3,Accessory,FALSE,TRUE,FALSE,Sixty Lake only
group_1010,3,Accessory,FALSE,TRUE,FALSE,Sixty Lake only
group_991,3,Accessory,FALSE,TRUE,FALSE,Sixty Lake only
group_985,3,Accessory,FALSE,TRUE,FALSE,Sixty Lake only
group_964,3,Accessory,FALSE,TRUE,FALSE,Sixty Lake only
group_957,3,Accessory,FALSE,TRUE,FALSE,Sixty Lake only
group_938,3,Accessory,FALSE,TRUE,FALSE,Sixty Lake only
group_933,3,Accessory,FALSE,TRUE,FALSE,Sixty Lake only
group_932,3,Accessory,FALSE,TRUE,FALSE,Sixty Lake only
group_910,3,Accessory,FALSE,TRUE,FALSE,Sixty Lake only
group_909,3,Accessory,FALSE,TRUE,FALSE,Sixty Lake only
group_899,3,Accessory,FALSE,TRUE,FALSE,Sixty Lake only
group_881,3,Accessory,FALSE,TRUE,FALSE,Sixty Lake only
group_872,3,Accessory,FALSE,TRUE,FALSE,Sixty Lake only
group_861,3,Accessory,FALSE,TRUE,FALSE,Sixty Lake only
group_834,3,Accessory,FALSE,TRUE,FALSE,Sixty Lake only
group_813,3,Accessory,FALSE,TRUE,FALSE,Sixty Lake only
group_775,3,Accessory,FALSE,TRUE,FALSE,Sixty Lake only
group_774,3,Accessory,FALSE,TRUE,FALSE,Sixty Lake only
group_764,3,Accessory,FALSE,TRUE,FALSE,Sixty Lake only
group_762,3,Accessory,FALSE,TRUE,FALSE,Sixty Lake only
group_694,3,Accessory,FALSE,TRUE,FALSE,Sixty Lake only
group_690,3,Accessory,FALSE,TRUE,FALSE,Sixty Lake only
group_667,3,Accessory,FALSE,TRUE,FALSE,Sixty Lake only
group_661,3,Accessory,FALSE,TRUE,FALSE,Sixty Lake only
group_660,3,Accessory,FALSE,TRUE,FALSE,Sixty Lake only
group_640,3,Accessory,FALSE,TRUE,FALSE,Sixty Lake only
group_611,3,Accessory,FALSE,TRUE,FALSE,Sixty Lake only
group_607,3,Accessory,FALSE,TRUE,FALSE,Sixty Lake only
ipsA,3,Accessory,TRUE,TRUE,FALSE,Sixty Lake only
group_600,3,Accessory,FALSE,TRUE,FALSE,Sixty Lake only
group_595,3,Accessory,FALSE,TRUE,FALSE,Sixty Lake only
group_584,3,Accessory,FALSE,TRUE,FALSE,Sixty Lake only
group_576,3,Accessory,FALSE,TRUE,FALSE,Sixty Lake only
ybjJ_3,3,Accessory,TRUE,TRUE,FALSE,Sixty Lake only
group_554,3,Accessory,FALSE,TRUE,FALSE,Sixty Lake only
group_552,3,Accessory,FALSE,TRUE,FALSE,Sixty Lake only
group_530,3,Accessory,FALSE,TRUE,FALSE,Sixty Lake only
group_497,3,Accessory,FALSE,TRUE,FALSE,Sixty Lake only
group_491,3,Accessory,FALSE,TRUE,FALSE,Sixty Lake only
aplIM,3,Accessory,TRUE,TRUE,FALSE,Sixty Lake only
intQ,3,Accessory,TRUE,TRUE,FALSE,Sixty Lake only
group_479,3,Accessory,FALSE,TRUE,FALSE,Sixty Lake only
group_472,3,Accessory,FALSE,TRUE,FALSE,Sixty Lake only
group_466,3,Accessory,FALSE,TRUE,FALSE,Sixty Lake only
group_462,3,Accessory,FALSE,TRUE,FALSE,Sixty Lake only
ybjJ_2,3,Accessory,TRUE,TRUE,FALSE,Sixty Lake only
group_425,3,Accessory,FALSE,TRUE,FALSE,Sixty Lake only
group_423,3,Accessory,FALSE,TRUE,FALSE,Sixty Lake only
group_421,3,Accessory,FALSE,TRUE,FALSE,Sixty Lake only
hpsN,3,Accessory,TRUE,TRUE,FALSE,Sixty Lake only
group_390,3,Accessory,FALSE,TRUE,FALSE,Sixty Lake only
group_389,3,Accessory,FALSE,TRUE,FALSE,Sixty Lake only
group_387,3,Accessory,FALSE,TRUE,FALSE,Sixty Lake only
group_386,3,Accessory,FALSE,TRUE,FALSE,Sixty Lake only
group_307,3,Accessory,FALSE,TRUE,FALSE,Sixty Lake only
group_296,3,Accessory,FALSE,TRUE,FALSE,Sixty Lake only
group_282,3,Accessory,FALSE,TRUE,FALSE,Sixty Lake only
group_268,3,Accessory,FALSE,TRUE,FALSE,Sixty Lake only
group_264,3,Accessory,FALSE,TRUE,FALSE,Sixty Lake only
livQ,3,Accessory,TRUE,TRUE,FALSE,Sixty Lake only
group_248,3,Accessory,FALSE,TRUE,FALSE,Sixty Lake only
group_244,3,Accessory,FALSE,TRUE,FALSE,Sixty Lake only
group_236,3,Accessory,FALSE,TRUE,FALSE,Sixty Lake only
group_234,3,Accessory,FALSE,TRUE,FALSE,Sixty Lake only
group_224,3,Accessory,FALSE,TRUE,FALSE,Sixty Lake only
group_222,3,Accessory,FALSE,TRUE,FALSE,Sixty Lake only
pal_4,3,Accessory,TRUE,TRUE,FALSE,Sixty Lake only
group_204,3,Accessory,FALSE,TRUE,FALSE,Sixty Lake only
group_203,3,Accessory,FALSE,TRUE,FALSE,Sixty Lake only
ilvI_2,3,Accessory,TRUE,TRUE,FALSE,Sixty Lake only
group_195,3,Accessory,FALSE,TRUE,FALSE,Sixty Lake only
group_185,3,Accessory,FALSE,TRUE,FALSE,Sixty Lake only
group_159,3,Accessory,FALSE,TRUE,FALSE,Sixty Lake only
group_156,3,Accessory,FALSE,TRUE,FALSE,Sixty Lake only
group_153,3,Accessory,FALSE,TRUE,FALSE,Sixty Lake only
group_145,3,Accessory,FALSE,TRUE,FALSE,Sixty Lake only
group_124,3,Accessory,FALSE,TRUE,FALSE,Sixty Lake only
group_117,3,Accessory,FALSE,TRUE,FALSE,Sixty Lake only
group_113,3,Accessory,FALSE,TRUE,FALSE,Sixty Lake only
group_112,3,Accessory,FALSE,TRUE,FALSE,Sixty Lake only
group_110,3,Accessory,FALSE,TRUE,FALSE,Sixty Lake only
group_99,3,Accessory,FALSE,TRUE,FALSE,Sixty Lake only
group_74,3,Accessory,FALSE,TRUE,FALSE,Sixty Lake only
clpV1_3,3,Accessory,TRUE,TRUE,FALSE,Sixty Lake only
group_67,3,Accessory,FALSE,TRUE,FALSE,Sixty Lake only
dnaG_1,3,Accessory,TRUE,TRUE,FALSE,Sixty Lake only
group_44,3,Accessory,FALSE,TRUE,FALSE,Sixty Lake only
group_41,3,Accessory,FALSE,TRUE,FALSE,Sixty Lake only
group_34,3,Accessory,FALSE,TRUE,FALSE,Sixty Lake only
cpdA_3,3,Accessory,TRUE,TRUE,FALSE,Sixty Lake only
group_30,3,Accessory,FALSE,TRUE,FALSE,Sixty Lake only
group_24,3,Accessory,FALSE,TRUE,FALSE,Sixty Lake only
group_22,3,Accessory,FALSE,TRUE,FALSE,Sixty Lake only
group_4346,2,Accessory,FALSE,FALSE,TRUE,Conness Pond only
group_4345,2,Accessory,FALSE,FALSE,TRUE,Conness Pond only
group_4344,2,Accessory,FALSE,FALSE,TRUE,Conness Pond only
group_4343,2,Accessory,FALSE,FALSE,TRUE,Conness Pond only
group_4342,2,Accessory,FALSE,FALSE,TRUE,Conness Pond only
group_4340,2,Accessory,FALSE,FALSE,TRUE,Conness Pond only
group_4339,2,Accessory,FALSE,FALSE,TRUE,Conness Pond only
group_4329,2,Accessory,FALSE,TRUE,TRUE,Both ponds
group_4316,2,Accessory,FALSE,TRUE,TRUE,Both ponds
group_4313,2,Accessory,FALSE,TRUE,TRUE,Both ponds
group_4298,2,Accessory,FALSE,TRUE,TRUE,Both ponds
group_4297,2,Accessory,FALSE,TRUE,TRUE,Both ponds
group_4265,2,Accessory,FALSE,TRUE,TRUE,Both ponds
group_4264,2,Accessory,FALSE,TRUE,TRUE,Both ponds
group_4262,2,Accessory,FALSE,TRUE,TRUE,Both ponds
group_4260,2,Accessory,FALSE,TRUE,TRUE,Both ponds
sir2_2,2,Accessory,TRUE,TRUE,FALSE,Sixty Lake only
group_3879,2,Accessory,FALSE,TRUE,FALSE,Sixty Lake only
bacC_2,2,Accessory,TRUE,TRUE,TRUE,Both ponds
group_3444,2,Accessory,FALSE,TRUE,TRUE,Both ponds
group_3442,2,Accessory,FALSE,TRUE,TRUE,Both ponds
group_3441,2,Accessory,FALSE,TRUE,TRUE,Both ponds
group_3440,2,Accessory,FALSE,TRUE,TRUE,Both ponds
group_3439,2,Accessory,FALSE,TRUE,TRUE,Both ponds
group_3438,2,Accessory,FALSE,TRUE,TRUE,Both ponds
group_3437,2,Accessory,FALSE,TRUE,TRUE,Both ponds
group_3436,2,Accessory,FALSE,TRUE,TRUE,Both ponds
group_3432,2,Accessory,FALSE,TRUE,TRUE,Both ponds
group_3428,2,Accessory,FALSE,TRUE,TRUE,Both ponds
group_3427,2,Accessory,FALSE,TRUE,TRUE,Both ponds
group_3426,2,Accessory,FALSE,TRUE,TRUE,Both ponds
group_3420,2,Accessory,FALSE,TRUE,TRUE,Both ponds
group_3378,2,Accessory,FALSE,TRUE,TRUE,Both ponds
group_3371,2,Accessory,FALSE,TRUE,TRUE,Both ponds
group_3363,2,Accessory,FALSE,TRUE,TRUE,Both ponds
group_3342,2,Accessory,FALSE,TRUE,TRUE,Both ponds
rhsC,2,Accessory,TRUE,TRUE,FALSE,Sixty Lake only
gpFI_2,2,Accessory,TRUE,TRUE,TRUE,Both ponds
group_3273,2,Accessory,FALSE,TRUE,TRUE,Both ponds
group_3240,2,Accessory,FALSE,TRUE,TRUE,Both ponds
group_2870,2,Accessory,FALSE,TRUE,FALSE,Sixty Lake only
group_2852,2,Accessory,FALSE,TRUE,TRUE,Both ponds
group_2704,2,Accessory,FALSE,TRUE,FALSE,Sixty Lake only
group_2325,2,Accessory,FALSE,TRUE,FALSE,Sixty Lake only
group_2269,2,Accessory,FALSE,TRUE,FALSE,Sixty Lake only
group_2149,2,Accessory,FALSE,TRUE,FALSE,Sixty Lake only
crcB_1,2,Accessory,TRUE,TRUE,FALSE,Sixty Lake only
group_1924,2,Accessory,FALSE,TRUE,FALSE,Sixty Lake only
group_1744,2,Accessory,FALSE,TRUE,TRUE,Both ponds
group_1646,2,Accessory,FALSE,TRUE,TRUE,Both ponds
group_1384,2,Accessory,FALSE,TRUE,FALSE,Sixty Lake only
group_1030,2,Accessory,FALSE,TRUE,TRUE,Both ponds
group_655,2,Accessory,FALSE,TRUE,FALSE,Sixty Lake only
group_418,2,Accessory,FALSE,TRUE,TRUE,Both ponds
group_284,2,Accessory,FALSE,TRUE,FALSE,Sixty Lake only
group_125,2,Accessory,FALSE,TRUE,TRUE,Both ponds
group_4351,1,Unique,FALSE,FALSE,TRUE,Conness Pond only
group_4350,1,Unique,FALSE,FALSE,TRUE,Conness Pond only
group_4349,1,Unique,FALSE,FALSE,TRUE,Conness Pond only
group_4347,1,Unique,FALSE,FALSE,TRUE,Conness Pond only
group_4328,1,Unique,FALSE,TRUE,FALSE,Sixty Lake only
group_4327,1,Unique,FALSE,TRUE,FALSE,Sixty Lake only
group_4326,1,Unique,FALSE,TRUE,FALSE,Sixty Lake only
group_4325,1,Unique,FALSE,TRUE,FALSE,Sixty Lake only
group_4324,1,Unique,FALSE,TRUE,FALSE,Sixty Lake only
group_4323,1,Unique,FALSE,TRUE,FALSE,Sixty Lake only
group_4322,1,Unique,FALSE,TRUE,FALSE,Sixty Lake only
group_4321,1,Unique,FALSE,TRUE,FALSE,Sixty Lake only
group_4320,1,Unique,FALSE,TRUE,FALSE,Sixty Lake only
group_4319,1,Unique,FALSE,TRUE,FALSE,Sixty Lake only
group_4318,1,Unique,FALSE,TRUE,FALSE,Sixty Lake only
group_4317,1,Unique,FALSE,TRUE,FALSE,Sixty Lake only
group_4315,1,Unique,FALSE,TRUE,FALSE,Sixty Lake only
group_4314,1,Unique,FALSE,TRUE,FALSE,Sixty Lake only
group_4312,1,Unique,FALSE,TRUE,FALSE,Sixty Lake only
group_4311,1,Unique,FALSE,TRUE,FALSE,Sixty Lake only
group_4310,1,Unique,FALSE,TRUE,FALSE,Sixty Lake only
group_4309,1,Unique,FALSE,TRUE,FALSE,Sixty Lake only
group_4308,1,Unique,FALSE,TRUE,FALSE,Sixty Lake only
group_4307,1,Unique,FALSE,TRUE,FALSE,Sixty Lake only
group_4306,1,Unique,FALSE,TRUE,FALSE,Sixty Lake only
group_4305,1,Unique,FALSE,TRUE,FALSE,Sixty Lake only
group_4304,1,Unique,FALSE,TRUE,FALSE,Sixty Lake only
group_4303,1,Unique,FALSE,TRUE,FALSE,Sixty Lake only
group_4302,1,Unique,FALSE,TRUE,FALSE,Sixty Lake only
group_4301,1,Unique,FALSE,TRUE,FALSE,Sixty Lake only
emrE,1,Unique,TRUE,TRUE,FALSE,Sixty Lake only
group_4300,1,Unique,FALSE,TRUE,FALSE,Sixty Lake only
group_4299,1,Unique,FALSE,TRUE,FALSE,Sixty Lake only
group_4296,1,Unique,FALSE,TRUE,FALSE,Sixty Lake only
group_4295,1,Unique,FALSE,TRUE,FALSE,Sixty Lake only
group_4294,1,Unique,FALSE,TRUE,FALSE,Sixty Lake only
yheS_1,1,Unique,TRUE,TRUE,FALSE,Sixty Lake only
group_4293,1,Unique,FALSE,TRUE,FALSE,Sixty Lake only
group_4292,1,Unique,FALSE,TRUE,FALSE,Sixty Lake only
group_4291,1,Unique,FALSE,TRUE,FALSE,Sixty Lake only
group_4290,1,Unique,FALSE,TRUE,FALSE,Sixty Lake only
group_4289,1,Unique,FALSE,TRUE,FALSE,Sixty Lake only
group_4288,1,Unique,FALSE,TRUE,FALSE,Sixty Lake only
group_4287,1,Unique,FALSE,TRUE,FALSE,Sixty Lake only
group_4286,1,Unique,FALSE,TRUE,FALSE,Sixty Lake only
group_4285,1,Unique,FALSE,TRUE,FALSE,Sixty Lake only
group_4284,1,Unique,FALSE,TRUE,FALSE,Sixty Lake only
group_4283,1,Unique,FALSE,TRUE,FALSE,Sixty Lake only
group_4282,1,Unique,FALSE,TRUE,FALSE,Sixty Lake only
group_4281,1,Unique,FALSE,TRUE,FALSE,Sixty Lake only
group_4280,1,Unique,FALSE,TRUE,FALSE,Sixty Lake only
group_4279,1,Unique,FALSE,TRUE,FALSE,Sixty Lake only
group_4278,1,Unique,FALSE,TRUE,FALSE,Sixty Lake only
group_4277,1,Unique,FALSE,TRUE,FALSE,Sixty Lake only
group_4276,1,Unique,FALSE,TRUE,FALSE,Sixty Lake only
group_4275,1,Unique,FALSE,TRUE,FALSE,Sixty Lake only
hxpA_2,1,Unique,TRUE,TRUE,FALSE,Sixty Lake only
acrE,1,Unique,TRUE,TRUE,FALSE,Sixty Lake only
group_4252,1,Unique,FALSE,TRUE,FALSE,Sixty Lake only
group_4245,1,Unique,FALSE,TRUE,FALSE,Sixty Lake only
group_3783,1,Unique,FALSE,TRUE,FALSE,Sixty Lake only
group_3767,1,Unique,FALSE,TRUE,FALSE,Sixty Lake only
group_3737,1,Unique,FALSE,TRUE,FALSE,Sixty Lake only
group_3696,1,Unique,FALSE,TRUE,FALSE,Sixty Lake only
group_3669,1,Unique,FALSE,TRUE,FALSE,Sixty Lake only
group_3666,1,Unique,FALSE,TRUE,FALSE,Sixty Lake only
intA_3,1,Unique,TRUE,TRUE,FALSE,Sixty Lake only
group_3616,1,Unique,FALSE,TRUE,FALSE,Sixty Lake only
group_3591,1,Unique,FALSE,TRUE,FALSE,Sixty Lake only
group_3571,1,Unique,FALSE,TRUE,FALSE,Sixty Lake only
group_3570,1,Unique,FALSE,FALSE,TRUE,Conness Pond only
group_3556,1,Unique,FALSE,FALSE,TRUE,Conness Pond only
group_3539,1,Unique,FALSE,TRUE,FALSE,Sixty Lake only
group_3510,1,Unique,FALSE,TRUE,FALSE,Sixty Lake only
group_3507,1,Unique,FALSE,TRUE,FALSE,Sixty Lake only
group_3504,1,Unique,FALSE,TRUE,FALSE,Sixty Lake only
group_3500,1,Unique,FALSE,TRUE,FALSE,Sixty Lake only
group_3471,1,Unique,FALSE,FALSE,TRUE,Conness Pond only
group_3468,1,Unique,FALSE,TRUE,FALSE,Sixty Lake only
group_3458,1,Unique,FALSE,TRUE,FALSE,Sixty Lake only
group_3453,1,Unique,FALSE,FALSE,TRUE,Conness Pond only
group_3443,1,Unique,FALSE,TRUE,FALSE,Sixty Lake only
group_2888,1,Unique,FALSE,FALSE,TRUE,Conness Pond only
group_2887,1,Unique,FALSE,TRUE,FALSE,Sixty Lake only
group_2883,1,Unique,FALSE,TRUE,FALSE,Sixty Lake only
group_2882,1,Unique,FALSE,TRUE,FALSE,Sixty Lake only
group_2878,1,Unique,FALSE,FALSE,TRUE,Conness Pond only
group_2877,1,Unique,FALSE,TRUE,FALSE,Sixty Lake only
group_2876,1,Unique,FALSE,FALSE,TRUE,Conness Pond only
group_2875,1,Unique,FALSE,TRUE,FALSE,Sixty Lake only
group_2871,1,Unique,FALSE,TRUE,FALSE,Sixty Lake only
group_2869,1,Unique,FALSE,TRUE,FALSE,Sixty Lake only
group_2865,1,Unique,FALSE,TRUE,FALSE,Sixty Lake only
group_2861,1,Unique,FALSE,FALSE,TRUE,Conness Pond only
group_2856,1,Unique,FALSE,TRUE,FALSE,Sixty Lake only
group_2838,1,Unique,FALSE,FALSE,TRUE,Conness Pond only
group_2835,1,Unique,FALSE,TRUE,FALSE,Sixty Lake only
group_2832,1,Unique,FALSE,FALSE,TRUE,Conness Pond only
group_2829,1,Unique,FALSE,TRUE,FALSE,Sixty Lake only
group_2827,1,Unique,FALSE,FALSE,TRUE,Conness Pond only
group_2826,1,Unique,FALSE,FALSE,TRUE,Conness Pond only
group_2819,1,Unique,FALSE,FALSE,TRUE,Conness Pond only
group_2817,1,Unique,FALSE,TRUE,FALSE,Sixty Lake only
group_2816,1,Unique,FALSE,TRUE,FALSE,Sixty Lake only
group_2810,1,Unique,FALSE,TRUE,FALSE,Sixty Lake only
group_2798,1,Unique,FALSE,FALSE,TRUE,Conness Pond only
group_2793,1,Unique,FALSE,FALSE,TRUE,Conness Pond only
group_2786,1,Unique,FALSE,FALSE,TRUE,Conness Pond only
group_2777,1,Unique,FALSE,FALSE,TRUE,Conness Pond only
group_2776,1,Unique,FALSE,FALSE,TRUE,Conness Pond only
group_2775,1,Unique,FALSE,TRUE,FALSE,Sixty Lake only
group_2770,1,Unique,FALSE,TRUE,FALSE,Sixty Lake only
group_2768,1,Unique,FALSE,FALSE,TRUE,Conness Pond only
group_2765,1,Unique,FALSE,TRUE,FALSE,Sixty Lake only
group_2764,1,Unique,FALSE,TRUE,FALSE,Sixty Lake only
group_2759,1,Unique,FALSE,FALSE,TRUE,Conness Pond only
group_2749,1,Unique,FALSE,FALSE,TRUE,Conness Pond only
group_2748,1,Unique,FALSE,FALSE,TRUE,Conness Pond only
group_2736,1,Unique,FALSE,FALSE,TRUE,Conness Pond only
group_2728,1,Unique,FALSE,TRUE,FALSE,Sixty Lake only
group_2726,1,Unique,FALSE,TRUE,FALSE,Sixty Lake only
group_2725,1,Unique,FALSE,TRUE,FALSE,Sixty Lake only
group_2719,1,Unique,FALSE,FALSE,TRUE,Conness Pond only
group_2714,1,Unique,FALSE,FALSE,TRUE,Conness Pond only
group_2713,1,Unique,FALSE,FALSE,TRUE,Conness Pond only
group_2712,1,Unique,FALSE,FALSE,TRUE,Conness Pond only
group_2699,1,Unique,FALSE,FALSE,TRUE,Conness Pond only
group_2694,1,Unique,FALSE,FALSE,TRUE,Conness Pond only
group_2690,1,Unique,FALSE,FALSE,TRUE,Conness Pond only
group_2678,1,Unique,FALSE,FALSE,TRUE,Conness Pond only
group_2661,1,Unique,FALSE,TRUE,FALSE,Sixty Lake only
group_2659,1,Unique,FALSE,FALSE,TRUE,Conness Pond only
group_2658,1,Unique,FALSE,FALSE,TRUE,Conness Pond only
group_2657,1,Unique,FALSE,FALSE,TRUE,Conness Pond only
group_2656,1,Unique,FALSE,TRUE,FALSE,Sixty Lake only
group_2649,1,Unique,FALSE,TRUE,FALSE,Sixty Lake only
group_2644,1,Unique,FALSE,FALSE,TRUE,Conness Pond only
group_2643,1,Unique,FALSE,FALSE,TRUE,Conness Pond only
group_2634,1,Unique,FALSE,FALSE,TRUE,Conness Pond only
group_2633,1,Unique,FALSE,FALSE,TRUE,Conness Pond only
group_2620,1,Unique,FALSE,FALSE,TRUE,Conness Pond only
group_2604,1,Unique,FALSE,TRUE,FALSE,Sixty Lake only
group_2603,1,Unique,FALSE,FALSE,TRUE,Conness Pond only
group_2602,1,Unique,FALSE,FALSE,TRUE,Conness Pond only
group_2597,1,Unique,FALSE,TRUE,FALSE,Sixty Lake only
group_2596,1,Unique,FALSE,TRUE,FALSE,Sixty Lake only
group_2592,1,Unique,FALSE,TRUE,FALSE,Sixty Lake only
group_2585,1,Unique,FALSE,FALSE,TRUE,Conness Pond only
group_2584,1,Unique,FALSE,FALSE,TRUE,Conness Pond only
group_2583,1,Unique,FALSE,FALSE,TRUE,Conness Pond only
group_2582,1,Unique,FALSE,FALSE,TRUE,Conness Pond only
group_2577,1,Unique,FALSE,TRUE,FALSE,Sixty Lake only
group_2576,1,Unique,FALSE,TRUE,FALSE,Sixty Lake only
group_2561,1,Unique,FALSE,TRUE,FALSE,Sixty Lake only
group_2558,1,Unique,FALSE,TRUE,FALSE,Sixty Lake only
group_2557,1,Unique,FALSE,TRUE,FALSE,Sixty Lake only
group_2548,1,Unique,FALSE,FALSE,TRUE,Conness Pond only
group_2547,1,Unique,FALSE,FALSE,TRUE,Conness Pond only
group_2543,1,Unique,FALSE,FALSE,TRUE,Conness Pond only
group_2537,1,Unique,FALSE,FALSE,TRUE,Conness Pond only
group_2536,1,Unique,FALSE,FALSE,TRUE,Conness Pond only
group_2532,1,Unique,FALSE,TRUE,FALSE,Sixty Lake only
group_2519,1,Unique,FALSE,FALSE,TRUE,Conness Pond only
group_2499,1,Unique,FALSE,TRUE,FALSE,Sixty Lake only
group_2494,1,Unique,FALSE,FALSE,TRUE,Conness Pond only
group_2493,1,Unique,FALSE,FALSE,TRUE,Conness Pond only
group_2490,1,Unique,FALSE,TRUE,FALSE,Sixty Lake only
group_2479,1,Unique,FALSE,TRUE,FALSE,Sixty Lake only
group_2476,1,Unique,FALSE,FALSE,TRUE,Conness Pond only
group_2466,1,Unique,FALSE,TRUE,FALSE,Sixty Lake only
group_2438,1,Unique,FALSE,FALSE,TRUE,Conness Pond only
group_2436,1,Unique,FALSE,TRUE,FALSE,Sixty Lake only
group_2435,1,Unique,FALSE,TRUE,FALSE,Sixty Lake only
group_2428,1,Unique,FALSE,TRUE,FALSE,Sixty Lake only
group_2425,1,Unique,FALSE,FALSE,TRUE,Conness Pond only
group_2407,1,Unique,FALSE,TRUE,FALSE,Sixty Lake only
group_2395,1,Unique,FALSE,TRUE,FALSE,Sixty Lake only
group_2391,1,Unique,FALSE,TRUE,FALSE,Sixty Lake only
group_2386,1,Unique,FALSE,FALSE,TRUE,Conness Pond only
group_2383,1,Unique,FALSE,TRUE,FALSE,Sixty Lake only
group_2376,1,Unique,FALSE,FALSE,TRUE,Conness Pond only
group_2375,1,Unique,FALSE,TRUE,FALSE,Sixty Lake only
group_2374,1,Unique,FALSE,TRUE,FALSE,Sixty Lake only
group_2369,1,Unique,FALSE,TRUE,FALSE,Sixty Lake only
group_2364,1,Unique,FALSE,FALSE,TRUE,Conness Pond only
group_2363,1,Unique,FALSE,FALSE,TRUE,Conness Pond only
group_2355,1,Unique,FALSE,FALSE,TRUE,Conness Pond only
group_2353,1,Unique,FALSE,TRUE,FALSE,Sixty Lake only
group_2344,1,Unique,FALSE,TRUE,FALSE,Sixty Lake only
group_2333,1,Unique,FALSE,TRUE,FALSE,Sixty Lake only
group_2327,1,Unique,FALSE,TRUE,FALSE,Sixty Lake only
group_2302,1,Unique,FALSE,FALSE,TRUE,Conness Pond only
group_2301,1,Unique,FALSE,FALSE,TRUE,Conness Pond only
group_2300,1,Unique,FALSE,FALSE,TRUE,Conness Pond only
group_2299,1,Unique,FALSE,FALSE,TRUE,Conness Pond only
group_2297,1,Unique,FALSE,TRUE,FALSE,Sixty Lake only
group_2267,1,Unique,FALSE,TRUE,FALSE,Sixty Lake only
group_2244,1,Unique,FALSE,TRUE,FALSE,Sixty Lake only
group_2241,1,Unique,FALSE,TRUE,FALSE,Sixty Lake only
group_2233,1,Unique,FALSE,FALSE,TRUE,Conness Pond only
group_2232,1,Unique,FALSE,FALSE,TRUE,Conness Pond only
group_2219,1,Unique,FALSE,FALSE,TRUE,Conness Pond only
group_2204,1,Unique,FALSE,FALSE,TRUE,Conness Pond only
group_2202,1,Unique,FALSE,TRUE,FALSE,Sixty Lake only
group_2184,1,Unique,FALSE,FALSE,TRUE,Conness Pond only
group_2183,1,Unique,FALSE,FALSE,TRUE,Conness Pond only
group_2182,1,Unique,FALSE,TRUE,FALSE,Sixty Lake only
group_2170,1,Unique,FALSE,TRUE,FALSE,Sixty Lake only
group_2169,1,Unique,FALSE,TRUE,FALSE,Sixty Lake only
group_2161,1,Unique,FALSE,FALSE,TRUE,Conness Pond only
group_2152,1,Unique,FALSE,FALSE,TRUE,Conness Pond only
group_2144,1,Unique,FALSE,FALSE,TRUE,Conness Pond only
group_2132,1,Unique,FALSE,FALSE,TRUE,Conness Pond only
group_2126,1,Unique,FALSE,FALSE,TRUE,Conness Pond only
group_2111,1,Unique,FALSE,FALSE,TRUE,Conness Pond only
group_2110,1,Unique,FALSE,FALSE,TRUE,Conness Pond only
group_2090,1,Unique,FALSE,FALSE,TRUE,Conness Pond only
group_2089,1,Unique,FALSE,FALSE,TRUE,Conness Pond only
group_2087,1,Unique,FALSE,TRUE,FALSE,Sixty Lake only
group_2086,1,Unique,FALSE,TRUE,FALSE,Sixty Lake only
yfdG,1,Unique,TRUE,TRUE,FALSE,Sixty Lake only
group_2068,1,Unique,FALSE,FALSE,TRUE,Conness Pond only
group_2067,1,Unique,FALSE,FALSE,TRUE,Conness Pond only
group_2066,1,Unique,FALSE,FALSE,TRUE,Conness Pond only
group_2053,1,Unique,FALSE,FALSE,TRUE,Conness Pond only
group_2034,1,Unique,FALSE,TRUE,FALSE,Sixty Lake only
group_2030,1,Unique,FALSE,FALSE,TRUE,Conness Pond only
group_2029,1,Unique,FALSE,FALSE,TRUE,Conness Pond only
group_2025,1,Unique,FALSE,FALSE,TRUE,Conness Pond only
group_2019,1,Unique,FALSE,FALSE,TRUE,Conness Pond only
group_2016,1,Unique,FALSE,TRUE,FALSE,Sixty Lake only
group_1967,1,Unique,FALSE,FALSE,TRUE,Conness Pond only
group_1962,1,Unique,FALSE,FALSE,TRUE,Conness Pond only
group_1955,1,Unique,FALSE,TRUE,FALSE,Sixty Lake only
group_1951,1,Unique,FALSE,FALSE,TRUE,Conness Pond only
group_1940,1,Unique,FALSE,FALSE,TRUE,Conness Pond only
group_1935,1,Unique,FALSE,TRUE,FALSE,Sixty Lake only
group_1930,1,Unique,FALSE,TRUE,FALSE,Sixty Lake only
group_1927,1,Unique,FALSE,TRUE,FALSE,Sixty Lake only
group_1908,1,Unique,FALSE,FALSE,TRUE,Conness Pond only
group_1907,1,Unique,FALSE,FALSE,TRUE,Conness Pond only
group_1897,1,Unique,FALSE,FALSE,TRUE,Conness Pond only
group_1896,1,Unique,FALSE,FALSE,TRUE,Conness Pond only
group_1887,1,Unique,FALSE,TRUE,FALSE,Sixty Lake only
group_1877,1,Unique,FALSE,TRUE,FALSE,Sixty Lake only
group_1873,1,Unique,FALSE,FALSE,TRUE,Conness Pond only
group_1867,1,Unique,FALSE,FALSE,TRUE,Conness Pond only
group_1857,1,Unique,FALSE,FALSE,TRUE,Conness Pond only
group_1848,1,Unique,FALSE,FALSE,TRUE,Conness Pond only
group_1838,1,Unique,FALSE,TRUE,FALSE,Sixty Lake only
group_1825,1,Unique,FALSE,FALSE,TRUE,Conness Pond only
group_1824,1,Unique,FALSE,TRUE,FALSE,Sixty Lake only
group_1823,1,Unique,FALSE,TRUE,FALSE,Sixty Lake only
group_1817,1,Unique,FALSE,FALSE,TRUE,Conness Pond only
group_1807,1,Unique,FALSE,TRUE,FALSE,Sixty Lake only
group_1800,1,Unique,FALSE,FALSE,TRUE,Conness Pond only
group_1799,1,Unique,FALSE,FALSE,TRUE,Conness Pond only
group_1785,1,Unique,FALSE,FALSE,TRUE,Conness Pond only
group_1784,1,Unique,FALSE,FALSE,TRUE,Conness Pond only
group_1775,1,Unique,FALSE,TRUE,FALSE,Sixty Lake only
group_1754,1,Unique,FALSE,FALSE,TRUE,Conness Pond only
group_1753,1,Unique,FALSE,FALSE,TRUE,Conness Pond only
group_1752,1,Unique,FALSE,FALSE,TRUE,Conness Pond only
group_1746,1,Unique,FALSE,TRUE,FALSE,Sixty Lake only
group_1732,1,Unique,FALSE,FALSE,TRUE,Conness Pond only
group_1728,1,Unique,FALSE,TRUE,FALSE,Sixty Lake only
group_1723,1,Unique,FALSE,FALSE,TRUE,Conness Pond only
group_1714,1,Unique,FALSE,TRUE,FALSE,Sixty Lake only
group_1702,1,Unique,FALSE,FALSE,TRUE,Conness Pond only
group_1694,1,Unique,FALSE,FALSE,TRUE,Conness Pond only
group_1683,1,Unique,FALSE,FALSE,TRUE,Conness Pond only
group_1673,1,Unique,FALSE,FALSE,TRUE,Conness Pond only
group_1668,1,Unique,FALSE,TRUE,FALSE,Sixty Lake only
group_1664,1,Unique,FALSE,FALSE,TRUE,Conness Pond only
group_1657,1,Unique,FALSE,FALSE,TRUE,Conness Pond only
group_1650,1,Unique,FALSE,FALSE,TRUE,Conness Pond only
group_1649,1,Unique,FALSE,FALSE,TRUE,Conness Pond only
group_1635,1,Unique,FALSE,TRUE,FALSE,Sixty Lake only
group_1622,1,Unique,FALSE,FALSE,TRUE,Conness Pond only
group_1620,1,Unique,FALSE,TRUE,FALSE,Sixty Lake only
group_1614,1,Unique,FALSE,FALSE,TRUE,Conness Pond only
group_1570,1,Unique,FALSE,FALSE,TRUE,Conness Pond only
group_1556,1,Unique,FALSE,FALSE,TRUE,Conness Pond only
group_1551,1,Unique,FALSE,FALSE,TRUE,Conness Pond only
group_1539,1,Unique,FALSE,FALSE,TRUE,Conness Pond only
group_1532,1,Unique,FALSE,FALSE,TRUE,Conness Pond only
group_1524,1,Unique,FALSE,FALSE,TRUE,Conness Pond only
group_1503,1,Unique,FALSE,FALSE,TRUE,Conness Pond only
group_1502,1,Unique,FALSE,FALSE,TRUE,Conness Pond only
group_1497,1,Unique,FALSE,TRUE,FALSE,Sixty Lake only
group_1496,1,Unique,FALSE,TRUE,FALSE,Sixty Lake only
group_1495,1,Unique,FALSE,FALSE,TRUE,Conness Pond only
hifA,1,Unique,TRUE,FALSE,TRUE,Conness Pond only
group_1483,1,Unique,FALSE,FALSE,TRUE,Conness Pond only
group_1475,1,Unique,FALSE,FALSE,TRUE,Conness Pond only
group_1474,1,Unique,FALSE,FALSE,TRUE,Conness Pond only
group_1469,1,Unique,FALSE,FALSE,TRUE,Conness Pond only
group_1468,1,Unique,FALSE,FALSE,TRUE,Conness Pond only
group_1467,1,Unique,FALSE,FALSE,TRUE,Conness Pond only
group_1466,1,Unique,FALSE,FALSE,TRUE,Conness Pond only
group_1465,1,Unique,FALSE,FALSE,TRUE,Conness Pond only
group_1454,1,Unique,FALSE,FALSE,TRUE,Conness Pond only
group_1449,1,Unique,FALSE,FALSE,TRUE,Conness Pond only
group_1445,1,Unique,FALSE,FALSE,TRUE,Conness Pond only
group_1439,1,Unique,FALSE,TRUE,FALSE,Sixty Lake only
group_1436,1,Unique,FALSE,FALSE,TRUE,Conness Pond only
group_1407,1,Unique,FALSE,FALSE,TRUE,Conness Pond only
bvgA_3,1,Unique,TRUE,FALSE,TRUE,Conness Pond only
bvgA_1,1,Unique,TRUE,FALSE,TRUE,Conness Pond only
group_1392,1,Unique,FALSE,FALSE,TRUE,Conness Pond only
group_1373,1,Unique,FALSE,FALSE,TRUE,Conness Pond only
group_1372,1,Unique,FALSE,TRUE,FALSE,Sixty Lake only
group_1366,1,Unique,FALSE,FALSE,TRUE,Conness Pond only
group_1361,1,Unique,FALSE,FALSE,TRUE,Conness Pond only
group_1360,1,Unique,FALSE,FALSE,TRUE,Conness Pond only
group_1356,1,Unique,FALSE,TRUE,FALSE,Sixty Lake only
group_1344,1,Unique,FALSE,FALSE,TRUE,Conness Pond only
group_1329,1,Unique,FALSE,FALSE,TRUE,Conness Pond only
group_1313,1,Unique,FALSE,FALSE,TRUE,Conness Pond only
group_1311,1,Unique,FALSE,FALSE,TRUE,Conness Pond only
uhpA,1,Unique,TRUE,FALSE,TRUE,Conness Pond only
group_1272,1,Unique,FALSE,FALSE,TRUE,Conness Pond only
group_1266,1,Unique,FALSE,FALSE,TRUE,Conness Pond only
rcsB_3,1,Unique,TRUE,FALSE,TRUE,Conness Pond only
group_1241,1,Unique,FALSE,FALSE,TRUE,Conness Pond only
faeE,1,Unique,TRUE,FALSE,TRUE,Conness Pond only
nucS,1,Unique,TRUE,FALSE,TRUE,Conness Pond only
group_1218,1,Unique,FALSE,TRUE,FALSE,Sixty Lake only
sdiA,1,Unique,TRUE,FALSE,TRUE,Conness Pond only
group_1202,1,Unique,FALSE,TRUE,FALSE,Sixty Lake only
group_1189,1,Unique,FALSE,FALSE,TRUE,Conness Pond only
group_1188,1,Unique,FALSE,FALSE,TRUE,Conness Pond only
group_1184,1,Unique,FALSE,TRUE,FALSE,Sixty Lake only
group_1173,1,Unique,FALSE,TRUE,FALSE,Sixty Lake only
group_1165,1,Unique,FALSE,FALSE,TRUE,Conness Pond only
group_1152,1,Unique,FALSE,FALSE,TRUE,Conness Pond only
group_1151,1,Unique,FALSE,FALSE,TRUE,Conness Pond only
bdcA_1,1,Unique,TRUE,FALSE,TRUE,Conness Pond only
group_1129,1,Unique,FALSE,FALSE,TRUE,Conness Pond only
group_1118,1,Unique,FALSE,FALSE,TRUE,Conness Pond only
yadV_4,1,Unique,TRUE,FALSE,TRUE,Conness Pond only
group_1101,1,Unique,FALSE,FALSE,TRUE,Conness Pond only
group_1098,1,Unique,FALSE,FALSE,TRUE,Conness Pond only
group_1097,1,Unique,FALSE,FALSE,TRUE,Conness Pond only
group_1090,1,Unique,FALSE,TRUE,FALSE,Sixty Lake only
group_1075,1,Unique,FALSE,FALSE,TRUE,Conness Pond only
group_1067,1,Unique,FALSE,FALSE,TRUE,Conness Pond only
kpsM,1,Unique,TRUE,FALSE,TRUE,Conness Pond only
yadV_3,1,Unique,TRUE,FALSE,TRUE,Conness Pond only
group_1060,1,Unique,FALSE,TRUE,FALSE,Sixty Lake only
group_1056,1,Unique,FALSE,FALSE,TRUE,Conness Pond only
group_1055,1,Unique,FALSE,FALSE,TRUE,Conness Pond only
group_1054,1,Unique,FALSE,FALSE,TRUE,Conness Pond only
group_1044,1,Unique,FALSE,TRUE,FALSE,Sixty Lake only
group_1028,1,Unique,FALSE,FALSE,TRUE,Conness Pond only
group_1027,1,Unique,FALSE,TRUE,FALSE,Sixty Lake only
group_1013,1,Unique,FALSE,FALSE,TRUE,Conness Pond only
group_1006,1,Unique,FALSE,FALSE,TRUE,Conness Pond only
group_1000,1,Unique,FALSE,TRUE,FALSE,Sixty Lake only
group_997,1,Unique,FALSE,FALSE,TRUE,Conness Pond only
group_981,1,Unique,FALSE,TRUE,FALSE,Sixty Lake only
group_980,1,Unique,FALSE,TRUE,FALSE,Sixty Lake only
group_970,1,Unique,FALSE,FALSE,TRUE,Conness Pond only
group_961,1,Unique,FALSE,FALSE,TRUE,Conness Pond only
group_960,1,Unique,FALSE,FALSE,TRUE,Conness Pond only
group_927,1,Unique,FALSE,FALSE,TRUE,Conness Pond only
group_917,1,Unique,FALSE,FALSE,TRUE,Conness Pond only
group_916,1,Unique,FALSE,TRUE,FALSE,Sixty Lake only
group_911,1,Unique,FALSE,TRUE,FALSE,Sixty Lake only
group_890,1,Unique,FALSE,FALSE,TRUE,Conness Pond only
group_887,1,Unique,FALSE,TRUE,FALSE,Sixty Lake only
group_884,1,Unique,FALSE,FALSE,TRUE,Conness Pond only
ompA_1,1,Unique,TRUE,FALSE,TRUE,Conness Pond only
group_866,1,Unique,FALSE,FALSE,TRUE,Conness Pond only
group_862,1,Unique,FALSE,TRUE,FALSE,Sixty Lake only
group_851,1,Unique,FALSE,FALSE,TRUE,Conness Pond only
group_847,1,Unique,FALSE,FALSE,TRUE,Conness Pond only
group_837,1,Unique,FALSE,FALSE,TRUE,Conness Pond only
group_836,1,Unique,FALSE,FALSE,TRUE,Conness Pond only
group_829,1,Unique,FALSE,FALSE,TRUE,Conness Pond only
dmlR_3,1,Unique,TRUE,FALSE,TRUE,Conness Pond only
group_825,1,Unique,FALSE,TRUE,FALSE,Sixty Lake only
group_808,1,Unique,FALSE,FALSE,TRUE,Conness Pond only
group_807,1,Unique,FALSE,FALSE,TRUE,Conness Pond only
rmd,1,Unique,TRUE,FALSE,TRUE,Conness Pond only
group_791,1,Unique,FALSE,FALSE,TRUE,Conness Pond only
yfdH,1,Unique,TRUE,TRUE,FALSE,Sixty Lake only
group_769,1,Unique,FALSE,FALSE,TRUE,Conness Pond only
group_766,1,Unique,FALSE,FALSE,TRUE,Conness Pond only
group_765,1,Unique,FALSE,FALSE,TRUE,Conness Pond only
group_755,1,Unique,FALSE,TRUE,FALSE,Sixty Lake only
group_735,1,Unique,FALSE,FALSE,TRUE,Conness Pond only
group_734,1,Unique,FALSE,TRUE,FALSE,Sixty Lake only
group_721,1,Unique,FALSE,FALSE,TRUE,Conness Pond only
group_720,1,Unique,FALSE,FALSE,TRUE,Conness Pond only
group_719,1,Unique,FALSE,TRUE,FALSE,Sixty Lake only
yejK_2,1,Unique,TRUE,FALSE,TRUE,Conness Pond only
group_715,1,Unique,FALSE,TRUE,FALSE,Sixty Lake only
group_692,1,Unique,FALSE,TRUE,FALSE,Sixty Lake only
gmd,1,Unique,TRUE,FALSE,TRUE,Conness Pond only
group_683,1,Unique,FALSE,FALSE,TRUE,Conness Pond only
group_682,1,Unique,FALSE,TRUE,FALSE,Sixty Lake only
group_678,1,Unique,FALSE,FALSE,TRUE,Conness Pond only
group_668,1,Unique,FALSE,FALSE,TRUE,Conness Pond only
group_648,1,Unique,FALSE,FALSE,TRUE,Conness Pond only
group_631,1,Unique,FALSE,TRUE,FALSE,Sixty Lake only
group_619,1,Unique,FALSE,FALSE,TRUE,Conness Pond only
group_617,1,Unique,FALSE,FALSE,TRUE,Conness Pond only
group_613,1,Unique,FALSE,FALSE,TRUE,Conness Pond only
group_609,1,Unique,FALSE,TRUE,FALSE,Sixty Lake only
group_605,1,Unique,FALSE,TRUE,FALSE,Sixty Lake only
group_587,1,Unique,FALSE,FALSE,TRUE,Conness Pond only
rep_3,1,Unique,TRUE,TRUE,FALSE,Sixty Lake only
moeZ,1,Unique,TRUE,FALSE,TRUE,Conness Pond only
group_516,1,Unique,FALSE,FALSE,TRUE,Conness Pond only
group_515,1,Unique,FALSE,FALSE,TRUE,Conness Pond only
group_505,1,Unique,FALSE,TRUE,FALSE,Sixty Lake only
mshA_2,1,Unique,TRUE,FALSE,TRUE,Conness Pond only
group_499,1,Unique,FALSE,TRUE,FALSE,Sixty Lake only
group_498,1,Unique,FALSE,FALSE,TRUE,Conness Pond only
group_495,1,Unique,FALSE,TRUE,FALSE,Sixty Lake only
rssB_7,1,Unique,TRUE,FALSE,TRUE,Conness Pond only
group_470,1,Unique,FALSE,FALSE,TRUE,Conness Pond only
intA_2,1,Unique,TRUE,TRUE,FALSE,Sixty Lake only
group_453,1,Unique,FALSE,FALSE,TRUE,Conness Pond only
group_448,1,Unique,FALSE,FALSE,TRUE,Conness Pond only
xerC_3,1,Unique,TRUE,FALSE,TRUE,Conness Pond only
group_427,1,Unique,FALSE,TRUE,FALSE,Sixty Lake only
cya,1,Unique,TRUE,TRUE,FALSE,Sixty Lake only
group_420,1,Unique,FALSE,TRUE,FALSE,Sixty Lake only
group_415,1,Unique,FALSE,FALSE,TRUE,Conness Pond only
group_413,1,Unique,FALSE,FALSE,TRUE,Conness Pond only
group_396,1,Unique,FALSE,FALSE,TRUE,Conness Pond only
group_379,1,Unique,FALSE,FALSE,TRUE,Conness Pond only
dnaB_2,1,Unique,TRUE,FALSE,TRUE,Conness Pond only
group_357,1,Unique,FALSE,FALSE,TRUE,Conness Pond only
group_356,1,Unique,FALSE,TRUE,FALSE,Sixty Lake only
ltxD,1,Unique,TRUE,TRUE,FALSE,Sixty Lake only
tolC_2,1,Unique,TRUE,TRUE,FALSE,Sixty Lake only
hlyD,1,Unique,TRUE,TRUE,FALSE,Sixty Lake only
group_332,1,Unique,FALSE,TRUE,FALSE,Sixty Lake only
group_330,1,Unique,FALSE,FALSE,TRUE,Conness Pond only
group_321,1,Unique,FALSE,FALSE,TRUE,Conness Pond only
group_316,1,Unique,FALSE,TRUE,FALSE,Sixty Lake only
algA_1,1,Unique,TRUE,FALSE,TRUE,Conness Pond only
group_297,1,Unique,FALSE,TRUE,FALSE,Sixty Lake only
group_292,1,Unique,FALSE,TRUE,FALSE,Sixty Lake only
group_283,1,Unique,FALSE,TRUE,FALSE,Sixty Lake only
group_258,1,Unique,FALSE,FALSE,TRUE,Conness Pond only
group_256,1,Unique,FALSE,TRUE,FALSE,Sixty Lake only
group_249,1,Unique,FALSE,FALSE,TRUE,Conness Pond only
group_232,1,Unique,FALSE,TRUE,FALSE,Sixty Lake only
group_231,1,Unique,FALSE,TRUE,FALSE,Sixty Lake only
group_225,1,Unique,FALSE,FALSE,TRUE,Conness Pond only
group_205,1,Unique,FALSE,TRUE,FALSE,Sixty Lake only
group_198,1,Unique,FALSE,FALSE,TRUE,Conness Pond only
group_186,1,Unique,FALSE,FALSE,TRUE,Conness Pond only
group_176,1,Unique,FALSE,FALSE,TRUE,Conness Pond only
group_162,1,Unique,FALSE,FALSE,TRUE,Conness Pond only
group_152,1,Unique,FALSE,TRUE,FALSE,Sixty Lake only
sasA_19,1,Unique,TRUE,FALSE,TRUE,Conness Pond only
group_141,1,Unique,FALSE,FALSE,TRUE,Conness Pond only
apxIB,1,Unique,TRUE,TRUE,FALSE,Sixty Lake only
group_118,1,Unique,FALSE,FALSE,TRUE,Conness Pond only
btuD_2,1,Unique,TRUE,FALSE,TRUE,Conness Pond only
fimD_2,1,Unique,TRUE,FALSE,TRUE,Conness Pond only
group_94,1,Unique,FALSE,FALSE,TRUE,Conness Pond only
group_85,1,Unique,FALSE,TRUE,FALSE,Sixty Lake only
xerC_5,1,Unique,TRUE,FALSE,TRUE,Conness Pond only
group_77,1,Unique,FALSE,FALSE,TRUE,Conness Pond only
group_66,1,Unique,FALSE,TRUE,FALSE,Sixty Lake only
group_60,1,Unique,FALSE,FALSE,TRUE,Conness Pond only
group_59,1,Unique,FALSE,TRUE,FALSE,Sixty Lake only
group_50,1,Unique,FALSE,TRUE,FALSE,Sixty Lake only
group_43,1,Unique,FALSE,TRUE,FALSE,Sixty Lake only
group_38,1,Unique,FALSE,TRUE,FALSE,Sixty Lake only
group_37,1,Unique,FALSE,FALSE,TRUE,Conness Pond only
group_28,1,Unique,FALSE,FALSE,TRUE,Conness Pond only
group_27,1,Unique,FALSE,TRUE,FALSE,Sixty Lake only
group_23,1,Unique,FALSE,FALSE,TRUE,Conness Pond only
group_11,1,Unique,FALSE,FALSE,TRUE,Conness Pond only
mshA_1,1,Unique,TRUE,FALSE,TRUE,Conness Pond only
group_4,1,Unique,FALSE,FALSE,TRUE,Conness Pond only
group_3,1,Unique,FALSE,TRUE,FALSE,Sixty Lake only
group_1,1,Unique,FALSE,FALSE,TRUE,Conness Pond only
