Gene,p_value,odds_ratio,n_strong_present,n_weak_present,p_adj,Direction,Category
peb1A_2,0.007936507936507936,Inf,5,0,0.03284130354194048,Enriched in Strong,Accessory
group_3853,0.007936507936507936,Inf,5,0,0.03284130354194048,Enriched in Strong,Accessory
tcyC_3,0.007936507936507936,Inf,5,0,0.03284130354194048,Enriched in Strong,Accessory
fliY_6,0.007936507936507936,Inf,5,0,0.03284130354194048,Enriched in Strong,Accessory
gltC_5,0.007936507936507936,Inf,5,0,0.03284130354194048,Enriched in Strong,Accessory
yecS_4,0.007936507936507936,Inf,5,0,0.03284130354194048,Enriched in Strong,Accessory
aatB,0.007936507936507936,Inf,5,0,0.03284130354194048,Enriched in Strong,Accessory
group_3852,0.007936507936507936,Inf,5,0,0.03284130354194048,Enriched in Strong,Accessory
yfcG_5,0.007936507936507936,Inf,5,0,0.03284130354194048,Enriched in Strong,Accessory
metZ_1,0.007936507936507936,Inf,5,0,0.03284130354194048,Enriched in Strong,Accessory
glnM,0.007936507936507936,Inf,5,0,0.03284130354194048,Enriched in Strong,Accessory
group_287,0.007936507936507936,Inf,5,0,0.03284130354194048,Enriched in Strong,Accessory
group_3335,0.007936507936507936,0,0,4,0.03284130354194048,Enriched in Weak,Accessory
group_3288,0.007936507936507936,0,0,4,0.03284130354194048,Enriched in Weak,Accessory
group_3256,0.007936507936507936,Inf,5,0,0.03284130354194048,Enriched in Strong,Accessory
iaaM_1~~~iaaM_2,0.007936507936507936,0,0,4,0.03284130354194048,Enriched in Weak,Accessory
group_3208,0.007936507936507936,0,0,4,0.03284130354194048,Enriched in Weak,Accessory
group_3112,0.007936507936507936,0,0,4,0.03284130354194048,Enriched in Weak,Accessory
group_3102,0.007936507936507936,0,0,4,0.03284130354194048,Enriched in Weak,Accessory
group_3024,0.007936507936507936,0,0,4,0.03284130354194048,Enriched in Weak,Accessory
group_2740,0.007936507936507936,0,0,4,0.03284130354194048,Enriched in Weak,Accessory
group_1968,0.007936507936507936,0,0,4,0.03284130354194048,Enriched in Weak,Accessory
gltF_7,0.007936507936507936,Inf,5,0,0.03284130354194048,Enriched in Strong,Accessory
group_1170,0.007936507936507936,0,0,4,0.03284130354194048,Enriched in Weak,Accessory
nimR_6,0.007936507936507936,0,0,4,0.03284130354194048,Enriched in Weak,Accessory
group_654,0.007936507936507936,0,0,4,0.03284130354194048,Enriched in Weak,Accessory
mdtL,0.007936507936507936,0,0,4,0.03284130354194048,Enriched in Weak,Accessory
group_233,0.007936507936507936,0,0,4,0.03284130354194048,Enriched in Weak,Accessory
group_3752,0.007936507936507936,0,0,4,0.03284130354194048,Enriched in Weak,Accessory
group_3384,0.007936507936507936,Inf,5,0,0.03284130354194048,Enriched in Strong,Accessory
group_3382,0.007936507936507936,Inf,5,0,0.03284130354194048,Enriched in Strong,Accessory
group_1042,0.007936507936507936,0,0,4,0.03284130354194048,Enriched in Weak,Accessory
group_343,0.007936507936507936,Inf,5,0,0.03284130354194048,Enriched in Strong,Accessory
group_3177,0.007936507936507936,Inf,5,0,0.03284130354194048,Enriched in Strong,Accessory
group_3134,0.007936507936507936,0,0,4,0.03284130354194048,Enriched in Weak,Accessory
group_3418,0.007936507936507936,Inf,5,0,0.03284130354194048,Enriched in Strong,Accessory
group_3394,0.007936507936507936,Inf,5,0,0.03284130354194048,Enriched in Strong,Accessory
sir2~~~sir2_1,0.007936507936507936,Inf,5,0,0.03284130354194048,Enriched in Strong,Accessory
group_3282,0.007936507936507936,Inf,5,0,0.03284130354194048,Enriched in Strong,Accessory
baiA~~~lvr_2~~~fabG_4,0.007936507936507936,Inf,5,0,0.03284130354194048,Enriched in Strong,Accessory
group_2894,0.007936507936507936,Inf,5,0,0.03284130354194048,Enriched in Strong,Accessory
group_2427,0.007936507936507936,Inf,5,0,0.03284130354194048,Enriched in Strong,Accessory
group_864,0.007936507936507936,Inf,5,0,0.03284130354194048,Enriched in Strong,Accessory
quiA_2,0.007936507936507936,Inf,5,0,0.03284130354194048,Enriched in Strong,Accessory
group_3581,0.007936507936507936,0,0,4,0.03284130354194048,Enriched in Weak,Accessory
group_3476,0.007936507936507936,0,0,4,0.03284130354194048,Enriched in Weak,Accessory
group_3421,0.007936507936507936,Inf,5,0,0.03284130354194048,Enriched in Strong,Accessory
group_3286,0.007936507936507936,Inf,5,0,0.03284130354194048,Enriched in Strong,Accessory
group_3285,0.007936507936507936,Inf,5,0,0.03284130354194048,Enriched in Strong,Accessory
group_3252,0.007936507936507936,0,0,4,0.03284130354194048,Enriched in Weak,Accessory
group_2874,0.007936507936507936,Inf,5,0,0.03284130354194048,Enriched in Strong,Accessory
group_2824,0.007936507936507936,Inf,5,0,0.03284130354194048,Enriched in Strong,Accessory
group_2721,0.007936507936507936,0,0,4,0.03284130354194048,Enriched in Weak,Accessory
group_2667,0.007936507936507936,Inf,5,0,0.03284130354194048,Enriched in Strong,Accessory
group_2484,0.007936507936507936,Inf,5,0,0.03284130354194048,Enriched in Strong,Accessory
group_2439,0.007936507936507936,0,0,4,0.03284130354194048,Enriched in Weak,Accessory
group_2310,0.007936507936507936,Inf,5,0,0.03284130354194048,Enriched in Strong,Accessory
group_2261,0.007936507936507936,Inf,5,0,0.03284130354194048,Enriched in Strong,Accessory
group_2252,0.007936507936507936,Inf,5,0,0.03284130354194048,Enriched in Strong,Accessory
group_2057,0.007936507936507936,Inf,5,0,0.03284130354194048,Enriched in Strong,Accessory
group_2040,0.007936507936507936,0,0,4,0.03284130354194048,Enriched in Weak,Accessory
group_1894,0.007936507936507936,Inf,5,0,0.03284130354194048,Enriched in Strong,Accessory
ywnA,0.007936507936507936,0,0,4,0.03284130354194048,Enriched in Weak,Accessory
group_1853,0.007936507936507936,Inf,5,0,0.03284130354194048,Enriched in Strong,Accessory
group_1769,0.007936507936507936,Inf,5,0,0.03284130354194048,Enriched in Strong,Accessory
group_1719,0.007936507936507936,Inf,5,0,0.03284130354194048,Enriched in Strong,Accessory
group_1654,0.007936507936507936,Inf,5,0,0.03284130354194048,Enriched in Strong,Accessory
group_1644,0.007936507936507936,Inf,5,0,0.03284130354194048,Enriched in Strong,Accessory
group_1598,0.007936507936507936,Inf,5,0,0.03284130354194048,Enriched in Strong,Accessory
group_1450,0.007936507936507936,Inf,5,0,0.03284130354194048,Enriched in Strong,Accessory
group_1327,0.007936507936507936,Inf,5,0,0.03284130354194048,Enriched in Strong,Accessory
group_1277,0.007936507936507936,Inf,5,0,0.03284130354194048,Enriched in Strong,Accessory
group_1191,0.007936507936507936,Inf,5,0,0.03284130354194048,Enriched in Strong,Accessory
group_1127,0.007936507936507936,Inf,5,0,0.03284130354194048,Enriched in Strong,Accessory
group_973,0.007936507936507936,Inf,5,0,0.03284130354194048,Enriched in Strong,Accessory
group_815,0.007936507936507936,Inf,5,0,0.03284130354194048,Enriched in Strong,Accessory
gcvA_4,0.007936507936507936,Inf,5,0,0.03284130354194048,Enriched in Strong,Accessory
group_610,0.007936507936507936,Inf,5,0,0.03284130354194048,Enriched in Strong,Accessory
group_359,0.007936507936507936,Inf,5,0,0.03284130354194048,Enriched in Strong,Accessory
group_18,0.007936507936507936,Inf,5,0,0.03284130354194048,Enriched in Strong,Accessory
group_3531,0.007936507936507936,0,0,4,0.03284130354194048,Enriched in Weak,Accessory
group_3360,0.007936507936507936,0,0,4,0.03284130354194048,Enriched in Weak,Accessory
group_3182,0.007936507936507936,0,0,4,0.03284130354194048,Enriched in Weak,Accessory
group_2961,0.007936507936507936,0,0,4,0.03284130354194048,Enriched in Weak,Accessory
group_412,0.007936507936507936,0,0,4,0.03284130354194048,Enriched in Weak,Accessory
group_3643,0.007936507936507936,Inf,5,0,0.03284130354194048,Enriched in Strong,Accessory
group_3409,0.007936507936507936,Inf,5,0,0.03284130354194048,Enriched in Strong,Accessory
group_3408,0.007936507936507936,Inf,5,0,0.03284130354194048,Enriched in Strong,Accessory
group_3407,0.007936507936507936,Inf,5,0,0.03284130354194048,Enriched in Strong,Accessory
group_3406,0.007936507936507936,Inf,5,0,0.03284130354194048,Enriched in Strong,Accessory
group_3405,0.007936507936507936,Inf,5,0,0.03284130354194048,Enriched in Strong,Accessory
group_3399,0.007936507936507936,Inf,5,0,0.03284130354194048,Enriched in Strong,Accessory
group_3361,0.007936507936507936,Inf,5,0,0.03284130354194048,Enriched in Strong,Accessory
group_3339,0.007936507936507936,Inf,5,0,0.03284130354194048,Enriched in Strong,Accessory
intA~~~intA_3,0.007936507936507936,Inf,5,0,0.03284130354194048,Enriched in Strong,Accessory
group_3255,0.007936507936507936,Inf,5,0,0.03284130354194048,Enriched in Strong,Accessory
group_3254,0.007936507936507936,Inf,5,0,0.03284130354194048,Enriched in Strong,Accessory
group_3171,0.007936507936507936,Inf,5,0,0.03284130354194048,Enriched in Strong,Accessory
group_3013,0.007936507936507936,Inf,5,0,0.03284130354194048,Enriched in Strong,Accessory
group_2919,0.007936507936507936,0,0,4,0.03284130354194048,Enriched in Weak,Accessory
group_2848,0.007936507936507936,Inf,5,0,0.03284130354194048,Enriched in Strong,Accessory
group_2321,0.007936507936507936,Inf,5,0,0.03284130354194048,Enriched in Strong,Accessory
group_1325,0.007936507936507936,Inf,5,0,0.03284130354194048,Enriched in Strong,Accessory
group_227,0.007936507936507936,Inf,5,0,0.03284130354194048,Enriched in Strong,Accessory
group_4338,0.007936507936507936,Inf,5,0,0.03284130354194048,Enriched in Strong,Accessory
group_4336,0.007936507936507936,Inf,5,0,0.03284130354194048,Enriched in Strong,Accessory
group_4335,0.007936507936507936,Inf,5,0,0.03284130354194048,Enriched in Strong,Accessory
group_4334,0.007936507936507936,Inf,5,0,0.03284130354194048,Enriched in Strong,Accessory
group_4333,0.007936507936507936,Inf,5,0,0.03284130354194048,Enriched in Strong,Accessory
group_3796,0.007936507936507936,Inf,5,0,0.03284130354194048,Enriched in Strong,Accessory
group_3794,0.007936507936507936,Inf,5,0,0.03284130354194048,Enriched in Strong,Accessory
group_3792,0.007936507936507936,Inf,5,0,0.03284130354194048,Enriched in Strong,Accessory
group_3790,0.007936507936507936,Inf,5,0,0.03284130354194048,Enriched in Strong,Accessory
group_3789,0.007936507936507936,Inf,5,0,0.03284130354194048,Enriched in Strong,Accessory
group_3786,0.007936507936507936,Inf,5,0,0.03284130354194048,Enriched in Strong,Accessory
group_3785,0.007936507936507936,Inf,5,0,0.03284130354194048,Enriched in Strong,Accessory
group_3784,0.007936507936507936,Inf,5,0,0.03284130354194048,Enriched in Strong,Accessory
group_3781,0.007936507936507936,Inf,5,0,0.03284130354194048,Enriched in Strong,Accessory
group_3775,0.007936507936507936,Inf,5,0,0.03284130354194048,Enriched in Strong,Accessory
group_3774,0.007936507936507936,Inf,5,0,0.03284130354194048,Enriched in Strong,Accessory
group_3773,0.007936507936507936,Inf,5,0,0.03284130354194048,Enriched in Strong,Accessory
group_3772,0.007936507936507936,Inf,5,0,0.03284130354194048,Enriched in Strong,Accessory
addA_2,0.007936507936507936,Inf,5,0,0.03284130354194048,Enriched in Strong,Accessory
group_3766,0.007936507936507936,Inf,5,0,0.03284130354194048,Enriched in Strong,Accessory
group_3765,0.007936507936507936,Inf,5,0,0.03284130354194048,Enriched in Strong,Accessory
group_3764,0.007936507936507936,Inf,5,0,0.03284130354194048,Enriched in Strong,Accessory
group_3763,0.007936507936507936,Inf,5,0,0.03284130354194048,Enriched in Strong,Accessory
recF_3,0.007936507936507936,Inf,5,0,0.03284130354194048,Enriched in Strong,Accessory
group_3761,0.007936507936507936,Inf,5,0,0.03284130354194048,Enriched in Strong,Accessory
group_3758,0.007936507936507936,Inf,5,0,0.03284130354194048,Enriched in Strong,Accessory
cusR_1,0.007936507936507936,Inf,5,0,0.03284130354194048,Enriched in Strong,Accessory
group_3754,0.007936507936507936,Inf,5,0,0.03284130354194048,Enriched in Strong,Accessory
group_3745,0.007936507936507936,Inf,5,0,0.03284130354194048,Enriched in Strong,Accessory
group_3744,0.007936507936507936,Inf,5,0,0.03284130354194048,Enriched in Strong,Accessory
group_3743,0.007936507936507936,Inf,5,0,0.03284130354194048,Enriched in Strong,Accessory
group_3742,0.007936507936507936,Inf,5,0,0.03284130354194048,Enriched in Strong,Accessory
cheB_5,0.007936507936507936,Inf,5,0,0.03284130354194048,Enriched in Strong,Accessory
actP_2,0.007936507936507936,Inf,5,0,0.03284130354194048,Enriched in Strong,Accessory
group_3741,0.007936507936507936,Inf,5,0,0.03284130354194048,Enriched in Strong,Accessory
group_3738,0.007936507936507936,Inf,5,0,0.03284130354194048,Enriched in Strong,Accessory
group_3736,0.007936507936507936,Inf,5,0,0.03284130354194048,Enriched in Strong,Accessory
group_3735,0.007936507936507936,Inf,5,0,0.03284130354194048,Enriched in Strong,Accessory
group_3731,0.007936507936507936,Inf,5,0,0.03284130354194048,Enriched in Strong,Accessory
nhaK_1,0.007936507936507936,Inf,5,0,0.03284130354194048,Enriched in Strong,Accessory
group_3729,0.007936507936507936,Inf,5,0,0.03284130354194048,Enriched in Strong,Accessory
group_3722,0.007936507936507936,Inf,5,0,0.03284130354194048,Enriched in Strong,Accessory
group_3721,0.007936507936507936,Inf,5,0,0.03284130354194048,Enriched in Strong,Accessory
group_3720,0.007936507936507936,Inf,5,0,0.03284130354194048,Enriched in Strong,Accessory
rcsC_30,0.007936507936507936,Inf,5,0,0.03284130354194048,Enriched in Strong,Accessory
group_3718,0.007936507936507936,Inf,5,0,0.03284130354194048,Enriched in Strong,Accessory
group_3716,0.007936507936507936,Inf,5,0,0.03284130354194048,Enriched in Strong,Accessory
group_3715,0.007936507936507936,Inf,5,0,0.03284130354194048,Enriched in Strong,Accessory
group_3714,0.007936507936507936,Inf,5,0,0.03284130354194048,Enriched in Strong,Accessory
group_3713,0.007936507936507936,Inf,5,0,0.03284130354194048,Enriched in Strong,Accessory
group_3712,0.007936507936507936,Inf,5,0,0.03284130354194048,Enriched in Strong,Accessory
group_3711,0.007936507936507936,Inf,5,0,0.03284130354194048,Enriched in Strong,Accessory
group_3708,0.007936507936507936,Inf,5,0,0.03284130354194048,Enriched in Strong,Accessory
group_3707,0.007936507936507936,Inf,5,0,0.03284130354194048,Enriched in Strong,Accessory
group_3706,0.007936507936507936,Inf,5,0,0.03284130354194048,Enriched in Strong,Accessory
group_3593,0.007936507936507936,Inf,5,0,0.03284130354194048,Enriched in Strong,Accessory
group_3124,0.007936507936507936,Inf,5,0,0.03284130354194048,Enriched in Strong,Accessory
group_3119,0.007936507936507936,Inf,5,0,0.03284130354194048,Enriched in Strong,Accessory
group_3063,0.007936507936507936,Inf,5,0,0.03284130354194048,Enriched in Strong,Accessory
group_3041,0.007936507936507936,Inf,5,0,0.03284130354194048,Enriched in Strong,Accessory
group_3034,0.007936507936507936,Inf,5,0,0.03284130354194048,Enriched in Strong,Accessory
dmlR_20,0.007936507936507936,Inf,5,0,0.03284130354194048,Enriched in Strong,Accessory
group_2957,0.007936507936507936,Inf,5,0,0.03284130354194048,Enriched in Strong,Accessory
group_2891,0.007936507936507936,Inf,5,0,0.03284130354194048,Enriched in Strong,Accessory
group_2881,0.007936507936507936,Inf,5,0,0.03284130354194048,Enriched in Strong,Accessory
group_2872,0.007936507936507936,Inf,5,0,0.03284130354194048,Enriched in Strong,Accessory
group_2867,0.007936507936507936,Inf,5,0,0.03284130354194048,Enriched in Strong,Accessory
group_2860,0.007936507936507936,Inf,5,0,0.03284130354194048,Enriched in Strong,Accessory
group_2847,0.007936507936507936,Inf,5,0,0.03284130354194048,Enriched in Strong,Accessory
group_2845,0.007936507936507936,Inf,5,0,0.03284130354194048,Enriched in Strong,Accessory
group_2842,0.007936507936507936,Inf,5,0,0.03284130354194048,Enriched in Strong,Accessory
group_2837,0.007936507936507936,Inf,5,0,0.03284130354194048,Enriched in Strong,Accessory
group_2831,0.007936507936507936,Inf,5,0,0.03284130354194048,Enriched in Strong,Accessory
group_2811,0.007936507936507936,Inf,5,0,0.03284130354194048,Enriched in Strong,Accessory
group_2797,0.007936507936507936,Inf,5,0,0.03284130354194048,Enriched in Strong,Accessory
group_2796,0.007936507936507936,Inf,5,0,0.03284130354194048,Enriched in Strong,Accessory
group_2758,0.007936507936507936,Inf,5,0,0.03284130354194048,Enriched in Strong,Accessory
group_2747,0.007936507936507936,Inf,5,0,0.03284130354194048,Enriched in Strong,Accessory
group_2729,0.007936507936507936,Inf,5,0,0.03284130354194048,Enriched in Strong,Accessory
group_2711,0.007936507936507936,Inf,5,0,0.03284130354194048,Enriched in Strong,Accessory
group_2698,0.007936507936507936,Inf,5,0,0.03284130354194048,Enriched in Strong,Accessory
group_2689,0.007936507936507936,Inf,5,0,0.03284130354194048,Enriched in Strong,Accessory
group_2632,0.007936507936507936,Inf,5,0,0.03284130354194048,Enriched in Strong,Accessory
group_2619,0.007936507936507936,Inf,5,0,0.03284130354194048,Enriched in Strong,Accessory
group_2608,0.007936507936507936,Inf,5,0,0.03284130354194048,Enriched in Strong,Accessory
group_2601,0.007936507936507936,Inf,5,0,0.03284130354194048,Enriched in Strong,Accessory
group_2600,0.007936507936507936,Inf,5,0,0.03284130354194048,Enriched in Strong,Accessory
group_2599,0.007936507936507936,Inf,5,0,0.03284130354194048,Enriched in Strong,Accessory
group_2598,0.007936507936507936,Inf,5,0,0.03284130354194048,Enriched in Strong,Accessory
group_2573,0.007936507936507936,Inf,5,0,0.03284130354194048,Enriched in Strong,Accessory
group_2572,0.007936507936507936,Inf,5,0,0.03284130354194048,Enriched in Strong,Accessory
group_2560,0.007936507936507936,Inf,5,0,0.03284130354194048,Enriched in Strong,Accessory
group_2559,0.007936507936507936,Inf,5,0,0.03284130354194048,Enriched in Strong,Accessory
group_2542,0.007936507936507936,Inf,5,0,0.03284130354194048,Enriched in Strong,Accessory
group_2535,0.007936507936507936,Inf,5,0,0.03284130354194048,Enriched in Strong,Accessory
group_2534,0.007936507936507936,Inf,5,0,0.03284130354194048,Enriched in Strong,Accessory
group_2533,0.007936507936507936,Inf,5,0,0.03284130354194048,Enriched in Strong,Accessory
group_2518,0.007936507936507936,Inf,5,0,0.03284130354194048,Enriched in Strong,Accessory
group_2517,0.007936507936507936,Inf,5,0,0.03284130354194048,Enriched in Strong,Accessory
group_2516,0.007936507936507936,Inf,5,0,0.03284130354194048,Enriched in Strong,Accessory
group_2515,0.007936507936507936,Inf,5,0,0.03284130354194048,Enriched in Strong,Accessory
group_2506,0.007936507936507936,Inf,5,0,0.03284130354194048,Enriched in Strong,Accessory
group_2505,0.007936507936507936,Inf,5,0,0.03284130354194048,Enriched in Strong,Accessory
group_2492,0.007936507936507936,Inf,5,0,0.03284130354194048,Enriched in Strong,Accessory
group_2491,0.007936507936507936,Inf,5,0,0.03284130354194048,Enriched in Strong,Accessory
group_2475,0.007936507936507936,Inf,5,0,0.03284130354194048,Enriched in Strong,Accessory
group_2451,0.007936507936507936,Inf,5,0,0.03284130354194048,Enriched in Strong,Accessory
group_2450,0.007936507936507936,Inf,5,0,0.03284130354194048,Enriched in Strong,Accessory
group_2437,0.007936507936507936,Inf,5,0,0.03284130354194048,Enriched in Strong,Accessory
group_2413,0.007936507936507936,Inf,5,0,0.03284130354194048,Enriched in Strong,Accessory
group_2385,0.007936507936507936,Inf,5,0,0.03284130354194048,Enriched in Strong,Accessory
group_2384,0.007936507936507936,Inf,5,0,0.03284130354194048,Enriched in Strong,Accessory
group_2362,0.007936507936507936,Inf,5,0,0.03284130354194048,Enriched in Strong,Accessory
group_2361,0.007936507936507936,Inf,5,0,0.03284130354194048,Enriched in Strong,Accessory
ybcO,0.007936507936507936,Inf,5,0,0.03284130354194048,Enriched in Strong,Accessory
group_2354,0.007936507936507936,Inf,5,0,0.03284130354194048,Enriched in Strong,Accessory
group_2345,0.007936507936507936,Inf,5,0,0.03284130354194048,Enriched in Strong,Accessory
group_2339,0.007936507936507936,Inf,5,0,0.03284130354194048,Enriched in Strong,Accessory
group_2338,0.007936507936507936,Inf,5,0,0.03284130354194048,Enriched in Strong,Accessory
group_2329,0.007936507936507936,Inf,5,0,0.03284130354194048,Enriched in Strong,Accessory
group_2328,0.007936507936507936,Inf,5,0,0.03284130354194048,Enriched in Strong,Accessory
group_2317,0.007936507936507936,Inf,5,0,0.03284130354194048,Enriched in Strong,Accessory
group_2316,0.007936507936507936,Inf,5,0,0.03284130354194048,Enriched in Strong,Accessory
group_2298,0.007936507936507936,Inf,5,0,0.03284130354194048,Enriched in Strong,Accessory
group_2291,0.007936507936507936,Inf,5,0,0.03284130354194048,Enriched in Strong,Accessory
group_2290,0.007936507936507936,Inf,5,0,0.03284130354194048,Enriched in Strong,Accessory
group_2289,0.007936507936507936,Inf,5,0,0.03284130354194048,Enriched in Strong,Accessory
group_2284,0.007936507936507936,Inf,5,0,0.03284130354194048,Enriched in Strong,Accessory
group_2275,0.007936507936507936,Inf,5,0,0.03284130354194048,Enriched in Strong,Accessory
group_2274,0.007936507936507936,Inf,5,0,0.03284130354194048,Enriched in Strong,Accessory
group_2265,0.007936507936507936,Inf,5,0,0.03284130354194048,Enriched in Strong,Accessory
group_2245,0.007936507936507936,Inf,5,0,0.03284130354194048,Enriched in Strong,Accessory
group_2231,0.007936507936507936,Inf,5,0,0.03284130354194048,Enriched in Strong,Accessory
group_2230,0.007936507936507936,Inf,5,0,0.03284130354194048,Enriched in Strong,Accessory
group_2218,0.007936507936507936,Inf,5,0,0.03284130354194048,Enriched in Strong,Accessory
group_2217,0.007936507936507936,Inf,5,0,0.03284130354194048,Enriched in Strong,Accessory
group_2216,0.007936507936507936,Inf,5,0,0.03284130354194048,Enriched in Strong,Accessory
group_2195,0.007936507936507936,Inf,5,0,0.03284130354194048,Enriched in Strong,Accessory
group_2194,0.007936507936507936,Inf,5,0,0.03284130354194048,Enriched in Strong,Accessory
group_2160,0.007936507936507936,Inf,5,0,0.03284130354194048,Enriched in Strong,Accessory
group_2159,0.007936507936507936,Inf,5,0,0.03284130354194048,Enriched in Strong,Accessory
group_2158,0.007936507936507936,Inf,5,0,0.03284130354194048,Enriched in Strong,Accessory
group_2157,0.007936507936507936,Inf,5,0,0.03284130354194048,Enriched in Strong,Accessory
group_2143,0.007936507936507936,Inf,5,0,0.03284130354194048,Enriched in Strong,Accessory
group_2131,0.007936507936507936,Inf,5,0,0.03284130354194048,Enriched in Strong,Accessory
group_2130,0.007936507936507936,Inf,5,0,0.03284130354194048,Enriched in Strong,Accessory
group_2129,0.007936507936507936,Inf,5,0,0.03284130354194048,Enriched in Strong,Accessory
group_2125,0.007936507936507936,Inf,5,0,0.03284130354194048,Enriched in Strong,Accessory
group_2124,0.007936507936507936,Inf,5,0,0.03284130354194048,Enriched in Strong,Accessory
group_2109,0.007936507936507936,Inf,5,0,0.03284130354194048,Enriched in Strong,Accessory
group_2108,0.007936507936507936,Inf,5,0,0.03284130354194048,Enriched in Strong,Accessory
group_2097,0.007936507936507936,Inf,5,0,0.03284130354194048,Enriched in Strong,Accessory
group_2088,0.007936507936507936,Inf,5,0,0.03284130354194048,Enriched in Strong,Accessory
group_2075,0.007936507936507936,Inf,5,0,0.03284130354194048,Enriched in Strong,Accessory
group_2061,0.007936507936507936,Inf,5,0,0.03284130354194048,Enriched in Strong,Accessory
group_2051,0.007936507936507936,Inf,5,0,0.03284130354194048,Enriched in Strong,Accessory
group_2039,0.007936507936507936,Inf,5,0,0.03284130354194048,Enriched in Strong,Accessory
group_2007,0.007936507936507936,Inf,5,0,0.03284130354194048,Enriched in Strong,Accessory
group_2002,0.007936507936507936,Inf,5,0,0.03284130354194048,Enriched in Strong,Accessory
group_1993,0.007936507936507936,Inf,5,0,0.03284130354194048,Enriched in Strong,Accessory
group_1992,0.007936507936507936,Inf,5,0,0.03284130354194048,Enriched in Strong,Accessory
group_1982,0.007936507936507936,Inf,5,0,0.03284130354194048,Enriched in Strong,Accessory
group_1961,0.007936507936507936,Inf,5,0,0.03284130354194048,Enriched in Strong,Accessory
group_1950,0.007936507936507936,Inf,5,0,0.03284130354194048,Enriched in Strong,Accessory
group_1939,0.007936507936507936,Inf,5,0,0.03284130354194048,Enriched in Strong,Accessory
group_1938,0.007936507936507936,Inf,5,0,0.03284130354194048,Enriched in Strong,Accessory
group_1919,0.007936507936507936,Inf,5,0,0.03284130354194048,Enriched in Strong,Accessory
group_1906,0.007936507936507936,Inf,5,0,0.03284130354194048,Enriched in Strong,Accessory
group_1905,0.007936507936507936,Inf,5,0,0.03284130354194048,Enriched in Strong,Accessory
group_1895,0.007936507936507936,Inf,5,0,0.03284130354194048,Enriched in Strong,Accessory
group_1884,0.007936507936507936,Inf,5,0,0.03284130354194048,Enriched in Strong,Accessory
group_1866,0.007936507936507936,Inf,5,0,0.03284130354194048,Enriched in Strong,Accessory
group_1847,0.007936507936507936,Inf,5,0,0.03284130354194048,Enriched in Strong,Accessory
group_1841,0.007936507936507936,Inf,5,0,0.03284130354194048,Enriched in Strong,Accessory
slyA_2,0.007936507936507936,Inf,5,0,0.03284130354194048,Enriched in Strong,Accessory
group_1816,0.007936507936507936,Inf,5,0,0.03284130354194048,Enriched in Strong,Accessory
group_1798,0.007936507936507936,Inf,5,0,0.03284130354194048,Enriched in Strong,Accessory
group_1797,0.007936507936507936,Inf,5,0,0.03284130354194048,Enriched in Strong,Accessory
group_1765,0.007936507936507936,Inf,5,0,0.03284130354194048,Enriched in Strong,Accessory
group_1764,0.007936507936507936,Inf,5,0,0.03284130354194048,Enriched in Strong,Accessory
group_1743,0.007936507936507936,Inf,5,0,0.03284130354194048,Enriched in Strong,Accessory
group_1742,0.007936507936507936,Inf,5,0,0.03284130354194048,Enriched in Strong,Accessory
group_1731,0.007936507936507936,Inf,5,0,0.03284130354194048,Enriched in Strong,Accessory
group_1722,0.007936507936507936,Inf,5,0,0.03284130354194048,Enriched in Strong,Accessory
group_1701,0.007936507936507936,Inf,5,0,0.03284130354194048,Enriched in Strong,Accessory
group_1688,0.007936507936507936,Inf,5,0,0.03284130354194048,Enriched in Strong,Accessory
group_1682,0.007936507936507936,Inf,5,0,0.03284130354194048,Enriched in Strong,Accessory
group_1663,0.007936507936507936,Inf,5,0,0.03284130354194048,Enriched in Strong,Accessory
group_1648,0.007936507936507936,Inf,5,0,0.03284130354194048,Enriched in Strong,Accessory
group_1647,0.007936507936507936,Inf,5,0,0.03284130354194048,Enriched in Strong,Accessory
group_1639,0.007936507936507936,Inf,5,0,0.03284130354194048,Enriched in Strong,Accessory
group_1638,0.007936507936507936,Inf,5,0,0.03284130354194048,Enriched in Strong,Accessory
group_1632,0.007936507936507936,Inf,5,0,0.03284130354194048,Enriched in Strong,Accessory
group_1621,0.007936507936507936,Inf,5,0,0.03284130354194048,Enriched in Strong,Accessory
group_1613,0.007936507936507936,Inf,5,0,0.03284130354194048,Enriched in Strong,Accessory
group_1601,0.007936507936507936,Inf,5,0,0.03284130354194048,Enriched in Strong,Accessory
group_1581,0.007936507936507936,Inf,5,0,0.03284130354194048,Enriched in Strong,Accessory
group_1555,0.007936507936507936,Inf,5,0,0.03284130354194048,Enriched in Strong,Accessory
group_1523,0.007936507936507936,Inf,5,0,0.03284130354194048,Enriched in Strong,Accessory
group_1513,0.007936507936507936,Inf,5,0,0.03284130354194048,Enriched in Strong,Accessory
group_1508,0.007936507936507936,Inf,5,0,0.03284130354194048,Enriched in Strong,Accessory
group_1501,0.007936507936507936,Inf,5,0,0.03284130354194048,Enriched in Strong,Accessory
group_1490,0.007936507936507936,Inf,5,0,0.03284130354194048,Enriched in Strong,Accessory
group_1463,0.007936507936507936,Inf,5,0,0.03284130354194048,Enriched in Strong,Accessory
group_1462,0.007936507936507936,Inf,5,0,0.03284130354194048,Enriched in Strong,Accessory
group_1457,0.007936507936507936,Inf,5,0,0.03284130354194048,Enriched in Strong,Accessory
group_1435,0.007936507936507936,Inf,5,0,0.03284130354194048,Enriched in Strong,Accessory
group_1434,0.007936507936507936,Inf,5,0,0.03284130354194048,Enriched in Strong,Accessory
group_1433,0.007936507936507936,Inf,5,0,0.03284130354194048,Enriched in Strong,Accessory
group_1428,0.007936507936507936,Inf,5,0,0.03284130354194048,Enriched in Strong,Accessory
group_1427,0.007936507936507936,Inf,5,0,0.03284130354194048,Enriched in Strong,Accessory
group_1422,0.007936507936507936,Inf,5,0,0.03284130354194048,Enriched in Strong,Accessory
group_1421,0.007936507936507936,Inf,5,0,0.03284130354194048,Enriched in Strong,Accessory
group_1406,0.007936507936507936,Inf,5,0,0.03284130354194048,Enriched in Strong,Accessory
group_1405,0.007936507936507936,Inf,5,0,0.03284130354194048,Enriched in Strong,Accessory
group_1379,0.007936507936507936,Inf,5,0,0.03284130354194048,Enriched in Strong,Accessory
group_1359,0.007936507936507936,Inf,5,0,0.03284130354194048,Enriched in Strong,Accessory
group_1339,0.007936507936507936,Inf,5,0,0.03284130354194048,Enriched in Strong,Accessory
group_1334,0.007936507936507936,Inf,5,0,0.03284130354194048,Enriched in Strong,Accessory
group_1297,0.007936507936507936,Inf,5,0,0.03284130354194048,Enriched in Strong,Accessory
group_1278,0.007936507936507936,Inf,5,0,0.03284130354194048,Enriched in Strong,Accessory
group_1271,0.007936507936507936,Inf,5,0,0.03284130354194048,Enriched in Strong,Accessory
group_1252,0.007936507936507936,Inf,5,0,0.03284130354194048,Enriched in Strong,Accessory
group_1227,0.007936507936507936,Inf,5,0,0.03284130354194048,Enriched in Strong,Accessory
group_1226,0.007936507936507936,Inf,5,0,0.03284130354194048,Enriched in Strong,Accessory
group_1225,0.007936507936507936,Inf,5,0,0.03284130354194048,Enriched in Strong,Accessory
group_1212,0.007936507936507936,Inf,5,0,0.03284130354194048,Enriched in Strong,Accessory
prtR_3,0.007936507936507936,Inf,5,0,0.03284130354194048,Enriched in Strong,Accessory
group_1193,0.007936507936507936,Inf,5,0,0.03284130354194048,Enriched in Strong,Accessory
group_1187,0.007936507936507936,Inf,5,0,0.03284130354194048,Enriched in Strong,Accessory
group_1174,0.007936507936507936,Inf,5,0,0.03284130354194048,Enriched in Strong,Accessory
group_1164,0.007936507936507936,Inf,5,0,0.03284130354194048,Enriched in Strong,Accessory
group_1150,0.007936507936507936,Inf,5,0,0.03284130354194048,Enriched in Strong,Accessory
group_1142,0.007936507936507936,Inf,5,0,0.03284130354194048,Enriched in Strong,Accessory
group_1137,0.007936507936507936,Inf,5,0,0.03284130354194048,Enriched in Strong,Accessory
group_1122,0.007936507936507936,Inf,5,0,0.03284130354194048,Enriched in Strong,Accessory
group_1117,0.007936507936507936,Inf,5,0,0.03284130354194048,Enriched in Strong,Accessory
group_1096,0.007936507936507936,Inf,5,0,0.03284130354194048,Enriched in Strong,Accessory
group_1095,0.007936507936507936,Inf,5,0,0.03284130354194048,Enriched in Strong,Accessory
group_1084,0.007936507936507936,Inf,5,0,0.03284130354194048,Enriched in Strong,Accessory
group_1066,0.007936507936507936,Inf,5,0,0.03284130354194048,Enriched in Strong,Accessory
group_1052,0.007936507936507936,Inf,5,0,0.03284130354194048,Enriched in Strong,Accessory
group_1005,0.007936507936507936,Inf,5,0,0.03284130354194048,Enriched in Strong,Accessory
group_996,0.007936507936507936,Inf,5,0,0.03284130354194048,Enriched in Strong,Accessory
group_992,0.007936507936507936,Inf,5,0,0.03284130354194048,Enriched in Strong,Accessory
group_982,0.007936507936507936,Inf,5,0,0.03284130354194048,Enriched in Strong,Accessory
group_978,0.007936507936507936,Inf,5,0,0.03284130354194048,Enriched in Strong,Accessory
group_977,0.007936507936507936,Inf,5,0,0.03284130354194048,Enriched in Strong,Accessory
group_974,0.007936507936507936,Inf,5,0,0.03284130354194048,Enriched in Strong,Accessory
group_966,0.007936507936507936,Inf,5,0,0.03284130354194048,Enriched in Strong,Accessory
group_959,0.007936507936507936,Inf,5,0,0.03284130354194048,Enriched in Strong,Accessory
group_958,0.007936507936507936,Inf,5,0,0.03284130354194048,Enriched in Strong,Accessory
group_953,0.007936507936507936,Inf,5,0,0.03284130354194048,Enriched in Strong,Accessory
group_939,0.007936507936507936,Inf,5,0,0.03284130354194048,Enriched in Strong,Accessory
group_934,0.007936507936507936,Inf,5,0,0.03284130354194048,Enriched in Strong,Accessory
group_920,0.007936507936507936,Inf,5,0,0.03284130354194048,Enriched in Strong,Accessory
group_919,0.007936507936507936,Inf,5,0,0.03284130354194048,Enriched in Strong,Accessory
group_883,0.007936507936507936,Inf,5,0,0.03284130354194048,Enriched in Strong,Accessory
group_873,0.007936507936507936,Inf,5,0,0.03284130354194048,Enriched in Strong,Accessory
nodD2_4,0.007936507936507936,Inf,5,0,0.03284130354194048,Enriched in Strong,Accessory
group_865,0.007936507936507936,Inf,5,0,0.03284130354194048,Enriched in Strong,Accessory
moaA_2,0.007936507936507936,Inf,5,0,0.03284130354194048,Enriched in Strong,Accessory
group_845,0.007936507936507936,Inf,5,0,0.03284130354194048,Enriched in Strong,Accessory
group_835,0.007936507936507936,Inf,5,0,0.03284130354194048,Enriched in Strong,Accessory
group_822,0.007936507936507936,Inf,5,0,0.03284130354194048,Enriched in Strong,Accessory
group_806,0.007936507936507936,Inf,5,0,0.03284130354194048,Enriched in Strong,Accessory
group_805,0.007936507936507936,Inf,5,0,0.03284130354194048,Enriched in Strong,Accessory
group_782,0.007936507936507936,Inf,5,0,0.03284130354194048,Enriched in Strong,Accessory
group_776,0.007936507936507936,Inf,5,0,0.03284130354194048,Enriched in Strong,Accessory
group_742,0.007936507936507936,Inf,5,0,0.03284130354194048,Enriched in Strong,Accessory
group_711,0.007936507936507936,Inf,5,0,0.03284130354194048,Enriched in Strong,Accessory
group_707,0.007936507936507936,Inf,5,0,0.03284130354194048,Enriched in Strong,Accessory
group_705,0.007936507936507936,Inf,5,0,0.03284130354194048,Enriched in Strong,Accessory
ftsH_2,0.007936507936507936,Inf,5,0,0.03284130354194048,Enriched in Strong,Accessory
group_652,0.007936507936507936,Inf,5,0,0.03284130354194048,Enriched in Strong,Accessory
group_647,0.007936507936507936,Inf,5,0,0.03284130354194048,Enriched in Strong,Accessory
group_606,0.007936507936507936,Inf,5,0,0.03284130354194048,Enriched in Strong,Accessory
tetX,0.007936507936507936,Inf,5,0,0.03284130354194048,Enriched in Strong,Accessory
group_566,0.007936507936507936,Inf,5,0,0.03284130354194048,Enriched in Strong,Accessory
group_555,0.007936507936507936,Inf,5,0,0.03284130354194048,Enriched in Strong,Accessory
group_538,0.007936507936507936,Inf,5,0,0.03284130354194048,Enriched in Strong,Accessory
group_537,0.007936507936507936,Inf,5,0,0.03284130354194048,Enriched in Strong,Accessory
group_526,0.007936507936507936,Inf,5,0,0.03284130354194048,Enriched in Strong,Accessory
rssB_1,0.007936507936507936,Inf,5,0,0.03284130354194048,Enriched in Strong,Accessory
intA_1,0.007936507936507936,Inf,5,0,0.03284130354194048,Enriched in Strong,Accessory
pbuE_2,0.007936507936507936,Inf,5,0,0.03284130354194048,Enriched in Strong,Accessory
group_485,0.007936507936507936,Inf,5,0,0.03284130354194048,Enriched in Strong,Accessory
group_478,0.007936507936507936,Inf,5,0,0.03284130354194048,Enriched in Strong,Accessory
group_460,0.007936507936507936,Inf,5,0,0.03284130354194048,Enriched in Strong,Accessory
group_455,0.007936507936507936,Inf,5,0,0.03284130354194048,Enriched in Strong,Accessory
bspRIM,0.007936507936507936,Inf,5,0,0.03284130354194048,Enriched in Strong,Accessory
group_444,0.007936507936507936,Inf,5,0,0.03284130354194048,Enriched in Strong,Accessory
group_429,0.007936507936507936,Inf,5,0,0.03284130354194048,Enriched in Strong,Accessory
recF_2,0.007936507936507936,Inf,5,0,0.03284130354194048,Enriched in Strong,Accessory
group_362,0.007936507936507936,Inf,5,0,0.03284130354194048,Enriched in Strong,Accessory
group_360,0.007936507936507936,Inf,5,0,0.03284130354194048,Enriched in Strong,Accessory
group_351,0.007936507936507936,Inf,5,0,0.03284130354194048,Enriched in Strong,Accessory
group_345,0.007936507936507936,Inf,5,0,0.03284130354194048,Enriched in Strong,Accessory
group_315,0.007936507936507936,Inf,5,0,0.03284130354194048,Enriched in Strong,Accessory
group_310,0.007936507936507936,Inf,5,0,0.03284130354194048,Enriched in Strong,Accessory
group_308,0.007936507936507936,Inf,5,0,0.03284130354194048,Enriched in Strong,Accessory
group_298,0.007936507936507936,Inf,5,0,0.03284130354194048,Enriched in Strong,Accessory
group_286,0.007936507936507936,Inf,5,0,0.03284130354194048,Enriched in Strong,Accessory
group_245,0.007936507936507936,Inf,5,0,0.03284130354194048,Enriched in Strong,Accessory
group_240,0.007936507936507936,Inf,5,0,0.03284130354194048,Enriched in Strong,Accessory
group_237,0.007936507936507936,Inf,5,0,0.03284130354194048,Enriched in Strong,Accessory
group_223,0.007936507936507936,Inf,5,0,0.03284130354194048,Enriched in Strong,Accessory
group_213,0.007936507936507936,Inf,5,0,0.03284130354194048,Enriched in Strong,Accessory
group_211,0.007936507936507936,Inf,5,0,0.03284130354194048,Enriched in Strong,Accessory
group_210,0.007936507936507936,Inf,5,0,0.03284130354194048,Enriched in Strong,Accessory
nfdA,0.007936507936507936,Inf,5,0,0.03284130354194048,Enriched in Strong,Accessory
group_170,0.007936507936507936,Inf,5,0,0.03284130354194048,Enriched in Strong,Accessory
recB_2,0.007936507936507936,Inf,5,0,0.03284130354194048,Enriched in Strong,Accessory
group_160,0.007936507936507936,Inf,5,0,0.03284130354194048,Enriched in Strong,Accessory
group_140,0.007936507936507936,Inf,5,0,0.03284130354194048,Enriched in Strong,Accessory
group_128,0.007936507936507936,Inf,5,0,0.03284130354194048,Enriched in Strong,Accessory
group_127,0.007936507936507936,Inf,5,0,0.03284130354194048,Enriched in Strong,Accessory
group_119,0.007936507936507936,Inf,5,0,0.03284130354194048,Enriched in Strong,Accessory
group_104,0.007936507936507936,Inf,5,0,0.03284130354194048,Enriched in Strong,Accessory
group_102,0.007936507936507936,Inf,5,0,0.03284130354194048,Enriched in Strong,Accessory
group_101,0.007936507936507936,Inf,5,0,0.03284130354194048,Enriched in Strong,Accessory
rcsC_2,0.007936507936507936,Inf,5,0,0.03284130354194048,Enriched in Strong,Accessory
group_93,0.007936507936507936,Inf,5,0,0.03284130354194048,Enriched in Strong,Accessory
group_91,0.007936507936507936,Inf,5,0,0.03284130354194048,Enriched in Strong,Accessory
group_90,0.007936507936507936,Inf,5,0,0.03284130354194048,Enriched in Strong,Accessory
group_86,0.007936507936507936,Inf,5,0,0.03284130354194048,Enriched in Strong,Accessory
group_83,0.007936507936507936,Inf,5,0,0.03284130354194048,Enriched in Strong,Accessory
group_80,0.007936507936507936,Inf,5,0,0.03284130354194048,Enriched in Strong,Accessory
group_72,0.007936507936507936,Inf,5,0,0.03284130354194048,Enriched in Strong,Accessory
group_69,0.007936507936507936,Inf,5,0,0.03284130354194048,Enriched in Strong,Accessory
group_58,0.007936507936507936,Inf,5,0,0.03284130354194048,Enriched in Strong,Accessory
group_55,0.007936507936507936,Inf,5,0,0.03284130354194048,Enriched in Strong,Accessory
group_51,0.007936507936507936,Inf,5,0,0.03284130354194048,Enriched in Strong,Accessory
group_48,0.007936507936507936,Inf,5,0,0.03284130354194048,Enriched in Strong,Accessory
group_42,0.007936507936507936,Inf,5,0,0.03284130354194048,Enriched in Strong,Accessory
addA_1,0.007936507936507936,Inf,5,0,0.03284130354194048,Enriched in Strong,Accessory
rapA_1,0.007936507936507936,Inf,5,0,0.03284130354194048,Enriched in Strong,Accessory
group_16,0.007936507936507936,Inf,5,0,0.03284130354194048,Enriched in Strong,Accessory
group_14,0.007936507936507936,Inf,5,0,0.03284130354194048,Enriched in Strong,Accessory
group_12,0.007936507936507936,Inf,5,0,0.03284130354194048,Enriched in Strong,Accessory
group_3536,0.007936507936507936,0,0,4,0.03284130354194048,Enriched in Weak,Accessory
group_3404,0.007936507936507936,0,0,4,0.03284130354194048,Enriched in Weak,Accessory
group_3398,0.007936507936507936,0,0,4,0.03284130354194048,Enriched in Weak,Accessory
group_3354,0.007936507936507936,0,0,4,0.03284130354194048,Enriched in Weak,Accessory
group_3341,0.007936507936507936,0,0,4,0.03284130354194048,Enriched in Weak,Accessory
group_3340,0.007936507936507936,0,0,4,0.03284130354194048,Enriched in Weak,Accessory
group_3321,0.007936507936507936,0,0,4,0.03284130354194048,Enriched in Weak,Accessory
group_3280,0.007936507936507936,0,0,4,0.03284130354194048,Enriched in Weak,Accessory
group_3257,0.007936507936507936,0,0,4,0.03284130354194048,Enriched in Weak,Accessory
xerC_7~~~xerC_4,0.007936507936507936,0,0,4,0.03284130354194048,Enriched in Weak,Accessory
group_3103,0.007936507936507936,0,0,4,0.03284130354194048,Enriched in Weak,Accessory
group_3076,0.007936507936507936,0,0,4,0.03284130354194048,Enriched in Weak,Accessory
group_3005,0.007936507936507936,Inf,5,0,0.03284130354194048,Enriched in Strong,Accessory
group_2213,0.007936507936507936,0,0,4,0.03284130354194048,Enriched in Weak,Accessory
group_2141,0.007936507936507936,0,0,4,0.03284130354194048,Enriched in Weak,Accessory
group_2140,0.007936507936507936,0,0,4,0.03284130354194048,Enriched in Weak,Accessory
group_1771,0.007936507936507936,0,0,4,0.03284130354194048,Enriched in Weak,Accessory
group_1770,0.007936507936507936,0,0,4,0.03284130354194048,Enriched in Weak,Accessory
group_1762,0.007936507936507936,0,0,4,0.03284130354194048,Enriched in Weak,Accessory
group_1568,0.007936507936507936,0,0,4,0.03284130354194048,Enriched in Weak,Accessory
group_1487,0.007936507936507936,0,0,4,0.03284130354194048,Enriched in Weak,Accessory
group_1377,0.007936507936507936,0,0,4,0.03284130354194048,Enriched in Weak,Accessory
group_1328,0.007936507936507936,0,0,4,0.03284130354194048,Enriched in Weak,Accessory
pgrR_2,0.007936507936507936,0,0,4,0.03284130354194048,Enriched in Weak,Accessory
dadA,0.007936507936507936,0,0,4,0.03284130354194048,Enriched in Weak,Accessory
mtaD_1,0.007936507936507936,0,0,4,0.03284130354194048,Enriched in Weak,Accessory
group_97,0.007936507936507936,0,0,4,0.03284130354194048,Enriched in Weak,Accessory
group_3313,0.04761904761904764,Inf,5,1,0.06207994903647083,Enriched in Strong,Accessory
group_3260,0.04761904761904764,Inf,5,1,0.06207994903647083,Enriched in Strong,Accessory
group_3175,0.04761904761904764,Inf,5,1,0.06207994903647083,Enriched in Strong,Accessory
group_1548,0.04761904761904764,Inf,5,1,0.06207994903647083,Enriched in Strong,Accessory
group_1346,0.04761904761904764,Inf,5,1,0.06207994903647083,Enriched in Strong,Accessory
qseB_3,0.04761904761904764,Inf,5,1,0.06207994903647083,Enriched in Strong,Accessory
group_1294,0.04761904761904764,Inf,5,1,0.06207994903647083,Enriched in Strong,Accessory
group_1287,0.04761904761904764,Inf,5,1,0.06207994903647083,Enriched in Strong,Accessory
fabG_4,0.04761904761904764,Inf,5,1,0.06207994903647083,Enriched in Strong,Accessory
rssA,0.04761904761904764,Inf,5,1,0.06207994903647083,Enriched in Strong,Accessory
putP_2,0.04761904761904764,Inf,5,1,0.06207994903647083,Enriched in Strong,Accessory
menE,0.04761904761904764,Inf,5,1,0.06207994903647083,Enriched in Strong,Accessory
group_3131,0.04761904761904764,Inf,5,1,0.06207994903647083,Enriched in Strong,Accessory
group_2946,0.04761904761904764,Inf,5,1,0.06207994903647083,Enriched in Strong,Accessory
group_1822,0.04761904761904764,Inf,5,1,0.06207994903647083,Enriched in Strong,Accessory
group_1793,0.04761904761904764,Inf,5,1,0.06207994903647083,Enriched in Strong,Accessory
group_459,0.04761904761904764,Inf,5,1,0.06207994903647083,Enriched in Strong,Accessory
mcpQ_1,0.047619047619047644,0,0,3,0.06207994903647083,Enriched in Weak,Accessory
group_3017,0.04761904761904764,Inf,5,1,0.06207994903647083,Enriched in Strong,Accessory
group_2191,0.047619047619047644,0,0,3,0.06207994903647083,Enriched in Weak,Accessory
hcp1_2,0.047619047619047644,0,0,3,0.06207994903647083,Enriched in Weak,Accessory
group_1515,0.047619047619047644,0,0,3,0.06207994903647083,Enriched in Weak,Accessory
group_855,0.047619047619047644,0,0,3,0.06207994903647083,Enriched in Weak,Accessory
group_550,0.047619047619047644,0,0,3,0.06207994903647083,Enriched in Weak,Accessory
group_508,0.047619047619047644,0,0,3,0.06207994903647083,Enriched in Weak,Accessory
group_3422,0.04761904761904764,Inf,5,1,0.06207994903647083,Enriched in Strong,Accessory
gabD1~~~aldh,0.04761904761904764,Inf,5,1,0.06207994903647083,Enriched in Strong,Accessory
group_3391,0.04761904761904764,Inf,5,1,0.06207994903647083,Enriched in Strong,Accessory
group_3379,0.04761904761904764,Inf,5,1,0.06207994903647083,Enriched in Strong,Accessory
group_3372,0.04761904761904764,Inf,5,1,0.06207994903647083,Enriched in Strong,Accessory
group_3364,0.04761904761904764,Inf,5,1,0.06207994903647083,Enriched in Strong,Accessory
group_3348,0.04761904761904764,Inf,5,1,0.06207994903647083,Enriched in Strong,Accessory
group_3336,0.04761904761904764,Inf,5,1,0.06207994903647083,Enriched in Strong,Accessory
group_3239,0.04761904761904764,Inf,5,1,0.06207994903647083,Enriched in Strong,Accessory
group_3229,0.04761904761904764,Inf,5,1,0.06207994903647083,Enriched in Strong,Accessory
group_3221,0.04761904761904764,Inf,5,1,0.06207994903647083,Enriched in Strong,Accessory
group_3212,0.04761904761904764,Inf,5,1,0.06207994903647083,Enriched in Strong,Accessory
nnr_1~~~nnr_2,0.04761904761904764,Inf,5,1,0.06207994903647083,Enriched in Strong,Accessory
group_3158,0.04761904761904764,Inf,5,1,0.06207994903647083,Enriched in Strong,Accessory
group_3127,0.04761904761904764,Inf,5,1,0.06207994903647083,Enriched in Strong,Accessory
rcsC_4~~~rcsC_10,0.04761904761904764,Inf,5,1,0.06207994903647083,Enriched in Strong,Accessory
group_3080,0.04761904761904764,Inf,5,1,0.06207994903647083,Enriched in Strong,Accessory
group_3054,0.04761904761904764,Inf,5,1,0.06207994903647083,Enriched in Strong,Accessory
group_2997,0.047619047619047644,0,0,3,0.06207994903647083,Enriched in Weak,Accessory
group_2996,0.04761904761904764,Inf,5,1,0.06207994903647083,Enriched in Strong,Accessory
qseC_1~~~qseC_3,0.04761904761904764,Inf,5,1,0.06207994903647083,Enriched in Strong,Accessory
group_2930,0.04761904761904764,Inf,5,1,0.06207994903647083,Enriched in Strong,Accessory
group_2929,0.04761904761904764,Inf,5,1,0.06207994903647083,Enriched in Strong,Accessory
group_2905,0.04761904761904764,Inf,5,1,0.06207994903647083,Enriched in Strong,Accessory
tpiA_1,0.04761904761904764,Inf,5,1,0.06207994903647083,Enriched in Strong,Accessory
group_2904,0.04761904761904764,Inf,5,1,0.06207994903647083,Enriched in Strong,Accessory
sasA_1~~~sasA_3,0.04761904761904764,Inf,5,1,0.06207994903647083,Enriched in Strong,Accessory
fda,0.047619047619047644,0,0,3,0.06207994903647083,Enriched in Weak,Accessory
group_2804,0.047619047619047644,0,0,3,0.06207994903647083,Enriched in Weak,Accessory
group_2717,0.047619047619047644,0,0,3,0.06207994903647083,Enriched in Weak,Accessory
group_2590,0.047619047619047644,0,0,3,0.06207994903647083,Enriched in Weak,Accessory
group_2262,0.04761904761904764,Inf,5,1,0.06207994903647083,Enriched in Strong,Accessory
group_2017,0.04761904761904764,Inf,5,1,0.06207994903647083,Enriched in Strong,Accessory
group_2005,0.047619047619047644,0,0,3,0.06207994903647083,Enriched in Weak,Accessory
group_1781,0.04761904761904764,Inf,5,1,0.06207994903647083,Enriched in Strong,Accessory
yodB_2,0.04761904761904764,Inf,5,1,0.06207994903647083,Enriched in Strong,Accessory
pat_1,0.04761904761904764,Inf,5,1,0.06207994903647083,Enriched in Strong,Accessory
group_1321,0.04761904761904764,Inf,5,1,0.06207994903647083,Enriched in Strong,Accessory
group_1248,0.04761904761904764,Inf,5,1,0.06207994903647083,Enriched in Strong,Accessory
group_1116,0.04761904761904764,Inf,5,1,0.06207994903647083,Enriched in Strong,Accessory
anr_1,0.04761904761904764,Inf,5,1,0.06207994903647083,Enriched in Strong,Accessory
group_1004,0.04761904761904764,Inf,5,1,0.06207994903647083,Enriched in Strong,Accessory
uspE_2,0.04761904761904764,Inf,5,1,0.06207994903647083,Enriched in Strong,Accessory
uspE_1,0.04761904761904764,Inf,5,1,0.06207994903647083,Enriched in Strong,Accessory
apbE,0.04761904761904764,Inf,5,1,0.06207994903647083,Enriched in Strong,Accessory
adhA,0.04761904761904764,Inf,5,1,0.06207994903647083,Enriched in Strong,Accessory
group_623,0.047619047619047644,0,0,3,0.06207994903647083,Enriched in Weak,Accessory
czcO,0.04761904761904764,Inf,5,1,0.06207994903647083,Enriched in Strong,Accessory
ackA,0.04761904761904764,Inf,5,1,0.06207994903647083,Enriched in Strong,Accessory
group_490,0.047619047619047644,0,0,3,0.06207994903647083,Enriched in Weak,Accessory
group_319,0.04761904761904764,Inf,5,1,0.06207994903647083,Enriched in Strong,Accessory
ohyA,0.04761904761904764,Inf,5,1,0.06207994903647083,Enriched in Strong,Accessory
group_121,0.04761904761904764,Inf,5,1,0.06207994903647083,Enriched in Strong,Accessory
group_96,0.04761904761904764,Inf,5,1,0.06207994903647083,Enriched in Strong,Accessory
xpkA,0.04761904761904764,Inf,5,1,0.06207994903647083,Enriched in Strong,Accessory
ndvB,0.04761904761904764,Inf,5,1,0.06207994903647083,Enriched in Strong,Accessory
group_3429,0.04761904761904764,Inf,5,1,0.06207994903647083,Enriched in Strong,Accessory
group_3395,0.04761904761904764,Inf,5,1,0.06207994903647083,Enriched in Strong,Accessory
group_3390,0.04761904761904764,Inf,5,1,0.06207994903647083,Enriched in Strong,Accessory
group_3296,0.04761904761904764,Inf,5,1,0.06207994903647083,Enriched in Strong,Accessory
group_3246,0.04761904761904764,Inf,5,1,0.06207994903647083,Enriched in Strong,Accessory
group_3115,0.04761904761904764,Inf,5,1,0.06207994903647083,Enriched in Strong,Accessory
group_2565,0.04761904761904764,Inf,5,1,0.06207994903647083,Enriched in Strong,Accessory
group_2083,0.04761904761904764,Inf,5,1,0.06207994903647083,Enriched in Strong,Accessory
group_2037,0.04761904761904764,Inf,5,1,0.06207994903647083,Enriched in Strong,Accessory
group_1973,0.04761904761904764,Inf,5,1,0.06207994903647083,Enriched in Strong,Accessory
group_1290,0.04761904761904764,Inf,5,1,0.06207994903647083,Enriched in Strong,Accessory
gltC_4,0.04761904761904764,Inf,5,1,0.06207994903647083,Enriched in Strong,Accessory
group_561,0.04761904761904764,Inf,5,1,0.06207994903647083,Enriched in Strong,Accessory
group_439,0.04761904761904764,Inf,5,1,0.06207994903647083,Enriched in Strong,Accessory
group_350,0.04761904761904764,Inf,5,1,0.06207994903647083,Enriched in Strong,Accessory
group_3675,0.047619047619047644,0,0,3,0.06207994903647083,Enriched in Weak,Accessory
ppc_2,0.047619047619047644,0,0,3,0.06207994903647083,Enriched in Weak,Accessory
group_3467,0.04761904761904764,Inf,5,1,0.06207994903647083,Enriched in Strong,Accessory
group_3413,0.047619047619047644,0,0,3,0.06207994903647083,Enriched in Weak,Accessory
dnaC~~~dnaC_2,0.047619047619047644,0,0,3,0.06207994903647083,Enriched in Weak,Accessory
group_3353,0.047619047619047644,0,0,3,0.06207994903647083,Enriched in Weak,Accessory
group_3344,0.047619047619047644,0,0,3,0.06207994903647083,Enriched in Weak,Accessory
dnaB_2~~~dnaB_1~~~dnaC_2,0.047619047619047644,0,0,3,0.06207994903647083,Enriched in Weak,Accessory
rcsC_3~~~rcsC_8,0.047619047619047644,0,0,3,0.06207994903647083,Enriched in Weak,Accessory
smf1_1~~~smf1_2,0.047619047619047644,0,0,3,0.06207994903647083,Enriched in Weak,Accessory
group_3320,0.047619047619047644,0,0,3,0.06207994903647083,Enriched in Weak,Accessory
group_3308,0.047619047619047644,0,0,3,0.06207994903647083,Enriched in Weak,Accessory
group_3292,0.047619047619047644,0,0,3,0.06207994903647083,Enriched in Weak,Accessory
group_3290,0.047619047619047644,0,0,3,0.06207994903647083,Enriched in Weak,Accessory
rcsC_2~~~rcsC_7,0.047619047619047644,0,0,3,0.06207994903647083,Enriched in Weak,Accessory
mrkD,0.047619047619047644,0,0,3,0.06207994903647083,Enriched in Weak,Accessory
group_3143,0.047619047619047644,0,0,3,0.06207994903647083,Enriched in Weak,Accessory
group_3132,0.047619047619047644,0,0,3,0.06207994903647083,Enriched in Weak,Accessory
lexA_4,0.047619047619047644,0,0,3,0.06207994903647083,Enriched in Weak,Accessory
ephA_1,0.047619047619047644,0,0,3,0.06207994903647083,Enriched in Weak,Accessory
group_2469,0.047619047619047644,0,0,3,0.06207994903647083,Enriched in Weak,Accessory
group_2350,0.047619047619047644,0,0,3,0.06207994903647083,Enriched in Weak,Accessory
group_2190,0.047619047619047644,0,0,3,0.06207994903647083,Enriched in Weak,Accessory
pdeR,0.047619047619047644,0,0,3,0.06207994903647083,Enriched in Weak,Accessory
group_1898,0.047619047619047644,0,0,3,0.06207994903647083,Enriched in Weak,Accessory
group_1828,0.047619047619047644,0,0,3,0.06207994903647083,Enriched in Weak,Accessory
group_1516,0.047619047619047644,0,0,3,0.06207994903647083,Enriched in Weak,Accessory
nreC,0.047619047619047644,0,0,3,0.06207994903647083,Enriched in Weak,Accessory
rcsB_1,0.047619047619047644,0,0,3,0.06207994903647083,Enriched in Weak,Accessory
group_393,0.047619047619047644,0,0,3,0.06207994903647083,Enriched in Weak,Accessory
htrE_1,0.047619047619047644,0,0,3,0.06207994903647083,Enriched in Weak,Accessory
group_4332,0.04761904761904764,Inf,5,1,0.06207994903647083,Enriched in Strong,Accessory
group_4331,0.04761904761904764,Inf,5,1,0.06207994903647083,Enriched in Strong,Accessory
group_4330,0.04761904761904764,Inf,5,1,0.06207994903647083,Enriched in Strong,Accessory
group_3937,0.047619047619047644,0,0,3,0.06207994903647083,Enriched in Weak,Accessory
bin3,0.047619047619047644,0,0,3,0.06207994903647083,Enriched in Weak,Accessory
group_3936,0.047619047619047644,0,0,3,0.06207994903647083,Enriched in Weak,Accessory
group_3935,0.047619047619047644,0,0,3,0.06207994903647083,Enriched in Weak,Accessory
group_3934,0.047619047619047644,0,0,3,0.06207994903647083,Enriched in Weak,Accessory
group_3933,0.047619047619047644,0,0,3,0.06207994903647083,Enriched in Weak,Accessory
group_3931,0.047619047619047644,0,0,3,0.06207994903647083,Enriched in Weak,Accessory
group_3930,0.047619047619047644,0,0,3,0.06207994903647083,Enriched in Weak,Accessory
group_3929,0.047619047619047644,0,0,3,0.06207994903647083,Enriched in Weak,Accessory
group_3928,0.047619047619047644,0,0,3,0.06207994903647083,Enriched in Weak,Accessory
recD_2,0.047619047619047644,0,0,3,0.06207994903647083,Enriched in Weak,Accessory
group_3926,0.047619047619047644,0,0,3,0.06207994903647083,Enriched in Weak,Accessory
group_3925,0.047619047619047644,0,0,3,0.06207994903647083,Enriched in Weak,Accessory
group_3924,0.047619047619047644,0,0,3,0.06207994903647083,Enriched in Weak,Accessory
group_3922,0.047619047619047644,0,0,3,0.06207994903647083,Enriched in Weak,Accessory
group_3921,0.047619047619047644,0,0,3,0.06207994903647083,Enriched in Weak,Accessory
group_3920,0.047619047619047644,0,0,3,0.06207994903647083,Enriched in Weak,Accessory
group_3919,0.047619047619047644,0,0,3,0.06207994903647083,Enriched in Weak,Accessory
group_3918,0.047619047619047644,0,0,3,0.06207994903647083,Enriched in Weak,Accessory
group_3916,0.047619047619047644,0,0,3,0.06207994903647083,Enriched in Weak,Accessory
group_3915,0.047619047619047644,0,0,3,0.06207994903647083,Enriched in Weak,Accessory
group_3913,0.047619047619047644,0,0,3,0.06207994903647083,Enriched in Weak,Accessory
soj_3,0.047619047619047644,0,0,3,0.06207994903647083,Enriched in Weak,Accessory
group_3912,0.047619047619047644,0,0,3,0.06207994903647083,Enriched in Weak,Accessory
umuC,0.047619047619047644,0,0,3,0.06207994903647083,Enriched in Weak,Accessory
group_3910,0.047619047619047644,0,0,3,0.06207994903647083,Enriched in Weak,Accessory
group_3909,0.047619047619047644,0,0,3,0.06207994903647083,Enriched in Weak,Accessory
group_3908,0.047619047619047644,0,0,3,0.06207994903647083,Enriched in Weak,Accessory
group_3906,0.047619047619047644,0,0,3,0.06207994903647083,Enriched in Weak,Accessory
group_3905,0.047619047619047644,0,0,3,0.06207994903647083,Enriched in Weak,Accessory
group_3904,0.047619047619047644,0,0,3,0.06207994903647083,Enriched in Weak,Accessory
group_3903,0.047619047619047644,0,0,3,0.06207994903647083,Enriched in Weak,Accessory
virB9,0.047619047619047644,0,0,3,0.06207994903647083,Enriched in Weak,Accessory
noc~~~noc_3,0.047619047619047644,0,0,3,0.06207994903647083,Enriched in Weak,Accessory
virB4,0.047619047619047644,0,0,3,0.06207994903647083,Enriched in Weak,Accessory
group_3901,0.047619047619047644,0,0,3,0.06207994903647083,Enriched in Weak,Accessory
group_3900,0.047619047619047644,0,0,3,0.06207994903647083,Enriched in Weak,Accessory
umuD_2,0.047619047619047644,0,0,3,0.06207994903647083,Enriched in Weak,Accessory
group_3897,0.047619047619047644,0,0,3,0.06207994903647083,Enriched in Weak,Accessory
group_3896,0.047619047619047644,0,0,3,0.06207994903647083,Enriched in Weak,Accessory
group_3895,0.047619047619047644,0,0,3,0.06207994903647083,Enriched in Weak,Accessory
group_3894,0.047619047619047644,0,0,3,0.06207994903647083,Enriched in Weak,Accessory
group_3893,0.047619047619047644,0,0,3,0.06207994903647083,Enriched in Weak,Accessory
group_3891,0.047619047619047644,0,0,3,0.06207994903647083,Enriched in Weak,Accessory
group_3890,0.047619047619047644,0,0,3,0.06207994903647083,Enriched in Weak,Accessory
group_3889,0.047619047619047644,0,0,3,0.06207994903647083,Enriched in Weak,Accessory
ssb_2,0.047619047619047644,0,0,3,0.06207994903647083,Enriched in Weak,Accessory
group_3529,0.04761904761904764,Inf,5,1,0.06207994903647083,Enriched in Strong,Accessory
group_3434,0.047619047619047644,0,0,3,0.06207994903647083,Enriched in Weak,Accessory
group_3433,0.047619047619047644,0,0,3,0.06207994903647083,Enriched in Weak,Accessory
group_3425,0.04761904761904764,Inf,5,1,0.06207994903647083,Enriched in Strong,Accessory
group_3423,0.04761904761904764,Inf,5,1,0.06207994903647083,Enriched in Strong,Accessory
group_3402,0.04761904761904764,Inf,5,1,0.06207994903647083,Enriched in Strong,Accessory
group_3401,0.04761904761904764,Inf,5,1,0.06207994903647083,Enriched in Strong,Accessory
group_3396,0.04761904761904764,Inf,5,1,0.06207994903647083,Enriched in Strong,Accessory
group_3393,0.04761904761904764,Inf,5,1,0.06207994903647083,Enriched in Strong,Accessory
group_3388,0.04761904761904764,Inf,5,1,0.06207994903647083,Enriched in Strong,Accessory
group_3386,0.047619047619047644,0,0,3,0.06207994903647083,Enriched in Weak,Accessory
group_3385,0.047619047619047644,0,0,3,0.06207994903647083,Enriched in Weak,Accessory
group_3383,0.047619047619047644,0,0,3,0.06207994903647083,Enriched in Weak,Accessory
group_3381,0.047619047619047644,0,0,3,0.06207994903647083,Enriched in Weak,Accessory
group_3376,0.047619047619047644,0,0,3,0.06207994903647083,Enriched in Weak,Accessory
group_3374,0.04761904761904764,Inf,5,1,0.06207994903647083,Enriched in Strong,Accessory
group_3373,0.04761904761904764,Inf,5,1,0.06207994903647083,Enriched in Strong,Accessory
group_3369,0.047619047619047644,0,0,3,0.06207994903647083,Enriched in Weak,Accessory
group_3366,0.04761904761904764,Inf,5,1,0.06207994903647083,Enriched in Strong,Accessory
group_3365,0.04761904761904764,Inf,5,1,0.06207994903647083,Enriched in Strong,Accessory
group_3362,0.04761904761904764,Inf,5,1,0.06207994903647083,Enriched in Strong,Accessory
group_3358,0.047619047619047644,0,0,3,0.06207994903647083,Enriched in Weak,Accessory
group_3352,0.04761904761904764,Inf,5,1,0.06207994903647083,Enriched in Strong,Accessory
group_3350,0.04761904761904764,Inf,5,1,0.06207994903647083,Enriched in Strong,Accessory
group_3349,0.047619047619047644,0,0,3,0.06207994903647083,Enriched in Weak,Accessory
yscU_3~~~yscU_1,0.04761904761904764,Inf,5,1,0.06207994903647083,Enriched in Strong,Accessory
group_3346,0.047619047619047644,0,0,3,0.06207994903647083,Enriched in Weak,Accessory
group_3345,0.04761904761904764,Inf,5,1,0.06207994903647083,Enriched in Strong,Accessory
group_3343,0.047619047619047644,0,0,3,0.06207994903647083,Enriched in Weak,Accessory
group_3333,0.047619047619047644,0,0,3,0.06207994903647083,Enriched in Weak,Accessory
group_3318,0.04761904761904764,Inf,5,1,0.06207994903647083,Enriched in Strong,Accessory
group_3317,0.04761904761904764,Inf,5,1,0.06207994903647083,Enriched in Strong,Accessory
group_3311,0.04761904761904764,Inf,5,1,0.06207994903647083,Enriched in Strong,Accessory
group_3310,0.047619047619047644,0,0,3,0.06207994903647083,Enriched in Weak,Accessory
group_3309,0.047619047619047644,0,0,3,0.06207994903647083,Enriched in Weak,Accessory
spaP_2~~~spaP_1,0.04761904761904764,Inf,5,1,0.06207994903647083,Enriched in Strong,Accessory
group_3306,0.04761904761904764,Inf,5,1,0.06207994903647083,Enriched in Strong,Accessory
group_3304,0.047619047619047644,0,0,3,0.06207994903647083,Enriched in Weak,Accessory
rcsC_24~~~rcsC_1,0.04761904761904764,Inf,5,1,0.06207994903647083,Enriched in Strong,Accessory
group_3295,0.047619047619047644,0,0,3,0.06207994903647083,Enriched in Weak,Accessory
group_3293,0.04761904761904764,Inf,5,1,0.06207994903647083,Enriched in Strong,Accessory
group_3287,0.047619047619047644,0,0,3,0.06207994903647083,Enriched in Weak,Accessory
group_3284,0.047619047619047644,0,0,3,0.06207994903647083,Enriched in Weak,Accessory
group_3283,0.047619047619047644,0,0,3,0.06207994903647083,Enriched in Weak,Accessory
group_3271,0.047619047619047644,0,0,3,0.06207994903647083,Enriched in Weak,Accessory
group_3265,0.04761904761904764,Inf,5,1,0.06207994903647083,Enriched in Strong,Accessory
group_3209,0.04761904761904764,Inf,5,1,0.06207994903647083,Enriched in Strong,Accessory
rhaS_8~~~rhaS_2,0.04761904761904764,Inf,5,1,0.06207994903647083,Enriched in Strong,Accessory
group_3201,0.047619047619047644,0,0,3,0.06207994903647083,Enriched in Weak,Accessory
group_3181,0.047619047619047644,0,0,3,0.06207994903647083,Enriched in Weak,Accessory
group_3164,0.04761904761904764,Inf,5,1,0.06207994903647083,Enriched in Strong,Accessory
group_3155,0.04761904761904764,Inf,5,1,0.06207994903647083,Enriched in Strong,Accessory
yscN_2~~~yscN_1,0.04761904761904764,Inf,5,1,0.06207994903647083,Enriched in Strong,Accessory
group_3138,0.047619047619047644,0,0,3,0.06207994903647083,Enriched in Weak,Accessory
group_3136,0.047619047619047644,0,0,3,0.06207994903647083,Enriched in Weak,Accessory
group_3121,0.047619047619047644,0,0,3,0.06207994903647083,Enriched in Weak,Accessory
group_3105,0.047619047619047644,0,0,3,0.06207994903647083,Enriched in Weak,Accessory
group_3097,0.047619047619047644,0,0,3,0.06207994903647083,Enriched in Weak,Accessory
group_3082,0.047619047619047644,0,0,3,0.06207994903647083,Enriched in Weak,Accessory
group_3039,0.047619047619047644,0,0,3,0.06207994903647083,Enriched in Weak,Accessory
group_3038,0.047619047619047644,0,0,3,0.06207994903647083,Enriched in Weak,Accessory
nanT_1~~~naiP_1,0.04761904761904764,Inf,5,1,0.06207994903647083,Enriched in Strong,Accessory
group_2966,0.047619047619047644,0,0,3,0.06207994903647083,Enriched in Weak,Accessory
group_2938,0.04761904761904764,Inf,5,1,0.06207994903647083,Enriched in Strong,Accessory
group_2936,0.04761904761904764,Inf,5,1,0.06207994903647083,Enriched in Strong,Accessory
group_2935,0.04761904761904764,Inf,5,1,0.06207994903647083,Enriched in Strong,Accessory
group_2818,0.04761904761904764,Inf,5,1,0.06207994903647083,Enriched in Strong,Accessory
group_2774,0.047619047619047644,0,0,3,0.06207994903647083,Enriched in Weak,Accessory
group_2735,0.04761904761904764,Inf,5,1,0.06207994903647083,Enriched in Strong,Accessory
group_2734,0.04761904761904764,Inf,5,1,0.06207994903647083,Enriched in Strong,Accessory
group_2671,0.04761904761904764,Inf,5,1,0.06207994903647083,Enriched in Strong,Accessory
group_2670,0.04761904761904764,Inf,5,1,0.06207994903647083,Enriched in Strong,Accessory
group_2639,0.047619047619047644,0,0,3,0.06207994903647083,Enriched in Weak,Accessory
group_2627,0.047619047619047644,0,0,3,0.06207994903647083,Enriched in Weak,Accessory
group_2593,0.047619047619047644,0,0,3,0.06207994903647083,Enriched in Weak,Accessory
group_2581,0.04761904761904764,Inf,5,1,0.06207994903647083,Enriched in Strong,Accessory
spaQ,0.04761904761904764,Inf,5,1,0.06207994903647083,Enriched in Strong,Accessory
group_2315,0.04761904761904764,Inf,5,1,0.06207994903647083,Enriched in Strong,Accessory
group_2283,0.047619047619047644,0,0,3,0.06207994903647083,Enriched in Weak,Accessory
group_2282,0.047619047619047644,0,0,3,0.06207994903647083,Enriched in Weak,Accessory
group_2281,0.047619047619047644,0,0,3,0.06207994903647083,Enriched in Weak,Accessory
group_2193,0.04761904761904764,Inf,5,1,0.06207994903647083,Enriched in Strong,Accessory
group_2096,0.04761904761904764,Inf,5,1,0.06207994903647083,Enriched in Strong,Accessory
group_2064,0.047619047619047644,0,0,3,0.06207994903647083,Enriched in Weak,Accessory
group_2052,0.04761904761904764,Inf,5,1,0.06207994903647083,Enriched in Strong,Accessory
group_1936,0.047619047619047644,0,0,3,0.06207994903647083,Enriched in Weak,Accessory
group_1855,0.047619047619047644,0,0,3,0.06207994903647083,Enriched in Weak,Accessory
group_1845,0.047619047619047644,0,0,3,0.06207994903647083,Enriched in Weak,Accessory
group_1763,0.047619047619047644,0,0,3,0.06207994903647083,Enriched in Weak,Accessory
group_1741,0.04761904761904764,Inf,5,1,0.06207994903647083,Enriched in Strong,Accessory
group_1619,0.047619047619047644,0,0,3,0.06207994903647083,Enriched in Weak,Accessory
group_1569,0.047619047619047644,0,0,3,0.06207994903647083,Enriched in Weak,Accessory
group_1464,0.04761904761904764,Inf,5,1,0.06207994903647083,Enriched in Strong,Accessory
group_1420,0.04761904761904764,Inf,5,1,0.06207994903647083,Enriched in Strong,Accessory
osmW_2,0.04761904761904764,Inf,5,1,0.06207994903647083,Enriched in Strong,Accessory
group_1162,0.047619047619047644,0,0,3,0.06207994903647083,Enriched in Weak,Accessory
group_1147,0.04761904761904764,Inf,5,1,0.06207994903647083,Enriched in Strong,Accessory
group_1141,0.047619047619047644,0,0,3,0.06207994903647083,Enriched in Weak,Accessory
group_1128,0.04761904761904764,Inf,5,1,0.06207994903647083,Enriched in Strong,Accessory
prtR_1,0.047619047619047644,0,0,3,0.06207994903647083,Enriched in Weak,Accessory
group_1083,0.04761904761904764,Inf,5,1,0.06207994903647083,Enriched in Strong,Accessory
group_1025,0.04761904761904764,Inf,5,1,0.06207994903647083,Enriched in Strong,Accessory
hyuA_2,0.04761904761904764,Inf,5,1,0.06207994903647083,Enriched in Strong,Accessory
osmX_2,0.04761904761904764,Inf,5,1,0.06207994903647083,Enriched in Strong,Accessory
group_905,0.04761904761904764,Inf,5,1,0.06207994903647083,Enriched in Strong,Accessory
group_900,0.04761904761904764,Inf,5,1,0.06207994903647083,Enriched in Strong,Accessory
group_889,0.04761904761904764,Inf,5,1,0.06207994903647083,Enriched in Strong,Accessory
tri1_2,0.04761904761904764,Inf,5,1,0.06207994903647083,Enriched in Strong,Accessory
group_846,0.04761904761904764,Inf,5,1,0.06207994903647083,Enriched in Strong,Accessory
leuA_2,0.04761904761904764,Inf,5,1,0.06207994903647083,Enriched in Strong,Accessory
group_663,0.04761904761904764,Inf,5,1,0.06207994903647083,Enriched in Strong,Accessory
group_642,0.04761904761904764,Inf,5,1,0.06207994903647083,Enriched in Strong,Accessory
group_575,0.047619047619047644,0,0,3,0.06207994903647083,Enriched in Weak,Accessory
osmV_2,0.04761904761904764,Inf,5,1,0.06207994903647083,Enriched in Strong,Accessory
group_562,0.04761904761904764,Inf,5,1,0.06207994903647083,Enriched in Strong,Accessory
pntAA_1,0.04761904761904764,Inf,5,1,0.06207994903647083,Enriched in Strong,Accessory
group_531,0.047619047619047644,0,0,3,0.06207994903647083,Enriched in Weak,Accessory
pntB_1,0.04761904761904764,Inf,5,1,0.06207994903647083,Enriched in Strong,Accessory
sctC_2,0.04761904761904764,Inf,5,1,0.06207994903647083,Enriched in Strong,Accessory
sseC,0.04761904761904764,Inf,5,1,0.06207994903647083,Enriched in Strong,Accessory
apc4,0.04761904761904764,Inf,5,1,0.06207994903647083,Enriched in Strong,Accessory
shlB_1,0.04761904761904764,Inf,5,1,0.06207994903647083,Enriched in Strong,Accessory
group_161,0.04761904761904764,Inf,5,1,0.06207994903647083,Enriched in Strong,Accessory
ssaV_1,0.04761904761904764,Inf,5,1,0.06207994903647083,Enriched in Strong,Accessory
apc3,0.04761904761904764,Inf,5,1,0.06207994903647083,Enriched in Strong,Accessory
group_88,0.04761904761904764,Inf,5,1,0.06207994903647083,Enriched in Strong,Accessory
group_4337,0.04761904761904766,Inf,4,0,0.06207994903647083,Enriched in Strong,Accessory
group_4257,0.047619047619047644,0,0,3,0.06207994903647083,Enriched in Weak,Accessory
group_4256,0.047619047619047644,0,0,3,0.06207994903647083,Enriched in Weak,Accessory
group_4255,0.047619047619047644,0,0,3,0.06207994903647083,Enriched in Weak,Accessory
group_4253,0.047619047619047644,0,0,3,0.06207994903647083,Enriched in Weak,Accessory
group_4251,0.047619047619047644,0,0,3,0.06207994903647083,Enriched in Weak,Accessory
group_4248,0.047619047619047644,0,0,3,0.06207994903647083,Enriched in Weak,Accessory
group_4247,0.047619047619047644,0,0,3,0.06207994903647083,Enriched in Weak,Accessory
group_3380,0.047619047619047644,0,0,3,0.06207994903647083,Enriched in Weak,Accessory
group_3375,0.047619047619047644,0,0,3,0.06207994903647083,Enriched in Weak,Accessory
group_3367,0.047619047619047644,0,0,3,0.06207994903647083,Enriched in Weak,Accessory
group_3355,0.047619047619047644,0,0,3,0.06207994903647083,Enriched in Weak,Accessory
group_3326,0.047619047619047644,0,0,3,0.06207994903647083,Enriched in Weak,Accessory
group_3325,0.047619047619047644,0,0,3,0.06207994903647083,Enriched in Weak,Accessory
group_3251,0.047619047619047644,0,0,3,0.06207994903647083,Enriched in Weak,Accessory
group_3137,0.047619047619047644,0,0,3,0.06207994903647083,Enriched in Weak,Accessory
group_2833,0.047619047619047644,0,0,3,0.06207994903647083,Enriched in Weak,Accessory
group_2396,0.04761904761904766,Inf,4,0,0.06207994903647083,Enriched in Strong,Accessory
group_2227,0.047619047619047644,0,0,3,0.06207994903647083,Enriched in Weak,Accessory
group_1963,0.047619047619047644,0,0,3,0.06207994903647083,Enriched in Weak,Accessory
group_603,0.047619047619047644,0,0,3,0.06207994903647083,Enriched in Weak,Accessory
group_4266,0.047619047619047644,0,0,3,0.06207994903647083,Enriched in Weak,Accessory
group_4263,0.047619047619047644,0,0,3,0.06207994903647083,Enriched in Weak,Accessory
group_4261,0.047619047619047644,0,0,3,0.06207994903647083,Enriched in Weak,Accessory
group_4259,0.047619047619047644,0,0,3,0.06207994903647083,Enriched in Weak,Accessory
group_4258,0.047619047619047644,0,0,3,0.06207994903647083,Enriched in Weak,Accessory
group_4254,0.047619047619047644,0,0,3,0.06207994903647083,Enriched in Weak,Accessory
group_4250,0.047619047619047644,0,0,3,0.06207994903647083,Enriched in Weak,Accessory
group_4249,0.047619047619047644,0,0,3,0.06207994903647083,Enriched in Weak,Accessory
group_4246,0.047619047619047644,0,0,3,0.06207994903647083,Enriched in Weak,Accessory
group_4244,0.047619047619047644,0,0,3,0.06207994903647083,Enriched in Weak,Accessory
hin_3,0.047619047619047644,0,0,3,0.06207994903647083,Enriched in Weak,Accessory
group_4243,0.047619047619047644,0,0,3,0.06207994903647083,Enriched in Weak,Accessory
group_4242,0.047619047619047644,0,0,3,0.06207994903647083,Enriched in Weak,Accessory
group_4241,0.047619047619047644,0,0,3,0.06207994903647083,Enriched in Weak,Accessory
group_4240,0.047619047619047644,0,0,3,0.06207994903647083,Enriched in Weak,Accessory
group_4239,0.047619047619047644,0,0,3,0.06207994903647083,Enriched in Weak,Accessory
group_4238,0.047619047619047644,0,0,3,0.06207994903647083,Enriched in Weak,Accessory
group_4237,0.047619047619047644,0,0,3,0.06207994903647083,Enriched in Weak,Accessory
group_4236,0.047619047619047644,0,0,3,0.06207994903647083,Enriched in Weak,Accessory
group_4235,0.047619047619047644,0,0,3,0.06207994903647083,Enriched in Weak,Accessory
group_4234,0.047619047619047644,0,0,3,0.06207994903647083,Enriched in Weak,Accessory
group_4233,0.047619047619047644,0,0,3,0.06207994903647083,Enriched in Weak,Accessory
group_4232,0.047619047619047644,0,0,3,0.06207994903647083,Enriched in Weak,Accessory
group_4231,0.047619047619047644,0,0,3,0.06207994903647083,Enriched in Weak,Accessory
group_4230,0.047619047619047644,0,0,3,0.06207994903647083,Enriched in Weak,Accessory
group_4229,0.047619047619047644,0,0,3,0.06207994903647083,Enriched in Weak,Accessory
group_4228,0.047619047619047644,0,0,3,0.06207994903647083,Enriched in Weak,Accessory
group_4227,0.047619047619047644,0,0,3,0.06207994903647083,Enriched in Weak,Accessory
group_4226,0.047619047619047644,0,0,3,0.06207994903647083,Enriched in Weak,Accessory
group_4225,0.047619047619047644,0,0,3,0.06207994903647083,Enriched in Weak,Accessory
group_4224,0.047619047619047644,0,0,3,0.06207994903647083,Enriched in Weak,Accessory
group_4223,0.047619047619047644,0,0,3,0.06207994903647083,Enriched in Weak,Accessory
group_4222,0.047619047619047644,0,0,3,0.06207994903647083,Enriched in Weak,Accessory
group_4221,0.047619047619047644,0,0,3,0.06207994903647083,Enriched in Weak,Accessory
group_4220,0.047619047619047644,0,0,3,0.06207994903647083,Enriched in Weak,Accessory
group_4219,0.047619047619047644,0,0,3,0.06207994903647083,Enriched in Weak,Accessory
group_4218,0.047619047619047644,0,0,3,0.06207994903647083,Enriched in Weak,Accessory
group_4217,0.047619047619047644,0,0,3,0.06207994903647083,Enriched in Weak,Accessory
group_4216,0.047619047619047644,0,0,3,0.06207994903647083,Enriched in Weak,Accessory
group_4215,0.047619047619047644,0,0,3,0.06207994903647083,Enriched in Weak,Accessory
group_4214,0.047619047619047644,0,0,3,0.06207994903647083,Enriched in Weak,Accessory
group_4213,0.047619047619047644,0,0,3,0.06207994903647083,Enriched in Weak,Accessory
group_4212,0.047619047619047644,0,0,3,0.06207994903647083,Enriched in Weak,Accessory
group_4211,0.047619047619047644,0,0,3,0.06207994903647083,Enriched in Weak,Accessory
group_4210,0.047619047619047644,0,0,3,0.06207994903647083,Enriched in Weak,Accessory
group_4209,0.047619047619047644,0,0,3,0.06207994903647083,Enriched in Weak,Accessory
group_4208,0.047619047619047644,0,0,3,0.06207994903647083,Enriched in Weak,Accessory
group_4207,0.047619047619047644,0,0,3,0.06207994903647083,Enriched in Weak,Accessory
group_4206,0.047619047619047644,0,0,3,0.06207994903647083,Enriched in Weak,Accessory
group_4205,0.047619047619047644,0,0,3,0.06207994903647083,Enriched in Weak,Accessory
higB_2,0.047619047619047644,0,0,3,0.06207994903647083,Enriched in Weak,Accessory
group_4204,0.047619047619047644,0,0,3,0.06207994903647083,Enriched in Weak,Accessory
group_4203,0.047619047619047644,0,0,3,0.06207994903647083,Enriched in Weak,Accessory
group_4202,0.047619047619047644,0,0,3,0.06207994903647083,Enriched in Weak,Accessory
group_4201,0.047619047619047644,0,0,3,0.06207994903647083,Enriched in Weak,Accessory
group_4200,0.047619047619047644,0,0,3,0.06207994903647083,Enriched in Weak,Accessory
group_4199,0.047619047619047644,0,0,3,0.06207994903647083,Enriched in Weak,Accessory
higA_2,0.047619047619047644,0,0,3,0.06207994903647083,Enriched in Weak,Accessory
group_4198,0.047619047619047644,0,0,3,0.06207994903647083,Enriched in Weak,Accessory
group_4197,0.047619047619047644,0,0,3,0.06207994903647083,Enriched in Weak,Accessory
group_4196,0.047619047619047644,0,0,3,0.06207994903647083,Enriched in Weak,Accessory
group_4195,0.047619047619047644,0,0,3,0.06207994903647083,Enriched in Weak,Accessory
group_4194,0.047619047619047644,0,0,3,0.06207994903647083,Enriched in Weak,Accessory
group_4193,0.047619047619047644,0,0,3,0.06207994903647083,Enriched in Weak,Accessory
group_4192,0.047619047619047644,0,0,3,0.06207994903647083,Enriched in Weak,Accessory
group_4191,0.047619047619047644,0,0,3,0.06207994903647083,Enriched in Weak,Accessory
group_4190,0.047619047619047644,0,0,3,0.06207994903647083,Enriched in Weak,Accessory
group_4189,0.047619047619047644,0,0,3,0.06207994903647083,Enriched in Weak,Accessory
group_4188,0.047619047619047644,0,0,3,0.06207994903647083,Enriched in Weak,Accessory
group_4187,0.047619047619047644,0,0,3,0.06207994903647083,Enriched in Weak,Accessory
group_4186,0.047619047619047644,0,0,3,0.06207994903647083,Enriched in Weak,Accessory
group_4185,0.047619047619047644,0,0,3,0.06207994903647083,Enriched in Weak,Accessory
group_4184,0.047619047619047644,0,0,3,0.06207994903647083,Enriched in Weak,Accessory
group_4183,0.047619047619047644,0,0,3,0.06207994903647083,Enriched in Weak,Accessory
group_4182,0.047619047619047644,0,0,3,0.06207994903647083,Enriched in Weak,Accessory
group_4181,0.047619047619047644,0,0,3,0.06207994903647083,Enriched in Weak,Accessory
fadD_5,0.047619047619047644,0,0,3,0.06207994903647083,Enriched in Weak,Accessory
group_4180,0.047619047619047644,0,0,3,0.06207994903647083,Enriched in Weak,Accessory
group_4179,0.047619047619047644,0,0,3,0.06207994903647083,Enriched in Weak,Accessory
resA_3,0.047619047619047644,0,0,3,0.06207994903647083,Enriched in Weak,Accessory
group_4178,0.047619047619047644,0,0,3,0.06207994903647083,Enriched in Weak,Accessory
group_4177,0.047619047619047644,0,0,3,0.06207994903647083,Enriched in Weak,Accessory
group_4176,0.047619047619047644,0,0,3,0.06207994903647083,Enriched in Weak,Accessory
group_4175,0.047619047619047644,0,0,3,0.06207994903647083,Enriched in Weak,Accessory
group_4174,0.047619047619047644,0,0,3,0.06207994903647083,Enriched in Weak,Accessory
group_4173,0.047619047619047644,0,0,3,0.06207994903647083,Enriched in Weak,Accessory
hin_2,0.047619047619047644,0,0,3,0.06207994903647083,Enriched in Weak,Accessory
group_4172,0.047619047619047644,0,0,3,0.06207994903647083,Enriched in Weak,Accessory
group_4171,0.047619047619047644,0,0,3,0.06207994903647083,Enriched in Weak,Accessory
group_4170,0.047619047619047644,0,0,3,0.06207994903647083,Enriched in Weak,Accessory
group_4169,0.047619047619047644,0,0,3,0.06207994903647083,Enriched in Weak,Accessory
group_4168,0.047619047619047644,0,0,3,0.06207994903647083,Enriched in Weak,Accessory
group_4167,0.047619047619047644,0,0,3,0.06207994903647083,Enriched in Weak,Accessory
group_4166,0.047619047619047644,0,0,3,0.06207994903647083,Enriched in Weak,Accessory
group_4165,0.047619047619047644,0,0,3,0.06207994903647083,Enriched in Weak,Accessory
group_4164,0.047619047619047644,0,0,3,0.06207994903647083,Enriched in Weak,Accessory
group_4163,0.047619047619047644,0,0,3,0.06207994903647083,Enriched in Weak,Accessory
group_4162,0.047619047619047644,0,0,3,0.06207994903647083,Enriched in Weak,Accessory
group_4161,0.047619047619047644,0,0,3,0.06207994903647083,Enriched in Weak,Accessory
group_4160,0.047619047619047644,0,0,3,0.06207994903647083,Enriched in Weak,Accessory
group_4159,0.047619047619047644,0,0,3,0.06207994903647083,Enriched in Weak,Accessory
group_4158,0.047619047619047644,0,0,3,0.06207994903647083,Enriched in Weak,Accessory
group_4157,0.047619047619047644,0,0,3,0.06207994903647083,Enriched in Weak,Accessory
arsH_2,0.047619047619047644,0,0,3,0.06207994903647083,Enriched in Weak,Accessory
group_4156,0.047619047619047644,0,0,3,0.06207994903647083,Enriched in Weak,Accessory
group_4155,0.047619047619047644,0,0,3,0.06207994903647083,Enriched in Weak,Accessory
group_4154,0.047619047619047644,0,0,3,0.06207994903647083,Enriched in Weak,Accessory
group_4153,0.047619047619047644,0,0,3,0.06207994903647083,Enriched in Weak,Accessory
group_4152,0.047619047619047644,0,0,3,0.06207994903647083,Enriched in Weak,Accessory
group_4151,0.047619047619047644,0,0,3,0.06207994903647083,Enriched in Weak,Accessory
ompP1,0.047619047619047644,0,0,3,0.06207994903647083,Enriched in Weak,Accessory
group_4150,0.047619047619047644,0,0,3,0.06207994903647083,Enriched in Weak,Accessory
fadD_6,0.047619047619047644,0,0,3,0.06207994903647083,Enriched in Weak,Accessory
group_4149,0.047619047619047644,0,0,3,0.06207994903647083,Enriched in Weak,Accessory
group_4148,0.047619047619047644,0,0,3,0.06207994903647083,Enriched in Weak,Accessory
group_4147,0.047619047619047644,0,0,3,0.06207994903647083,Enriched in Weak,Accessory
group_4146,0.047619047619047644,0,0,3,0.06207994903647083,Enriched in Weak,Accessory
group_4145,0.047619047619047644,0,0,3,0.06207994903647083,Enriched in Weak,Accessory
noc_2,0.047619047619047644,0,0,3,0.06207994903647083,Enriched in Weak,Accessory
group_4144,0.047619047619047644,0,0,3,0.06207994903647083,Enriched in Weak,Accessory
group_4143,0.047619047619047644,0,0,3,0.06207994903647083,Enriched in Weak,Accessory
group_4142,0.047619047619047644,0,0,3,0.06207994903647083,Enriched in Weak,Accessory
group_4141,0.047619047619047644,0,0,3,0.06207994903647083,Enriched in Weak,Accessory
intA,0.047619047619047644,0,0,3,0.06207994903647083,Enriched in Weak,Accessory
group_4140,0.047619047619047644,0,0,3,0.06207994903647083,Enriched in Weak,Accessory
group_4139,0.047619047619047644,0,0,3,0.06207994903647083,Enriched in Weak,Accessory
group_4138,0.047619047619047644,0,0,3,0.06207994903647083,Enriched in Weak,Accessory
tcpE,0.047619047619047644,0,0,3,0.06207994903647083,Enriched in Weak,Accessory
group_4137,0.047619047619047644,0,0,3,0.06207994903647083,Enriched in Weak,Accessory
group_4136,0.047619047619047644,0,0,3,0.06207994903647083,Enriched in Weak,Accessory
virB8,0.047619047619047644,0,0,3,0.06207994903647083,Enriched in Weak,Accessory
group_4135,0.047619047619047644,0,0,3,0.06207994903647083,Enriched in Weak,Accessory
group_4134,0.047619047619047644,0,0,3,0.06207994903647083,Enriched in Weak,Accessory
group_4133,0.047619047619047644,0,0,3,0.06207994903647083,Enriched in Weak,Accessory
group_4132,0.047619047619047644,0,0,3,0.06207994903647083,Enriched in Weak,Accessory
group_4131,0.047619047619047644,0,0,3,0.06207994903647083,Enriched in Weak,Accessory
group_4130,0.047619047619047644,0,0,3,0.06207994903647083,Enriched in Weak,Accessory
group_4129,0.047619047619047644,0,0,3,0.06207994903647083,Enriched in Weak,Accessory
outO_2,0.047619047619047644,0,0,3,0.06207994903647083,Enriched in Weak,Accessory
group_4128,0.047619047619047644,0,0,3,0.06207994903647083,Enriched in Weak,Accessory
group_4127,0.047619047619047644,0,0,3,0.06207994903647083,Enriched in Weak,Accessory
group_4126,0.047619047619047644,0,0,3,0.06207994903647083,Enriched in Weak,Accessory
rfaH,0.047619047619047644,0,0,3,0.06207994903647083,Enriched in Weak,Accessory
group_4125,0.047619047619047644,0,0,3,0.06207994903647083,Enriched in Weak,Accessory
virB4_1,0.047619047619047644,0,0,3,0.06207994903647083,Enriched in Weak,Accessory
group_4124,0.047619047619047644,0,0,3,0.06207994903647083,Enriched in Weak,Accessory
group_4123,0.047619047619047644,0,0,3,0.06207994903647083,Enriched in Weak,Accessory
group_4122,0.047619047619047644,0,0,3,0.06207994903647083,Enriched in Weak,Accessory
group_4121,0.047619047619047644,0,0,3,0.06207994903647083,Enriched in Weak,Accessory
group_4120,0.047619047619047644,0,0,3,0.06207994903647083,Enriched in Weak,Accessory
group_4119,0.047619047619047644,0,0,3,0.06207994903647083,Enriched in Weak,Accessory
group_4118,0.047619047619047644,0,0,3,0.06207994903647083,Enriched in Weak,Accessory
group_4117,0.047619047619047644,0,0,3,0.06207994903647083,Enriched in Weak,Accessory
group_4116,0.047619047619047644,0,0,3,0.06207994903647083,Enriched in Weak,Accessory
group_4115,0.047619047619047644,0,0,3,0.06207994903647083,Enriched in Weak,Accessory
group_4114,0.047619047619047644,0,0,3,0.06207994903647083,Enriched in Weak,Accessory
group_4113,0.047619047619047644,0,0,3,0.06207994903647083,Enriched in Weak,Accessory
group_4112,0.047619047619047644,0,0,3,0.06207994903647083,Enriched in Weak,Accessory
virD4,0.047619047619047644,0,0,3,0.06207994903647083,Enriched in Weak,Accessory
group_4111,0.047619047619047644,0,0,3,0.06207994903647083,Enriched in Weak,Accessory
chpB,0.047619047619047644,0,0,3,0.06207994903647083,Enriched in Weak,Accessory
group_4110,0.047619047619047644,0,0,3,0.06207994903647083,Enriched in Weak,Accessory
group_4109,0.047619047619047644,0,0,3,0.06207994903647083,Enriched in Weak,Accessory
group_4108,0.047619047619047644,0,0,3,0.06207994903647083,Enriched in Weak,Accessory
ssb_3,0.047619047619047644,0,0,3,0.06207994903647083,Enriched in Weak,Accessory
topB_2,0.047619047619047644,0,0,3,0.06207994903647083,Enriched in Weak,Accessory
group_4107,0.047619047619047644,0,0,3,0.06207994903647083,Enriched in Weak,Accessory
yhcR,0.047619047619047644,0,0,3,0.06207994903647083,Enriched in Weak,Accessory
group_4106,0.047619047619047644,0,0,3,0.06207994903647083,Enriched in Weak,Accessory
group_4105,0.047619047619047644,0,0,3,0.06207994903647083,Enriched in Weak,Accessory
group_4104,0.047619047619047644,0,0,3,0.06207994903647083,Enriched in Weak,Accessory
group_4103,0.047619047619047644,0,0,3,0.06207994903647083,Enriched in Weak,Accessory
chpS,0.047619047619047644,0,0,3,0.06207994903647083,Enriched in Weak,Accessory
group_4102,0.047619047619047644,0,0,3,0.06207994903647083,Enriched in Weak,Accessory
nadE_3,0.047619047619047644,0,0,3,0.06207994903647083,Enriched in Weak,Accessory
group_4101,0.047619047619047644,0,0,3,0.06207994903647083,Enriched in Weak,Accessory
group_4100,0.047619047619047644,0,0,3,0.06207994903647083,Enriched in Weak,Accessory
group_4099,0.047619047619047644,0,0,3,0.06207994903647083,Enriched in Weak,Accessory
group_4098,0.047619047619047644,0,0,3,0.06207994903647083,Enriched in Weak,Accessory
group_4097,0.047619047619047644,0,0,3,0.06207994903647083,Enriched in Weak,Accessory
group_4096,0.047619047619047644,0,0,3,0.06207994903647083,Enriched in Weak,Accessory
group_4095,0.047619047619047644,0,0,3,0.06207994903647083,Enriched in Weak,Accessory
group_4094,0.047619047619047644,0,0,3,0.06207994903647083,Enriched in Weak,Accessory
xerC_7,0.047619047619047644,0,0,3,0.06207994903647083,Enriched in Weak,Accessory
group_4093,0.047619047619047644,0,0,3,0.06207994903647083,Enriched in Weak,Accessory
group_4092,0.047619047619047644,0,0,3,0.06207994903647083,Enriched in Weak,Accessory
group_4091,0.047619047619047644,0,0,3,0.06207994903647083,Enriched in Weak,Accessory
group_4090,0.047619047619047644,0,0,3,0.06207994903647083,Enriched in Weak,Accessory
mexA_2,0.047619047619047644,0,0,3,0.06207994903647083,Enriched in Weak,Accessory
group_4089,0.047619047619047644,0,0,3,0.06207994903647083,Enriched in Weak,Accessory
group_4088,0.047619047619047644,0,0,3,0.06207994903647083,Enriched in Weak,Accessory
group_4087,0.047619047619047644,0,0,3,0.06207994903647083,Enriched in Weak,Accessory
group_4086,0.047619047619047644,0,0,3,0.06207994903647083,Enriched in Weak,Accessory
group_4085,0.047619047619047644,0,0,3,0.06207994903647083,Enriched in Weak,Accessory
pdeB,0.047619047619047644,0,0,3,0.06207994903647083,Enriched in Weak,Accessory
group_4084,0.047619047619047644,0,0,3,0.06207994903647083,Enriched in Weak,Accessory
mdtL_2,0.047619047619047644,0,0,3,0.06207994903647083,Enriched in Weak,Accessory
yhhW_3,0.047619047619047644,0,0,3,0.06207994903647083,Enriched in Weak,Accessory
group_4083,0.047619047619047644,0,0,3,0.06207994903647083,Enriched in Weak,Accessory
group_4082,0.047619047619047644,0,0,3,0.06207994903647083,Enriched in Weak,Accessory
group_4081,0.047619047619047644,0,0,3,0.06207994903647083,Enriched in Weak,Accessory
gdx_2,0.047619047619047644,0,0,3,0.06207994903647083,Enriched in Weak,Accessory
group_4080,0.047619047619047644,0,0,3,0.06207994903647083,Enriched in Weak,Accessory
group_4079,0.047619047619047644,0,0,3,0.06207994903647083,Enriched in Weak,Accessory
group_4078,0.047619047619047644,0,0,3,0.06207994903647083,Enriched in Weak,Accessory
group_4077,0.047619047619047644,0,0,3,0.06207994903647083,Enriched in Weak,Accessory
oprJ_2,0.047619047619047644,0,0,3,0.06207994903647083,Enriched in Weak,Accessory
group_4076,0.047619047619047644,0,0,3,0.06207994903647083,Enriched in Weak,Accessory
group_4075,0.047619047619047644,0,0,3,0.06207994903647083,Enriched in Weak,Accessory
group_4074,0.047619047619047644,0,0,3,0.06207994903647083,Enriched in Weak,Accessory
mexB_2,0.047619047619047644,0,0,3,0.06207994903647083,Enriched in Weak,Accessory
group_4073,0.047619047619047644,0,0,3,0.06207994903647083,Enriched in Weak,Accessory
prsE_3,0.047619047619047644,0,0,3,0.06207994903647083,Enriched in Weak,Accessory
group_4072,0.047619047619047644,0,0,3,0.06207994903647083,Enriched in Weak,Accessory
group_4071,0.047619047619047644,0,0,3,0.06207994903647083,Enriched in Weak,Accessory
group_4070,0.047619047619047644,0,0,3,0.06207994903647083,Enriched in Weak,Accessory
hin_1,0.047619047619047644,0,0,3,0.06207994903647083,Enriched in Weak,Accessory
group_4069,0.047619047619047644,0,0,3,0.06207994903647083,Enriched in Weak,Accessory
group_4068,0.047619047619047644,0,0,3,0.06207994903647083,Enriched in Weak,Accessory
group_4067,0.047619047619047644,0,0,3,0.06207994903647083,Enriched in Weak,Accessory
apxIB_1,0.047619047619047644,0,0,3,0.06207994903647083,Enriched in Weak,Accessory
oprJ_3,0.047619047619047644,0,0,3,0.06207994903647083,Enriched in Weak,Accessory
group_4066,0.047619047619047644,0,0,3,0.06207994903647083,Enriched in Weak,Accessory
group_4065,0.047619047619047644,0,0,3,0.06207994903647083,Enriched in Weak,Accessory
group_4064,0.047619047619047644,0,0,3,0.06207994903647083,Enriched in Weak,Accessory
group_4063,0.047619047619047644,0,0,3,0.06207994903647083,Enriched in Weak,Accessory
group_4062,0.047619047619047644,0,0,3,0.06207994903647083,Enriched in Weak,Accessory
group_4061,0.047619047619047644,0,0,3,0.06207994903647083,Enriched in Weak,Accessory
group_4060,0.047619047619047644,0,0,3,0.06207994903647083,Enriched in Weak,Accessory
group_4059,0.047619047619047644,0,0,3,0.06207994903647083,Enriched in Weak,Accessory
group_4058,0.047619047619047644,0,0,3,0.06207994903647083,Enriched in Weak,Accessory
group_4057,0.047619047619047644,0,0,3,0.06207994903647083,Enriched in Weak,Accessory
group_4056,0.047619047619047644,0,0,3,0.06207994903647083,Enriched in Weak,Accessory
group_4055,0.047619047619047644,0,0,3,0.06207994903647083,Enriched in Weak,Accessory
group_4054,0.047619047619047644,0,0,3,0.06207994903647083,Enriched in Weak,Accessory
group_4053,0.047619047619047644,0,0,3,0.06207994903647083,Enriched in Weak,Accessory
csrA1_2,0.047619047619047644,0,0,3,0.06207994903647083,Enriched in Weak,Accessory
group_4052,0.047619047619047644,0,0,3,0.06207994903647083,Enriched in Weak,Accessory
group_4051,0.047619047619047644,0,0,3,0.06207994903647083,Enriched in Weak,Accessory
group_4050,0.047619047619047644,0,0,3,0.06207994903647083,Enriched in Weak,Accessory
group_4049,0.047619047619047644,0,0,3,0.06207994903647083,Enriched in Weak,Accessory
group_4048,0.047619047619047644,0,0,3,0.06207994903647083,Enriched in Weak,Accessory
group_4047,0.047619047619047644,0,0,3,0.06207994903647083,Enriched in Weak,Accessory
group_4046,0.047619047619047644,0,0,3,0.06207994903647083,Enriched in Weak,Accessory
group_4045,0.047619047619047644,0,0,3,0.06207994903647083,Enriched in Weak,Accessory
group_4044,0.047619047619047644,0,0,3,0.06207994903647083,Enriched in Weak,Accessory
group_4043,0.047619047619047644,0,0,3,0.06207994903647083,Enriched in Weak,Accessory
group_4042,0.047619047619047644,0,0,3,0.06207994903647083,Enriched in Weak,Accessory
group_4041,0.047619047619047644,0,0,3,0.06207994903647083,Enriched in Weak,Accessory
group_4040,0.047619047619047644,0,0,3,0.06207994903647083,Enriched in Weak,Accessory
group_4039,0.047619047619047644,0,0,3,0.06207994903647083,Enriched in Weak,Accessory
group_4038,0.047619047619047644,0,0,3,0.06207994903647083,Enriched in Weak,Accessory
group_4037,0.047619047619047644,0,0,3,0.06207994903647083,Enriched in Weak,Accessory
group_4036,0.047619047619047644,0,0,3,0.06207994903647083,Enriched in Weak,Accessory
group_4035,0.047619047619047644,0,0,3,0.06207994903647083,Enriched in Weak,Accessory
group_4034,0.047619047619047644,0,0,3,0.06207994903647083,Enriched in Weak,Accessory
group_4033,0.047619047619047644,0,0,3,0.06207994903647083,Enriched in Weak,Accessory
gst,0.047619047619047644,0,0,3,0.06207994903647083,Enriched in Weak,Accessory
fadD_4,0.047619047619047644,0,0,3,0.06207994903647083,Enriched in Weak,Accessory
group_4032,0.047619047619047644,0,0,3,0.06207994903647083,Enriched in Weak,Accessory
traC_1,0.047619047619047644,0,0,3,0.06207994903647083,Enriched in Weak,Accessory
group_4031,0.047619047619047644,0,0,3,0.06207994903647083,Enriched in Weak,Accessory
group_4030,0.047619047619047644,0,0,3,0.06207994903647083,Enriched in Weak,Accessory
group_4029,0.047619047619047644,0,0,3,0.06207994903647083,Enriched in Weak,Accessory
group_4028,0.047619047619047644,0,0,3,0.06207994903647083,Enriched in Weak,Accessory
group_4027,0.047619047619047644,0,0,3,0.06207994903647083,Enriched in Weak,Accessory
group_4026,0.047619047619047644,0,0,3,0.06207994903647083,Enriched in Weak,Accessory
group_4025,0.047619047619047644,0,0,3,0.06207994903647083,Enriched in Weak,Accessory
oprJ_1,0.047619047619047644,0,0,3,0.06207994903647083,Enriched in Weak,Accessory
group_4024,0.047619047619047644,0,0,3,0.06207994903647083,Enriched in Weak,Accessory
group_4023,0.047619047619047644,0,0,3,0.06207994903647083,Enriched in Weak,Accessory
group_4022,0.047619047619047644,0,0,3,0.06207994903647083,Enriched in Weak,Accessory
group_4021,0.047619047619047644,0,0,3,0.06207994903647083,Enriched in Weak,Accessory
group_4020,0.047619047619047644,0,0,3,0.06207994903647083,Enriched in Weak,Accessory
group_4019,0.047619047619047644,0,0,3,0.06207994903647083,Enriched in Weak,Accessory
group_4018,0.047619047619047644,0,0,3,0.06207994903647083,Enriched in Weak,Accessory
group_4017,0.047619047619047644,0,0,3,0.06207994903647083,Enriched in Weak,Accessory
group_4016,0.047619047619047644,0,0,3,0.06207994903647083,Enriched in Weak,Accessory
group_4015,0.047619047619047644,0,0,3,0.06207994903647083,Enriched in Weak,Accessory
group_4014,0.047619047619047644,0,0,3,0.06207994903647083,Enriched in Weak,Accessory
group_4013,0.047619047619047644,0,0,3,0.06207994903647083,Enriched in Weak,Accessory
group_4012,0.047619047619047644,0,0,3,0.06207994903647083,Enriched in Weak,Accessory
group_4011,0.047619047619047644,0,0,3,0.06207994903647083,Enriched in Weak,Accessory
group_4010,0.047619047619047644,0,0,3,0.06207994903647083,Enriched in Weak,Accessory
noc_1,0.047619047619047644,0,0,3,0.06207994903647083,Enriched in Weak,Accessory
group_4009,0.047619047619047644,0,0,3,0.06207994903647083,Enriched in Weak,Accessory
group_4008,0.047619047619047644,0,0,3,0.06207994903647083,Enriched in Weak,Accessory
umuD_1,0.047619047619047644,0,0,3,0.06207994903647083,Enriched in Weak,Accessory
group_4007,0.047619047619047644,0,0,3,0.06207994903647083,Enriched in Weak,Accessory
group_4006,0.047619047619047644,0,0,3,0.06207994903647083,Enriched in Weak,Accessory
group_4005,0.047619047619047644,0,0,3,0.06207994903647083,Enriched in Weak,Accessory
group_4004,0.047619047619047644,0,0,3,0.06207994903647083,Enriched in Weak,Accessory
group_4003,0.047619047619047644,0,0,3,0.06207994903647083,Enriched in Weak,Accessory
group_4002,0.047619047619047644,0,0,3,0.06207994903647083,Enriched in Weak,Accessory
acrA,0.047619047619047644,0,0,3,0.06207994903647083,Enriched in Weak,Accessory
group_4001,0.047619047619047644,0,0,3,0.06207994903647083,Enriched in Weak,Accessory
group_4000,0.047619047619047644,0,0,3,0.06207994903647083,Enriched in Weak,Accessory
group_3999,0.047619047619047644,0,0,3,0.06207994903647083,Enriched in Weak,Accessory
group_3998,0.047619047619047644,0,0,3,0.06207994903647083,Enriched in Weak,Accessory
group_3997,0.047619047619047644,0,0,3,0.06207994903647083,Enriched in Weak,Accessory
group_3996,0.047619047619047644,0,0,3,0.06207994903647083,Enriched in Weak,Accessory
acrB,0.047619047619047644,0,0,3,0.06207994903647083,Enriched in Weak,Accessory
group_3995,0.047619047619047644,0,0,3,0.06207994903647083,Enriched in Weak,Accessory
dsbC_2,0.047619047619047644,0,0,3,0.06207994903647083,Enriched in Weak,Accessory
group_3994,0.047619047619047644,0,0,3,0.06207994903647083,Enriched in Weak,Accessory
group_3993,0.047619047619047644,0,0,3,0.06207994903647083,Enriched in Weak,Accessory
group_3992,0.047619047619047644,0,0,3,0.06207994903647083,Enriched in Weak,Accessory
group_3991,0.047619047619047644,0,0,3,0.06207994903647083,Enriched in Weak,Accessory
group_3990,0.047619047619047644,0,0,3,0.06207994903647083,Enriched in Weak,Accessory
group_3989,0.047619047619047644,0,0,3,0.06207994903647083,Enriched in Weak,Accessory
group_3988,0.047619047619047644,0,0,3,0.06207994903647083,Enriched in Weak,Accessory
group_3987,0.047619047619047644,0,0,3,0.06207994903647083,Enriched in Weak,Accessory
group_3986,0.047619047619047644,0,0,3,0.06207994903647083,Enriched in Weak,Accessory
group_3985,0.047619047619047644,0,0,3,0.06207994903647083,Enriched in Weak,Accessory
group_3984,0.047619047619047644,0,0,3,0.06207994903647083,Enriched in Weak,Accessory
group_3983,0.047619047619047644,0,0,3,0.06207994903647083,Enriched in Weak,Accessory
group_3982,0.047619047619047644,0,0,3,0.06207994903647083,Enriched in Weak,Accessory
group_3981,0.047619047619047644,0,0,3,0.06207994903647083,Enriched in Weak,Accessory
group_3980,0.047619047619047644,0,0,3,0.06207994903647083,Enriched in Weak,Accessory
radD,0.047619047619047644,0,0,3,0.06207994903647083,Enriched in Weak,Accessory
group_3979,0.047619047619047644,0,0,3,0.06207994903647083,Enriched in Weak,Accessory
group_3978,0.047619047619047644,0,0,3,0.06207994903647083,Enriched in Weak,Accessory
group_3977,0.047619047619047644,0,0,3,0.06207994903647083,Enriched in Weak,Accessory
group_3976,0.047619047619047644,0,0,3,0.06207994903647083,Enriched in Weak,Accessory
group_3975,0.047619047619047644,0,0,3,0.06207994903647083,Enriched in Weak,Accessory
group_3974,0.047619047619047644,0,0,3,0.06207994903647083,Enriched in Weak,Accessory
group_3973,0.047619047619047644,0,0,3,0.06207994903647083,Enriched in Weak,Accessory
group_3972,0.047619047619047644,0,0,3,0.06207994903647083,Enriched in Weak,Accessory
group_3971,0.047619047619047644,0,0,3,0.06207994903647083,Enriched in Weak,Accessory
umuC_1,0.047619047619047644,0,0,3,0.06207994903647083,Enriched in Weak,Accessory
group_3970,0.047619047619047644,0,0,3,0.06207994903647083,Enriched in Weak,Accessory
group_3969,0.047619047619047644,0,0,3,0.06207994903647083,Enriched in Weak,Accessory
group_3968,0.047619047619047644,0,0,3,0.06207994903647083,Enriched in Weak,Accessory
group_3967,0.047619047619047644,0,0,3,0.06207994903647083,Enriched in Weak,Accessory
group_3966,0.047619047619047644,0,0,3,0.06207994903647083,Enriched in Weak,Accessory
group_3965,0.047619047619047644,0,0,3,0.06207994903647083,Enriched in Weak,Accessory
group_3964,0.047619047619047644,0,0,3,0.06207994903647083,Enriched in Weak,Accessory
group_3963,0.047619047619047644,0,0,3,0.06207994903647083,Enriched in Weak,Accessory
group_3962,0.047619047619047644,0,0,3,0.06207994903647083,Enriched in Weak,Accessory
ssb_1,0.047619047619047644,0,0,3,0.06207994903647083,Enriched in Weak,Accessory
group_3961,0.047619047619047644,0,0,3,0.06207994903647083,Enriched in Weak,Accessory
group_3960,0.047619047619047644,0,0,3,0.06207994903647083,Enriched in Weak,Accessory
group_3959,0.047619047619047644,0,0,3,0.06207994903647083,Enriched in Weak,Accessory
group_3958,0.047619047619047644,0,0,3,0.06207994903647083,Enriched in Weak,Accessory
group_3957,0.047619047619047644,0,0,3,0.06207994903647083,Enriched in Weak,Accessory
group_3956,0.047619047619047644,0,0,3,0.06207994903647083,Enriched in Weak,Accessory
group_3955,0.047619047619047644,0,0,3,0.06207994903647083,Enriched in Weak,Accessory
group_3954,0.047619047619047644,0,0,3,0.06207994903647083,Enriched in Weak,Accessory
group_3953,0.047619047619047644,0,0,3,0.06207994903647083,Enriched in Weak,Accessory
group_3952,0.047619047619047644,0,0,3,0.06207994903647083,Enriched in Weak,Accessory
group_3951,0.047619047619047644,0,0,3,0.06207994903647083,Enriched in Weak,Accessory
group_3950,0.047619047619047644,0,0,3,0.06207994903647083,Enriched in Weak,Accessory
group_3949,0.047619047619047644,0,0,3,0.06207994903647083,Enriched in Weak,Accessory
cobS_2,0.047619047619047644,0,0,3,0.06207994903647083,Enriched in Weak,Accessory
group_3948,0.047619047619047644,0,0,3,0.06207994903647083,Enriched in Weak,Accessory
group_3947,0.047619047619047644,0,0,3,0.06207994903647083,Enriched in Weak,Accessory
group_3946,0.047619047619047644,0,0,3,0.06207994903647083,Enriched in Weak,Accessory
group_3945,0.047619047619047644,0,0,3,0.06207994903647083,Enriched in Weak,Accessory
group_3944,0.047619047619047644,0,0,3,0.06207994903647083,Enriched in Weak,Accessory
group_3943,0.047619047619047644,0,0,3,0.06207994903647083,Enriched in Weak,Accessory
group_3942,0.047619047619047644,0,0,3,0.06207994903647083,Enriched in Weak,Accessory
group_3941,0.047619047619047644,0,0,3,0.06207994903647083,Enriched in Weak,Accessory
cusS_2,0.047619047619047644,0,0,3,0.06207994903647083,Enriched in Weak,Accessory
group_3932,0.047619047619047644,0,0,3,0.06207994903647083,Enriched in Weak,Accessory
group_3927,0.047619047619047644,0,0,3,0.06207994903647083,Enriched in Weak,Accessory
group_3923,0.047619047619047644,0,0,3,0.06207994903647083,Enriched in Weak,Accessory
copR_3,0.047619047619047644,0,0,3,0.06207994903647083,Enriched in Weak,Accessory
mdtH,0.047619047619047644,0,0,3,0.06207994903647083,Enriched in Weak,Accessory
group_3917,0.047619047619047644,0,0,3,0.06207994903647083,Enriched in Weak,Accessory
group_3911,0.047619047619047644,0,0,3,0.06207994903647083,Enriched in Weak,Accessory
group_3899,0.047619047619047644,0,0,3,0.06207994903647083,Enriched in Weak,Accessory
group_3892,0.047619047619047644,0,0,3,0.06207994903647083,Enriched in Weak,Accessory
group_3888,0.047619047619047644,0,0,3,0.06207994903647083,Enriched in Weak,Accessory
group_3658,0.047619047619047644,0,0,3,0.06207994903647083,Enriched in Weak,Accessory
group_3118,0.047619047619047644,0,0,3,0.06207994903647083,Enriched in Weak,Accessory
group_3044,0.047619047619047644,0,0,3,0.06207994903647083,Enriched in Weak,Accessory
group_3031,0.047619047619047644,0,0,3,0.06207994903647083,Enriched in Weak,Accessory
copR_1,0.047619047619047644,0,0,3,0.06207994903647083,Enriched in Weak,Accessory
group_2890,0.047619047619047644,0,0,3,0.06207994903647083,Enriched in Weak,Accessory
group_2880,0.047619047619047644,0,0,3,0.06207994903647083,Enriched in Weak,Accessory
group_2873,0.047619047619047644,0,0,3,0.06207994903647083,Enriched in Weak,Accessory
group_2864,0.047619047619047644,0,0,3,0.06207994903647083,Enriched in Weak,Accessory
group_2858,0.047619047619047644,0,0,3,0.06207994903647083,Enriched in Weak,Accessory
group_2857,0.047619047619047644,0,0,3,0.06207994903647083,Enriched in Weak,Accessory
group_2853,0.047619047619047644,0,0,3,0.06207994903647083,Enriched in Weak,Accessory
group_2850,0.047619047619047644,0,0,3,0.06207994903647083,Enriched in Weak,Accessory
group_2849,0.047619047619047644,0,0,3,0.06207994903647083,Enriched in Weak,Accessory
group_2844,0.047619047619047644,0,0,3,0.06207994903647083,Enriched in Weak,Accessory
group_2834,0.047619047619047644,0,0,3,0.06207994903647083,Enriched in Weak,Accessory
group_2830,0.047619047619047644,0,0,3,0.06207994903647083,Enriched in Weak,Accessory
group_2825,0.047619047619047644,0,0,3,0.06207994903647083,Enriched in Weak,Accessory
group_2823,0.047619047619047644,0,0,3,0.06207994903647083,Enriched in Weak,Accessory
group_2815,0.047619047619047644,0,0,3,0.06207994903647083,Enriched in Weak,Accessory
group_2809,0.047619047619047644,0,0,3,0.06207994903647083,Enriched in Weak,Accessory
group_2795,0.047619047619047644,0,0,3,0.06207994903647083,Enriched in Weak,Accessory
group_2756,0.047619047619047644,0,0,3,0.06207994903647083,Enriched in Weak,Accessory
group_2755,0.047619047619047644,0,0,3,0.06207994903647083,Enriched in Weak,Accessory
group_2754,0.047619047619047644,0,0,3,0.06207994903647083,Enriched in Weak,Accessory
group_2744,0.047619047619047644,0,0,3,0.06207994903647083,Enriched in Weak,Accessory
group_2743,0.047619047619047644,0,0,3,0.06207994903647083,Enriched in Weak,Accessory
group_2742,0.047619047619047644,0,0,3,0.06207994903647083,Enriched in Weak,Accessory
group_2733,0.047619047619047644,0,0,3,0.06207994903647083,Enriched in Weak,Accessory
group_2732,0.047619047619047644,0,0,3,0.06207994903647083,Enriched in Weak,Accessory
group_2727,0.047619047619047644,0,0,3,0.06207994903647083,Enriched in Weak,Accessory
group_2709,0.047619047619047644,0,0,3,0.06207994903647083,Enriched in Weak,Accessory
group_2708,0.047619047619047644,0,0,3,0.06207994903647083,Enriched in Weak,Accessory
group_2692,0.047619047619047644,0,0,3,0.06207994903647083,Enriched in Weak,Accessory
group_2688,0.047619047619047644,0,0,3,0.06207994903647083,Enriched in Weak,Accessory
group_2687,0.047619047619047644,0,0,3,0.06207994903647083,Enriched in Weak,Accessory
group_2686,0.047619047619047644,0,0,3,0.06207994903647083,Enriched in Weak,Accessory
group_2685,0.047619047619047644,0,0,3,0.06207994903647083,Enriched in Weak,Accessory
group_2684,0.047619047619047644,0,0,3,0.06207994903647083,Enriched in Weak,Accessory
group_2677,0.047619047619047644,0,0,3,0.06207994903647083,Enriched in Weak,Accessory
group_2676,0.047619047619047644,0,0,3,0.06207994903647083,Enriched in Weak,Accessory
group_2675,0.047619047619047644,0,0,3,0.06207994903647083,Enriched in Weak,Accessory
group_2654,0.047619047619047644,0,0,3,0.06207994903647083,Enriched in Weak,Accessory
group_2641,0.047619047619047644,0,0,3,0.06207994903647083,Enriched in Weak,Accessory
group_2640,0.047619047619047644,0,0,3,0.06207994903647083,Enriched in Weak,Accessory
group_2630,0.047619047619047644,0,0,3,0.06207994903647083,Enriched in Weak,Accessory
group_2629,0.047619047619047644,0,0,3,0.06207994903647083,Enriched in Weak,Accessory
group_2618,0.047619047619047644,0,0,3,0.06207994903647083,Enriched in Weak,Accessory
group_2617,0.047619047619047644,0,0,3,0.06207994903647083,Enriched in Weak,Accessory
group_2616,0.047619047619047644,0,0,3,0.06207994903647083,Enriched in Weak,Accessory
group_2615,0.047619047619047644,0,0,3,0.06207994903647083,Enriched in Weak,Accessory
group_2607,0.047619047619047644,0,0,3,0.06207994903647083,Enriched in Weak,Accessory
group_2606,0.047619047619047644,0,0,3,0.06207994903647083,Enriched in Weak,Accessory
group_2595,0.047619047619047644,0,0,3,0.06207994903647083,Enriched in Weak,Accessory
group_2594,0.047619047619047644,0,0,3,0.06207994903647083,Enriched in Weak,Accessory
group_2580,0.047619047619047644,0,0,3,0.06207994903647083,Enriched in Weak,Accessory
group_2579,0.047619047619047644,0,0,3,0.06207994903647083,Enriched in Weak,Accessory
relB,0.047619047619047644,0,0,3,0.06207994903647083,Enriched in Weak,Accessory
group_2570,0.047619047619047644,0,0,3,0.06207994903647083,Enriched in Weak,Accessory
group_2569,0.047619047619047644,0,0,3,0.06207994903647083,Enriched in Weak,Accessory
group_2568,0.047619047619047644,0,0,3,0.06207994903647083,Enriched in Weak,Accessory
group_2567,0.047619047619047644,0,0,3,0.06207994903647083,Enriched in Weak,Accessory
group_2555,0.047619047619047644,0,0,3,0.06207994903647083,Enriched in Weak,Accessory
group_2554,0.047619047619047644,0,0,3,0.06207994903647083,Enriched in Weak,Accessory
group_2553,0.047619047619047644,0,0,3,0.06207994903647083,Enriched in Weak,Accessory
group_2552,0.047619047619047644,0,0,3,0.06207994903647083,Enriched in Weak,Accessory
group_2546,0.047619047619047644,0,0,3,0.06207994903647083,Enriched in Weak,Accessory
group_2531,0.047619047619047644,0,0,3,0.06207994903647083,Enriched in Weak,Accessory
group_2530,0.047619047619047644,0,0,3,0.06207994903647083,Enriched in Weak,Accessory
group_2529,0.047619047619047644,0,0,3,0.06207994903647083,Enriched in Weak,Accessory
group_2513,0.047619047619047644,0,0,3,0.06207994903647083,Enriched in Weak,Accessory
group_2512,0.047619047619047644,0,0,3,0.06207994903647083,Enriched in Weak,Accessory
group_2511,0.047619047619047644,0,0,3,0.06207994903647083,Enriched in Weak,Accessory
group_2502,0.047619047619047644,0,0,3,0.06207994903647083,Enriched in Weak,Accessory
group_2501,0.047619047619047644,0,0,3,0.06207994903647083,Enriched in Weak,Accessory
group_2500,0.047619047619047644,0,0,3,0.06207994903647083,Enriched in Weak,Accessory
group_2488,0.047619047619047644,0,0,3,0.06207994903647083,Enriched in Weak,Accessory
group_2487,0.047619047619047644,0,0,3,0.06207994903647083,Enriched in Weak,Accessory
group_2486,0.047619047619047644,0,0,3,0.06207994903647083,Enriched in Weak,Accessory
group_2471,0.047619047619047644,0,0,3,0.06207994903647083,Enriched in Weak,Accessory
group_2470,0.047619047619047644,0,0,3,0.06207994903647083,Enriched in Weak,Accessory
group_2461,0.047619047619047644,0,0,3,0.06207994903647083,Enriched in Weak,Accessory
group_2460,0.047619047619047644,0,0,3,0.06207994903647083,Enriched in Weak,Accessory
group_2459,0.047619047619047644,0,0,3,0.06207994903647083,Enriched in Weak,Accessory
group_2458,0.047619047619047644,0,0,3,0.06207994903647083,Enriched in Weak,Accessory
group_2457,0.047619047619047644,0,0,3,0.06207994903647083,Enriched in Weak,Accessory
group_2456,0.047619047619047644,0,0,3,0.06207994903647083,Enriched in Weak,Accessory
group_2449,0.047619047619047644,0,0,3,0.06207994903647083,Enriched in Weak,Accessory
group_2448,0.047619047619047644,0,0,3,0.06207994903647083,Enriched in Weak,Accessory
group_2447,0.047619047619047644,0,0,3,0.06207994903647083,Enriched in Weak,Accessory
group_2433,0.047619047619047644,0,0,3,0.06207994903647083,Enriched in Weak,Accessory
group_2423,0.047619047619047644,0,0,3,0.06207994903647083,Enriched in Weak,Accessory
group_2411,0.047619047619047644,0,0,3,0.06207994903647083,Enriched in Weak,Accessory
group_2410,0.047619047619047644,0,0,3,0.06207994903647083,Enriched in Weak,Accessory
group_2402,0.047619047619047644,0,0,3,0.06207994903647083,Enriched in Weak,Accessory
group_2401,0.047619047619047644,0,0,3,0.06207994903647083,Enriched in Weak,Accessory
group_2394,0.047619047619047644,0,0,3,0.06207994903647083,Enriched in Weak,Accessory
group_2381,0.047619047619047644,0,0,3,0.06207994903647083,Enriched in Weak,Accessory
relE,0.047619047619047644,0,0,3,0.06207994903647083,Enriched in Weak,Accessory
group_2373,0.047619047619047644,0,0,3,0.06207994903647083,Enriched in Weak,Accessory
group_2372,0.047619047619047644,0,0,3,0.06207994903647083,Enriched in Weak,Accessory
group_2359,0.047619047619047644,0,0,3,0.06207994903647083,Enriched in Weak,Accessory
group_2358,0.047619047619047644,0,0,3,0.06207994903647083,Enriched in Weak,Accessory
group_2352,0.047619047619047644,0,0,3,0.06207994903647083,Enriched in Weak,Accessory
group_2351,0.047619047619047644,0,0,3,0.06207994903647083,Enriched in Weak,Accessory
group_2343,0.047619047619047644,0,0,3,0.06207994903647083,Enriched in Weak,Accessory
group_2342,0.047619047619047644,0,0,3,0.06207994903647083,Enriched in Weak,Accessory
group_2341,0.047619047619047644,0,0,3,0.06207994903647083,Enriched in Weak,Accessory
group_2335,0.047619047619047644,0,0,3,0.06207994903647083,Enriched in Weak,Accessory
group_2312,0.047619047619047644,0,0,3,0.06207994903647083,Enriched in Weak,Accessory
group_2296,0.047619047619047644,0,0,3,0.06207994903647083,Enriched in Weak,Accessory
group_2273,0.047619047619047644,0,0,3,0.06207994903647083,Enriched in Weak,Accessory
group_2272,0.047619047619047644,0,0,3,0.06207994903647083,Enriched in Weak,Accessory
group_2264,0.047619047619047644,0,0,3,0.06207994903647083,Enriched in Weak,Accessory
group_2254,0.047619047619047644,0,0,3,0.06207994903647083,Enriched in Weak,Accessory
group_2253,0.047619047619047644,0,0,3,0.06207994903647083,Enriched in Weak,Accessory
group_2242,0.047619047619047644,0,0,3,0.06207994903647083,Enriched in Weak,Accessory
group_2228,0.047619047619047644,0,0,3,0.06207994903647083,Enriched in Weak,Accessory
group_2226,0.047619047619047644,0,0,3,0.06207994903647083,Enriched in Weak,Accessory
group_2225,0.047619047619047644,0,0,3,0.06207994903647083,Enriched in Weak,Accessory
group_2212,0.047619047619047644,0,0,3,0.06207994903647083,Enriched in Weak,Accessory
group_2211,0.047619047619047644,0,0,3,0.06207994903647083,Enriched in Weak,Accessory
group_2156,0.047619047619047644,0,0,3,0.06207994903647083,Enriched in Weak,Accessory
group_2151,0.047619047619047644,0,0,3,0.06207994903647083,Enriched in Weak,Accessory
group_2142,0.047619047619047644,0,0,3,0.06207994903647083,Enriched in Weak,Accessory
spo0F,0.047619047619047644,0,0,3,0.06207994903647083,Enriched in Weak,Accessory
group_2123,0.047619047619047644,0,0,3,0.06207994903647083,Enriched in Weak,Accessory
group_2122,0.047619047619047644,0,0,3,0.06207994903647083,Enriched in Weak,Accessory
group_2106,0.047619047619047644,0,0,3,0.06207994903647083,Enriched in Weak,Accessory
group_2105,0.047619047619047644,0,0,3,0.06207994903647083,Enriched in Weak,Accessory
group_2094,0.047619047619047644,0,0,3,0.06207994903647083,Enriched in Weak,Accessory
group_2085,0.047619047619047644,0,0,3,0.06207994903647083,Enriched in Weak,Accessory
group_2059,0.047619047619047644,0,0,3,0.06207994903647083,Enriched in Weak,Accessory
group_2048,0.047619047619047644,0,0,3,0.06207994903647083,Enriched in Weak,Accessory
group_2047,0.047619047619047644,0,0,3,0.06207994903647083,Enriched in Weak,Accessory
group_2018,0.047619047619047644,0,0,3,0.06207994903647083,Enriched in Weak,Accessory
group_2006,0.047619047619047644,0,0,3,0.06207994903647083,Enriched in Weak,Accessory
group_2001,0.047619047619047644,0,0,3,0.06207994903647083,Enriched in Weak,Accessory
group_1991,0.047619047619047644,0,0,3,0.06207994903647083,Enriched in Weak,Accessory
group_1990,0.047619047619047644,0,0,3,0.06207994903647083,Enriched in Weak,Accessory
group_1948,0.047619047619047644,0,0,3,0.06207994903647083,Enriched in Weak,Accessory
group_1947,0.047619047619047644,0,0,3,0.06207994903647083,Enriched in Weak,Accessory
group_1937,0.047619047619047644,0,0,3,0.06207994903647083,Enriched in Weak,Accessory
group_1929,0.047619047619047644,0,0,3,0.06207994903647083,Enriched in Weak,Accessory
group_1918,0.047619047619047644,0,0,3,0.06207994903647083,Enriched in Weak,Accessory
group_1917,0.047619047619047644,0,0,3,0.06207994903647083,Enriched in Weak,Accessory
group_1893,0.047619047619047644,0,0,3,0.06207994903647083,Enriched in Weak,Accessory
group_1886,0.047619047619047644,0,0,3,0.06207994903647083,Enriched in Weak,Accessory
group_1872,0.047619047619047644,0,0,3,0.06207994903647083,Enriched in Weak,Accessory
group_1865,0.047619047619047644,0,0,3,0.06207994903647083,Enriched in Weak,Accessory
group_1856,0.047619047619047644,0,0,3,0.06207994903647083,Enriched in Weak,Accessory
group_1844,0.047619047619047644,0,0,3,0.06207994903647083,Enriched in Weak,Accessory
group_1840,0.047619047619047644,0,0,3,0.06207994903647083,Enriched in Weak,Accessory
yciE,0.047619047619047644,0,0,3,0.06207994903647083,Enriched in Weak,Accessory
rrrD,0.047619047619047644,0,0,3,0.06207994903647083,Enriched in Weak,Accessory
group_1809,0.047619047619047644,0,0,3,0.06207994903647083,Enriched in Weak,Accessory
group_1796,0.047619047619047644,0,0,3,0.06207994903647083,Enriched in Weak,Accessory
group_1795,0.047619047619047644,0,0,3,0.06207994903647083,Enriched in Weak,Accessory
group_1782,0.047619047619047644,0,0,3,0.06207994903647083,Enriched in Weak,Accessory
group_1772,0.047619047619047644,0,0,3,0.06207994903647083,Enriched in Weak,Accessory
group_1750,0.047619047619047644,0,0,3,0.06207994903647083,Enriched in Weak,Accessory
group_1739,0.047619047619047644,0,0,3,0.06207994903647083,Enriched in Weak,Accessory
group_1730,0.047619047619047644,0,0,3,0.06207994903647083,Enriched in Weak,Accessory
group_1720,0.047619047619047644,0,0,3,0.06207994903647083,Enriched in Weak,Accessory
yciF,0.047619047619047644,0,0,3,0.06207994903647083,Enriched in Weak,Accessory
pncC_2,0.047619047619047644,0,0,3,0.06207994903647083,Enriched in Weak,Accessory
group_1671,0.047619047619047644,0,0,3,0.06207994903647083,Enriched in Weak,Accessory
group_1662,0.047619047619047644,0,0,3,0.06207994903647083,Enriched in Weak,Accessory
group_1661,0.047619047619047644,0,0,3,0.06207994903647083,Enriched in Weak,Accessory
group_1637,0.047619047619047644,0,0,3,0.06207994903647083,Enriched in Weak,Accessory
group_1636,0.047619047619047644,0,0,3,0.06207994903647083,Enriched in Weak,Accessory
group_1606,0.047619047619047644,0,0,3,0.06207994903647083,Enriched in Weak,Accessory
group_1605,0.047619047619047644,0,0,3,0.06207994903647083,Enriched in Weak,Accessory
group_1599,0.047619047619047644,0,0,3,0.06207994903647083,Enriched in Weak,Accessory
group_1592,0.047619047619047644,0,0,3,0.06207994903647083,Enriched in Weak,Accessory
group_1567,0.047619047619047644,0,0,3,0.06207994903647083,Enriched in Weak,Accessory
group_1546,0.047619047619047644,0,0,3,0.06207994903647083,Enriched in Weak,Accessory
group_1545,0.047619047619047644,0,0,3,0.06207994903647083,Enriched in Weak,Accessory
group_1531,0.047619047619047644,0,0,3,0.06207994903647083,Enriched in Weak,Accessory
group_1521,0.047619047619047644,0,0,3,0.06207994903647083,Enriched in Weak,Accessory
group_1517,0.047619047619047644,0,0,3,0.06207994903647083,Enriched in Weak,Accessory
group_1499,0.047619047619047644,0,0,3,0.06207994903647083,Enriched in Weak,Accessory
group_1489,0.047619047619047644,0,0,3,0.06207994903647083,Enriched in Weak,Accessory
group_1488,0.047619047619047644,0,0,3,0.06207994903647083,Enriched in Weak,Accessory
group_1453,0.047619047619047644,0,0,3,0.06207994903647083,Enriched in Weak,Accessory
group_1452,0.047619047619047644,0,0,3,0.06207994903647083,Enriched in Weak,Accessory
group_1448,0.047619047619047644,0,0,3,0.06207994903647083,Enriched in Weak,Accessory
group_1432,0.047619047619047644,0,0,3,0.06207994903647083,Enriched in Weak,Accessory
group_1419,0.047619047619047644,0,0,3,0.06207994903647083,Enriched in Weak,Accessory
group_1395,0.047619047619047644,0,0,3,0.06207994903647083,Enriched in Weak,Accessory
group_1390,0.047619047619047644,0,0,3,0.06207994903647083,Enriched in Weak,Accessory
group_1378,0.047619047619047644,0,0,3,0.06207994903647083,Enriched in Weak,Accessory
group_1349,0.047619047619047644,0,0,3,0.06207994903647083,Enriched in Weak,Accessory
group_1342,0.047619047619047644,0,0,3,0.06207994903647083,Enriched in Weak,Accessory
cpnA,0.047619047619047644,0,0,3,0.06207994903647083,Enriched in Weak,Accessory
group_1310,0.047619047619047644,0,0,3,0.06207994903647083,Enriched in Weak,Accessory
gph_2,0.047619047619047644,0,0,3,0.06207994903647083,Enriched in Weak,Accessory
group_1296,0.047619047619047644,0,0,3,0.06207994903647083,Enriched in Weak,Accessory
group_1289,0.047619047619047644,0,0,3,0.06207994903647083,Enriched in Weak,Accessory
rcsB_4,0.047619047619047644,0,0,3,0.06207994903647083,Enriched in Weak,Accessory
group_1265,0.047619047619047644,0,0,3,0.06207994903647083,Enriched in Weak,Accessory
czcR_2,0.047619047619047644,0,0,3,0.06207994903647083,Enriched in Weak,Accessory
group_1264,0.047619047619047644,0,0,3,0.06207994903647083,Enriched in Weak,Accessory
group_1249,0.047619047619047644,0,0,3,0.06207994903647083,Enriched in Weak,Accessory
group_1240,0.047619047619047644,0,0,3,0.06207994903647083,Enriched in Weak,Accessory
group_1237,0.047619047619047644,0,0,3,0.06207994903647083,Enriched in Weak,Accessory
group_1236,0.047619047619047644,0,0,3,0.06207994903647083,Enriched in Weak,Accessory
group_1224,0.047619047619047644,0,0,3,0.06207994903647083,Enriched in Weak,Accessory
group_1223,0.047619047619047644,0,0,3,0.06207994903647083,Enriched in Weak,Accessory
group_1204,0.047619047619047644,0,0,3,0.06207994903647083,Enriched in Weak,Accessory
group_1180,0.047619047619047644,0,0,3,0.06207994903647083,Enriched in Weak,Accessory
mngR,0.047619047619047644,0,0,3,0.06207994903647083,Enriched in Weak,Accessory
group_1163,0.047619047619047644,0,0,3,0.06207994903647083,Enriched in Weak,Accessory
group_1106,0.047619047619047644,0,0,3,0.06207994903647083,Enriched in Weak,Accessory
group_1100,0.047619047619047644,0,0,3,0.06207994903647083,Enriched in Weak,Accessory
fabG_5,0.047619047619047644,0,0,3,0.06207994903647083,Enriched in Weak,Accessory
group_1094,0.047619047619047644,0,0,3,0.06207994903647083,Enriched in Weak,Accessory
group_1073,0.047619047619047644,0,0,3,0.06207994903647083,Enriched in Weak,Accessory
group_1050,0.047619047619047644,0,0,3,0.06207994903647083,Enriched in Weak,Accessory
dnaC_1,0.047619047619047644,0,0,3,0.06207994903647083,Enriched in Weak,Accessory
group_1038,0.047619047619047644,0,0,3,0.06207994903647083,Enriched in Weak,Accessory
group_1020,0.047619047619047644,0,0,3,0.06207994903647083,Enriched in Weak,Accessory
group_1019,0.047619047619047644,0,0,3,0.06207994903647083,Enriched in Weak,Accessory
group_1011,0.047619047619047644,0,0,3,0.06207994903647083,Enriched in Weak,Accessory
group_1002,0.047619047619047644,0,0,3,0.06207994903647083,Enriched in Weak,Accessory
group_984,0.047619047619047644,0,0,3,0.06207994903647083,Enriched in Weak,Accessory
group_983,0.047619047619047644,0,0,3,0.06207994903647083,Enriched in Weak,Accessory
pmdD,0.047619047619047644,0,0,3,0.06207994903647083,Enriched in Weak,Accessory
group_965,0.047619047619047644,0,0,3,0.06207994903647083,Enriched in Weak,Accessory
group_952,0.047619047619047644,0,0,3,0.06207994903647083,Enriched in Weak,Accessory
rutD_2,0.047619047619047644,0,0,3,0.06207994903647083,Enriched in Weak,Accessory
sppA,0.047619047619047644,0,0,3,0.06207994903647083,Enriched in Weak,Accessory
ydbD,0.047619047619047644,0,0,3,0.06207994903647083,Enriched in Weak,Accessory
traC_2,0.047619047619047644,0,0,3,0.06207994903647083,Enriched in Weak,Accessory
group_915,0.047619047619047644,0,0,3,0.06207994903647083,Enriched in Weak,Accessory
group_888,0.047619047619047644,0,0,3,0.06207994903647083,Enriched in Weak,Accessory
ompA_3,0.047619047619047644,0,0,3,0.06207994903647083,Enriched in Weak,Accessory
mrr,0.047619047619047644,0,0,3,0.06207994903647083,Enriched in Weak,Accessory
zupT_2,0.047619047619047644,0,0,3,0.06207994903647083,Enriched in Weak,Accessory
group_821,0.047619047619047644,0,0,3,0.06207994903647083,Enriched in Weak,Accessory
group_814,0.047619047619047644,0,0,3,0.06207994903647083,Enriched in Weak,Accessory
group_768,0.047619047619047644,0,0,3,0.06207994903647083,Enriched in Weak,Accessory
group_763,0.047619047619047644,0,0,3,0.06207994903647083,Enriched in Weak,Accessory
xerC_2,0.047619047619047644,0,0,3,0.06207994903647083,Enriched in Weak,Accessory
group_759,0.047619047619047644,0,0,3,0.06207994903647083,Enriched in Weak,Accessory
group_740,0.047619047619047644,0,0,3,0.06207994903647083,Enriched in Weak,Accessory
pikAII_1,0.047619047619047644,0,0,3,0.06207994903647083,Enriched in Weak,Accessory
group_730,0.047619047619047644,0,0,3,0.06207994903647083,Enriched in Weak,Accessory
cydB_2,0.047619047619047644,0,0,3,0.06207994903647083,Enriched in Weak,Accessory
ompA_2,0.047619047619047644,0,0,3,0.06207994903647083,Enriched in Weak,Accessory
xerC_6,0.047619047619047644,0,0,3,0.06207994903647083,Enriched in Weak,Accessory
group_710,0.047619047619047644,0,0,3,0.06207994903647083,Enriched in Weak,Accessory
group_671,0.047619047619047644,0,0,3,0.06207994903647083,Enriched in Weak,Accessory
group_670,0.047619047619047644,0,0,3,0.06207994903647083,Enriched in Weak,Accessory
group_662,0.047619047619047644,0,0,3,0.06207994903647083,Enriched in Weak,Accessory
group_641,0.047619047619047644,0,0,3,0.06207994903647083,Enriched in Weak,Accessory
group_636,0.047619047619047644,0,0,3,0.06207994903647083,Enriched in Weak,Accessory
group_622,0.047619047619047644,0,0,3,0.06207994903647083,Enriched in Weak,Accessory
group_612,0.047619047619047644,0,0,3,0.06207994903647083,Enriched in Weak,Accessory
ydiO,0.047619047619047644,0,0,3,0.06207994903647083,Enriched in Weak,Accessory
nemA_4,0.047619047619047644,0,0,3,0.06207994903647083,Enriched in Weak,Accessory
group_594,0.047619047619047644,0,0,3,0.06207994903647083,Enriched in Weak,Accessory
group_593,0.047619047619047644,0,0,3,0.06207994903647083,Enriched in Weak,Accessory
group_582,0.047619047619047644,0,0,3,0.06207994903647083,Enriched in Weak,Accessory
group_581,0.047619047619047644,0,0,3,0.06207994903647083,Enriched in Weak,Accessory
group_573,0.047619047619047644,0,0,3,0.06207994903647083,Enriched in Weak,Accessory
group_572,0.047619047619047644,0,0,3,0.06207994903647083,Enriched in Weak,Accessory
group_567,0.047619047619047644,0,0,3,0.06207994903647083,Enriched in Weak,Accessory
group_564,0.047619047619047644,0,0,3,0.06207994903647083,Enriched in Weak,Accessory
group_560,0.047619047619047644,0,0,3,0.06207994903647083,Enriched in Weak,Accessory
group_553,0.047619047619047644,0,0,3,0.06207994903647083,Enriched in Weak,Accessory
group_546,0.047619047619047644,0,0,3,0.06207994903647083,Enriched in Weak,Accessory
group_543,0.047619047619047644,0,0,3,0.06207994903647083,Enriched in Weak,Accessory
group_536,0.047619047619047644,0,0,3,0.06207994903647083,Enriched in Weak,Accessory
group_535,0.047619047619047644,0,0,3,0.06207994903647083,Enriched in Weak,Accessory
group_511,0.047619047619047644,0,0,3,0.06207994903647083,Enriched in Weak,Accessory
kaiC_4,0.047619047619047644,0,0,3,0.06207994903647083,Enriched in Weak,Accessory
group_501,0.047619047619047644,0,0,3,0.06207994903647083,Enriched in Weak,Accessory
group_481,0.047619047619047644,0,0,3,0.06207994903647083,Enriched in Weak,Accessory
group_480,0.047619047619047644,0,0,3,0.06207994903647083,Enriched in Weak,Accessory
group_467,0.047619047619047644,0,0,3,0.06207994903647083,Enriched in Weak,Accessory
intS,0.047619047619047644,0,0,3,0.06207994903647083,Enriched in Weak,Accessory
group_457,0.047619047619047644,0,0,3,0.06207994903647083,Enriched in Weak,Accessory
yjhB,0.047619047619047644,0,0,3,0.06207994903647083,Enriched in Weak,Accessory
group_438,0.047619047619047644,0,0,3,0.06207994903647083,Enriched in Weak,Accessory
group_428,0.047619047619047644,0,0,3,0.06207994903647083,Enriched in Weak,Accessory
yhdG_2,0.047619047619047644,0,0,3,0.06207994903647083,Enriched in Weak,Accessory
group_392,0.047619047619047644,0,0,3,0.06207994903647083,Enriched in Weak,Accessory
group_381,0.047619047619047644,0,0,3,0.06207994903647083,Enriched in Weak,Accessory
appC,0.047619047619047644,0,0,3,0.06207994903647083,Enriched in Weak,Accessory
sasA_2,0.047619047619047644,0,0,3,0.06207994903647083,Enriched in Weak,Accessory
group_348,0.047619047619047644,0,0,3,0.06207994903647083,Enriched in Weak,Accessory
group_347,0.047619047619047644,0,0,3,0.06207994903647083,Enriched in Weak,Accessory
group_344,0.047619047619047644,0,0,3,0.06207994903647083,Enriched in Weak,Accessory
group_335,0.047619047619047644,0,0,3,0.06207994903647083,Enriched in Weak,Accessory
group_329,0.047619047619047644,0,0,3,0.06207994903647083,Enriched in Weak,Accessory
group_320,0.047619047619047644,0,0,3,0.06207994903647083,Enriched in Weak,Accessory
group_312,0.047619047619047644,0,0,3,0.06207994903647083,Enriched in Weak,Accessory
group_304,0.047619047619047644,0,0,3,0.06207994903647083,Enriched in Weak,Accessory
group_281,0.047619047619047644,0,0,3,0.06207994903647083,Enriched in Weak,Accessory
group_279,0.047619047619047644,0,0,3,0.06207994903647083,Enriched in Weak,Accessory
group_243,0.047619047619047644,0,0,3,0.06207994903647083,Enriched in Weak,Accessory
group_235,0.047619047619047644,0,0,3,0.06207994903647083,Enriched in Weak,Accessory
group_219,0.047619047619047644,0,0,3,0.06207994903647083,Enriched in Weak,Accessory
group_200,0.047619047619047644,0,0,3,0.06207994903647083,Enriched in Weak,Accessory
group_196,0.047619047619047644,0,0,3,0.06207994903647083,Enriched in Weak,Accessory
rtpR,0.047619047619047644,0,0,3,0.06207994903647083,Enriched in Weak,Accessory
group_167,0.047619047619047644,0,0,3,0.06207994903647083,Enriched in Weak,Accessory
group_154,0.047619047619047644,0,0,3,0.06207994903647083,Enriched in Weak,Accessory
group_151,0.047619047619047644,0,0,3,0.06207994903647083,Enriched in Weak,Accessory
group_148,0.047619047619047644,0,0,3,0.06207994903647083,Enriched in Weak,Accessory
group_147,0.047619047619047644,0,0,3,0.06207994903647083,Enriched in Weak,Accessory
group_133,0.047619047619047644,0,0,3,0.06207994903647083,Enriched in Weak,Accessory
group_126,0.047619047619047644,0,0,3,0.06207994903647083,Enriched in Weak,Accessory
apxIB_2,0.047619047619047644,0,0,3,0.06207994903647083,Enriched in Weak,Accessory
ydeP_1,0.047619047619047644,0,0,3,0.06207994903647083,Enriched in Weak,Accessory
group_75,0.047619047619047644,0,0,3,0.06207994903647083,Enriched in Weak,Accessory
group_64,0.047619047619047644,0,0,3,0.06207994903647083,Enriched in Weak,Accessory
group_63,0.047619047619047644,0,0,3,0.06207994903647083,Enriched in Weak,Accessory
group_62,0.047619047619047644,0,0,3,0.06207994903647083,Enriched in Weak,Accessory
group_61,0.047619047619047644,0,0,3,0.06207994903647083,Enriched in Weak,Accessory
mdtC_1,0.047619047619047644,0,0,3,0.06207994903647083,Enriched in Weak,Accessory
group_35,0.047619047619047644,0,0,3,0.06207994903647083,Enriched in Weak,Accessory
bvgS_3,0.047619047619047644,0,0,3,0.06207994903647083,Enriched in Weak,Accessory
group_10,0.047619047619047644,0,0,3,0.06207994903647083,Enriched in Weak,Accessory
group_2,0.047619047619047644,0,0,3,0.06207994903647083,Enriched in Weak,Accessory
group_4341,0.047619047619047644,0,0,3,0.06207994903647083,Enriched in Weak,Accessory
group_3653,0.16666666666666674,Inf,5,2,0.21583610188261362,Enriched in Strong,Accessory
group_3088,0.16666666666666674,Inf,5,2,0.21583610188261362,Enriched in Strong,Accessory
group_4348,0.16666666666666663,Inf,3,0,0.21583610188261362,Enriched in Strong,Accessory
group_4346,0.1666666666666667,0,0,2,0.21583610188261362,Enriched in Weak,Accessory
group_4345,0.1666666666666667,0,0,2,0.21583610188261362,Enriched in Weak,Accessory
group_4344,0.1666666666666667,0,0,2,0.21583610188261362,Enriched in Weak,Accessory
group_4343,0.1666666666666667,0,0,2,0.21583610188261362,Enriched in Weak,Accessory
group_4342,0.1666666666666667,0,0,2,0.21583610188261362,Enriched in Weak,Accessory
group_4340,0.1666666666666667,0,0,2,0.21583610188261362,Enriched in Weak,Accessory
group_4339,0.1666666666666667,0,0,2,0.21583610188261362,Enriched in Weak,Accessory
group_3065,0.20634920634920642,8.355085742271047,4,1,0.26687100409728154,Enriched in Strong,Accessory
group_2893,0.20634920634920642,8.355085742271047,4,1,0.26687100409728154,Enriched in Strong,Accessory
group_3780,0.4444444444444443,Inf,5,3,0.44558756287151363,Enriched in Strong,Accessory
group_3746,0.4444444444444443,Inf,5,3,0.44558756287151363,Enriched in Strong,Accessory
group_3699,0.4444444444444443,Inf,5,3,0.44558756287151363,Enriched in Strong,Accessory
group_3679,0.4444444444444443,Inf,5,3,0.44558756287151363,Enriched in Strong,Accessory
group_3664,0.4444444444444443,Inf,5,3,0.44558756287151363,Enriched in Strong,Accessory
group_3656,0.4444444444444443,Inf,5,3,0.44558756287151363,Enriched in Strong,Accessory
group_3647,0.4444444444444443,Inf,5,3,0.44558756287151363,Enriched in Strong,Accessory
group_3582,0.4444444444444443,Inf,5,3,0.44558756287151363,Enriched in Strong,Accessory
group_3515,0.4444444444444443,Inf,5,3,0.44558756287151363,Enriched in Strong,Accessory
mdtA_7,0.4444444444444443,Inf,5,3,0.44558756287151363,Enriched in Strong,Accessory
group_3456,0.4444444444444443,Inf,5,3,0.44558756287151363,Enriched in Strong,Accessory
rfbA_1~~~rfbA_2,0.4444444444444443,Inf,5,3,0.44558756287151363,Enriched in Strong,Accessory
rfbB,0.4444444444444443,Inf,5,3,0.44558756287151363,Enriched in Strong,Accessory
group_3222,0.4444444444444443,Inf,5,3,0.44558756287151363,Enriched in Strong,Accessory
ynfM_1,0.4444444444444443,Inf,5,3,0.44558756287151363,Enriched in Strong,Accessory
baiN,0.4444444444444443,Inf,5,3,0.44558756287151363,Enriched in Strong,Accessory
group_3172,0.4444444444444443,Inf,5,3,0.44558756287151363,Enriched in Strong,Accessory
cysNC_1,0.4444444444444443,Inf,5,3,0.44558756287151363,Enriched in Strong,Accessory
group_3129,0.4444444444444443,Inf,5,3,0.44558756287151363,Enriched in Strong,Accessory
group_3109,0.4444444444444443,Inf,5,3,0.44558756287151363,Enriched in Strong,Accessory
higB2,0.4444444444444443,Inf,5,3,0.44558756287151363,Enriched in Strong,Accessory
group_2761,0.4444444444444443,Inf,5,3,0.44558756287151363,Enriched in Strong,Accessory
group_2700,0.4444444444444443,Inf,5,3,0.44558756287151363,Enriched in Strong,Accessory
group_2455,0.4444444444444443,Inf,5,3,0.44558756287151363,Enriched in Strong,Accessory
ppiC_2,0.4444444444444443,Inf,5,3,0.44558756287151363,Enriched in Strong,Accessory
group_2356,0.4444444444444443,Inf,5,3,0.44558756287151363,Enriched in Strong,Accessory
group_1062,0.4444444444444443,Inf,5,3,0.44558756287151363,Enriched in Strong,Accessory
group_954,0.4444444444444443,Inf,5,3,0.44558756287151363,Enriched in Strong,Accessory
benM_1,0.4444444444444443,Inf,5,3,0.44558756287151363,Enriched in Strong,Accessory
menH_2,0.4444444444444443,Inf,5,3,0.44558756287151363,Enriched in Strong,Accessory
yqjG,0.4444444444444443,Inf,5,3,0.44558756287151363,Enriched in Strong,Accessory
group_507,0.4444444444444443,Inf,5,3,0.44558756287151363,Enriched in Strong,Accessory
group_358,0.4444444444444443,Inf,5,3,0.44558756287151363,Enriched in Strong,Accessory
cysD_1,0.4444444444444443,Inf,5,3,0.44558756287151363,Enriched in Strong,Accessory
group_173,0.4444444444444443,Inf,5,3,0.44558756287151363,Enriched in Strong,Accessory
group_36,0.4444444444444443,Inf,5,3,0.44558756287151363,Enriched in Strong,Accessory
ktrA,0.4444444444444443,Inf,5,3,0.44558756287151363,Enriched in Strong,Accessory
group_3561,0.4444444444444443,Inf,5,3,0.44558756287151363,Enriched in Strong,Accessory
group_3400,0.4444444444444443,Inf,5,3,0.44558756287151363,Enriched in Strong,Accessory
rfbD_1~~~rfbD_2,0.4444444444444443,Inf,5,3,0.44558756287151363,Enriched in Strong,Accessory
group_3492,0.4444444444444446,0,3,4,0.44558756287151363,Enriched in Weak,Accessory
group_3459,0.4444444444444443,Inf,5,3,0.44558756287151363,Enriched in Strong,Accessory
group_3331,0.4444444444444443,Inf,5,3,0.44558756287151363,Enriched in Strong,Accessory
group_2802,0.4444444444444443,Inf,5,3,0.44558756287151363,Enriched in Strong,Accessory
lptB_2,0.4444444444444443,Inf,5,3,0.44558756287151363,Enriched in Strong,Accessory
group_1139,0.4444444444444443,Inf,5,3,0.44558756287151363,Enriched in Strong,Accessory
mcbC,0.4444444444444443,Inf,5,3,0.44558756287151363,Enriched in Strong,Accessory
mcbB,0.4444444444444443,Inf,5,3,0.44558756287151363,Enriched in Strong,Accessory
mcbD,0.4444444444444443,Inf,5,3,0.44558756287151363,Enriched in Strong,Accessory
gltF_4~~~gltF_3,0.4444444444444443,Inf,5,3,0.44558756287151363,Enriched in Strong,Accessory
group_3213,0.4444444444444443,Inf,5,3,0.44558756287151363,Enriched in Strong,Accessory
group_1925,0.4444444444444443,Inf,5,3,0.44558756287151363,Enriched in Strong,Accessory
group_3414,0.4444444444444443,Inf,5,3,0.44558756287151363,Enriched in Strong,Accessory
group_3356,0.4444444444444443,Inf,5,3,0.44558756287151363,Enriched in Strong,Accessory
group_3347,0.4444444444444443,Inf,5,3,0.44558756287151363,Enriched in Strong,Accessory
group_3327,0.4444444444444443,Inf,5,3,0.44558756287151363,Enriched in Strong,Accessory
group_3298,0.4444444444444443,Inf,5,3,0.44558756287151363,Enriched in Strong,Accessory
group_3114,0.4444444444444443,Inf,5,3,0.44558756287151363,Enriched in Strong,Accessory
group_2785,0.4444444444444443,Inf,5,3,0.44558756287151363,Enriched in Strong,Accessory
group_2773,0.4444444444444443,Inf,5,3,0.44558756287151363,Enriched in Strong,Accessory
group_2550,0.4444444444444443,Inf,5,3,0.44558756287151363,Enriched in Strong,Accessory
cim,0.4444444444444443,Inf,5,3,0.44558756287151363,Enriched in Strong,Accessory
group_2046,0.4444444444444443,Inf,5,3,0.44558756287151363,Enriched in Strong,Accessory
group_1566,0.4444444444444443,Inf,5,3,0.44558756287151363,Enriched in Strong,Accessory
group_1001,0.4444444444444443,Inf,5,3,0.44558756287151363,Enriched in Strong,Accessory
group_990,0.4444444444444443,Inf,5,3,0.44558756287151363,Enriched in Strong,Accessory
group_659,0.4444444444444443,Inf,5,3,0.44558756287151363,Enriched in Strong,Accessory
wbiB,0.4444444444444443,Inf,5,3,0.44558756287151363,Enriched in Strong,Accessory
group_373,0.4444444444444443,Inf,5,3,0.44558756287151363,Enriched in Strong,Accessory
group_370,0.4444444444444443,Inf,5,3,0.44558756287151363,Enriched in Strong,Accessory
patA_1,0.4444444444444443,Inf,5,3,0.44558756287151363,Enriched in Strong,Accessory
group_322,0.4444444444444443,Inf,5,3,0.44558756287151363,Enriched in Strong,Accessory
group_187,0.4444444444444443,Inf,5,3,0.44558756287151363,Enriched in Strong,Accessory
group_143,0.4444444444444443,Inf,5,3,0.44558756287151363,Enriched in Strong,Accessory
group_1928,0.4444444444444443,Inf,5,3,0.44558756287151363,Enriched in Strong,Accessory
group_3274,0.4444444444444443,Inf,5,3,0.44558756287151363,Enriched in Strong,Accessory
group_3241,0.4444444444444443,Inf,5,3,0.44558756287151363,Enriched in Strong,Accessory
group_3084,0.4444444444444443,Inf,5,3,0.44558756287151363,Enriched in Strong,Accessory
group_2707,0.4444444444444443,Inf,5,3,0.44558756287151363,Enriched in Strong,Accessory
group_2371,0.4444444444444443,Inf,5,3,0.44558756287151363,Enriched in Strong,Accessory
group_1904,0.4444444444444443,Inf,5,3,0.44558756287151363,Enriched in Strong,Accessory
group_1749,0.4444444444444443,Inf,5,3,0.44558756287151363,Enriched in Strong,Accessory
group_1721,0.4444444444444443,Inf,5,3,0.44558756287151363,Enriched in Strong,Accessory
group_1655,0.4444444444444443,Inf,5,3,0.44558756287151363,Enriched in Strong,Accessory
group_1217,0.4444444444444443,Inf,5,3,0.44558756287151363,Enriched in Strong,Accessory
group_1065,0.4444444444444443,Inf,5,3,0.44558756287151363,Enriched in Strong,Accessory
group_1033,0.4444444444444443,Inf,5,3,0.44558756287151363,Enriched in Strong,Accessory
group_477,0.4444444444444443,Inf,5,3,0.44558756287151363,Enriched in Strong,Accessory
group_144,0.4444444444444443,Inf,5,3,0.44558756287151363,Enriched in Strong,Accessory
group_136,0.4444444444444443,Inf,5,3,0.44558756287151363,Enriched in Strong,Accessory
argO_1~~~argO_2,0.44444444444444453,0,0,1,0.44558756287151363,Enriched in Weak,Accessory
group_1256,0.44444444444444453,0,0,1,0.44558756287151363,Enriched in Weak,Accessory
group_3276,0.44444444444444453,0,0,1,0.44558756287151363,Enriched in Weak,Accessory
group_2551,0.44444444444444453,0,0,1,0.44558756287151363,Enriched in Weak,Accessory
group_1971,0.44444444444444453,0,0,1,0.44558756287151363,Enriched in Weak,Accessory
group_109,0.44444444444444453,0,0,1,0.44558756287151363,Enriched in Weak,Accessory
group_3281,0.44444444444444453,0,0,1,0.44558756287151363,Enriched in Weak,Accessory
group_3125,0.44444444444444453,0,0,1,0.44558756287151363,Enriched in Weak,Accessory
group_2928,0.44444444444444453,0,0,1,0.44558756287151363,Enriched in Weak,Accessory
group_2900,0.44444444444444453,0,0,1,0.44558756287151363,Enriched in Weak,Accessory
group_2623,0.44444444444444453,0,0,1,0.44558756287151363,Enriched in Weak,Accessory
group_1597,0.44444444444444453,0,0,1,0.44558756287151363,Enriched in Weak,Accessory
kduD,0.44444444444444453,0,0,1,0.44558756287151363,Enriched in Weak,Accessory
nphR,0.44444444444444453,0,0,1,0.44558756287151363,Enriched in Weak,Accessory
gutB,0.44444444444444453,0,0,1,0.44558756287151363,Enriched in Weak,Accessory
exuT_3,0.44444444444444453,0,0,1,0.44558756287151363,Enriched in Weak,Accessory
group_447,0.44444444444444453,0,0,1,0.44558756287151363,Enriched in Weak,Accessory
alkJ_1,0.44444444444444453,0,0,1,0.44558756287151363,Enriched in Weak,Accessory
group_2180,0.44444444444444453,0,0,1,0.44558756287151363,Enriched in Weak,Accessory
gltF_4,0.44444444444444453,0,0,1,0.44558756287151363,Enriched in Weak,Accessory
group_4274,0.44444444444444453,0,0,1,0.44558756287151363,Enriched in Weak,Accessory
group_3578,0.44444444444444453,0,0,1,0.44558756287151363,Enriched in Weak,Accessory
bin3~~~bin3_2,0.44444444444444453,0,0,1,0.44558756287151363,Enriched in Weak,Accessory
group_3130,0.44444444444444453,0,0,1,0.44558756287151363,Enriched in Weak,Accessory
group_2950,0.44444444444444453,0,0,1,0.44558756287151363,Enriched in Weak,Accessory
group_2806,0.44444444444444453,0,0,1,0.44558756287151363,Enriched in Weak,Accessory
group_2474,0.44444444444444453,0,0,1,0.44558756287151363,Enriched in Weak,Accessory
group_2424,0.44444444444444453,0,0,1,0.44558756287151363,Enriched in Weak,Accessory
group_1783,0.44444444444444453,0,0,1,0.44558756287151363,Enriched in Weak,Accessory
group_1774,0.44444444444444453,0,0,1,0.44558756287151363,Enriched in Weak,Accessory
group_1751,0.44444444444444453,0,0,1,0.44558756287151363,Enriched in Weak,Accessory
group_1600,0.44444444444444453,0,0,1,0.44558756287151363,Enriched in Weak,Accessory
group_1580,0.44444444444444453,0,0,1,0.44558756287151363,Enriched in Weak,Accessory
group_1522,0.44444444444444453,0,0,1,0.44558756287151363,Enriched in Weak,Accessory
group_1365,0.44444444444444453,0,0,1,0.44558756287151363,Enriched in Weak,Accessory
group_1343,0.44444444444444453,0,0,1,0.44558756287151363,Enriched in Weak,Accessory
group_1251,0.44444444444444453,0,0,1,0.44558756287151363,Enriched in Weak,Accessory
dpnM,0.44444444444444453,0,0,1,0.44558756287151363,Enriched in Weak,Accessory
group_790,0.44444444444444453,0,0,1,0.44558756287151363,Enriched in Weak,Accessory
group_741,0.44444444444444453,0,0,1,0.44558756287151363,Enriched in Weak,Accessory
group_624,0.44444444444444453,0,0,1,0.44558756287151363,Enriched in Weak,Accessory
group_391,0.44444444444444453,0,0,1,0.44558756287151363,Enriched in Weak,Accessory
group_375,0.44444444444444453,0,0,1,0.44558756287151363,Enriched in Weak,Accessory
group_260,0.44444444444444453,0,0,1,0.44558756287151363,Enriched in Weak,Accessory
group_1233,0.44444444444444453,0,0,1,0.44558756287151363,Enriched in Weak,Accessory
group_4329,0.44444444444444453,0,0,1,0.44558756287151363,Enriched in Weak,Accessory
group_4316,0.44444444444444453,0,0,1,0.44558756287151363,Enriched in Weak,Accessory
group_4313,0.44444444444444453,0,0,1,0.44558756287151363,Enriched in Weak,Accessory
group_4298,0.44444444444444453,0,0,1,0.44558756287151363,Enriched in Weak,Accessory
group_4297,0.44444444444444453,0,0,1,0.44558756287151363,Enriched in Weak,Accessory
group_4265,0.44444444444444453,0,0,1,0.44558756287151363,Enriched in Weak,Accessory
group_4264,0.44444444444444453,0,0,1,0.44558756287151363,Enriched in Weak,Accessory
group_4262,0.44444444444444453,0,0,1,0.44558756287151363,Enriched in Weak,Accessory
group_4260,0.44444444444444453,0,0,1,0.44558756287151363,Enriched in Weak,Accessory
bacC_2,0.44444444444444453,0,0,1,0.44558756287151363,Enriched in Weak,Accessory
group_3444,0.44444444444444453,0,0,1,0.44558756287151363,Enriched in Weak,Accessory
group_3442,0.44444444444444453,0,0,1,0.44558756287151363,Enriched in Weak,Accessory
group_3441,0.44444444444444453,0,0,1,0.44558756287151363,Enriched in Weak,Accessory
group_3440,0.44444444444444453,0,0,1,0.44558756287151363,Enriched in Weak,Accessory
group_3439,0.44444444444444453,0,0,1,0.44558756287151363,Enriched in Weak,Accessory
group_3438,0.44444444444444453,0,0,1,0.44558756287151363,Enriched in Weak,Accessory
group_3437,0.44444444444444453,0,0,1,0.44558756287151363,Enriched in Weak,Accessory
group_3436,0.44444444444444453,0,0,1,0.44558756287151363,Enriched in Weak,Accessory
group_3432,0.44444444444444453,0,0,1,0.44558756287151363,Enriched in Weak,Accessory
group_3428,0.44444444444444453,0,0,1,0.44558756287151363,Enriched in Weak,Accessory
group_3427,0.44444444444444453,0,0,1,0.44558756287151363,Enriched in Weak,Accessory
group_3426,0.44444444444444453,0,0,1,0.44558756287151363,Enriched in Weak,Accessory
group_3420,0.44444444444444453,0,0,1,0.44558756287151363,Enriched in Weak,Accessory
group_3378,0.44444444444444453,0,0,1,0.44558756287151363,Enriched in Weak,Accessory
group_3371,0.44444444444444453,0,0,1,0.44558756287151363,Enriched in Weak,Accessory
group_3363,0.44444444444444453,0,0,1,0.44558756287151363,Enriched in Weak,Accessory
group_3342,0.44444444444444453,0,0,1,0.44558756287151363,Enriched in Weak,Accessory
gpFI_2,0.44444444444444453,0,0,1,0.44558756287151363,Enriched in Weak,Accessory
group_3273,0.44444444444444453,0,0,1,0.44558756287151363,Enriched in Weak,Accessory
group_3240,0.44444444444444453,0,0,1,0.44558756287151363,Enriched in Weak,Accessory
group_2852,0.44444444444444453,0,0,1,0.44558756287151363,Enriched in Weak,Accessory
group_1744,0.44444444444444453,0,0,1,0.44558756287151363,Enriched in Weak,Accessory
group_1646,0.44444444444444453,0,0,1,0.44558756287151363,Enriched in Weak,Accessory
group_1030,0.44444444444444453,0,0,1,0.44558756287151363,Enriched in Weak,Accessory
group_418,0.44444444444444453,0,0,1,0.44558756287151363,Enriched in Weak,Accessory
group_125,0.44444444444444453,0,0,1,0.44558756287151363,Enriched in Weak,Accessory
group_4351,0.44444444444444453,0,0,1,0.44558756287151363,Enriched in Weak,Unique
group_4350,0.44444444444444453,0,0,1,0.44558756287151363,Enriched in Weak,Unique
group_4349,0.44444444444444453,0,0,1,0.44558756287151363,Enriched in Weak,Unique
group_4347,0.44444444444444453,0,0,1,0.44558756287151363,Enriched in Weak,Unique
group_3570,0.44444444444444453,0,0,1,0.44558756287151363,Enriched in Weak,Unique
group_3556,0.44444444444444453,0,0,1,0.44558756287151363,Enriched in Weak,Unique
group_3471,0.44444444444444453,0,0,1,0.44558756287151363,Enriched in Weak,Unique
group_3453,0.44444444444444453,0,0,1,0.44558756287151363,Enriched in Weak,Unique
group_2888,0.44444444444444453,0,0,1,0.44558756287151363,Enriched in Weak,Unique
group_2878,0.44444444444444453,0,0,1,0.44558756287151363,Enriched in Weak,Unique
group_2876,0.44444444444444453,0,0,1,0.44558756287151363,Enriched in Weak,Unique
group_2861,0.44444444444444453,0,0,1,0.44558756287151363,Enriched in Weak,Unique
group_2838,0.44444444444444453,0,0,1,0.44558756287151363,Enriched in Weak,Unique
group_2832,0.44444444444444453,0,0,1,0.44558756287151363,Enriched in Weak,Unique
group_2827,0.44444444444444453,0,0,1,0.44558756287151363,Enriched in Weak,Unique
group_2826,0.44444444444444453,0,0,1,0.44558756287151363,Enriched in Weak,Unique
group_2819,0.44444444444444453,0,0,1,0.44558756287151363,Enriched in Weak,Unique
group_2798,0.44444444444444453,0,0,1,0.44558756287151363,Enriched in Weak,Unique
group_2793,0.44444444444444453,0,0,1,0.44558756287151363,Enriched in Weak,Unique
group_2786,0.44444444444444453,0,0,1,0.44558756287151363,Enriched in Weak,Unique
group_2777,0.44444444444444453,0,0,1,0.44558756287151363,Enriched in Weak,Unique
group_2776,0.44444444444444453,0,0,1,0.44558756287151363,Enriched in Weak,Unique
group_2768,0.44444444444444453,0,0,1,0.44558756287151363,Enriched in Weak,Unique
group_2759,0.44444444444444453,0,0,1,0.44558756287151363,Enriched in Weak,Unique
group_2749,0.44444444444444453,0,0,1,0.44558756287151363,Enriched in Weak,Unique
group_2748,0.44444444444444453,0,0,1,0.44558756287151363,Enriched in Weak,Unique
group_2736,0.44444444444444453,0,0,1,0.44558756287151363,Enriched in Weak,Unique
group_2719,0.44444444444444453,0,0,1,0.44558756287151363,Enriched in Weak,Unique
group_2714,0.44444444444444453,0,0,1,0.44558756287151363,Enriched in Weak,Unique
group_2713,0.44444444444444453,0,0,1,0.44558756287151363,Enriched in Weak,Unique
group_2712,0.44444444444444453,0,0,1,0.44558756287151363,Enriched in Weak,Unique
group_2699,0.44444444444444453,0,0,1,0.44558756287151363,Enriched in Weak,Unique
group_2694,0.44444444444444453,0,0,1,0.44558756287151363,Enriched in Weak,Unique
group_2690,0.44444444444444453,0,0,1,0.44558756287151363,Enriched in Weak,Unique
group_2678,0.44444444444444453,0,0,1,0.44558756287151363,Enriched in Weak,Unique
group_2659,0.44444444444444453,0,0,1,0.44558756287151363,Enriched in Weak,Unique
group_2658,0.44444444444444453,0,0,1,0.44558756287151363,Enriched in Weak,Unique
group_2657,0.44444444444444453,0,0,1,0.44558756287151363,Enriched in Weak,Unique
group_2644,0.44444444444444453,0,0,1,0.44558756287151363,Enriched in Weak,Unique
group_2643,0.44444444444444453,0,0,1,0.44558756287151363,Enriched in Weak,Unique
group_2634,0.44444444444444453,0,0,1,0.44558756287151363,Enriched in Weak,Unique
group_2633,0.44444444444444453,0,0,1,0.44558756287151363,Enriched in Weak,Unique
group_2620,0.44444444444444453,0,0,1,0.44558756287151363,Enriched in Weak,Unique
group_2603,0.44444444444444453,0,0,1,0.44558756287151363,Enriched in Weak,Unique
group_2602,0.44444444444444453,0,0,1,0.44558756287151363,Enriched in Weak,Unique
group_2585,0.44444444444444453,0,0,1,0.44558756287151363,Enriched in Weak,Unique
group_2584,0.44444444444444453,0,0,1,0.44558756287151363,Enriched in Weak,Unique
group_2583,0.44444444444444453,0,0,1,0.44558756287151363,Enriched in Weak,Unique
group_2582,0.44444444444444453,0,0,1,0.44558756287151363,Enriched in Weak,Unique
group_2548,0.44444444444444453,0,0,1,0.44558756287151363,Enriched in Weak,Unique
group_2547,0.44444444444444453,0,0,1,0.44558756287151363,Enriched in Weak,Unique
group_2543,0.44444444444444453,0,0,1,0.44558756287151363,Enriched in Weak,Unique
group_2537,0.44444444444444453,0,0,1,0.44558756287151363,Enriched in Weak,Unique
group_2536,0.44444444444444453,0,0,1,0.44558756287151363,Enriched in Weak,Unique
group_2519,0.44444444444444453,0,0,1,0.44558756287151363,Enriched in Weak,Unique
group_2494,0.44444444444444453,0,0,1,0.44558756287151363,Enriched in Weak,Unique
group_2493,0.44444444444444453,0,0,1,0.44558756287151363,Enriched in Weak,Unique
group_2476,0.44444444444444453,0,0,1,0.44558756287151363,Enriched in Weak,Unique
group_2438,0.44444444444444453,0,0,1,0.44558756287151363,Enriched in Weak,Unique
group_2425,0.44444444444444453,0,0,1,0.44558756287151363,Enriched in Weak,Unique
group_2386,0.44444444444444453,0,0,1,0.44558756287151363,Enriched in Weak,Unique
group_2376,0.44444444444444453,0,0,1,0.44558756287151363,Enriched in Weak,Unique
group_2364,0.44444444444444453,0,0,1,0.44558756287151363,Enriched in Weak,Unique
group_2363,0.44444444444444453,0,0,1,0.44558756287151363,Enriched in Weak,Unique
group_2355,0.44444444444444453,0,0,1,0.44558756287151363,Enriched in Weak,Unique
group_2302,0.44444444444444453,0,0,1,0.44558756287151363,Enriched in Weak,Unique
group_2301,0.44444444444444453,0,0,1,0.44558756287151363,Enriched in Weak,Unique
group_2300,0.44444444444444453,0,0,1,0.44558756287151363,Enriched in Weak,Unique
group_2299,0.44444444444444453,0,0,1,0.44558756287151363,Enriched in Weak,Unique
group_2233,0.44444444444444453,0,0,1,0.44558756287151363,Enriched in Weak,Unique
group_2232,0.44444444444444453,0,0,1,0.44558756287151363,Enriched in Weak,Unique
group_2219,0.44444444444444453,0,0,1,0.44558756287151363,Enriched in Weak,Unique
group_2204,0.44444444444444453,0,0,1,0.44558756287151363,Enriched in Weak,Unique
group_2184,0.44444444444444453,0,0,1,0.44558756287151363,Enriched in Weak,Unique
group_2183,0.44444444444444453,0,0,1,0.44558756287151363,Enriched in Weak,Unique
group_2161,0.44444444444444453,0,0,1,0.44558756287151363,Enriched in Weak,Unique
group_2152,0.44444444444444453,0,0,1,0.44558756287151363,Enriched in Weak,Unique
group_2144,0.44444444444444453,0,0,1,0.44558756287151363,Enriched in Weak,Unique
group_2132,0.44444444444444453,0,0,1,0.44558756287151363,Enriched in Weak,Unique
group_2126,0.44444444444444453,0,0,1,0.44558756287151363,Enriched in Weak,Unique
group_2111,0.44444444444444453,0,0,1,0.44558756287151363,Enriched in Weak,Unique
group_2110,0.44444444444444453,0,0,1,0.44558756287151363,Enriched in Weak,Unique
group_2090,0.44444444444444453,0,0,1,0.44558756287151363,Enriched in Weak,Unique
group_2089,0.44444444444444453,0,0,1,0.44558756287151363,Enriched in Weak,Unique
group_2068,0.44444444444444453,0,0,1,0.44558756287151363,Enriched in Weak,Unique
group_2067,0.44444444444444453,0,0,1,0.44558756287151363,Enriched in Weak,Unique
group_2066,0.44444444444444453,0,0,1,0.44558756287151363,Enriched in Weak,Unique
group_2053,0.44444444444444453,0,0,1,0.44558756287151363,Enriched in Weak,Unique
group_2030,0.44444444444444453,0,0,1,0.44558756287151363,Enriched in Weak,Unique
group_2029,0.44444444444444453,0,0,1,0.44558756287151363,Enriched in Weak,Unique
group_2025,0.44444444444444453,0,0,1,0.44558756287151363,Enriched in Weak,Unique
group_2019,0.44444444444444453,0,0,1,0.44558756287151363,Enriched in Weak,Unique
group_1967,0.44444444444444453,0,0,1,0.44558756287151363,Enriched in Weak,Unique
group_1962,0.44444444444444453,0,0,1,0.44558756287151363,Enriched in Weak,Unique
group_1951,0.44444444444444453,0,0,1,0.44558756287151363,Enriched in Weak,Unique
group_1940,0.44444444444444453,0,0,1,0.44558756287151363,Enriched in Weak,Unique
group_1908,0.44444444444444453,0,0,1,0.44558756287151363,Enriched in Weak,Unique
group_1907,0.44444444444444453,0,0,1,0.44558756287151363,Enriched in Weak,Unique
group_1897,0.44444444444444453,0,0,1,0.44558756287151363,Enriched in Weak,Unique
group_1896,0.44444444444444453,0,0,1,0.44558756287151363,Enriched in Weak,Unique
group_1873,0.44444444444444453,0,0,1,0.44558756287151363,Enriched in Weak,Unique
group_1867,0.44444444444444453,0,0,1,0.44558756287151363,Enriched in Weak,Unique
group_1857,0.44444444444444453,0,0,1,0.44558756287151363,Enriched in Weak,Unique
group_1848,0.44444444444444453,0,0,1,0.44558756287151363,Enriched in Weak,Unique
group_1825,0.44444444444444453,0,0,1,0.44558756287151363,Enriched in Weak,Unique
group_1817,0.44444444444444453,0,0,1,0.44558756287151363,Enriched in Weak,Unique
group_1800,0.44444444444444453,0,0,1,0.44558756287151363,Enriched in Weak,Unique
group_1799,0.44444444444444453,0,0,1,0.44558756287151363,Enriched in Weak,Unique
group_1785,0.44444444444444453,0,0,1,0.44558756287151363,Enriched in Weak,Unique
group_1784,0.44444444444444453,0,0,1,0.44558756287151363,Enriched in Weak,Unique
group_1754,0.44444444444444453,0,0,1,0.44558756287151363,Enriched in Weak,Unique
group_1753,0.44444444444444453,0,0,1,0.44558756287151363,Enriched in Weak,Unique
group_1752,0.44444444444444453,0,0,1,0.44558756287151363,Enriched in Weak,Unique
group_1732,0.44444444444444453,0,0,1,0.44558756287151363,Enriched in Weak,Unique
group_1723,0.44444444444444453,0,0,1,0.44558756287151363,Enriched in Weak,Unique
group_1702,0.44444444444444453,0,0,1,0.44558756287151363,Enriched in Weak,Unique
group_1694,0.44444444444444453,0,0,1,0.44558756287151363,Enriched in Weak,Unique
group_1683,0.44444444444444453,0,0,1,0.44558756287151363,Enriched in Weak,Unique
group_1673,0.44444444444444453,0,0,1,0.44558756287151363,Enriched in Weak,Unique
group_1664,0.44444444444444453,0,0,1,0.44558756287151363,Enriched in Weak,Unique
group_1657,0.44444444444444453,0,0,1,0.44558756287151363,Enriched in Weak,Unique
group_1650,0.44444444444444453,0,0,1,0.44558756287151363,Enriched in Weak,Unique
group_1649,0.44444444444444453,0,0,1,0.44558756287151363,Enriched in Weak,Unique
group_1622,0.44444444444444453,0,0,1,0.44558756287151363,Enriched in Weak,Unique
group_1614,0.44444444444444453,0,0,1,0.44558756287151363,Enriched in Weak,Unique
group_1570,0.44444444444444453,0,0,1,0.44558756287151363,Enriched in Weak,Unique
group_1556,0.44444444444444453,0,0,1,0.44558756287151363,Enriched in Weak,Unique
group_1551,0.44444444444444453,0,0,1,0.44558756287151363,Enriched in Weak,Unique
group_1539,0.44444444444444453,0,0,1,0.44558756287151363,Enriched in Weak,Unique
group_1532,0.44444444444444453,0,0,1,0.44558756287151363,Enriched in Weak,Unique
group_1524,0.44444444444444453,0,0,1,0.44558756287151363,Enriched in Weak,Unique
group_1503,0.44444444444444453,0,0,1,0.44558756287151363,Enriched in Weak,Unique
group_1502,0.44444444444444453,0,0,1,0.44558756287151363,Enriched in Weak,Unique
group_1495,0.44444444444444453,0,0,1,0.44558756287151363,Enriched in Weak,Unique
hifA,0.44444444444444453,0,0,1,0.44558756287151363,Enriched in Weak,Unique
group_1483,0.44444444444444453,0,0,1,0.44558756287151363,Enriched in Weak,Unique
group_1475,0.44444444444444453,0,0,1,0.44558756287151363,Enriched in Weak,Unique
group_1474,0.44444444444444453,0,0,1,0.44558756287151363,Enriched in Weak,Unique
group_1469,0.44444444444444453,0,0,1,0.44558756287151363,Enriched in Weak,Unique
group_1468,0.44444444444444453,0,0,1,0.44558756287151363,Enriched in Weak,Unique
group_1467,0.44444444444444453,0,0,1,0.44558756287151363,Enriched in Weak,Unique
group_1466,0.44444444444444453,0,0,1,0.44558756287151363,Enriched in Weak,Unique
group_1465,0.44444444444444453,0,0,1,0.44558756287151363,Enriched in Weak,Unique
group_1454,0.44444444444444453,0,0,1,0.44558756287151363,Enriched in Weak,Unique
group_1449,0.44444444444444453,0,0,1,0.44558756287151363,Enriched in Weak,Unique
group_1445,0.44444444444444453,0,0,1,0.44558756287151363,Enriched in Weak,Unique
group_1436,0.44444444444444453,0,0,1,0.44558756287151363,Enriched in Weak,Unique
group_1407,0.44444444444444453,0,0,1,0.44558756287151363,Enriched in Weak,Unique
bvgA_3,0.44444444444444453,0,0,1,0.44558756287151363,Enriched in Weak,Unique
bvgA_1,0.44444444444444453,0,0,1,0.44558756287151363,Enriched in Weak,Unique
group_1392,0.44444444444444453,0,0,1,0.44558756287151363,Enriched in Weak,Unique
group_1373,0.44444444444444453,0,0,1,0.44558756287151363,Enriched in Weak,Unique
group_1366,0.44444444444444453,0,0,1,0.44558756287151363,Enriched in Weak,Unique
group_1361,0.44444444444444453,0,0,1,0.44558756287151363,Enriched in Weak,Unique
group_1344,0.44444444444444453,0,0,1,0.44558756287151363,Enriched in Weak,Unique
group_1329,0.44444444444444453,0,0,1,0.44558756287151363,Enriched in Weak,Unique
group_1313,0.44444444444444453,0,0,1,0.44558756287151363,Enriched in Weak,Unique
group_1311,0.44444444444444453,0,0,1,0.44558756287151363,Enriched in Weak,Unique
uhpA,0.44444444444444453,0,0,1,0.44558756287151363,Enriched in Weak,Unique
group_1272,0.44444444444444453,0,0,1,0.44558756287151363,Enriched in Weak,Unique
group_1266,0.44444444444444453,0,0,1,0.44558756287151363,Enriched in Weak,Unique
rcsB_3,0.44444444444444453,0,0,1,0.44558756287151363,Enriched in Weak,Unique
group_1241,0.44444444444444453,0,0,1,0.44558756287151363,Enriched in Weak,Unique
faeE,0.44444444444444453,0,0,1,0.44558756287151363,Enriched in Weak,Unique
nucS,0.44444444444444453,0,0,1,0.44558756287151363,Enriched in Weak,Unique
sdiA,0.44444444444444453,0,0,1,0.44558756287151363,Enriched in Weak,Unique
group_1189,0.44444444444444453,0,0,1,0.44558756287151363,Enriched in Weak,Unique
group_1188,0.44444444444444453,0,0,1,0.44558756287151363,Enriched in Weak,Unique
group_1165,0.44444444444444453,0,0,1,0.44558756287151363,Enriched in Weak,Unique
group_1152,0.44444444444444453,0,0,1,0.44558756287151363,Enriched in Weak,Unique
group_1151,0.44444444444444453,0,0,1,0.44558756287151363,Enriched in Weak,Unique
bdcA_1,0.44444444444444453,0,0,1,0.44558756287151363,Enriched in Weak,Unique
group_1129,0.44444444444444453,0,0,1,0.44558756287151363,Enriched in Weak,Unique
group_1118,0.44444444444444453,0,0,1,0.44558756287151363,Enriched in Weak,Unique
yadV_4,0.44444444444444453,0,0,1,0.44558756287151363,Enriched in Weak,Unique
group_1101,0.44444444444444453,0,0,1,0.44558756287151363,Enriched in Weak,Unique
group_1098,0.44444444444444453,0,0,1,0.44558756287151363,Enriched in Weak,Unique
group_1097,0.44444444444444453,0,0,1,0.44558756287151363,Enriched in Weak,Unique
group_1075,0.44444444444444453,0,0,1,0.44558756287151363,Enriched in Weak,Unique
group_1067,0.44444444444444453,0,0,1,0.44558756287151363,Enriched in Weak,Unique
kpsM,0.44444444444444453,0,0,1,0.44558756287151363,Enriched in Weak,Unique
yadV_3,0.44444444444444453,0,0,1,0.44558756287151363,Enriched in Weak,Unique
group_1056,0.44444444444444453,0,0,1,0.44558756287151363,Enriched in Weak,Unique
group_1055,0.44444444444444453,0,0,1,0.44558756287151363,Enriched in Weak,Unique
group_1054,0.44444444444444453,0,0,1,0.44558756287151363,Enriched in Weak,Unique
group_1028,0.44444444444444453,0,0,1,0.44558756287151363,Enriched in Weak,Unique
group_1013,0.44444444444444453,0,0,1,0.44558756287151363,Enriched in Weak,Unique
group_1006,0.44444444444444453,0,0,1,0.44558756287151363,Enriched in Weak,Unique
group_997,0.44444444444444453,0,0,1,0.44558756287151363,Enriched in Weak,Unique
group_970,0.44444444444444453,0,0,1,0.44558756287151363,Enriched in Weak,Unique
group_961,0.44444444444444453,0,0,1,0.44558756287151363,Enriched in Weak,Unique
group_960,0.44444444444444453,0,0,1,0.44558756287151363,Enriched in Weak,Unique
group_927,0.44444444444444453,0,0,1,0.44558756287151363,Enriched in Weak,Unique
group_917,0.44444444444444453,0,0,1,0.44558756287151363,Enriched in Weak,Unique
group_890,0.44444444444444453,0,0,1,0.44558756287151363,Enriched in Weak,Unique
group_884,0.44444444444444453,0,0,1,0.44558756287151363,Enriched in Weak,Unique
ompA_1,0.44444444444444453,0,0,1,0.44558756287151363,Enriched in Weak,Unique
group_866,0.44444444444444453,0,0,1,0.44558756287151363,Enriched in Weak,Unique
group_851,0.44444444444444453,0,0,1,0.44558756287151363,Enriched in Weak,Unique
group_847,0.44444444444444453,0,0,1,0.44558756287151363,Enriched in Weak,Unique
group_837,0.44444444444444453,0,0,1,0.44558756287151363,Enriched in Weak,Unique
group_836,0.44444444444444453,0,0,1,0.44558756287151363,Enriched in Weak,Unique
group_829,0.44444444444444453,0,0,1,0.44558756287151363,Enriched in Weak,Unique
dmlR_3,0.44444444444444453,0,0,1,0.44558756287151363,Enriched in Weak,Unique
group_808,0.44444444444444453,0,0,1,0.44558756287151363,Enriched in Weak,Unique
group_807,0.44444444444444453,0,0,1,0.44558756287151363,Enriched in Weak,Unique
rmd,0.44444444444444453,0,0,1,0.44558756287151363,Enriched in Weak,Unique
group_791,0.44444444444444453,0,0,1,0.44558756287151363,Enriched in Weak,Unique
group_769,0.44444444444444453,0,0,1,0.44558756287151363,Enriched in Weak,Unique
group_766,0.44444444444444453,0,0,1,0.44558756287151363,Enriched in Weak,Unique
group_765,0.44444444444444453,0,0,1,0.44558756287151363,Enriched in Weak,Unique
group_735,0.44444444444444453,0,0,1,0.44558756287151363,Enriched in Weak,Unique
group_721,0.44444444444444453,0,0,1,0.44558756287151363,Enriched in Weak,Unique
group_720,0.44444444444444453,0,0,1,0.44558756287151363,Enriched in Weak,Unique
yejK_2,0.44444444444444453,0,0,1,0.44558756287151363,Enriched in Weak,Unique
gmd,0.44444444444444453,0,0,1,0.44558756287151363,Enriched in Weak,Unique
group_683,0.44444444444444453,0,0,1,0.44558756287151363,Enriched in Weak,Unique
group_678,0.44444444444444453,0,0,1,0.44558756287151363,Enriched in Weak,Unique
group_668,0.44444444444444453,0,0,1,0.44558756287151363,Enriched in Weak,Unique
group_648,0.44444444444444453,0,0,1,0.44558756287151363,Enriched in Weak,Unique
group_619,0.44444444444444453,0,0,1,0.44558756287151363,Enriched in Weak,Unique
group_617,0.44444444444444453,0,0,1,0.44558756287151363,Enriched in Weak,Unique
group_613,0.44444444444444453,0,0,1,0.44558756287151363,Enriched in Weak,Unique
group_587,0.44444444444444453,0,0,1,0.44558756287151363,Enriched in Weak,Unique
moeZ,0.44444444444444453,0,0,1,0.44558756287151363,Enriched in Weak,Unique
group_516,0.44444444444444453,0,0,1,0.44558756287151363,Enriched in Weak,Unique
group_515,0.44444444444444453,0,0,1,0.44558756287151363,Enriched in Weak,Unique
mshA_2,0.44444444444444453,0,0,1,0.44558756287151363,Enriched in Weak,Unique
group_498,0.44444444444444453,0,0,1,0.44558756287151363,Enriched in Weak,Unique
rssB_7,0.44444444444444453,0,0,1,0.44558756287151363,Enriched in Weak,Unique
group_470,0.44444444444444453,0,0,1,0.44558756287151363,Enriched in Weak,Unique
group_453,0.44444444444444453,0,0,1,0.44558756287151363,Enriched in Weak,Unique
group_448,0.44444444444444453,0,0,1,0.44558756287151363,Enriched in Weak,Unique
xerC_3,0.44444444444444453,0,0,1,0.44558756287151363,Enriched in Weak,Unique
group_415,0.44444444444444453,0,0,1,0.44558756287151363,Enriched in Weak,Unique
group_413,0.44444444444444453,0,0,1,0.44558756287151363,Enriched in Weak,Unique
group_396,0.44444444444444453,0,0,1,0.44558756287151363,Enriched in Weak,Unique
group_379,0.44444444444444453,0,0,1,0.44558756287151363,Enriched in Weak,Unique
dnaB_2,0.44444444444444453,0,0,1,0.44558756287151363,Enriched in Weak,Unique
group_357,0.44444444444444453,0,0,1,0.44558756287151363,Enriched in Weak,Unique
group_330,0.44444444444444453,0,0,1,0.44558756287151363,Enriched in Weak,Unique
group_321,0.44444444444444453,0,0,1,0.44558756287151363,Enriched in Weak,Unique
algA_1,0.44444444444444453,0,0,1,0.44558756287151363,Enriched in Weak,Unique
group_258,0.44444444444444453,0,0,1,0.44558756287151363,Enriched in Weak,Unique
group_249,0.44444444444444453,0,0,1,0.44558756287151363,Enriched in Weak,Unique
group_225,0.44444444444444453,0,0,1,0.44558756287151363,Enriched in Weak,Unique
group_198,0.44444444444444453,0,0,1,0.44558756287151363,Enriched in Weak,Unique
group_186,0.44444444444444453,0,0,1,0.44558756287151363,Enriched in Weak,Unique
group_176,0.44444444444444453,0,0,1,0.44558756287151363,Enriched in Weak,Unique
group_162,0.44444444444444453,0,0,1,0.44558756287151363,Enriched in Weak,Unique
sasA_19,0.44444444444444453,0,0,1,0.44558756287151363,Enriched in Weak,Unique
group_141,0.44444444444444453,0,0,1,0.44558756287151363,Enriched in Weak,Unique
group_118,0.44444444444444453,0,0,1,0.44558756287151363,Enriched in Weak,Unique
btuD_2,0.44444444444444453,0,0,1,0.44558756287151363,Enriched in Weak,Unique
fimD_2,0.44444444444444453,0,0,1,0.44558756287151363,Enriched in Weak,Unique
group_94,0.44444444444444453,0,0,1,0.44558756287151363,Enriched in Weak,Unique
xerC_5,0.44444444444444453,0,0,1,0.44558756287151363,Enriched in Weak,Unique
group_77,0.44444444444444453,0,0,1,0.44558756287151363,Enriched in Weak,Unique
group_60,0.44444444444444453,0,0,1,0.44558756287151363,Enriched in Weak,Unique
group_37,0.44444444444444453,0,0,1,0.44558756287151363,Enriched in Weak,Unique
group_28,0.44444444444444453,0,0,1,0.44558756287151363,Enriched in Weak,Unique
group_23,0.44444444444444453,0,0,1,0.44558756287151363,Enriched in Weak,Unique
group_11,0.44444444444444453,0,0,1,0.44558756287151363,Enriched in Weak,Unique
mshA_1,0.44444444444444453,0,0,1,0.44558756287151363,Enriched in Weak,Unique
group_4,0.44444444444444453,0,0,1,0.44558756287151363,Enriched in Weak,Unique
group_1,0.44444444444444453,0,0,1,0.44558756287151363,Enriched in Weak,Unique
group_2628,0.5238095238095238,3.387565619121477,4,2,0.5248867670461501,Enriched in Strong,Accessory
group_3247,0.9999999999999999,0,4,4,1,No difference,Accessory
msrQ,0.9999999999999999,0,4,4,1,No difference,Accessory
group_1177,0.9999999999999999,0,4,4,1,No difference,Accessory
group_1360,1,Inf,1,0,1,Enriched in Strong,Unique
