Gene,estimate,std_error,t_value,p_value,r_squared,p_adj
group_3313,33.102665637142856,10.950351807928717,3.0229773634463983,0.008082451722578293,0.36352333470848214,0.028971294934745897
group_3260,33.102665637142856,10.950351807928717,3.0229773634463983,0.008082451722578293,0.36352333470848214,0.028971294934745897
group_3175,33.102665637142856,10.950351807928717,3.0229773634463983,0.008082451722578293,0.36352333470848214,0.028971294934745897
group_1548,33.102665637142856,10.950351807928717,3.0229773634463983,0.008082451722578293,0.36352333470848214,0.028971294934745897
group_1346,33.102665637142856,10.950351807928717,3.0229773634463983,0.008082451722578293,0.36352333470848214,0.028971294934745897
qseB_3,33.102665637142856,10.950351807928717,3.0229773634463983,0.008082451722578293,0.36352333470848214,0.028971294934745897
group_1294,33.102665637142856,10.950351807928717,3.0229773634463983,0.008082451722578293,0.36352333470848214,0.028971294934745897
group_1287,33.102665637142856,10.950351807928717,3.0229773634463983,0.008082451722578293,0.36352333470848214,0.028971294934745897
fabG_4,33.102665637142856,10.950351807928717,3.0229773634463983,0.008082451722578293,0.36352333470848214,0.028971294934745897
rssA,33.102665637142856,10.950351807928717,3.0229773634463983,0.008082451722578293,0.36352333470848214,0.028971294934745897
putP_2,33.102665637142856,10.950351807928717,3.0229773634463983,0.008082451722578293,0.36352333470848214,0.028971294934745897
menE,33.102665637142856,10.950351807928717,3.0229773634463983,0.008082451722578293,0.36352333470848214,0.028971294934745897
gltF_7,29.874245459166676,9.526357208114668,3.135956883258527,0.006380425582967931,0.38066655203648164,0.028971294934745897
group_3158,29.689241276750007,8.76282551408586,3.388089974977346,0.003753309776669585,0.41774043745407874,0.028971294934745897
group_3282,29.095281565555556,8.794385559702869,3.3083927658203085,0.004440095727024008,0.40620800680491426,0.028971294934745897
group_3246,29.428057716666668,8.724907973608008,3.372878866537465,0.003875701155297124,0.4155531216681008,0.028971294934745897
group_3581,-29.09528156555557,8.794385559702869,-3.30839276582031,0.004440095727023999,0.40620800680491465,0.028971294934745897
group_3476,-29.09528156555557,8.794385559702869,-3.30839276582031,0.004440095727023999,0.40620800680491465,0.028971294934745897
group_3252,-29.09528156555557,8.794385559702869,-3.30839276582031,0.004440095727023999,0.40620800680491465,0.028971294934745897
ywnA,-29.09528156555557,8.794385559702869,-3.30839276582031,0.004440095727023999,0.40620800680491465,0.028971294934745897
group_4257,-33.37487951369232,9.62774526327786,-3.466531217957206,0.003180594024034639,0.4289148686669907,0.028971294934745897
group_4256,-33.37487951369232,9.62774526327786,-3.466531217957206,0.003180594024034639,0.4289148686669907,0.028971294934745897
group_4255,-33.37487951369232,9.62774526327786,-3.466531217957206,0.003180594024034639,0.4289148686669907,0.028971294934745897
group_4253,-33.37487951369232,9.62774526327786,-3.466531217957206,0.003180594024034639,0.4289148686669907,0.028971294934745897
group_4251,-33.37487951369232,9.62774526327786,-3.466531217957206,0.003180594024034639,0.4289148686669907,0.028971294934745897
group_4248,-33.37487951369232,9.62774526327786,-3.466531217957206,0.003180594024034639,0.4289148686669907,0.028971294934745897
group_4247,-33.37487951369232,9.62774526327786,-3.466531217957206,0.003180594024034639,0.4289148686669907,0.028971294934745897
group_3380,-33.37487951369232,9.62774526327786,-3.466531217957206,0.003180594024034639,0.4289148686669907,0.028971294934745897
group_3375,-33.37487951369232,9.62774526327786,-3.466531217957206,0.003180594024034639,0.4289148686669907,0.028971294934745897
group_3367,-33.37487951369232,9.62774526327786,-3.466531217957206,0.003180594024034639,0.4289148686669907,0.028971294934745897
group_3355,-33.37487951369232,9.62774526327786,-3.466531217957206,0.003180594024034639,0.4289148686669907,0.028971294934745897
group_3326,-33.37487951369232,9.62774526327786,-3.466531217957206,0.003180594024034639,0.4289148686669907,0.028971294934745897
group_3325,-33.37487951369232,9.62774526327786,-3.466531217957206,0.003180594024034639,0.4289148686669907,0.028971294934745897
group_3251,-33.37487951369232,9.62774526327786,-3.466531217957206,0.003180594024034639,0.4289148686669907,0.028971294934745897
group_3137,-33.37487951369232,9.62774526327786,-3.466531217957206,0.003180594024034639,0.4289148686669907,0.028971294934745897
group_2227,-33.37487951369232,9.62774526327786,-3.466531217957206,0.003180594024034639,0.4289148686669907,0.028971294934745897
group_4266,-33.102665637142856,10.950351807928717,-3.0229773634463983,0.008082451722578293,0.36352333470848214,0.028971294934745897
group_4263,-33.102665637142856,10.950351807928717,-3.0229773634463983,0.008082451722578293,0.36352333470848214,0.028971294934745897
group_4261,-33.102665637142856,10.950351807928717,-3.0229773634463983,0.008082451722578293,0.36352333470848214,0.028971294934745897
group_4259,-33.102665637142856,10.950351807928717,-3.0229773634463983,0.008082451722578293,0.36352333470848214,0.028971294934745897
group_4258,-33.102665637142856,10.950351807928717,-3.0229773634463983,0.008082451722578293,0.36352333470848214,0.028971294934745897
group_4254,-33.102665637142856,10.950351807928717,-3.0229773634463983,0.008082451722578293,0.36352333470848214,0.028971294934745897
group_4250,-33.102665637142856,10.950351807928717,-3.0229773634463983,0.008082451722578293,0.36352333470848214,0.028971294934745897
group_4249,-33.102665637142856,10.950351807928717,-3.0229773634463983,0.008082451722578293,0.36352333470848214,0.028971294934745897
group_4246,-33.102665637142856,10.950351807928717,-3.0229773634463983,0.008082451722578293,0.36352333470848214,0.028971294934745897
group_4244,-33.102665637142856,10.950351807928717,-3.0229773634463983,0.008082451722578293,0.36352333470848214,0.028971294934745897
hin_3,-33.102665637142856,10.950351807928717,-3.0229773634463983,0.008082451722578293,0.36352333470848214,0.028971294934745897
group_4243,-33.102665637142856,10.950351807928717,-3.0229773634463983,0.008082451722578293,0.36352333470848214,0.028971294934745897
group_4242,-33.102665637142856,10.950351807928717,-3.0229773634463983,0.008082451722578293,0.36352333470848214,0.028971294934745897
group_4241,-33.102665637142856,10.950351807928717,-3.0229773634463983,0.008082451722578293,0.36352333470848214,0.028971294934745897
group_4240,-33.102665637142856,10.950351807928717,-3.0229773634463983,0.008082451722578293,0.36352333470848214,0.028971294934745897
group_4239,-33.102665637142856,10.950351807928717,-3.0229773634463983,0.008082451722578293,0.36352333470848214,0.028971294934745897
group_4238,-33.102665637142856,10.950351807928717,-3.0229773634463983,0.008082451722578293,0.36352333470848214,0.028971294934745897
group_4237,-33.102665637142856,10.950351807928717,-3.0229773634463983,0.008082451722578293,0.36352333470848214,0.028971294934745897
group_4236,-33.102665637142856,10.950351807928717,-3.0229773634463983,0.008082451722578293,0.36352333470848214,0.028971294934745897
group_4235,-33.102665637142856,10.950351807928717,-3.0229773634463983,0.008082451722578293,0.36352333470848214,0.028971294934745897
group_4234,-33.102665637142856,10.950351807928717,-3.0229773634463983,0.008082451722578293,0.36352333470848214,0.028971294934745897
group_4233,-33.102665637142856,10.950351807928717,-3.0229773634463983,0.008082451722578293,0.36352333470848214,0.028971294934745897
group_4232,-33.102665637142856,10.950351807928717,-3.0229773634463983,0.008082451722578293,0.36352333470848214,0.028971294934745897
group_4231,-33.102665637142856,10.950351807928717,-3.0229773634463983,0.008082451722578293,0.36352333470848214,0.028971294934745897
group_4230,-33.102665637142856,10.950351807928717,-3.0229773634463983,0.008082451722578293,0.36352333470848214,0.028971294934745897
group_4229,-33.102665637142856,10.950351807928717,-3.0229773634463983,0.008082451722578293,0.36352333470848214,0.028971294934745897
group_4228,-33.102665637142856,10.950351807928717,-3.0229773634463983,0.008082451722578293,0.36352333470848214,0.028971294934745897
group_4227,-33.102665637142856,10.950351807928717,-3.0229773634463983,0.008082451722578293,0.36352333470848214,0.028971294934745897
group_4226,-33.102665637142856,10.950351807928717,-3.0229773634463983,0.008082451722578293,0.36352333470848214,0.028971294934745897
group_4225,-33.102665637142856,10.950351807928717,-3.0229773634463983,0.008082451722578293,0.36352333470848214,0.028971294934745897
group_4224,-33.102665637142856,10.950351807928717,-3.0229773634463983,0.008082451722578293,0.36352333470848214,0.028971294934745897
group_4223,-33.102665637142856,10.950351807928717,-3.0229773634463983,0.008082451722578293,0.36352333470848214,0.028971294934745897
group_4222,-33.102665637142856,10.950351807928717,-3.0229773634463983,0.008082451722578293,0.36352333470848214,0.028971294934745897
group_4221,-33.102665637142856,10.950351807928717,-3.0229773634463983,0.008082451722578293,0.36352333470848214,0.028971294934745897
group_4220,-33.102665637142856,10.950351807928717,-3.0229773634463983,0.008082451722578293,0.36352333470848214,0.028971294934745897
group_4219,-33.102665637142856,10.950351807928717,-3.0229773634463983,0.008082451722578293,0.36352333470848214,0.028971294934745897
group_4218,-33.102665637142856,10.950351807928717,-3.0229773634463983,0.008082451722578293,0.36352333470848214,0.028971294934745897
group_4217,-33.102665637142856,10.950351807928717,-3.0229773634463983,0.008082451722578293,0.36352333470848214,0.028971294934745897
group_4216,-33.102665637142856,10.950351807928717,-3.0229773634463983,0.008082451722578293,0.36352333470848214,0.028971294934745897
group_4215,-33.102665637142856,10.950351807928717,-3.0229773634463983,0.008082451722578293,0.36352333470848214,0.028971294934745897
group_4214,-33.102665637142856,10.950351807928717,-3.0229773634463983,0.008082451722578293,0.36352333470848214,0.028971294934745897
group_4213,-33.102665637142856,10.950351807928717,-3.0229773634463983,0.008082451722578293,0.36352333470848214,0.028971294934745897
group_4212,-33.102665637142856,10.950351807928717,-3.0229773634463983,0.008082451722578293,0.36352333470848214,0.028971294934745897
group_4211,-33.102665637142856,10.950351807928717,-3.0229773634463983,0.008082451722578293,0.36352333470848214,0.028971294934745897
group_4210,-33.102665637142856,10.950351807928717,-3.0229773634463983,0.008082451722578293,0.36352333470848214,0.028971294934745897
group_4209,-33.102665637142856,10.950351807928717,-3.0229773634463983,0.008082451722578293,0.36352333470848214,0.028971294934745897
group_4208,-33.102665637142856,10.950351807928717,-3.0229773634463983,0.008082451722578293,0.36352333470848214,0.028971294934745897
group_4207,-33.102665637142856,10.950351807928717,-3.0229773634463983,0.008082451722578293,0.36352333470848214,0.028971294934745897
group_4206,-33.102665637142856,10.950351807928717,-3.0229773634463983,0.008082451722578293,0.36352333470848214,0.028971294934745897
group_4205,-33.102665637142856,10.950351807928717,-3.0229773634463983,0.008082451722578293,0.36352333470848214,0.028971294934745897
higB_2,-33.102665637142856,10.950351807928717,-3.0229773634463983,0.008082451722578293,0.36352333470848214,0.028971294934745897
group_4204,-33.102665637142856,10.950351807928717,-3.0229773634463983,0.008082451722578293,0.36352333470848214,0.028971294934745897
group_4203,-33.102665637142856,10.950351807928717,-3.0229773634463983,0.008082451722578293,0.36352333470848214,0.028971294934745897
group_4202,-33.102665637142856,10.950351807928717,-3.0229773634463983,0.008082451722578293,0.36352333470848214,0.028971294934745897
group_4201,-33.102665637142856,10.950351807928717,-3.0229773634463983,0.008082451722578293,0.36352333470848214,0.028971294934745897
group_4200,-33.102665637142856,10.950351807928717,-3.0229773634463983,0.008082451722578293,0.36352333470848214,0.028971294934745897
group_4199,-33.102665637142856,10.950351807928717,-3.0229773634463983,0.008082451722578293,0.36352333470848214,0.028971294934745897
higA_2,-33.102665637142856,10.950351807928717,-3.0229773634463983,0.008082451722578293,0.36352333470848214,0.028971294934745897
group_4198,-33.102665637142856,10.950351807928717,-3.0229773634463983,0.008082451722578293,0.36352333470848214,0.028971294934745897
group_4197,-33.102665637142856,10.950351807928717,-3.0229773634463983,0.008082451722578293,0.36352333470848214,0.028971294934745897
group_4196,-33.102665637142856,10.950351807928717,-3.0229773634463983,0.008082451722578293,0.36352333470848214,0.028971294934745897
group_4195,-33.102665637142856,10.950351807928717,-3.0229773634463983,0.008082451722578293,0.36352333470848214,0.028971294934745897
group_4194,-33.102665637142856,10.950351807928717,-3.0229773634463983,0.008082451722578293,0.36352333470848214,0.028971294934745897
group_4193,-33.102665637142856,10.950351807928717,-3.0229773634463983,0.008082451722578293,0.36352333470848214,0.028971294934745897
group_4192,-33.102665637142856,10.950351807928717,-3.0229773634463983,0.008082451722578293,0.36352333470848214,0.028971294934745897
group_4191,-33.102665637142856,10.950351807928717,-3.0229773634463983,0.008082451722578293,0.36352333470848214,0.028971294934745897
group_4190,-33.102665637142856,10.950351807928717,-3.0229773634463983,0.008082451722578293,0.36352333470848214,0.028971294934745897
group_4189,-33.102665637142856,10.950351807928717,-3.0229773634463983,0.008082451722578293,0.36352333470848214,0.028971294934745897
group_4188,-33.102665637142856,10.950351807928717,-3.0229773634463983,0.008082451722578293,0.36352333470848214,0.028971294934745897
group_4187,-33.102665637142856,10.950351807928717,-3.0229773634463983,0.008082451722578293,0.36352333470848214,0.028971294934745897
group_4186,-33.102665637142856,10.950351807928717,-3.0229773634463983,0.008082451722578293,0.36352333470848214,0.028971294934745897
group_4185,-33.102665637142856,10.950351807928717,-3.0229773634463983,0.008082451722578293,0.36352333470848214,0.028971294934745897
group_4184,-33.102665637142856,10.950351807928717,-3.0229773634463983,0.008082451722578293,0.36352333470848214,0.028971294934745897
group_4183,-33.102665637142856,10.950351807928717,-3.0229773634463983,0.008082451722578293,0.36352333470848214,0.028971294934745897
group_4182,-33.102665637142856,10.950351807928717,-3.0229773634463983,0.008082451722578293,0.36352333470848214,0.028971294934745897
group_4181,-33.102665637142856,10.950351807928717,-3.0229773634463983,0.008082451722578293,0.36352333470848214,0.028971294934745897
fadD_5,-33.102665637142856,10.950351807928717,-3.0229773634463983,0.008082451722578293,0.36352333470848214,0.028971294934745897
group_4180,-33.102665637142856,10.950351807928717,-3.0229773634463983,0.008082451722578293,0.36352333470848214,0.028971294934745897
group_4179,-33.102665637142856,10.950351807928717,-3.0229773634463983,0.008082451722578293,0.36352333470848214,0.028971294934745897
resA_3,-33.102665637142856,10.950351807928717,-3.0229773634463983,0.008082451722578293,0.36352333470848214,0.028971294934745897
group_4178,-33.102665637142856,10.950351807928717,-3.0229773634463983,0.008082451722578293,0.36352333470848214,0.028971294934745897
group_4177,-33.102665637142856,10.950351807928717,-3.0229773634463983,0.008082451722578293,0.36352333470848214,0.028971294934745897
group_4176,-33.102665637142856,10.950351807928717,-3.0229773634463983,0.008082451722578293,0.36352333470848214,0.028971294934745897
group_4175,-33.102665637142856,10.950351807928717,-3.0229773634463983,0.008082451722578293,0.36352333470848214,0.028971294934745897
group_4174,-33.102665637142856,10.950351807928717,-3.0229773634463983,0.008082451722578293,0.36352333470848214,0.028971294934745897
group_4173,-33.102665637142856,10.950351807928717,-3.0229773634463983,0.008082451722578293,0.36352333470848214,0.028971294934745897
hin_2,-33.102665637142856,10.950351807928717,-3.0229773634463983,0.008082451722578293,0.36352333470848214,0.028971294934745897
group_4172,-33.102665637142856,10.950351807928717,-3.0229773634463983,0.008082451722578293,0.36352333470848214,0.028971294934745897
group_4171,-33.102665637142856,10.950351807928717,-3.0229773634463983,0.008082451722578293,0.36352333470848214,0.028971294934745897
group_4170,-33.102665637142856,10.950351807928717,-3.0229773634463983,0.008082451722578293,0.36352333470848214,0.028971294934745897
group_4169,-33.102665637142856,10.950351807928717,-3.0229773634463983,0.008082451722578293,0.36352333470848214,0.028971294934745897
group_4168,-33.102665637142856,10.950351807928717,-3.0229773634463983,0.008082451722578293,0.36352333470848214,0.028971294934745897
group_4167,-33.102665637142856,10.950351807928717,-3.0229773634463983,0.008082451722578293,0.36352333470848214,0.028971294934745897
group_4166,-33.102665637142856,10.950351807928717,-3.0229773634463983,0.008082451722578293,0.36352333470848214,0.028971294934745897
group_4165,-33.102665637142856,10.950351807928717,-3.0229773634463983,0.008082451722578293,0.36352333470848214,0.028971294934745897
group_4164,-33.102665637142856,10.950351807928717,-3.0229773634463983,0.008082451722578293,0.36352333470848214,0.028971294934745897
group_4163,-33.102665637142856,10.950351807928717,-3.0229773634463983,0.008082451722578293,0.36352333470848214,0.028971294934745897
group_4162,-33.102665637142856,10.950351807928717,-3.0229773634463983,0.008082451722578293,0.36352333470848214,0.028971294934745897
group_4161,-33.102665637142856,10.950351807928717,-3.0229773634463983,0.008082451722578293,0.36352333470848214,0.028971294934745897
group_4160,-33.102665637142856,10.950351807928717,-3.0229773634463983,0.008082451722578293,0.36352333470848214,0.028971294934745897
group_4159,-33.102665637142856,10.950351807928717,-3.0229773634463983,0.008082451722578293,0.36352333470848214,0.028971294934745897
group_4158,-33.102665637142856,10.950351807928717,-3.0229773634463983,0.008082451722578293,0.36352333470848214,0.028971294934745897
group_4157,-33.102665637142856,10.950351807928717,-3.0229773634463983,0.008082451722578293,0.36352333470848214,0.028971294934745897
arsH_2,-33.102665637142856,10.950351807928717,-3.0229773634463983,0.008082451722578293,0.36352333470848214,0.028971294934745897
group_4156,-33.102665637142856,10.950351807928717,-3.0229773634463983,0.008082451722578293,0.36352333470848214,0.028971294934745897
group_4155,-33.102665637142856,10.950351807928717,-3.0229773634463983,0.008082451722578293,0.36352333470848214,0.028971294934745897
group_4154,-33.102665637142856,10.950351807928717,-3.0229773634463983,0.008082451722578293,0.36352333470848214,0.028971294934745897
group_4153,-33.102665637142856,10.950351807928717,-3.0229773634463983,0.008082451722578293,0.36352333470848214,0.028971294934745897
group_4152,-33.102665637142856,10.950351807928717,-3.0229773634463983,0.008082451722578293,0.36352333470848214,0.028971294934745897
group_4151,-33.102665637142856,10.950351807928717,-3.0229773634463983,0.008082451722578293,0.36352333470848214,0.028971294934745897
ompP1,-33.102665637142856,10.950351807928717,-3.0229773634463983,0.008082451722578293,0.36352333470848214,0.028971294934745897
group_4150,-33.102665637142856,10.950351807928717,-3.0229773634463983,0.008082451722578293,0.36352333470848214,0.028971294934745897
fadD_6,-33.102665637142856,10.950351807928717,-3.0229773634463983,0.008082451722578293,0.36352333470848214,0.028971294934745897
group_4149,-33.102665637142856,10.950351807928717,-3.0229773634463983,0.008082451722578293,0.36352333470848214,0.028971294934745897
group_4148,-33.102665637142856,10.950351807928717,-3.0229773634463983,0.008082451722578293,0.36352333470848214,0.028971294934745897
group_4147,-33.102665637142856,10.950351807928717,-3.0229773634463983,0.008082451722578293,0.36352333470848214,0.028971294934745897
group_4146,-33.102665637142856,10.950351807928717,-3.0229773634463983,0.008082451722578293,0.36352333470848214,0.028971294934745897
group_4145,-33.102665637142856,10.950351807928717,-3.0229773634463983,0.008082451722578293,0.36352333470848214,0.028971294934745897
noc_2,-33.102665637142856,10.950351807928717,-3.0229773634463983,0.008082451722578293,0.36352333470848214,0.028971294934745897
group_4144,-33.102665637142856,10.950351807928717,-3.0229773634463983,0.008082451722578293,0.36352333470848214,0.028971294934745897
group_4143,-33.102665637142856,10.950351807928717,-3.0229773634463983,0.008082451722578293,0.36352333470848214,0.028971294934745897
group_4142,-33.102665637142856,10.950351807928717,-3.0229773634463983,0.008082451722578293,0.36352333470848214,0.028971294934745897
group_4141,-33.102665637142856,10.950351807928717,-3.0229773634463983,0.008082451722578293,0.36352333470848214,0.028971294934745897
intA,-33.102665637142856,10.950351807928717,-3.0229773634463983,0.008082451722578293,0.36352333470848214,0.028971294934745897
group_4140,-33.102665637142856,10.950351807928717,-3.0229773634463983,0.008082451722578293,0.36352333470848214,0.028971294934745897
group_4139,-33.102665637142856,10.950351807928717,-3.0229773634463983,0.008082451722578293,0.36352333470848214,0.028971294934745897
group_4138,-33.102665637142856,10.950351807928717,-3.0229773634463983,0.008082451722578293,0.36352333470848214,0.028971294934745897
tcpE,-33.102665637142856,10.950351807928717,-3.0229773634463983,0.008082451722578293,0.36352333470848214,0.028971294934745897
group_4137,-33.102665637142856,10.950351807928717,-3.0229773634463983,0.008082451722578293,0.36352333470848214,0.028971294934745897
group_4136,-33.102665637142856,10.950351807928717,-3.0229773634463983,0.008082451722578293,0.36352333470848214,0.028971294934745897
virB8,-33.102665637142856,10.950351807928717,-3.0229773634463983,0.008082451722578293,0.36352333470848214,0.028971294934745897
group_4135,-33.102665637142856,10.950351807928717,-3.0229773634463983,0.008082451722578293,0.36352333470848214,0.028971294934745897
group_4134,-33.102665637142856,10.950351807928717,-3.0229773634463983,0.008082451722578293,0.36352333470848214,0.028971294934745897
group_4133,-33.102665637142856,10.950351807928717,-3.0229773634463983,0.008082451722578293,0.36352333470848214,0.028971294934745897
group_4132,-33.102665637142856,10.950351807928717,-3.0229773634463983,0.008082451722578293,0.36352333470848214,0.028971294934745897
group_4131,-33.102665637142856,10.950351807928717,-3.0229773634463983,0.008082451722578293,0.36352333470848214,0.028971294934745897
group_4130,-33.102665637142856,10.950351807928717,-3.0229773634463983,0.008082451722578293,0.36352333470848214,0.028971294934745897
group_4129,-33.102665637142856,10.950351807928717,-3.0229773634463983,0.008082451722578293,0.36352333470848214,0.028971294934745897
outO_2,-33.102665637142856,10.950351807928717,-3.0229773634463983,0.008082451722578293,0.36352333470848214,0.028971294934745897
group_4128,-33.102665637142856,10.950351807928717,-3.0229773634463983,0.008082451722578293,0.36352333470848214,0.028971294934745897
group_4127,-33.102665637142856,10.950351807928717,-3.0229773634463983,0.008082451722578293,0.36352333470848214,0.028971294934745897
group_4126,-33.102665637142856,10.950351807928717,-3.0229773634463983,0.008082451722578293,0.36352333470848214,0.028971294934745897
rfaH,-33.102665637142856,10.950351807928717,-3.0229773634463983,0.008082451722578293,0.36352333470848214,0.028971294934745897
group_4125,-33.102665637142856,10.950351807928717,-3.0229773634463983,0.008082451722578293,0.36352333470848214,0.028971294934745897
virB4_1,-33.102665637142856,10.950351807928717,-3.0229773634463983,0.008082451722578293,0.36352333470848214,0.028971294934745897
group_4124,-33.102665637142856,10.950351807928717,-3.0229773634463983,0.008082451722578293,0.36352333470848214,0.028971294934745897
group_4123,-33.102665637142856,10.950351807928717,-3.0229773634463983,0.008082451722578293,0.36352333470848214,0.028971294934745897
group_4122,-33.102665637142856,10.950351807928717,-3.0229773634463983,0.008082451722578293,0.36352333470848214,0.028971294934745897
group_4121,-33.102665637142856,10.950351807928717,-3.0229773634463983,0.008082451722578293,0.36352333470848214,0.028971294934745897
group_4120,-33.102665637142856,10.950351807928717,-3.0229773634463983,0.008082451722578293,0.36352333470848214,0.028971294934745897
group_4119,-33.102665637142856,10.950351807928717,-3.0229773634463983,0.008082451722578293,0.36352333470848214,0.028971294934745897
group_4118,-33.102665637142856,10.950351807928717,-3.0229773634463983,0.008082451722578293,0.36352333470848214,0.028971294934745897
group_4117,-33.102665637142856,10.950351807928717,-3.0229773634463983,0.008082451722578293,0.36352333470848214,0.028971294934745897
group_4116,-33.102665637142856,10.950351807928717,-3.0229773634463983,0.008082451722578293,0.36352333470848214,0.028971294934745897
group_4115,-33.102665637142856,10.950351807928717,-3.0229773634463983,0.008082451722578293,0.36352333470848214,0.028971294934745897
group_4114,-33.102665637142856,10.950351807928717,-3.0229773634463983,0.008082451722578293,0.36352333470848214,0.028971294934745897
group_4113,-33.102665637142856,10.950351807928717,-3.0229773634463983,0.008082451722578293,0.36352333470848214,0.028971294934745897
group_4112,-33.102665637142856,10.950351807928717,-3.0229773634463983,0.008082451722578293,0.36352333470848214,0.028971294934745897
virD4,-33.102665637142856,10.950351807928717,-3.0229773634463983,0.008082451722578293,0.36352333470848214,0.028971294934745897
group_4111,-33.102665637142856,10.950351807928717,-3.0229773634463983,0.008082451722578293,0.36352333470848214,0.028971294934745897
chpB,-33.102665637142856,10.950351807928717,-3.0229773634463983,0.008082451722578293,0.36352333470848214,0.028971294934745897
group_4110,-33.102665637142856,10.950351807928717,-3.0229773634463983,0.008082451722578293,0.36352333470848214,0.028971294934745897
group_4109,-33.102665637142856,10.950351807928717,-3.0229773634463983,0.008082451722578293,0.36352333470848214,0.028971294934745897
group_4108,-33.102665637142856,10.950351807928717,-3.0229773634463983,0.008082451722578293,0.36352333470848214,0.028971294934745897
ssb_3,-33.102665637142856,10.950351807928717,-3.0229773634463983,0.008082451722578293,0.36352333470848214,0.028971294934745897
topB_2,-33.102665637142856,10.950351807928717,-3.0229773634463983,0.008082451722578293,0.36352333470848214,0.028971294934745897
group_4107,-33.102665637142856,10.950351807928717,-3.0229773634463983,0.008082451722578293,0.36352333470848214,0.028971294934745897
yhcR,-33.102665637142856,10.950351807928717,-3.0229773634463983,0.008082451722578293,0.36352333470848214,0.028971294934745897
group_4106,-33.102665637142856,10.950351807928717,-3.0229773634463983,0.008082451722578293,0.36352333470848214,0.028971294934745897
group_4105,-33.102665637142856,10.950351807928717,-3.0229773634463983,0.008082451722578293,0.36352333470848214,0.028971294934745897
group_4104,-33.102665637142856,10.950351807928717,-3.0229773634463983,0.008082451722578293,0.36352333470848214,0.028971294934745897
group_4103,-33.102665637142856,10.950351807928717,-3.0229773634463983,0.008082451722578293,0.36352333470848214,0.028971294934745897
chpS,-33.102665637142856,10.950351807928717,-3.0229773634463983,0.008082451722578293,0.36352333470848214,0.028971294934745897
group_4102,-33.102665637142856,10.950351807928717,-3.0229773634463983,0.008082451722578293,0.36352333470848214,0.028971294934745897
nadE_3,-33.102665637142856,10.950351807928717,-3.0229773634463983,0.008082451722578293,0.36352333470848214,0.028971294934745897
group_4101,-33.102665637142856,10.950351807928717,-3.0229773634463983,0.008082451722578293,0.36352333470848214,0.028971294934745897
group_4100,-33.102665637142856,10.950351807928717,-3.0229773634463983,0.008082451722578293,0.36352333470848214,0.028971294934745897
group_4099,-33.102665637142856,10.950351807928717,-3.0229773634463983,0.008082451722578293,0.36352333470848214,0.028971294934745897
group_4098,-33.102665637142856,10.950351807928717,-3.0229773634463983,0.008082451722578293,0.36352333470848214,0.028971294934745897
group_4097,-33.102665637142856,10.950351807928717,-3.0229773634463983,0.008082451722578293,0.36352333470848214,0.028971294934745897
group_4096,-33.102665637142856,10.950351807928717,-3.0229773634463983,0.008082451722578293,0.36352333470848214,0.028971294934745897
group_4095,-33.102665637142856,10.950351807928717,-3.0229773634463983,0.008082451722578293,0.36352333470848214,0.028971294934745897
group_4094,-33.102665637142856,10.950351807928717,-3.0229773634463983,0.008082451722578293,0.36352333470848214,0.028971294934745897
xerC_7,-33.102665637142856,10.950351807928717,-3.0229773634463983,0.008082451722578293,0.36352333470848214,0.028971294934745897
group_4093,-33.102665637142856,10.950351807928717,-3.0229773634463983,0.008082451722578293,0.36352333470848214,0.028971294934745897
group_4092,-33.102665637142856,10.950351807928717,-3.0229773634463983,0.008082451722578293,0.36352333470848214,0.028971294934745897
group_4091,-33.102665637142856,10.950351807928717,-3.0229773634463983,0.008082451722578293,0.36352333470848214,0.028971294934745897
group_4090,-33.102665637142856,10.950351807928717,-3.0229773634463983,0.008082451722578293,0.36352333470848214,0.028971294934745897
mexA_2,-33.102665637142856,10.950351807928717,-3.0229773634463983,0.008082451722578293,0.36352333470848214,0.028971294934745897
group_4089,-33.102665637142856,10.950351807928717,-3.0229773634463983,0.008082451722578293,0.36352333470848214,0.028971294934745897
group_4088,-33.102665637142856,10.950351807928717,-3.0229773634463983,0.008082451722578293,0.36352333470848214,0.028971294934745897
group_4087,-33.102665637142856,10.950351807928717,-3.0229773634463983,0.008082451722578293,0.36352333470848214,0.028971294934745897
group_4086,-33.102665637142856,10.950351807928717,-3.0229773634463983,0.008082451722578293,0.36352333470848214,0.028971294934745897
group_4085,-33.102665637142856,10.950351807928717,-3.0229773634463983,0.008082451722578293,0.36352333470848214,0.028971294934745897
pdeB,-33.102665637142856,10.950351807928717,-3.0229773634463983,0.008082451722578293,0.36352333470848214,0.028971294934745897
group_4084,-33.102665637142856,10.950351807928717,-3.0229773634463983,0.008082451722578293,0.36352333470848214,0.028971294934745897
mdtL_2,-33.102665637142856,10.950351807928717,-3.0229773634463983,0.008082451722578293,0.36352333470848214,0.028971294934745897
yhhW_3,-33.102665637142856,10.950351807928717,-3.0229773634463983,0.008082451722578293,0.36352333470848214,0.028971294934745897
group_4083,-33.102665637142856,10.950351807928717,-3.0229773634463983,0.008082451722578293,0.36352333470848214,0.028971294934745897
group_4082,-33.102665637142856,10.950351807928717,-3.0229773634463983,0.008082451722578293,0.36352333470848214,0.028971294934745897
group_4081,-33.102665637142856,10.950351807928717,-3.0229773634463983,0.008082451722578293,0.36352333470848214,0.028971294934745897
gdx_2,-33.102665637142856,10.950351807928717,-3.0229773634463983,0.008082451722578293,0.36352333470848214,0.028971294934745897
group_4080,-33.102665637142856,10.950351807928717,-3.0229773634463983,0.008082451722578293,0.36352333470848214,0.028971294934745897
group_4079,-33.102665637142856,10.950351807928717,-3.0229773634463983,0.008082451722578293,0.36352333470848214,0.028971294934745897
group_4078,-33.102665637142856,10.950351807928717,-3.0229773634463983,0.008082451722578293,0.36352333470848214,0.028971294934745897
group_4077,-33.102665637142856,10.950351807928717,-3.0229773634463983,0.008082451722578293,0.36352333470848214,0.028971294934745897
oprJ_2,-33.102665637142856,10.950351807928717,-3.0229773634463983,0.008082451722578293,0.36352333470848214,0.028971294934745897
group_4076,-33.102665637142856,10.950351807928717,-3.0229773634463983,0.008082451722578293,0.36352333470848214,0.028971294934745897
group_4075,-33.102665637142856,10.950351807928717,-3.0229773634463983,0.008082451722578293,0.36352333470848214,0.028971294934745897
group_4074,-33.102665637142856,10.950351807928717,-3.0229773634463983,0.008082451722578293,0.36352333470848214,0.028971294934745897
mexB_2,-33.102665637142856,10.950351807928717,-3.0229773634463983,0.008082451722578293,0.36352333470848214,0.028971294934745897
group_4073,-33.102665637142856,10.950351807928717,-3.0229773634463983,0.008082451722578293,0.36352333470848214,0.028971294934745897
prsE_3,-33.102665637142856,10.950351807928717,-3.0229773634463983,0.008082451722578293,0.36352333470848214,0.028971294934745897
group_4072,-33.102665637142856,10.950351807928717,-3.0229773634463983,0.008082451722578293,0.36352333470848214,0.028971294934745897
group_4071,-33.102665637142856,10.950351807928717,-3.0229773634463983,0.008082451722578293,0.36352333470848214,0.028971294934745897
group_4070,-33.102665637142856,10.950351807928717,-3.0229773634463983,0.008082451722578293,0.36352333470848214,0.028971294934745897
hin_1,-33.102665637142856,10.950351807928717,-3.0229773634463983,0.008082451722578293,0.36352333470848214,0.028971294934745897
group_4069,-33.102665637142856,10.950351807928717,-3.0229773634463983,0.008082451722578293,0.36352333470848214,0.028971294934745897
group_4068,-33.102665637142856,10.950351807928717,-3.0229773634463983,0.008082451722578293,0.36352333470848214,0.028971294934745897
group_4067,-33.102665637142856,10.950351807928717,-3.0229773634463983,0.008082451722578293,0.36352333470848214,0.028971294934745897
apxIB_1,-33.102665637142856,10.950351807928717,-3.0229773634463983,0.008082451722578293,0.36352333470848214,0.028971294934745897
oprJ_3,-33.102665637142856,10.950351807928717,-3.0229773634463983,0.008082451722578293,0.36352333470848214,0.028971294934745897
group_4066,-33.102665637142856,10.950351807928717,-3.0229773634463983,0.008082451722578293,0.36352333470848214,0.028971294934745897
group_4065,-33.102665637142856,10.950351807928717,-3.0229773634463983,0.008082451722578293,0.36352333470848214,0.028971294934745897
group_4064,-33.102665637142856,10.950351807928717,-3.0229773634463983,0.008082451722578293,0.36352333470848214,0.028971294934745897
group_4063,-33.102665637142856,10.950351807928717,-3.0229773634463983,0.008082451722578293,0.36352333470848214,0.028971294934745897
group_4062,-33.102665637142856,10.950351807928717,-3.0229773634463983,0.008082451722578293,0.36352333470848214,0.028971294934745897
group_4061,-33.102665637142856,10.950351807928717,-3.0229773634463983,0.008082451722578293,0.36352333470848214,0.028971294934745897
group_4060,-33.102665637142856,10.950351807928717,-3.0229773634463983,0.008082451722578293,0.36352333470848214,0.028971294934745897
group_4059,-33.102665637142856,10.950351807928717,-3.0229773634463983,0.008082451722578293,0.36352333470848214,0.028971294934745897
group_4058,-33.102665637142856,10.950351807928717,-3.0229773634463983,0.008082451722578293,0.36352333470848214,0.028971294934745897
group_4057,-33.102665637142856,10.950351807928717,-3.0229773634463983,0.008082451722578293,0.36352333470848214,0.028971294934745897
group_4056,-33.102665637142856,10.950351807928717,-3.0229773634463983,0.008082451722578293,0.36352333470848214,0.028971294934745897
group_4055,-33.102665637142856,10.950351807928717,-3.0229773634463983,0.008082451722578293,0.36352333470848214,0.028971294934745897
group_4054,-33.102665637142856,10.950351807928717,-3.0229773634463983,0.008082451722578293,0.36352333470848214,0.028971294934745897
group_4053,-33.102665637142856,10.950351807928717,-3.0229773634463983,0.008082451722578293,0.36352333470848214,0.028971294934745897
csrA1_2,-33.102665637142856,10.950351807928717,-3.0229773634463983,0.008082451722578293,0.36352333470848214,0.028971294934745897
group_4052,-33.102665637142856,10.950351807928717,-3.0229773634463983,0.008082451722578293,0.36352333470848214,0.028971294934745897
group_4051,-33.102665637142856,10.950351807928717,-3.0229773634463983,0.008082451722578293,0.36352333470848214,0.028971294934745897
group_4050,-33.102665637142856,10.950351807928717,-3.0229773634463983,0.008082451722578293,0.36352333470848214,0.028971294934745897
group_4049,-33.102665637142856,10.950351807928717,-3.0229773634463983,0.008082451722578293,0.36352333470848214,0.028971294934745897
group_4048,-33.102665637142856,10.950351807928717,-3.0229773634463983,0.008082451722578293,0.36352333470848214,0.028971294934745897
group_4047,-33.102665637142856,10.950351807928717,-3.0229773634463983,0.008082451722578293,0.36352333470848214,0.028971294934745897
group_4046,-33.102665637142856,10.950351807928717,-3.0229773634463983,0.008082451722578293,0.36352333470848214,0.028971294934745897
group_4045,-33.102665637142856,10.950351807928717,-3.0229773634463983,0.008082451722578293,0.36352333470848214,0.028971294934745897
group_4044,-33.102665637142856,10.950351807928717,-3.0229773634463983,0.008082451722578293,0.36352333470848214,0.028971294934745897
group_4043,-33.102665637142856,10.950351807928717,-3.0229773634463983,0.008082451722578293,0.36352333470848214,0.028971294934745897
group_4042,-33.102665637142856,10.950351807928717,-3.0229773634463983,0.008082451722578293,0.36352333470848214,0.028971294934745897
group_4041,-33.102665637142856,10.950351807928717,-3.0229773634463983,0.008082451722578293,0.36352333470848214,0.028971294934745897
group_4040,-33.102665637142856,10.950351807928717,-3.0229773634463983,0.008082451722578293,0.36352333470848214,0.028971294934745897
group_4039,-33.102665637142856,10.950351807928717,-3.0229773634463983,0.008082451722578293,0.36352333470848214,0.028971294934745897
group_4038,-33.102665637142856,10.950351807928717,-3.0229773634463983,0.008082451722578293,0.36352333470848214,0.028971294934745897
group_4037,-33.102665637142856,10.950351807928717,-3.0229773634463983,0.008082451722578293,0.36352333470848214,0.028971294934745897
group_4036,-33.102665637142856,10.950351807928717,-3.0229773634463983,0.008082451722578293,0.36352333470848214,0.028971294934745897
group_4035,-33.102665637142856,10.950351807928717,-3.0229773634463983,0.008082451722578293,0.36352333470848214,0.028971294934745897
group_4034,-33.102665637142856,10.950351807928717,-3.0229773634463983,0.008082451722578293,0.36352333470848214,0.028971294934745897
group_4033,-33.102665637142856,10.950351807928717,-3.0229773634463983,0.008082451722578293,0.36352333470848214,0.028971294934745897
gst,-33.102665637142856,10.950351807928717,-3.0229773634463983,0.008082451722578293,0.36352333470848214,0.028971294934745897
fadD_4,-33.102665637142856,10.950351807928717,-3.0229773634463983,0.008082451722578293,0.36352333470848214,0.028971294934745897
group_4032,-33.102665637142856,10.950351807928717,-3.0229773634463983,0.008082451722578293,0.36352333470848214,0.028971294934745897
traC_1,-33.102665637142856,10.950351807928717,-3.0229773634463983,0.008082451722578293,0.36352333470848214,0.028971294934745897
group_4031,-33.102665637142856,10.950351807928717,-3.0229773634463983,0.008082451722578293,0.36352333470848214,0.028971294934745897
group_4030,-33.102665637142856,10.950351807928717,-3.0229773634463983,0.008082451722578293,0.36352333470848214,0.028971294934745897
group_4029,-33.102665637142856,10.950351807928717,-3.0229773634463983,0.008082451722578293,0.36352333470848214,0.028971294934745897
group_4028,-33.102665637142856,10.950351807928717,-3.0229773634463983,0.008082451722578293,0.36352333470848214,0.028971294934745897
group_4027,-33.102665637142856,10.950351807928717,-3.0229773634463983,0.008082451722578293,0.36352333470848214,0.028971294934745897
group_4026,-33.102665637142856,10.950351807928717,-3.0229773634463983,0.008082451722578293,0.36352333470848214,0.028971294934745897
group_4025,-33.102665637142856,10.950351807928717,-3.0229773634463983,0.008082451722578293,0.36352333470848214,0.028971294934745897
oprJ_1,-33.102665637142856,10.950351807928717,-3.0229773634463983,0.008082451722578293,0.36352333470848214,0.028971294934745897
group_4024,-33.102665637142856,10.950351807928717,-3.0229773634463983,0.008082451722578293,0.36352333470848214,0.028971294934745897
group_4023,-33.102665637142856,10.950351807928717,-3.0229773634463983,0.008082451722578293,0.36352333470848214,0.028971294934745897
group_4022,-33.102665637142856,10.950351807928717,-3.0229773634463983,0.008082451722578293,0.36352333470848214,0.028971294934745897
group_4021,-33.102665637142856,10.950351807928717,-3.0229773634463983,0.008082451722578293,0.36352333470848214,0.028971294934745897
group_4020,-33.102665637142856,10.950351807928717,-3.0229773634463983,0.008082451722578293,0.36352333470848214,0.028971294934745897
group_4019,-33.102665637142856,10.950351807928717,-3.0229773634463983,0.008082451722578293,0.36352333470848214,0.028971294934745897
group_4018,-33.102665637142856,10.950351807928717,-3.0229773634463983,0.008082451722578293,0.36352333470848214,0.028971294934745897
group_4017,-33.102665637142856,10.950351807928717,-3.0229773634463983,0.008082451722578293,0.36352333470848214,0.028971294934745897
group_4016,-33.102665637142856,10.950351807928717,-3.0229773634463983,0.008082451722578293,0.36352333470848214,0.028971294934745897
group_4015,-33.102665637142856,10.950351807928717,-3.0229773634463983,0.008082451722578293,0.36352333470848214,0.028971294934745897
group_4014,-33.102665637142856,10.950351807928717,-3.0229773634463983,0.008082451722578293,0.36352333470848214,0.028971294934745897
group_4013,-33.102665637142856,10.950351807928717,-3.0229773634463983,0.008082451722578293,0.36352333470848214,0.028971294934745897
group_4012,-33.102665637142856,10.950351807928717,-3.0229773634463983,0.008082451722578293,0.36352333470848214,0.028971294934745897
group_4011,-33.102665637142856,10.950351807928717,-3.0229773634463983,0.008082451722578293,0.36352333470848214,0.028971294934745897
group_4010,-33.102665637142856,10.950351807928717,-3.0229773634463983,0.008082451722578293,0.36352333470848214,0.028971294934745897
noc_1,-33.102665637142856,10.950351807928717,-3.0229773634463983,0.008082451722578293,0.36352333470848214,0.028971294934745897
group_4009,-33.102665637142856,10.950351807928717,-3.0229773634463983,0.008082451722578293,0.36352333470848214,0.028971294934745897
group_4008,-33.102665637142856,10.950351807928717,-3.0229773634463983,0.008082451722578293,0.36352333470848214,0.028971294934745897
umuD_1,-33.102665637142856,10.950351807928717,-3.0229773634463983,0.008082451722578293,0.36352333470848214,0.028971294934745897
group_4007,-33.102665637142856,10.950351807928717,-3.0229773634463983,0.008082451722578293,0.36352333470848214,0.028971294934745897
group_4006,-33.102665637142856,10.950351807928717,-3.0229773634463983,0.008082451722578293,0.36352333470848214,0.028971294934745897
group_4005,-33.102665637142856,10.950351807928717,-3.0229773634463983,0.008082451722578293,0.36352333470848214,0.028971294934745897
group_4004,-33.102665637142856,10.950351807928717,-3.0229773634463983,0.008082451722578293,0.36352333470848214,0.028971294934745897
group_4003,-33.102665637142856,10.950351807928717,-3.0229773634463983,0.008082451722578293,0.36352333470848214,0.028971294934745897
group_4002,-33.102665637142856,10.950351807928717,-3.0229773634463983,0.008082451722578293,0.36352333470848214,0.028971294934745897
acrA,-33.102665637142856,10.950351807928717,-3.0229773634463983,0.008082451722578293,0.36352333470848214,0.028971294934745897
group_4001,-33.102665637142856,10.950351807928717,-3.0229773634463983,0.008082451722578293,0.36352333470848214,0.028971294934745897
group_4000,-33.102665637142856,10.950351807928717,-3.0229773634463983,0.008082451722578293,0.36352333470848214,0.028971294934745897
group_3999,-33.102665637142856,10.950351807928717,-3.0229773634463983,0.008082451722578293,0.36352333470848214,0.028971294934745897
group_3998,-33.102665637142856,10.950351807928717,-3.0229773634463983,0.008082451722578293,0.36352333470848214,0.028971294934745897
group_3997,-33.102665637142856,10.950351807928717,-3.0229773634463983,0.008082451722578293,0.36352333470848214,0.028971294934745897
group_3996,-33.102665637142856,10.950351807928717,-3.0229773634463983,0.008082451722578293,0.36352333470848214,0.028971294934745897
acrB,-33.102665637142856,10.950351807928717,-3.0229773634463983,0.008082451722578293,0.36352333470848214,0.028971294934745897
group_3995,-33.102665637142856,10.950351807928717,-3.0229773634463983,0.008082451722578293,0.36352333470848214,0.028971294934745897
dsbC_2,-33.102665637142856,10.950351807928717,-3.0229773634463983,0.008082451722578293,0.36352333470848214,0.028971294934745897
group_3994,-33.102665637142856,10.950351807928717,-3.0229773634463983,0.008082451722578293,0.36352333470848214,0.028971294934745897
group_3993,-33.102665637142856,10.950351807928717,-3.0229773634463983,0.008082451722578293,0.36352333470848214,0.028971294934745897
group_3992,-33.102665637142856,10.950351807928717,-3.0229773634463983,0.008082451722578293,0.36352333470848214,0.028971294934745897
group_3991,-33.102665637142856,10.950351807928717,-3.0229773634463983,0.008082451722578293,0.36352333470848214,0.028971294934745897
group_3990,-33.102665637142856,10.950351807928717,-3.0229773634463983,0.008082451722578293,0.36352333470848214,0.028971294934745897
group_3989,-33.102665637142856,10.950351807928717,-3.0229773634463983,0.008082451722578293,0.36352333470848214,0.028971294934745897
group_3988,-33.102665637142856,10.950351807928717,-3.0229773634463983,0.008082451722578293,0.36352333470848214,0.028971294934745897
group_3987,-33.102665637142856,10.950351807928717,-3.0229773634463983,0.008082451722578293,0.36352333470848214,0.028971294934745897
group_3986,-33.102665637142856,10.950351807928717,-3.0229773634463983,0.008082451722578293,0.36352333470848214,0.028971294934745897
group_3985,-33.102665637142856,10.950351807928717,-3.0229773634463983,0.008082451722578293,0.36352333470848214,0.028971294934745897
group_3984,-33.102665637142856,10.950351807928717,-3.0229773634463983,0.008082451722578293,0.36352333470848214,0.028971294934745897
group_3983,-33.102665637142856,10.950351807928717,-3.0229773634463983,0.008082451722578293,0.36352333470848214,0.028971294934745897
group_3982,-33.102665637142856,10.950351807928717,-3.0229773634463983,0.008082451722578293,0.36352333470848214,0.028971294934745897
group_3981,-33.102665637142856,10.950351807928717,-3.0229773634463983,0.008082451722578293,0.36352333470848214,0.028971294934745897
group_3980,-33.102665637142856,10.950351807928717,-3.0229773634463983,0.008082451722578293,0.36352333470848214,0.028971294934745897
radD,-33.102665637142856,10.950351807928717,-3.0229773634463983,0.008082451722578293,0.36352333470848214,0.028971294934745897
group_3979,-33.102665637142856,10.950351807928717,-3.0229773634463983,0.008082451722578293,0.36352333470848214,0.028971294934745897
group_3978,-33.102665637142856,10.950351807928717,-3.0229773634463983,0.008082451722578293,0.36352333470848214,0.028971294934745897
group_3977,-33.102665637142856,10.950351807928717,-3.0229773634463983,0.008082451722578293,0.36352333470848214,0.028971294934745897
group_3976,-33.102665637142856,10.950351807928717,-3.0229773634463983,0.008082451722578293,0.36352333470848214,0.028971294934745897
group_3975,-33.102665637142856,10.950351807928717,-3.0229773634463983,0.008082451722578293,0.36352333470848214,0.028971294934745897
group_3974,-33.102665637142856,10.950351807928717,-3.0229773634463983,0.008082451722578293,0.36352333470848214,0.028971294934745897
group_3973,-33.102665637142856,10.950351807928717,-3.0229773634463983,0.008082451722578293,0.36352333470848214,0.028971294934745897
group_3972,-33.102665637142856,10.950351807928717,-3.0229773634463983,0.008082451722578293,0.36352333470848214,0.028971294934745897
group_3971,-33.102665637142856,10.950351807928717,-3.0229773634463983,0.008082451722578293,0.36352333470848214,0.028971294934745897
umuC_1,-33.102665637142856,10.950351807928717,-3.0229773634463983,0.008082451722578293,0.36352333470848214,0.028971294934745897
group_3970,-33.102665637142856,10.950351807928717,-3.0229773634463983,0.008082451722578293,0.36352333470848214,0.028971294934745897
group_3969,-33.102665637142856,10.950351807928717,-3.0229773634463983,0.008082451722578293,0.36352333470848214,0.028971294934745897
group_3968,-33.102665637142856,10.950351807928717,-3.0229773634463983,0.008082451722578293,0.36352333470848214,0.028971294934745897
group_3967,-33.102665637142856,10.950351807928717,-3.0229773634463983,0.008082451722578293,0.36352333470848214,0.028971294934745897
group_3966,-33.102665637142856,10.950351807928717,-3.0229773634463983,0.008082451722578293,0.36352333470848214,0.028971294934745897
group_3965,-33.102665637142856,10.950351807928717,-3.0229773634463983,0.008082451722578293,0.36352333470848214,0.028971294934745897
group_3964,-33.102665637142856,10.950351807928717,-3.0229773634463983,0.008082451722578293,0.36352333470848214,0.028971294934745897
group_3963,-33.102665637142856,10.950351807928717,-3.0229773634463983,0.008082451722578293,0.36352333470848214,0.028971294934745897
group_3962,-33.102665637142856,10.950351807928717,-3.0229773634463983,0.008082451722578293,0.36352333470848214,0.028971294934745897
ssb_1,-33.102665637142856,10.950351807928717,-3.0229773634463983,0.008082451722578293,0.36352333470848214,0.028971294934745897
group_3961,-33.102665637142856,10.950351807928717,-3.0229773634463983,0.008082451722578293,0.36352333470848214,0.028971294934745897
group_3960,-33.102665637142856,10.950351807928717,-3.0229773634463983,0.008082451722578293,0.36352333470848214,0.028971294934745897
group_3959,-33.102665637142856,10.950351807928717,-3.0229773634463983,0.008082451722578293,0.36352333470848214,0.028971294934745897
group_3958,-33.102665637142856,10.950351807928717,-3.0229773634463983,0.008082451722578293,0.36352333470848214,0.028971294934745897
group_3957,-33.102665637142856,10.950351807928717,-3.0229773634463983,0.008082451722578293,0.36352333470848214,0.028971294934745897
group_3956,-33.102665637142856,10.950351807928717,-3.0229773634463983,0.008082451722578293,0.36352333470848214,0.028971294934745897
group_3955,-33.102665637142856,10.950351807928717,-3.0229773634463983,0.008082451722578293,0.36352333470848214,0.028971294934745897
group_3954,-33.102665637142856,10.950351807928717,-3.0229773634463983,0.008082451722578293,0.36352333470848214,0.028971294934745897
group_3953,-33.102665637142856,10.950351807928717,-3.0229773634463983,0.008082451722578293,0.36352333470848214,0.028971294934745897
group_3952,-33.102665637142856,10.950351807928717,-3.0229773634463983,0.008082451722578293,0.36352333470848214,0.028971294934745897
group_3951,-33.102665637142856,10.950351807928717,-3.0229773634463983,0.008082451722578293,0.36352333470848214,0.028971294934745897
group_3950,-33.102665637142856,10.950351807928717,-3.0229773634463983,0.008082451722578293,0.36352333470848214,0.028971294934745897
group_3949,-33.102665637142856,10.950351807928717,-3.0229773634463983,0.008082451722578293,0.36352333470848214,0.028971294934745897
cobS_2,-33.102665637142856,10.950351807928717,-3.0229773634463983,0.008082451722578293,0.36352333470848214,0.028971294934745897
group_3948,-33.102665637142856,10.950351807928717,-3.0229773634463983,0.008082451722578293,0.36352333470848214,0.028971294934745897
group_3947,-33.102665637142856,10.950351807928717,-3.0229773634463983,0.008082451722578293,0.36352333470848214,0.028971294934745897
group_3946,-33.102665637142856,10.950351807928717,-3.0229773634463983,0.008082451722578293,0.36352333470848214,0.028971294934745897
group_3945,-33.102665637142856,10.950351807928717,-3.0229773634463983,0.008082451722578293,0.36352333470848214,0.028971294934745897
group_3944,-33.102665637142856,10.950351807928717,-3.0229773634463983,0.008082451722578293,0.36352333470848214,0.028971294934745897
group_3943,-33.102665637142856,10.950351807928717,-3.0229773634463983,0.008082451722578293,0.36352333470848214,0.028971294934745897
group_3942,-33.102665637142856,10.950351807928717,-3.0229773634463983,0.008082451722578293,0.36352333470848214,0.028971294934745897
group_3941,-33.102665637142856,10.950351807928717,-3.0229773634463983,0.008082451722578293,0.36352333470848214,0.028971294934745897
cusS_2,-33.102665637142856,10.950351807928717,-3.0229773634463983,0.008082451722578293,0.36352333470848214,0.028971294934745897
group_3932,-33.102665637142856,10.950351807928717,-3.0229773634463983,0.008082451722578293,0.36352333470848214,0.028971294934745897
group_3927,-33.102665637142856,10.950351807928717,-3.0229773634463983,0.008082451722578293,0.36352333470848214,0.028971294934745897
group_3923,-33.102665637142856,10.950351807928717,-3.0229773634463983,0.008082451722578293,0.36352333470848214,0.028971294934745897
copR_3,-33.102665637142856,10.950351807928717,-3.0229773634463983,0.008082451722578293,0.36352333470848214,0.028971294934745897
mdtH,-33.102665637142856,10.950351807928717,-3.0229773634463983,0.008082451722578293,0.36352333470848214,0.028971294934745897
group_3917,-33.102665637142856,10.950351807928717,-3.0229773634463983,0.008082451722578293,0.36352333470848214,0.028971294934745897
group_3911,-33.102665637142856,10.950351807928717,-3.0229773634463983,0.008082451722578293,0.36352333470848214,0.028971294934745897
group_3899,-33.102665637142856,10.950351807928717,-3.0229773634463983,0.008082451722578293,0.36352333470848214,0.028971294934745897
group_3892,-33.102665637142856,10.950351807928717,-3.0229773634463983,0.008082451722578293,0.36352333470848214,0.028971294934745897
group_3888,-33.102665637142856,10.950351807928717,-3.0229773634463983,0.008082451722578293,0.36352333470848214,0.028971294934745897
group_3658,-33.102665637142856,10.950351807928717,-3.0229773634463983,0.008082451722578293,0.36352333470848214,0.028971294934745897
group_3118,-33.102665637142856,10.950351807928717,-3.0229773634463983,0.008082451722578293,0.36352333470848214,0.028971294934745897
group_3031,-33.102665637142856,10.950351807928717,-3.0229773634463983,0.008082451722578293,0.36352333470848214,0.028971294934745897
copR_1,-33.102665637142856,10.950351807928717,-3.0229773634463983,0.008082451722578293,0.36352333470848214,0.028971294934745897
group_2890,-33.102665637142856,10.950351807928717,-3.0229773634463983,0.008082451722578293,0.36352333470848214,0.028971294934745897
group_2880,-33.102665637142856,10.950351807928717,-3.0229773634463983,0.008082451722578293,0.36352333470848214,0.028971294934745897
group_2873,-33.102665637142856,10.950351807928717,-3.0229773634463983,0.008082451722578293,0.36352333470848214,0.028971294934745897
group_2864,-33.102665637142856,10.950351807928717,-3.0229773634463983,0.008082451722578293,0.36352333470848214,0.028971294934745897
group_2858,-33.102665637142856,10.950351807928717,-3.0229773634463983,0.008082451722578293,0.36352333470848214,0.028971294934745897
group_2857,-33.102665637142856,10.950351807928717,-3.0229773634463983,0.008082451722578293,0.36352333470848214,0.028971294934745897
group_2853,-33.102665637142856,10.950351807928717,-3.0229773634463983,0.008082451722578293,0.36352333470848214,0.028971294934745897
group_2850,-33.102665637142856,10.950351807928717,-3.0229773634463983,0.008082451722578293,0.36352333470848214,0.028971294934745897
group_2849,-33.102665637142856,10.950351807928717,-3.0229773634463983,0.008082451722578293,0.36352333470848214,0.028971294934745897
group_2844,-33.102665637142856,10.950351807928717,-3.0229773634463983,0.008082451722578293,0.36352333470848214,0.028971294934745897
group_2834,-33.102665637142856,10.950351807928717,-3.0229773634463983,0.008082451722578293,0.36352333470848214,0.028971294934745897
group_2830,-33.102665637142856,10.950351807928717,-3.0229773634463983,0.008082451722578293,0.36352333470848214,0.028971294934745897
group_2825,-33.102665637142856,10.950351807928717,-3.0229773634463983,0.008082451722578293,0.36352333470848214,0.028971294934745897
group_2823,-33.102665637142856,10.950351807928717,-3.0229773634463983,0.008082451722578293,0.36352333470848214,0.028971294934745897
group_2815,-33.102665637142856,10.950351807928717,-3.0229773634463983,0.008082451722578293,0.36352333470848214,0.028971294934745897
group_2809,-33.102665637142856,10.950351807928717,-3.0229773634463983,0.008082451722578293,0.36352333470848214,0.028971294934745897
group_2795,-33.102665637142856,10.950351807928717,-3.0229773634463983,0.008082451722578293,0.36352333470848214,0.028971294934745897
group_2756,-33.102665637142856,10.950351807928717,-3.0229773634463983,0.008082451722578293,0.36352333470848214,0.028971294934745897
group_2755,-33.102665637142856,10.950351807928717,-3.0229773634463983,0.008082451722578293,0.36352333470848214,0.028971294934745897
group_2754,-33.102665637142856,10.950351807928717,-3.0229773634463983,0.008082451722578293,0.36352333470848214,0.028971294934745897
group_2744,-33.102665637142856,10.950351807928717,-3.0229773634463983,0.008082451722578293,0.36352333470848214,0.028971294934745897
group_2743,-33.102665637142856,10.950351807928717,-3.0229773634463983,0.008082451722578293,0.36352333470848214,0.028971294934745897
group_2742,-33.102665637142856,10.950351807928717,-3.0229773634463983,0.008082451722578293,0.36352333470848214,0.028971294934745897
group_2733,-33.102665637142856,10.950351807928717,-3.0229773634463983,0.008082451722578293,0.36352333470848214,0.028971294934745897
group_2732,-33.102665637142856,10.950351807928717,-3.0229773634463983,0.008082451722578293,0.36352333470848214,0.028971294934745897
group_2727,-33.102665637142856,10.950351807928717,-3.0229773634463983,0.008082451722578293,0.36352333470848214,0.028971294934745897
group_2709,-33.102665637142856,10.950351807928717,-3.0229773634463983,0.008082451722578293,0.36352333470848214,0.028971294934745897
group_2708,-33.102665637142856,10.950351807928717,-3.0229773634463983,0.008082451722578293,0.36352333470848214,0.028971294934745897
group_2692,-33.102665637142856,10.950351807928717,-3.0229773634463983,0.008082451722578293,0.36352333470848214,0.028971294934745897
group_2688,-33.102665637142856,10.950351807928717,-3.0229773634463983,0.008082451722578293,0.36352333470848214,0.028971294934745897
group_2687,-33.102665637142856,10.950351807928717,-3.0229773634463983,0.008082451722578293,0.36352333470848214,0.028971294934745897
group_2686,-33.102665637142856,10.950351807928717,-3.0229773634463983,0.008082451722578293,0.36352333470848214,0.028971294934745897
group_2685,-33.102665637142856,10.950351807928717,-3.0229773634463983,0.008082451722578293,0.36352333470848214,0.028971294934745897
group_2684,-33.102665637142856,10.950351807928717,-3.0229773634463983,0.008082451722578293,0.36352333470848214,0.028971294934745897
group_2677,-33.102665637142856,10.950351807928717,-3.0229773634463983,0.008082451722578293,0.36352333470848214,0.028971294934745897
group_2676,-33.102665637142856,10.950351807928717,-3.0229773634463983,0.008082451722578293,0.36352333470848214,0.028971294934745897
group_2675,-33.102665637142856,10.950351807928717,-3.0229773634463983,0.008082451722578293,0.36352333470848214,0.028971294934745897
group_2654,-33.102665637142856,10.950351807928717,-3.0229773634463983,0.008082451722578293,0.36352333470848214,0.028971294934745897
group_2641,-33.102665637142856,10.950351807928717,-3.0229773634463983,0.008082451722578293,0.36352333470848214,0.028971294934745897
group_2640,-33.102665637142856,10.950351807928717,-3.0229773634463983,0.008082451722578293,0.36352333470848214,0.028971294934745897
group_2630,-33.102665637142856,10.950351807928717,-3.0229773634463983,0.008082451722578293,0.36352333470848214,0.028971294934745897
group_2629,-33.102665637142856,10.950351807928717,-3.0229773634463983,0.008082451722578293,0.36352333470848214,0.028971294934745897
group_2618,-33.102665637142856,10.950351807928717,-3.0229773634463983,0.008082451722578293,0.36352333470848214,0.028971294934745897
group_2617,-33.102665637142856,10.950351807928717,-3.0229773634463983,0.008082451722578293,0.36352333470848214,0.028971294934745897
group_2616,-33.102665637142856,10.950351807928717,-3.0229773634463983,0.008082451722578293,0.36352333470848214,0.028971294934745897
group_2615,-33.102665637142856,10.950351807928717,-3.0229773634463983,0.008082451722578293,0.36352333470848214,0.028971294934745897
group_2607,-33.102665637142856,10.950351807928717,-3.0229773634463983,0.008082451722578293,0.36352333470848214,0.028971294934745897
group_2606,-33.102665637142856,10.950351807928717,-3.0229773634463983,0.008082451722578293,0.36352333470848214,0.028971294934745897
group_2595,-33.102665637142856,10.950351807928717,-3.0229773634463983,0.008082451722578293,0.36352333470848214,0.028971294934745897
group_2594,-33.102665637142856,10.950351807928717,-3.0229773634463983,0.008082451722578293,0.36352333470848214,0.028971294934745897
group_2580,-33.102665637142856,10.950351807928717,-3.0229773634463983,0.008082451722578293,0.36352333470848214,0.028971294934745897
group_2579,-33.102665637142856,10.950351807928717,-3.0229773634463983,0.008082451722578293,0.36352333470848214,0.028971294934745897
relB,-33.102665637142856,10.950351807928717,-3.0229773634463983,0.008082451722578293,0.36352333470848214,0.028971294934745897
group_2570,-33.102665637142856,10.950351807928717,-3.0229773634463983,0.008082451722578293,0.36352333470848214,0.028971294934745897
group_2569,-33.102665637142856,10.950351807928717,-3.0229773634463983,0.008082451722578293,0.36352333470848214,0.028971294934745897
group_2568,-33.102665637142856,10.950351807928717,-3.0229773634463983,0.008082451722578293,0.36352333470848214,0.028971294934745897
group_2567,-33.102665637142856,10.950351807928717,-3.0229773634463983,0.008082451722578293,0.36352333470848214,0.028971294934745897
group_2555,-33.102665637142856,10.950351807928717,-3.0229773634463983,0.008082451722578293,0.36352333470848214,0.028971294934745897
group_2554,-33.102665637142856,10.950351807928717,-3.0229773634463983,0.008082451722578293,0.36352333470848214,0.028971294934745897
group_2553,-33.102665637142856,10.950351807928717,-3.0229773634463983,0.008082451722578293,0.36352333470848214,0.028971294934745897
group_2552,-33.102665637142856,10.950351807928717,-3.0229773634463983,0.008082451722578293,0.36352333470848214,0.028971294934745897
group_2546,-33.102665637142856,10.950351807928717,-3.0229773634463983,0.008082451722578293,0.36352333470848214,0.028971294934745897
group_2531,-33.102665637142856,10.950351807928717,-3.0229773634463983,0.008082451722578293,0.36352333470848214,0.028971294934745897
group_2530,-33.102665637142856,10.950351807928717,-3.0229773634463983,0.008082451722578293,0.36352333470848214,0.028971294934745897
group_2529,-33.102665637142856,10.950351807928717,-3.0229773634463983,0.008082451722578293,0.36352333470848214,0.028971294934745897
group_2513,-33.102665637142856,10.950351807928717,-3.0229773634463983,0.008082451722578293,0.36352333470848214,0.028971294934745897
group_2512,-33.102665637142856,10.950351807928717,-3.0229773634463983,0.008082451722578293,0.36352333470848214,0.028971294934745897
group_2511,-33.102665637142856,10.950351807928717,-3.0229773634463983,0.008082451722578293,0.36352333470848214,0.028971294934745897
group_2502,-33.102665637142856,10.950351807928717,-3.0229773634463983,0.008082451722578293,0.36352333470848214,0.028971294934745897
group_2501,-33.102665637142856,10.950351807928717,-3.0229773634463983,0.008082451722578293,0.36352333470848214,0.028971294934745897
group_2500,-33.102665637142856,10.950351807928717,-3.0229773634463983,0.008082451722578293,0.36352333470848214,0.028971294934745897
group_2488,-33.102665637142856,10.950351807928717,-3.0229773634463983,0.008082451722578293,0.36352333470848214,0.028971294934745897
group_2487,-33.102665637142856,10.950351807928717,-3.0229773634463983,0.008082451722578293,0.36352333470848214,0.028971294934745897
group_2486,-33.102665637142856,10.950351807928717,-3.0229773634463983,0.008082451722578293,0.36352333470848214,0.028971294934745897
group_2471,-33.102665637142856,10.950351807928717,-3.0229773634463983,0.008082451722578293,0.36352333470848214,0.028971294934745897
group_2470,-33.102665637142856,10.950351807928717,-3.0229773634463983,0.008082451722578293,0.36352333470848214,0.028971294934745897
group_2461,-33.102665637142856,10.950351807928717,-3.0229773634463983,0.008082451722578293,0.36352333470848214,0.028971294934745897
group_2460,-33.102665637142856,10.950351807928717,-3.0229773634463983,0.008082451722578293,0.36352333470848214,0.028971294934745897
group_2459,-33.102665637142856,10.950351807928717,-3.0229773634463983,0.008082451722578293,0.36352333470848214,0.028971294934745897
group_2458,-33.102665637142856,10.950351807928717,-3.0229773634463983,0.008082451722578293,0.36352333470848214,0.028971294934745897
group_2457,-33.102665637142856,10.950351807928717,-3.0229773634463983,0.008082451722578293,0.36352333470848214,0.028971294934745897
group_2456,-33.102665637142856,10.950351807928717,-3.0229773634463983,0.008082451722578293,0.36352333470848214,0.028971294934745897
group_2449,-33.102665637142856,10.950351807928717,-3.0229773634463983,0.008082451722578293,0.36352333470848214,0.028971294934745897
group_2448,-33.102665637142856,10.950351807928717,-3.0229773634463983,0.008082451722578293,0.36352333470848214,0.028971294934745897
group_2447,-33.102665637142856,10.950351807928717,-3.0229773634463983,0.008082451722578293,0.36352333470848214,0.028971294934745897
group_2433,-33.102665637142856,10.950351807928717,-3.0229773634463983,0.008082451722578293,0.36352333470848214,0.028971294934745897
group_2423,-33.102665637142856,10.950351807928717,-3.0229773634463983,0.008082451722578293,0.36352333470848214,0.028971294934745897
group_2411,-33.102665637142856,10.950351807928717,-3.0229773634463983,0.008082451722578293,0.36352333470848214,0.028971294934745897
group_2410,-33.102665637142856,10.950351807928717,-3.0229773634463983,0.008082451722578293,0.36352333470848214,0.028971294934745897
group_2402,-33.102665637142856,10.950351807928717,-3.0229773634463983,0.008082451722578293,0.36352333470848214,0.028971294934745897
group_2401,-33.102665637142856,10.950351807928717,-3.0229773634463983,0.008082451722578293,0.36352333470848214,0.028971294934745897
group_2394,-33.102665637142856,10.950351807928717,-3.0229773634463983,0.008082451722578293,0.36352333470848214,0.028971294934745897
group_2381,-33.102665637142856,10.950351807928717,-3.0229773634463983,0.008082451722578293,0.36352333470848214,0.028971294934745897
relE,-33.102665637142856,10.950351807928717,-3.0229773634463983,0.008082451722578293,0.36352333470848214,0.028971294934745897
group_2373,-33.102665637142856,10.950351807928717,-3.0229773634463983,0.008082451722578293,0.36352333470848214,0.028971294934745897
group_2372,-33.102665637142856,10.950351807928717,-3.0229773634463983,0.008082451722578293,0.36352333470848214,0.028971294934745897
group_2359,-33.102665637142856,10.950351807928717,-3.0229773634463983,0.008082451722578293,0.36352333470848214,0.028971294934745897
group_2358,-33.102665637142856,10.950351807928717,-3.0229773634463983,0.008082451722578293,0.36352333470848214,0.028971294934745897
group_2352,-33.102665637142856,10.950351807928717,-3.0229773634463983,0.008082451722578293,0.36352333470848214,0.028971294934745897
group_2351,-33.102665637142856,10.950351807928717,-3.0229773634463983,0.008082451722578293,0.36352333470848214,0.028971294934745897
group_2343,-33.102665637142856,10.950351807928717,-3.0229773634463983,0.008082451722578293,0.36352333470848214,0.028971294934745897
group_2342,-33.102665637142856,10.950351807928717,-3.0229773634463983,0.008082451722578293,0.36352333470848214,0.028971294934745897
group_2341,-33.102665637142856,10.950351807928717,-3.0229773634463983,0.008082451722578293,0.36352333470848214,0.028971294934745897
group_2335,-33.102665637142856,10.950351807928717,-3.0229773634463983,0.008082451722578293,0.36352333470848214,0.028971294934745897
group_2312,-33.102665637142856,10.950351807928717,-3.0229773634463983,0.008082451722578293,0.36352333470848214,0.028971294934745897
group_2296,-33.102665637142856,10.950351807928717,-3.0229773634463983,0.008082451722578293,0.36352333470848214,0.028971294934745897
group_2273,-33.102665637142856,10.950351807928717,-3.0229773634463983,0.008082451722578293,0.36352333470848214,0.028971294934745897
group_2272,-33.102665637142856,10.950351807928717,-3.0229773634463983,0.008082451722578293,0.36352333470848214,0.028971294934745897
group_2264,-33.102665637142856,10.950351807928717,-3.0229773634463983,0.008082451722578293,0.36352333470848214,0.028971294934745897
group_2254,-33.102665637142856,10.950351807928717,-3.0229773634463983,0.008082451722578293,0.36352333470848214,0.028971294934745897
group_2253,-33.102665637142856,10.950351807928717,-3.0229773634463983,0.008082451722578293,0.36352333470848214,0.028971294934745897
group_2242,-33.102665637142856,10.950351807928717,-3.0229773634463983,0.008082451722578293,0.36352333470848214,0.028971294934745897
group_2228,-33.102665637142856,10.950351807928717,-3.0229773634463983,0.008082451722578293,0.36352333470848214,0.028971294934745897
group_2226,-33.102665637142856,10.950351807928717,-3.0229773634463983,0.008082451722578293,0.36352333470848214,0.028971294934745897
group_2225,-33.102665637142856,10.950351807928717,-3.0229773634463983,0.008082451722578293,0.36352333470848214,0.028971294934745897
group_2212,-33.102665637142856,10.950351807928717,-3.0229773634463983,0.008082451722578293,0.36352333470848214,0.028971294934745897
group_2211,-33.102665637142856,10.950351807928717,-3.0229773634463983,0.008082451722578293,0.36352333470848214,0.028971294934745897
group_2156,-33.102665637142856,10.950351807928717,-3.0229773634463983,0.008082451722578293,0.36352333470848214,0.028971294934745897
group_2151,-33.102665637142856,10.950351807928717,-3.0229773634463983,0.008082451722578293,0.36352333470848214,0.028971294934745897
group_2142,-33.102665637142856,10.950351807928717,-3.0229773634463983,0.008082451722578293,0.36352333470848214,0.028971294934745897
spo0F,-33.102665637142856,10.950351807928717,-3.0229773634463983,0.008082451722578293,0.36352333470848214,0.028971294934745897
group_2123,-33.102665637142856,10.950351807928717,-3.0229773634463983,0.008082451722578293,0.36352333470848214,0.028971294934745897
group_2122,-33.102665637142856,10.950351807928717,-3.0229773634463983,0.008082451722578293,0.36352333470848214,0.028971294934745897
group_2106,-33.102665637142856,10.950351807928717,-3.0229773634463983,0.008082451722578293,0.36352333470848214,0.028971294934745897
group_2105,-33.102665637142856,10.950351807928717,-3.0229773634463983,0.008082451722578293,0.36352333470848214,0.028971294934745897
group_2094,-33.102665637142856,10.950351807928717,-3.0229773634463983,0.008082451722578293,0.36352333470848214,0.028971294934745897
group_2085,-33.102665637142856,10.950351807928717,-3.0229773634463983,0.008082451722578293,0.36352333470848214,0.028971294934745897
group_2059,-33.102665637142856,10.950351807928717,-3.0229773634463983,0.008082451722578293,0.36352333470848214,0.028971294934745897
group_2048,-33.102665637142856,10.950351807928717,-3.0229773634463983,0.008082451722578293,0.36352333470848214,0.028971294934745897
group_2047,-33.102665637142856,10.950351807928717,-3.0229773634463983,0.008082451722578293,0.36352333470848214,0.028971294934745897
group_2018,-33.102665637142856,10.950351807928717,-3.0229773634463983,0.008082451722578293,0.36352333470848214,0.028971294934745897
group_2006,-33.102665637142856,10.950351807928717,-3.0229773634463983,0.008082451722578293,0.36352333470848214,0.028971294934745897
group_2001,-33.102665637142856,10.950351807928717,-3.0229773634463983,0.008082451722578293,0.36352333470848214,0.028971294934745897
group_1991,-33.102665637142856,10.950351807928717,-3.0229773634463983,0.008082451722578293,0.36352333470848214,0.028971294934745897
group_1990,-33.102665637142856,10.950351807928717,-3.0229773634463983,0.008082451722578293,0.36352333470848214,0.028971294934745897
group_1948,-33.102665637142856,10.950351807928717,-3.0229773634463983,0.008082451722578293,0.36352333470848214,0.028971294934745897
group_1947,-33.102665637142856,10.950351807928717,-3.0229773634463983,0.008082451722578293,0.36352333470848214,0.028971294934745897
group_1937,-33.102665637142856,10.950351807928717,-3.0229773634463983,0.008082451722578293,0.36352333470848214,0.028971294934745897
group_1929,-33.102665637142856,10.950351807928717,-3.0229773634463983,0.008082451722578293,0.36352333470848214,0.028971294934745897
group_1918,-33.102665637142856,10.950351807928717,-3.0229773634463983,0.008082451722578293,0.36352333470848214,0.028971294934745897
group_1917,-33.102665637142856,10.950351807928717,-3.0229773634463983,0.008082451722578293,0.36352333470848214,0.028971294934745897
group_1893,-33.102665637142856,10.950351807928717,-3.0229773634463983,0.008082451722578293,0.36352333470848214,0.028971294934745897
group_1886,-33.102665637142856,10.950351807928717,-3.0229773634463983,0.008082451722578293,0.36352333470848214,0.028971294934745897
group_1872,-33.102665637142856,10.950351807928717,-3.0229773634463983,0.008082451722578293,0.36352333470848214,0.028971294934745897
group_1865,-33.102665637142856,10.950351807928717,-3.0229773634463983,0.008082451722578293,0.36352333470848214,0.028971294934745897
group_1856,-33.102665637142856,10.950351807928717,-3.0229773634463983,0.008082451722578293,0.36352333470848214,0.028971294934745897
group_1844,-33.102665637142856,10.950351807928717,-3.0229773634463983,0.008082451722578293,0.36352333470848214,0.028971294934745897
group_1840,-33.102665637142856,10.950351807928717,-3.0229773634463983,0.008082451722578293,0.36352333470848214,0.028971294934745897
yciE,-33.102665637142856,10.950351807928717,-3.0229773634463983,0.008082451722578293,0.36352333470848214,0.028971294934745897
rrrD,-33.102665637142856,10.950351807928717,-3.0229773634463983,0.008082451722578293,0.36352333470848214,0.028971294934745897
group_1809,-33.102665637142856,10.950351807928717,-3.0229773634463983,0.008082451722578293,0.36352333470848214,0.028971294934745897
group_1796,-33.102665637142856,10.950351807928717,-3.0229773634463983,0.008082451722578293,0.36352333470848214,0.028971294934745897
group_1795,-33.102665637142856,10.950351807928717,-3.0229773634463983,0.008082451722578293,0.36352333470848214,0.028971294934745897
group_1782,-33.102665637142856,10.950351807928717,-3.0229773634463983,0.008082451722578293,0.36352333470848214,0.028971294934745897
group_1772,-33.102665637142856,10.950351807928717,-3.0229773634463983,0.008082451722578293,0.36352333470848214,0.028971294934745897
group_1750,-33.102665637142856,10.950351807928717,-3.0229773634463983,0.008082451722578293,0.36352333470848214,0.028971294934745897
group_1739,-33.102665637142856,10.950351807928717,-3.0229773634463983,0.008082451722578293,0.36352333470848214,0.028971294934745897
group_1730,-33.102665637142856,10.950351807928717,-3.0229773634463983,0.008082451722578293,0.36352333470848214,0.028971294934745897
group_1720,-33.102665637142856,10.950351807928717,-3.0229773634463983,0.008082451722578293,0.36352333470848214,0.028971294934745897
yciF,-33.102665637142856,10.950351807928717,-3.0229773634463983,0.008082451722578293,0.36352333470848214,0.028971294934745897
pncC_2,-33.102665637142856,10.950351807928717,-3.0229773634463983,0.008082451722578293,0.36352333470848214,0.028971294934745897
group_1671,-33.102665637142856,10.950351807928717,-3.0229773634463983,0.008082451722578293,0.36352333470848214,0.028971294934745897
group_1662,-33.102665637142856,10.950351807928717,-3.0229773634463983,0.008082451722578293,0.36352333470848214,0.028971294934745897
group_1661,-33.102665637142856,10.950351807928717,-3.0229773634463983,0.008082451722578293,0.36352333470848214,0.028971294934745897
group_1637,-33.102665637142856,10.950351807928717,-3.0229773634463983,0.008082451722578293,0.36352333470848214,0.028971294934745897
group_1636,-33.102665637142856,10.950351807928717,-3.0229773634463983,0.008082451722578293,0.36352333470848214,0.028971294934745897
group_1606,-33.102665637142856,10.950351807928717,-3.0229773634463983,0.008082451722578293,0.36352333470848214,0.028971294934745897
group_1605,-33.102665637142856,10.950351807928717,-3.0229773634463983,0.008082451722578293,0.36352333470848214,0.028971294934745897
group_1599,-33.102665637142856,10.950351807928717,-3.0229773634463983,0.008082451722578293,0.36352333470848214,0.028971294934745897
group_1592,-33.102665637142856,10.950351807928717,-3.0229773634463983,0.008082451722578293,0.36352333470848214,0.028971294934745897
group_1567,-33.102665637142856,10.950351807928717,-3.0229773634463983,0.008082451722578293,0.36352333470848214,0.028971294934745897
group_1546,-33.102665637142856,10.950351807928717,-3.0229773634463983,0.008082451722578293,0.36352333470848214,0.028971294934745897
group_1545,-33.102665637142856,10.950351807928717,-3.0229773634463983,0.008082451722578293,0.36352333470848214,0.028971294934745897
group_1531,-33.102665637142856,10.950351807928717,-3.0229773634463983,0.008082451722578293,0.36352333470848214,0.028971294934745897
group_1521,-33.102665637142856,10.950351807928717,-3.0229773634463983,0.008082451722578293,0.36352333470848214,0.028971294934745897
group_1517,-33.102665637142856,10.950351807928717,-3.0229773634463983,0.008082451722578293,0.36352333470848214,0.028971294934745897
group_1499,-33.102665637142856,10.950351807928717,-3.0229773634463983,0.008082451722578293,0.36352333470848214,0.028971294934745897
group_1489,-33.102665637142856,10.950351807928717,-3.0229773634463983,0.008082451722578293,0.36352333470848214,0.028971294934745897
group_1488,-33.102665637142856,10.950351807928717,-3.0229773634463983,0.008082451722578293,0.36352333470848214,0.028971294934745897
group_1453,-33.102665637142856,10.950351807928717,-3.0229773634463983,0.008082451722578293,0.36352333470848214,0.028971294934745897
group_1452,-33.102665637142856,10.950351807928717,-3.0229773634463983,0.008082451722578293,0.36352333470848214,0.028971294934745897
group_1448,-33.102665637142856,10.950351807928717,-3.0229773634463983,0.008082451722578293,0.36352333470848214,0.028971294934745897
group_1432,-33.102665637142856,10.950351807928717,-3.0229773634463983,0.008082451722578293,0.36352333470848214,0.028971294934745897
group_1419,-33.102665637142856,10.950351807928717,-3.0229773634463983,0.008082451722578293,0.36352333470848214,0.028971294934745897
group_1395,-33.102665637142856,10.950351807928717,-3.0229773634463983,0.008082451722578293,0.36352333470848214,0.028971294934745897
group_1390,-33.102665637142856,10.950351807928717,-3.0229773634463983,0.008082451722578293,0.36352333470848214,0.028971294934745897
group_1378,-33.102665637142856,10.950351807928717,-3.0229773634463983,0.008082451722578293,0.36352333470848214,0.028971294934745897
group_1349,-33.102665637142856,10.950351807928717,-3.0229773634463983,0.008082451722578293,0.36352333470848214,0.028971294934745897
group_1342,-33.102665637142856,10.950351807928717,-3.0229773634463983,0.008082451722578293,0.36352333470848214,0.028971294934745897
cpnA,-33.102665637142856,10.950351807928717,-3.0229773634463983,0.008082451722578293,0.36352333470848214,0.028971294934745897
group_1310,-33.102665637142856,10.950351807928717,-3.0229773634463983,0.008082451722578293,0.36352333470848214,0.028971294934745897
gph_2,-33.102665637142856,10.950351807928717,-3.0229773634463983,0.008082451722578293,0.36352333470848214,0.028971294934745897
group_1296,-33.102665637142856,10.950351807928717,-3.0229773634463983,0.008082451722578293,0.36352333470848214,0.028971294934745897
group_1289,-33.102665637142856,10.950351807928717,-3.0229773634463983,0.008082451722578293,0.36352333470848214,0.028971294934745897
rcsB_4,-33.102665637142856,10.950351807928717,-3.0229773634463983,0.008082451722578293,0.36352333470848214,0.028971294934745897
group_1265,-33.102665637142856,10.950351807928717,-3.0229773634463983,0.008082451722578293,0.36352333470848214,0.028971294934745897
czcR_2,-33.102665637142856,10.950351807928717,-3.0229773634463983,0.008082451722578293,0.36352333470848214,0.028971294934745897
group_1264,-33.102665637142856,10.950351807928717,-3.0229773634463983,0.008082451722578293,0.36352333470848214,0.028971294934745897
group_1249,-33.102665637142856,10.950351807928717,-3.0229773634463983,0.008082451722578293,0.36352333470848214,0.028971294934745897
group_1240,-33.102665637142856,10.950351807928717,-3.0229773634463983,0.008082451722578293,0.36352333470848214,0.028971294934745897
group_1237,-33.102665637142856,10.950351807928717,-3.0229773634463983,0.008082451722578293,0.36352333470848214,0.028971294934745897
group_1236,-33.102665637142856,10.950351807928717,-3.0229773634463983,0.008082451722578293,0.36352333470848214,0.028971294934745897
group_1224,-33.102665637142856,10.950351807928717,-3.0229773634463983,0.008082451722578293,0.36352333470848214,0.028971294934745897
group_1223,-33.102665637142856,10.950351807928717,-3.0229773634463983,0.008082451722578293,0.36352333470848214,0.028971294934745897
group_1204,-33.102665637142856,10.950351807928717,-3.0229773634463983,0.008082451722578293,0.36352333470848214,0.028971294934745897
group_1180,-33.102665637142856,10.950351807928717,-3.0229773634463983,0.008082451722578293,0.36352333470848214,0.028971294934745897
mngR,-33.102665637142856,10.950351807928717,-3.0229773634463983,0.008082451722578293,0.36352333470848214,0.028971294934745897
group_1163,-33.102665637142856,10.950351807928717,-3.0229773634463983,0.008082451722578293,0.36352333470848214,0.028971294934745897
group_1106,-33.102665637142856,10.950351807928717,-3.0229773634463983,0.008082451722578293,0.36352333470848214,0.028971294934745897
group_1100,-33.102665637142856,10.950351807928717,-3.0229773634463983,0.008082451722578293,0.36352333470848214,0.028971294934745897
fabG_5,-33.102665637142856,10.950351807928717,-3.0229773634463983,0.008082451722578293,0.36352333470848214,0.028971294934745897
group_1094,-33.102665637142856,10.950351807928717,-3.0229773634463983,0.008082451722578293,0.36352333470848214,0.028971294934745897
group_1073,-33.102665637142856,10.950351807928717,-3.0229773634463983,0.008082451722578293,0.36352333470848214,0.028971294934745897
group_1050,-33.102665637142856,10.950351807928717,-3.0229773634463983,0.008082451722578293,0.36352333470848214,0.028971294934745897
dnaC_1,-33.102665637142856,10.950351807928717,-3.0229773634463983,0.008082451722578293,0.36352333470848214,0.028971294934745897
group_1038,-33.102665637142856,10.950351807928717,-3.0229773634463983,0.008082451722578293,0.36352333470848214,0.028971294934745897
group_1020,-33.102665637142856,10.950351807928717,-3.0229773634463983,0.008082451722578293,0.36352333470848214,0.028971294934745897
group_1019,-33.102665637142856,10.950351807928717,-3.0229773634463983,0.008082451722578293,0.36352333470848214,0.028971294934745897
group_1011,-33.102665637142856,10.950351807928717,-3.0229773634463983,0.008082451722578293,0.36352333470848214,0.028971294934745897
group_1002,-33.102665637142856,10.950351807928717,-3.0229773634463983,0.008082451722578293,0.36352333470848214,0.028971294934745897
group_984,-33.102665637142856,10.950351807928717,-3.0229773634463983,0.008082451722578293,0.36352333470848214,0.028971294934745897
group_983,-33.102665637142856,10.950351807928717,-3.0229773634463983,0.008082451722578293,0.36352333470848214,0.028971294934745897
pmdD,-33.102665637142856,10.950351807928717,-3.0229773634463983,0.008082451722578293,0.36352333470848214,0.028971294934745897
group_965,-33.102665637142856,10.950351807928717,-3.0229773634463983,0.008082451722578293,0.36352333470848214,0.028971294934745897
group_952,-33.102665637142856,10.950351807928717,-3.0229773634463983,0.008082451722578293,0.36352333470848214,0.028971294934745897
rutD_2,-33.102665637142856,10.950351807928717,-3.0229773634463983,0.008082451722578293,0.36352333470848214,0.028971294934745897
sppA,-33.102665637142856,10.950351807928717,-3.0229773634463983,0.008082451722578293,0.36352333470848214,0.028971294934745897
ydbD,-33.102665637142856,10.950351807928717,-3.0229773634463983,0.008082451722578293,0.36352333470848214,0.028971294934745897
traC_2,-33.102665637142856,10.950351807928717,-3.0229773634463983,0.008082451722578293,0.36352333470848214,0.028971294934745897
group_915,-33.102665637142856,10.950351807928717,-3.0229773634463983,0.008082451722578293,0.36352333470848214,0.028971294934745897
group_888,-33.102665637142856,10.950351807928717,-3.0229773634463983,0.008082451722578293,0.36352333470848214,0.028971294934745897
ompA_3,-33.102665637142856,10.950351807928717,-3.0229773634463983,0.008082451722578293,0.36352333470848214,0.028971294934745897
mrr,-33.102665637142856,10.950351807928717,-3.0229773634463983,0.008082451722578293,0.36352333470848214,0.028971294934745897
zupT_2,-33.102665637142856,10.950351807928717,-3.0229773634463983,0.008082451722578293,0.36352333470848214,0.028971294934745897
group_821,-33.102665637142856,10.950351807928717,-3.0229773634463983,0.008082451722578293,0.36352333470848214,0.028971294934745897
group_814,-33.102665637142856,10.950351807928717,-3.0229773634463983,0.008082451722578293,0.36352333470848214,0.028971294934745897
group_768,-33.102665637142856,10.950351807928717,-3.0229773634463983,0.008082451722578293,0.36352333470848214,0.028971294934745897
group_763,-33.102665637142856,10.950351807928717,-3.0229773634463983,0.008082451722578293,0.36352333470848214,0.028971294934745897
xerC_2,-33.102665637142856,10.950351807928717,-3.0229773634463983,0.008082451722578293,0.36352333470848214,0.028971294934745897
group_759,-33.102665637142856,10.950351807928717,-3.0229773634463983,0.008082451722578293,0.36352333470848214,0.028971294934745897
group_740,-33.102665637142856,10.950351807928717,-3.0229773634463983,0.008082451722578293,0.36352333470848214,0.028971294934745897
pikAII_1,-33.102665637142856,10.950351807928717,-3.0229773634463983,0.008082451722578293,0.36352333470848214,0.028971294934745897
group_730,-33.102665637142856,10.950351807928717,-3.0229773634463983,0.008082451722578293,0.36352333470848214,0.028971294934745897
cydB_2,-33.102665637142856,10.950351807928717,-3.0229773634463983,0.008082451722578293,0.36352333470848214,0.028971294934745897
ompA_2,-33.102665637142856,10.950351807928717,-3.0229773634463983,0.008082451722578293,0.36352333470848214,0.028971294934745897
xerC_6,-33.102665637142856,10.950351807928717,-3.0229773634463983,0.008082451722578293,0.36352333470848214,0.028971294934745897
group_710,-33.102665637142856,10.950351807928717,-3.0229773634463983,0.008082451722578293,0.36352333470848214,0.028971294934745897
group_671,-33.102665637142856,10.950351807928717,-3.0229773634463983,0.008082451722578293,0.36352333470848214,0.028971294934745897
group_670,-33.102665637142856,10.950351807928717,-3.0229773634463983,0.008082451722578293,0.36352333470848214,0.028971294934745897
group_662,-33.102665637142856,10.950351807928717,-3.0229773634463983,0.008082451722578293,0.36352333470848214,0.028971294934745897
group_641,-33.102665637142856,10.950351807928717,-3.0229773634463983,0.008082451722578293,0.36352333470848214,0.028971294934745897
group_636,-33.102665637142856,10.950351807928717,-3.0229773634463983,0.008082451722578293,0.36352333470848214,0.028971294934745897
group_622,-33.102665637142856,10.950351807928717,-3.0229773634463983,0.008082451722578293,0.36352333470848214,0.028971294934745897
group_612,-33.102665637142856,10.950351807928717,-3.0229773634463983,0.008082451722578293,0.36352333470848214,0.028971294934745897
ydiO,-33.102665637142856,10.950351807928717,-3.0229773634463983,0.008082451722578293,0.36352333470848214,0.028971294934745897
nemA_4,-33.102665637142856,10.950351807928717,-3.0229773634463983,0.008082451722578293,0.36352333470848214,0.028971294934745897
group_594,-33.102665637142856,10.950351807928717,-3.0229773634463983,0.008082451722578293,0.36352333470848214,0.028971294934745897
group_593,-33.102665637142856,10.950351807928717,-3.0229773634463983,0.008082451722578293,0.36352333470848214,0.028971294934745897
group_582,-33.102665637142856,10.950351807928717,-3.0229773634463983,0.008082451722578293,0.36352333470848214,0.028971294934745897
group_581,-33.102665637142856,10.950351807928717,-3.0229773634463983,0.008082451722578293,0.36352333470848214,0.028971294934745897
group_573,-33.102665637142856,10.950351807928717,-3.0229773634463983,0.008082451722578293,0.36352333470848214,0.028971294934745897
group_572,-33.102665637142856,10.950351807928717,-3.0229773634463983,0.008082451722578293,0.36352333470848214,0.028971294934745897
group_567,-33.102665637142856,10.950351807928717,-3.0229773634463983,0.008082451722578293,0.36352333470848214,0.028971294934745897
group_564,-33.102665637142856,10.950351807928717,-3.0229773634463983,0.008082451722578293,0.36352333470848214,0.028971294934745897
group_560,-33.102665637142856,10.950351807928717,-3.0229773634463983,0.008082451722578293,0.36352333470848214,0.028971294934745897
group_553,-33.102665637142856,10.950351807928717,-3.0229773634463983,0.008082451722578293,0.36352333470848214,0.028971294934745897
group_546,-33.102665637142856,10.950351807928717,-3.0229773634463983,0.008082451722578293,0.36352333470848214,0.028971294934745897
group_543,-33.102665637142856,10.950351807928717,-3.0229773634463983,0.008082451722578293,0.36352333470848214,0.028971294934745897
group_536,-33.102665637142856,10.950351807928717,-3.0229773634463983,0.008082451722578293,0.36352333470848214,0.028971294934745897
group_535,-33.102665637142856,10.950351807928717,-3.0229773634463983,0.008082451722578293,0.36352333470848214,0.028971294934745897
group_511,-33.102665637142856,10.950351807928717,-3.0229773634463983,0.008082451722578293,0.36352333470848214,0.028971294934745897
kaiC_4,-33.102665637142856,10.950351807928717,-3.0229773634463983,0.008082451722578293,0.36352333470848214,0.028971294934745897
group_501,-33.102665637142856,10.950351807928717,-3.0229773634463983,0.008082451722578293,0.36352333470848214,0.028971294934745897
group_481,-33.102665637142856,10.950351807928717,-3.0229773634463983,0.008082451722578293,0.36352333470848214,0.028971294934745897
group_480,-33.102665637142856,10.950351807928717,-3.0229773634463983,0.008082451722578293,0.36352333470848214,0.028971294934745897
group_467,-33.102665637142856,10.950351807928717,-3.0229773634463983,0.008082451722578293,0.36352333470848214,0.028971294934745897
intS,-33.102665637142856,10.950351807928717,-3.0229773634463983,0.008082451722578293,0.36352333470848214,0.028971294934745897
group_457,-33.102665637142856,10.950351807928717,-3.0229773634463983,0.008082451722578293,0.36352333470848214,0.028971294934745897
yjhB,-33.102665637142856,10.950351807928717,-3.0229773634463983,0.008082451722578293,0.36352333470848214,0.028971294934745897
group_438,-33.102665637142856,10.950351807928717,-3.0229773634463983,0.008082451722578293,0.36352333470848214,0.028971294934745897
group_428,-33.102665637142856,10.950351807928717,-3.0229773634463983,0.008082451722578293,0.36352333470848214,0.028971294934745897
yhdG_2,-33.102665637142856,10.950351807928717,-3.0229773634463983,0.008082451722578293,0.36352333470848214,0.028971294934745897
group_392,-33.102665637142856,10.950351807928717,-3.0229773634463983,0.008082451722578293,0.36352333470848214,0.028971294934745897
group_381,-33.102665637142856,10.950351807928717,-3.0229773634463983,0.008082451722578293,0.36352333470848214,0.028971294934745897
appC,-33.102665637142856,10.950351807928717,-3.0229773634463983,0.008082451722578293,0.36352333470848214,0.028971294934745897
sasA_2,-33.102665637142856,10.950351807928717,-3.0229773634463983,0.008082451722578293,0.36352333470848214,0.028971294934745897
group_348,-33.102665637142856,10.950351807928717,-3.0229773634463983,0.008082451722578293,0.36352333470848214,0.028971294934745897
group_347,-33.102665637142856,10.950351807928717,-3.0229773634463983,0.008082451722578293,0.36352333470848214,0.028971294934745897
group_344,-33.102665637142856,10.950351807928717,-3.0229773634463983,0.008082451722578293,0.36352333470848214,0.028971294934745897
group_335,-33.102665637142856,10.950351807928717,-3.0229773634463983,0.008082451722578293,0.36352333470848214,0.028971294934745897
group_329,-33.102665637142856,10.950351807928717,-3.0229773634463983,0.008082451722578293,0.36352333470848214,0.028971294934745897
group_320,-33.102665637142856,10.950351807928717,-3.0229773634463983,0.008082451722578293,0.36352333470848214,0.028971294934745897
group_312,-33.102665637142856,10.950351807928717,-3.0229773634463983,0.008082451722578293,0.36352333470848214,0.028971294934745897
group_304,-33.102665637142856,10.950351807928717,-3.0229773634463983,0.008082451722578293,0.36352333470848214,0.028971294934745897
group_281,-33.102665637142856,10.950351807928717,-3.0229773634463983,0.008082451722578293,0.36352333470848214,0.028971294934745897
group_279,-33.102665637142856,10.950351807928717,-3.0229773634463983,0.008082451722578293,0.36352333470848214,0.028971294934745897
group_243,-33.102665637142856,10.950351807928717,-3.0229773634463983,0.008082451722578293,0.36352333470848214,0.028971294934745897
group_235,-33.102665637142856,10.950351807928717,-3.0229773634463983,0.008082451722578293,0.36352333470848214,0.028971294934745897
group_219,-33.102665637142856,10.950351807928717,-3.0229773634463983,0.008082451722578293,0.36352333470848214,0.028971294934745897
group_200,-33.102665637142856,10.950351807928717,-3.0229773634463983,0.008082451722578293,0.36352333470848214,0.028971294934745897
group_196,-33.102665637142856,10.950351807928717,-3.0229773634463983,0.008082451722578293,0.36352333470848214,0.028971294934745897
rtpR,-33.102665637142856,10.950351807928717,-3.0229773634463983,0.008082451722578293,0.36352333470848214,0.028971294934745897
group_167,-33.102665637142856,10.950351807928717,-3.0229773634463983,0.008082451722578293,0.36352333470848214,0.028971294934745897
group_154,-33.102665637142856,10.950351807928717,-3.0229773634463983,0.008082451722578293,0.36352333470848214,0.028971294934745897
group_151,-33.102665637142856,10.950351807928717,-3.0229773634463983,0.008082451722578293,0.36352333470848214,0.028971294934745897
group_148,-33.102665637142856,10.950351807928717,-3.0229773634463983,0.008082451722578293,0.36352333470848214,0.028971294934745897
group_147,-33.102665637142856,10.950351807928717,-3.0229773634463983,0.008082451722578293,0.36352333470848214,0.028971294934745897
group_133,-33.102665637142856,10.950351807928717,-3.0229773634463983,0.008082451722578293,0.36352333470848214,0.028971294934745897
group_126,-33.102665637142856,10.950351807928717,-3.0229773634463983,0.008082451722578293,0.36352333470848214,0.028971294934745897
apxIB_2,-33.102665637142856,10.950351807928717,-3.0229773634463983,0.008082451722578293,0.36352333470848214,0.028971294934745897
ydeP_1,-33.102665637142856,10.950351807928717,-3.0229773634463983,0.008082451722578293,0.36352333470848214,0.028971294934745897
group_75,-33.102665637142856,10.950351807928717,-3.0229773634463983,0.008082451722578293,0.36352333470848214,0.028971294934745897
group_64,-33.102665637142856,10.950351807928717,-3.0229773634463983,0.008082451722578293,0.36352333470848214,0.028971294934745897
group_63,-33.102665637142856,10.950351807928717,-3.0229773634463983,0.008082451722578293,0.36352333470848214,0.028971294934745897
group_62,-33.102665637142856,10.950351807928717,-3.0229773634463983,0.008082451722578293,0.36352333470848214,0.028971294934745897
group_61,-33.102665637142856,10.950351807928717,-3.0229773634463983,0.008082451722578293,0.36352333470848214,0.028971294934745897
mdtC_1,-33.102665637142856,10.950351807928717,-3.0229773634463983,0.008082451722578293,0.36352333470848214,0.028971294934745897
group_35,-33.102665637142856,10.950351807928717,-3.0229773634463983,0.008082451722578293,0.36352333470848214,0.028971294934745897
bvgS_3,-33.102665637142856,10.950351807928717,-3.0229773634463983,0.008082451722578293,0.36352333470848214,0.028971294934745897
group_10,-33.102665637142856,10.950351807928717,-3.0229773634463983,0.008082451722578293,0.36352333470848214,0.028971294934745897
group_2,-33.102665637142856,10.950351807928717,-3.0229773634463983,0.008082451722578293,0.36352333470848214,0.028971294934745897
group_3937,-26.7470312912987,9.607453744072048,-2.7839875167551074,0.013272379586543448,0.32633242533132,0.0444270110587733
bin3,-26.7470312912987,9.607453744072048,-2.7839875167551074,0.013272379586543448,0.32633242533132,0.0444270110587733
group_3936,-26.7470312912987,9.607453744072048,-2.7839875167551074,0.013272379586543448,0.32633242533132,0.0444270110587733
group_3935,-26.7470312912987,9.607453744072048,-2.7839875167551074,0.013272379586543448,0.32633242533132,0.0444270110587733
group_3934,-26.7470312912987,9.607453744072048,-2.7839875167551074,0.013272379586543448,0.32633242533132,0.0444270110587733
group_3933,-26.7470312912987,9.607453744072048,-2.7839875167551074,0.013272379586543448,0.32633242533132,0.0444270110587733
group_3931,-26.7470312912987,9.607453744072048,-2.7839875167551074,0.013272379586543448,0.32633242533132,0.0444270110587733
group_3930,-26.7470312912987,9.607453744072048,-2.7839875167551074,0.013272379586543448,0.32633242533132,0.0444270110587733
group_3929,-26.7470312912987,9.607453744072048,-2.7839875167551074,0.013272379586543448,0.32633242533132,0.0444270110587733
group_3928,-26.7470312912987,9.607453744072048,-2.7839875167551074,0.013272379586543448,0.32633242533132,0.0444270110587733
recD_2,-26.7470312912987,9.607453744072048,-2.7839875167551074,0.013272379586543448,0.32633242533132,0.0444270110587733
group_3926,-26.7470312912987,9.607453744072048,-2.7839875167551074,0.013272379586543448,0.32633242533132,0.0444270110587733
group_3925,-26.7470312912987,9.607453744072048,-2.7839875167551074,0.013272379586543448,0.32633242533132,0.0444270110587733
group_3924,-26.7470312912987,9.607453744072048,-2.7839875167551074,0.013272379586543448,0.32633242533132,0.0444270110587733
group_3922,-26.7470312912987,9.607453744072048,-2.7839875167551074,0.013272379586543448,0.32633242533132,0.0444270110587733
group_3921,-26.7470312912987,9.607453744072048,-2.7839875167551074,0.013272379586543448,0.32633242533132,0.0444270110587733
group_3920,-26.7470312912987,9.607453744072048,-2.7839875167551074,0.013272379586543448,0.32633242533132,0.0444270110587733
group_3919,-26.7470312912987,9.607453744072048,-2.7839875167551074,0.013272379586543448,0.32633242533132,0.0444270110587733
group_3918,-26.7470312912987,9.607453744072048,-2.7839875167551074,0.013272379586543448,0.32633242533132,0.0444270110587733
group_3916,-26.7470312912987,9.607453744072048,-2.7839875167551074,0.013272379586543448,0.32633242533132,0.0444270110587733
group_3915,-26.7470312912987,9.607453744072048,-2.7839875167551074,0.013272379586543448,0.32633242533132,0.0444270110587733
group_3913,-26.7470312912987,9.607453744072048,-2.7839875167551074,0.013272379586543448,0.32633242533132,0.0444270110587733
soj_3,-26.7470312912987,9.607453744072048,-2.7839875167551074,0.013272379586543448,0.32633242533132,0.0444270110587733
group_3912,-26.7470312912987,9.607453744072048,-2.7839875167551074,0.013272379586543448,0.32633242533132,0.0444270110587733
umuC,-26.7470312912987,9.607453744072048,-2.7839875167551074,0.013272379586543448,0.32633242533132,0.0444270110587733
group_3910,-26.7470312912987,9.607453744072048,-2.7839875167551074,0.013272379586543448,0.32633242533132,0.0444270110587733
group_3909,-26.7470312912987,9.607453744072048,-2.7839875167551074,0.013272379586543448,0.32633242533132,0.0444270110587733
group_3908,-26.7470312912987,9.607453744072048,-2.7839875167551074,0.013272379586543448,0.32633242533132,0.0444270110587733
group_3906,-26.7470312912987,9.607453744072048,-2.7839875167551074,0.013272379586543448,0.32633242533132,0.0444270110587733
group_3905,-26.7470312912987,9.607453744072048,-2.7839875167551074,0.013272379586543448,0.32633242533132,0.0444270110587733
group_3904,-26.7470312912987,9.607453744072048,-2.7839875167551074,0.013272379586543448,0.32633242533132,0.0444270110587733
group_3903,-26.7470312912987,9.607453744072048,-2.7839875167551074,0.013272379586543448,0.32633242533132,0.0444270110587733
virB9,-26.7470312912987,9.607453744072048,-2.7839875167551074,0.013272379586543448,0.32633242533132,0.0444270110587733
noc~~~noc_3,-26.7470312912987,9.607453744072048,-2.7839875167551074,0.013272379586543448,0.32633242533132,0.0444270110587733
virB4,-26.7470312912987,9.607453744072048,-2.7839875167551074,0.013272379586543448,0.32633242533132,0.0444270110587733
group_3901,-26.7470312912987,9.607453744072048,-2.7839875167551074,0.013272379586543448,0.32633242533132,0.0444270110587733
group_3900,-26.7470312912987,9.607453744072048,-2.7839875167551074,0.013272379586543448,0.32633242533132,0.0444270110587733
umuD_2,-26.7470312912987,9.607453744072048,-2.7839875167551074,0.013272379586543448,0.32633242533132,0.0444270110587733
group_3897,-26.7470312912987,9.607453744072048,-2.7839875167551074,0.013272379586543448,0.32633242533132,0.0444270110587733
group_3896,-26.7470312912987,9.607453744072048,-2.7839875167551074,0.013272379586543448,0.32633242533132,0.0444270110587733
group_3895,-26.7470312912987,9.607453744072048,-2.7839875167551074,0.013272379586543448,0.32633242533132,0.0444270110587733
group_3894,-26.7470312912987,9.607453744072048,-2.7839875167551074,0.013272379586543448,0.32633242533132,0.0444270110587733
group_3893,-26.7470312912987,9.607453744072048,-2.7839875167551074,0.013272379586543448,0.32633242533132,0.0444270110587733
group_3891,-26.7470312912987,9.607453744072048,-2.7839875167551074,0.013272379586543448,0.32633242533132,0.0444270110587733
group_3890,-26.7470312912987,9.607453744072048,-2.7839875167551074,0.013272379586543448,0.32633242533132,0.0444270110587733
group_3889,-26.7470312912987,9.607453744072048,-2.7839875167551074,0.013272379586543448,0.32633242533132,0.0444270110587733
ssb_2,-26.7470312912987,9.607453744072048,-2.7839875167551074,0.013272379586543448,0.32633242533132,0.0444270110587733
group_3434,-26.7470312912987,9.607453744072048,-2.7839875167551074,0.013272379586543448,0.32633242533132,0.0444270110587733
group_3433,-26.7470312912987,9.607453744072048,-2.7839875167551074,0.013272379586543448,0.32633242533132,0.0444270110587733
group_2966,-26.7470312912987,9.607453744072048,-2.7839875167551074,0.013272379586543448,0.32633242533132,0.0444270110587733
group_2774,-26.7470312912987,9.607453744072048,-2.7839875167551074,0.013272379586543448,0.32633242533132,0.0444270110587733
group_1936,-26.7470312912987,9.607453744072048,-2.7839875167551074,0.013272379586543448,0.32633242533132,0.0444270110587733
group_4341,-34.51638087133334,12.648641845968179,-2.728860639083999,0.01486578080560956,0.317600626803384,0.049697419694483796
